timestamp_ns,open,high,low,close,volume
1789530300000000000,1010.4000244140625,1019.0999755859375,1008.5999755859375,1018.2999877929688,0
1789530360000000000,1018.4000244140625,1019.0,1015.7000122070312,1018.0,50136
1789530420000000000,1018.0,1018.0,1017.0,1017.0,12166
1789530480000000000,1016.9000244140625,1016.9000244140625,1015.4000244140625,1015.4000244140625,14291
1789530540000000000,1015.0,1015.5,1014.5,1015.5,14936
1789530600000000000,1015.7000122070312,1015.7000122070312,1014.0,1014.0,11057
1789530660000000000,1013.9000244140625,1014.0,1013.7999877929688,1013.7999877929688,6037
1789530720000000000,1013.7000122070312,1014.7999877929688,1013.7000122070312,1014.7000122070312,10769
1789530780000000000,1014.0,1014.5999755859375,1013.7999877929688,1013.7999877929688,4825
1789530840000000000,1013.7000122070312,1014.0,1012.7000122070312,1013.4000244140625,9430
1789530900000000000,1013.7999877929688,1014.4000244140625,1013.5999755859375,1014.4000244140625,7302
1789530960000000000,1014.5,1014.5999755859375,1013.7000122070312,1014.0999755859375,6203
1789531020000000000,1014.4000244140625,1014.7000122070312,1013.2999877929688,1014.4000244140625,6543
1789531080000000000,1014.5999755859375,1015.2000122070312,1013.2000122070312,1013.2000122070312,6196
1789531140000000000,1013.4000244140625,1014.0,1013.0,1013.5,8631
1789531200000000000,1013.4000244140625,1013.5,1011.5999755859375,1011.5999755859375,6451
1789531260000000000,1012.5999755859375,1014.2999877929688,1012.5999755859375,1013.2999877929688,6275
1789531320000000000,1013.7999877929688,1014.2000122070312,1013.2000122070312,1013.5999755859375,5117
1789531380000000000,1013.5999755859375,1014.2999877929688,1013.5999755859375,1014.2999877929688,4773
1789531440000000000,1014.4000244140625,1015.7999877929688,1014.4000244140625,1015.7999877929688,5974
1789531500000000000,1015.0,1015.0,1013.4000244140625,1014.0,6944
1789531560000000000,1013.7999877929688,1014.2000122070312,1013.4000244140625,1013.4000244140625,1507
1789531620000000000,1013.9000244140625,1013.9000244140625,1012.0,1012.0,3651
1789531680000000000,1012.0,1012.2000122070312,1011.5999755859375,1011.5999755859375,2370
1789531740000000000,1011.5999755859375,1012.4000244140625,1011.5999755859375,1011.9000244140625,4606
1789531800000000000,1011.7000122070312,1012.7999877929688,1011.7000122070312,1012.5999755859375,3329
1789531860000000000,1012.7000122070312,1012.7000122070312,1011.4000244140625,1011.5,4912
1789531920000000000,1011.2999877929688,1011.2999877929688,1010.5,1010.9000244140625,5758
1789531980000000000,1010.7000122070312,1011.2999877929688,1010.7000122070312,1010.9000244140625,5686
1789532040000000000,1011.2999877929688,1011.5,1010.4000244140625,1010.4000244140625,7696
1789532100000000000,1010.2000122070312,1010.2000122070312,1009.5999755859375,1010.0999755859375,8932
1789532160000000000,1010.0999755859375,1010.9000244140625,1009.7999877929688,1010.5,9420
1789532220000000000,1010.2999877929688,1010.2999877929688,1008.2999877929688,1008.2999877929688,5443
1789532280000000000,1008.5999755859375,1009.7000122070312,1008.5,1009.7000122070312,7319
1789532340000000000,1009.5,1010.4000244140625,1009.5,1010.2000122070312,4048
1789532400000000000,1010.2999877929688,1012.0,1010.2999877929688,1011.7999877929688,3995
1789532460000000000,1012.0,1012.2000122070312,1011.5,1012.2000122070312,14824
1789532520000000000,1012.7000122070312,1013.9000244140625,1012.0999755859375,1013.7999877929688,5109
1789532580000000000,1013.4000244140625,1013.9000244140625,1012.9000244140625,1013.9000244140625,2333
1789532640000000000,1014.2000122070312,1015.0,1013.7999877929688,1015.0,3126
1789532700000000000,1015.0999755859375,1016.0999755859375,1015.0999755859375,1015.7999877929688,12378
1789532760000000000,1016.0,1016.4000244140625,1015.2999877929688,1015.7999877929688,9829
1789532820000000000,1015.7999877929688,1015.7999877929688,1015.0,1015.0,7252
1789532880000000000,1014.4000244140625,1014.7000122070312,1013.7999877929688,1013.9000244140625,7438
1789532940000000000,1013.5999755859375,1014.5999755859375,1013.5999755859375,1014.5999755859375,10948
1789533000000000000,1014.5999755859375,1014.5999755859375,1013.0999755859375,1013.5,6135
1789533060000000000,1013.5,1013.7000122070312,1012.0999755859375,1012.0999755859375,5068
1789533120000000000,1012.5,1012.7000122070312,1012.2000122070312,1012.2999877929688,2991
1789533180000000000,1012.5,1013.0,1012.0,1012.4000244140625,2209
1789533240000000000,1012.2999877929688,1012.5,1011.0999755859375,1011.0999755859375,3286
1789533300000000000,1011.2000122070312,1011.2000122070312,1010.7999877929688,1010.9000244140625,3465
1789533360000000000,1010.2999877929688,1010.2999877929688,1009.5999755859375,1009.5999755859375,2163
1789533420000000000,1009.7999877929688,1010.2999877929688,1009.7999877929688,1010.0999755859375,3232
1789533480000000000,1010.4000244140625,1011.0,1010.4000244140625,1010.7999877929688,1210
1789533540000000000,1010.0,1010.2000122070312,1009.7999877929688,1010.0999755859375,3722
1789533600000000000,1010.2999877929688,1010.5999755859375,1010.2999877929688,1010.5,1956
1789533660000000000,1010.0,1010.7999877929688,1010.0,1010.5999755859375,1739
1789533720000000000,1010.5999755859375,1012.0,1010.5999755859375,1011.9000244140625,2990
1789533780000000000,1011.0999755859375,1011.0999755859375,1010.4000244140625,1010.7000122070312,4602
1789533840000000000,1010.0,1011.0,1010.0,1010.7999877929688,1431
1789533900000000000,1010.5999755859375,1010.5999755859375,1010.2999877929688,1010.5999755859375,2617
1789533960000000000,1010.5,1011.2999877929688,1010.5,1011.2000122070312,4293
1789534020000000000,1011.2999877929688,1012.0,1011.2999877929688,1012.0,3128
1789534080000000000,1012.2999877929688,1012.5,1011.9000244140625,1012.2000122070312,2659
1789534140000000000,1012.2999877929688,1012.2999877929688,1010.7000122070312,1010.9000244140625,2679
1789534200000000000,1010.7000122070312,1011.5,1010.7000122070312,1011.2999877929688,6052
1789534260000000000,1010.9000244140625,1010.9000244140625,1010.0999755859375,1010.5,5097
1789534320000000000,1010.2000122070312,1011.0,1010.2000122070312,1011.0,1237
1789534380000000000,1011.0999755859375,1011.9000244140625,1011.0,1011.5999755859375,2503
1789534440000000000,1012.0,1012.0,1011.2000122070312,1012.0,7329
1789534500000000000,1012.4000244140625,1012.4000244140625,1011.5999755859375,1012.0,5803
1789534560000000000,1011.7999877929688,1012.7000122070312,1011.2999877929688,1011.5999755859375,11839
1789534620000000000,1011.9000244140625,1011.9000244140625,1011.7000122070312,1011.7999877929688,2285
1789534680000000000,1012.0,1012.5,1011.7999877929688,1012.2999877929688,3898
1789534740000000000,1012.5,1012.7000122070312,1012.2999877929688,1012.2999877929688,1765
1789534800000000000,1012.5,1013.2999877929688,1012.4000244140625,1012.9000244140625,3077
1789534860000000000,1012.7999877929688,1012.9000244140625,1012.5,1012.5999755859375,1359
1789534920000000000,1012.5,1013.0999755859375,1012.5,1013.0999755859375,1044
1789534980000000000,1013.2000122070312,1013.2999877929688,1012.5,1012.7999877929688,1307
1789535040000000000,1012.7999877929688,1013.5,1012.7999877929688,1013.5,3684
1789535100000000000,1013.5,1013.9000244140625,1013.5,1013.7000122070312,3293
1789535160000000000,1013.7999877929688,1014.5999755859375,1013.5999755859375,1014.5999755859375,5910
1789535220000000000,1014.0,1014.0,1012.4000244140625,1012.4000244140625,3429
1789535280000000000,1012.4000244140625,1013.0999755859375,1012.4000244140625,1013.0,1450
1789535340000000000,1012.7999877929688,1014.5,1012.7999877929688,1013.9000244140625,54555
1789535400000000000,1014.2000122070312,1014.2000122070312,1013.2999877929688,1014.0999755859375,15391
1789535460000000000,1014.2999877929688,1014.9000244140625,1014.2999877929688,1014.5,5337
1789535520000000000,1014.4000244140625,1014.4000244140625,1014.4000244140625,1014.4000244140625,2263
1789535580000000000,1014.2999877929688,1014.4000244140625,1014.0999755859375,1014.4000244140625,2344
1789535640000000000,1014.2999877929688,1014.4000244140625,1014.2000122070312,1014.2999877929688,2140
1789535700000000000,1014.2999877929688,1015.0,1014.2000122070312,1014.2000122070312,5455
1789535760000000000,1014.5,1014.7999877929688,1014.4000244140625,1014.7000122070312,2129
1789535820000000000,1014.5,1015.7000122070312,1014.5,1015.7000122070312,2645
1789535880000000000,1015.5,1017.7000122070312,1015.5,1017.7000122070312,11163
1789535940000000000,1017.5,1018.5,1017.5,1018.0,7594
1789536000000000000,1018.0999755859375,1018.0999755859375,1016.4000244140625,1016.4000244140625,3171
1789536060000000000,1016.0,1016.7000122070312,1016.0,1016.2999877929688,1860
1789536120000000000,1016.5,1016.7000122070312,1016.2000122070312,1016.2000122070312,3422
1789536180000000000,1016.0,1016.4000244140625,1016.0,1016.0999755859375,6196
1789536240000000000,1015.7000122070312,1016.7999877929688,1015.5999755859375,1016.7999877929688,4866
1789536300000000000,1016.7999877929688,1016.7999877929688,1015.5,1015.5,1968
1789536360000000000,1015.0999755859375,1015.7000122070312,1015.0999755859375,1015.5999755859375,1523
1789536420000000000,1016.2000122070312,1016.2000122070312,1015.5,1015.5,4184
1789536480000000000,1015.7999877929688,1015.7999877929688,1014.9000244140625,1015.0999755859375,6339
1789536540000000000,1015.5,1015.5,1015.0,1015.5,2346
1789536600000000000,1016.0,1016.0,1015.5999755859375,1015.7999877929688,4261
1789536660000000000,1015.9000244140625,1016.0,1015.5,1015.5,4573
1789536720000000000,1015.7000122070312,1016.7000122070312,1015.5,1016.7000122070312,7133
1789536780000000000,1016.5,1016.7999877929688,1016.5,1016.7000122070312,2040
1789536840000000000,1016.5999755859375,1016.7999877929688,1016.5999755859375,1016.7999877929688,4873
1789536900000000000,1016.5999755859375,1016.5999755859375,1015.0,1015.2000122070312,6136
1789536960000000000,1015.0,1017.0999755859375,1015.0,1017.0999755859375,19888
1789537020000000000,1017.2000122070312,1017.2999877929688,1015.2000122070312,1015.2000122070312,13691
1789537080000000000,1015.5999755859375,1015.9000244140625,1015.4000244140625,1015.7999877929688,4987
1789537140000000000,1015.7000122070312,1015.7999877929688,1015.2000122070312,1015.5999755859375,5043
1789537200000000000,1015.5,1015.7999877929688,1015.2000122070312,1015.5,3744
1789537260000000000,1015.5,1016.4000244140625,1015.5,1016.0999755859375,5885
1789537320000000000,1015.7000122070312,1016.4000244140625,1015.7000122070312,1016.4000244140625,7120
1789537380000000000,1016.5,1016.5,1015.7999877929688,1015.9000244140625,4388
1789537440000000000,1015.9000244140625,1015.9000244140625,1015.4000244140625,1015.4000244140625,3382
1789537500000000000,1015.5999755859375,1015.9000244140625,1015.5999755859375,1015.7999877929688,2369
1789537560000000000,1015.7999877929688,1016.7000122070312,1015.7999877929688,1016.2999877929688,5223
1789537620000000000,1016.2999877929688,1016.2999877929688,1015.2999877929688,1015.7000122070312,6278
1789537680000000000,1015.4000244140625,1015.9000244140625,1015.2000122070312,1015.2000122070312,4027
1789537740000000000,1015.2999877929688,1015.4000244140625,1014.7999877929688,1014.7999877929688,4891
1789537800000000000,1015.0,1015.2999877929688,1014.2999877929688,1014.5999755859375,2520
1789537860000000000,1014.4000244140625,1014.5,1013.2999877929688,1013.4000244140625,8867
1789537920000000000,1013.5999755859375,1013.7000122070312,1013.4000244140625,1013.7000122070312,5892
1789537980000000000,1013.7000122070312,1016.2000122070312,1013.7000122070312,1015.9000244140625,9720
1789538040000000000,1015.9000244140625,1015.9000244140625,1015.2999877929688,1015.2999877929688,3810
1789538100000000000,1015.2999877929688,1015.4000244140625,1014.9000244140625,1014.9000244140625,3790
1789538160000000000,1014.5999755859375,1014.5999755859375,1014.2999877929688,1014.5,1742
1789538220000000000,1014.5,1014.7999877929688,1014.0999755859375,1014.5999755859375,4337
1789538280000000000,1014.7000122070312,1015.0999755859375,1014.4000244140625,1014.4000244140625,6247
1789538340000000000,1014.7000122070312,1014.7000122070312,1014.2999877929688,1014.2999877929688,2627
1789538400000000000,1014.5,1015.5999755859375,1014.5,1015.5999755859375,4946
1789538460000000000,1015.4000244140625,1016.0,1015.2999877929688,1015.2999877929688,4427
1789538520000000000,1015.4000244140625,1015.9000244140625,1015.2000122070312,1015.7000122070312,5554
1789538580000000000,1015.5999755859375,1016.0,1015.5,1015.5,3750
1789538640000000000,1015.5,1015.5999755859375,1015.0999755859375,1015.5,3468
1789538700000000000,1015.4000244140625,1015.5999755859375,1015.0,1015.2999877929688,2767
1789538760000000000,1015.2999877929688,1015.2999877929688,1015.0,1015.0,3517
1789538820000000000,1015.0999755859375,1015.5,1015.0,1015.5,3211
1789538880000000000,1015.9000244140625,1016.7000122070312,1015.9000244140625,1016.0,8531
1789538940000000000,1016.0,1016.0,1015.5,1015.5999755859375,1333
1789539000000000000,1015.5,1015.7999877929688,1014.2000122070312,1014.2000122070312,22480
1789539060000000000,1014.2000122070312,1014.2000122070312,1013.7000122070312,1013.7999877929688,6778
1789539120000000000,1013.7000122070312,1014.0,1013.4000244140625,1013.4000244140625,3206
1789539180000000000,1013.4000244140625,1014.0,1013.4000244140625,1013.7000122070312,2398
1789539240000000000,1013.7000122070312,1013.9000244140625,1013.2999877929688,1013.5999755859375,3143
1789539300000000000,1013.7999877929688,1013.7999877929688,1013.2000122070312,1013.4000244140625,3989
1789539360000000000,1013.4000244140625,1013.5,1013.2999877929688,1013.4000244140625,1210
1789539420000000000,1013.4000244140625,1013.5,1013.0,1013.0,4814
1789539480000000000,1013.2000122070312,1013.2000122070312,1013.0,1013.0999755859375,1555
1789539540000000000,1013.0,1013.2999877929688,1012.7999877929688,1013.0,4263
1789539600000000000,1013.0,1014.0,1012.7999877929688,1013.7000122070312,7879
1789539660000000000,1013.9000244140625,1014.0,1013.7000122070312,1013.7000122070312,3472
1789539720000000000,1013.7000122070312,1013.7000122070312,1013.2000122070312,1013.5,1876
1789539780000000000,1013.4000244140625,1013.5,1012.5999755859375,1012.5999755859375,3566
1789539840000000000,1012.7000122070312,1013.0,1012.7000122070312,1013.0,1996
1789539900000000000,1013.0,1013.0,1012.5999755859375,1012.5999755859375,1980
1789539960000000000,1012.9000244140625,1012.9000244140625,1011.0999755859375,1011.2999877929688,4347
1789540020000000000,1011.5999755859375,1011.7000122070312,1011.5,1011.5999755859375,2418
1789540080000000000,1011.7000122070312,1011.7999877929688,1010.7000122070312,1010.7000122070312,4904
1789540140000000000,1011.0999755859375,1011.0999755859375,1009.2000122070312,1009.2000122070312,12127
1789540200000000000,1008.9000244140625,1009.9000244140625,1008.7999877929688,1009.7999877929688,6035
1789540260000000000,1009.7999877929688,1010.0,1009.7999877929688,1009.9000244140625,2541
1789540320000000000,1009.9000244140625,1009.9000244140625,1009.2999877929688,1009.5999755859375,2211
1789540380000000000,1009.5999755859375,1009.7999877929688,1009.4000244140625,1009.7999877929688,2626
1789540440000000000,1009.7999877929688,1009.9000244140625,1009.5999755859375,1009.7000122070312,2700
1789540500000000000,1009.7999877929688,1009.7999877929688,1009.7000122070312,1009.7999877929688,1820
1789540560000000000,1009.7999877929688,1009.7999877929688,1009.7000122070312,1009.7999877929688,1570
1789540620000000000,1009.7999877929688,1010.7000122070312,1009.7999877929688,1010.7000122070312,3301
1789540680000000000,1010.7000122070312,1012.0,1010.7000122070312,1011.2999877929688,22538
1789540740000000000,1011.4000244140625,1012.7999877929688,1011.2999877929688,1012.7999877929688,27125
1789540800000000000,1012.9000244140625,1014.4000244140625,1012.9000244140625,1014.0999755859375,8442
1789540860000000000,1014.2000122070312,1014.5,1013.5999755859375,1014.4000244140625,9042
1789540920000000000,1014.0,1014.4000244140625,1013.0999755859375,1013.0999755859375,51710
1789540980000000000,1013.4000244140625,1014.7999877929688,1013.4000244140625,1014.7999877929688,21081
1789541040000000000,1014.9000244140625,1015.2999877929688,1014.5999755859375,1014.5999755859375,8706
1789541100000000000,1014.7999877929688,1014.7999877929688,1014.2000122070312,1014.2000122070312,4488
1789541160000000000,1014.5,1015.5999755859375,1014.5,1015.0999755859375,11242
1789541220000000000,1015.2000122070312,1016.0,1014.5999755859375,1015.7000122070312,14119
1789541280000000000,1015.7000122070312,1015.9000244140625,1015.2999877929688,1015.5999755859375,18634
1789541340000000000,1015.5999755859375,1016.0,1015.5,1015.7000122070312,2564
1789541400000000000,1015.9000244140625,1016.0,1014.4000244140625,1014.9000244140625,43478
1789541460000000000,1015.0,1015.0,1013.9000244140625,1014.4000244140625,147538
1789541520000000000,1014.5,1014.7000122070312,1014.2999877929688,1014.4000244140625,6838
1789541580000000000,1014.4000244140625,1014.7000122070312,1014.2999877929688,1014.4000244140625,3318
1789541640000000000,1014.5999755859375,1014.7999877929688,1014.0999755859375,1014.2000122070312,4418
1789541700000000000,1014.7000122070312,1014.7000122070312,1013.7000122070312,1013.7000122070312,13261
1789541760000000000,1013.9000244140625,1014.0999755859375,1013.0999755859375,1013.2000122070312,20751
1789541820000000000,1013.4000244140625,1013.4000244140625,1012.5,1012.5,5794
1789541880000000000,1012.9000244140625,1013.0,1012.5999755859375,1012.9000244140625,4068
1789541940000000000,1012.9000244140625,1013.0,1012.9000244140625,1013.0,1913
1789542000000000000,1013.0,1013.0999755859375,1013.0,1013.0,4225
1789542060000000000,1013.0,1013.2000122070312,1012.7000122070312,1013.2000122070312,6527
1789542120000000000,1013.2000122070312,1013.7000122070312,1012.7000122070312,1013.0,28762
1789542180000000000,1012.7999877929688,1013.9000244140625,1012.7999877929688,1013.4000244140625,23318
1789542240000000000,1013.2000122070312,1013.7000122070312,1012.7000122070312,1013.7000122070312,17661
1789542300000000000,1013.7999877929688,1015.2999877929688,1013.7999877929688,1015.0,10537
1789542360000000000,1015.0,1015.2999877929688,1013.2000122070312,1014.4000244140625,76925
1789542420000000000,1014.4000244140625,1014.4000244140625,1013.5,1014.2000122070312,28236
1789542480000000000,1014.2999877929688,1015.0999755859375,1014.2999877929688,1015.0,18214
1789542540000000000,1015.0,1015.4000244140625,1014.4000244140625,1014.7000122070312,27302
1789542600000000000,1014.5,1014.5999755859375,1013.5999755859375,1013.7999877929688,56488
1789542660000000000,1013.7999877929688,1014.2000122070312,1012.7999877929688,1013.0999755859375,16043
1789542720000000000,1013.0999755859375,1013.5999755859375,1012.9000244140625,1013.2000122070312,8045
1789542780000000000,1013.2000122070312,1014.2000122070312,1013.2000122070312,1014.2000122070312,6814
1789542840000000000,1014.2000122070312,1014.7999877929688,1014.2000122070312,1014.5999755859375,2650
1789542900000000000,1014.9000244140625,1014.9000244140625,1014.0,1014.2999877929688,8017
1789542960000000000,1013.7999877929688,1013.7999877929688,1013.0,1013.2000122070312,8247
1789543020000000000,1013.2000122070312,1013.7000122070312,1013.2000122070312,1013.2999877929688,8913
1789543080000000000,1013.2999877929688,1013.5,1013.2999877929688,1013.4000244140625,3329
1789543140000000000,1013.5,1013.5,1013.0999755859375,1013.0999755859375,4178
1789543200000000000,1013.0999755859375,1013.2000122070312,1012.5,1013.0999755859375,2958
1789543260000000000,1013.0,1013.2000122070312,1013.0,1013.0999755859375,1687
1789543320000000000,1013.2000122070312,1013.2999877929688,1012.2999877929688,1012.7999877929688,22582
1789543380000000000,1012.5999755859375,1013.2999877929688,1012.5999755859375,1013.2000122070312,35868
1789543440000000000,1013.2000122070312,1013.4000244140625,1013.0,1013.4000244140625,5854
1789543500000000000,1013.4000244140625,1013.5999755859375,1012.5,1012.5,12342
1789543560000000000,1012.7999877929688,1013.2999877929688,1012.7999877929688,1012.7999877929688,10279
1789543620000000000,1012.9000244140625,1013.0,1012.0,1012.2999877929688,4725
1789543680000000000,1012.4000244140625,1012.5,1011.9000244140625,1012.2999877929688,3077
1789543740000000000,1012.2999877929688,1012.4000244140625,1011.7999877929688,1011.9000244140625,4090
1789543800000000000,1012.0999755859375,1012.0999755859375,1011.9000244140625,1012.0,2201
1789543860000000000,1011.9000244140625,1012.2999877929688,1011.9000244140625,1012.2000122070312,2407
1789543920000000000,1012.4000244140625,1012.5,1012.2000122070312,1012.4000244140625,3739
1789543980000000000,1012.4000244140625,1012.4000244140625,1011.5,1011.5999755859375,14556
1789544040000000000,1011.5999755859375,1012.2000122070312,1011.5999755859375,1011.7999877929688,19623
1789544100000000000,1011.9000244140625,1012.5,1011.7000122070312,1012.2000122070312,23875
1789544160000000000,1012.4000244140625,1012.5,1011.2000122070312,1011.5999755859375,6524
1789544220000000000,1011.5999755859375,1012.4000244140625,1011.5999755859375,1012.4000244140625,6731
1789544280000000000,1012.2999877929688,1012.4000244140625,1012.0,1012.0999755859375,9516
1789544340000000000,1012.5,1014.2999877929688,1012.5,1013.4000244140625,13560
1789544400000000000,1013.4000244140625,1013.5999755859375,1013.0999755859375,1013.4000244140625,2989
1789544460000000000,1013.5,1013.7999877929688,1012.5,1012.5,3267
1789544520000000000,1012.5999755859375,1012.9000244140625,1012.5,1012.5999755859375,2547
1789544580000000000,1012.7999877929688,1012.7999877929688,1012.2000122070312,1012.7000122070312,5359
1789544640000000000,1012.5999755859375,1012.7000122070312,1012.2999877929688,1012.5,4079
1789544700000000000,1012.5999755859375,1012.5999755859375,1011.2999877929688,1011.2999877929688,22177
1789544760000000000,1011.7999877929688,1012.4000244140625,1011.5,1012.4000244140625,10499
1789544820000000000,1011.9000244140625,1012.9000244140625,1011.9000244140625,1012.9000244140625,26532
1789544880000000000,1012.9000244140625,1013.2999877929688,1012.7999877929688,1012.7999877929688,7092
1789544940000000000,1013.0,1013.4000244140625,1012.7999877929688,1013.2000122070312,4667
1789545000000000000,1013.2000122070312,1013.2000122070312,1011.7000122070312,1012.2000122070312,5546
1789545060000000000,1012.2000122070312,1012.4000244140625,1012.0,1012.0,1433
1789545120000000000,1012.0999755859375,1012.2999877929688,1011.2000122070312,1011.2000122070312,9512
1789545180000000000,1011.2999877929688,1011.4000244140625,1010.2000122070312,1010.2000122070312,6138
1789545240000000000,1010.2999877929688,1010.9000244140625,1010.2000122070312,1010.7999877929688,6999
1789545300000000000,1010.7999877929688,1010.9000244140625,1010.2000122070312,1010.5,5434
1789545360000000000,1010.5,1010.5,1010.2000122070312,1010.2000122070312,3557
1789545420000000000,1010.2999877929688,1010.5999755859375,1010.0999755859375,1010.5,1190
1789545480000000000,1010.4000244140625,1010.4000244140625,1009.5,1009.5,10547
1789545540000000000,1009.4000244140625,1009.5999755859375,1009.2999877929688,1009.4000244140625,5298
1789545600000000000,1009.2000122070312,1010.0,1009.2000122070312,1010.0,7126
1789545660000000000,1010.0999755859375,1010.2999877929688,1010.0999755859375,1010.2000122070312,5276
1789545720000000000,1010.0999755859375,1010.5999755859375,1010.0,1010.2999877929688,5903
1789545780000000000,1010.0,1010.0999755859375,1009.5999755859375,1010.0999755859375,3940
1789545840000000000,1010.0999755859375,1010.2000122070312,1010.0,1010.0,2213
1789545900000000000,1010.0,1010.4000244140625,1010.0,1010.0,3487
1789545960000000000,1010.2999877929688,1010.2999877929688,1009.7000122070312,1009.7000122070312,3379
1789546020000000000,1009.7000122070312,1009.7999877929688,1009.5,1009.5999755859375,2911
1789546080000000000,1009.5999755859375,1009.7000122070312,1008.0999755859375,1008.7000122070312,32745
1789546140000000000,1008.7999877929688,1008.9000244140625,1008.5999755859375,1008.5999755859375,13114
1789546200000000000,1008.7999877929688,1009.2000122070312,1008.0,1009.2000122070312,47120
1789546260000000000,1008.4000244140625,1010.2000122070312,1008.4000244140625,1009.5,89952
1789546320000000000,1009.5,1010.0999755859375,1009.4000244140625,1009.5,8471
1789546380000000000,1009.7000122070312,1009.7999877929688,1009.2000122070312,1009.2000122070312,4440
1789546440000000000,1009.5,1009.7999877929688,1009.2000122070312,1009.7999877929688,23809
1789546500000000000,1010.0999755859375,1010.7999877929688,1010.0999755859375,1010.7999877929688,6187
1789546560000000000,1011.0,1011.0,1010.2000122070312,1010.2000122070312,7227
1789546620000000000,1010.4000244140625,1010.7000122070312,1010.0999755859375,1010.5999755859375,6573
1789546680000000000,1010.7999877929688,1010.7999877929688,1010.2999877929688,1010.5999755859375,5926
1789546740000000000,1010.4000244140625,1010.9000244140625,1009.9000244140625,1010.0999755859375,11672
1789546800000000000,1010.5,1010.5999755859375,1010.0999755859375,1010.2999877929688,3630
1789546860000000000,1010.5,1010.5,1010.0,1010.2999877929688,6902
1789546920000000000,1010.0999755859375,1010.5,1009.9000244140625,1009.9000244140625,7057
1789546980000000000,1010.0,1010.2999877929688,1009.2000122070312,1009.2000122070312,9680
1789547040000000000,1009.5,1009.9000244140625,1008.9000244140625,1008.9000244140625,55874
1789547100000000000,1009.2000122070312,1009.5,1008.7000122070312,1009.2999877929688,46221
1789547160000000000,1009.4000244140625,1010.0,1009.2000122070312,1009.2000122070312,13744
1789547220000000000,1009.5,1009.7999877929688,1009.2000122070312,1009.2999877929688,36226
1789547280000000000,1009.2999877929688,1009.5999755859375,1009.0,1009.4000244140625,62980
1789547340000000000,1009.5999755859375,1009.5999755859375,1009.2000122070312,1009.5999755859375,32544
1789547400000000000,1009.5,1010.4000244140625,1009.5,1009.7000122070312,8975
1789547460000000000,1009.7999877929688,1010.4000244140625,1009.7999877929688,1010.2999877929688,8543
1789547520000000000,1010.2999877929688,1010.4000244140625,1010.0,1010.2000122070312,6515
1789547580000000000,1010.0,1011.0,1010.0,1010.9000244140625,11051
1789547640000000000,1010.9000244140625,1011.5,1010.5999755859375,1011.0,9329
1789547700000000000,1011.0999755859375,1011.5,1010.7000122070312,1010.7999877929688,7753
1789547760000000000,1011.0,1011.4000244140625,1010.5999755859375,1010.7999877929688,8489
1789547820000000000,1011.2000122070312,1011.2000122070312,1010.7000122070312,1010.7000122070312,6895
1789547880000000000,1011.0999755859375,1011.5,1010.0999755859375,1010.4000244140625,30087
1789547940000000000,1010.4000244140625,1011.0,1010.2000122070312,1010.2000122070312,6664
1789548000000000000,1010.4000244140625,1011.0,1010.2999877929688,1011.0,7197
1789548060000000000,1010.7000122070312,1011.2999877929688,1010.5999755859375,1010.5999755859375,7049
1789548120000000000,1010.5999755859375,1011.4000244140625,1010.5999755859375,1010.9000244140625,7243
1789548180000000000,1011.2000122070312,1011.9000244140625,1011.0,1011.9000244140625,13909
1789548240000000000,1012.0,1012.5,1011.5,1011.9000244140625,7588
1789548300000000000,1012.5,1012.7000122070312,1012.2999877929688,1012.7000122070312,4995
1789548360000000000,1012.7000122070312,1013.0999755859375,1012.5999755859375,1013.0999755859375,7039
1789548420000000000,1013.0,1013.5999755859375,1012.9000244140625,1013.0999755859375,12153
1789548480000000000,1013.5,1013.5,1012.0,1012.2000122070312,7884
1789548540000000000,1012.2000122070312,1012.5999755859375,1011.2999877929688,1011.2999877929688,5859
1789548600000000000,1011.2999877929688,1011.5999755859375,1010.9000244140625,1010.9000244140625,7842
1789548660000000000,1010.7999877929688,1012.7000122070312,1010.7999877929688,1012.2000122070312,13126
1789548720000000000,1012.5,1012.9000244140625,1011.7999877929688,1011.7999877929688,7006
1789548780000000000,1012.2000122070312,1012.5,1012.0,1012.0999755859375,4087
1789548840000000000,1012.2999877929688,1012.5,1011.7000122070312,1012.0,7305
1789548900000000000,1012.2999877929688,1012.7000122070312,1012.0,1012.0999755859375,6584
1789548960000000000,1012.5,1012.5,1012.0,1012.0,8460
1789549020000000000,1012.0999755859375,1012.0999755859375,1010.7000122070312,1010.7000122070312,6148
1789549080000000000,1010.7000122070312,1011.2999877929688,1010.5,1010.7000122070312,7924
1789549140000000000,1011.2999877929688,1011.5,1010.7999877929688,1011.4000244140625,9349
1789549200000000000,1011.4000244140625,1011.5,1010.7999877929688,1010.7999877929688,7073
1789549260000000000,1010.7000122070312,1011.2999877929688,1010.2999877929688,1011.0,20113
1789549320000000000,1011.2000122070312,1011.2999877929688,1010.7000122070312,1010.7999877929688,4935
1789549380000000000,1010.7999877929688,1011.0,1010.7999877929688,1010.9000244140625,5514
1789549440000000000,1010.9000244140625,1011.4000244140625,1010.9000244140625,1011.2000122070312,13745
1789549500000000000,1011.2000122070312,1011.5,1011.0999755859375,1011.2999877929688,26674
1789549560000000000,1011.4000244140625,1011.5,1009.7999877929688,1009.7999877929688,44393
1789549620000000000,1010.0,1010.9000244140625,1010.0,1010.7000122070312,28748
1789549680000000000,1011.0,1011.2000122070312,1009.9000244140625,1009.9000244140625,10276
1789549740000000000,1010.2000122070312,1011.2999877929688,1010.0,1011.0,6100
1789549800000000000,1011.2999877929688,1011.4000244140625,1011.0999755859375,1011.4000244140625,7075
1789549860000000000,1011.4000244140625,1011.4000244140625,1010.5,1010.9000244140625,13921
1789549920000000000,1011.0,1011.2000122070312,1011.0,1011.2000122070312,8838
1789549980000000000,1011.0,1011.2000122070312,1010.5999755859375,1010.7999877929688,5583
1789550040000000000,1011.0,1011.0,1010.7000122070312,1010.9000244140625,9858
1789550100000000000,1010.7000122070312,1011.0,1010.7000122070312,1010.7000122070312,8214
1789550160000000000,1010.7000122070312,1011.2999877929688,1010.5999755859375,1011.0,15934
1789550220000000000,1011.0999755859375,1011.4000244140625,1010.9000244140625,1011.2999877929688,13789
1789550280000000000,1011.2999877929688,1011.5,1010.7999877929688,1011.0,11139
1789550340000000000,1010.9000244140625,1011.5,1010.9000244140625,1011.4000244140625,9921
1789550400000000000,1011.5,1011.5,1010.7000122070312,1011.4000244140625,16707
1789550460000000000,1011.5999755859375,1012.0,1011.0999755859375,1011.0999755859375,14605
1789550520000000000,1011.4000244140625,1011.5999755859375,1011.0999755859375,1011.2999877929688,9466
1789550580000000000,1011.5,1011.7000122070312,1011.0999755859375,1011.7000122070312,11333
1789550640000000000,1011.2000122070312,1011.7000122070312,1011.2000122070312,1011.7000122070312,9864
1789550700000000000,1011.5999755859375,1011.7000122070312,1010.5999755859375,1011.5,48978
1789550760000000000,1011.5,1012.0999755859375,1011.5,1011.9000244140625,16158
1789550820000000000,1012.0999755859375,1012.2000122070312,1011.9000244140625,1012.2000122070312,11091
1789550880000000000,1012.2999877929688,1012.5999755859375,1012.0,1012.0999755859375,37816
1789550940000000000,1012.4000244140625,1012.4000244140625,1012.0999755859375,1012.2000122070312,7428
1789551000000000000,1011.2999877929688,1011.7000122070312,1011.2000122070312,1011.7000122070312,27131
1789551060000000000,1011.9000244140625,1012.0999755859375,1011.7999877929688,1011.9000244140625,12631
1789551120000000000,1012.2000122070312,1012.9000244140625,1011.9000244140625,1012.0999755859375,44888
1789551180000000000,1012.0999755859375,1012.4000244140625,1012.0999755859375,1012.4000244140625,18788
1789551240000000000,1012.2000122070312,1012.4000244140625,1011.5999755859375,1011.7999877929688,28014
1789551300000000000,1011.9000244140625,1012.5,1011.5999755859375,1011.7000122070312,41186
1789551360000000000,1011.5999755859375,1012.2999877929688,1011.0999755859375,1012.0999755859375,29110
1789551420000000000,1012.2000122070312,1012.5,1011.7999877929688,1012.0,29199
1789551480000000000,1011.5999755859375,1012.5,1011.5999755859375,1012.2999877929688,26521
1789551540000000000,1012.0,1013.0,1011.7000122070312,1012.5,50157
1789551600000000000,1012.5999755859375,1013.2000122070312,1012.5999755859375,1013.0,48782
1789551660000000000,1012.9000244140625,1012.9000244140625,1012.5,1012.5,22169
1789551720000000000,1012.0999755859375,1012.7999877929688,1011.7000122070312,1012.7000122070312,46246
1789551780000000000,1012.5,1012.7000122070312,1011.2000122070312,1011.9000244140625,35213
1789551840000000000,1011.7999877929688,1012.2999877929688,1010.0,1011.7999877929688,7805
1789551900000000000,1012.0,1012.0,1006.2000122070312,1006.2000122070312,221264
1789616700000000000,1010.0,1016.9000244140625,1010.0,1016.4000244140625,0
1789616760000000000,1016.0,1019.5,1016.0,1019.0999755859375,22612
1789616820000000000,1019.2000122070312,1019.5999755859375,1018.5999755859375,1019.5999755859375,22171
1789616880000000000,1021.0999755859375,1021.0999755859375,1020.4000244140625,1020.4000244140625,35130
1789616940000000000,1019.7999877929688,1020.2999877929688,1018.5,1018.9000244140625,25710
1789617000000000000,1018.9000244140625,1019.7000122070312,1018.7999877929688,1019.2999877929688,20515
1789617060000000000,1019.7999877929688,1020.2000122070312,1019.7999877929688,1020.0999755859375,17472
1789617120000000000,1020.0999755859375,1020.0999755859375,1019.7000122070312,1019.7000122070312,14686
1789617180000000000,1019.5,1022.9000244140625,1019.2999877929688,1022.9000244140625,21835
1789617240000000000,1023.2999877929688,1023.7000122070312,1021.9000244140625,1022.2999877929688,65510
1789617300000000000,1022.4000244140625,1022.9000244140625,1019.0999755859375,1020.0,37565
1789617360000000000,1020.0,1022.4000244140625,1019.9000244140625,1022.4000244140625,26544
1789617420000000000,1022.2999877929688,1022.7000122070312,1021.2000122070312,1021.5999755859375,12696
1789617480000000000,1021.7000122070312,1021.9000244140625,1021.2000122070312,1021.9000244140625,10793
1789617540000000000,1021.9000244140625,1022.5999755859375,1021.9000244140625,1022.5,12837
1789617600000000000,1024.5,1024.800048828125,1023.9000244140625,1024.800048828125,30081
1789617660000000000,1024.4000244140625,1025.800048828125,1024.4000244140625,1025.800048828125,30000
1789617720000000000,1026.5,1027.199951171875,1026.300048828125,1026.800048828125,19255
1789617780000000000,1027.199951171875,1027.4000244140625,1025.300048828125,1025.300048828125,28237
1789617840000000000,1025.5999755859375,1026.0,1025.4000244140625,1025.699951171875,6857
1789617900000000000,1025.800048828125,1027.800048828125,1025.800048828125,1027.800048828125,15492
1789617960000000000,1027.5,1027.699951171875,1025.199951171875,1025.199951171875,26514
1789618020000000000,1025.199951171875,1027.0,1025.199951171875,1026.300048828125,27497
1789618080000000000,1026.5,1026.5999755859375,1026.300048828125,1026.300048828125,10556
1789618140000000000,1025.800048828125,1025.800048828125,1024.0999755859375,1024.0999755859375,18603
1789618200000000000,1023.9000244140625,1024.199951171875,1023.9000244140625,1024.0,12890
1789618260000000000,1024.199951171875,1024.199951171875,1022.7999877929688,1022.7999877929688,11782
1789618320000000000,1022.5999755859375,1022.5999755859375,1020.7999877929688,1020.7999877929688,15933
1789618380000000000,1020.9000244140625,1023.4000244140625,1020.7999877929688,1022.5,20980
1789618440000000000,1022.5999755859375,1023.0999755859375,1022.2000122070312,1022.9000244140625,13493
1789618500000000000,1023.0999755859375,1023.5,1022.0,1022.0,6416
1789618560000000000,1022.2999877929688,1022.5999755859375,1022.0,1022.4000244140625,5478
1789618620000000000,1022.5,1023.0,1022.2999877929688,1022.4000244140625,2285
1789618680000000000,1022.9000244140625,1022.9000244140625,1022.2999877929688,1022.5999755859375,2621
1789618740000000000,1022.7999877929688,1023.2000122070312,1022.7999877929688,1022.7999877929688,2715
1789618800000000000,1022.7999877929688,1022.7999877929688,1021.7999877929688,1022.2999877929688,4515
1789618860000000000,1022.0,1022.4000244140625,1021.7999877929688,1022.4000244140625,3870
1789618920000000000,1021.9000244140625,1022.0,1021.7000122070312,1021.7999877929688,2786
1789618980000000000,1021.5,1021.7999877929688,1021.2000122070312,1021.5999755859375,5300
1789619040000000000,1021.5,1022.4000244140625,1021.5,1022.0,7587
1789619100000000000,1022.2000122070312,1022.4000244140625,1021.7999877929688,1022.0,10858
1789619160000000000,1022.0,1022.2000122070312,1020.7999877929688,1020.7999877929688,7582
1789619220000000000,1020.7000122070312,1022.5,1020.4000244140625,1022.0999755859375,13318
1789619280000000000,1022.0,1023.0,1022.0,1022.7999877929688,10510
1789619340000000000,1022.7000122070312,1023.0,1022.5999755859375,1023.0,4580
1789619400000000000,1022.9000244140625,1022.9000244140625,1022.5,1022.7999877929688,3017
1789619460000000000,1022.7999877929688,1022.9000244140625,1022.7999877929688,1022.9000244140625,5131
1789619520000000000,1023.0,1024.199951171875,1023.0,1024.199951171875,15389
1789619580000000000,1024.300048828125,1024.9000244140625,1024.0,1024.9000244140625,41653
1789619640000000000,1024.800048828125,1025.199951171875,1024.5999755859375,1024.699951171875,8384
1789619700000000000,1024.699951171875,1025.699951171875,1024.699951171875,1025.300048828125,22334
1789619760000000000,1025.4000244140625,1025.800048828125,1025.4000244140625,1025.4000244140625,6406
1789619820000000000,1025.5,1025.5999755859375,1024.0,1024.300048828125,7709
1789619880000000000,1024.300048828125,1026.699951171875,1024.300048828125,1026.5999755859375,47412
1789619940000000000,1026.5999755859375,1026.5999755859375,1025.199951171875,1026.0,11922
1789620000000000000,1025.9000244140625,1026.5,1025.9000244140625,1026.300048828125,5573
1789620060000000000,1026.699951171875,1026.699951171875,1026.0,1026.300048828125,5807
1789620120000000000,1026.5,1026.5,1026.0,1026.199951171875,4022
1789620180000000000,1026.0,1026.0,1023.2000122070312,1023.2000122070312,14057
1789620240000000000,1023.2000122070312,1023.2000122070312,1022.5,1022.7000122070312,7872
1789620300000000000,1022.7000122070312,1022.9000244140625,1022.2999877929688,1022.2999877929688,7167
1789620360000000000,1022.4000244140625,1022.4000244140625,1020.5999755859375,1020.5999755859375,28009
1789620420000000000,1020.9000244140625,1021.0,1020.2999877929688,1020.2999877929688,10444
1789620480000000000,1020.0999755859375,1020.9000244140625,1018.2999877929688,1019.0,84431
1789620540000000000,1018.9000244140625,1020.0999755859375,1018.5,1018.7999877929688,73461
1789620600000000000,1018.4000244140625,1019.0999755859375,1018.0999755859375,1018.5,26974
1789620660000000000,1018.7999877929688,1018.7999877929688,1016.7999877929688,1017.2000122070312,38565
1789620720000000000,1017.0999755859375,1017.0999755859375,1016.2000122070312,1016.5,14881
1789620780000000000,1016.5,1016.7000122070312,1016.0,1016.4000244140625,22175
1789620840000000000,1016.4000244140625,1017.0,1016.0,1016.0,12596
1789620900000000000,1016.9000244140625,1018.0999755859375,1016.0999755859375,1016.9000244140625,22019
1789620960000000000,1016.9000244140625,1017.2999877929688,1016.5,1017.0,5550
1789621020000000000,1017.0,1017.2999877929688,1016.7000122070312,1017.0999755859375,24086
1789621080000000000,1017.0999755859375,1017.4000244140625,1016.5,1016.9000244140625,14197
1789621140000000000,1016.9000244140625,1016.9000244140625,1016.5999755859375,1016.9000244140625,1862
1789621200000000000,1016.9000244140625,1017.0,1016.5999755859375,1016.5999755859375,2377
1789621260000000000,1017.0,1017.0,1015.7000122070312,1015.7000122070312,15788
1789621320000000000,1015.5999755859375,1015.5999755859375,1014.9000244140625,1015.0,20856
1789621380000000000,1015.0,1015.0,1014.0999755859375,1014.0999755859375,10794
1789621440000000000,1014.4000244140625,1014.7000122070312,1014.2000122070312,1014.2000122070312,6227
1789621500000000000,1014.2999877929688,1014.2999877929688,1013.2000122070312,1014.0,16726
1789621560000000000,1014.2999877929688,1015.5,1014.2999877929688,1015.5,7761
1789621620000000000,1015.4000244140625,1015.4000244140625,1014.2000122070312,1014.4000244140625,4514
1789621680000000000,1014.2000122070312,1014.2000122070312,1013.4000244140625,1014.2000122070312,5261
1789621740000000000,1014.2000122070312,1014.9000244140625,1014.2000122070312,1014.5999755859375,4618
1789621800000000000,1014.9000244140625,1015.0,1014.5,1014.7000122070312,1034
1789621860000000000,1014.4000244140625,1014.7999877929688,1014.4000244140625,1014.7999877929688,1445
1789621920000000000,1014.7999877929688,1014.7999877929688,1013.5999755859375,1013.5999755859375,5782
1789621980000000000,1014.0,1014.5999755859375,1014.0,1014.5999755859375,8685
1789622040000000000,1014.0,1014.4000244140625,1013.7999877929688,1014.2999877929688,3028
1789622100000000000,1014.2999877929688,1014.2999877929688,1013.2999877929688,1013.5,4588
1789622160000000000,1013.5999755859375,1014.9000244140625,1013.4000244140625,1014.9000244140625,21153
1789622220000000000,1014.7000122070312,1014.9000244140625,1014.5999755859375,1014.5999755859375,9091
1789622280000000000,1014.5999755859375,1014.9000244140625,1014.0999755859375,1014.0999755859375,4368
1789622340000000000,1014.2999877929688,1014.7000122070312,1014.0999755859375,1014.7000122070312,4359
1789622400000000000,1014.5999755859375,1014.7000122070312,1014.2999877929688,1014.7000122070312,1790
1789622460000000000,1014.5,1014.5999755859375,1014.0999755859375,1014.5,3024
1789622520000000000,1014.5,1014.5999755859375,1014.0,1014.4000244140625,2045
1789622580000000000,1014.4000244140625,1014.4000244140625,1013.7000122070312,1013.7000122070312,2563
1789622640000000000,1013.9000244140625,1014.2999877929688,1013.7999877929688,1014.0,2769
1789622700000000000,1014.0,1014.7000122070312,1013.9000244140625,1014.7000122070312,9830
1789622760000000000,1014.7000122070312,1015.5999755859375,1014.4000244140625,1015.5999755859375,4815
1789622820000000000,1015.5,1015.9000244140625,1015.2000122070312,1015.2000122070312,6756
1789622880000000000,1015.5999755859375,1015.7000122070312,1015.0,1015.2000122070312,1489
1789622940000000000,1014.7999877929688,1014.7999877929688,1014.5,1014.7000122070312,3913
1789623000000000000,1014.7000122070312,1014.7999877929688,1014.2000122070312,1014.2999877929688,1722
1789623060000000000,1014.2999877929688,1014.2999877929688,1014.0,1014.2999877929688,1687
1789623120000000000,1014.2000122070312,1014.5,1014.0999755859375,1014.5,5077
1789623180000000000,1014.4000244140625,1014.4000244140625,1013.5999755859375,1014.0999755859375,8853
1789623240000000000,1014.2000122070312,1014.4000244140625,1014.0,1014.2999877929688,5620
1789623300000000000,1013.5999755859375,1014.4000244140625,1013.5999755859375,1014.4000244140625,3400
1789623360000000000,1014.2000122070312,1014.9000244140625,1013.5,1014.9000244140625,11791
1789623420000000000,1015.0,1015.0,1013.7999877929688,1014.2000122070312,10832
1789623480000000000,1014.0,1014.0,1013.4000244140625,1013.5999755859375,2239
1789623540000000000,1012.7000122070312,1013.4000244140625,1012.7000122070312,1013.0999755859375,8475
1789623600000000000,1013.0,1013.0,1011.7999877929688,1012.2000122070312,43493
1789623660000000000,1011.5,1012.5999755859375,1011.5,1011.9000244140625,22059
1789623720000000000,1011.9000244140625,1012.7999877929688,1011.5999755859375,1012.5,7950
1789623780000000000,1012.5,1013.0999755859375,1012.5,1012.9000244140625,6785
1789623840000000000,1012.9000244140625,1013.2000122070312,1012.2000122070312,1012.2000122070312,4381
1789623900000000000,1012.2999877929688,1012.5999755859375,1012.0999755859375,1012.2999877929688,5007
1789623960000000000,1012.2999877929688,1012.5,1012.2999877929688,1012.4000244140625,4299
1789624020000000000,1012.7000122070312,1013.9000244140625,1012.5,1013.7000122070312,7146
1789624080000000000,1013.2999877929688,1013.7000122070312,1013.2999877929688,1013.5999755859375,1738
1789624140000000000,1013.7000122070312,1014.0,1013.5999755859375,1013.7999877929688,2747
1789624200000000000,1013.7999877929688,1014.5,1013.7999877929688,1014.5,3877
1789624260000000000,1014.2999877929688,1015.0,1014.2999877929688,1014.7000122070312,3822
1789624320000000000,1014.5,1014.5,1013.7999877929688,1013.7999877929688,3880
1789624380000000000,1013.7999877929688,1014.2999877929688,1013.7999877929688,1014.0999755859375,4071
1789624440000000000,1013.7999877929688,1014.0999755859375,1013.7000122070312,1014.0,2164
1789624500000000000,1014.2000122070312,1014.2000122070312,1013.5999755859375,1013.5999755859375,2528
1789624560000000000,1013.5999755859375,1013.9000244140625,1013.5999755859375,1013.5999755859375,2608
1789624620000000000,1013.7999877929688,1013.7999877929688,1013.4000244140625,1013.7000122070312,3224
1789624680000000000,1013.4000244140625,1013.7000122070312,1013.4000244140625,1013.7000122070312,866
1789624740000000000,1013.5999755859375,1013.7000122070312,1013.4000244140625,1013.5,1159
1789624800000000000,1013.7000122070312,1013.7000122070312,1012.5,1012.9000244140625,2756
1789624860000000000,1013.0,1013.9000244140625,1013.0,1013.7999877929688,3412
1789624920000000000,1013.7999877929688,1014.0999755859375,1012.5999755859375,1012.7999877929688,8813
1789624980000000000,1012.7000122070312,1012.7999877929688,1012.0,1012.0,4881
1789625040000000000,1012.0999755859375,1012.2999877929688,1011.7000122070312,1011.7999877929688,3692
1789625100000000000,1011.7999877929688,1011.9000244140625,1011.0,1011.9000244140625,11799
1789625160000000000,1011.7000122070312,1012.2999877929688,1011.7000122070312,1012.2999877929688,3419
1789625220000000000,1012.5,1012.5999755859375,1012.5,1012.5999755859375,3205
1789625280000000000,1012.7000122070312,1012.7000122070312,1012.0,1012.2000122070312,2245
1789625340000000000,1012.4000244140625,1012.5,1012.2000122070312,1012.4000244140625,1276
1789625400000000000,1012.2000122070312,1013.9000244140625,1012.2000122070312,1013.7999877929688,17332
1789625460000000000,1013.7999877929688,1014.7000122070312,1013.5999755859375,1014.0,9369
1789625520000000000,1014.0,1014.4000244140625,1013.7000122070312,1014.0999755859375,1371
1789625580000000000,1014.2999877929688,1014.4000244140625,1013.9000244140625,1014.0,3731
1789625640000000000,1014.0,1014.2999877929688,1014.0,1014.0999755859375,1112
1789625700000000000,1014.0999755859375,1014.2999877929688,1013.7999877929688,1013.9000244140625,5709
1789625760000000000,1013.9000244140625,1013.9000244140625,1013.0999755859375,1013.5,6703
1789625820000000000,1013.4000244140625,1013.5999755859375,1013.0999755859375,1013.2000122070312,2362
1789625880000000000,1013.2999877929688,1013.5,1013.0999755859375,1013.4000244140625,1734
1789625940000000000,1013.5999755859375,1013.5999755859375,1013.0999755859375,1013.5,1575
1789626000000000000,1013.5999755859375,1013.5999755859375,1013.0999755859375,1013.2999877929688,1050
1789626060000000000,1013.4000244140625,1013.7000122070312,1013.4000244140625,1013.5,1112
1789626120000000000,1013.7000122070312,1014.7000122070312,1013.5,1014.7000122070312,8476
1789626180000000000,1014.5,1014.5999755859375,1013.4000244140625,1013.7000122070312,8657
1789626240000000000,1013.5,1014.4000244140625,1013.4000244140625,1014.2999877929688,3224
1789626300000000000,1014.2000122070312,1014.2000122070312,1013.5,1013.7999877929688,5269
1789626360000000000,1013.7999877929688,1014.9000244140625,1013.7999877929688,1014.9000244140625,5550
1789626420000000000,1014.7999877929688,1015.0999755859375,1014.7999877929688,1015.0999755859375,8252
1789626480000000000,1015.0999755859375,1015.4000244140625,1014.9000244140625,1015.2000122070312,5666
1789626540000000000,1015.5,1015.5,1015.0,1015.4000244140625,4656
1789626600000000000,1015.7000122070312,1016.7999877929688,1015.7000122070312,1016.0,11782
1789626660000000000,1016.0,1016.0,1014.5999755859375,1014.9000244140625,8943
1789626720000000000,1015.0,1015.2999877929688,1014.5999755859375,1014.9000244140625,3353
1789626780000000000,1014.7999877929688,1014.7999877929688,1014.0999755859375,1014.5,3527
1789626840000000000,1014.5999755859375,1014.5999755859375,1011.5,1014.0,29723
1789626900000000000,1014.0,1015.5,1013.5,1015.2999877929688,6437
1789626960000000000,1015.4000244140625,1016.5999755859375,1015.4000244140625,1016.5,20498
1789627020000000000,1016.5,1017.9000244140625,1016.2000122070312,1017.2999877929688,16225
1789627080000000000,1017.4000244140625,1017.4000244140625,1016.5,1016.9000244140625,1633
1789627140000000000,1016.9000244140625,1017.0999755859375,1016.5999755859375,1017.0999755859375,1651
1789627200000000000,1016.7999877929688,1017.0999755859375,1016.7000122070312,1017.0999755859375,4961
1789627260000000000,1017.4000244140625,1017.5,1017.0,1017.0999755859375,5959
1789627320000000000,1017.0999755859375,1017.2999877929688,1016.7999877929688,1016.7999877929688,2463
1789627380000000000,1016.5999755859375,1017.0999755859375,1016.5,1016.7999877929688,1441
1789627440000000000,1016.7999877929688,1017.2999877929688,1016.7000122070312,1017.2999877929688,6906
1789627500000000000,1017.0999755859375,1017.7000122070312,1017.0999755859375,1017.2999877929688,3806
1789627560000000000,1017.5,1017.5999755859375,1017.2000122070312,1017.4000244140625,2179
1789627620000000000,1017.2000122070312,1017.7999877929688,1017.2000122070312,1017.5999755859375,2068
1789627680000000000,1017.4000244140625,1017.7000122070312,1017.4000244140625,1017.4000244140625,1027
1789627740000000000,1017.4000244140625,1017.7000122070312,1017.2000122070312,1017.2999877929688,2376
1789627800000000000,1017.2999877929688,1017.7000122070312,1017.2999877929688,1017.7000122070312,1075
1789627860000000000,1017.5,1017.7000122070312,1017.4000244140625,1017.5999755859375,2749
1789627920000000000,1017.7000122070312,1018.2999877929688,1017.5,1018.2999877929688,3596
1789627980000000000,1018.5999755859375,1018.7999877929688,1018.4000244140625,1018.7000122070312,2237
1789628040000000000,1018.7000122070312,1018.9000244140625,1018.7000122070312,1018.7000122070312,8278
1789628100000000000,1018.7000122070312,1018.7999877929688,1018.2000122070312,1018.2000122070312,5193
1789628160000000000,1018.4000244140625,1018.4000244140625,1017.5999755859375,1017.5999755859375,2449
1789628220000000000,1017.5,1018.0,1017.5,1017.5999755859375,5269
1789628280000000000,1018.0999755859375,1018.5,1017.7000122070312,1018.2000122070312,7702
1789628340000000000,1018.2000122070312,1018.5,1017.7000122070312,1018.0,5374
1789628400000000000,1017.9000244140625,1017.9000244140625,1017.2000122070312,1017.7000122070312,4516
1789628460000000000,1017.7000122070312,1017.7999877929688,1017.5999755859375,1017.7000122070312,4539
1789628520000000000,1017.7000122070312,1018.0,1017.7000122070312,1018.0,9452
1789628580000000000,1017.7999877929688,1018.5,1017.7999877929688,1018.5,7090
1789628640000000000,1018.7999877929688,1018.9000244140625,1018.2999877929688,1018.5999755859375,4588
1789628700000000000,1018.7999877929688,1019.5,1018.5999755859375,1019.5,7583
1789628760000000000,1019.5999755859375,1020.2000122070312,1019.5999755859375,1020.2000122070312,29011
1789628820000000000,1020.2000122070312,1020.7000122070312,1020.0999755859375,1020.5,10708
1789628880000000000,1020.5,1021.0,1020.2000122070312,1020.9000244140625,4079
1789628940000000000,1020.9000244140625,1020.9000244140625,1019.9000244140625,1020.5,5696
1789629000000000000,1020.5,1020.7000122070312,1020.0,1020.4000244140625,3371
1789629060000000000,1020.4000244140625,1020.9000244140625,1020.2000122070312,1020.2000122070312,13466
1789629120000000000,1020.4000244140625,1020.9000244140625,1020.4000244140625,1020.7999877929688,5099
1789629180000000000,1020.7000122070312,1020.9000244140625,1020.5999755859375,1020.7000122070312,3050
1789629240000000000,1020.7999877929688,1020.7999877929688,1020.0,1020.0,2384
1789629300000000000,1020.2999877929688,1020.5999755859375,1019.9000244140625,1020.0,4059
1789629360000000000,1020.2000122070312,1020.5999755859375,1020.2000122070312,1020.2000122070312,6189
1789629420000000000,1020.2000122070312,1020.5,1020.0,1020.0999755859375,4775
1789629480000000000,1020.2000122070312,1020.2000122070312,1019.5999755859375,1019.5999755859375,2389
1789629540000000000,1019.9000244140625,1020.0,1019.7000122070312,1019.7000122070312,2577
1789629600000000000,1019.7999877929688,1020.0,1019.4000244140625,1020.0,5702
1789629660000000000,1020.2000122070312,1020.2999877929688,1020.0999755859375,1020.0999755859375,3399
1789629720000000000,1020.0999755859375,1020.5,1020.0999755859375,1020.2000122070312,3161
1789629780000000000,1020.2000122070312,1020.7000122070312,1020.0999755859375,1020.5,5507
1789629840000000000,1020.5999755859375,1021.0,1020.5999755859375,1020.7999877929688,1479
1789629900000000000,1020.7000122070312,1020.7000122070312,1019.7999877929688,1019.9000244140625,3449
1789629960000000000,1020.0,1020.7000122070312,1020.0,1020.4000244140625,3459
1789630020000000000,1020.4000244140625,1020.5,1020.2000122070312,1020.4000244140625,771
1789630080000000000,1020.5,1020.7999877929688,1020.5,1020.5,3844
1789630140000000000,1020.5999755859375,1020.7000122070312,1020.2000122070312,1020.4000244140625,2438
1789630200000000000,1020.5,1020.7000122070312,1020.4000244140625,1020.5,3449
1789630260000000000,1020.5,1020.5,1019.9000244140625,1019.9000244140625,2196
1789630320000000000,1020.0,1020.0,1019.2000122070312,1019.7000122070312,4540
1789630380000000000,1019.7000122070312,1019.9000244140625,1019.5,1019.5,2794
1789630440000000000,1019.5999755859375,1019.5999755859375,1019.0,1019.0,5925
1789630500000000000,1019.0999755859375,1019.2999877929688,1019.0,1019.2000122070312,5738
1789630560000000000,1019.2000122070312,1019.4000244140625,1019.0999755859375,1019.4000244140625,6049
1789630620000000000,1019.0999755859375,1019.2000122070312,1016.7000122070312,1016.9000244140625,15966
1789630680000000000,1016.9000244140625,1017.4000244140625,1016.7000122070312,1016.9000244140625,8102
1789630740000000000,1016.7999877929688,1017.7000122070312,1016.5,1017.7000122070312,11802
1789630800000000000,1017.5,1017.5999755859375,1016.7999877929688,1016.7999877929688,5923
1789630860000000000,1016.7999877929688,1017.0,1016.4000244140625,1016.7999877929688,4004
1789630920000000000,1016.7999877929688,1017.0999755859375,1016.7999877929688,1017.0999755859375,4902
1789630980000000000,1017.0,1017.0999755859375,1016.5,1016.5999755859375,2579
1789631040000000000,1016.5999755859375,1016.5999755859375,1015.7999877929688,1015.9000244140625,6572
1789631100000000000,1015.7999877929688,1016.2000122070312,1015.5999755859375,1016.0999755859375,7626
1789631160000000000,1016.0999755859375,1016.2000122070312,1015.5,1016.2000122070312,5487
1789631220000000000,1015.9000244140625,1016.2999877929688,1015.5999755859375,1016.0999755859375,4270
1789631280000000000,1016.0,1016.0999755859375,1015.7000122070312,1016.0,2571
1789631340000000000,1016.0999755859375,1016.2000122070312,1015.7000122070312,1016.2000122070312,3455
1789631400000000000,1016.0,1017.0,1016.0,1016.7999877929688,15384
1789631460000000000,1016.7999877929688,1017.2999877929688,1016.7999877929688,1017.2999877929688,3609
1789631520000000000,1017.0999755859375,1017.2999877929688,1016.2000122070312,1016.2000122070312,11254
1789631580000000000,1016.2000122070312,1016.7000122070312,1016.2000122070312,1016.5,5987
1789631640000000000,1016.2000122070312,1016.5,1016.2000122070312,1016.2000122070312,2949
1789631700000000000,1016.4000244140625,1016.4000244140625,1015.2000122070312,1015.5999755859375,16030
1789631760000000000,1015.5999755859375,1016.0,1015.2999877929688,1015.5,9679
1789631820000000000,1015.5999755859375,1015.7000122070312,1014.2999877929688,1014.5999755859375,6941
1789631880000000000,1014.5999755859375,1014.5999755859375,1014.0,1014.2000122070312,6606
1789631940000000000,1014.2999877929688,1014.2999877929688,1013.7000122070312,1013.7000122070312,8683
1789632000000000000,1013.5,1013.5,1012.9000244140625,1013.0,7856
1789632060000000000,1013.0999755859375,1013.7000122070312,1013.0,1013.7000122070312,5102
1789632120000000000,1013.7000122070312,1013.9000244140625,1013.2999877929688,1013.9000244140625,5571
1789632180000000000,1013.7000122070312,1013.7000122070312,1012.2999877929688,1012.5,7588
1789632240000000000,1012.9000244140625,1013.0,1012.5999755859375,1013.0,1846
1789632300000000000,1012.9000244140625,1012.9000244140625,1011.5,1011.7999877929688,44707
1789632360000000000,1012.0,1012.0,1010.5,1011.0,12406
1789632420000000000,1011.0,1012.5999755859375,1010.5999755859375,1011.7999877929688,40824
1789632480000000000,1011.7000122070312,1013.0,1011.4000244140625,1013.0,27063
1789632540000000000,1013.0,1014.0,1012.7000122070312,1013.7000122070312,11733
1789632600000000000,1013.7000122070312,1014.7000122070312,1013.4000244140625,1014.2999877929688,5555
1789632660000000000,1014.4000244140625,1014.9000244140625,1014.0,1014.7999877929688,9235
1789632720000000000,1014.4000244140625,1014.7999877929688,1014.2999877929688,1014.5999755859375,1165
1789632780000000000,1014.2999877929688,1014.2999877929688,1013.7000122070312,1013.7999877929688,3020
1789632840000000000,1014.2000122070312,1014.2000122070312,1013.0999755859375,1013.4000244140625,5403
1789632900000000000,1013.5,1013.7999877929688,1013.0999755859375,1013.7000122070312,1694
1789632960000000000,1013.7999877929688,1014.5,1013.7000122070312,1014.2999877929688,10057
1789633020000000000,1014.5,1014.9000244140625,1014.2999877929688,1014.5999755859375,10348
1789633080000000000,1014.4000244140625,1014.7999877929688,1013.4000244140625,1013.7000122070312,8081
1789633140000000000,1013.5999755859375,1014.0999755859375,1013.4000244140625,1013.7999877929688,3338
1789633200000000000,1013.7000122070312,1014.0999755859375,1013.4000244140625,1013.7000122070312,3551
1789633260000000000,1013.5,1013.9000244140625,1013.5,1013.9000244140625,1551
1789633320000000000,1013.5999755859375,1013.9000244140625,1013.5999755859375,1013.7000122070312,1587
1789633380000000000,1013.7999877929688,1013.7999877929688,1013.0999755859375,1013.5,2093
1789633440000000000,1013.2000122070312,1013.7000122070312,1013.0,1013.7000122070312,6030
1789633500000000000,1013.7999877929688,1013.7999877929688,1013.2000122070312,1013.5,4937
1789633560000000000,1013.7999877929688,1013.7999877929688,1013.0,1013.2999877929688,6832
1789633620000000000,1013.2000122070312,1013.4000244140625,1012.9000244140625,1013.0,2063
1789633680000000000,1013.2999877929688,1013.4000244140625,1013.0,1013.2999877929688,1315
1789633740000000000,1013.4000244140625,1013.4000244140625,1012.4000244140625,1013.0,4202
1789633800000000000,1013.0,1013.5,1012.9000244140625,1013.2999877929688,3782
1789633860000000000,1013.2999877929688,1013.5,1012.9000244140625,1013.0,3457
1789633920000000000,1013.5999755859375,1013.5999755859375,1013.0,1013.0999755859375,4526
1789633980000000000,1013.2999877929688,1013.5999755859375,1012.9000244140625,1013.5,1524
1789634040000000000,1013.5,1013.7999877929688,1013.2999877929688,1013.5,1156
1789634100000000000,1013.5,1013.7000122070312,1013.2999877929688,1013.5999755859375,1748
1789634160000000000,1013.4000244140625,1013.7999877929688,1013.2999877929688,1013.5999755859375,2818
1789634220000000000,1013.7999877929688,1014.4000244140625,1013.5999755859375,1013.9000244140625,13062
1789634280000000000,1014.5,1014.5,1013.0,1013.2999877929688,81081
1789634340000000000,1013.2000122070312,1013.7000122070312,1013.0999755859375,1013.7000122070312,4533
1789634400000000000,1013.5,1013.5999755859375,1012.5999755859375,1013.2999877929688,83835
1789634460000000000,1013.2999877929688,1013.5,1012.2000122070312,1012.4000244140625,6777
1789634520000000000,1012.5,1013.0,1012.5,1012.7999877929688,9208
1789634580000000000,1012.7000122070312,1012.9000244140625,1012.2999877929688,1012.7000122070312,3843
1789634640000000000,1012.7000122070312,1013.0,1012.5999755859375,1012.5999755859375,1446
1789634700000000000,1012.5999755859375,1012.9000244140625,1012.0999755859375,1012.0999755859375,1773
1789634760000000000,1012.0999755859375,1012.2000122070312,1011.9000244140625,1011.9000244140625,4200
1789634820000000000,1011.5,1012.0999755859375,1011.2000122070312,1011.5999755859375,19855
1789634880000000000,1011.5,1012.7999877929688,1011.5,1012.7000122070312,2623
1789634940000000000,1012.7000122070312,1013.2999877929688,1012.5,1012.9000244140625,5873
1789635000000000000,1012.5999755859375,1013.0,1012.0,1012.2999877929688,8923
1789635060000000000,1012.2999877929688,1013.0,1012.2999877929688,1012.7999877929688,13614
1789635120000000000,1012.7000122070312,1013.2999877929688,1011.7000122070312,1012.5999755859375,69754
1789635180000000000,1012.7000122070312,1012.9000244140625,1012.5999755859375,1012.9000244140625,18587
1789635240000000000,1012.7000122070312,1013.0,1012.5,1012.5,8857
1789635300000000000,1012.7999877929688,1012.7999877929688,1011.7999877929688,1011.9000244140625,13191
1789635360000000000,1012.0999755859375,1012.4000244140625,1011.5999755859375,1012.0,2437
1789635420000000000,1011.9000244140625,1012.0999755859375,1011.7999877929688,1012.0999755859375,1537
1789635480000000000,1012.2999877929688,1012.2999877929688,1011.7999877929688,1012.0999755859375,11459
1789635540000000000,1012.0,1012.2999877929688,1011.5999755859375,1012.2999877929688,4857
1789635600000000000,1012.0999755859375,1012.5,1011.0,1011.2000122070312,46376
1789635660000000000,1011.9000244140625,1012.5999755859375,1011.9000244140625,1012.2999877929688,30360
1789635720000000000,1012.2999877929688,1012.7000122070312,1012.0,1012.2999877929688,6113
1789635780000000000,1012.2999877929688,1012.5,1011.2999877929688,1011.4000244140625,8421
1789635840000000000,1011.4000244140625,1011.4000244140625,1010.7000122070312,1010.7000122070312,8763
1789635900000000000,1011.0,1011.0,1010.2000122070312,1010.7999877929688,7952
1789635960000000000,1010.9000244140625,1011.0,1010.9000244140625,1010.9000244140625,4800
1789636020000000000,1011.0,1012.4000244140625,1010.5999755859375,1012.4000244140625,41786
1789636080000000000,1011.5999755859375,1012.2999877929688,1011.2999877929688,1012.2999877929688,33822
1789636140000000000,1012.2999877929688,1012.2999877929688,1011.0999755859375,1011.7000122070312,35852
1789636200000000000,1011.2000122070312,1012.2999877929688,1011.2000122070312,1012.2999877929688,42349
1789636260000000000,1012.2999877929688,1012.5999755859375,1011.7000122070312,1011.7999877929688,7346
1789636320000000000,1011.7999877929688,1011.9000244140625,1011.0999755859375,1011.2000122070312,8238
1789636380000000000,1011.0999755859375,1011.9000244140625,1010.5,1011.9000244140625,64184
1789636440000000000,1011.7000122070312,1012.2999877929688,1011.2999877929688,1012.0,14937
1789636500000000000,1011.9000244140625,1012.2999877929688,1011.7999877929688,1012.2000122070312,10453
1789636560000000000,1012.2000122070312,1012.2999877929688,1011.2000122070312,1011.9000244140625,7449
1789636620000000000,1011.9000244140625,1012.2000122070312,1011.5999755859375,1012.0999755859375,71791
1789636680000000000,1012.0999755859375,1012.4000244140625,1011.5,1011.7999877929688,12937
1789636740000000000,1011.7999877929688,1011.7999877929688,1010.9000244140625,1011.0,18066
1789636800000000000,1010.9000244140625,1011.4000244140625,1010.9000244140625,1011.0,21207
1789636860000000000,1011.0,1011.2000122070312,1010.5999755859375,1011.0,16740
1789636920000000000,1011.0,1011.9000244140625,1010.7000122070312,1011.7999877929688,23665
1789636980000000000,1011.9000244140625,1012.4000244140625,1011.7000122070312,1012.2999877929688,13984
1789637040000000000,1012.0,1012.2000122070312,1011.7999877929688,1012.2000122070312,17814
1789637100000000000,1012.5,1012.7000122070312,1012.0,1012.0,75323
1789637160000000000,1012.2999877929688,1012.7000122070312,1011.7999877929688,1012.7000122070312,26047
1789637220000000000,1012.5999755859375,1012.9000244140625,1012.0,1012.7999877929688,72080
1789637280000000000,1012.7999877929688,1013.2000122070312,1012.5,1012.9000244140625,32110
1789637340000000000,1013.0,1013.2000122070312,1012.5999755859375,1012.9000244140625,24810
1789637400000000000,1012.9000244140625,1013.5,1012.2999877929688,1013.4000244140625,20611
1789637460000000000,1013.2999877929688,1013.5999755859375,1013.2000122070312,1013.4000244140625,16254
1789637520000000000,1013.5999755859375,1013.7000122070312,1012.7000122070312,1012.7000122070312,46083
1789637580000000000,1012.7000122070312,1013.0999755859375,1011.7000122070312,1012.0,125305
1789637640000000000,1011.7000122070312,1012.4000244140625,1011.2999877929688,1011.4000244140625,35927
1789637700000000000,1011.4000244140625,1012.5,1011.4000244140625,1012.2000122070312,101736
1789637760000000000,1011.9000244140625,1012.5,1011.9000244140625,1012.4000244140625,30901
1789637820000000000,1012.4000244140625,1013.0,1012.4000244140625,1013.0,21876
1789637880000000000,1012.7000122070312,1013.7000122070312,1012.7000122070312,1013.5999755859375,21197
1789637940000000000,1013.7000122070312,1014.0,1013.5,1013.9000244140625,42183
1789638000000000000,1012.7000122070312,1013.2999877929688,1012.7000122070312,1013.2999877929688,42519
1789638060000000000,1013.4000244140625,1013.4000244140625,1013.0,1013.2000122070312,22377
1789638120000000000,1013.4000244140625,1014.0999755859375,1013.2999877929688,1014.0999755859375,40487
1789638180000000000,1013.9000244140625,1017.4000244140625,1013.7999877929688,1016.0,37489
1789638240000000000,1016.2999877929688,1017.2999877929688,1014.5,1015.0,14719
1789638300000000000,1016.0,1016.0,1015.0,1015.0,269145
1789703100000000000,1028.199951171875,1028.199951171875,1023.7000122070312,1023.7999877929688,0
1789703160000000000,1024.0999755859375,1024.300048828125,1022.2000122070312,1023.0,32308
1789703220000000000,1023.5,1023.9000244140625,1022.5,1023.7000122070312,23562
1789703280000000000,1023.5999755859375,1026.4000244140625,1023.5999755859375,1025.9000244140625,28097
1789703340000000000,1025.699951171875,1026.0,1025.0999755859375,1025.5,23839
1789703400000000000,1025.4000244140625,1025.4000244140625,1024.699951171875,1024.800048828125,13259
1789703460000000000,1026.0999755859375,1026.0999755859375,1024.699951171875,1025.800048828125,54952
1789703520000000000,1025.5999755859375,1026.9000244140625,1025.4000244140625,1025.4000244140625,29019
1789703580000000000,1025.699951171875,1025.800048828125,1025.4000244140625,1025.800048828125,23279
1789703640000000000,1025.800048828125,1026.4000244140625,1025.699951171875,1026.0,33334
1789703700000000000,1025.9000244140625,1025.9000244140625,1024.4000244140625,1024.4000244140625,18632
1789703760000000000,1024.4000244140625,1024.4000244140625,1023.2000122070312,1023.2000122070312,10268
1789703820000000000,1023.2999877929688,1023.2999877929688,1019.7999877929688,1019.7999877929688,32076
1789703880000000000,1019.7000122070312,1021.2000122070312,1019.5999755859375,1021.2000122070312,25109
1789703940000000000,1021.0999755859375,1021.0999755859375,1020.4000244140625,1020.4000244140625,13939
1789704000000000000,1020.4000244140625,1020.4000244140625,1019.2999877929688,1019.7000122070312,9990
1789704060000000000,1019.7000122070312,1021.5,1019.7000122070312,1021.0,27207
1789704120000000000,1020.9000244140625,1021.0999755859375,1020.5999755859375,1021.0,10791
1789704180000000000,1020.7999877929688,1021.0,1020.4000244140625,1021.0,30007
1789704240000000000,1021.0,1022.7999877929688,1020.7999877929688,1022.5,47384
1789704300000000000,1022.4000244140625,1025.199951171875,1022.2000122070312,1024.9000244140625,67199
1789704360000000000,1025.0,1025.0,1024.5,1024.5999755859375,17330
1789704420000000000,1024.5999755859375,1024.9000244140625,1024.4000244140625,1024.4000244140625,8646
1789704480000000000,1024.4000244140625,1024.4000244140625,1023.2999877929688,1023.4000244140625,7957
1789704540000000000,1023.4000244140625,1023.4000244140625,1023.2000122070312,1023.2999877929688,2310
1789704600000000000,1023.2999877929688,1024.0,1023.2999877929688,1023.7999877929688,7681
1789704660000000000,1024.0,1024.0,1023.4000244140625,1023.7999877929688,12761
1789704720000000000,1023.9000244140625,1023.9000244140625,1023.0,1023.2000122070312,5736
1789704780000000000,1023.2000122070312,1023.2000122070312,1022.4000244140625,1022.4000244140625,3168
1789704840000000000,1022.4000244140625,1023.0999755859375,1022.4000244140625,1022.9000244140625,9438
1789704900000000000,1022.9000244140625,1023.4000244140625,1022.9000244140625,1023.2000122070312,12444
1789704960000000000,1023.0999755859375,1023.0999755859375,1023.0999755859375,1023.0999755859375,6443
1789705020000000000,1023.7000122070312,1023.7999877929688,1023.4000244140625,1023.7999877929688,16546
1789705080000000000,1023.7999877929688,1025.0,1023.7999877929688,1025.0,19791
1789705140000000000,1024.5999755859375,1024.5999755859375,1023.7999877929688,1023.7999877929688,25473
1789705200000000000,1023.7999877929688,1024.0999755859375,1023.5999755859375,1023.7000122070312,6934
1789705260000000000,1023.7000122070312,1023.9000244140625,1023.4000244140625,1023.9000244140625,6837
1789705320000000000,1023.9000244140625,1024.4000244140625,1023.7999877929688,1024.4000244140625,7236
1789705380000000000,1024.4000244140625,1024.4000244140625,1024.0,1024.4000244140625,15912
1789705440000000000,1024.199951171875,1024.5999755859375,1024.199951171875,1024.5999755859375,7501
1789705500000000000,1024.5999755859375,1024.800048828125,1024.4000244140625,1024.5,9567
1789705560000000000,1024.5,1024.5,1024.199951171875,1024.199951171875,8059
1789705620000000000,1024.4000244140625,1024.5,1023.7000122070312,1023.9000244140625,19150
1789705680000000000,1024.199951171875,1024.199951171875,1023.5999755859375,1023.5999755859375,7068
1789705740000000000,1023.5999755859375,1024.0999755859375,1023.5999755859375,1024.0999755859375,11139
1789705800000000000,1024.300048828125,1024.5,1024.199951171875,1024.5,10113
1789705860000000000,1024.5,1026.0,1024.5,1026.0,13841
1789705920000000000,1025.5999755859375,1025.800048828125,1025.0999755859375,1025.4000244140625,15595
1789705980000000000,1025.4000244140625,1025.4000244140625,1024.699951171875,1024.699951171875,6075
1789706040000000000,1024.5999755859375,1024.9000244140625,1024.5,1024.5,5992
1789706100000000000,1024.5999755859375,1024.800048828125,1024.5,1024.5,7470
1789706160000000000,1024.4000244140625,1024.4000244140625,1023.0,1023.0,4846
1789706220000000000,1023.0,1023.5999755859375,1022.7000122070312,1023.5999755859375,13132
1789706280000000000,1023.5999755859375,1023.5999755859375,1023.5,1023.5999755859375,3875
1789706340000000000,1023.9000244140625,1024.300048828125,1023.7999877929688,1024.300048828125,14644
1789706400000000000,1024.300048828125,1024.5999755859375,1024.199951171875,1024.5,9449
1789706460000000000,1024.4000244140625,1024.4000244140625,1024.199951171875,1024.4000244140625,4727
1789706520000000000,1024.4000244140625,1024.4000244140625,1024.199951171875,1024.199951171875,3322
1789706580000000000,1024.199951171875,1024.4000244140625,1024.0999755859375,1024.0999755859375,12873
1789706640000000000,1023.7999877929688,1023.9000244140625,1023.2000122070312,1023.2000122070312,8343
1789706700000000000,1023.7999877929688,1024.199951171875,1023.5999755859375,1024.0999755859375,12777
1789706760000000000,1024.0,1024.0,1023.4000244140625,1023.5,8490
1789706820000000000,1023.5,1024.0,1023.5,1024.0,10114
1789706880000000000,1024.0,1024.300048828125,1024.0,1024.0,6724
1789706940000000000,1024.0,1024.199951171875,1023.9000244140625,1024.0999755859375,15308
1789707000000000000,1024.0999755859375,1024.0999755859375,1022.7999877929688,1023.0,13350
1789707060000000000,1023.2000122070312,1023.2999877929688,1023.0999755859375,1023.0999755859375,6620
1789707120000000000,1023.5999755859375,1023.7000122070312,1023.0,1023.2999877929688,24937
1789707180000000000,1023.5,1023.5,1023.0999755859375,1023.4000244140625,3275
1789707240000000000,1023.2000122070312,1023.2000122070312,1022.4000244140625,1022.4000244140625,11680
1789707300000000000,1022.9000244140625,1024.0,1022.9000244140625,1023.5,14138
1789707360000000000,1023.5,1023.5999755859375,1023.4000244140625,1023.4000244140625,7073
1789707420000000000,1023.2999877929688,1023.2999877929688,1022.9000244140625,1023.0999755859375,9292
1789707480000000000,1023.2000122070312,1023.7999877929688,1023.2000122070312,1023.7999877929688,10838
1789707540000000000,1023.7999877929688,1023.7999877929688,1023.5,1023.7000122070312,3584
1789707600000000000,1023.7000122070312,1024.699951171875,1023.5999755859375,1024.5999755859375,11073
1789707660000000000,1024.699951171875,1025.0,1024.699951171875,1024.9000244140625,8251
1789707720000000000,1024.800048828125,1025.0,1023.0999755859375,1024.0,23228
1789707780000000000,1023.9000244140625,1024.0,1023.2999877929688,1023.5,11822
1789707840000000000,1023.2000122070312,1025.699951171875,1023.2000122070312,1025.5,101693
1789707900000000000,1025.5,1025.5999755859375,1025.0999755859375,1025.4000244140625,11379
1789707960000000000,1025.300048828125,1025.4000244140625,1024.9000244140625,1025.0,11914
1789708020000000000,1025.300048828125,1028.0999755859375,1025.300048828125,1027.300048828125,157543
1789708080000000000,1027.0999755859375,1027.300048828125,1025.4000244140625,1025.9000244140625,13703
1789708140000000000,1025.800048828125,1027.5,1025.800048828125,1026.800048828125,72326
1789708200000000000,1026.699951171875,1026.699951171875,1025.800048828125,1026.0,12786
1789708260000000000,1026.199951171875,1026.5,1026.0999755859375,1026.199951171875,18279
1789708320000000000,1026.5,1027.199951171875,1026.5,1027.0999755859375,8206
1789708380000000000,1027.0,1027.4000244140625,1027.0,1027.199951171875,17150
1789708440000000000,1027.199951171875,1027.199951171875,1026.5,1026.699951171875,9908
1789708500000000000,1026.800048828125,1027.300048828125,1026.699951171875,1027.199951171875,15919
1789708560000000000,1027.0999755859375,1027.199951171875,1026.9000244140625,1027.0999755859375,23803
1789708620000000000,1027.0,1027.0999755859375,1026.0999755859375,1026.0999755859375,9235
1789708680000000000,1026.300048828125,1027.300048828125,1026.300048828125,1027.0,17461
1789708740000000000,1026.9000244140625,1027.0,1025.9000244140625,1026.5,8494
1789708800000000000,1026.5,1026.5,1026.199951171875,1026.5,3457
1789708860000000000,1026.800048828125,1027.9000244140625,1026.800048828125,1027.800048828125,8892
1789708920000000000,1027.800048828125,1027.800048828125,1027.0,1027.0,13682
1789708980000000000,1026.9000244140625,1027.0,1026.199951171875,1026.5,15776
1789709040000000000,1026.5,1027.0999755859375,1026.300048828125,1027.0999755859375,7337
1789709100000000000,1027.0999755859375,1027.9000244140625,1026.4000244140625,1027.5999755859375,17791
1789709160000000000,1027.300048828125,1027.4000244140625,1027.0,1027.0,4356
1789709220000000000,1027.300048828125,1027.5,1027.199951171875,1027.5,7376
1789709280000000000,1027.300048828125,1027.5,1026.9000244140625,1027.5,8829
1789709340000000000,1027.5999755859375,1027.699951171875,1027.0999755859375,1027.5,16199
1789709400000000000,1027.5,1027.800048828125,1027.300048828125,1027.699951171875,7290
1789709460000000000,1027.800048828125,1027.800048828125,1027.5999755859375,1027.699951171875,7071
1789709520000000000,1027.699951171875,1028.4000244140625,1027.5,1028.4000244140625,16467
1789709580000000000,1028.4000244140625,1028.5,1027.9000244140625,1027.9000244140625,13222
1789709640000000000,1028.0,1028.0999755859375,1027.5,1027.5,5668
1789709700000000000,1027.800048828125,1027.800048828125,1027.300048828125,1027.5999755859375,3533
1789709760000000000,1027.5,1027.5999755859375,1027.0999755859375,1027.5999755859375,4998
1789709820000000000,1027.5999755859375,1027.9000244140625,1027.5999755859375,1027.9000244140625,6811
1789709880000000000,1027.9000244140625,1027.9000244140625,1027.699951171875,1027.800048828125,3895
1789709940000000000,1027.699951171875,1027.800048828125,1027.5,1027.800048828125,3092
1789710000000000000,1027.800048828125,1027.800048828125,1027.4000244140625,1027.800048828125,5059
1789710060000000000,1027.5,1027.800048828125,1027.5,1027.800048828125,3651
1789710120000000000,1027.5999755859375,1027.5999755859375,1026.5999755859375,1026.9000244140625,8581
1789710180000000000,1026.800048828125,1027.4000244140625,1026.5999755859375,1027.300048828125,15885
1789710240000000000,1027.199951171875,1027.199951171875,1026.0999755859375,1026.5,58106
1789710300000000000,1026.5,1028.0,1026.300048828125,1027.800048828125,9413
1789710360000000000,1028.0,1028.300048828125,1027.699951171875,1027.699951171875,4579
1789710420000000000,1028.0,1028.0,1027.4000244140625,1027.4000244140625,3483
1789710480000000000,1027.5999755859375,1027.5999755859375,1027.4000244140625,1027.5999755859375,2695
1789710540000000000,1027.4000244140625,1027.5999755859375,1027.4000244140625,1027.5,7491
1789710600000000000,1027.5,1028.300048828125,1027.5,1028.0999755859375,12077
1789710660000000000,1028.300048828125,1028.300048828125,1028.0,1028.199951171875,7459
1789710720000000000,1028.199951171875,1028.199951171875,1027.5999755859375,1027.800048828125,4802
1789710780000000000,1027.800048828125,1027.800048828125,1027.300048828125,1027.4000244140625,4305
1789710840000000000,1027.699951171875,1027.699951171875,1026.9000244140625,1026.9000244140625,4536
1789710900000000000,1026.9000244140625,1027.5999755859375,1026.9000244140625,1027.4000244140625,12223
1789710960000000000,1027.0,1027.4000244140625,1026.9000244140625,1026.9000244140625,6941
1789711020000000000,1026.9000244140625,1027.5,1026.800048828125,1027.0999755859375,14191
1789711080000000000,1027.199951171875,1027.300048828125,1026.800048828125,1027.0,3425
1789711140000000000,1026.9000244140625,1027.0,1026.0999755859375,1026.5,6018
1789711200000000000,1026.5,1026.9000244140625,1025.300048828125,1025.5,87501
1789711260000000000,1025.4000244140625,1026.699951171875,1025.4000244140625,1026.5,21528
1789711320000000000,1026.699951171875,1026.800048828125,1026.5,1026.699951171875,3063
1789711380000000000,1026.5,1026.699951171875,1026.4000244140625,1026.4000244140625,5006
1789711440000000000,1026.699951171875,1026.699951171875,1026.4000244140625,1026.699951171875,2867
1789711500000000000,1026.800048828125,1027.0999755859375,1026.5999755859375,1027.0999755859375,8501
1789711560000000000,1027.199951171875,1027.300048828125,1027.199951171875,1027.300048828125,3223
1789711620000000000,1027.300048828125,1027.5,1027.300048828125,1027.300048828125,6119
1789711680000000000,1027.300048828125,1027.4000244140625,1026.9000244140625,1027.300048828125,5969
1789711740000000000,1027.300048828125,1027.300048828125,1026.800048828125,1027.0999755859375,4749
1789711800000000000,1026.800048828125,1027.0,1026.800048828125,1026.9000244140625,4671
1789711860000000000,1026.800048828125,1026.9000244140625,1026.699951171875,1026.9000244140625,18090
1789711920000000000,1026.9000244140625,1026.9000244140625,1026.800048828125,1026.9000244140625,5655
1789711980000000000,1026.9000244140625,1026.9000244140625,1026.699951171875,1026.699951171875,3633
1789712040000000000,1026.699951171875,1026.9000244140625,1026.4000244140625,1026.800048828125,3196
1789712100000000000,1026.699951171875,1026.699951171875,1026.4000244140625,1026.699951171875,3998
1789712160000000000,1026.699951171875,1026.699951171875,1026.5,1026.699951171875,5404
1789712220000000000,1026.4000244140625,1026.699951171875,1026.300048828125,1026.4000244140625,1778
1789712280000000000,1026.5999755859375,1026.5999755859375,1026.5,1026.5999755859375,3446
1789712340000000000,1026.5999755859375,1026.5999755859375,1026.300048828125,1026.300048828125,3957
1789712400000000000,1026.300048828125,1026.699951171875,1026.300048828125,1026.5,3563
1789712460000000000,1026.5,1026.699951171875,1026.300048828125,1026.5999755859375,3241
1789712520000000000,1026.4000244140625,1026.800048828125,1026.4000244140625,1026.800048828125,3999
1789712580000000000,1026.800048828125,1026.800048828125,1026.5,1026.699951171875,2061
1789712640000000000,1026.800048828125,1026.800048828125,1026.699951171875,1026.699951171875,4018
1789712700000000000,1026.800048828125,1026.800048828125,1025.699951171875,1025.9000244140625,6337
1789712760000000000,1025.800048828125,1026.5,1025.800048828125,1026.5,8424
1789712820000000000,1026.5,1026.5,1026.300048828125,1026.4000244140625,4162
1789712880000000000,1026.4000244140625,1026.5999755859375,1026.4000244140625,1026.5999755859375,3942
1789712940000000000,1026.5999755859375,1026.5999755859375,1026.199951171875,1026.5,6835
1789713000000000000,1026.5,1026.5,1026.199951171875,1026.4000244140625,11371
1789713060000000000,1026.4000244140625,1026.4000244140625,1024.800048828125,1024.9000244140625,94481
1789713120000000000,1024.9000244140625,1024.9000244140625,1024.0,1024.199951171875,5638
1789713180000000000,1024.300048828125,1024.5,1024.199951171875,1024.5,3050
1789713240000000000,1024.5999755859375,1024.5999755859375,1023.5,1023.7000122070312,25581
1789713300000000000,1023.5,1023.7000122070312,1023.2000122070312,1023.5999755859375,9077
1789713360000000000,1023.4000244140625,1023.7999877929688,1023.4000244140625,1023.7999877929688,8629
1789713420000000000,1023.5,1023.7999877929688,1023.0,1023.0999755859375,4432
1789713480000000000,1023.0999755859375,1023.0999755859375,1021.7999877929688,1021.7999877929688,12011
1789713540000000000,1021.5999755859375,1021.7000122070312,1021.2999877929688,1021.2999877929688,3854
1789713600000000000,1022.7000122070312,1022.9000244140625,1022.7000122070312,1022.9000244140625,7834
1789713660000000000,1022.9000244140625,1023.0,1022.7999877929688,1022.7999877929688,1818
1789713720000000000,1023.2000122070312,1023.2999877929688,1023.0999755859375,1023.2999877929688,10690
1789713780000000000,1023.2999877929688,1023.2999877929688,1023.0999755859375,1023.2999877929688,4664
1789713840000000000,1023.2999877929688,1023.2999877929688,1023.2000122070312,1023.2999877929688,2971
1789713900000000000,1023.2000122070312,1023.2000122070312,1023.0999755859375,1023.0999755859375,1915
1789713960000000000,1023.2000122070312,1023.2000122070312,1022.5999755859375,1022.5999755859375,7289
1789714020000000000,1022.5,1023.0,1022.4000244140625,1022.7000122070312,22246
1789714080000000000,1022.7000122070312,1022.7000122070312,1022.0,1022.0,5923
1789714140000000000,1022.0,1022.0999755859375,1021.5,1021.9000244140625,37411
1789714200000000000,1021.9000244140625,1021.9000244140625,1021.7000122070312,1021.9000244140625,13810
1789714260000000000,1021.9000244140625,1022.2000122070312,1021.7999877929688,1022.0999755859375,9963
1789714320000000000,1022.2000122070312,1022.2000122070312,1021.2999877929688,1021.4000244140625,50101
1789714380000000000,1021.2999877929688,1021.4000244140625,1020.5,1021.0,22974
1789714440000000000,1021.2000122070312,1021.9000244140625,1021.0999755859375,1021.9000244140625,18469
1789714500000000000,1021.9000244140625,1021.9000244140625,1021.5,1021.5999755859375,5199
1789714560000000000,1021.5999755859375,1021.5999755859375,1021.2999877929688,1021.2999877929688,3768
1789714620000000000,1021.2999877929688,1022.0,1021.2999877929688,1021.9000244140625,9734
1789714680000000000,1021.9000244140625,1022.9000244140625,1021.7000122070312,1022.9000244140625,5618
1789714740000000000,1022.5999755859375,1022.7000122070312,1022.4000244140625,1022.7000122070312,2145
1789714800000000000,1022.7000122070312,1022.9000244140625,1022.5,1022.7000122070312,2899
1789714860000000000,1022.7999877929688,1022.9000244140625,1022.7999877929688,1022.9000244140625,2458
1789714920000000000,1022.9000244140625,1022.9000244140625,1022.7000122070312,1022.9000244140625,6981
1789714980000000000,1022.9000244140625,1022.9000244140625,1022.0999755859375,1022.2999877929688,4037
1789715040000000000,1022.0999755859375,1022.5999755859375,1021.0,1021.0,90382
1789715100000000000,1021.0,1021.0999755859375,1020.9000244140625,1021.0,4718
1789715160000000000,1021.0,1021.2000122070312,1020.9000244140625,1021.0,4227
1789715220000000000,1021.0,1021.2000122070312,1021.0,1021.0,4490
1789715280000000000,1021.0,1021.0999755859375,1020.5,1020.7000122070312,8447
1789715340000000000,1020.7000122070312,1021.5999755859375,1020.5,1021.0,32776
1789715400000000000,1020.7999877929688,1021.0,1020.7999877929688,1021.0,1309
1789715460000000000,1021.0,1022.2999877929688,1020.9000244140625,1020.9000244140625,134499
1789715520000000000,1021.5999755859375,1021.9000244140625,1020.9000244140625,1021.2999877929688,61326
1789715580000000000,1021.2999877929688,1021.2999877929688,1021.0,1021.2999877929688,3659
1789715640000000000,1021.2999877929688,1021.4000244140625,1021.0,1021.4000244140625,12057
1789715700000000000,1021.5,1021.5,1021.0,1021.0999755859375,4546
1789715760000000000,1021.4000244140625,1021.4000244140625,1021.0,1021.2000122070312,5777
1789715820000000000,1021.2000122070312,1021.5999755859375,1021.0,1021.2000122070312,28941
1789715880000000000,1021.2000122070312,1021.4000244140625,1021.2000122070312,1021.2999877929688,3981
1789715940000000000,1021.2999877929688,1021.4000244140625,1021.2999877929688,1021.4000244140625,4107
1789716000000000000,1021.4000244140625,1022.4000244140625,1021.2999877929688,1022.4000244140625,11369
1789716060000000000,1022.4000244140625,1023.9000244140625,1022.4000244140625,1022.9000244140625,35733
1789716120000000000,1022.9000244140625,1023.4000244140625,1022.9000244140625,1023.4000244140625,5062
1789716180000000000,1023.4000244140625,1023.4000244140625,1023.2999877929688,1023.4000244140625,2571
1789716240000000000,1023.4000244140625,1023.7000122070312,1023.4000244140625,1023.5999755859375,3674
1789716300000000000,1023.5999755859375,1023.7000122070312,1023.5999755859375,1023.7000122070312,3274
1789716360000000000,1023.7000122070312,1024.4000244140625,1023.7000122070312,1024.199951171875,7721
1789716420000000000,1024.0999755859375,1024.0999755859375,1023.7000122070312,1023.7999877929688,5293
1789716480000000000,1023.7999877929688,1023.7999877929688,1023.7000122070312,1023.7000122070312,512
1789716540000000000,1023.7000122070312,1023.7999877929688,1023.7000122070312,1023.7000122070312,2881
1789716600000000000,1023.7000122070312,1023.7999877929688,1023.7000122070312,1023.7999877929688,817
1789716660000000000,1023.7999877929688,1024.0999755859375,1023.7999877929688,1024.0999755859375,10758
1789716720000000000,1024.199951171875,1024.4000244140625,1024.0999755859375,1024.4000244140625,4134
1789716780000000000,1024.4000244140625,1024.4000244140625,1024.0999755859375,1024.4000244140625,3160
1789716840000000000,1024.5,1024.5999755859375,1024.300048828125,1024.300048828125,5503
1789716900000000000,1024.4000244140625,1024.4000244140625,1023.9000244140625,1024.0,4921
1789716960000000000,1024.0,1024.4000244140625,1023.9000244140625,1023.9000244140625,5634
1789717020000000000,1023.9000244140625,1023.9000244140625,1023.5999755859375,1023.5999755859375,3304
1789717080000000000,1023.5999755859375,1023.5999755859375,1023.5999755859375,1023.5999755859375,692
1789717140000000000,1023.5999755859375,1023.5999755859375,1023.5999755859375,1023.5999755859375,2457
1789717200000000000,1023.7999877929688,1023.9000244140625,1023.7999877929688,1023.9000244140625,4707
1789717260000000000,1023.9000244140625,1024.0,1023.9000244140625,1024.0,2563
1789717320000000000,1024.0,1024.4000244140625,1024.0,1024.300048828125,4569
1789717380000000000,1024.300048828125,1024.300048828125,1024.0,1024.0,5372
1789717440000000000,1023.9000244140625,1023.9000244140625,1023.2999877929688,1023.4000244140625,1931
1789717500000000000,1023.4000244140625,1024.0999755859375,1023.2999877929688,1024.0999755859375,4561
1789717560000000000,1024.0,1024.4000244140625,1023.7999877929688,1024.0,13220
1789717620000000000,1024.0,1024.0,1024.0,1024.0,10401
1789717680000000000,1024.0,1024.9000244140625,1023.9000244140625,1024.5999755859375,40325
1789717740000000000,1024.5999755859375,1024.9000244140625,1024.199951171875,1024.9000244140625,3076
1789717800000000000,1024.9000244140625,1025.0,1024.800048828125,1025.0,8084
1789717860000000000,1025.0,1025.199951171875,1025.0,1025.199951171875,34118
1789717920000000000,1025.199951171875,1025.199951171875,1024.9000244140625,1025.0,6802
1789717980000000000,1025.0,1025.199951171875,1025.0,1025.199951171875,7738
1789718040000000000,1025.199951171875,1025.199951171875,1025.199951171875,1025.199951171875,5552
1789718100000000000,1025.199951171875,1025.300048828125,1024.9000244140625,1025.0,8673
1789718160000000000,1025.0,1025.199951171875,1025.0,1025.199951171875,4356
1789718220000000000,1025.0,1025.199951171875,1025.0,1025.0999755859375,7945
1789718280000000000,1025.0,1025.0999755859375,1025.0,1025.0999755859375,6449
1789718340000000000,1025.0999755859375,1026.800048828125,1025.0999755859375,1026.4000244140625,30823
1789718400000000000,1026.4000244140625,1026.4000244140625,1026.199951171875,1026.4000244140625,3600
1789718460000000000,1026.0999755859375,1026.0999755859375,1025.5,1025.699951171875,5394
1789718520000000000,1025.699951171875,1026.0,1025.5,1025.9000244140625,3733
1789718580000000000,1025.9000244140625,1025.9000244140625,1025.800048828125,1025.9000244140625,2336
1789718640000000000,1025.9000244140625,1025.9000244140625,1025.5999755859375,1025.699951171875,7657
1789718700000000000,1025.699951171875,1025.699951171875,1025.300048828125,1025.5,5458
1789718760000000000,1025.5,1025.5,1025.4000244140625,1025.5,2161
1789718820000000000,1025.5,1026.0,1025.5,1026.0,10872
1789718880000000000,1026.300048828125,1026.5999755859375,1025.5,1025.800048828125,22571
1789718940000000000,1025.800048828125,1026.5999755859375,1025.800048828125,1026.199951171875,10434
1789719000000000000,1026.300048828125,1026.4000244140625,1026.0,1026.199951171875,6856
1789719060000000000,1026.199951171875,1026.199951171875,1026.0999755859375,1026.199951171875,4589
1789719120000000000,1026.4000244140625,1026.4000244140625,1026.199951171875,1026.300048828125,10036
1789719180000000000,1026.4000244140625,1026.4000244140625,1026.4000244140625,1026.4000244140625,8132
1789719240000000000,1026.4000244140625,1026.5,1026.4000244140625,1026.5,11869
1789719300000000000,1026.5,1026.5,1025.5999755859375,1026.0,17815
1789719360000000000,1025.9000244140625,1026.5999755859375,1025.9000244140625,1026.5,7055
1789719420000000000,1026.5,1027.0,1026.5,1026.9000244140625,10628
1789719480000000000,1027.0,1027.0,1026.4000244140625,1026.5999755859375,21066
1789719540000000000,1026.5,1026.9000244140625,1026.5,1026.5999755859375,8852
1789719600000000000,1026.5999755859375,1027.0,1026.5,1027.0,6907
1789719660000000000,1026.800048828125,1027.4000244140625,1026.800048828125,1027.0999755859375,11506
1789719720000000000,1027.300048828125,1027.300048828125,1027.0,1027.0999755859375,13108
1789719780000000000,1027.0,1027.199951171875,1027.0,1027.199951171875,6268
1789719840000000000,1027.199951171875,1027.199951171875,1027.0,1027.0,7084
1789719900000000000,1027.0999755859375,1027.5,1027.0,1027.5,10182
1789719960000000000,1027.5,1027.699951171875,1027.300048828125,1027.5999755859375,5690
1789720020000000000,1027.800048828125,1028.0,1027.800048828125,1028.0,7461
1789720080000000000,1028.0,1028.0,1027.800048828125,1027.800048828125,18168
1789720140000000000,1027.800048828125,1027.800048828125,1027.0,1027.4000244140625,10502
1789720200000000000,1027.300048828125,1027.9000244140625,1027.300048828125,1027.800048828125,10471
1789720260000000000,1027.699951171875,1028.0,1027.699951171875,1028.0,12779
1789720320000000000,1027.800048828125,1028.9000244140625,1027.800048828125,1028.699951171875,19492
1789720380000000000,1028.699951171875,1029.5,1028.699951171875,1028.9000244140625,15924
1789720440000000000,1028.800048828125,1029.5,1028.800048828125,1029.199951171875,6590
1789720500000000000,1029.199951171875,1029.4000244140625,1028.5,1028.800048828125,13118
1789720560000000000,1028.5999755859375,1028.5999755859375,1028.0999755859375,1028.5,11924
1789720620000000000,1028.5,1028.9000244140625,1028.4000244140625,1028.9000244140625,8403
1789720680000000000,1028.800048828125,1029.199951171875,1028.4000244140625,1028.699951171875,16354
1789720740000000000,1028.699951171875,1029.199951171875,1028.300048828125,1028.9000244140625,12600
1789720800000000000,1029.0999755859375,1029.4000244140625,1029.0,1029.0999755859375,8598
1789720860000000000,1029.0999755859375,1029.4000244140625,1028.699951171875,1028.9000244140625,15386
1789720920000000000,1028.699951171875,1028.9000244140625,1028.699951171875,1028.800048828125,4085
1789720980000000000,1028.699951171875,1028.800048828125,1028.5,1028.5999755859375,9690
1789721040000000000,1028.5,1028.5999755859375,1027.300048828125,1028.0,8130
1789721100000000000,1027.9000244140625,1028.699951171875,1027.9000244140625,1028.5,13138
1789721160000000000,1028.5,1028.5,1028.300048828125,1028.4000244140625,7528
1789721220000000000,1028.4000244140625,1029.0,1028.4000244140625,1028.5999755859375,12518
1789721280000000000,1028.5999755859375,1029.5,1028.300048828125,1029.300048828125,24155
1789721340000000000,1029.300048828125,1031.9000244140625,1029.300048828125,1030.4000244140625,64286
1789721400000000000,1030.4000244140625,1031.800048828125,1030.4000244140625,1031.699951171875,22945
1789721460000000000,1031.699951171875,1032.5999755859375,1031.5,1032.5999755859375,65491
1789721520000000000,1032.5,1032.699951171875,1032.5,1032.699951171875,12542
1789721580000000000,1032.699951171875,1033.199951171875,1032.5999755859375,1033.199951171875,35591
1789721640000000000,1033.199951171875,1033.4000244140625,1032.9000244140625,1033.0,25654
1789721700000000000,1032.800048828125,1033.4000244140625,1032.4000244140625,1033.4000244140625,20733
1789721760000000000,1033.4000244140625,1033.4000244140625,1032.4000244140625,1032.5,37918
1789721820000000000,1032.5,1033.699951171875,1032.199951171875,1032.800048828125,58409
1789721880000000000,1032.800048828125,1033.5,1032.5999755859375,1032.699951171875,20028
1789721940000000000,1032.699951171875,1033.0999755859375,1032.5999755859375,1032.9000244140625,19961
1789722000000000000,1033.0999755859375,1033.0999755859375,1032.199951171875,1032.699951171875,20622
1789722060000000000,1032.699951171875,1032.800048828125,1032.4000244140625,1032.5,18767
1789722120000000000,1032.5999755859375,1033.5999755859375,1032.5,1033.5,31456
1789722180000000000,1033.5,1033.699951171875,1032.9000244140625,1032.9000244140625,22961
1789722240000000000,1032.699951171875,1033.0999755859375,1032.699951171875,1032.9000244140625,24606
1789722300000000000,1032.9000244140625,1033.5,1032.800048828125,1033.5,16597
1789722360000000000,1034.0,1035.0,1034.0,1034.9000244140625,52804
1789722420000000000,1034.9000244140625,1034.9000244140625,1034.199951171875,1034.5,23923
1789722480000000000,1034.5,1034.5,1034.300048828125,1034.4000244140625,15658
1789722540000000000,1034.4000244140625,1034.5,1034.300048828125,1034.4000244140625,23942
1789722600000000000,1034.5999755859375,1034.5999755859375,1033.699951171875,1034.0,14480
1789722660000000000,1033.800048828125,1034.199951171875,1033.800048828125,1033.9000244140625,15207
1789722720000000000,1034.0,1034.0999755859375,1033.9000244140625,1033.9000244140625,23800
1789722780000000000,1033.9000244140625,1033.9000244140625,1033.5999755859375,1033.5999755859375,25110
1789722840000000000,1033.800048828125,1033.800048828125,1033.5,1033.5,27501
1789722900000000000,1033.5999755859375,1033.800048828125,1033.5,1033.699951171875,25220
1789722960000000000,1033.800048828125,1034.5,1033.699951171875,1034.5,27628
1789723020000000000,1034.4000244140625,1034.800048828125,1033.5999755859375,1034.699951171875,45980
1789723080000000000,1034.5999755859375,1035.0,1034.5,1034.800048828125,22952
1789723140000000000,1034.699951171875,1035.0,1034.4000244140625,1035.0,38594
1789723200000000000,1035.0,1035.300048828125,1034.9000244140625,1035.0999755859375,48808
1789723260000000000,1035.0,1035.199951171875,1034.9000244140625,1035.0,36351
1789723320000000000,1035.0999755859375,1036.5,1035.0,1035.5,93165
1789723380000000000,1035.5,1035.800048828125,1035.4000244140625,1035.5999755859375,23371
1789723440000000000,1035.800048828125,1036.199951171875,1035.5999755859375,1035.699951171875,43804
1789723500000000000,1035.699951171875,1036.0,1035.699951171875,1036.0,25470
1789723560000000000,1036.0,1036.0,1034.5999755859375,1034.699951171875,77599
1789723620000000000,1034.5999755859375,1034.9000244140625,1034.5,1034.9000244140625,22909
1789723680000000000,1034.9000244140625,1035.0,1034.9000244140625,1035.0,35458
1789723740000000000,1035.0,1035.300048828125,1034.4000244140625,1035.300048828125,77504
1789723800000000000,1035.199951171875,1035.199951171875,1034.800048828125,1035.0,92445
1789723860000000000,1034.800048828125,1035.0,1034.5,1034.5,88342
1789723920000000000,1034.5,1034.9000244140625,1034.199951171875,1034.199951171875,74705
1789723980000000000,1034.0999755859375,1034.5,1033.9000244140625,1033.9000244140625,64959
1789724040000000000,1034.0,1034.0,1033.800048828125,1033.9000244140625,21890
1789724100000000000,1034.0,1034.0999755859375,1033.5999755859375,1034.0999755859375,69025
1789724160000000000,1034.0,1034.5,1034.0,1034.4000244140625,70485
1789724220000000000,1033.300048828125,1033.5999755859375,1033.300048828125,1033.5,78485
1789724280000000000,1033.699951171875,1033.800048828125,1033.5999755859375,1033.800048828125,66341
1789724340000000000,1033.699951171875,1033.699951171875,1033.0999755859375,1033.5999755859375,85324
1789724400000000000,1033.5999755859375,1033.9000244140625,1033.5999755859375,1033.9000244140625,107567
1789724460000000000,1033.9000244140625,1034.300048828125,1033.9000244140625,1034.300048828125,121223
1789724520000000000,1034.199951171875,1034.300048828125,1033.300048828125,1033.300048828125,147030
1789724580000000000,1033.300048828125,1033.5999755859375,1032.800048828125,1033.4000244140625,94964
1789724640000000000,1033.5999755859375,1035.300048828125,1033.5999755859375,1034.9000244140625,75638
1789724700000000000,1034.9000244140625,1040.300048828125,1034.9000244140625,1040.300048828125,1398021
1789962300000000000,1035.4000244140625,1035.4000244140625,1030.699951171875,1030.699951171875,0
1789962360000000000,1028.699951171875,1028.800048828125,1026.5,1026.9000244140625,70271
1789962420000000000,1026.9000244140625,1029.5,1026.9000244140625,1028.5,51306
1789962480000000000,1029.300048828125,1029.300048828125,1028.4000244140625,1028.4000244140625,14486
1789962540000000000,1028.199951171875,1029.800048828125,1028.199951171875,1029.699951171875,14210
1789962600000000000,1029.5,1030.0999755859375,1027.800048828125,1027.9000244140625,23545
1789962660000000000,1028.699951171875,1030.5,1028.4000244140625,1030.5,15994
1789962720000000000,1030.4000244140625,1030.5999755859375,1029.9000244140625,1030.199951171875,9473
1789962780000000000,1030.199951171875,1030.9000244140625,1030.0999755859375,1030.800048828125,62156
1789962840000000000,1031.300048828125,1032.5999755859375,1031.300048828125,1032.0,12457
1789962900000000000,1032.199951171875,1032.5999755859375,1031.800048828125,1032.0,4847
1789962960000000000,1032.300048828125,1032.300048828125,1031.800048828125,1032.199951171875,2574
1789963020000000000,1032.4000244140625,1032.9000244140625,1032.0,1032.0,2133
1789963080000000000,1032.5999755859375,1033.5999755859375,1032.5999755859375,1032.800048828125,4727
1789963140000000000,1032.5999755859375,1033.0,1032.0,1032.4000244140625,3267
1789963200000000000,1032.4000244140625,1033.0,1032.300048828125,1032.300048828125,2822
1789963260000000000,1032.4000244140625,1032.5999755859375,1031.699951171875,1031.800048828125,4748
1789963320000000000,1032.0,1032.5999755859375,1031.9000244140625,1032.4000244140625,11888
1789963380000000000,1032.4000244140625,1032.5,1031.9000244140625,1032.5,1506
1789963440000000000,1032.199951171875,1032.5,1032.0,1032.4000244140625,4782
1789963500000000000,1032.5999755859375,1034.0,1032.5999755859375,1034.0,7246
1789963560000000000,1034.0,1034.0,1032.5999755859375,1032.5999755859375,3851
1789963620000000000,1032.800048828125,1032.800048828125,1032.4000244140625,1032.5999755859375,2562
1789963680000000000,1032.5999755859375,1032.9000244140625,1032.5999755859375,1032.5999755859375,4182
1789963740000000000,1032.5999755859375,1032.699951171875,1032.199951171875,1032.199951171875,2060
1789963800000000000,1032.0999755859375,1032.5,1031.9000244140625,1031.9000244140625,3179
1789963860000000000,1031.9000244140625,1032.300048828125,1031.4000244140625,1032.199951171875,3189
1789963920000000000,1032.5,1032.5,1031.800048828125,1031.800048828125,1556
1789963980000000000,1031.9000244140625,1032.0999755859375,1031.5,1031.5999755859375,4670
1789964040000000000,1031.5,1032.199951171875,1031.5,1031.9000244140625,4862
1789964100000000000,1032.5,1032.800048828125,1032.5,1032.5999755859375,6718
1789964160000000000,1032.800048828125,1033.0,1032.800048828125,1032.9000244140625,1671
1789964220000000000,1032.9000244140625,1033.0999755859375,1032.5,1032.5,3508
1789964280000000000,1032.5999755859375,1034.300048828125,1032.5999755859375,1034.199951171875,8155
1789964340000000000,1034.199951171875,1034.300048828125,1033.800048828125,1033.9000244140625,8597
1789964400000000000,1033.800048828125,1033.9000244140625,1033.699951171875,1033.699951171875,1499
1789964460000000000,1033.800048828125,1034.0,1033.699951171875,1033.9000244140625,1015
1789964520000000000,1033.9000244140625,1033.9000244140625,1033.300048828125,1033.699951171875,2526
1789964580000000000,1033.699951171875,1033.699951171875,1032.300048828125,1032.699951171875,4942
1789964640000000000,1032.0,1032.9000244140625,1032.0,1032.9000244140625,4318
1789964700000000000,1032.5999755859375,1032.9000244140625,1032.5999755859375,1032.699951171875,4630
1789964760000000000,1032.699951171875,1033.0,1032.699951171875,1033.0,1556
1789964820000000000,1033.0,1033.800048828125,1033.0,1033.5999755859375,7531
1789964880000000000,1033.5999755859375,1033.5999755859375,1033.0999755859375,1033.0999755859375,2345
1789964940000000000,1033.0,1033.199951171875,1033.0,1033.0999755859375,4063
1789965000000000000,1033.0999755859375,1033.0999755859375,1032.5,1032.699951171875,1881
1789965060000000000,1032.5,1032.5,1032.0,1032.300048828125,4643
1789965120000000000,1032.4000244140625,1032.4000244140625,1031.9000244140625,1031.9000244140625,5314
1789965180000000000,1032.0,1032.5,1031.0999755859375,1031.5999755859375,10773
1789965240000000000,1031.0999755859375,1031.5999755859375,1030.0,1030.0,16461
1789965300000000000,1030.300048828125,1031.4000244140625,1030.0,1031.0,12289
1789965360000000000,1031.0,1031.199951171875,1030.300048828125,1030.800048828125,5554
1789965420000000000,1031.199951171875,1031.300048828125,1030.9000244140625,1031.300048828125,4186
1789965480000000000,1031.0,1031.4000244140625,1030.800048828125,1030.800048828125,3038
1789965540000000000,1031.0999755859375,1031.199951171875,1030.4000244140625,1030.4000244140625,3762
1789965600000000000,1030.5999755859375,1031.300048828125,1030.5999755859375,1031.300048828125,4616
1789965660000000000,1031.199951171875,1031.199951171875,1030.800048828125,1030.800048828125,3832
1789965720000000000,1030.800048828125,1031.0999755859375,1030.199951171875,1030.800048828125,12168
1789965780000000000,1030.9000244140625,1030.9000244140625,1030.5,1030.699951171875,4279
1789965840000000000,1030.5999755859375,1030.5999755859375,1030.4000244140625,1030.5999755859375,2720
1789965900000000000,1030.0,1030.0999755859375,1029.5999755859375,1029.9000244140625,4908
1789965960000000000,1029.9000244140625,1031.300048828125,1029.9000244140625,1031.0999755859375,8235
1789966020000000000,1031.0999755859375,1031.0999755859375,1030.5999755859375,1030.699951171875,4178
1789966080000000000,1030.5999755859375,1030.9000244140625,1030.300048828125,1030.800048828125,3115
1789966140000000000,1030.699951171875,1030.699951171875,1030.0999755859375,1030.699951171875,4833
1789966200000000000,1030.800048828125,1031.199951171875,1030.5999755859375,1031.199951171875,4258
1789966260000000000,1031.0,1031.300048828125,1031.0,1031.300048828125,1642
1789966320000000000,1031.300048828125,1031.5,1030.9000244140625,1031.5,2615
1789966380000000000,1031.300048828125,1031.699951171875,1031.300048828125,1031.4000244140625,2311
1789966440000000000,1031.800048828125,1031.9000244140625,1031.0999755859375,1031.5,2741
1789966500000000000,1031.4000244140625,1031.5999755859375,1030.5999755859375,1030.5999755859375,2364
1789966560000000000,1030.800048828125,1031.0,1030.800048828125,1030.9000244140625,2145
1789966620000000000,1030.800048828125,1030.9000244140625,1030.300048828125,1030.800048828125,4776
1789966680000000000,1030.800048828125,1030.9000244140625,1030.699951171875,1030.699951171875,1467
1789966740000000000,1030.800048828125,1031.0,1030.5999755859375,1030.5999755859375,1472
1789966800000000000,1030.5999755859375,1031.0,1030.5999755859375,1030.9000244140625,2218
1789966860000000000,1030.9000244140625,1030.9000244140625,1030.300048828125,1030.5,2430
1789966920000000000,1030.199951171875,1030.699951171875,1030.199951171875,1030.699951171875,3789
1789966980000000000,1030.800048828125,1030.800048828125,1030.199951171875,1030.800048828125,3706
1789967040000000000,1030.300048828125,1030.5999755859375,1030.199951171875,1030.199951171875,3370
1789967100000000000,1030.5,1030.5999755859375,1029.800048828125,1029.800048828125,4357
1789967160000000000,1029.800048828125,1030.199951171875,1029.699951171875,1030.0,3204
1789967220000000000,1030.0999755859375,1030.199951171875,1029.699951171875,1029.9000244140625,3417
1789967280000000000,1029.9000244140625,1030.199951171875,1029.9000244140625,1030.199951171875,2497
1789967340000000000,1030.0999755859375,1030.0999755859375,1029.5,1029.5999755859375,1869
1789967400000000000,1029.800048828125,1030.4000244140625,1029.800048828125,1030.4000244140625,5326
1789967460000000000,1030.4000244140625,1031.199951171875,1030.4000244140625,1031.199951171875,2051
1789967520000000000,1031.199951171875,1031.5,1031.199951171875,1031.300048828125,1523
1789967580000000000,1031.199951171875,1031.300048828125,1030.9000244140625,1031.0,3594
1789967640000000000,1031.4000244140625,1031.5999755859375,1031.4000244140625,1031.5,1382
1789967700000000000,1031.5,1032.199951171875,1031.5,1032.0,21105
1789967760000000000,1032.199951171875,1032.199951171875,1031.5,1032.0999755859375,4212
1789967820000000000,1032.0999755859375,1032.5,1031.699951171875,1031.699951171875,3556
1789967880000000000,1032.0,1032.0,1031.199951171875,1031.300048828125,2345
1789967940000000000,1031.5999755859375,1032.0,1031.5999755859375,1031.699951171875,1998
1789968000000000000,1032.0,1032.0,1031.5999755859375,1031.699951171875,1936
1789968060000000000,1031.699951171875,1032.0,1031.300048828125,1031.300048828125,3295
1789968120000000000,1031.5999755859375,1031.699951171875,1031.199951171875,1031.4000244140625,3215
1789968180000000000,1031.5,1031.5999755859375,1031.4000244140625,1031.5999755859375,2988
1789968240000000000,1031.5999755859375,1031.699951171875,1031.199951171875,1031.4000244140625,3302
1789968300000000000,1031.5999755859375,1031.9000244140625,1030.0999755859375,1030.0999755859375,8932
1789968360000000000,1030.199951171875,1030.800048828125,1030.0,1030.0,9527
1789968420000000000,1030.199951171875,1030.699951171875,1030.0,1030.0999755859375,4643
1789968480000000000,1030.300048828125,1030.5999755859375,1030.199951171875,1030.5999755859375,3545
1789968540000000000,1030.199951171875,1030.5,1030.199951171875,1030.5,1846
1789968600000000000,1030.800048828125,1030.800048828125,1030.300048828125,1030.5,2278
1789968660000000000,1030.5,1030.800048828125,1030.199951171875,1030.199951171875,2380
1789968720000000000,1030.5,1030.699951171875,1030.300048828125,1030.300048828125,2263
1789968780000000000,1030.199951171875,1030.699951171875,1030.199951171875,1030.699951171875,2290
1789968840000000000,1030.800048828125,1031.0999755859375,1030.800048828125,1031.0,3401
1789968900000000000,1031.0,1031.5,1031.0,1031.5,3247
1789968960000000000,1031.300048828125,1031.300048828125,1031.0,1031.199951171875,2137
1789969020000000000,1031.199951171875,1031.199951171875,1030.5999755859375,1030.5999755859375,6552
1789969080000000000,1030.5999755859375,1031.0,1030.5999755859375,1031.0,2622
1789969140000000000,1031.199951171875,1031.199951171875,1030.5,1031.0,2886
1789969200000000000,1030.699951171875,1031.9000244140625,1030.699951171875,1031.9000244140625,7752
1789969260000000000,1032.199951171875,1032.4000244140625,1031.699951171875,1032.4000244140625,3539
1789969320000000000,1032.0,1032.300048828125,1031.800048828125,1032.0,2131
1789969380000000000,1031.9000244140625,1032.300048828125,1031.699951171875,1032.0999755859375,3489
1789969440000000000,1031.800048828125,1031.800048828125,1030.9000244140625,1031.300048828125,4616
1789969500000000000,1031.300048828125,1031.5999755859375,1031.199951171875,1031.199951171875,1784
1789969560000000000,1031.199951171875,1031.5999755859375,1030.699951171875,1030.800048828125,4323
1789969620000000000,1031.0999755859375,1031.300048828125,1030.800048828125,1030.800048828125,3363
1789969680000000000,1030.699951171875,1031.0999755859375,1030.5,1030.5,2260
1789969740000000000,1030.5999755859375,1030.699951171875,1030.5,1030.699951171875,2503
1789969800000000000,1031.0,1031.199951171875,1030.699951171875,1030.800048828125,1852
1789969860000000000,1031.0,1031.0999755859375,1030.5,1030.5999755859375,2782
1789969920000000000,1030.5999755859375,1031.0,1030.5999755859375,1030.9000244140625,1835
1789969980000000000,1031.199951171875,1031.300048828125,1030.800048828125,1030.800048828125,1690
1789970040000000000,1030.699951171875,1030.800048828125,1030.5,1030.5,3552
1789970100000000000,1030.5,1031.0,1030.4000244140625,1030.5,2986
1789970160000000000,1030.5,1030.699951171875,1030.4000244140625,1030.5999755859375,1679
1789970220000000000,1030.800048828125,1030.9000244140625,1030.5999755859375,1030.5999755859375,1722
1789970280000000000,1030.800048828125,1030.800048828125,1030.300048828125,1030.4000244140625,2370
1789970340000000000,1030.5,1030.800048828125,1030.300048828125,1030.4000244140625,1839
1789970400000000000,1030.699951171875,1030.9000244140625,1030.5,1030.5999755859375,1712
1789970460000000000,1030.9000244140625,1031.0,1030.5999755859375,1030.800048828125,2421
1789970520000000000,1030.800048828125,1030.800048828125,1030.5,1030.5,1515
1789970580000000000,1030.5999755859375,1031.5,1030.5999755859375,1031.300048828125,9418
1789970640000000000,1031.800048828125,1032.0,1031.5,1031.5,5778
1789970700000000000,1031.5,1031.699951171875,1031.199951171875,1031.199951171875,2282
1789970760000000000,1031.0999755859375,1031.800048828125,1031.0999755859375,1031.300048828125,4662
1789970820000000000,1031.5999755859375,1031.5999755859375,1030.5999755859375,1030.5999755859375,3263
1789970880000000000,1030.9000244140625,1030.9000244140625,1030.5,1030.5,1924
1789970940000000000,1030.5,1030.800048828125,1030.5,1030.5,1622
1789971000000000000,1030.5,1030.800048828125,1030.5,1030.5999755859375,1977
1789971060000000000,1030.5,1031.0,1030.4000244140625,1030.5999755859375,6090
1789971120000000000,1030.699951171875,1030.9000244140625,1030.5999755859375,1030.5999755859375,1451
1789971180000000000,1030.5999755859375,1030.5999755859375,1030.300048828125,1030.4000244140625,1714
1789971240000000000,1030.5,1030.699951171875,1030.300048828125,1030.5,2365
1789971300000000000,1030.699951171875,1031.0999755859375,1030.4000244140625,1030.5,4135
1789971360000000000,1030.4000244140625,1030.5,1030.300048828125,1030.5,3539
1789971420000000000,1030.4000244140625,1030.5,1030.199951171875,1030.300048828125,4892
1789971480000000000,1030.4000244140625,1031.0,1030.0999755859375,1031.0,7368
1789971540000000000,1031.0,1031.699951171875,1031.0,1031.5999755859375,20365
1789971600000000000,1031.5999755859375,1032.0,1030.9000244140625,1031.300048828125,15163
1789971660000000000,1031.0,1031.699951171875,1030.800048828125,1030.9000244140625,9000
1789971720000000000,1030.9000244140625,1031.4000244140625,1030.9000244140625,1031.4000244140625,2524
1789971780000000000,1031.0999755859375,1031.300048828125,1031.0999755859375,1031.0999755859375,1299
1789971840000000000,1031.0999755859375,1033.199951171875,1031.0999755859375,1033.199951171875,31775
1789971900000000000,1033.300048828125,1033.5999755859375,1033.0999755859375,1033.4000244140625,6819
1789971960000000000,1033.5999755859375,1033.9000244140625,1033.4000244140625,1033.5999755859375,3951
1789972020000000000,1033.5999755859375,1034.5999755859375,1033.5999755859375,1034.5999755859375,10343
1789972080000000000,1034.5,1034.800048828125,1034.0999755859375,1034.0999755859375,9308
1789972140000000000,1034.0999755859375,1035.199951171875,1034.0999755859375,1035.0,145554
1789972200000000000,1035.0,1035.5,1034.9000244140625,1035.300048828125,10509
1789972260000000000,1035.300048828125,1035.5,1034.699951171875,1035.0999755859375,4091
1789972320000000000,1035.0999755859375,1035.4000244140625,1035.0999755859375,1035.0999755859375,3466
1789972380000000000,1035.199951171875,1035.199951171875,1034.4000244140625,1034.699951171875,3208
1789972440000000000,1034.699951171875,1034.9000244140625,1034.5,1034.9000244140625,4896
1789972500000000000,1035.0999755859375,1035.5,1035.0,1035.4000244140625,20204
1789972560000000000,1035.4000244140625,1035.699951171875,1035.199951171875,1035.5999755859375,6849
1789972620000000000,1035.0999755859375,1035.5,1035.0999755859375,1035.5,7709
1789972680000000000,1035.5,1035.800048828125,1035.199951171875,1035.199951171875,2889
1789972740000000000,1035.199951171875,1035.4000244140625,1035.0,1035.4000244140625,7986
1789972800000000000,1035.4000244140625,1035.5999755859375,1035.0999755859375,1035.0999755859375,7353
1789972860000000000,1035.199951171875,1035.4000244140625,1035.0999755859375,1035.4000244140625,3083
1789972920000000000,1035.4000244140625,1035.5,1035.0999755859375,1035.5,2913
1789972980000000000,1035.5,1035.5999755859375,1035.199951171875,1035.5999755859375,3024
1789973040000000000,1035.5999755859375,1035.699951171875,1035.5,1035.699951171875,6388
1789973100000000000,1035.699951171875,1036.0,1035.5999755859375,1035.699951171875,12727
1789973160000000000,1035.800048828125,1035.9000244140625,1035.699951171875,1035.699951171875,2872
1789973220000000000,1035.699951171875,1035.699951171875,1035.199951171875,1035.300048828125,6181
1789973280000000000,1035.5,1035.699951171875,1035.0999755859375,1035.699951171875,3778
1789973340000000000,1035.4000244140625,1035.5,1035.300048828125,1035.5,3714
1789973400000000000,1035.5,1035.5,1035.0999755859375,1035.199951171875,3361
1789973460000000000,1035.5,1035.5,1035.300048828125,1035.5,5957
1789973520000000000,1035.300048828125,1035.5,1035.300048828125,1035.300048828125,4567
1789973580000000000,1035.300048828125,1035.4000244140625,1035.0,1035.0,3697
1789973640000000000,1035.0999755859375,1035.199951171875,1035.0999755859375,1035.199951171875,2832
1789973700000000000,1035.0999755859375,1035.300048828125,1035.0,1035.300048828125,4059
1789973760000000000,1035.0999755859375,1035.4000244140625,1035.0,1035.4000244140625,2236
1789973820000000000,1035.4000244140625,1035.4000244140625,1035.0,1035.0,2917
1789973880000000000,1035.300048828125,1035.4000244140625,1035.0,1035.4000244140625,2239
1789973940000000000,1035.4000244140625,1035.4000244140625,1035.199951171875,1035.199951171875,1702
1789974000000000000,1035.4000244140625,1035.9000244140625,1035.4000244140625,1035.9000244140625,6627
1789974060000000000,1035.699951171875,1035.699951171875,1034.300048828125,1034.5,74987
1789974120000000000,1034.5,1034.5,1033.0,1033.5,33235
1789974180000000000,1033.5999755859375,1034.199951171875,1033.5,1033.5999755859375,10302
1789974240000000000,1034.0,1034.0999755859375,1033.4000244140625,1033.4000244140625,5588
1789974300000000000,1033.699951171875,1033.800048828125,1032.5999755859375,1033.199951171875,14088
1789974360000000000,1033.4000244140625,1033.5999755859375,1032.699951171875,1032.699951171875,33851
1789974420000000000,1032.9000244140625,1033.300048828125,1032.5,1033.0,17490
1789974480000000000,1033.0,1033.0,1032.300048828125,1032.699951171875,54818
1789974540000000000,1032.800048828125,1032.800048828125,1031.4000244140625,1031.5999755859375,39957
1789974600000000000,1032.0,1032.0,1030.5,1030.5,18690
1789974660000000000,1030.300048828125,1030.300048828125,1029.5,1029.5999755859375,21494
1789974720000000000,1029.5999755859375,1030.0,1029.5999755859375,1030.0,3043
1789974780000000000,1030.0,1030.0,1029.5999755859375,1029.699951171875,1631
1789974840000000000,1029.9000244140625,1030.0,1029.5999755859375,1030.0,2703
1789974900000000000,1029.699951171875,1029.9000244140625,1029.5999755859375,1029.699951171875,2443
1789974960000000000,1029.800048828125,1030.0,1029.5999755859375,1029.5999755859375,1377
1789975020000000000,1029.5999755859375,1029.699951171875,1029.5,1029.699951171875,1926
1789975080000000000,1029.699951171875,1029.9000244140625,1029.5,1029.5,1179
1789975140000000000,1029.5,1029.5,1027.0999755859375,1027.300048828125,15766
1789975200000000000,1027.0,1027.0,1026.0,1026.0,13047
1789975260000000000,1026.0,1026.699951171875,1026.0,1026.699951171875,10497
1789975320000000000,1026.5999755859375,1026.699951171875,1025.5,1025.800048828125,8118
1789975380000000000,1025.9000244140625,1025.9000244140625,1025.300048828125,1025.300048828125,7716
1789975440000000000,1025.300048828125,1026.699951171875,1025.300048828125,1026.699951171875,5660
1789975500000000000,1026.699951171875,1026.9000244140625,1026.0999755859375,1026.5,8855
1789975560000000000,1026.699951171875,1026.699951171875,1026.0,1026.0999755859375,4175
1789975620000000000,1026.0999755859375,1026.300048828125,1025.9000244140625,1026.0,3015
1789975680000000000,1026.0,1026.300048828125,1025.5,1025.800048828125,6249
1789975740000000000,1025.800048828125,1025.800048828125,1025.699951171875,1025.699951171875,1226
1789975800000000000,1025.699951171875,1026.0,1025.5999755859375,1025.9000244140625,1956
1789975860000000000,1025.9000244140625,1026.0999755859375,1025.5999755859375,1025.5999755859375,3334
1789975920000000000,1025.5999755859375,1025.5999755859375,1024.4000244140625,1024.5999755859375,12058
1789975980000000000,1024.699951171875,1025.300048828125,1024.699951171875,1025.0,4817
1789976040000000000,1025.199951171875,1025.300048828125,1024.800048828125,1025.199951171875,3195
1789976100000000000,1025.199951171875,1025.4000244140625,1025.0,1025.199951171875,10914
1789976160000000000,1024.800048828125,1024.9000244140625,1023.9000244140625,1023.9000244140625,54009
1789976220000000000,1024.0,1024.300048828125,1022.9000244140625,1023.4000244140625,29438
1789976280000000000,1023.0999755859375,1023.4000244140625,1022.9000244140625,1023.2000122070312,31796
1789976340000000000,1023.0,1023.4000244140625,1022.4000244140625,1022.5,6123
1789976400000000000,1022.5,1022.7000122070312,1022.4000244140625,1022.5999755859375,3713
1789976460000000000,1022.5999755859375,1023.0,1022.5,1022.5999755859375,3179
1789976520000000000,1022.5999755859375,1022.7000122070312,1022.4000244140625,1022.5999755859375,8731
1789976580000000000,1022.7000122070312,1024.199951171875,1022.7000122070312,1024.0999755859375,7679
1789976640000000000,1024.0999755859375,1024.199951171875,1023.7999877929688,1024.199951171875,4023
1789976700000000000,1024.199951171875,1024.5,1024.0999755859375,1024.0999755859375,3286
1789976760000000000,1024.0999755859375,1024.5999755859375,1024.0999755859375,1024.199951171875,1742
1789976820000000000,1024.4000244140625,1024.5999755859375,1024.199951171875,1024.4000244140625,1522
1789976880000000000,1024.300048828125,1024.699951171875,1023.9000244140625,1023.9000244140625,10806
1789976940000000000,1024.300048828125,1024.699951171875,1023.9000244140625,1024.300048828125,97651
1789977000000000000,1024.199951171875,1025.0,1024.199951171875,1025.0,6374
1789977060000000000,1024.699951171875,1025.0,1023.5,1024.0,105115
1789977120000000000,1024.199951171875,1024.5,1024.0,1024.0999755859375,3862
1789977180000000000,1024.0999755859375,1024.5999755859375,1024.0,1024.5999755859375,6088
1789977240000000000,1024.5999755859375,1024.5999755859375,1024.300048828125,1024.4000244140625,1890
1789977300000000000,1024.4000244140625,1024.5,1024.300048828125,1024.300048828125,46134
1789977360000000000,1024.5999755859375,1024.5999755859375,1023.9000244140625,1023.9000244140625,38526
1789977420000000000,1023.9000244140625,1024.699951171875,1023.9000244140625,1024.199951171875,14433
1789977480000000000,1024.199951171875,1024.5,1024.0999755859375,1024.300048828125,3438
1789977540000000000,1024.0999755859375,1024.300048828125,1024.0,1024.0999755859375,4244
1789977600000000000,1024.0999755859375,1024.300048828125,1024.0,1024.0999755859375,3102
1789977660000000000,1024.0,1024.4000244140625,1023.4000244140625,1023.5,62778
1789977720000000000,1023.9000244140625,1024.4000244140625,1023.9000244140625,1024.0999755859375,6627
1789977780000000000,1024.0999755859375,1024.4000244140625,1024.0,1024.0,2741
1789977840000000000,1024.199951171875,1024.4000244140625,1024.0,1024.0999755859375,3587
1789977900000000000,1024.0999755859375,1024.300048828125,1024.0,1024.300048828125,3201
1789977960000000000,1024.0999755859375,1024.0999755859375,1023.7999877929688,1023.7999877929688,3404
1789978020000000000,1023.9000244140625,1024.0999755859375,1023.7999877929688,1024.0,4916
1789978080000000000,1023.5999755859375,1023.7999877929688,1023.4000244140625,1023.5999755859375,5340
1789978140000000000,1023.4000244140625,1023.5999755859375,1023.4000244140625,1023.4000244140625,2137
1789978200000000000,1023.5,1023.5,1023.2999877929688,1023.4000244140625,15462
1789978260000000000,1023.2000122070312,1023.5,1022.9000244140625,1023.2000122070312,3976
1789978320000000000,1023.0999755859375,1023.5,1023.0,1023.0999755859375,2534
1789978380000000000,1023.0999755859375,1023.4000244140625,1023.0999755859375,1023.0999755859375,5888
1789978440000000000,1023.5,1023.9000244140625,1023.4000244140625,1023.5,5013
1789978500000000000,1023.7999877929688,1023.7999877929688,1023.5,1023.5999755859375,3252
1789978560000000000,1023.5999755859375,1023.7999877929688,1023.5,1023.5,2868
1789978620000000000,1023.5,1024.0,1023.5,1023.5999755859375,29835
1789978680000000000,1023.7000122070312,1024.0999755859375,1023.5,1023.5999755859375,17750
1789978740000000000,1023.5999755859375,1024.0999755859375,1023.5999755859375,1023.9000244140625,5558
1789978800000000000,1023.7000122070312,1024.0,1023.5999755859375,1023.9000244140625,4429
1789978860000000000,1023.9000244140625,1025.300048828125,1023.9000244140625,1024.9000244140625,10595
1789978920000000000,1025.0,1025.4000244140625,1024.9000244140625,1025.199951171875,2393
1789978980000000000,1025.5,1025.5,1025.0,1025.0,7170
1789979040000000000,1025.0999755859375,1025.199951171875,1025.0,1025.199951171875,2205
1789979100000000000,1025.0,1025.800048828125,1025.0,1025.800048828125,9819
1789979160000000000,1025.9000244140625,1026.0,1025.699951171875,1025.800048828125,4680
1789979220000000000,1025.699951171875,1025.9000244140625,1025.4000244140625,1025.4000244140625,2290
1789979280000000000,1025.800048828125,1026.699951171875,1025.800048828125,1026.5,6573
1789979340000000000,1026.0,1028.0999755859375,1026.0,1027.9000244140625,15512
1789979400000000000,1027.5999755859375,1028.0,1027.5,1028.0,7799
1789979460000000000,1027.800048828125,1028.199951171875,1027.800048828125,1028.0,6815
1789979520000000000,1028.0999755859375,1028.0999755859375,1028.0,1028.0,3849
1789979580000000000,1027.699951171875,1028.199951171875,1027.699951171875,1028.0,4123
1789979640000000000,1028.199951171875,1028.199951171875,1027.5999755859375,1027.5999755859375,3381
1789979700000000000,1027.5999755859375,1027.5999755859375,1027.0,1027.4000244140625,3908
1789979760000000000,1027.4000244140625,1027.4000244140625,1027.0,1027.300048828125,4219
1789979820000000000,1027.4000244140625,1027.5,1026.5,1026.5,4922
1789979880000000000,1026.800048828125,1027.0,1026.5,1026.699951171875,4007
1789979940000000000,1026.5999755859375,1027.0999755859375,1026.5999755859375,1026.699951171875,1788
1789980000000000000,1026.800048828125,1027.0,1026.0999755859375,1026.699951171875,12804
1789980060000000000,1026.699951171875,1027.0,1025.9000244140625,1026.5,32827
1789980120000000000,1026.5,1026.5999755859375,1026.0,1026.0999755859375,13156
1789980180000000000,1026.199951171875,1027.0,1026.0,1026.4000244140625,14203
1789980240000000000,1026.800048828125,1026.800048828125,1026.0,1026.0,15736
1789980300000000000,1025.9000244140625,1026.300048828125,1025.300048828125,1025.300048828125,21491
1789980360000000000,1025.300048828125,1026.0,1025.0,1025.4000244140625,15093
1789980420000000000,1025.4000244140625,1025.9000244140625,1025.300048828125,1025.4000244140625,16038
1789980480000000000,1025.4000244140625,1026.300048828125,1025.0999755859375,1026.0,20000
1789980540000000000,1025.9000244140625,1026.0,1025.300048828125,1025.300048828125,14154
1789980600000000000,1025.4000244140625,1025.800048828125,1025.0,1025.0,24119
1789980660000000000,1025.0,1025.5,1024.5999755859375,1025.0,33657
1789980720000000000,1025.0999755859375,1025.300048828125,1024.800048828125,1025.0,31972
1789980780000000000,1025.0,1025.800048828125,1025.0,1025.5,14419
1789980840000000000,1025.4000244140625,1025.699951171875,1024.9000244140625,1025.0,13442
1789980900000000000,1025.0,1025.800048828125,1024.9000244140625,1025.4000244140625,13998
1789980960000000000,1025.699951171875,1026.5,1025.4000244140625,1026.0,17406
1789981020000000000,1026.0999755859375,1026.199951171875,1025.699951171875,1026.0,13945
1789981080000000000,1026.0,1026.300048828125,1025.699951171875,1026.300048828125,14152
1789981140000000000,1026.300048828125,1026.300048828125,1025.5999755859375,1025.699951171875,14961
1789981200000000000,1025.800048828125,1025.800048828125,1025.0999755859375,1025.0999755859375,18959
1789981260000000000,1025.0999755859375,1026.0,1025.0999755859375,1025.300048828125,21056
1789981320000000000,1025.300048828125,1025.5,1025.0,1025.199951171875,13767
1789981380000000000,1025.199951171875,1025.699951171875,1025.0,1025.0,19185
1789981440000000000,1025.199951171875,1025.5999755859375,1025.0,1025.0999755859375,14462
1789981500000000000,1025.0999755859375,1025.5,1024.9000244140625,1025.0999755859375,13782
1789981560000000000,1025.0,1025.5999755859375,1025.0,1025.300048828125,11179
1789981620000000000,1025.5,1026.0,1025.0999755859375,1025.5999755859375,19118
1789981680000000000,1025.5999755859375,1026.199951171875,1025.4000244140625,1026.0,23103
1789981740000000000,1025.9000244140625,1025.9000244140625,1025.199951171875,1025.300048828125,15211
1789981800000000000,1025.5,1026.300048828125,1025.5,1026.0999755859375,22729
1789981860000000000,1026.199951171875,1026.199951171875,1025.4000244140625,1025.5,13824
1789981920000000000,1025.5,1026.300048828125,1025.5,1026.0,22983
1789981980000000000,1026.0,1026.300048828125,1025.5999755859375,1025.9000244140625,18725
1789982040000000000,1025.9000244140625,1026.0,1025.300048828125,1025.5,16602
1789982100000000000,1025.5,1026.300048828125,1025.5,1026.0,18611
1789982160000000000,1026.0,1026.199951171875,1025.5,1025.5,15480
1789982220000000000,1025.5,1026.199951171875,1025.300048828125,1026.0999755859375,17521
1789982280000000000,1026.0,1026.300048828125,1025.5,1025.5,15342
1789982340000000000,1025.5,1025.9000244140625,1025.5,1025.9000244140625,16054
1789982400000000000,1025.5999755859375,1026.0,1025.199951171875,1025.5999755859375,20716
1789982460000000000,1025.199951171875,1025.699951171875,1025.199951171875,1025.300048828125,23557
1789982520000000000,1025.199951171875,1025.800048828125,1024.9000244140625,1024.9000244140625,27798
1789982580000000000,1024.9000244140625,1025.300048828125,1024.5999755859375,1025.300048828125,19482
1789982640000000000,1025.0999755859375,1025.699951171875,1024.5,1025.699951171875,18072
1789982700000000000,1025.5999755859375,1025.5999755859375,1024.5,1025.0,34144
1789982760000000000,1025.0,1025.199951171875,1024.699951171875,1025.0,17463
1789982820000000000,1025.0,1025.300048828125,1024.5,1024.5,18319
1789982880000000000,1025.0999755859375,1025.0999755859375,1023.5,1023.5,18952
1789982940000000000,1023.5,1023.5999755859375,1023.0,1023.0,22554
1789983000000000000,1023.2999877929688,1023.4000244140625,1022.2999877929688,1022.2999877929688,30354
1789983060000000000,1022.5,1022.5999755859375,1022.2000122070312,1022.2999877929688,23402
1789983120000000000,1022.5,1022.7000122070312,1022.2999877929688,1022.2999877929688,35683
1789983180000000000,1022.2000122070312,1022.9000244140625,1022.2000122070312,1022.7999877929688,42674
1789983240000000000,1022.9000244140625,1022.9000244140625,1022.7000122070312,1022.7000122070312,18291
1789983300000000000,1022.7000122070312,1023.5999755859375,1022.7000122070312,1023.5,25189
1789983360000000000,1023.5999755859375,1023.7999877929688,1023.2999877929688,1023.7000122070312,20595
1789983420000000000,1023.7000122070312,1023.7999877929688,1023.2000122070312,1023.4000244140625,23463
1789983480000000000,1023.4000244140625,1023.7999877929688,1023.2000122070312,1023.7999877929688,21425
1789983540000000000,1023.7000122070312,1024.300048828125,1023.5,1024.0999755859375,31427
1789983600000000000,1023.9000244140625,1024.0999755859375,1023.9000244140625,1023.9000244140625,52399
1789983660000000000,1024.0999755859375,1024.199951171875,1023.9000244140625,1024.0,46263
1789983720000000000,1023.9000244140625,1024.699951171875,1023.7999877929688,1024.300048828125,64213
1789983780000000000,1024.9000244140625,1024.9000244140625,1024.5,1024.9000244140625,21015
1789983840000000000,1024.800048828125,1024.800048828125,1024.0999755859375,1024.699951171875,27582
1789983900000000000,1024.699951171875,1024.699951171875,1021.2999877929688,1021.2999877929688,174816
1790048700000000000,1025.0,1025.800048828125,1022.7000122070312,1024.800048828125,0
1790048760000000000,1024.5999755859375,1027.4000244140625,1024.4000244140625,1027.199951171875,79506
1790048820000000000,1027.300048828125,1027.5999755859375,1026.0,1026.4000244140625,23128
1790048880000000000,1026.9000244140625,1028.4000244140625,1026.9000244140625,1028.4000244140625,7132
1790048940000000000,1028.4000244140625,1029.0,1028.0,1028.0,17614
1790049000000000000,1028.199951171875,1028.199951171875,1026.5,1026.5,9055
1790049060000000000,1026.300048828125,1026.4000244140625,1025.5,1025.5,4450
1790049120000000000,1025.5999755859375,1025.699951171875,1025.5,1025.5,8011
1790049180000000000,1025.699951171875,1026.199951171875,1025.5,1026.199951171875,8528
1790049240000000000,1026.0,1026.0,1025.5,1025.5,12003
1790049300000000000,1025.5,1025.5,1024.300048828125,1024.5999755859375,57781
1790049360000000000,1024.4000244140625,1024.5999755859375,1024.300048828125,1024.300048828125,5855
1790049420000000000,1024.5,1025.0,1024.5,1024.9000244140625,7619
1790049480000000000,1025.0,1025.5999755859375,1025.0,1025.5999755859375,10498
1790049540000000000,1025.5999755859375,1025.9000244140625,1025.4000244140625,1025.9000244140625,13594
1790049600000000000,1025.800048828125,1026.0999755859375,1025.300048828125,1025.300048828125,5730
1790049660000000000,1025.5,1025.5999755859375,1025.300048828125,1025.4000244140625,7640
1790049720000000000,1025.199951171875,1025.199951171875,1022.9000244140625,1023.5999755859375,17315
1790049780000000000,1023.2999877929688,1023.4000244140625,1022.9000244140625,1022.9000244140625,7117
1790049840000000000,1022.7000122070312,1022.9000244140625,1022.5999755859375,1022.9000244140625,4517
1790049900000000000,1022.9000244140625,1023.9000244140625,1022.9000244140625,1023.7000122070312,5970
1790049960000000000,1023.7999877929688,1024.0,1023.2000122070312,1023.5,10364
1790050020000000000,1023.5,1023.7999877929688,1023.5,1023.7999877929688,3126
1790050080000000000,1023.7000122070312,1025.0,1023.7000122070312,1024.800048828125,9442
1790050140000000000,1024.5,1025.0999755859375,1024.5,1024.699951171875,2767
1790050200000000000,1024.699951171875,1024.699951171875,1023.7999877929688,1023.7999877929688,6546
1790050260000000000,1024.0,1025.0,1024.0,1024.5999755859375,9849
1790050320000000000,1024.199951171875,1024.699951171875,1024.199951171875,1024.199951171875,4385
1790050380000000000,1024.199951171875,1024.5999755859375,1023.5999755859375,1023.7000122070312,6222
1790050440000000000,1023.5999755859375,1024.0999755859375,1023.4000244140625,1023.5,6652
1790050500000000000,1024.0999755859375,1024.0999755859375,1024.0,1024.0,4609
1790050560000000000,1024.0999755859375,1024.0999755859375,1024.0,1024.0,3472
1790050620000000000,1024.0,1024.300048828125,1023.9000244140625,1024.300048828125,4405
1790050680000000000,1024.199951171875,1024.300048828125,1024.199951171875,1024.300048828125,1649
1790050740000000000,1024.199951171875,1025.0,1024.199951171875,1025.0,6735
1790050800000000000,1024.699951171875,1025.199951171875,1024.699951171875,1024.9000244140625,8027
1790050860000000000,1024.699951171875,1024.699951171875,1024.199951171875,1024.199951171875,5310
1790050920000000000,1024.300048828125,1024.300048828125,1024.0999755859375,1024.0999755859375,2249
1790050980000000000,1024.0999755859375,1024.199951171875,1024.0,1024.0999755859375,2108
1790051040000000000,1024.0999755859375,1024.199951171875,1024.0999755859375,1024.0999755859375,2022
1790051100000000000,1024.199951171875,1024.4000244140625,1023.5,1023.5999755859375,15150
1790051160000000000,1023.7999877929688,1023.7999877929688,1023.5,1023.7000122070312,4698
1790051220000000000,1023.2999877929688,1023.5999755859375,1023.2000122070312,1023.2999877929688,1917
1790051280000000000,1023.2999877929688,1023.4000244140625,1023.0999755859375,1023.4000244140625,6403
1790051340000000000,1023.2999877929688,1023.2999877929688,1023.0999755859375,1023.2000122070312,4833
1790051400000000000,1023.7000122070312,1024.5,1023.7000122070312,1024.199951171875,6848
1790051460000000000,1024.5,1024.5,1024.199951171875,1024.199951171875,9534
1790051520000000000,1024.199951171875,1024.199951171875,1023.4000244140625,1023.5999755859375,11749
1790051580000000000,1023.7000122070312,1024.4000244140625,1023.7000122070312,1024.4000244140625,2966
1790051640000000000,1024.4000244140625,1024.800048828125,1024.199951171875,1024.5,2454
1790051700000000000,1024.4000244140625,1024.5,1024.300048828125,1024.5,4135
1790051760000000000,1024.300048828125,1024.300048828125,1023.5,1023.5,6356
1790051820000000000,1023.5999755859375,1023.5999755859375,1023.2999877929688,1023.4000244140625,3441
1790051880000000000,1023.4000244140625,1023.7999877929688,1023.4000244140625,1023.5,2185
1790051940000000000,1023.5,1024.0,1023.5,1023.5999755859375,3419
1790052000000000000,1023.7999877929688,1024.0999755859375,1023.7000122070312,1023.7999877929688,2393
1790052060000000000,1023.7999877929688,1024.5999755859375,1023.7999877929688,1024.300048828125,10458
1790052120000000000,1024.300048828125,1024.300048828125,1023.7999877929688,1023.9000244140625,7154
1790052180000000000,1023.7999877929688,1023.9000244140625,1023.7000122070312,1023.7000122070312,1859
1790052240000000000,1023.7999877929688,1023.9000244140625,1023.7000122070312,1023.9000244140625,1874
1790052300000000000,1023.7999877929688,1023.9000244140625,1023.5999755859375,1023.5999755859375,7298
1790052360000000000,1023.5999755859375,1024.0,1023.5,1023.7000122070312,3721
1790052420000000000,1023.7000122070312,1023.7999877929688,1023.7000122070312,1023.7000122070312,1452
1790052480000000000,1023.7000122070312,1023.7999877929688,1023.2000122070312,1023.2999877929688,11584
1790052540000000000,1023.2999877929688,1023.2999877929688,1022.5999755859375,1023.0,7464
1790052600000000000,1022.5999755859375,1022.7999877929688,1022.5,1022.5,4305
1790052660000000000,1022.5,1022.7999877929688,1022.2999877929688,1022.2999877929688,6332
1790052720000000000,1022.2000122070312,1022.2000122070312,1021.9000244140625,1021.9000244140625,10118
1790052780000000000,1022.0,1022.5,1022.0,1022.2999877929688,4362
1790052840000000000,1022.2999877929688,1022.4000244140625,1022.0999755859375,1022.2000122070312,7108
1790052900000000000,1022.4000244140625,1022.5,1021.9000244140625,1021.9000244140625,5959
1790052960000000000,1022.0,1022.0,1021.4000244140625,1021.4000244140625,3701
1790053020000000000,1021.5,1022.4000244140625,1021.5,1022.4000244140625,6345
1790053080000000000,1022.4000244140625,1022.9000244140625,1022.4000244140625,1022.7000122070312,3856
1790053140000000000,1022.7000122070312,1022.7000122070312,1022.0999755859375,1022.0999755859375,6619
1790053200000000000,1022.5,1022.5999755859375,1022.4000244140625,1022.4000244140625,8923
1790053260000000000,1021.9000244140625,1022.0,1021.5999755859375,1022.0,4135
1790053320000000000,1021.9000244140625,1022.0,1021.7999877929688,1021.7999877929688,2712
1790053380000000000,1021.7999877929688,1021.7999877929688,1021.7000122070312,1021.7999877929688,3601
1790053440000000000,1022.0,1022.5999755859375,1021.9000244140625,1022.5,3896
1790053500000000000,1022.2999877929688,1022.4000244140625,1021.5999755859375,1021.7000122070312,4631
1790053560000000000,1021.7000122070312,1022.4000244140625,1021.7000122070312,1022.2999877929688,3297
1790053620000000000,1022.2000122070312,1022.2999877929688,1022.2000122070312,1022.2999877929688,1180
1790053680000000000,1022.2000122070312,1022.2000122070312,1021.2999877929688,1021.5,12124
1790053740000000000,1021.2000122070312,1021.2999877929688,1020.5999755859375,1020.5999755859375,7117
1790053800000000000,1020.5,1021.0,1020.5,1020.9000244140625,3563
1790053860000000000,1021.0,1021.0,1019.5,1019.5,8671
1790053920000000000,1019.7999877929688,1019.7999877929688,1018.7000122070312,1019.5999755859375,11639
1790053980000000000,1020.0,1020.7000122070312,1020.0,1020.5,4119
1790054040000000000,1020.5,1020.7000122070312,1020.2000122070312,1020.2000122070312,6509
1790054100000000000,1020.2000122070312,1020.2000122070312,1019.9000244140625,1019.9000244140625,3499
1790054160000000000,1019.7000122070312,1020.4000244140625,1019.7000122070312,1020.2999877929688,3129
1790054220000000000,1020.5,1020.9000244140625,1020.2000122070312,1020.5999755859375,3612
1790054280000000000,1020.7999877929688,1020.9000244140625,1020.7999877929688,1020.7999877929688,3066
1790054340000000000,1020.7999877929688,1021.2999877929688,1020.7999877929688,1020.9000244140625,4710
1790054400000000000,1020.9000244140625,1020.9000244140625,1020.0999755859375,1020.4000244140625,10275
1790054460000000000,1020.2000122070312,1020.2999877929688,1020.0999755859375,1020.0999755859375,1335
1790054520000000000,1020.2000122070312,1020.2999877929688,1019.5,1019.5,7724
1790054580000000000,1019.5999755859375,1019.9000244140625,1019.5999755859375,1019.9000244140625,4287
1790054640000000000,1019.7999877929688,1020.5,1019.7999877929688,1020.5,2765
1790054700000000000,1020.2999877929688,1020.5,1020.0999755859375,1020.2000122070312,18125
1790054760000000000,1020.2000122070312,1020.5,1020.0999755859375,1020.0999755859375,1481
1790054820000000000,1020.2999877929688,1020.4000244140625,1020.2000122070312,1020.4000244140625,1697
1790054880000000000,1020.4000244140625,1020.5,1020.4000244140625,1020.4000244140625,1473
1790054940000000000,1020.4000244140625,1020.5,1020.4000244140625,1020.5,4937
1790055000000000000,1020.4000244140625,1020.5,1019.7000122070312,1020.2999877929688,13421
1790055060000000000,1019.9000244140625,1020.2000122070312,1019.2000122070312,1019.2999877929688,8604
1790055120000000000,1019.2999877929688,1019.5,1019.2999877929688,1019.2999877929688,2034
1790055180000000000,1019.2999877929688,1019.7999877929688,1019.2000122070312,1019.7999877929688,1981
1790055240000000000,1019.7999877929688,1019.7999877929688,1019.7000122070312,1019.7999877929688,2655
1790055300000000000,1019.7000122070312,1019.7999877929688,1019.0999755859375,1019.7999877929688,9967
1790055360000000000,1019.7999877929688,1019.9000244140625,1019.4000244140625,1019.7000122070312,6026
1790055420000000000,1019.7000122070312,1019.9000244140625,1019.5999755859375,1019.7000122070312,2949
1790055480000000000,1019.5999755859375,1019.5999755859375,1019.4000244140625,1019.4000244140625,4237
1790055540000000000,1019.5,1019.9000244140625,1019.2999877929688,1019.9000244140625,3785
1790055600000000000,1019.7000122070312,1021.5,1019.7000122070312,1021.0999755859375,4335
1790055660000000000,1021.2000122070312,1021.2000122070312,1021.0999755859375,1021.2000122070312,3487
1790055720000000000,1021.2000122070312,1021.5999755859375,1020.5999755859375,1020.5999755859375,7570
1790055780000000000,1020.5999755859375,1020.7000122070312,1020.5,1020.5,4003
1790055840000000000,1020.5,1020.9000244140625,1020.5,1020.9000244140625,2396
1790055900000000000,1020.7000122070312,1021.0999755859375,1020.7000122070312,1020.7999877929688,2304
1790055960000000000,1020.7000122070312,1021.4000244140625,1020.7000122070312,1021.2000122070312,2135
1790056020000000000,1021.2999877929688,1021.5999755859375,1021.0999755859375,1021.2000122070312,13194
1790056080000000000,1021.2000122070312,1021.2000122070312,1020.9000244140625,1021.0,1219
1790056140000000000,1020.9000244140625,1021.0,1020.7999877929688,1020.7999877929688,1875
1790056200000000000,1020.7999877929688,1021.2000122070312,1020.7999877929688,1021.2000122070312,4171
1790056260000000000,1021.0,1021.0,1020.9000244140625,1020.9000244140625,3141
1790056320000000000,1021.0,1021.2999877929688,1021.0,1021.0,3804
1790056380000000000,1021.0,1021.4000244140625,1021.0,1021.2000122070312,2228
1790056440000000000,1021.2000122070312,1021.5999755859375,1021.2000122070312,1021.2000122070312,4474
1790056500000000000,1021.2999877929688,1021.5,1021.2999877929688,1021.2999877929688,19497
1790056560000000000,1021.2999877929688,1021.2999877929688,1020.9000244140625,1020.9000244140625,3360
1790056620000000000,1020.7000122070312,1020.7000122070312,1020.5,1020.5,2715
1790056680000000000,1020.5,1020.5999755859375,1020.5,1020.5,2906
1790056740000000000,1020.2999877929688,1020.4000244140625,1020.0999755859375,1020.0999755859375,6146
1790056800000000000,1020.0999755859375,1020.2000122070312,1019.5,1019.5,3353
1790056860000000000,1019.5,1019.5,1019.2999877929688,1019.2999877929688,3524
1790056920000000000,1019.2999877929688,1019.4000244140625,1019.2999877929688,1019.2999877929688,4471
1790056980000000000,1019.4000244140625,1019.4000244140625,1018.9000244140625,1018.9000244140625,10161
1790057040000000000,1019.0,1019.0999755859375,1018.5,1018.7999877929688,3424
1790057100000000000,1018.5,1018.7999877929688,1018.0999755859375,1018.7999877929688,7258
1790057160000000000,1018.5999755859375,1019.4000244140625,1018.5,1019.4000244140625,2043
1790057220000000000,1019.2000122070312,1019.2000122070312,1018.9000244140625,1018.9000244140625,3437
1790057280000000000,1018.9000244140625,1019.0,1018.9000244140625,1018.9000244140625,1865
1790057340000000000,1018.9000244140625,1019.0,1018.7000122070312,1018.7000122070312,4947
1790057400000000000,1018.7999877929688,1019.0,1018.7000122070312,1019.0,2663
1790057460000000000,1018.7999877929688,1019.0,1018.7999877929688,1018.9000244140625,4304
1790057520000000000,1018.9000244140625,1018.9000244140625,1018.2999877929688,1018.2999877929688,9399
1790057580000000000,1018.2999877929688,1018.4000244140625,1017.7999877929688,1018.4000244140625,3289
1790057640000000000,1018.5,1018.5,1018.0,1018.0999755859375,1401
1790057700000000000,1018.2999877929688,1018.2999877929688,1018.0999755859375,1018.0999755859375,1157
1790057760000000000,1018.0999755859375,1018.0999755859375,1016.5,1016.7999877929688,16855
1790057820000000000,1016.7000122070312,1016.7999877929688,1016.5,1016.7000122070312,13888
1790057880000000000,1016.5999755859375,1017.2999877929688,1016.5999755859375,1016.5999755859375,3599
1790057940000000000,1016.7000122070312,1016.7999877929688,1016.5,1016.5,5861
1790058000000000000,1016.5,1016.5,1016.4000244140625,1016.4000244140625,3687
1790058060000000000,1016.2000122070312,1016.2999877929688,1015.5999755859375,1015.7999877929688,4986
1790058120000000000,1015.7000122070312,1016.5,1015.7000122070312,1016.2999877929688,4019
1790058180000000000,1016.4000244140625,1016.5,1015.7999877929688,1015.9000244140625,5323
1790058240000000000,1015.9000244140625,1015.9000244140625,1015.5,1015.5,3649
1790058300000000000,1015.5,1015.5,1015.0,1015.2000122070312,16458
1790058360000000000,1015.0999755859375,1015.2999877929688,1013.7999877929688,1014.5999755859375,13441
1790058420000000000,1014.7999877929688,1015.0,1013.9000244140625,1014.0,5500
1790058480000000000,1013.7999877929688,1013.7999877929688,1012.7000122070312,1013.0999755859375,27452
1790058540000000000,1013.5,1013.7999877929688,1013.0,1013.2999877929688,17575
1790058600000000000,1013.5999755859375,1013.5999755859375,1012.7000122070312,1012.7000122070312,15947
1790058660000000000,1012.7999877929688,1012.7999877929688,1012.5,1012.5999755859375,6180
1790058720000000000,1012.5999755859375,1012.7999877929688,1012.0999755859375,1012.2000122070312,4912
1790058780000000000,1012.0999755859375,1012.7000122070312,1012.0999755859375,1012.2999877929688,3641
1790058840000000000,1012.7000122070312,1012.7999877929688,1012.2999877929688,1012.7000122070312,2549
1790058900000000000,1012.5,1012.7999877929688,1012.4000244140625,1012.5999755859375,8546
1790058960000000000,1012.5,1012.7999877929688,1012.0999755859375,1012.2000122070312,9349
1790059020000000000,1012.2000122070312,1012.2999877929688,1012.2000122070312,1012.2000122070312,2686
1790059080000000000,1012.0999755859375,1012.7999877929688,1012.0999755859375,1012.5,3932
1790059140000000000,1012.5,1014.0,1012.5,1014.0,45340
1790059200000000000,1013.9000244140625,1014.0,1012.7999877929688,1012.7999877929688,37580
1790059260000000000,1013.2999877929688,1013.2999877929688,1012.7000122070312,1013.0,3689
1790059320000000000,1013.0,1013.5999755859375,1013.0,1013.5999755859375,2245
1790059380000000000,1013.2999877929688,1013.2999877929688,1012.7999877929688,1013.0,7718
1790059440000000000,1012.7999877929688,1014.0,1012.7999877929688,1012.9000244140625,19579
1790059500000000000,1012.7999877929688,1013.0,1012.7999877929688,1013.0,3041
1790059560000000000,1013.0,1013.2000122070312,1012.7999877929688,1012.9000244140625,57505
1790059620000000000,1012.7999877929688,1013.0,1012.7999877929688,1013.0,5349
1790059680000000000,1013.0,1013.0,1012.7000122070312,1012.7000122070312,9719
1790059740000000000,1012.5999755859375,1012.7000122070312,1012.5999755859375,1012.5999755859375,2068
1790059800000000000,1012.5999755859375,1013.0,1012.5999755859375,1012.7999877929688,6690
1790059860000000000,1012.7000122070312,1013.0,1012.7000122070312,1012.7999877929688,4072
1790059920000000000,1012.7999877929688,1012.7999877929688,1012.0,1012.0,9490
1790059980000000000,1012.0,1012.4000244140625,1012.0,1012.2999877929688,7094
1790060040000000000,1011.7999877929688,1012.0,1011.4000244140625,1011.5999755859375,13688
1790060100000000000,1011.5999755859375,1011.5999755859375,1011.4000244140625,1011.4000244140625,3166
1790060160000000000,1011.4000244140625,1011.5,1011.4000244140625,1011.4000244140625,3127
1790060220000000000,1011.5,1011.5,1011.2999877929688,1011.4000244140625,4481
1790060280000000000,1011.2999877929688,1011.2999877929688,1010.5,1010.5,16489
1790060340000000000,1010.9000244140625,1010.9000244140625,1009.0,1009.0,28782
1790060400000000000,1009.0999755859375,1009.5,1009.0,1009.5,4256
1790060460000000000,1010.0,1010.0,1009.9000244140625,1009.9000244140625,2580
1790060520000000000,1009.9000244140625,1010.4000244140625,1009.9000244140625,1010.2999877929688,7427
1790060580000000000,1010.2000122070312,1010.2999877929688,1010.2000122070312,1010.2000122070312,3388
1790060640000000000,1010.2000122070312,1010.9000244140625,1010.2000122070312,1010.7999877929688,3823
1790060700000000000,1010.7000122070312,1011.0,1010.0999755859375,1010.2999877929688,9803
1790060760000000000,1010.2000122070312,1011.0,1010.2000122070312,1011.0,3454
1790060820000000000,1010.7000122070312,1010.7999877929688,1010.2999877929688,1010.4000244140625,19147
1790060880000000000,1010.4000244140625,1010.7999877929688,1010.4000244140625,1010.5999755859375,3370
1790060940000000000,1010.7999877929688,1011.2999877929688,1010.7999877929688,1011.2999877929688,4421
1790061000000000000,1011.2999877929688,1011.9000244140625,1011.0999755859375,1011.4000244140625,7038
1790061060000000000,1011.2999877929688,1011.7999877929688,1011.0999755859375,1011.0999755859375,6814
1790061120000000000,1011.0999755859375,1011.4000244140625,1011.0999755859375,1011.4000244140625,1904
1790061180000000000,1011.2000122070312,1011.4000244140625,1011.2000122070312,1011.2999877929688,4304
1790061240000000000,1011.2000122070312,1011.2999877929688,1010.2999877929688,1010.4000244140625,8987
1790061300000000000,1010.4000244140625,1010.4000244140625,1009.7999877929688,1009.7999877929688,230286
1790061360000000000,1009.7999877929688,1010.0,1009.5999755859375,1009.9000244140625,2760
1790061420000000000,1010.0,1010.0,1009.9000244140625,1010.0,4810
1790061480000000000,1009.9000244140625,1010.0,1009.9000244140625,1009.9000244140625,3422
1790061540000000000,1009.9000244140625,1010.5999755859375,1009.9000244140625,1010.0,11009
1790061600000000000,1009.7999877929688,1009.7999877929688,1009.5,1009.5999755859375,2968
1790061660000000000,1009.5999755859375,1009.7000122070312,1009.2999877929688,1009.2999877929688,11630
1790061720000000000,1009.2999877929688,1009.9000244140625,1009.2999877929688,1009.9000244140625,3471
1790061780000000000,1009.9000244140625,1010.0,1009.7999877929688,1010.0,6833
1790061840000000000,1009.7999877929688,1010.0,1009.7000122070312,1009.7999877929688,2779
1790061900000000000,1009.9000244140625,1009.9000244140625,1009.7000122070312,1009.7000122070312,5820
1790061960000000000,1009.4000244140625,1009.7999877929688,1009.2000122070312,1009.7999877929688,8959
1790062020000000000,1009.9000244140625,1010.0,1009.4000244140625,1009.7000122070312,16317
1790062080000000000,1009.5,1009.7000122070312,1009.4000244140625,1009.4000244140625,3907
1790062140000000000,1009.5,1009.5,1009.4000244140625,1009.5,4204
1790062200000000000,1009.4000244140625,1009.5,1008.2999877929688,1008.5999755859375,11261
1790062260000000000,1008.2999877929688,1009.2999877929688,1008.2999877929688,1009.2999877929688,4241
1790062320000000000,1009.4000244140625,1009.5,1009.2000122070312,1009.2999877929688,8584
1790062380000000000,1009.2999877929688,1009.2999877929688,1008.5,1008.5,5626
1790062440000000000,1008.5999755859375,1008.5999755859375,1008.2000122070312,1008.4000244140625,6721
1790062500000000000,1008.2000122070312,1008.5999755859375,1008.0,1008.5999755859375,9972
1790062560000000000,1008.5,1008.9000244140625,1008.2999877929688,1008.9000244140625,6517
1790062620000000000,1008.9000244140625,1008.9000244140625,1008.7000122070312,1008.9000244140625,5486
1790062680000000000,1008.9000244140625,1009.0,1007.7000122070312,1008.5,26068
1790062740000000000,1008.0999755859375,1008.7000122070312,1007.9000244140625,1008.5,15790
1790062800000000000,1008.5,1008.5,1007.0999755859375,1007.5,32721
1790062860000000000,1007.5,1007.5,1006.7999877929688,1007.5,34402
1790062920000000000,1007.5999755859375,1008.0,1006.5,1006.7999877929688,42296
1790062980000000000,1006.7000122070312,1007.0999755859375,1006.0,1006.2999877929688,25673
1790063040000000000,1006.5,1007.0,1006.2999877929688,1006.5999755859375,23058
1790063100000000000,1006.2999877929688,1007.2999877929688,1006.2999877929688,1006.2999877929688,21947
1790063160000000000,1006.4000244140625,1006.7000122070312,1005.5999755859375,1006.2999877929688,49885
1790063220000000000,1006.5,1006.5,1005.5999755859375,1005.9000244140625,24484
1790063280000000000,1005.9000244140625,1006.0,1005.0999755859375,1005.5999755859375,24214
1790063340000000000,1005.5999755859375,1006.2999877929688,1005.5999755859375,1005.9000244140625,25255
1790063400000000000,1006.5,1008.0,1005.9000244140625,1007.4000244140625,37837
1790063460000000000,1007.5999755859375,1007.5999755859375,1006.5,1006.5999755859375,38377
1790063520000000000,1006.7000122070312,1006.9000244140625,1006.4000244140625,1006.9000244140625,20646
1790063580000000000,1006.5,1007.5,1006.5,1007.0999755859375,26343
1790063640000000000,1007.4000244140625,1007.5,1007.0999755859375,1007.5,19657
1790063700000000000,1007.4000244140625,1007.7999877929688,1006.4000244140625,1007.7999877929688,28309
1790063760000000000,1007.7999877929688,1008.2999877929688,1007.0,1007.0,36478
1790063820000000000,1007.2999877929688,1008.0999755859375,1007.2999877929688,1007.7999877929688,26110
1790063880000000000,1008.0,1009.7999877929688,1007.7999877929688,1009.5999755859375,30119
1790063940000000000,1009.5,1010.0999755859375,1009.0,1010.0999755859375,25715
1790064000000000000,1009.7999877929688,1011.7999877929688,1009.7999877929688,1011.7999877929688,15226
1790064060000000000,1011.7999877929688,1012.5999755859375,1011.7000122070312,1012.0999755859375,5870
1790064120000000000,1012.0999755859375,1012.7999877929688,1012.0999755859375,1012.2999877929688,6493
1790064180000000000,1012.2999877929688,1012.7999877929688,1012.2999877929688,1012.2999877929688,7096
1790064240000000000,1012.0999755859375,1012.2999877929688,1011.7999877929688,1011.7999877929688,4677
1790064300000000000,1011.7999877929688,1012.2999877929688,1011.7999877929688,1012.0999755859375,5725
1790064360000000000,1012.0999755859375,1012.2000122070312,1011.5999755859375,1011.9000244140625,5340
1790064420000000000,1011.7999877929688,1012.0,1011.5999755859375,1011.7000122070312,5914
1790064480000000000,1011.5999755859375,1011.9000244140625,1011.5999755859375,1011.5999755859375,6935
1790064540000000000,1011.7000122070312,1012.5,1011.5999755859375,1012.0999755859375,5614
1790064600000000000,1012.0999755859375,1012.0999755859375,1012.0,1012.0999755859375,3093
1790064660000000000,1012.0999755859375,1012.5,1012.0999755859375,1012.5,3751
1790064720000000000,1012.5,1013.0,1012.4000244140625,1012.9000244140625,12957
1790064780000000000,1012.5,1013.4000244140625,1012.5,1013.4000244140625,40394
1790064840000000000,1013.4000244140625,1013.5,1013.2999877929688,1013.2999877929688,9265
1790064900000000000,1012.5,1012.5,1011.7999877929688,1012.2000122070312,35679
1790064960000000000,1012.4000244140625,1012.5,1012.2000122070312,1012.5,4220
1790065020000000000,1012.5,1012.7000122070312,1012.5,1012.5999755859375,4470
1790065080000000000,1012.5999755859375,1013.0,1012.0999755859375,1012.9000244140625,13230
1790065140000000000,1012.7999877929688,1012.7999877929688,1012.2000122070312,1012.7000122070312,7980
1790065200000000000,1012.7000122070312,1013.0,1012.7000122070312,1012.7999877929688,8574
1790065260000000000,1012.7999877929688,1012.9000244140625,1012.2000122070312,1012.2000122070312,15175
1790065320000000000,1011.9000244140625,1012.5,1011.9000244140625,1012.5,7813
1790065380000000000,1012.5999755859375,1012.5999755859375,1011.9000244140625,1011.9000244140625,11500
1790065440000000000,1011.7999877929688,1011.9000244140625,1011.0999755859375,1011.7999877929688,9453
1790065500000000000,1012.0,1012.5999755859375,1012.0,1012.0,16955
1790065560000000000,1011.5,1011.7000122070312,1011.4000244140625,1011.4000244140625,6913
1790065620000000000,1011.4000244140625,1011.5,1011.2999877929688,1011.5,6330
1790065680000000000,1011.5,1012.0,1011.2999877929688,1012.0,4995
1790065740000000000,1012.0,1012.0,1011.2999877929688,1011.4000244140625,13770
1790065800000000000,1011.2999877929688,1011.2999877929688,1010.2000122070312,1010.2000122070312,18516
1790065860000000000,1010.2000122070312,1011.2999877929688,1010.0999755859375,1011.2999877929688,50440
1790065920000000000,1011.2999877929688,1011.4000244140625,1011.0,1011.0999755859375,13262
1790065980000000000,1011.0999755859375,1011.2000122070312,1010.2000122070312,1010.2000122070312,40085
1790066040000000000,1010.5,1011.5,1010.5,1011.2000122070312,9013
1790066100000000000,1011.2000122070312,1011.4000244140625,1010.7999877929688,1010.7999877929688,9760
1790066160000000000,1010.7999877929688,1011.4000244140625,1010.7999877929688,1011.4000244140625,7194
1790066220000000000,1011.5,1011.5,1010.2999877929688,1010.4000244140625,15745
1790066280000000000,1010.2999877929688,1010.9000244140625,1010.2999877929688,1010.9000244140625,7263
1790066340000000000,1010.5999755859375,1011.7000122070312,1010.5999755859375,1011.5999755859375,5757
1790066400000000000,1011.7999877929688,1012.2000122070312,1011.7999877929688,1012.0,11765
1790066460000000000,1011.4000244140625,1011.9000244140625,1011.2000122070312,1011.9000244140625,12492
1790066520000000000,1011.5999755859375,1012.5,1011.2999877929688,1012.0999755859375,18994
1790066580000000000,1012.2999877929688,1012.2999877929688,1011.4000244140625,1011.7000122070312,14614
1790066640000000000,1011.7000122070312,1013.7000122070312,1011.2000122070312,1013.7000122070312,51837
1790066700000000000,1013.7999877929688,1015.4000244140625,1012.7999877929688,1012.7999877929688,47970
1790066760000000000,1012.0999755859375,1012.4000244140625,1011.2999877929688,1011.7999877929688,24739
1790066820000000000,1011.7999877929688,1012.7999877929688,1011.7000122070312,1012.7999877929688,10631
1790066880000000000,1012.7000122070312,1012.7999877929688,1012.0,1012.7999877929688,13243
1790066940000000000,1012.7999877929688,1013.0,1012.7999877929688,1012.7999877929688,13556
1790067000000000000,1012.9000244140625,1014.5999755859375,1012.9000244140625,1014.2000122070312,48935
1790067060000000000,1014.2999877929688,1014.9000244140625,1013.5999755859375,1013.7000122070312,13662
1790067120000000000,1013.7000122070312,1014.2999877929688,1013.2000122070312,1014.0,50466
1790067180000000000,1013.5999755859375,1014.7999877929688,1013.5999755859375,1014.2000122070312,30045
1790067240000000000,1014.0999755859375,1014.5,1012.5,1012.9000244140625,73344
1790067300000000000,1012.7999877929688,1013.0,1012.5,1012.9000244140625,7616
1790067360000000000,1012.9000244140625,1013.0,1012.9000244140625,1012.9000244140625,14865
1790067420000000000,1013.0,1013.0,1012.9000244140625,1012.9000244140625,12091
1790067480000000000,1012.9000244140625,1012.9000244140625,1012.4000244140625,1012.7999877929688,8637
1790067540000000000,1012.9000244140625,1013.0,1012.9000244140625,1013.0,11081
1790067600000000000,1012.9000244140625,1013.0,1012.4000244140625,1012.7999877929688,16017
1790067660000000000,1012.7999877929688,1013.0,1012.7999877929688,1013.0,12333
1790067720000000000,1012.9000244140625,1013.0,1012.5999755859375,1012.9000244140625,15026
1790067780000000000,1013.0,1013.0,1012.0,1012.0,14091
1790067840000000000,1011.7000122070312,1011.7000122070312,1011.2000122070312,1011.5,12215
1790067900000000000,1011.4000244140625,1011.9000244140625,1011.4000244140625,1011.9000244140625,9784
1790067960000000000,1012.0999755859375,1012.2999877929688,1011.9000244140625,1012.0999755859375,11530
1790068020000000000,1012.2000122070312,1012.2000122070312,1011.2000122070312,1011.5,12511
1790068080000000000,1012.2000122070312,1012.2000122070312,1011.7000122070312,1011.7000122070312,11434
1790068140000000000,1011.7000122070312,1012.0,1011.7000122070312,1011.9000244140625,5786
1790068200000000000,1012.0999755859375,1012.2999877929688,1011.5,1011.5999755859375,15033
1790068260000000000,1011.5999755859375,1011.7999877929688,1011.5,1011.7999877929688,7171
1790068320000000000,1011.7999877929688,1011.9000244140625,1011.0999755859375,1011.7999877929688,14519
1790068380000000000,1011.7999877929688,1011.9000244140625,1011.5,1011.5999755859375,8926
1790068440000000000,1011.9000244140625,1012.0,1011.5999755859375,1011.7999877929688,10388
1790068500000000000,1011.7999877929688,1012.2000122070312,1011.7000122070312,1012.2000122070312,9561
1790068560000000000,1012.2000122070312,1012.2000122070312,1012.0999755859375,1012.2000122070312,11469
1790068620000000000,1012.0999755859375,1012.2000122070312,1011.5,1012.0999755859375,13722
1790068680000000000,1012.0999755859375,1012.5,1012.0999755859375,1012.0999755859375,13633
1790068740000000000,1012.2000122070312,1012.2000122070312,1012.0999755859375,1012.0999755859375,8611
1790068800000000000,1012.0999755859375,1012.7999877929688,1012.0,1012.7999877929688,48314
1790068860000000000,1012.4000244140625,1012.4000244140625,1011.7999877929688,1011.7999877929688,17573
1790068920000000000,1011.7999877929688,1011.9000244140625,1011.5,1011.7999877929688,10967
1790068980000000000,1011.7999877929688,1012.2999877929688,1011.7999877929688,1012.2000122070312,21076
1790069040000000000,1012.0999755859375,1012.2999877929688,1012.0,1012.2999877929688,11078
1790069100000000000,1012.2000122070312,1012.2999877929688,1011.4000244140625,1011.7000122070312,14905
1790069160000000000,1011.5999755859375,1011.5999755859375,1010.7999877929688,1010.7999877929688,14512
1790069220000000000,1010.7999877929688,1010.9000244140625,1010.5999755859375,1010.5999755859375,13483
1790069280000000000,1010.5,1010.5,1010.0999755859375,1010.2999877929688,16164
1790069340000000000,1009.0999755859375,1009.5999755859375,1009.0999755859375,1009.5999755859375,16324
1790069400000000000,1009.7999877929688,1009.9000244140625,1009.2999877929688,1009.2999877929688,19035
1790069460000000000,1009.2000122070312,1010.0,1009.2000122070312,1009.9000244140625,16529
1790069520000000000,1009.7999877929688,1009.7999877929688,1008.2000122070312,1008.2000122070312,25990
1790069580000000000,1008.2000122070312,1008.2000122070312,1008.0999755859375,1008.0999755859375,12666
1790069640000000000,1008.5999755859375,1008.7000122070312,1008.5,1008.7000122070312,21758
1790069700000000000,1008.7000122070312,1008.7000122070312,1008.5999755859375,1008.7000122070312,16780
1790069760000000000,1008.7000122070312,1008.7000122070312,1007.5,1007.5,31084
1790069820000000000,1007.4000244140625,1008.0999755859375,1007.4000244140625,1008.0999755859375,31742
1790069880000000000,1008.0999755859375,1008.4000244140625,1008.0,1008.2000122070312,14901
1790069940000000000,1008.2000122070312,1008.5999755859375,1007.7000122070312,1008.2000122070312,33188
1790070000000000000,1008.0999755859375,1008.5999755859375,1008.0999755859375,1008.5999755859375,36467
1790070060000000000,1008.9000244140625,1010.0,1008.9000244140625,1010.0,34854
1790070120000000000,1009.7999877929688,1009.7999877929688,1008.7000122070312,1009.0,35653
1790070180000000000,1009.2999877929688,1009.7999877929688,1009.0999755859375,1009.4000244140625,29102
1790070240000000000,1009.0,1009.2999877929688,1008.0999755859375,1008.5999755859375,23280
1790070300000000000,1008.9000244140625,1008.9000244140625,1008.7999877929688,1008.7999877929688,124967
1790135100000000000,1030.0999755859375,1031.0,1025.9000244140625,1027.0,0
1790135160000000000,1026.800048828125,1027.199951171875,1022.5999755859375,1022.7000122070312,111801
1790135220000000000,1023.0999755859375,1029.300048828125,1023.0,1028.5999755859375,100723
1790135280000000000,1029.199951171875,1031.5,1029.199951171875,1030.5,121497
1790135340000000000,1030.5,1032.5,1030.300048828125,1032.0,50311
1790135400000000000,1032.5,1033.0,1030.0,1031.699951171875,48590
1790135460000000000,1031.300048828125,1031.699951171875,1030.0,1031.5999755859375,28035
1790135520000000000,1031.300048828125,1032.4000244140625,1031.0,1032.4000244140625,24529
1790135580000000000,1031.9000244140625,1032.4000244140625,1031.0999755859375,1031.699951171875,31936
1790135640000000000,1031.699951171875,1032.800048828125,1031.4000244140625,1032.300048828125,27064
1790135700000000000,1033.199951171875,1033.199951171875,1029.0,1029.5,165495
1790135760000000000,1029.4000244140625,1030.0,1028.9000244140625,1029.300048828125,31207
1790135820000000000,1029.300048828125,1030.0,1029.0,1029.9000244140625,17397
1790135880000000000,1030.0,1030.0,1029.5999755859375,1029.5999755859375,35086
1790135940000000000,1029.5999755859375,1029.5999755859375,1029.199951171875,1029.300048828125,21291
1790136000000000000,1029.5,1029.9000244140625,1029.4000244140625,1029.4000244140625,20349
1790136060000000000,1029.300048828125,1029.300048828125,1028.0,1028.0999755859375,19305
1790136120000000000,1028.0,1029.0999755859375,1027.800048828125,1029.0999755859375,34655
1790136180000000000,1029.0,1030.0,1029.0,1029.9000244140625,56987
1790136240000000000,1029.9000244140625,1030.0,1029.5,1029.800048828125,13021
1790136300000000000,1030.0,1030.5,1029.9000244140625,1030.0,196421
1790136360000000000,1030.0,1030.0,1029.300048828125,1029.5999755859375,37550
1790136420000000000,1029.5999755859375,1029.9000244140625,1029.5,1029.9000244140625,9924
1790136480000000000,1030.0999755859375,1032.5,1030.0,1032.300048828125,121452
1790136540000000000,1032.0,1032.0,1029.9000244140625,1030.4000244140625,31287
1790136600000000000,1030.4000244140625,1031.199951171875,1030.4000244140625,1030.699951171875,10192
1790136660000000000,1030.699951171875,1031.300048828125,1030.300048828125,1030.300048828125,13530
1790136720000000000,1029.5999755859375,1030.0,1029.300048828125,1029.5,18503
1790136780000000000,1029.699951171875,1029.800048828125,1028.5999755859375,1028.5999755859375,11836
1790136840000000000,1028.800048828125,1029.0999755859375,1028.699951171875,1029.0,8616
1790136900000000000,1029.4000244140625,1030.0999755859375,1029.4000244140625,1029.5,15008
1790136960000000000,1029.9000244140625,1030.0,1029.5999755859375,1030.0,4838
1790137020000000000,1030.199951171875,1033.699951171875,1030.199951171875,1033.699951171875,37217
1790137080000000000,1033.300048828125,1033.5,1032.5999755859375,1032.699951171875,22200
1790137140000000000,1032.699951171875,1032.699951171875,1031.0,1031.4000244140625,6293
1790137200000000000,1031.4000244140625,1031.9000244140625,1031.0,1031.9000244140625,9944
1790137260000000000,1031.5,1032.5,1031.5,1031.9000244140625,9634
1790137320000000000,1031.9000244140625,1032.5999755859375,1031.699951171875,1032.300048828125,6515
1790137380000000000,1032.4000244140625,1035.0,1030.5999755859375,1030.5999755859375,417796
1790137440000000000,1030.5999755859375,1030.5999755859375,1029.5,1029.9000244140625,39147
1790137500000000000,1030.0,1030.300048828125,1029.4000244140625,1030.0999755859375,20932
1790137560000000000,1030.0999755859375,1030.9000244140625,1030.0,1030.5,11643
1790137620000000000,1030.800048828125,1030.9000244140625,1030.800048828125,1030.800048828125,12551
1790137680000000000,1030.9000244140625,1031.699951171875,1030.800048828125,1031.699951171875,312364
1790137740000000000,1031.699951171875,1032.5,1031.300048828125,1031.800048828125,15623
1790137800000000000,1031.800048828125,1031.9000244140625,1030.9000244140625,1030.9000244140625,9111
1790137860000000000,1030.800048828125,1031.4000244140625,1030.800048828125,1031.300048828125,4150
1790137920000000000,1031.5999755859375,1031.9000244140625,1031.199951171875,1031.5999755859375,7202
1790137980000000000,1031.5999755859375,1032.300048828125,1031.5999755859375,1032.300048828125,10707
1790138040000000000,1032.199951171875,1032.199951171875,1031.4000244140625,1031.800048828125,3942
1790138100000000000,1031.699951171875,1033.699951171875,1031.699951171875,1033.699951171875,20064
1790138160000000000,1033.300048828125,1034.0999755859375,1032.9000244140625,1033.300048828125,138594
1790138220000000000,1033.300048828125,1035.0999755859375,1032.4000244140625,1034.800048828125,44149
1790138280000000000,1034.699951171875,1038.5,1034.5999755859375,1037.5,88340
1790138340000000000,1037.0999755859375,1037.9000244140625,1036.5,1036.5,37263
1790138400000000000,1036.5999755859375,1040.4000244140625,1036.5999755859375,1039.5999755859375,135109
1790138460000000000,1039.699951171875,1040.800048828125,1036.300048828125,1036.4000244140625,255314
1790138520000000000,1036.5,1037.0,1035.0,1035.0,36331
1790138580000000000,1035.300048828125,1035.5,1034.0,1034.699951171875,34608
1790138640000000000,1034.9000244140625,1037.0999755859375,1034.9000244140625,1035.9000244140625,31691
1790138700000000000,1036.300048828125,1037.0999755859375,1036.300048828125,1036.9000244140625,20092
1790138760000000000,1036.9000244140625,1037.0999755859375,1035.199951171875,1035.5999755859375,20119
1790138820000000000,1035.699951171875,1037.199951171875,1035.699951171875,1036.300048828125,17448
1790138880000000000,1036.4000244140625,1036.5999755859375,1035.5999755859375,1036.0,20807
1790138940000000000,1036.0999755859375,1036.300048828125,1035.5,1036.300048828125,10464
1790139000000000000,1036.300048828125,1036.5,1036.0999755859375,1036.0999755859375,9042
1790139060000000000,1036.300048828125,1036.5999755859375,1035.9000244140625,1036.5,11872
1790139120000000000,1036.300048828125,1036.5,1035.5999755859375,1035.5999755859375,17173
1790139180000000000,1035.9000244140625,1036.0,1035.5,1036.0,13230
1790139240000000000,1036.0,1036.699951171875,1036.0,1036.699951171875,11257
1790139300000000000,1036.699951171875,1036.9000244140625,1035.5,1035.5,23453
1790139360000000000,1035.4000244140625,1035.5,1034.5999755859375,1035.300048828125,20103
1790139420000000000,1035.199951171875,1036.4000244140625,1034.9000244140625,1035.9000244140625,16325
1790139480000000000,1035.9000244140625,1036.0,1035.300048828125,1035.5,7274
1790139540000000000,1035.4000244140625,1035.699951171875,1035.300048828125,1035.5999755859375,4500
1790139600000000000,1035.5999755859375,1035.800048828125,1035.0,1035.0,15203
1790139660000000000,1035.0,1035.199951171875,1034.5,1034.5,11449
1790139720000000000,1034.5999755859375,1035.300048828125,1034.5999755859375,1035.0,8462
1790139780000000000,1035.0,1035.5,1035.0,1035.5,4637
1790139840000000000,1035.5,1035.5999755859375,1035.300048828125,1035.5999755859375,5723
1790139900000000000,1035.5,1035.9000244140625,1035.5,1035.699951171875,13604
1790139960000000000,1035.5999755859375,1035.9000244140625,1035.5,1035.5,7932
1790140020000000000,1035.300048828125,1035.4000244140625,1034.5,1034.5999755859375,11253
1790140080000000000,1034.9000244140625,1035.0,1034.699951171875,1034.800048828125,4568
1790140140000000000,1035.0,1035.0,1034.699951171875,1034.800048828125,5746
1790140200000000000,1034.5999755859375,1034.699951171875,1034.4000244140625,1034.5,10282
1790140260000000000,1034.5999755859375,1034.5999755859375,1033.199951171875,1033.4000244140625,25146
1790140320000000000,1033.300048828125,1033.9000244140625,1033.300048828125,1033.800048828125,8371
1790140380000000000,1033.699951171875,1033.800048828125,1033.300048828125,1033.300048828125,7164
1790140440000000000,1033.5,1033.800048828125,1033.4000244140625,1033.5999755859375,4656
1790140500000000000,1033.699951171875,1034.0,1033.699951171875,1034.0,4816
1790140560000000000,1034.0,1034.199951171875,1033.699951171875,1033.699951171875,11116
1790140620000000000,1033.699951171875,1033.699951171875,1033.5,1033.699951171875,3799
1790140680000000000,1033.5999755859375,1034.0,1033.5999755859375,1033.9000244140625,4994
1790140740000000000,1034.0,1034.4000244140625,1033.9000244140625,1034.4000244140625,4685
1790140800000000000,1034.5,1034.5,1033.800048828125,1033.800048828125,12085
1790140860000000000,1033.800048828125,1033.9000244140625,1033.699951171875,1033.800048828125,2881
1790140920000000000,1033.800048828125,1035.4000244140625,1033.699951171875,1035.4000244140625,19859
1790140980000000000,1035.800048828125,1037.4000244140625,1035.5999755859375,1037.0999755859375,25903
1790141040000000000,1037.300048828125,1037.4000244140625,1036.5,1036.5,20671
1790141100000000000,1036.5999755859375,1038.9000244140625,1036.5,1038.5999755859375,65245
1790141160000000000,1038.5999755859375,1039.199951171875,1038.199951171875,1039.199951171875,47843
1790141220000000000,1039.0,1040.9000244140625,1038.699951171875,1039.0,58129
1790141280000000000,1038.9000244140625,1039.0999755859375,1036.199951171875,1036.300048828125,68782
1790141340000000000,1036.5999755859375,1036.5999755859375,1035.199951171875,1036.199951171875,18953
1790141400000000000,1036.0999755859375,1036.199951171875,1035.5,1035.5,6781
1790141460000000000,1035.5999755859375,1035.800048828125,1035.300048828125,1035.5,12129
1790141520000000000,1035.5999755859375,1035.5999755859375,1034.5999755859375,1035.0,18370
1790141580000000000,1035.199951171875,1035.4000244140625,1035.0,1035.0999755859375,5886
1790141640000000000,1035.0,1035.0,1034.5999755859375,1035.0,4133
1790141700000000000,1035.0,1035.0,1034.800048828125,1034.9000244140625,3277
1790141760000000000,1034.9000244140625,1035.0,1034.5999755859375,1034.9000244140625,8226
1790141820000000000,1035.0,1035.5,1034.9000244140625,1035.300048828125,5791
1790141880000000000,1035.4000244140625,1035.699951171875,1035.300048828125,1035.699951171875,9930
1790141940000000000,1035.699951171875,1035.699951171875,1034.9000244140625,1035.0,23321
1790142000000000000,1035.199951171875,1035.5,1035.0999755859375,1035.5,7399
1790142060000000000,1035.4000244140625,1035.5999755859375,1035.300048828125,1035.5999755859375,4741
1790142120000000000,1035.699951171875,1036.5999755859375,1035.4000244140625,1035.4000244140625,15892
1790142180000000000,1035.5,1035.5999755859375,1035.199951171875,1035.4000244140625,4273
1790142240000000000,1035.5,1035.699951171875,1035.4000244140625,1035.699951171875,1864
1790142300000000000,1035.699951171875,1036.0999755859375,1035.699951171875,1036.0999755859375,5191
1790142360000000000,1036.0,1036.0,1035.5,1035.5999755859375,11998
1790142420000000000,1035.699951171875,1035.699951171875,1034.9000244140625,1035.0,18182
1790142480000000000,1035.0999755859375,1035.199951171875,1034.9000244140625,1035.0999755859375,3489
1790142540000000000,1035.0999755859375,1036.0,1035.0999755859375,1035.4000244140625,11411
1790142600000000000,1035.5999755859375,1036.0999755859375,1035.199951171875,1036.0999755859375,7384
1790142660000000000,1036.199951171875,1036.5999755859375,1035.699951171875,1035.699951171875,8552
1790142720000000000,1035.800048828125,1035.9000244140625,1035.300048828125,1035.4000244140625,4792
1790142780000000000,1035.4000244140625,1035.4000244140625,1035.0,1035.0999755859375,4603
1790142840000000000,1035.0999755859375,1035.0999755859375,1034.800048828125,1035.0999755859375,5794
1790142900000000000,1035.4000244140625,1035.4000244140625,1035.0,1035.0,7942
1790142960000000000,1035.300048828125,1035.4000244140625,1034.9000244140625,1035.300048828125,10604
1790143020000000000,1035.4000244140625,1035.800048828125,1034.0999755859375,1034.199951171875,23665
1790143080000000000,1034.300048828125,1034.800048828125,1032.4000244140625,1032.5,53209
1790143140000000000,1032.800048828125,1033.5999755859375,1032.5,1033.4000244140625,37499
1790143200000000000,1033.4000244140625,1034.300048828125,1033.300048828125,1033.9000244140625,11046
1790143260000000000,1033.9000244140625,1033.9000244140625,1032.800048828125,1032.800048828125,12686
1790143320000000000,1032.800048828125,1033.5,1032.800048828125,1033.0,5799
1790143380000000000,1033.0,1033.699951171875,1032.800048828125,1033.4000244140625,7812
1790143440000000000,1033.5999755859375,1034.0999755859375,1033.5,1033.800048828125,7121
1790143500000000000,1033.699951171875,1033.800048828125,1033.5,1033.5,5903
1790143560000000000,1033.5,1034.300048828125,1033.4000244140625,1034.199951171875,10679
1790143620000000000,1034.199951171875,1034.800048828125,1034.0,1034.699951171875,4583
1790143680000000000,1034.4000244140625,1034.699951171875,1034.0,1034.0,14549
1790143740000000000,1034.0,1034.0999755859375,1033.5,1033.800048828125,4675
1790143800000000000,1034.0,1034.0999755859375,1033.5999755859375,1033.699951171875,2826
1790143860000000000,1033.800048828125,1034.0999755859375,1033.699951171875,1033.699951171875,3485
1790143920000000000,1033.699951171875,1034.0999755859375,1033.699951171875,1033.800048828125,1506
1790143980000000000,1034.0,1034.0999755859375,1033.9000244140625,1033.9000244140625,3780
1790144040000000000,1034.0,1035.5,1033.9000244140625,1035.199951171875,97184
1790144100000000000,1035.199951171875,1035.199951171875,1035.0,1035.0999755859375,2841
1790144160000000000,1035.0999755859375,1035.0999755859375,1034.800048828125,1034.800048828125,7315
1790144220000000000,1034.800048828125,1035.0999755859375,1034.800048828125,1034.800048828125,9197
1790144280000000000,1034.800048828125,1034.9000244140625,1034.5999755859375,1034.5999755859375,1606
1790144340000000000,1034.5999755859375,1035.0,1034.5999755859375,1034.5999755859375,3219
1790144400000000000,1034.5999755859375,1035.0,1034.0,1034.0,13882
1790144460000000000,1034.0,1034.300048828125,1033.9000244140625,1034.0999755859375,4810
1790144520000000000,1034.0999755859375,1034.300048828125,1034.0999755859375,1034.0999755859375,3967
1790144580000000000,1034.199951171875,1034.199951171875,1033.199951171875,1033.4000244140625,6863
1790144640000000000,1033.5,1033.5999755859375,1032.5999755859375,1032.699951171875,21156
1790144700000000000,1032.699951171875,1032.699951171875,1031.699951171875,1031.800048828125,9518
1790144760000000000,1031.800048828125,1031.800048828125,1031.0,1031.5,46104
1790144820000000000,1031.5,1031.5999755859375,1030.0,1030.0999755859375,28715
1790144880000000000,1030.0999755859375,1030.9000244140625,1030.0,1030.9000244140625,12058
1790144940000000000,1030.9000244140625,1031.0,1030.699951171875,1030.9000244140625,4211
1790145000000000000,1030.800048828125,1031.0,1030.800048828125,1031.0,5963
1790145060000000000,1031.199951171875,1031.5,1031.199951171875,1031.4000244140625,19775
1790145120000000000,1031.5,1031.5999755859375,1031.4000244140625,1031.4000244140625,6134
1790145180000000000,1031.5999755859375,1032.5,1031.4000244140625,1031.699951171875,132109
1790145240000000000,1031.9000244140625,1032.300048828125,1031.699951171875,1032.0999755859375,10261
1790145300000000000,1032.0999755859375,1032.0999755859375,1030.5999755859375,1030.9000244140625,100149
1790145360000000000,1031.300048828125,1031.699951171875,1030.9000244140625,1031.699951171875,12545
1790145420000000000,1031.699951171875,1031.800048828125,1031.5,1031.800048828125,4625
1790145480000000000,1031.800048828125,1031.800048828125,1030.9000244140625,1030.9000244140625,10268
1790145540000000000,1031.0,1031.300048828125,1030.9000244140625,1031.0,7244
1790145600000000000,1031.0,1031.0,1030.4000244140625,1030.4000244140625,7852
1790145660000000000,1030.5999755859375,1030.699951171875,1029.9000244140625,1030.5,63980
1790145720000000000,1030.4000244140625,1030.699951171875,1030.0,1030.5999755859375,41673
1790145780000000000,1030.699951171875,1031.0999755859375,1030.5,1030.9000244140625,27951
1790145840000000000,1031.0999755859375,1031.4000244140625,1030.0999755859375,1030.9000244140625,123776
1790145900000000000,1031.0,1031.0,1030.300048828125,1030.300048828125,3908
1790145960000000000,1030.4000244140625,1030.9000244140625,1030.300048828125,1030.5999755859375,2177
1790146020000000000,1030.699951171875,1031.0,1030.5999755859375,1030.699951171875,5793
1790146080000000000,1030.9000244140625,1031.0999755859375,1030.699951171875,1031.0,4364
1790146140000000000,1031.199951171875,1031.199951171875,1030.5999755859375,1030.5999755859375,11107
1790146200000000000,1030.5999755859375,1031.0,1030.5999755859375,1030.9000244140625,8728
1790146260000000000,1030.9000244140625,1031.0,1030.800048828125,1031.0,5046
1790146320000000000,1031.0,1031.0,1030.0999755859375,1030.0999755859375,12576
1790146380000000000,1030.0,1030.300048828125,1029.9000244140625,1029.9000244140625,33377
1790146440000000000,1030.0,1030.0,1029.9000244140625,1030.0,11988
1790146500000000000,1030.0,1030.5,1029.9000244140625,1030.300048828125,116351
1790146560000000000,1030.300048828125,1030.5,1030.0999755859375,1030.199951171875,2887
1790146620000000000,1030.300048828125,1030.5,1030.0,1030.0,19649
1790146680000000000,1030.0,1030.5999755859375,1029.699951171875,1030.300048828125,84376
1790146740000000000,1030.300048828125,1030.5,1030.199951171875,1030.5,2425
1790146800000000000,1030.9000244140625,1030.9000244140625,1030.4000244140625,1030.699951171875,12334
1790146860000000000,1030.699951171875,1031.0,1030.199951171875,1030.5,14052
1790146920000000000,1030.800048828125,1030.800048828125,1030.5,1030.699951171875,862
1790146980000000000,1030.9000244140625,1031.0999755859375,1030.800048828125,1031.0999755859375,3423
1790147040000000000,1031.199951171875,1032.300048828125,1030.9000244140625,1032.300048828125,14953
1790147100000000000,1032.300048828125,1032.5,1032.0,1032.4000244140625,5581
1790147160000000000,1032.5,1032.5999755859375,1032.4000244140625,1032.5999755859375,5447
1790147220000000000,1032.5999755859375,1032.5999755859375,1032.0999755859375,1032.199951171875,19823
1790147280000000000,1032.199951171875,1032.199951171875,1032.0999755859375,1032.199951171875,1298
1790147340000000000,1032.199951171875,1032.199951171875,1032.0999755859375,1032.0999755859375,5635
1790147400000000000,1032.0999755859375,1032.0999755859375,1032.0999755859375,1032.0999755859375,2387
1790147460000000000,1032.0999755859375,1032.0999755859375,1032.0,1032.0999755859375,3490
1790147520000000000,1032.0,1032.0,1031.5999755859375,1031.5999755859375,18661
1790147580000000000,1031.5999755859375,1031.5999755859375,1031.5,1031.5999755859375,4378
1790147640000000000,1031.5999755859375,1031.5999755859375,1031.5,1031.5,5887
1790147700000000000,1031.4000244140625,1031.699951171875,1031.4000244140625,1031.5999755859375,4101
1790147760000000000,1031.800048828125,1031.9000244140625,1031.699951171875,1031.9000244140625,2768
1790147820000000000,1031.9000244140625,1032.0,1031.9000244140625,1031.9000244140625,2258
1790147880000000000,1031.9000244140625,1032.0,1031.800048828125,1032.0,3760
1790147940000000000,1032.0,1032.5999755859375,1031.9000244140625,1032.4000244140625,3147
1790148000000000000,1032.5999755859375,1032.9000244140625,1032.5999755859375,1032.699951171875,6801
1790148060000000000,1032.699951171875,1033.199951171875,1032.699951171875,1033.0999755859375,5034
1790148120000000000,1033.0999755859375,1033.300048828125,1033.0,1033.199951171875,7632
1790148180000000000,1033.199951171875,1033.300048828125,1033.0999755859375,1033.300048828125,2535
1790148240000000000,1033.300048828125,1033.800048828125,1033.300048828125,1033.800048828125,4804
1790148300000000000,1034.5999755859375,1034.5999755859375,1034.0,1034.4000244140625,24219
1790148360000000000,1034.0999755859375,1034.0999755859375,1033.699951171875,1033.800048828125,17873
1790148420000000000,1033.800048828125,1034.0,1033.699951171875,1034.0,2796
1790148480000000000,1033.699951171875,1034.5,1033.699951171875,1034.199951171875,2977
1790148540000000000,1034.199951171875,1034.5,1034.0999755859375,1034.5,2574
1790148600000000000,1034.300048828125,1034.5,1034.0999755859375,1034.4000244140625,10920
1790148660000000000,1034.199951171875,1034.4000244140625,1034.199951171875,1034.300048828125,2341
1790148720000000000,1034.4000244140625,1034.5,1034.300048828125,1034.5,6040
1790148780000000000,1034.4000244140625,1034.4000244140625,1034.0,1034.199951171875,12382
1790148840000000000,1034.199951171875,1034.300048828125,1034.0999755859375,1034.199951171875,1617
1790148900000000000,1034.300048828125,1034.5999755859375,1034.0999755859375,1034.5999755859375,14371
1790148960000000000,1034.5999755859375,1034.5999755859375,1034.4000244140625,1034.5,3065
1790149020000000000,1034.699951171875,1034.9000244140625,1034.4000244140625,1034.699951171875,3801
1790149080000000000,1034.9000244140625,1034.9000244140625,1034.4000244140625,1034.5,14283
1790149140000000000,1034.4000244140625,1034.4000244140625,1034.0,1034.4000244140625,4138
1790149200000000000,1034.4000244140625,1034.4000244140625,1034.0999755859375,1034.0999755859375,8433
1790149260000000000,1033.9000244140625,1034.0,1033.300048828125,1033.300048828125,6920
1790149320000000000,1033.699951171875,1033.699951171875,1033.300048828125,1033.4000244140625,2552
1790149380000000000,1033.4000244140625,1033.9000244140625,1033.199951171875,1033.9000244140625,43804
1790149440000000000,1034.0999755859375,1034.300048828125,1033.800048828125,1034.0999755859375,2100
1790149500000000000,1034.0999755859375,1034.5,1034.0999755859375,1034.4000244140625,2568
1790149560000000000,1034.800048828125,1034.800048828125,1034.300048828125,1034.4000244140625,7948
1790149620000000000,1034.4000244140625,1034.5999755859375,1034.199951171875,1034.300048828125,5969
1790149680000000000,1034.199951171875,1034.4000244140625,1034.199951171875,1034.300048828125,1593
1790149740000000000,1034.5,1035.0,1034.4000244140625,1035.0,9314
1790149800000000000,1035.0,1035.0,1034.699951171875,1035.0,7777
1790149860000000000,1035.0,1036.699951171875,1034.9000244140625,1036.5999755859375,48186
1790149920000000000,1036.5999755859375,1036.699951171875,1036.0,1036.300048828125,15870
1790149980000000000,1036.300048828125,1036.699951171875,1036.300048828125,1036.300048828125,12360
1790150040000000000,1036.4000244140625,1036.4000244140625,1036.0999755859375,1036.199951171875,2436
1790150100000000000,1036.300048828125,1036.4000244140625,1036.0999755859375,1036.0999755859375,3923
1790150160000000000,1036.199951171875,1037.4000244140625,1036.199951171875,1037.300048828125,16329
1790150220000000000,1037.199951171875,1037.199951171875,1036.5,1036.699951171875,14571
1790150280000000000,1036.699951171875,1036.800048828125,1036.0,1036.0999755859375,6958
1790150340000000000,1036.0999755859375,1036.0999755859375,1035.5,1035.5,4823
1790150400000000000,1035.5,1035.5,1035.0999755859375,1035.0999755859375,5132
1790150460000000000,1035.0999755859375,1035.300048828125,1034.699951171875,1034.800048828125,8590
1790150520000000000,1034.9000244140625,1035.0,1034.800048828125,1035.0,3989
1790150580000000000,1035.0,1035.0,1034.800048828125,1035.0,2548
1790150640000000000,1035.0,1035.0,1034.9000244140625,1035.0,2404
1790150700000000000,1035.0,1035.0,1034.4000244140625,1034.4000244140625,14727
1790150760000000000,1034.4000244140625,1034.5,1034.4000244140625,1034.4000244140625,2618
1790150820000000000,1034.4000244140625,1035.0,1034.4000244140625,1035.0,3717
1790150880000000000,1035.0,1035.9000244140625,1035.0,1035.9000244140625,18612
1790150940000000000,1035.9000244140625,1035.9000244140625,1035.5,1035.800048828125,6064
1790151000000000000,1035.800048828125,1036.300048828125,1035.5999755859375,1035.800048828125,10342
1790151060000000000,1035.800048828125,1035.9000244140625,1035.5999755859375,1035.699951171875,14502
1790151120000000000,1035.699951171875,1035.9000244140625,1035.5999755859375,1035.699951171875,4354
1790151180000000000,1035.699951171875,1035.699951171875,1035.300048828125,1035.300048828125,3448
1790151240000000000,1035.5,1035.5,1035.300048828125,1035.300048828125,5016
1790151300000000000,1035.4000244140625,1035.4000244140625,1035.300048828125,1035.4000244140625,3994
1790151360000000000,1035.300048828125,1035.5,1035.300048828125,1035.4000244140625,7630
1790151420000000000,1035.5,1035.699951171875,1035.4000244140625,1035.699951171875,5926
1790151480000000000,1035.800048828125,1035.800048828125,1035.4000244140625,1035.5,6470
1790151540000000000,1035.800048828125,1035.800048828125,1035.5999755859375,1035.800048828125,3781
1790151600000000000,1035.800048828125,1036.0,1035.699951171875,1035.699951171875,10648
1790151660000000000,1035.699951171875,1035.9000244140625,1035.5999755859375,1035.9000244140625,2565
1790151720000000000,1035.5,1035.5,1035.0,1035.0,8065
1790151780000000000,1035.0,1035.5,1035.0,1035.4000244140625,10641
1790151840000000000,1035.5,1035.5,1035.4000244140625,1035.5,3389
1790151900000000000,1035.4000244140625,1035.800048828125,1035.300048828125,1035.5,5931
1790151960000000000,1035.4000244140625,1035.4000244140625,1035.0,1035.0,8933
1790152020000000000,1035.0,1035.0,1034.800048828125,1035.0,4129
1790152080000000000,1035.0,1035.0,1034.9000244140625,1035.0,2572
1790152140000000000,1035.0,1035.0,1034.9000244140625,1035.0,3824
1790152200000000000,1035.0,1035.699951171875,1035.0,1035.5999755859375,6576
1790152260000000000,1035.800048828125,1035.800048828125,1035.0999755859375,1035.199951171875,16453
1790152320000000000,1035.0,1035.0,1034.699951171875,1034.9000244140625,7868
1790152380000000000,1034.9000244140625,1035.0,1034.9000244140625,1035.0,2145
1790152440000000000,1035.0,1035.0,1034.5,1034.5,6602
1790152500000000000,1034.5999755859375,1034.800048828125,1034.4000244140625,1034.5999755859375,3143
1790152560000000000,1034.5,1034.699951171875,1034.5,1034.5999755859375,2338
1790152620000000000,1034.5999755859375,1034.9000244140625,1034.0,1034.5,50523
1790152680000000000,1034.5,1034.699951171875,1034.4000244140625,1034.5999755859375,4400
1790152740000000000,1034.5999755859375,1034.699951171875,1034.5,1034.5999755859375,1591
1790152800000000000,1034.5999755859375,1034.699951171875,1034.5,1034.5,6407
1790152860000000000,1034.5,1035.0,1034.5,1034.800048828125,4412
1790152920000000000,1034.800048828125,1034.9000244140625,1034.699951171875,1034.800048828125,1951
1790152980000000000,1034.699951171875,1035.0,1034.699951171875,1034.800048828125,5432
1790153040000000000,1035.0,1035.0,1034.9000244140625,1035.0,4948
1790153100000000000,1035.199951171875,1035.5,1035.0999755859375,1035.0999755859375,11214
1790153160000000000,1035.0999755859375,1035.0999755859375,1034.699951171875,1034.699951171875,8831
1790153220000000000,1034.699951171875,1034.699951171875,1034.5,1034.5999755859375,3103
1790153280000000000,1034.699951171875,1034.699951171875,1034.5,1034.5999755859375,4962
1790153340000000000,1034.5999755859375,1034.800048828125,1034.5999755859375,1034.5999755859375,4968
1790153400000000000,1034.800048828125,1034.800048828125,1033.300048828125,1033.300048828125,27014
1790153460000000000,1034.199951171875,1034.199951171875,1033.5,1033.5999755859375,9960
1790153520000000000,1033.5999755859375,1034.4000244140625,1033.5,1034.4000244140625,5997
1790153580000000000,1034.4000244140625,1036.0,1034.0999755859375,1035.699951171875,64479
1790153640000000000,1035.800048828125,1035.9000244140625,1034.699951171875,1035.0,30267
1790153700000000000,1035.300048828125,1035.300048828125,1034.5999755859375,1034.9000244140625,5618
1790153760000000000,1034.9000244140625,1035.300048828125,1034.800048828125,1035.0999755859375,36354
1790153820000000000,1035.0999755859375,1035.300048828125,1034.5,1034.699951171875,12199
1790153880000000000,1034.699951171875,1035.5,1034.699951171875,1035.5,4221
1790153940000000000,1035.5,1037.0,1035.4000244140625,1037.0,33051
1790154000000000000,1037.0,1037.4000244140625,1037.0,1037.4000244140625,28979
1790154060000000000,1037.4000244140625,1037.4000244140625,1037.0999755859375,1037.199951171875,5774
1790154120000000000,1037.199951171875,1037.199951171875,1037.0,1037.0999755859375,11826
1790154180000000000,1037.0999755859375,1037.0999755859375,1036.0,1036.0999755859375,12938
1790154240000000000,1036.199951171875,1036.300048828125,1035.5999755859375,1035.800048828125,7316
1790154300000000000,1035.800048828125,1035.800048828125,1035.5,1035.5999755859375,3747
1790154360000000000,1035.5999755859375,1036.0,1035.5999755859375,1035.699951171875,11266
1790154420000000000,1035.699951171875,1036.0999755859375,1034.9000244140625,1036.0999755859375,55889
1790154480000000000,1036.0999755859375,1036.800048828125,1036.0,1036.800048828125,5998
1790154540000000000,1036.800048828125,1037.0,1036.5999755859375,1037.0,9736
1790154600000000000,1037.0,1037.0,1036.5999755859375,1036.699951171875,11132
1790154660000000000,1036.699951171875,1036.699951171875,1036.5,1036.699951171875,5338
1790154720000000000,1036.699951171875,1036.699951171875,1036.199951171875,1036.5,10695
1790154780000000000,1036.5,1036.5,1035.5,1036.0,10545
1790154840000000000,1036.0,1036.0999755859375,1035.699951171875,1036.0,6575
1790154900000000000,1036.0,1036.0,1035.800048828125,1035.9000244140625,7897
1790154960000000000,1036.0,1036.0,1035.5999755859375,1035.9000244140625,18401
1790155020000000000,1036.0,1036.0,1035.699951171875,1035.800048828125,13047
1790155080000000000,1035.800048828125,1036.199951171875,1035.5,1036.0999755859375,16577
1790155140000000000,1036.4000244140625,1036.5,1036.0999755859375,1036.0999755859375,16855
1790155200000000000,1036.199951171875,1036.199951171875,1035.5999755859375,1036.0,11048
1790155260000000000,1036.0,1036.199951171875,1035.800048828125,1036.199951171875,5309
1790155320000000000,1036.199951171875,1036.5,1036.0,1036.4000244140625,30521
1790155380000000000,1036.300048828125,1037.0,1036.199951171875,1037.0,15437
1790155440000000000,1037.0,1038.0,1036.800048828125,1037.5,40495
1790155500000000000,1037.699951171875,1038.800048828125,1037.5999755859375,1037.5999755859375,40307
1790155560000000000,1038.199951171875,1038.199951171875,1037.5999755859375,1037.699951171875,16967
1790155620000000000,1037.699951171875,1037.800048828125,1037.4000244140625,1037.800048828125,12920
1790155680000000000,1037.800048828125,1037.800048828125,1036.199951171875,1036.300048828125,34264
1790155740000000000,1036.300048828125,1037.300048828125,1036.300048828125,1037.300048828125,17107
1790155800000000000,1037.300048828125,1037.300048828125,1036.4000244140625,1037.0,50494
1790155860000000000,1037.300048828125,1038.0,1036.800048828125,1036.800048828125,32851
1790155920000000000,1036.9000244140625,1036.9000244140625,1036.4000244140625,1036.4000244140625,17583
1790155980000000000,1036.5,1037.4000244140625,1036.199951171875,1037.199951171875,39797
1790156040000000000,1037.199951171875,1038.0,1037.0,1038.0,32479
1790156100000000000,1038.0999755859375,1038.0999755859375,1037.5999755859375,1038.0,41138
1790156160000000000,1037.9000244140625,1038.5999755859375,1037.9000244140625,1038.5999755859375,39287
1790156220000000000,1038.5,1038.5,1038.4000244140625,1038.4000244140625,41625
1790156280000000000,1038.199951171875,1038.800048828125,1038.199951171875,1038.800048828125,36991
1790156340000000000,1038.5999755859375,1039.4000244140625,1038.5,1038.9000244140625,62229
1790156400000000000,1038.5999755859375,1038.699951171875,1037.800048828125,1038.0,79845
1790156460000000000,1038.0,1039.199951171875,1038.0,1038.800048828125,43100
1790156520000000000,1039.0999755859375,1040.0,1038.9000244140625,1039.4000244140625,88589
1790156580000000000,1039.199951171875,1040.0999755859375,1039.0999755859375,1039.5999755859375,69327
1790156640000000000,1039.5999755859375,1040.0,1038.5999755859375,1038.5999755859375,43984
1790156700000000000,1043.199951171875,1043.199951171875,1043.199951171875,1043.199951171875,0
1790221500000000000,1012.0,1012.0,984.5,992.7000122070312,968928
1790221560000000000,992.4000244140625,992.9000244140625,985.9000244140625,985.9000244140625,171752
1790221620000000000,985.7000122070312,985.7000122070312,976.5999755859375,978.0,242792
1790221680000000000,978.0,987.2000122070312,978.0,986.2999877929688,167070
1790221740000000000,986.7000122070312,989.7000122070312,986.4000244140625,987.4000244140625,129588
1790221800000000000,987.2999877929688,989.7999877929688,986.5,989.4000244140625,103468
1790221860000000000,989.5,989.5,987.0999755859375,988.2000122070312,63980
1790221920000000000,988.5,991.5,988.2000122070312,991.4000244140625,65860
1790221980000000000,991.2000122070312,992.5999755859375,990.5,991.0,72148
1790222040000000000,991.0999755859375,993.0999755859375,990.9000244140625,993.0,68037
1790222100000000000,993.0,993.9000244140625,991.5,992.0,78880
1790222160000000000,991.9000244140625,991.9000244140625,990.0,990.4000244140625,88361
1790222220000000000,990.2000122070312,990.7999877929688,989.5999755859375,989.5999755859375,72209
1790222280000000000,988.9000244140625,993.7999877929688,987.2999877929688,993.7999877929688,119079
1790222340000000000,993.7000122070312,1000.0,993.7000122070312,999.9000244140625,282251
1790222400000000000,999.4000244140625,1000.0999755859375,998.5,999.7000122070312,118994
1790222460000000000,999.9000244140625,999.9000244140625,997.5999755859375,999.5,155094
1790222520000000000,999.5999755859375,1002.0,999.0999755859375,1000.4000244140625,87740
1790222580000000000,1001.0,1001.0999755859375,997.5999755859375,1000.0999755859375,86020
1790222640000000000,1001.0,1001.5,999.2000122070312,999.4000244140625,47182
1790222700000000000,999.5,1001.2999877929688,999.0999755859375,1001.2999877929688,29775
1790222760000000000,1001.0999755859375,1001.4000244140625,1000.2000122070312,1000.5,21538
1790222820000000000,1000.4000244140625,1001.0,1000.0,1000.5999755859375,30348
1790222880000000000,1001.0,1001.2999877929688,1000.2000122070312,1000.2000122070312,25984
1790222940000000000,1000.5,1002.0,1000.5,1000.5999755859375,33531
1790223000000000000,1000.2000122070312,1003.2000122070312,999.4000244140625,999.9000244140625,75523
1790223060000000000,999.5999755859375,1000.7000122070312,998.5,999.2000122070312,66834
1790223120000000000,999.0,1000.2000122070312,998.9000244140625,1000.2000122070312,19289
1790223180000000000,1000.0999755859375,1000.0999755859375,998.0999755859375,998.7000122070312,46053
1790223240000000000,998.7000122070312,998.7999877929688,998.4000244140625,998.5,13191
1790223300000000000,998.5999755859375,998.5999755859375,997.4000244140625,998.2999877929688,22611
1790223360000000000,998.2999877929688,998.4000244140625,997.7000122070312,997.7000122070312,9890
1790223420000000000,997.7000122070312,999.0,997.7000122070312,999.0,12354
1790223480000000000,998.0,998.5,997.2000122070312,997.2000122070312,36591
1790223540000000000,996.5999755859375,997.9000244140625,996.5,997.5999755859375,38133
1790223600000000000,997.5,997.9000244140625,996.5,996.7000122070312,21530
1790223660000000000,997.0,997.0,995.2999877929688,995.5999755859375,37211
1790223720000000000,995.5999755859375,995.7999877929688,994.4000244140625,995.0999755859375,37802
1790223780000000000,995.0999755859375,995.5999755859375,994.2000122070312,994.5999755859375,26326
1790223840000000000,994.5999755859375,996.0999755859375,994.5,995.7999877929688,31008
1790223900000000000,995.9000244140625,995.9000244140625,995.0,995.2000122070312,26504
1790223960000000000,995.0999755859375,995.4000244140625,994.7999877929688,994.7999877929688,22268
1790224020000000000,994.4000244140625,995.0,994.4000244140625,994.9000244140625,21101
1790224080000000000,995.5999755859375,996.2999877929688,995.5999755859375,996.2000122070312,22982
1790224140000000000,995.5999755859375,996.5,995.5999755859375,996.0,20555
1790224200000000000,996.0999755859375,996.5,996.0999755859375,996.5,26704
1790224260000000000,996.4000244140625,998.2000122070312,996.4000244140625,997.9000244140625,27448
1790224320000000000,997.7000122070312,998.4000244140625,997.5,997.9000244140625,32453
1790224380000000000,997.7000122070312,998.5999755859375,997.7000122070312,998.4000244140625,13074
1790224440000000000,998.2999877929688,999.0,998.0999755859375,998.7000122070312,26094
1790224500000000000,998.5999755859375,998.5999755859375,997.0999755859375,997.7000122070312,25428
1790224560000000000,997.2999877929688,997.9000244140625,997.0999755859375,997.0999755859375,14707
1790224620000000000,997.0999755859375,997.4000244140625,996.7000122070312,997.0,17996
1790224680000000000,997.2000122070312,997.5,997.0999755859375,997.5,12908
1790224740000000000,997.5999755859375,997.7999877929688,997.5999755859375,997.7999877929688,11970
1790224800000000000,997.7000122070312,997.9000244140625,997.2000122070312,997.5999755859375,13854
1790224860000000000,998.0,998.0,997.5999755859375,997.5999755859375,21378
1790224920000000000,997.4000244140625,998.2999877929688,997.4000244140625,998.0999755859375,13345
1790224980000000000,997.7999877929688,998.0999755859375,997.7999877929688,998.0,14025
1790225040000000000,998.0,998.0,996.7999877929688,996.9000244140625,30878
1790225100000000000,996.7000122070312,997.2000122070312,996.5999755859375,997.2000122070312,27234
1790225160000000000,997.2999877929688,997.7999877929688,996.7999877929688,997.2000122070312,7542
1790225220000000000,997.2000122070312,997.2000122070312,996.0999755859375,996.2999877929688,14493
1790225280000000000,996.2999877929688,996.7999877929688,996.2000122070312,996.7000122070312,16063
1790225340000000000,996.7999877929688,997.4000244140625,996.2000122070312,997.4000244140625,25415
1790225400000000000,997.7999877929688,997.7999877929688,996.2000122070312,996.7999877929688,10218
1790225460000000000,996.7999877929688,996.7999877929688,995.5,995.9000244140625,19799
1790225520000000000,996.0,996.5999755859375,995.5999755859375,995.5999755859375,23663
1790225580000000000,996.0,996.0999755859375,995.7000122070312,995.9000244140625,10579
1790225640000000000,995.9000244140625,996.2999877929688,995.0999755859375,995.2000122070312,19166
1790225700000000000,995.0999755859375,995.0999755859375,993.5,993.5999755859375,41497
1790225760000000000,993.5,995.0999755859375,993.5,995.0,20702
1790225820000000000,994.5999755859375,995.0,994.4000244140625,994.4000244140625,17297
1790225880000000000,994.2999877929688,994.4000244140625,994.0999755859375,994.2999877929688,9248
1790225940000000000,994.4000244140625,995.5,994.4000244140625,995.5,16392
1790226000000000000,995.4000244140625,995.4000244140625,993.5999755859375,994.2999877929688,40483
1790226060000000000,994.2999877929688,995.0999755859375,993.7999877929688,995.0999755859375,34783
1790226120000000000,995.0999755859375,995.2999877929688,995.0,995.2000122070312,11137
1790226180000000000,995.0999755859375,995.2000122070312,994.5999755859375,994.7999877929688,10505
1790226240000000000,994.7999877929688,995.5,994.5999755859375,995.5,7957
1790226300000000000,995.5,995.9000244140625,994.5,995.2999877929688,27656
1790226360000000000,995.0,995.4000244140625,994.7999877929688,995.4000244140625,19002
1790226420000000000,995.4000244140625,995.9000244140625,995.2000122070312,995.7000122070312,15910
1790226480000000000,995.7000122070312,996.0,995.0999755859375,995.0999755859375,13535
1790226540000000000,994.7999877929688,994.9000244140625,994.5999755859375,994.9000244140625,8301
1790226600000000000,994.9000244140625,995.5,994.7999877929688,995.2000122070312,12507
1790226660000000000,995.2000122070312,995.4000244140625,995.0,995.4000244140625,5311
1790226720000000000,995.4000244140625,995.5,995.2999877929688,995.4000244140625,5975
1790226780000000000,995.2000122070312,995.5,994.4000244140625,994.5999755859375,14178
1790226840000000000,995.0999755859375,995.9000244140625,995.0999755859375,995.9000244140625,11520
1790226900000000000,995.9000244140625,996.5999755859375,995.7000122070312,996.5999755859375,10281
1790226960000000000,996.5999755859375,996.7000122070312,996.2999877929688,996.2999877929688,7473
1790227020000000000,996.2999877929688,996.7000122070312,996.2999877929688,996.7000122070312,4842
1790227080000000000,996.5999755859375,997.2999877929688,996.5999755859375,997.0999755859375,6804
1790227140000000000,997.0999755859375,999.0,996.9000244140625,999.0,54151
1790227200000000000,998.7999877929688,999.0,998.5999755859375,998.9000244140625,10805
1790227260000000000,998.9000244140625,998.9000244140625,998.5999755859375,998.7999877929688,13175
1790227320000000000,999.5,999.9000244140625,999.0999755859375,999.2999877929688,26919
1790227380000000000,999.2999877929688,999.7999877929688,999.0999755859375,999.5999755859375,67859
1790227440000000000,999.5999755859375,999.5999755859375,997.2000122070312,997.2000122070312,29397
1790227500000000000,997.2000122070312,997.5999755859375,997.0999755859375,997.2999877929688,16297
1790227560000000000,997.2999877929688,997.2999877929688,996.5999755859375,996.7000122070312,9667
1790227620000000000,996.7999877929688,997.5999755859375,996.5999755859375,997.0999755859375,14341
1790227680000000000,997.0999755859375,997.0999755859375,996.2999877929688,996.7000122070312,13634
1790227740000000000,996.5999755859375,997.0,996.5,997.0,7168
1790227800000000000,997.0,997.0,996.7999877929688,996.7999877929688,9083
1790227860000000000,996.7999877929688,996.9000244140625,995.7999877929688,996.0,17669
1790227920000000000,996.2000122070312,996.7000122070312,996.0,996.7000122070312,8239
1790227980000000000,996.7000122070312,996.7000122070312,996.0999755859375,996.4000244140625,9018
1790228040000000000,995.9000244140625,996.5,995.7000122070312,996.5,12358
1790228100000000000,996.5999755859375,996.5999755859375,995.5999755859375,995.5999755859375,12909
1790228160000000000,995.5,995.5,994.0,994.5999755859375,41545
1790228220000000000,994.5999755859375,995.4000244140625,994.5,995.2999877929688,15337
1790228280000000000,995.0999755859375,995.2999877929688,994.2000122070312,994.5,11784
1790228340000000000,994.2999877929688,994.5,993.2999877929688,993.5,24099
1790228400000000000,993.5,995.0999755859375,993.4000244140625,994.7999877929688,19197
1790228460000000000,994.7000122070312,994.7000122070312,994.0999755859375,994.5,7506
1790228520000000000,994.4000244140625,994.4000244140625,994.0999755859375,994.0999755859375,6902
1790228580000000000,994.2000122070312,994.2000122070312,991.7999877929688,991.7999877929688,42265
1790228640000000000,992.0,992.0,990.7000122070312,991.0,31908
1790228700000000000,991.0,992.0999755859375,991.0,991.7000122070312,25679
1790228760000000000,991.5999755859375,991.9000244140625,991.4000244140625,991.5999755859375,12398
1790228820000000000,991.5999755859375,991.9000244140625,991.5999755859375,991.9000244140625,9316
1790228880000000000,992.2000122070312,993.0999755859375,992.2000122070312,993.0,14489
1790228940000000000,993.0999755859375,993.7000122070312,992.7999877929688,993.7000122070312,18520
1790229000000000000,993.5999755859375,993.7000122070312,992.7000122070312,992.7000122070312,8775
1790229060000000000,992.5999755859375,993.7000122070312,992.5999755859375,993.5999755859375,7423
1790229120000000000,993.7000122070312,994.4000244140625,992.7000122070312,994.4000244140625,24672
1790229180000000000,994.9000244140625,995.0,993.7999877929688,993.9000244140625,19306
1790229240000000000,993.9000244140625,994.7000122070312,993.9000244140625,994.2000122070312,5927
1790229300000000000,994.0999755859375,994.5,993.2000122070312,993.7999877929688,11530
1790229360000000000,993.7999877929688,994.5,993.7999877929688,994.5,8514
1790229420000000000,994.5,995.2999877929688,994.5,995.2000122070312,7680
1790229480000000000,995.5,996.0999755859375,995.5,996.0999755859375,48815
1790229540000000000,996.0,996.2999877929688,995.0999755859375,995.2000122070312,35338
1790229600000000000,995.2000122070312,995.7000122070312,994.5,994.5,7815
1790229660000000000,994.5999755859375,994.5999755859375,994.0999755859375,994.0999755859375,6961
1790229720000000000,994.0,994.5999755859375,993.7000122070312,994.4000244140625,11221
1790229780000000000,994.2999877929688,994.5,994.2000122070312,994.5,9687
1790229840000000000,994.2999877929688,994.5,993.9000244140625,994.2999877929688,7318
1790229900000000000,994.0,994.0999755859375,993.7999877929688,994.0,5964
1790229960000000000,993.9000244140625,994.2000122070312,993.7999877929688,993.7999877929688,6946
1790230020000000000,993.9000244140625,993.9000244140625,993.2000122070312,993.2000122070312,22788
1790230080000000000,993.2999877929688,993.5,993.0999755859375,993.2000122070312,11098
1790230140000000000,993.4000244140625,993.4000244140625,993.0999755859375,993.0999755859375,5638
1790230200000000000,992.7000122070312,992.9000244140625,992.4000244140625,992.5999755859375,40692
1790230260000000000,992.5999755859375,992.7000122070312,992.2999877929688,992.2999877929688,11042
1790230320000000000,992.4000244140625,992.4000244140625,991.9000244140625,992.2999877929688,17171
1790230380000000000,992.2999877929688,994.0,992.2999877929688,994.0,30824
1790230440000000000,994.0999755859375,994.0999755859375,993.0,993.2999877929688,21429
1790230500000000000,993.2999877929688,993.2999877929688,992.2999877929688,992.5,15535
1790230560000000000,992.5,992.5,991.5,991.9000244140625,11163
1790230620000000000,991.7000122070312,992.0999755859375,991.7000122070312,991.7999877929688,9768
1790230680000000000,992.0,992.2999877929688,992.0,992.0999755859375,10627
1790230740000000000,992.2000122070312,992.2000122070312,991.9000244140625,992.0,6301
1790230800000000000,992.0,992.0,991.7999877929688,991.7999877929688,5236
1790230860000000000,991.5999755859375,991.7000122070312,991.2000122070312,991.4000244140625,13151
1790230920000000000,991.5,992.0999755859375,991.5,992.0,9099
1790230980000000000,992.2999877929688,992.2999877929688,991.4000244140625,991.7000122070312,19430
1790231040000000000,991.4000244140625,991.7999877929688,991.2999877929688,991.7999877929688,9503
1790231100000000000,991.9000244140625,992.7000122070312,991.9000244140625,992.7000122070312,11296
1790231160000000000,992.5,992.7999877929688,992.5,992.5999755859375,11245
1790231220000000000,992.5999755859375,992.7999877929688,992.5,992.7000122070312,10055
1790231280000000000,992.7000122070312,992.7000122070312,990.9000244140625,990.9000244140625,25842
1790231340000000000,990.7999877929688,990.7999877929688,989.7000122070312,990.0,95926
1790231400000000000,990.0,990.0,988.7000122070312,988.7999877929688,52942
1790231460000000000,988.5,990.0,988.5,989.9000244140625,40709
1790231520000000000,989.9000244140625,990.2000122070312,989.0,989.2999877929688,43123
1790231580000000000,989.0999755859375,989.9000244140625,989.0999755859375,989.9000244140625,15046
1790231640000000000,989.9000244140625,989.9000244140625,989.5,989.5999755859375,19329
1790231700000000000,989.5999755859375,990.0,989.4000244140625,990.0,20948
1790231760000000000,990.0,990.0999755859375,989.9000244140625,990.0,24148
1790231820000000000,990.0,990.2000122070312,989.7999877929688,990.0,18282
1790231880000000000,989.7999877929688,990.0999755859375,989.7999877929688,990.0,33198
1790231940000000000,990.0,990.0999755859375,989.9000244140625,990.0999755859375,22614
1790232000000000000,989.9000244140625,990.0999755859375,989.9000244140625,990.0,17441
1790232060000000000,990.0,990.0999755859375,989.5999755859375,989.5999755859375,25429
1790232120000000000,990.0,990.0,988.7999877929688,988.9000244140625,17163
1790232180000000000,989.0,989.2999877929688,988.5999755859375,989.2999877929688,21020
1790232240000000000,989.2999877929688,989.4000244140625,988.5999755859375,989.4000244140625,20575
1790232300000000000,989.4000244140625,989.5999755859375,988.2999877929688,988.7000122070312,28454
1790232360000000000,988.5,988.7000122070312,988.0,988.0999755859375,19533
1790232420000000000,988.0999755859375,988.4000244140625,987.5999755859375,988.4000244140625,44161
1790232480000000000,988.2999877929688,988.5999755859375,988.0999755859375,988.4000244140625,16135
1790232540000000000,988.4000244140625,988.5,988.0,988.2999877929688,20659
1790232600000000000,988.2999877929688,989.0,988.2000122070312,988.9000244140625,15448
1790232660000000000,988.9000244140625,988.9000244140625,988.0999755859375,988.2999877929688,26212
1790232720000000000,988.4000244140625,988.4000244140625,988.2000122070312,988.4000244140625,9117
1790232780000000000,988.2000122070312,988.4000244140625,987.9000244140625,988.0,20991
1790232840000000000,987.7999877929688,988.5,987.7999877929688,988.2999877929688,31600
1790232900000000000,988.0999755859375,988.2999877929688,987.5,987.7000122070312,21058
1790232960000000000,987.7999877929688,988.2999877929688,987.5999755859375,988.2999877929688,24598
1790233020000000000,988.2999877929688,988.2999877929688,988.0,988.0,16538
1790233080000000000,988.0999755859375,988.5,988.0999755859375,988.2999877929688,21505
1790233140000000000,988.0999755859375,988.4000244140625,988.0999755859375,988.2000122070312,19818
1790233200000000000,988.2999877929688,988.2999877929688,988.0,988.0999755859375,17856
1790233260000000000,987.7999877929688,988.9000244140625,987.7999877929688,988.4000244140625,24986
1790233320000000000,988.0999755859375,988.2000122070312,987.2999877929688,988.0,34287
1790233380000000000,988.0,988.4000244140625,987.9000244140625,988.2999877929688,20976
1790233440000000000,988.4000244140625,988.4000244140625,988.0,988.2999877929688,17545
1790233500000000000,988.2999877929688,988.4000244140625,987.9000244140625,988.4000244140625,27888
1790233560000000000,988.2000122070312,988.9000244140625,988.0,988.9000244140625,84924
1790233620000000000,988.9000244140625,989.0,988.5,989.0,20211
1790233680000000000,989.0,989.0,988.7999877929688,989.0,13609
1790233740000000000,989.0,989.0999755859375,988.9000244140625,989.0,80797
1790233800000000000,989.0,989.5999755859375,988.9000244140625,989.5999755859375,278707
1790233860000000000,989.9000244140625,991.5,989.5,989.7999877929688,69500
1790233920000000000,989.7999877929688,990.2999877929688,989.5999755859375,990.0,26845
1790233980000000000,990.2000122070312,991.0,989.9000244140625,990.2000122070312,404251
1790234040000000000,990.2000122070312,990.2999877929688,989.5,989.5,136855
1790234100000000000,989.7000122070312,989.7000122070312,989.2000122070312,989.4000244140625,20387
1790234160000000000,989.4000244140625,989.7999877929688,989.0999755859375,989.0999755859375,24782
1790234220000000000,989.2999877929688,989.2999877929688,988.4000244140625,988.7000122070312,18543
1790234280000000000,988.7000122070312,988.7999877929688,988.7000122070312,988.7999877929688,10563
1790234340000000000,988.7999877929688,989.2000122070312,988.7999877929688,989.2000122070312,15593
1790234400000000000,989.0999755859375,989.9000244140625,989.0999755859375,989.7999877929688,17923
1790234460000000000,989.9000244140625,989.9000244140625,989.4000244140625,989.4000244140625,9844
1790234520000000000,989.2999877929688,989.4000244140625,989.0,989.4000244140625,12450
1790234580000000000,989.0,989.5999755859375,989.0,989.5999755859375,13503
1790234640000000000,989.4000244140625,989.5999755859375,989.4000244140625,989.5,12978
1790234700000000000,989.5,989.5,989.2000122070312,989.4000244140625,14943
1790234760000000000,989.4000244140625,989.4000244140625,989.0999755859375,989.0999755859375,13682
1790234820000000000,989.0,989.0999755859375,988.9000244140625,989.0999755859375,10449
1790234880000000000,989.0999755859375,989.4000244140625,988.9000244140625,989.2999877929688,15267
1790234940000000000,989.2000122070312,989.2000122070312,988.5,988.7999877929688,27352
1790235000000000000,988.7999877929688,989.2999877929688,988.7999877929688,989.0999755859375,11433
1790235060000000000,989.0999755859375,989.7999877929688,989.0,989.7999877929688,15358
1790235120000000000,989.7999877929688,990.0,989.7000122070312,990.0,20702
1790235180000000000,990.0,990.0,989.9000244140625,989.9000244140625,19883
1790235240000000000,990.0,990.0,989.9000244140625,990.0,40544
1790235300000000000,990.0,992.2999877929688,989.9000244140625,992.2000122070312,50501
1790235360000000000,992.2000122070312,992.2000122070312,990.7999877929688,990.7999877929688,46994
1790235420000000000,990.7999877929688,991.2999877929688,990.7999877929688,991.2999877929688,14892
1790235480000000000,991.2999877929688,992.5,991.2999877929688,991.5999755859375,17224
1790235540000000000,991.5999755859375,991.5999755859375,991.0,991.2000122070312,13787
1790235600000000000,991.2999877929688,991.5,990.7000122070312,991.5,29552
1790235660000000000,991.7999877929688,991.7999877929688,991.5,991.5999755859375,14985
1790235720000000000,991.5999755859375,991.5999755859375,991.4000244140625,991.5999755859375,10818
1790235780000000000,991.5,992.0999755859375,991.2999877929688,992.0999755859375,35664
1790235840000000000,991.9000244140625,992.0999755859375,991.7000122070312,991.7000122070312,13069
1790235900000000000,991.4000244140625,991.5999755859375,991.4000244140625,991.4000244140625,10679
1790235960000000000,991.4000244140625,991.4000244140625,991.2999877929688,991.4000244140625,11880
1790236020000000000,991.4000244140625,991.4000244140625,991.4000244140625,991.4000244140625,11488
1790236080000000000,991.4000244140625,991.5999755859375,991.4000244140625,991.5,19787
1790236140000000000,991.7999877929688,991.7999877929688,991.2999877929688,991.2999877929688,33844
1790236200000000000,991.0999755859375,991.0999755859375,990.4000244140625,990.7999877929688,15944
1790236260000000000,990.7999877929688,990.7999877929688,990.2999877929688,990.7999877929688,20849
1790236320000000000,990.7999877929688,991.0999755859375,990.7999877929688,991.0999755859375,15311
1790236380000000000,991.0999755859375,991.2000122070312,991.0,991.2000122070312,14668
1790236440000000000,991.2000122070312,991.7000122070312,991.2000122070312,991.4000244140625,15541
1790236500000000000,991.2999877929688,991.4000244140625,990.7000122070312,990.7000122070312,18313
1790236560000000000,990.2000122070312,990.7999877929688,989.4000244140625,989.4000244140625,40294
1790236620000000000,988.7000122070312,990.2999877929688,988.0,989.5999755859375,49516
1790236680000000000,990.0,990.0,989.2999877929688,989.4000244140625,15565
1790236740000000000,989.4000244140625,990.2999877929688,989.2999877929688,990.0999755859375,27987
1790236800000000000,990.2000122070312,990.2999877929688,989.7000122070312,990.2999877929688,17484
1790236860000000000,990.2999877929688,990.7999877929688,989.9000244140625,990.7999877929688,23450
1790236920000000000,990.2999877929688,990.2999877929688,990.0,990.2000122070312,13507
1790236980000000000,990.2000122070312,990.2000122070312,989.7000122070312,990.0,21789
1790237040000000000,990.0,990.0,989.7999877929688,989.7999877929688,9390
1790237100000000000,989.7999877929688,989.7999877929688,989.2000122070312,989.5999755859375,15110
1790237160000000000,989.5,989.5,989.0,989.0999755859375,16411
1790237220000000000,989.0999755859375,989.0999755859375,988.4000244140625,988.4000244140625,14972
1790237280000000000,988.4000244140625,988.7000122070312,988.2000122070312,988.2000122070312,14545
1790237340000000000,988.0999755859375,988.0999755859375,987.5,987.7999877929688,33495
1790237400000000000,987.5,987.7999877929688,986.7000122070312,987.0,26152
1790237460000000000,987.0,987.5,986.7999877929688,987.2999877929688,28182
1790237520000000000,987.4000244140625,987.4000244140625,987.4000244140625,987.4000244140625,14740
1790237580000000000,987.2000122070312,987.2000122070312,986.5999755859375,986.5999755859375,26392
1790237640000000000,986.2999877929688,986.2999877929688,985.2999877929688,985.5,59642
1790237700000000000,985.5999755859375,985.5999755859375,983.7999877929688,984.0,77693
1790237760000000000,984.0,984.0,983.0999755859375,983.2999877929688,33551
1790237820000000000,983.4000244140625,984.2999877929688,983.0,983.7000122070312,28127
1790237880000000000,983.2999877929688,983.2999877929688,982.5999755859375,982.9000244140625,24676
1790237940000000000,982.9000244140625,984.2000122070312,982.7000122070312,983.7000122070312,29656
1790238000000000000,983.7000122070312,984.4000244140625,983.5,984.0,27954
1790238060000000000,984.0999755859375,984.0999755859375,983.4000244140625,983.7999877929688,28772
1790238120000000000,983.7999877929688,984.2000122070312,983.7000122070312,984.0,34540
1790238180000000000,983.9000244140625,984.0,983.5,983.7000122070312,17865
1790238240000000000,983.5999755859375,983.5999755859375,982.7000122070312,982.9000244140625,36071
1790238300000000000,983.0,983.7999877929688,982.9000244140625,983.4000244140625,23463
1790238360000000000,983.4000244140625,983.4000244140625,982.2000122070312,982.4000244140625,25594
1790238420000000000,982.4000244140625,982.4000244140625,981.5999755859375,981.7000122070312,44666
1790238480000000000,981.4000244140625,982.2999877929688,981.4000244140625,981.5,26888
1790238540000000000,981.5,982.7000122070312,981.2999877929688,982.4000244140625,27661
1790238600000000000,982.4000244140625,983.2000122070312,982.0999755859375,983.2000122070312,19475
1790238660000000000,983.2000122070312,983.5999755859375,983.0999755859375,983.2999877929688,16620
1790238720000000000,983.4000244140625,983.4000244140625,982.4000244140625,983.2000122070312,54934
1790238780000000000,983.2000122070312,983.4000244140625,982.0,982.0999755859375,19060
1790238840000000000,982.2000122070312,982.2000122070312,980.2000122070312,980.2999877929688,41468
1790238900000000000,980.5,980.5,979.2999877929688,979.5999755859375,118243
1790238960000000000,979.5999755859375,979.9000244140625,979.2999877929688,979.7000122070312,25598
1790239020000000000,979.5999755859375,980.4000244140625,979.4000244140625,980.0,30974
1790239080000000000,980.0,980.4000244140625,979.7000122070312,980.2000122070312,23443
1790239140000000000,980.2000122070312,980.2000122070312,979.7999877929688,980.2000122070312,20199
1790239200000000000,980.0999755859375,980.2999877929688,980.0999755859375,980.2999877929688,15762
1790239260000000000,980.5,980.5,980.2000122070312,980.2000122070312,26155
1790239320000000000,980.2000122070312,980.2000122070312,979.9000244140625,979.9000244140625,32081
1790239380000000000,979.9000244140625,980.4000244140625,979.7999877929688,980.2000122070312,18666
1790239440000000000,980.5,980.7999877929688,980.2999877929688,980.7999877929688,32535
1790239500000000000,980.7999877929688,980.7999877929688,980.2999877929688,980.5999755859375,43034
1790239560000000000,980.5,980.5,980.0,980.2000122070312,15692
1790239620000000000,980.2000122070312,980.2000122070312,979.9000244140625,980.0999755859375,36923
1790239680000000000,980.0,980.2000122070312,979.2000122070312,979.2000122070312,52328
1790239740000000000,979.2999877929688,979.7000122070312,978.0,978.2000122070312,74812
1790239800000000000,978.2000122070312,979.0999755859375,978.0999755859375,978.5999755859375,53766
1790239860000000000,978.5999755859375,978.5999755859375,975.9000244140625,976.0999755859375,132352
1790239920000000000,976.5,976.5,975.0,975.0,37436
1790239980000000000,975.0999755859375,975.0999755859375,974.0999755859375,974.0999755859375,81081
1790240040000000000,974.2000122070312,976.9000244140625,974.0,976.4000244140625,64605
1790240100000000000,976.4000244140625,977.4000244140625,976.4000244140625,977.0,39316
1790240160000000000,976.9000244140625,977.5999755859375,976.5,977.2999877929688,61595
1790240220000000000,977.2999877929688,977.4000244140625,976.9000244140625,977.2000122070312,23528
1790240280000000000,977.2000122070312,977.2000122070312,976.0,976.2000122070312,32340
1790240340000000000,976.2000122070312,977.2000122070312,976.2000122070312,976.7000122070312,30317
1790240400000000000,976.7000122070312,976.7000122070312,976.0,976.4000244140625,28470
1790240460000000000,976.4000244140625,976.7999877929688,976.0,976.7000122070312,41096
1790240520000000000,977.0,977.5,976.5999755859375,976.5999755859375,33256
1790240580000000000,976.5999755859375,977.7000122070312,976.5,977.5,24815
1790240640000000000,977.7000122070312,977.7000122070312,977.0999755859375,977.5999755859375,26624
1790240700000000000,977.5999755859375,978.0,977.5999755859375,978.0,20852
1790240760000000000,978.0,978.5,978.0,978.5,24839
1790240820000000000,978.7999877929688,978.7999877929688,978.2000122070312,978.2000122070312,22172
1790240880000000000,978.5,978.7999877929688,978.5,978.7999877929688,28114
1790240940000000000,978.7999877929688,978.7999877929688,978.7000122070312,978.7999877929688,18069
1790241000000000000,978.7000122070312,979.0999755859375,978.7000122070312,979.0,35719
1790241060000000000,979.0,979.0,978.5999755859375,978.7999877929688,28950
1790241120000000000,978.7999877929688,978.7999877929688,977.0,977.2999877929688,59978
1790241180000000000,978.0,978.4000244140625,977.7999877929688,977.7999877929688,22897
1790241240000000000,977.7999877929688,978.2000122070312,977.7000122070312,978.0999755859375,29615
1790241300000000000,978.0999755859375,978.0999755859375,977.0,977.7999877929688,37640
1790241360000000000,977.9000244140625,978.2999877929688,977.9000244140625,978.0,32151
1790241420000000000,978.0,978.5999755859375,977.7999877929688,978.5,37144
1790241480000000000,978.5,979.0,978.0999755859375,978.9000244140625,28165
1790241540000000000,978.9000244140625,979.2000122070312,978.7000122070312,978.9000244140625,26943
1790241600000000000,979.0,979.2999877929688,978.7000122070312,978.7999877929688,27683
1790241660000000000,978.7999877929688,979.2000122070312,978.7000122070312,979.0999755859375,42060
1790241720000000000,979.0999755859375,979.0999755859375,978.7999877929688,978.9000244140625,24655
1790241780000000000,978.9000244140625,979.2000122070312,978.7999877929688,979.0999755859375,35333
1790241840000000000,979.0,979.0999755859375,978.5999755859375,978.5999755859375,43532
1790241900000000000,979.0,979.7000122070312,978.7999877929688,979.5999755859375,39097
1790241960000000000,979.7000122070312,979.7000122070312,978.7999877929688,978.7999877929688,25478
1790242020000000000,979.0,979.0,978.7999877929688,979.0,41375
1790242080000000000,979.0,981.2000122070312,978.9000244140625,981.2000122070312,80273
1790242140000000000,981.0999755859375,981.2000122070312,980.2000122070312,980.4000244140625,34522
1790242200000000000,980.2999877929688,981.0,980.0,980.0,100712
1790242260000000000,980.0999755859375,981.0,980.0,981.0,184820
1790242320000000000,980.9000244140625,981.9000244140625,980.7000122070312,981.9000244140625,55193
1790242380000000000,981.9000244140625,981.9000244140625,981.2000122070312,981.5,38579
1790242440000000000,981.5,982.7000122070312,981.5,982.2999877929688,90412
1790242500000000000,982.2000122070312,982.2999877929688,982.0,982.0999755859375,47437
1790242560000000000,982.2000122070312,982.2000122070312,982.0999755859375,982.0999755859375,61234
1790242620000000000,982.4000244140625,982.4000244140625,981.7000122070312,981.7000122070312,72231
1790242680000000000,981.9000244140625,981.9000244140625,981.0,981.9000244140625,91235
1790242740000000000,981.9000244140625,981.9000244140625,981.2000122070312,981.5,87344
1790242800000000000,981.5999755859375,981.5999755859375,981.0999755859375,981.2000122070312,72524
1790242860000000000,981.2000122070312,981.2000122070312,980.7999877929688,980.7999877929688,60604
1790242920000000000,980.5,981.5999755859375,980.5,981.2000122070312,103843
1790242980000000000,981.2000122070312,981.7999877929688,980.5,981.7999877929688,56880
1790243040000000000,981.7999877929688,983.0,981.0,982.2999877929688,22761
1790243100000000000,982.0,982.0,982.0,982.0,176183
