timestamp_ns,open,high,low,close,volume
1787888700000000000,1875.70,1893.00,1875.70,1883.90,588208
1787888760000000000,1883.90,1884.70,1878.40,1884.00,241696
1787888820000000000,1883.00,1884.60,1878.30,1879.50,194074
1787888880000000000,1879.50,1880.00,1877.70,1877.90,45736
1787888940000000000,1877.90,1881.40,1877.90,1881.40,57039
1787889000000000000,1881.40,1882.00,1880.10,1881.80,28162
1787889060000000000,1882.00,1884.00,1881.90,1884.00,77346
1787889120000000000,1884.00,1884.00,1882.20,1882.80,19173
1787889180000000000,1882.80,1883.00,1881.60,1881.70,8550
1787889240000000000,1881.90,1888.60,1881.70,1887.30,118477
1787889300000000000,1887.30,1888.80,1886.30,1888.70,68617
1787889360000000000,1888.70,1889.70,1888.60,1889.50,44353
1787889420000000000,1889.50,1894.30,1889.20,1893.00,104099
1787889480000000000,1893.00,1893.70,1889.50,1890.30,76126
1787889540000000000,1890.80,1891.50,1889.20,1889.20,28200
1787889600000000000,1889.90,1890.80,1888.30,1888.70,23228
1787889660000000000,1888.80,1889.40,1888.10,1888.50,14139
1787889720000000000,1889.00,1889.00,1887.30,1887.70,14265
1787889780000000000,1888.60,1889.00,1887.40,1888.30,12482
1787889840000000000,1888.80,1888.80,1887.00,1887.90,23877
1787889900000000000,1887.90,1889.40,1887.90,1888.90,15864
1787889960000000000,1889.00,1890.00,1888.90,1890.00,15278
1787890020000000000,1890.00,1890.00,1888.20,1889.20,16606
1787890080000000000,1889.40,1890.00,1887.70,1887.70,22732
1787890140000000000,1888.50,1888.50,1885.40,1885.70,14286
1787890200000000000,1885.60,1887.40,1884.80,1885.90,71737
1787890260000000000,1886.00,1888.00,1886.00,1887.90,26772
1787890320000000000,1888.00,1888.00,1886.00,1886.40,14284
1787890380000000000,1886.30,1888.00,1886.30,1888.00,13892
1787890440000000000,1888.00,1888.00,1885.70,1885.70,17570
1787890500000000000,1886.50,1887.60,1886.30,1887.00,12616
1787890560000000000,1887.00,1887.00,1883.40,1883.50,20121
1787890620000000000,1883.50,1884.00,1881.80,1882.50,15394
1787890680000000000,1882.70,1883.00,1880.00,1880.00,25880
1787890740000000000,1880.30,1880.30,1879.10,1880.00,14339
1787890800000000000,1880.20,1882.00,1879.80,1881.50,18085
1787890860000000000,1881.90,1882.00,1880.60,1881.60,10112
1787890920000000000,1881.80,1883.80,1881.40,1883.00,20044
1787890980000000000,1883.20,1883.60,1882.40,1882.70,9212
1787891040000000000,1882.70,1884.00,1882.10,1883.60,9617
1787891100000000000,1883.60,1885.00,1882.00,1885.00,20986
1787891160000000000,1885.00,1886.00,1883.80,1885.20,27930
1787891220000000000,1885.80,1886.00,1884.50,1885.60,47211
1787891280000000000,1885.70,1888.20,1885.10,1886.80,29964
1787891340000000000,1887.00,1887.00,1885.10,1886.40,19947
1787891400000000000,1886.60,1886.90,1883.00,1884.00,14999
1787891460000000000,1884.40,1884.90,1882.80,1882.80,6363
1787891520000000000,1883.50,1884.30,1882.90,1883.90,7911
1787891580000000000,1884.10,1884.40,1882.00,1882.20,4852
1787891640000000000,1882.70,1883.10,1881.40,1882.00,13058
1787891700000000000,1882.00,1883.50,1881.60,1883.20,13366
1787891760000000000,1883.20,1883.30,1882.10,1882.50,4967
1787891820000000000,1882.50,1883.20,1882.40,1883.10,3666
1787891880000000000,1883.20,1884.20,1883.10,1884.10,7800
1787891940000000000,1884.20,1884.70,1884.00,1884.40,4666
1787892000000000000,1884.40,1884.60,1881.80,1881.90,20666
1787892060000000000,1882.00,1883.10,1881.90,1882.80,61354
1787892120000000000,1883.00,1883.10,1881.90,1882.00,7311
1787892180000000000,1882.00,1882.00,1881.70,1881.90,15551
1787892240000000000,1882.00,1882.60,1881.10,1882.60,25642
1787892300000000000,1882.60,1884.00,1882.50,1882.50,18681
1787892360000000000,1882.90,1882.90,1881.40,1882.90,15191
1787892420000000000,1882.90,1883.70,1882.50,1883.30,21021
1787892480000000000,1883.40,1883.70,1882.60,1883.30,4962
1787892540000000000,1883.70,1883.80,1881.90,1882.50,34222
1787892600000000000,1883.00,1883.00,1882.00,1882.60,27933
1787892660000000000,1882.80,1883.30,1882.60,1883.30,5137
1787892720000000000,1883.30,1883.50,1882.00,1882.50,30963
1787892780000000000,1882.90,1882.90,1882.50,1882.50,3806
1787892840000000000,1882.60,1883.40,1881.10,1883.40,14897
1787892900000000000,1883.60,1883.70,1882.00,1883.20,43072
1787892960000000000,1883.20,1883.50,1883.00,1883.40,3076
1787893020000000000,1883.50,1883.80,1883.40,1883.50,5089
1787893080000000000,1883.50,1883.50,1881.90,1882.90,29181
1787893140000000000,1883.00,1883.30,1882.00,1882.80,32335
1787893200000000000,1882.90,1883.20,1882.00,1882.50,8853
1787893260000000000,1882.50,1882.80,1882.00,1882.50,30308
1787893320000000000,1882.60,1882.70,1881.70,1882.00,18383
1787893380000000000,1882.00,1882.30,1881.90,1882.00,13332
1787893440000000000,1882.20,1882.40,1881.90,1882.00,24315
1787893500000000000,1882.00,1883.90,1882.00,1882.90,19449
1787893560000000000,1883.30,1883.30,1881.10,1882.00,28625
1787893620000000000,1882.00,1882.00,1881.10,1881.70,6453
1787893680000000000,1882.00,1882.00,1881.00,1881.00,7961
1787893740000000000,1881.50,1881.50,1881.00,1881.20,5092
1787893800000000000,1881.30,1881.30,1879.60,1879.60,24122
1787893860000000000,1880.30,1880.30,1878.00,1878.40,15592
1787893920000000000,1878.40,1879.50,1878.20,1879.20,8580
1787893980000000000,1879.50,1880.30,1879.20,1879.80,4905
1787894040000000000,1880.30,1880.50,1879.50,1879.90,9582
1787894100000000000,1880.50,1880.50,1877.10,1877.20,13116
1787894160000000000,1877.60,1877.60,1876.70,1877.10,6716
1787894220000000000,1877.40,1877.40,1876.20,1876.40,5084
1787894280000000000,1876.60,1876.80,1876.10,1876.80,3712
1787894340000000000,1876.80,1878.20,1876.80,1877.20,10541
1787894400000000000,1877.40,1878.60,1877.20,1878.50,5060
1787894460000000000,1878.60,1878.70,1876.90,1877.20,7974
1787894520000000000,1877.20,1877.20,1876.50,1876.80,8609
1787894580000000000,1877.00,1877.10,1876.60,1876.80,5112
1787894640000000000,1876.90,1877.20,1876.80,1877.00,4679
1787894700000000000,1877.20,1877.70,1876.80,1877.00,7101
1787894760000000000,1877.10,1879.30,1876.90,1878.70,5741
1787894820000000000,1879.10,1879.10,1878.00,1878.10,5808
1787894880000000000,1878.20,1878.50,1878.10,1878.20,2788
1787894940000000000,1878.30,1878.50,1877.60,1877.60,3738
1787895000000000000,1877.70,1879.40,1876.90,1878.90,315169
1787895060000000000,1879.00,1879.30,1878.60,1878.70,4517
1787895120000000000,1878.80,1879.20,1878.40,1878.90,4259
1787895180000000000,1879.00,1879.20,1878.50,1878.50,4895
1787895240000000000,1878.80,1878.80,1877.80,1878.00,5646
1787895300000000000,1878.10,1878.40,1877.00,1877.20,12845
1787895360000000000,1877.40,1877.40,1876.80,1877.00,3723
1787895420000000000,1877.10,1877.10,1876.60,1876.80,4665
1787895480000000000,1876.90,1877.10,1876.70,1876.70,4396
1787895540000000000,1876.80,1876.80,1875.50,1875.50,15670
1787895600000000000,1875.60,1876.00,1875.30,1875.40,9225
1787895660000000000,1875.50,1877.10,1875.10,1877.00,28833
1787895720000000000,1877.10,1878.10,1877.00,1878.00,3043
1787895780000000000,1878.10,1879.10,1877.50,1877.50,17669
1787895840000000000,1877.80,1878.10,1877.50,1877.90,4521
1787895900000000000,1877.90,1878.00,1877.50,1877.50,5954
1787895960000000000,1877.60,1877.60,1877.00,1877.30,3419
1787896020000000000,1877.30,1877.40,1877.00,1877.00,2807
1787896080000000000,1877.10,1877.50,1877.00,1877.00,4049
1787896140000000000,1877.10,1877.20,1877.00,1877.00,3544
1787896200000000000,1877.10,1877.10,1877.00,1877.10,1935
1787896260000000000,1877.10,1877.20,1876.50,1876.80,11616
1787896320000000000,1876.80,1877.10,1876.50,1876.90,16870
1787896380000000000,1876.90,1878.20,1876.70,1877.50,13125
1787896440000000000,1877.50,1877.80,1877.20,1877.50,4013
1787896500000000000,1877.50,1877.80,1877.20,1877.20,2207
1787896560000000000,1877.40,1877.40,1875.80,1876.20,13287
1787896620000000000,1876.20,1876.50,1875.70,1875.70,6198
1787896680000000000,1875.80,1875.80,1873.80,1875.00,22170
1787896740000000000,1875.00,1875.40,1873.80,1874.00,11835
1787896800000000000,1873.80,1875.00,1873.80,1874.80,6165
1787896860000000000,1874.80,1874.80,1873.70,1874.50,7880
1787896920000000000,1874.50,1874.50,1873.00,1873.10,6983
1787896980000000000,1873.50,1873.50,1871.70,1871.70,9079
1787897040000000000,1872.00,1872.00,1870.10,1870.80,58896
1787897100000000000,1870.80,1871.10,1870.40,1871.00,4241
1787897160000000000,1871.00,1871.00,1870.10,1870.70,3376
1787897220000000000,1870.90,1871.30,1870.60,1871.00,8721
1787897280000000000,1871.30,1873.40,1871.00,1873.00,16392
1787897340000000000,1872.70,1873.40,1871.80,1871.80,8262
1787897400000000000,1872.10,1872.40,1871.50,1872.10,3258
1787897460000000000,1872.10,1874.00,1872.10,1873.80,5386
1787897520000000000,1873.80,1873.80,1873.00,1873.30,3128
1787897580000000000,1873.30,1873.30,1872.70,1872.80,2087
1787897640000000000,1872.80,1873.10,1872.70,1873.00,3135
1787897700000000000,1873.10,1873.10,1872.00,1872.30,4886
1787897760000000000,1872.30,1872.30,1871.60,1872.30,2371
1787897820000000000,1872.30,1872.30,1872.00,1872.20,2245
1787897880000000000,1872.20,1872.40,1871.30,1872.10,9900
1787897940000000000,1872.10,1872.20,1871.30,1872.00,3559
1787898000000000000,1872.00,1872.20,1871.60,1872.10,2781
1787898060000000000,1871.80,1872.10,1871.30,1871.80,2474
1787898120000000000,1871.80,1872.00,1870.70,1871.40,14455
1787898180000000000,1871.40,1871.90,1871.20,1871.20,18871
1787898240000000000,1871.50,1872.50,1871.50,1872.50,18852
1787898300000000000,1872.60,1872.60,1871.30,1871.60,11204
1787898360000000000,1871.60,1871.70,1870.90,1871.00,2897
1787898420000000000,1871.00,1871.00,1870.10,1870.40,4832
1787898480000000000,1870.40,1870.50,1870.10,1870.30,2158
1787898540000000000,1870.40,1870.60,1870.10,1870.20,4593
1787898600000000000,1870.20,1870.20,1870.10,1870.20,2084
1787898660000000000,1870.20,1870.20,1870.10,1870.20,2715
1787898720000000000,1870.20,1870.20,1870.10,1870.20,2378
1787898780000000000,1870.20,1870.40,1869.50,1869.80,15041
1787898840000000000,1869.80,1870.90,1869.70,1870.40,19350
1787898900000000000,1870.90,1871.70,1870.60,1871.30,11716
1787898960000000000,1871.30,1872.10,1871.10,1871.70,6693
1787899020000000000,1871.70,1871.80,1871.50,1871.60,2566
1787899080000000000,1871.70,1871.70,1870.90,1870.90,6288
1787899140000000000,1871.00,1871.00,1868.40,1868.50,15703
1787899200000000000,1868.50,1868.90,1867.60,1868.50,19174
1787899260000000000,1868.80,1869.10,1868.50,1869.10,2945
1787899320000000000,1869.40,1869.90,1869.40,1869.80,2201
1787899380000000000,1869.90,1869.90,1869.80,1869.90,1608
1787899440000000000,1869.90,1870.10,1869.80,1869.90,3368
1787899500000000000,1870.00,1870.20,1869.90,1870.00,3718
1787899560000000000,1870.10,1870.20,1869.00,1869.10,4784
1787899620000000000,1869.10,1869.20,1868.40,1869.10,3306
1787899680000000000,1869.10,1869.30,1868.80,1869.20,3663
1787899740000000000,1869.20,1869.30,1868.70,1869.10,3315
1787899800000000000,1869.10,1869.50,1868.90,1869.50,13766
1787899860000000000,1869.50,1869.90,1869.40,1869.70,3579
1787899920000000000,1869.70,1869.80,1869.60,1869.80,2160
1787899980000000000,1869.80,1869.80,1869.50,1869.80,3852
1787900040000000000,1869.80,1870.60,1869.20,1870.40,7473
1787900100000000000,1870.30,1870.40,1869.80,1869.90,3864
1787900160000000000,1870.10,1870.50,1869.80,1870.40,5193
1787900220000000000,1870.40,1870.60,1869.90,1870.00,4856
1787900280000000000,1870.00,1870.10,1868.90,1869.20,8318
1787900340000000000,1869.20,1870.10,1868.90,1869.50,12035
1787900400000000000,1869.50,1870.20,1869.50,1870.10,4781
1787900460000000000,1870.10,1870.80,1869.80,1870.20,5866
1787900520000000000,1870.40,1872.00,1870.00,1871.20,14023
1787900580000000000,1871.20,1872.10,1871.00,1872.00,22985
1787900640000000000,1872.10,1872.10,1871.00,1871.80,43749
1787900700000000000,1871.70,1872.00,1871.10,1871.50,5338
1787900760000000000,1871.70,1871.70,1870.90,1871.30,3415
1787900820000000000,1871.30,1871.50,1871.00,1871.40,7431
1787900880000000000,1871.40,1871.60,1870.50,1870.90,6338
1787900940000000000,1871.40,1871.40,1870.40,1870.60,4701
1787901000000000000,1870.70,1870.90,1870.30,1870.90,2605
1787901060000000000,1870.80,1870.90,1870.20,1870.40,4479
1787901120000000000,1870.50,1870.60,1870.10,1870.50,4793
1787901180000000000,1870.60,1870.60,1870.30,1870.30,4115
1787901240000000000,1870.50,1870.90,1870.30,1870.90,4665
1787901300000000000,1870.70,1870.90,1870.40,1870.70,3058
1787901360000000000,1870.70,1870.80,1870.40,1870.70,4149
1787901420000000000,1870.70,1870.70,1870.20,1870.50,3923
1787901480000000000,1870.60,1870.70,1870.30,1870.60,3218
1787901540000000000,1870.60,1870.60,1870.00,1870.00,5187
1787901600000000000,1870.30,1870.30,1869.80,1870.20,3796
1787901660000000000,1870.20,1870.20,1869.40,1869.50,4008
1787901720000000000,1869.60,1869.80,1869.30,1869.80,6362
1787901780000000000,1869.80,1869.90,1869.40,1869.90,9026
1787901840000000000,1869.90,1870.60,1869.40,1870.60,12187
1787901900000000000,1870.60,1870.60,1870.00,1870.20,4996
1787901960000000000,1870.20,1870.60,1870.10,1870.60,5288
1787902020000000000,1870.50,1871.20,1870.30,1871.20,8938
1787902080000000000,1871.10,1871.90,1870.90,1870.90,9422
1787902140000000000,1871.00,1871.40,1870.30,1870.70,6272
1787902200000000000,1871.00,1871.10,1870.50,1870.80,6494
1787902260000000000,1870.80,1872.00,1870.40,1872.00,7348
1787902320000000000,1872.00,1873.30,1871.80,1872.70,10167
1787902380000000000,1872.70,1873.00,1872.00,1872.30,3506
1787902440000000000,1872.30,1872.40,1872.20,1872.30,2258
1787902500000000000,1872.40,1872.60,1872.20,1872.30,5769
1787902560000000000,1872.70,1873.70,1872.30,1873.60,6029
1787902620000000000,1873.60,1873.80,1873.50,1873.70,8263
1787902680000000000,1873.80,1875.10,1873.70,1875.10,10428
1787902740000000000,1875.10,1876.00,1875.00,1876.00,5069
1787902800000000000,1876.00,1876.20,1875.70,1875.90,3172
1787902860000000000,1876.00,1876.50,1875.80,1876.50,4803
1787902920000000000,1876.50,1877.40,1876.30,1876.30,6055
1787902980000000000,1876.50,1877.20,1875.60,1877.20,6310
1787903040000000000,1877.20,1877.20,1875.40,1876.00,5693
1787903100000000000,1876.10,1879.50,1876.00,1876.20,29113
1787903160000000000,1876.50,1876.90,1876.00,1876.70,2350
1787903220000000000,1876.90,1878.60,1876.80,1878.50,5809
1787903280000000000,1878.60,1879.90,1877.80,1878.50,28136
1787903340000000000,1878.50,1878.90,1878.00,1878.20,9838
1787903400000000000,1878.50,1878.50,1877.30,1878.00,4207
1787903460000000000,1878.10,1878.10,1878.00,1878.00,2171
1787903520000000000,1878.10,1881.00,1878.00,1880.90,34100
1787903580000000000,1880.90,1881.00,1880.50,1880.50,4756
1787903640000000000,1880.70,1880.90,1880.00,1880.30,6291
1787903700000000000,1880.30,1880.30,1878.60,1879.00,46421
1787903760000000000,1879.00,1879.80,1878.90,1879.20,2844
1787903820000000000,1879.40,1879.50,1879.00,1879.10,2976
1787903880000000000,1879.40,1879.50,1879.20,1879.30,1853
1787903940000000000,1879.40,1879.40,1878.30,1878.50,4300
1787904000000000000,1878.50,1878.50,1877.60,1878.00,3642
1787904060000000000,1878.10,1878.10,1877.50,1878.00,2063
1787904120000000000,1877.80,1878.00,1877.80,1877.80,3275
1787904180000000000,1877.90,1878.00,1877.80,1877.90,34001
1787904240000000000,1878.00,1878.00,1876.20,1877.00,8933
1787904300000000000,1877.30,1877.90,1877.30,1877.60,4882
1787904360000000000,1877.90,1877.90,1877.30,1877.50,2687
1787904420000000000,1877.80,1877.80,1877.30,1877.40,2430
1787904480000000000,1877.40,1877.40,1877.10,1877.20,2308
1787904540000000000,1877.20,1877.50,1877.10,1877.10,2093
1787904600000000000,1877.20,1877.50,1877.10,1877.30,4289
1787904660000000000,1877.40,1877.50,1877.00,1877.50,8243
1787904720000000000,1877.60,1877.60,1877.40,1877.40,3510
1787904780000000000,1877.50,1877.70,1877.00,1877.00,6892
1787904840000000000,1877.10,1877.10,1876.30,1877.00,7270
1787904900000000000,1877.00,1877.00,1875.60,1875.70,5985
1787904960000000000,1876.00,1876.20,1875.10,1876.20,7131
1787905020000000000,1876.20,1876.70,1876.10,1876.20,3066
1787905080000000000,1876.20,1876.20,1876.10,1876.10,1805
1787905140000000000,1876.20,1879.40,1875.90,1878.80,36773
1787905200000000000,1879.00,1879.90,1878.80,1879.90,3105
1787905260000000000,1879.90,1880.00,1879.40,1879.80,3681
1787905320000000000,1879.80,1879.80,1879.40,1879.50,2124
1787905380000000000,1879.60,1879.70,1879.50,1879.60,3657
1787905440000000000,1879.70,1879.70,1879.60,1879.70,1827
1787905500000000000,1879.70,1879.70,1878.40,1878.90,4821
1787905560000000000,1878.90,1879.00,1877.90,1877.90,2336
1787905620000000000,1878.20,1879.00,1877.90,1878.90,3416
1787905680000000000,1878.90,1881.80,1878.60,1880.10,18215
1787905740000000000,1880.60,1881.10,1880.10,1880.10,4948
1787905800000000000,1880.30,1882.00,1880.10,1880.30,12525
1787905860000000000,1880.30,1881.40,1880.20,1880.70,6782
1787905920000000000,1881.00,1881.00,1880.20,1880.20,3140
1787905980000000000,1880.30,1880.30,1878.70,1878.70,42185
1787906040000000000,1878.80,1878.80,1878.30,1878.60,2767
1787906100000000000,1878.60,1879.10,1878.60,1879.00,4260
1787906160000000000,1879.10,1879.10,1879.00,1879.00,1517
1787906220000000000,1879.10,1879.10,1878.90,1878.90,2809
1787906280000000000,1879.00,1879.00,1878.90,1879.00,2564
1787906340000000000,1879.00,1879.60,1878.70,1879.00,9235
1787906400000000000,1879.00,1879.40,1878.70,1879.30,3655
1787906460000000000,1879.40,1879.80,1879.30,1879.80,1796
1787906520000000000,1879.80,1881.00,1879.70,1880.40,4589
1787906580000000000,1880.60,1882.00,1880.10,1880.50,32914
1787906640000000000,1881.10,1882.00,1880.20,1880.30,9221
1787906700000000000,1880.40,1882.00,1880.00,1880.40,20283
1787906760000000000,1880.90,1882.00,1879.40,1879.40,11901
1787906820000000000,1879.50,1881.00,1879.40,1880.70,53016
1787906880000000000,1881.00,1881.40,1880.60,1881.00,3950
1787906940000000000,1881.00,1881.00,1880.20,1880.40,2319
1787907000000000000,1880.40,1880.40,1879.20,1879.20,9294
1787907060000000000,1879.60,1881.40,1879.20,1880.50,6627
1787907120000000000,1880.50,1880.70,1880.20,1880.50,3083
1787907180000000000,1880.70,1881.00,1880.50,1880.50,3962
1787907240000000000,1880.60,1880.60,1879.70,1880.00,5085
1787907300000000000,1879.90,1883.00,1879.90,1883.00,10852
1787907360000000000,1883.00,1883.40,1880.60,1880.90,8547
1787907420000000000,1881.30,1881.40,1881.00,1881.10,2751
1787907480000000000,1881.30,1882.00,1881.10,1881.70,6518
1787907540000000000,1881.70,1882.00,1881.60,1882.00,4749
1787907600000000000,1882.00,1882.10,1881.50,1881.50,29870
1787907660000000000,1881.70,1882.00,1880.50,1880.50,16564
1787907720000000000,1880.80,1880.80,1880.00,1880.30,19411
1787907780000000000,1880.00,1880.30,1879.40,1879.90,6108
1787907840000000000,1880.00,1880.00,1879.70,1879.90,3947
1787907900000000000,1879.90,1880.00,1879.70,1879.80,2553
1787907960000000000,1879.80,1881.00,1879.60,1880.80,7327
1787908020000000000,1880.80,1880.80,1880.30,1880.50,2953
1787908080000000000,1880.50,1881.90,1880.40,1881.40,7089
1787908140000000000,1881.60,1881.60,1881.30,1881.30,3176
1787908200000000000,1881.40,1881.40,1880.30,1880.60,4257
1787908260000000000,1880.80,1880.80,1880.50,1880.50,3790
1787908320000000000,1880.60,1880.60,1880.00,1880.20,4732
1787908380000000000,1880.20,1880.20,1879.90,1880.10,3503
1787908440000000000,1880.20,1880.50,1880.10,1880.30,4970
1787908500000000000,1880.30,1880.30,1879.20,1879.60,10899
1787908560000000000,1879.60,1879.60,1878.10,1878.70,17437
1787908620000000000,1878.70,1880.10,1878.50,1879.50,13655
1787908680000000000,1879.10,1880.30,1879.10,1880.00,9998
1787908740000000000,1880.20,1880.20,1878.90,1880.00,17778
1787908800000000000,1880.10,1881.60,1880.00,1881.20,25290
1787908860000000000,1881.20,1881.60,1880.30,1880.30,16569
1787908920000000000,1880.40,1880.70,1880.00,1880.20,21249
1787908980000000000,1880.30,1880.40,1879.20,1880.00,17628
1787909040000000000,1880.00,1880.00,1879.10,1879.10,12314
1787909100000000000,1879.40,1880.20,1879.00,1879.50,20020
1787909160000000000,1879.60,1880.20,1879.50,1880.00,14600
1787909220000000000,1879.90,1880.00,1878.40,1879.50,16791
1787909280000000000,1879.50,1880.00,1878.30,1879.40,17765
1787909340000000000,1879.40,1880.20,1879.00,1879.70,16864
1787909400000000000,1879.70,1879.70,1878.00,1878.70,21606
1787909460000000000,1878.70,1878.80,1875.20,1875.70,27578
1787909520000000000,1875.50,1875.90,1875.00,1875.00,19129
1787909580000000000,1875.40,1875.70,1874.70,1874.70,20359
1787909640000000000,1874.90,1877.00,1873.50,1873.70,30691
1787909700000000000,1873.70,1875.20,1873.70,1873.80,27868
1787909760000000000,1873.90,1875.20,1873.60,1874.40,27746
1787909820000000000,1874.60,1875.20,1873.00,1874.20,25777
1787909880000000000,1874.30,1876.70,1873.80,1876.00,21203
1787909940000000000,1876.00,1878.00,1875.80,1876.70,22631
1787910000000000000,1876.70,1879.10,1876.20,1878.40,33791
1787910060000000000,1878.50,1882.00,1876.80,1881.90,38833
1787910120000000000,1881.90,1881.90,1877.40,1879.10,51035
1787910180000000000,1879.20,1881.20,1875.10,1880.90,68906
1787910240000000000,1880.60,1881.70,1880.10,1880.60,12980
1787910300000000000,1880.60,1880.60,1880.60,1880.60,0
1787910360000000000,1880.60,1880.60,1880.60,1880.60,0
1787910420000000000,1880.60,1880.60,1880.60,1880.60,0
1787910480000000000,1880.60,1880.60,1880.60,1880.60,0
1787910540000000000,1880.60,1880.60,1880.60,1880.60,0
1787910600000000000,1880.60,1880.60,1880.60,1880.60,0
1787910660000000000,1880.60,1880.60,1880.60,1880.60,0
1787910720000000000,1880.60,1880.60,1880.60,1880.60,0
1787910780000000000,1880.60,1880.60,1880.60,1880.60,0
1787910840000000000,1880.60,1880.60,1880.60,1880.60,0
1787910900000000000,1880.60,1880.60,1880.60,1880.60,0
1787910960000000000,1880.60,1880.60,1880.60,1880.60,0
1787911020000000000,1880.60,1880.60,1880.60,1880.60,0
1787911080000000000,1880.60,1880.60,1880.60,1880.60,0
1787911140000000000,1882.40,1882.40,1882.40,1882.40,131540
1788147900000000000,1880.00,1886.20,1876.40,1882.20,69562
1788147960000000000,1882.10,1884.60,1882.00,1882.80,25291
1788148020000000000,1882.80,1884.50,1881.00,1884.40,16409
1788148080000000000,1884.50,1884.50,1880.50,1881.30,6835
1788148140000000000,1881.30,1881.30,1875.50,1877.60,12788
1788148200000000000,1877.80,1879.90,1876.90,1878.80,8622
1788148260000000000,1878.80,1879.90,1877.00,1877.60,5940
1788148320000000000,1877.60,1878.50,1877.10,1878.20,4822
1788148380000000000,1878.20,1878.20,1877.00,1877.30,2933
1788148440000000000,1877.30,1878.50,1877.10,1878.50,10188
1788148500000000000,1878.50,1879.90,1877.70,1879.50,10638
1788148560000000000,1879.80,1881.50,1879.40,1881.00,10704
1788148620000000000,1881.00,1883.90,1880.70,1882.90,4930
1788148680000000000,1882.90,1883.70,1881.00,1883.70,11065
1788148740000000000,1883.70,1883.70,1881.10,1882.50,12682
1788148800000000000,1883.00,1883.90,1881.90,1883.00,15981
1788148860000000000,1883.00,1883.90,1881.70,1883.90,6738
1788148920000000000,1883.90,1884.00,1882.70,1883.80,4838
1788148980000000000,1884.00,1884.80,1883.70,1884.00,4451
1788149040000000000,1884.80,1885.50,1884.00,1884.90,6596
1788149100000000000,1884.90,1884.90,1883.30,1883.50,8608
1788149160000000000,1883.50,1884.40,1883.30,1883.30,3482
1788149220000000000,1883.30,1884.90,1883.10,1884.60,6016
1788149280000000000,1884.80,1885.50,1884.10,1885.20,9345
1788149340000000000,1885.10,1885.10,1884.70,1884.90,4626
1788149400000000000,1884.90,1885.30,1884.80,1885.10,3984
1788149460000000000,1885.20,1885.20,1884.50,1884.70,5579
1788149520000000000,1884.60,1885.00,1883.60,1884.30,9615
1788149580000000000,1885.00,1885.00,1883.40,1883.50,3641
1788149640000000000,1883.50,1883.50,1882.60,1882.80,4182
1788149700000000000,1882.80,1888.40,1882.60,1887.60,23302
1788149760000000000,1888.10,1889.70,1887.30,1888.80,10818
1788149820000000000,1889.10,1889.20,1888.00,1888.30,3086
1788149880000000000,1888.30,1889.10,1888.00,1888.50,5016
1788149940000000000,1889.00,1889.70,1888.50,1889.30,3352
1788150000000000000,1889.30,1889.70,1888.80,1889.50,5146
1788150060000000000,1889.50,1890.70,1889.40,1890.00,10366
1788150120000000000,1890.00,1890.00,1889.40,1889.70,3904
1788150180000000000,1889.70,1890.70,1889.40,1889.60,5971
1788150240000000000,1890.00,1890.00,1883.40,1884.60,11484
1788150300000000000,1884.60,1885.50,1883.80,1883.80,3907
1788150360000000000,1883.80,1884.30,1883.20,1883.20,2428
1788150420000000000,1883.20,1886.20,1883.20,1885.00,7222
1788150480000000000,1885.00,1885.20,1884.50,1884.60,2061
1788150540000000000,1884.80,1886.00,1884.10,1885.00,9838
1788150600000000000,1885.00,1885.00,1884.20,1884.30,2768
1788150660000000000,1884.40,1884.90,1884.20,1884.50,3508
1788150720000000000,1884.50,1885.10,1884.20,1884.50,1923
1788150780000000000,1884.80,1884.90,1884.10,1884.60,3106
1788150840000000000,1884.30,1884.60,1884.00,1884.40,2054
1788150900000000000,1884.40,1884.60,1884.10,1884.50,2031
1788150960000000000,1884.50,1884.60,1883.10,1883.50,8779
1788151020000000000,1883.50,1883.50,1883.10,1883.10,1122
1788151080000000000,1883.20,1883.40,1882.80,1883.00,5190
1788151140000000000,1883.00,1883.10,1881.50,1882.10,8390
1788151200000000000,1882.10,1882.10,1881.70,1881.80,2296
1788151260000000000,1882.30,1882.50,1881.50,1881.70,2528
1788151320000000000,1881.70,1881.80,1881.00,1881.20,3781
1788151380000000000,1881.20,1881.50,1881.00,1881.40,3297
1788151440000000000,1881.50,1881.50,1879.40,1880.00,9609
1788151500000000000,1880.00,1881.30,1879.50,1880.10,7084
1788151560000000000,1881.20,1881.20,1878.10,1879.00,19942
1788151620000000000,1879.00,1882.10,1878.80,1882.10,22603
1788151680000000000,1882.20,1882.90,1881.00,1882.50,32481
1788151740000000000,1882.50,1882.50,1881.80,1882.50,8971
1788151800000000000,1882.50,1883.00,1882.00,1882.50,2641
1788151860000000000,1882.50,1882.90,1882.20,1882.50,1752
1788151920000000000,1882.80,1883.00,1882.00,1883.00,5217
1788151980000000000,1883.00,1883.40,1882.90,1883.40,2637
1788152040000000000,1883.40,1884.00,1882.90,1883.10,4240
1788152100000000000,1883.70,1884.10,1883.10,1884.10,4527
1788152160000000000,1884.50,1886.20,1884.00,1886.00,9043
1788152220000000000,1886.00,1886.80,1885.40,1886.80,2923
1788152280000000000,1886.80,1887.50,1886.40,1887.10,1381
1788152340000000000,1887.40,1887.40,1887.00,1887.20,2563
1788152400000000000,1887.20,1889.50,1887.10,1888.80,6392
1788152460000000000,1888.80,1888.80,1887.70,1888.40,5778
1788152520000000000,1888.40,1889.20,1888.10,1889.20,3578
1788152580000000000,1889.30,1889.30,1883.90,1884.00,26585
1788152640000000000,1884.00,1885.10,1883.00,1883.10,6075
1788152700000000000,1883.10,1883.90,1882.50,1883.20,4256
1788152760000000000,1883.90,1883.90,1883.40,1883.90,1280
1788152820000000000,1883.90,1884.70,1883.70,1884.70,7581
1788152880000000000,1884.70,1885.30,1884.30,1885.00,2030
1788152940000000000,1885.10,1886.00,1885.00,1885.40,15189
1788153000000000000,1885.70,1887.40,1885.40,1886.80,3413
1788153060000000000,1887.40,1888.80,1886.80,1888.80,11842
1788153120000000000,1888.90,1889.50,1888.40,1888.80,11967
1788153180000000000,1888.90,1893.60,1888.70,1893.00,76714
1788153240000000000,1893.30,1895.50,1889.90,1890.90,238085
1788153300000000000,1891.10,1892.40,1887.40,1887.80,72571
1788153360000000000,1887.80,1887.80,1884.50,1885.00,11360
1788153420000000000,1885.00,1886.00,1884.90,1885.20,3551
1788153480000000000,1885.60,1886.60,1885.20,1886.10,9677
1788153540000000000,1886.30,1887.30,1885.80,1886.50,17591
1788153600000000000,1887.20,1887.30,1886.50,1886.60,2632
1788153660000000000,1886.80,1887.30,1886.60,1886.90,1354
1788153720000000000,1887.00,1887.30,1886.90,1887.20,5479
1788153780000000000,1887.30,1888.80,1887.20,1888.80,9412
1788153840000000000,1888.80,1890.00,1888.00,1889.90,12460
1788153900000000000,1889.80,1889.90,1889.00,1889.40,1885
1788153960000000000,1889.40,1889.90,1889.00,1889.90,4885
1788154020000000000,1890.00,1890.80,1889.90,1890.10,2946
1788154080000000000,1890.40,1893.70,1890.10,1893.70,11655
1788154140000000000,1893.70,1893.80,1893.40,1893.50,3967
1788154200000000000,1893.50,1894.30,1893.20,1893.20,8996
1788154260000000000,1893.40,1893.40,1888.70,1890.10,73501
1788154320000000000,1890.10,1890.10,1888.00,1889.30,6578
1788154380000000000,1889.40,1889.40,1888.50,1889.00,4850
1788154440000000000,1888.80,1889.50,1888.60,1888.80,3483
1788154500000000000,1888.90,1890.10,1888.70,1890.10,15342
1788154560000000000,1890.10,1891.10,1889.30,1889.40,48825
1788154620000000000,1889.40,1889.80,1889.00,1889.60,8428
1788154680000000000,1889.60,1890.80,1889.50,1890.00,4234
1788154740000000000,1890.10,1891.10,1890.00,1891.10,4069
1788154800000000000,1891.10,1891.10,1890.60,1890.80,2626
1788154860000000000,1890.70,1891.50,1890.70,1891.10,2664
1788154920000000000,1891.10,1891.50,1890.80,1891.20,6343
1788154980000000000,1891.30,1891.30,1889.60,1889.70,29482
1788155040000000000,1890.10,1891.00,1889.60,1890.60,72928
1788155100000000000,1890.60,1891.10,1889.90,1890.00,15631
1788155160000000000,1890.00,1890.60,1889.90,1890.00,2350
1788155220000000000,1890.00,1891.00,1889.90,1890.00,8126
1788155280000000000,1890.00,1890.70,1889.90,1890.30,2312
1788155340000000000,1890.30,1890.40,1890.20,1890.40,1996
1788155400000000000,1890.40,1890.40,1890.20,1890.30,2987
1788155460000000000,1890.30,1890.40,1890.20,1890.30,3218
1788155520000000000,1890.30,1890.30,1890.20,1890.20,3251
1788155580000000000,1890.30,1890.30,1890.20,1890.30,1798
1788155640000000000,1890.30,1890.40,1890.20,1890.30,2923
1788155700000000000,1890.30,1890.30,1890.20,1890.30,3165
1788155760000000000,1890.30,1890.40,1890.20,1890.30,3626
1788155820000000000,1890.30,1892.80,1890.20,1891.40,11120
1788155880000000000,1891.40,1891.50,1891.30,1891.40,2081
1788155940000000000,1891.40,1892.50,1891.30,1891.90,7981
1788156000000000000,1891.90,1891.90,1891.80,1891.90,3432
1788156060000000000,1891.90,1891.90,1890.00,1890.60,102724
1788156120000000000,1890.60,1891.90,1890.50,1891.20,6889
1788156180000000000,1891.20,1891.20,1888.80,1891.20,67323
1788156240000000000,1891.20,1891.80,1890.90,1891.60,2664
1788156300000000000,1891.60,1892.70,1891.50,1892.50,5835
1788156360000000000,1892.60,1892.70,1889.00,1890.10,201135
1788156420000000000,1890.50,1892.00,1890.20,1890.70,18479
1788156480000000000,1890.80,1891.10,1890.70,1890.90,2279
1788156540000000000,1890.90,1891.10,1890.70,1890.90,1194
1788156600000000000,1891.10,1891.40,1890.80,1890.90,3498
1788156660000000000,1891.20,1892.40,1890.90,1892.10,3307
1788156720000000000,1892.10,1893.20,1892.00,1893.20,10299
1788156780000000000,1893.20,1893.30,1892.60,1892.60,3699
1788156840000000000,1892.90,1893.10,1889.30,1890.00,261250
1788156900000000000,1890.10,1890.60,1888.50,1889.10,15795
1788156960000000000,1889.80,1890.10,1888.90,1889.10,6072
1788157020000000000,1889.10,1889.40,1888.70,1888.80,3873
1788157080000000000,1888.70,1889.20,1888.50,1889.20,1834
1788157140000000000,1889.20,1889.80,1888.70,1889.20,13133
1788157200000000000,1889.40,1889.60,1888.10,1888.10,5489
1788157260000000000,1888.10,1889.30,1888.00,1889.00,7307
1788157320000000000,1888.70,1889.00,1888.40,1889.00,1777
1788157380000000000,1889.00,1889.10,1888.50,1889.10,3862
1788157440000000000,1889.10,1891.70,1889.00,1891.00,8102
1788157500000000000,1891.00,1891.60,1890.30,1891.10,3251
1788157560000000000,1891.30,1893.00,1890.90,1893.00,5341
1788157620000000000,1892.80,1893.30,1892.50,1892.90,2828
1788157680000000000,1893.00,1893.20,1889.40,1889.60,22854
1788157740000000000,1889.70,1890.00,1889.00,1889.50,6866
1788157800000000000,1889.50,1889.50,1888.60,1889.00,4639
1788157860000000000,1889.10,1889.20,1887.90,1887.90,7168
1788157920000000000,1887.90,1889.00,1887.70,1889.00,2241
1788157980000000000,1889.00,1889.40,1888.60,1888.90,6727
1788158040000000000,1889.00,1890.70,1888.60,1890.10,5721
1788158100000000000,1890.20,1890.20,1889.80,1890.00,3107
1788158160000000000,1890.00,1890.00,1889.30,1889.40,5183
1788158220000000000,1889.40,1889.80,1889.30,1889.80,2847
1788158280000000000,1889.70,1889.90,1889.40,1889.90,2995
1788158340000000000,1889.90,1890.20,1889.60,1890.10,9132
1788158400000000000,1890.10,1890.60,1890.00,1890.60,1970
1788158460000000000,1890.60,1891.40,1890.10,1890.70,3543
1788158520000000000,1890.70,1890.80,1890.40,1890.80,2101
1788158580000000000,1890.80,1891.30,1889.60,1889.60,4837
1788158640000000000,1889.70,1890.50,1889.50,1890.10,2409
1788158700000000000,1890.10,1890.30,1889.60,1890.20,1316
1788158760000000000,1890.20,1890.40,1890.00,1890.20,2200
1788158820000000000,1890.30,1890.90,1890.20,1890.80,3461
1788158880000000000,1890.50,1890.90,1889.80,1890.00,4604
1788158940000000000,1889.90,1890.30,1889.50,1890.00,2500
1788159000000000000,1890.20,1890.30,1889.30,1889.60,10466
1788159060000000000,1889.70,1889.90,1888.20,1889.30,4922
1788159120000000000,1889.30,1889.70,1889.10,1889.10,5271
1788159180000000000,1889.10,1889.30,1888.80,1888.90,3182
1788159240000000000,1888.90,1889.20,1888.70,1888.90,3614
1788159300000000000,1888.90,1889.00,1888.10,1888.40,10511
1788159360000000000,1888.40,1888.50,1888.20,1888.50,2991
1788159420000000000,1888.50,1889.00,1888.40,1888.60,4112
1788159480000000000,1888.70,1889.10,1888.30,1888.70,6123
1788159540000000000,1888.70,1889.20,1888.00,1888.90,8934
1788159600000000000,1889.00,1889.00,1886.80,1888.10,8978
1788159660000000000,1887.70,1888.40,1887.50,1888.10,2398
1788159720000000000,1888.20,1889.30,1888.10,1888.90,2292
1788159780000000000,1888.90,1889.30,1888.30,1888.40,3158
1788159840000000000,1888.40,1888.70,1887.70,1887.70,4278
1788159900000000000,1887.90,1888.30,1887.70,1888.10,4736
1788159960000000000,1888.10,1888.40,1887.70,1888.00,2419
1788160020000000000,1887.90,1888.10,1887.70,1888.10,2383
1788160080000000000,1888.10,1888.90,1888.00,1888.80,2769
1788160140000000000,1888.80,1888.80,1888.20,1888.70,2692
1788160200000000000,1888.70,1889.00,1888.40,1888.80,3913
1788160260000000000,1888.80,1889.20,1888.40,1888.50,3526
1788160320000000000,1888.50,1888.50,1888.10,1888.30,4605
1788160380000000000,1888.30,1888.40,1888.00,1888.40,2289
1788160440000000000,1888.40,1889.20,1888.30,1888.90,3567
1788160500000000000,1889.00,1889.00,1888.80,1888.90,2283
1788160560000000000,1888.90,1889.10,1888.80,1889.10,2265
1788160620000000000,1889.10,1889.60,1888.80,1889.00,5678
1788160680000000000,1889.10,1889.20,1888.80,1889.00,2677
1788160740000000000,1889.00,1890.30,1888.70,1890.30,10225
1788160800000000000,1890.30,1890.30,1888.60,1889.20,25614
1788160860000000000,1889.20,1889.20,1888.20,1888.50,5598
1788160920000000000,1888.80,1889.10,1888.50,1888.90,2872
1788160980000000000,1888.80,1889.40,1888.50,1889.30,2722
1788161040000000000,1889.30,1889.40,1888.90,1889.40,2761
1788161100000000000,1889.40,1889.40,1889.10,1889.40,2979
1788161160000000000,1889.40,1889.60,1889.20,1889.50,3352
1788161220000000000,1889.50,1889.50,1888.60,1888.70,6142
1788161280000000000,1888.90,1889.10,1888.30,1888.60,3310
1788161340000000000,1888.60,1888.90,1888.30,1888.70,2907
1788161400000000000,1888.80,1889.90,1888.30,1889.50,3662
1788161460000000000,1889.10,1889.40,1884.80,1885.50,138873
1788161520000000000,1885.50,1886.00,1884.80,1884.90,6333
1788161580000000000,1885.00,1886.30,1884.80,1885.00,57633
1788161640000000000,1885.60,1885.60,1884.90,1884.90,13309
1788161700000000000,1885.00,1885.40,1884.80,1884.90,2593
1788161760000000000,1885.20,1885.40,1884.90,1885.00,1416
1788161820000000000,1885.10,1885.70,1884.90,1885.00,3260
1788161880000000000,1885.30,1885.90,1884.90,1885.70,2512
1788161940000000000,1885.50,1886.90,1885.40,1886.40,3149
1788162000000000000,1886.50,1886.60,1885.90,1885.90,3381
1788162060000000000,1886.40,1886.60,1884.90,1885.00,12269
1788162120000000000,1885.10,1885.10,1884.80,1885.10,1427
1788162180000000000,1885.10,1885.20,1884.40,1884.40,4191
1788162240000000000,1884.80,1885.20,1884.10,1885.00,3512
1788162300000000000,1885.10,1885.10,1884.50,1884.90,2840
1788162360000000000,1885.00,1885.50,1884.50,1885.20,30701
1788162420000000000,1885.20,1885.50,1885.10,1885.50,1594
1788162480000000000,1885.40,1885.90,1884.80,1885.00,14012
1788162540000000000,1884.90,1885.40,1884.80,1885.10,20027
1788162600000000000,1885.20,1885.40,1884.80,1884.90,3329
1788162660000000000,1885.00,1885.50,1884.90,1885.00,3489
1788162720000000000,1885.10,1885.20,1884.80,1885.20,2620
1788162780000000000,1885.20,1886.00,1884.90,1885.00,6266
1788162840000000000,1885.00,1885.00,1884.10,1885.00,6262
1788162900000000000,1885.00,1885.00,1884.80,1884.90,4234
1788162960000000000,1885.00,1885.00,1884.20,1884.90,4293
1788163020000000000,1884.90,1885.00,1884.40,1885.00,3197
1788163080000000000,1885.00,1885.10,1881.70,1882.50,86606
1788163140000000000,1882.50,1883.30,1881.50,1882.40,8116
1788163200000000000,1882.50,1883.40,1882.00,1882.70,6832
1788163260000000000,1883.00,1883.70,1882.70,1882.90,17779
1788163320000000000,1883.20,1883.50,1882.80,1882.80,4242
1788163380000000000,1883.00,1883.70,1882.60,1882.80,3041
1788163440000000000,1883.10,1883.80,1882.80,1883.60,3494
1788163500000000000,1883.50,1883.80,1882.80,1883.20,4128
1788163560000000000,1883.20,1883.70,1882.80,1883.00,4496
1788163620000000000,1883.50,1883.60,1882.80,1883.30,3741
1788163680000000000,1883.10,1883.50,1882.70,1882.80,4572
1788163740000000000,1882.90,1883.40,1882.50,1882.80,3241
1788163800000000000,1882.80,1883.10,1882.60,1882.90,2931
1788163860000000000,1883.00,1883.40,1882.70,1882.80,3009
1788163920000000000,1883.00,1883.60,1882.80,1883.00,3004
1788163980000000000,1883.20,1883.40,1882.40,1883.20,5019
1788164040000000000,1882.90,1885.20,1882.40,1884.60,9585
1788164100000000000,1885.30,1886.40,1884.80,1886.40,11457
1788164160000000000,1886.40,1887.00,1882.60,1882.80,79554
1788164220000000000,1882.80,1885.50,1882.50,1884.90,62341
1788164280000000000,1884.90,1885.00,1882.90,1884.80,23060
1788164340000000000,1884.90,1885.30,1883.10,1883.70,27318
1788164400000000000,1883.40,1884.30,1882.90,1883.50,3217
1788164460000000000,1883.90,1884.70,1883.60,1884.10,5708
1788164520000000000,1884.40,1884.90,1884.10,1884.40,5271
1788164580000000000,1884.50,1885.00,1879.30,1881.70,225560
1788164640000000000,1881.70,1882.40,1881.40,1881.60,14287
1788164700000000000,1881.70,1882.90,1881.60,1882.90,35945
1788164760000000000,1882.90,1883.80,1882.80,1883.70,7468
1788164820000000000,1883.70,1883.90,1883.30,1883.40,7139
1788164880000000000,1883.40,1884.70,1883.30,1884.40,7558
1788164940000000000,1884.50,1885.50,1884.10,1885.00,7262
1788165000000000000,1885.20,1885.60,1884.10,1884.30,9425
1788165060000000000,1884.50,1885.90,1884.00,1884.00,8772
1788165120000000000,1884.50,1884.60,1883.00,1883.00,12212
1788165180000000000,1883.00,1884.60,1882.10,1882.40,11900
1788165240000000000,1882.40,1883.20,1880.60,1880.60,25214
1788165300000000000,1881.30,1883.70,1879.80,1880.30,155061
1788165360000000000,1880.30,1881.90,1879.80,1880.00,235123
1788165420000000000,1880.30,1881.30,1879.90,1880.00,113502
1788165480000000000,1880.60,1883.20,1879.90,1883.20,173269
1788165540000000000,1882.90,1883.90,1881.20,1881.90,15755
1788165600000000000,1882.10,1882.50,1881.60,1882.20,6510
1788165660000000000,1882.00,1882.50,1881.70,1882.20,5202
1788165720000000000,1882.20,1882.60,1881.80,1881.90,3981
1788165780000000000,1882.10,1882.60,1881.20,1882.10,21459
1788165840000000000,1881.90,1882.30,1880.60,1882.10,9196
1788165900000000000,1881.80,1881.80,1879.90,1880.20,17136
1788165960000000000,1880.20,1881.10,1879.80,1880.00,53400
1788166020000000000,1880.70,1881.00,1879.90,1880.30,58811
1788166080000000000,1880.70,1880.70,1879.90,1880.60,30726
1788166140000000000,1880.30,1881.40,1879.90,1881.00,154699
1788166200000000000,1881.00,1881.50,1879.90,1880.40,179631
1788166260000000000,1880.40,1880.80,1879.90,1880.00,22913
1788166320000000000,1880.00,1880.80,1879.90,1880.00,19861
1788166380000000000,1880.30,1881.00,1879.90,1879.90,66275
1788166440000000000,1880.70,1880.80,1879.90,1879.90,30404
1788166500000000000,1880.10,1880.80,1879.90,1879.90,14511
1788166560000000000,1880.40,1880.90,1879.90,1880.60,24243
1788166620000000000,1880.30,1880.70,1879.90,1880.70,22409
1788166680000000000,1880.30,1880.70,1879.90,1880.50,33534
1788166740000000000,1880.30,1880.70,1879.90,1880.40,27647
1788166800000000000,1880.40,1880.60,1879.80,1879.90,9948
1788166860000000000,1879.90,1880.00,1879.80,1880.00,9237
1788166920000000000,1880.00,1880.70,1879.90,1880.40,19144
1788166980000000000,1880.30,1880.60,1879.90,1880.30,8658
1788167040000000000,1880.30,1880.40,1879.90,1880.00,3121
1788167100000000000,1880.00,1880.40,1879.90,1879.90,7587
1788167160000000000,1880.40,1880.50,1879.90,1879.90,9081
1788167220000000000,1880.40,1880.70,1879.90,1880.00,9209
1788167280000000000,1880.30,1880.60,1879.80,1880.20,8338
1788167340000000000,1880.20,1880.70,1879.80,1880.00,10302
1788167400000000000,1880.10,1880.70,1879.90,1880.60,13646
1788167460000000000,1880.60,1882.00,1879.90,1880.30,95907
1788167520000000000,1880.70,1884.50,1879.90,1883.90,150726
1788167580000000000,1883.90,1884.40,1883.40,1884.30,6212
1788167640000000000,1884.40,1884.40,1879.70,1880.00,181699
1788167700000000000,1880.30,1881.80,1879.90,1881.60,181279
1788167760000000000,1881.60,1881.90,1879.90,1880.20,470638
1788167820000000000,1880.40,1880.50,1879.70,1879.90,13948
1788167880000000000,1880.00,1880.50,1879.90,1880.50,13661
1788167940000000000,1880.20,1881.00,1879.90,1879.90,23279
1788168000000000000,1880.50,1880.80,1879.90,1880.60,35103
1788168060000000000,1880.30,1880.90,1879.90,1880.00,32311
1788168120000000000,1880.30,1880.90,1879.90,1880.00,53294
1788168180000000000,1880.20,1880.80,1879.90,1880.00,59095
1788168240000000000,1880.50,1880.70,1879.90,1880.10,17656
1788168300000000000,1880.10,1880.70,1879.80,1880.20,12413
1788168360000000000,1880.20,1880.20,1879.20,1879.40,9413
1788168420000000000,1879.40,1879.90,1879.30,1879.90,7380
1788168480000000000,1879.70,1879.90,1879.30,1879.30,11955
1788168540000000000,1879.40,1879.90,1878.50,1879.80,13130
1788168600000000000,1879.80,1879.90,1870.80,1870.90,95377
1788168660000000000,1871.10,1872.40,1869.50,1869.60,176336
1788168720000000000,1869.60,1870.40,1867.40,1869.00,97499
1788168780000000000,1869.30,1869.40,1867.00,1867.40,83690
1788168840000000000,1867.20,1867.50,1865.00,1865.20,136571
1788168900000000000,1865.60,1867.00,1864.00,1865.50,179300
1788168960000000000,1866.10,1868.80,1865.60,1868.70,115299
1788169020000000000,1868.60,1871.70,1867.60,1869.20,125352
1788169080000000000,1869.00,1870.60,1868.70,1870.00,110297
1788169140000000000,1869.60,1870.00,1866.30,1867.20,142879
1788169200000000000,1867.20,1869.20,1864.20,1868.00,207205
1788169260000000000,1868.40,1868.50,1862.90,1867.40,170389
1788169320000000000,1866.90,1868.00,1861.80,1867.30,190253
1788169380000000000,1866.20,1869.90,1865.70,1867.70,123805
1788169440000000000,1867.70,1873.40,1864.20,1870.00,134865
1788169500000000000,1870.00,1870.00,1870.00,1870.00,0
1788169560000000000,1870.00,1870.00,1870.00,1870.00,0
1788169620000000000,1870.00,1870.00,1870.00,1870.00,0
1788169680000000000,1870.00,1870.00,1870.00,1870.00,0
1788169740000000000,1870.00,1870.00,1870.00,1870.00,0
1788169800000000000,1870.00,1870.00,1870.00,1870.00,0
1788169860000000000,1870.00,1870.00,1870.00,1870.00,0
1788169920000000000,1870.00,1870.00,1870.00,1870.00,0
1788169980000000000,1870.00,1870.00,1870.00,1870.00,0
1788170040000000000,1870.00,1870.00,1870.00,1870.00,0
1788170100000000000,1870.00,1870.00,1870.00,1870.00,0
1788170160000000000,1870.00,1870.00,1870.00,1870.00,0
1788170220000000000,1870.00,1870.00,1870.00,1870.00,0
1788170280000000000,1870.00,1870.00,1870.00,1870.00,0
1788170340000000000,1811.90,1811.90,1811.90,1811.90,7969273
1788234300000000000,1852.00,1865.00,1848.50,1859.20,413138
1788234360000000000,1858.20,1867.00,1857.20,1865.20,224812
1788234420000000000,1865.20,1866.20,1860.00,1861.70,142711
1788234480000000000,1861.90,1865.00,1860.40,1860.40,113529
1788234540000000000,1860.80,1861.00,1858.00,1858.10,63979
1788234600000000000,1858.10,1859.50,1857.00,1859.40,54118
1788234660000000000,1859.40,1862.30,1858.00,1858.80,52365
1788234720000000000,1858.70,1859.90,1858.10,1858.40,27807
1788234780000000000,1858.30,1858.30,1854.60,1855.10,44811
1788234840000000000,1855.30,1856.40,1855.00,1855.10,30344
1788234900000000000,1855.20,1856.00,1853.80,1854.60,28783
1788234960000000000,1854.60,1855.70,1853.70,1855.50,42094
1788235020000000000,1855.50,1855.50,1854.50,1855.00,22694
1788235080000000000,1854.90,1856.50,1854.00,1854.20,28323
1788235140000000000,1854.20,1855.90,1852.30,1853.30,38782
1788235200000000000,1853.30,1853.90,1851.60,1851.60,32029
1788235260000000000,1851.60,1852.90,1851.10,1851.80,31764
1788235320000000000,1851.90,1853.00,1851.10,1851.70,30991
1788235380000000000,1851.70,1853.10,1851.60,1853.00,23083
1788235440000000000,1853.00,1856.80,1853.00,1856.80,43784
1788235500000000000,1856.80,1856.80,1855.00,1855.00,11515
1788235560000000000,1855.30,1856.60,1855.00,1856.10,11060
1788235620000000000,1856.50,1856.90,1855.50,1856.60,13982
1788235680000000000,1856.90,1859.70,1856.60,1857.60,20198
1788235740000000000,1857.60,1858.20,1855.70,1855.70,10458
1788235800000000000,1855.50,1858.00,1855.10,1858.00,9294
1788235860000000000,1858.00,1861.40,1857.50,1860.60,21910
1788235920000000000,1860.60,1861.50,1859.90,1861.50,13281
1788235980000000000,1861.50,1861.90,1859.90,1860.00,15993
1788236040000000000,1860.20,1861.00,1860.00,1860.00,8515
1788236100000000000,1860.70,1861.00,1858.00,1859.00,25934
1788236160000000000,1859.00,1859.50,1857.60,1857.70,9792
1788236220000000000,1857.70,1859.00,1856.80,1857.70,38555
1788236280000000000,1857.80,1858.90,1857.70,1857.80,4024
1788236340000000000,1858.50,1858.80,1857.40,1858.80,5482
1788236400000000000,1858.80,1858.90,1857.00,1857.80,14801
1788236460000000000,1857.90,1857.90,1856.90,1857.50,11301
1788236520000000000,1857.50,1858.50,1857.20,1857.20,10137
1788236580000000000,1857.40,1857.80,1857.20,1857.60,3254
1788236640000000000,1857.60,1857.60,1856.00,1856.80,14232
1788236700000000000,1856.80,1859.00,1856.70,1858.50,18829
1788236760000000000,1858.60,1858.60,1857.70,1857.80,4120
1788236820000000000,1857.80,1858.20,1857.60,1857.70,9664
1788236880000000000,1857.80,1858.50,1857.60,1858.00,3810
1788236940000000000,1858.40,1859.70,1858.10,1859.10,11666
1788237000000000000,1859.40,1859.60,1859.10,1859.30,2441
1788237060000000000,1859.30,1859.50,1859.10,1859.10,3955
1788237120000000000,1859.30,1859.70,1858.80,1859.70,11787
1788237180000000000,1859.70,1860.90,1859.60,1860.80,17519
1788237240000000000,1860.90,1862.00,1860.90,1861.10,15288
1788237300000000000,1861.00,1861.40,1860.90,1861.00,7553
1788237360000000000,1861.00,1861.30,1860.00,1860.40,8308
1788237420000000000,1860.40,1860.70,1860.00,1860.10,4096
1788237480000000000,1860.20,1860.20,1860.00,1860.00,4176
1788237540000000000,1860.10,1860.20,1860.00,1860.20,9524
1788237600000000000,1860.20,1860.60,1860.00,1860.30,4996
1788237660000000000,1860.30,1860.30,1858.00,1858.10,16860
1788237720000000000,1858.50,1858.50,1857.60,1857.70,8212
1788237780000000000,1858.00,1858.20,1857.10,1857.70,6151
1788237840000000000,1857.70,1857.70,1857.00,1857.10,6333
1788237900000000000,1857.10,1857.90,1857.00,1857.90,13651
1788237960000000000,1857.90,1858.30,1857.00,1857.00,6555
1788238020000000000,1857.10,1857.70,1857.00,1857.50,9524
1788238080000000000,1857.60,1858.20,1857.40,1858.00,6387
1788238140000000000,1858.20,1858.70,1857.80,1858.60,5485
1788238200000000000,1858.60,1859.40,1858.40,1859.00,6448
1788238260000000000,1859.00,1860.10,1858.20,1860.10,9370
1788238320000000000,1860.10,1860.90,1860.00,1860.90,4474
1788238380000000000,1860.80,1860.90,1860.00,1860.30,2295
1788238440000000000,1860.30,1861.40,1860.30,1861.10,6434
1788238500000000000,1861.10,1861.20,1860.70,1861.00,2732
1788238560000000000,1861.00,1862.90,1860.30,1861.70,22187
1788238620000000000,1861.40,1861.90,1861.10,1861.30,7546
1788238680000000000,1861.30,1862.00,1860.60,1861.90,5620
1788238740000000000,1862.00,1862.00,1860.20,1860.90,5093
1788238800000000000,1860.90,1861.60,1860.30,1860.30,7251
1788238860000000000,1860.40,1861.40,1860.20,1861.10,30424
1788238920000000000,1861.30,1861.60,1860.60,1860.80,3351
1788238980000000000,1861.00,1861.40,1860.70,1861.40,6054
1788239040000000000,1861.40,1863.90,1861.40,1863.20,11199
1788239100000000000,1863.50,1863.50,1862.10,1862.10,7988
1788239160000000000,1862.20,1862.80,1862.10,1862.80,2570
1788239220000000000,1862.80,1863.10,1862.70,1862.70,3725
1788239280000000000,1862.80,1863.10,1862.50,1862.80,4112
1788239340000000000,1863.00,1863.90,1862.80,1863.50,5634
1788239400000000000,1863.70,1864.00,1863.50,1863.70,7476
1788239460000000000,1863.80,1864.10,1863.00,1863.50,16280
1788239520000000000,1863.50,1863.60,1863.00,1863.50,2113
1788239580000000000,1863.50,1863.50,1862.20,1862.30,7845
1788239640000000000,1862.30,1862.60,1860.00,1860.00,7676
1788239700000000000,1860.30,1860.50,1860.00,1860.40,11574
1788239760000000000,1860.40,1860.40,1858.20,1858.50,19329
1788239820000000000,1858.70,1859.30,1858.20,1859.00,2979
1788239880000000000,1859.30,1859.80,1859.00,1859.50,3023
1788239940000000000,1859.80,1859.80,1858.80,1859.50,4158
1788240000000000000,1859.50,1859.80,1859.20,1859.70,3340
1788240060000000000,1859.70,1859.90,1859.20,1859.70,4240
1788240120000000000,1859.80,1860.80,1859.70,1860.70,7120
1788240180000000000,1860.70,1862.10,1860.00,1862.00,40185
1788240240000000000,1862.00,1863.20,1862.00,1862.70,7496
1788240300000000000,1863.00,1863.00,1862.00,1862.30,12762
1788240360000000000,1862.30,1862.30,1860.20,1861.20,11363
1788240420000000000,1861.50,1862.30,1861.20,1862.20,8169
1788240480000000000,1862.20,1862.30,1861.20,1861.40,3027
1788240540000000000,1861.40,1861.70,1861.00,1861.00,1259
1788240600000000000,1861.50,1861.50,1860.00,1860.50,11994
1788240660000000000,1860.60,1862.90,1860.60,1862.30,7227
1788240720000000000,1862.30,1862.80,1862.20,1862.50,1928
1788240780000000000,1862.50,1862.60,1862.20,1862.50,2998
1788240840000000000,1862.50,1865.70,1862.00,1862.00,35548
1788240900000000000,1862.00,1863.30,1861.50,1862.80,15220
1788240960000000000,1862.80,1863.00,1862.60,1862.60,2210
1788241020000000000,1862.60,1864.60,1862.00,1863.10,231578
1788241080000000000,1863.60,1864.50,1862.70,1864.50,7775
1788241140000000000,1864.50,1864.50,1863.00,1863.00,4413
1788241200000000000,1863.60,1863.60,1861.10,1862.10,6905
1788241260000000000,1862.10,1862.60,1861.70,1862.50,10461
1788241320000000000,1862.50,1862.60,1861.90,1862.60,3970
1788241380000000000,1862.60,1862.90,1862.00,1862.10,7649
1788241440000000000,1862.10,1862.30,1861.70,1862.00,5386
1788241500000000000,1862.10,1862.10,1861.30,1862.00,36199
1788241560000000000,1862.10,1862.50,1862.00,1862.00,3753
1788241620000000000,1862.50,1862.50,1862.00,1862.10,2108
1788241680000000000,1862.10,1862.30,1861.70,1862.00,10107
1788241740000000000,1862.20,1862.20,1862.00,1862.00,2187
1788241800000000000,1862.20,1862.20,1862.00,1862.00,2620
1788241860000000000,1862.10,1862.30,1862.00,1862.20,2977
1788241920000000000,1862.20,1862.40,1862.00,1862.10,4501
1788241980000000000,1862.10,1862.70,1861.90,1862.70,6917
1788242040000000000,1862.90,1862.90,1862.30,1862.70,2648
1788242100000000000,1862.90,1862.90,1862.10,1862.20,1472
1788242160000000000,1862.70,1863.90,1862.20,1863.90,6443
1788242220000000000,1863.90,1865.80,1863.40,1865.20,10164
1788242280000000000,1865.20,1866.20,1865.20,1865.30,9765
1788242340000000000,1865.60,1866.40,1865.60,1865.90,4478
1788242400000000000,1866.00,1868.40,1865.30,1867.90,31738
1788242460000000000,1867.90,1868.40,1867.10,1867.50,14449
1788242520000000000,1867.50,1867.90,1866.60,1867.40,11789
1788242580000000000,1867.50,1868.10,1864.60,1865.10,45092
1788242640000000000,1865.10,1865.90,1864.00,1864.10,5875
1788242700000000000,1864.00,1864.80,1864.00,1864.10,4802
1788242760000000000,1864.10,1864.50,1863.80,1864.00,3437
1788242820000000000,1864.40,1864.40,1862.60,1863.50,7745
1788242880000000000,1863.60,1864.30,1863.00,1864.00,4651
1788242940000000000,1864.00,1864.00,1863.10,1863.10,3158
1788243000000000000,1863.10,1863.10,1862.00,1862.00,4908
1788243060000000000,1862.10,1863.00,1861.90,1862.90,4397
1788243120000000000,1862.90,1864.00,1862.50,1863.50,3950
1788243180000000000,1863.50,1863.50,1863.10,1863.50,1864
1788243240000000000,1863.50,1863.60,1862.90,1862.90,5943
1788243300000000000,1863.00,1865.00,1862.90,1864.90,16528
1788243360000000000,1864.90,1865.00,1864.30,1864.40,2349
1788243420000000000,1864.50,1865.40,1864.40,1864.80,4746
1788243480000000000,1864.80,1865.00,1864.40,1864.40,2982
1788243540000000000,1864.50,1864.90,1864.10,1864.80,2205
1788243600000000000,1864.80,1867.00,1864.50,1866.20,27390
1788243660000000000,1866.40,1866.80,1866.00,1866.40,15419
1788243720000000000,1866.40,1866.70,1865.30,1866.20,7634
1788243780000000000,1866.50,1866.60,1865.00,1866.30,14590
1788243840000000000,1866.40,1866.80,1866.20,1866.40,5563
1788243900000000000,1866.50,1866.80,1865.40,1866.10,4821
1788243960000000000,1866.20,1866.40,1865.20,1865.40,6377
1788244020000000000,1865.40,1866.20,1864.80,1864.80,6712
1788244080000000000,1864.90,1867.00,1864.80,1866.50,9604
1788244140000000000,1866.90,1867.00,1866.40,1866.60,6289
1788244200000000000,1866.60,1867.30,1866.20,1866.20,7901
1788244260000000000,1866.50,1867.20,1865.10,1866.00,30434
1788244320000000000,1866.50,1867.80,1866.00,1867.20,22807
1788244380000000000,1867.10,1868.10,1867.10,1867.20,9759
1788244440000000000,1867.20,1868.00,1867.10,1867.40,7271
1788244500000000000,1867.60,1868.20,1867.40,1868.00,6724
1788244560000000000,1868.10,1868.30,1867.60,1868.20,7511
1788244620000000000,1868.30,1868.80,1867.50,1867.90,28798
1788244680000000000,1867.90,1868.00,1867.40,1867.80,7012
1788244740000000000,1867.80,1867.90,1867.30,1867.80,5410
1788244800000000000,1867.90,1868.00,1866.70,1867.90,13009
1788244860000000000,1867.90,1868.30,1867.20,1868.20,6472
1788244920000000000,1868.20,1868.70,1867.60,1868.60,8675
1788244980000000000,1868.70,1868.80,1867.50,1867.70,10091
1788245040000000000,1868.00,1869.80,1867.60,1869.10,30656
1788245100000000000,1869.30,1869.80,1868.80,1869.40,12093
1788245160000000000,1869.40,1869.80,1868.80,1869.10,11391
1788245220000000000,1869.20,1869.70,1867.90,1868.30,20773
1788245280000000000,1868.60,1869.30,1868.30,1869.10,8160
1788245340000000000,1869.30,1869.40,1868.80,1868.90,9233
1788245400000000000,1869.00,1870.00,1868.90,1869.70,17229
1788245460000000000,1869.90,1870.00,1869.20,1869.90,11612
1788245520000000000,1869.90,1870.00,1869.10,1869.10,13573
1788245580000000000,1869.60,1869.90,1869.10,1869.40,11185
1788245640000000000,1869.40,1869.90,1869.30,1869.60,11936
1788245700000000000,1869.60,1869.60,1869.10,1869.50,13827
1788245760000000000,1869.50,1869.80,1869.10,1869.60,25980
1788245820000000000,1869.60,1870.70,1869.00,1869.20,32551
1788245880000000000,1869.00,1869.30,1865.80,1867.10,26054
1788245940000000000,1867.10,1868.60,1866.40,1868.50,22157
1788246000000000000,1868.50,1868.60,1866.60,1867.40,7045
1788246060000000000,1867.40,1867.70,1866.70,1867.40,5150
1788246120000000000,1867.30,1867.80,1866.80,1867.50,4820
1788246180000000000,1867.50,1867.70,1866.80,1867.00,7551
1788246240000000000,1867.00,1867.80,1866.60,1866.90,8153
1788246300000000000,1866.90,1867.90,1866.90,1867.30,5371
1788246360000000000,1867.80,1869.10,1867.30,1868.90,18211
1788246420000000000,1869.10,1869.50,1868.80,1869.50,8709
1788246480000000000,1869.50,1870.60,1868.20,1868.80,13898
1788246540000000000,1868.80,1869.50,1867.70,1868.20,404800
1788246600000000000,1867.70,1869.00,1867.60,1868.10,7710
1788246660000000000,1868.10,1869.20,1867.90,1868.20,7434
1788246720000000000,1868.50,1869.00,1867.70,1867.70,8602
1788246780000000000,1868.10,1869.20,1867.90,1868.70,9605
1788246840000000000,1869.20,1869.20,1868.40,1869.00,11617
1788246900000000000,1869.10,1869.50,1868.30,1868.50,12406
1788246960000000000,1868.90,1868.90,1867.90,1867.90,5461
1788247020000000000,1867.90,1869.80,1867.90,1869.10,216543
1788247080000000000,1869.30,1869.40,1868.00,1868.10,5310
1788247140000000000,1868.20,1869.20,1868.00,1868.40,5403
1788247200000000000,1868.80,1869.20,1867.90,1868.50,5683
1788247260000000000,1868.00,1868.70,1867.70,1867.90,5760
1788247320000000000,1868.30,1869.60,1867.70,1869.40,407052
1788247380000000000,1869.50,1869.50,1869.00,1869.30,6153
1788247440000000000,1869.30,1869.60,1869.00,1869.30,5398
1788247500000000000,1869.30,1869.50,1869.20,1869.20,4439
1788247560000000000,1869.50,1869.50,1869.00,1869.10,7523
1788247620000000000,1869.50,1871.20,1869.10,1870.80,12630
1788247680000000000,1870.90,1871.40,1870.00,1871.10,5945
1788247740000000000,1871.30,1871.40,1870.40,1870.90,6314
1788247800000000000,1871.00,1871.00,1870.30,1870.30,5160
1788247860000000000,1870.40,1871.90,1870.30,1870.70,11814
1788247920000000000,1870.80,1871.20,1870.60,1870.90,4778
1788247980000000000,1870.90,1871.00,1870.60,1870.70,5360
1788248040000000000,1870.90,1872.90,1870.40,1871.40,37486
1788248100000000000,1871.30,1872.40,1870.80,1870.90,37550
1788248160000000000,1871.00,1871.80,1870.50,1871.30,39820
1788248220000000000,1871.30,1871.40,1870.00,1871.00,87155
1788248280000000000,1871.30,1871.40,1870.50,1871.20,23733
1788248340000000000,1871.20,1871.40,1871.00,1871.40,8817
1788248400000000000,1871.40,1871.40,1870.80,1870.90,18691
1788248460000000000,1870.90,1870.90,1870.00,1870.50,6697
1788248520000000000,1870.50,1870.60,1869.00,1869.10,17679
1788248580000000000,1869.80,1869.90,1869.00,1869.80,11007
1788248640000000000,1869.80,1869.90,1869.10,1869.70,5514
1788248700000000000,1869.50,1870.50,1869.20,1870.00,29851
1788248760000000000,1870.10,1870.60,1869.00,1870.00,23739
1788248820000000000,1870.60,1870.80,1870.00,1870.10,3853
1788248880000000000,1870.50,1870.50,1869.90,1870.00,7720
1788248940000000000,1870.00,1870.50,1869.50,1870.50,14314
1788249000000000000,1870.50,1871.10,1870.00,1871.10,13223
1788249060000000000,1871.10,1871.80,1871.00,1871.20,9346
1788249120000000000,1871.40,1871.60,1870.50,1871.50,10321
1788249180000000000,1871.60,1871.70,1871.00,1871.50,5414
1788249240000000000,1871.50,1871.50,1869.80,1871.00,55848
1788249300000000000,1871.00,1871.50,1871.00,1871.00,6152
1788249360000000000,1871.20,1871.40,1869.90,1871.00,68159
1788249420000000000,1871.30,1871.50,1871.00,1871.50,4966
1788249480000000000,1871.40,1871.50,1870.20,1870.30,38851
1788249540000000000,1870.90,1870.90,1870.00,1870.60,4906
1788249600000000000,1870.70,1870.90,1870.10,1870.60,5071
1788249660000000000,1870.80,1870.90,1869.10,1869.20,11245
1788249720000000000,1869.70,1869.70,1869.00,1869.50,5571
1788249780000000000,1869.50,1869.90,1869.10,1869.90,5789
1788249840000000000,1869.90,1870.20,1869.10,1869.50,10671
1788249900000000000,1869.50,1870.00,1869.30,1869.40,3930
1788249960000000000,1869.50,1870.00,1869.40,1869.40,5081
1788250020000000000,1869.80,1870.20,1869.00,1869.30,36993
1788250080000000000,1869.60,1869.90,1868.00,1868.00,38503
1788250140000000000,1868.60,1869.00,1868.00,1868.10,4363
1788250200000000000,1868.50,1868.50,1867.60,1868.20,19501
1788250260000000000,1868.00,1868.50,1866.90,1868.50,43116
1788250320000000000,1868.50,1868.70,1867.60,1868.20,43964
1788250380000000000,1868.60,1868.70,1868.10,1868.50,5621
1788250440000000000,1868.50,1869.80,1868.20,1869.50,20830
1788250500000000000,1869.60,1869.60,1868.40,1869.00,19487
1788250560000000000,1869.50,1869.50,1868.20,1868.20,178293
1788250620000000000,1868.90,1869.10,1867.90,1868.50,7196
1788250680000000000,1868.90,1869.00,1868.20,1868.80,4919
1788250740000000000,1868.90,1869.40,1868.20,1868.90,7148
1788250800000000000,1869.00,1869.00,1867.30,1867.30,9216
1788250860000000000,1867.40,1868.00,1866.00,1866.00,17384
1788250920000000000,1866.30,1866.90,1865.20,1865.70,8424
1788250980000000000,1865.60,1866.40,1865.30,1865.90,7425
1788251040000000000,1866.00,1866.00,1864.20,1865.10,20964
1788251100000000000,1865.40,1865.40,1863.80,1863.80,7814
1788251160000000000,1864.00,1865.30,1863.30,1865.20,15962
1788251220000000000,1865.20,1866.90,1864.70,1866.90,19325
1788251280000000000,1866.90,1867.40,1866.40,1867.00,6845
1788251340000000000,1867.00,1867.00,1866.40,1866.80,6976
1788251400000000000,1866.80,1867.50,1866.20,1867.00,6822
1788251460000000000,1867.00,1867.90,1866.60,1867.50,11591
1788251520000000000,1867.50,1867.50,1864.60,1865.00,10926
1788251580000000000,1865.00,1865.90,1864.80,1865.90,4856
1788251640000000000,1865.90,1866.20,1865.70,1865.70,6755
1788251700000000000,1865.80,1866.00,1864.80,1865.80,8664
1788251760000000000,1865.80,1866.10,1865.60,1866.00,5002
1788251820000000000,1866.10,1866.40,1865.70,1866.10,8302
1788251880000000000,1866.00,1866.00,1864.60,1865.00,6847
1788251940000000000,1865.00,1865.40,1864.20,1865.00,6867
1788252000000000000,1865.00,1865.00,1864.30,1864.70,6233
1788252060000000000,1864.90,1866.30,1864.70,1865.90,9772
1788252120000000000,1866.00,1866.50,1865.80,1866.00,5833
1788252180000000000,1866.00,1866.00,1864.60,1865.50,5596
1788252240000000000,1865.50,1865.90,1865.10,1865.50,6158
1788252300000000000,1865.50,1865.80,1864.90,1864.90,6126
1788252360000000000,1865.00,1865.30,1864.60,1864.90,8158
1788252420000000000,1864.90,1865.00,1864.60,1864.90,6574
1788252480000000000,1864.90,1865.00,1864.60,1864.70,8327
1788252540000000000,1864.90,1865.00,1864.30,1864.90,10961
1788252600000000000,1864.90,1865.00,1864.20,1864.70,7817
1788252660000000000,1864.70,1864.90,1863.60,1864.00,17800
1788252720000000000,1864.00,1864.00,1861.60,1862.10,12140
1788252780000000000,1862.10,1862.10,1861.00,1861.70,10984
1788252840000000000,1861.70,1862.60,1860.90,1862.00,12321
1788252900000000000,1862.30,1862.50,1861.20,1861.70,9508
1788252960000000000,1862.00,1862.20,1860.70,1861.00,10676
1788253020000000000,1861.00,1861.30,1860.50,1860.90,6016
1788253080000000000,1860.90,1861.20,1860.60,1861.20,11569
1788253140000000000,1861.70,1861.80,1860.80,1861.70,21399
1788253200000000000,1861.70,1861.70,1860.90,1860.90,44557
1788253260000000000,1861.00,1861.10,1860.10,1861.10,46601
1788253320000000000,1861.10,1861.10,1860.30,1860.70,43983
1788253380000000000,1860.70,1861.70,1860.60,1861.00,60333
1788253440000000000,1861.00,1861.10,1860.90,1861.00,41451
1788253500000000000,1861.00,1861.50,1860.60,1860.80,66374
1788253560000000000,1860.80,1860.80,1860.20,1860.50,26053
1788253620000000000,1860.50,1860.50,1859.90,1860.10,42124
1788253680000000000,1860.10,1861.50,1860.10,1860.60,67589
1788253740000000000,1860.60,1861.40,1859.90,1861.20,60100
1788253800000000000,1861.20,1861.40,1860.90,1861.20,17050
1788253860000000000,1861.20,1863.80,1861.00,1863.20,54040
1788253920000000000,1863.80,1865.10,1863.20,1865.10,34458
1788253980000000000,1865.10,1866.90,1865.00,1866.10,54434
1788254040000000000,1866.20,1866.30,1865.20,1865.40,32367
1788254100000000000,1865.40,1866.90,1865.00,1866.40,85960
1788254160000000000,1866.50,1866.70,1864.20,1864.30,49024
1788254220000000000,1864.30,1865.00,1863.90,1865.00,51186
1788254280000000000,1865.00,1866.20,1864.90,1865.90,71927
1788254340000000000,1865.90,1866.30,1864.90,1866.20,77126
1788254400000000000,1866.20,1866.50,1865.00,1865.40,79383
1788254460000000000,1865.50,1866.90,1865.00,1866.50,73715
1788254520000000000,1866.50,1866.50,1865.60,1866.40,55177
1788254580000000000,1866.50,1866.50,1865.50,1866.30,63539
1788254640000000000,1866.30,1866.70,1866.20,1866.70,62520
1788254700000000000,1866.70,1870.40,1866.10,1869.80,93294
1788254760000000000,1869.90,1869.90,1867.40,1867.50,88794
1788254820000000000,1868.10,1868.10,1866.10,1866.40,51933
1788254880000000000,1866.30,1868.90,1866.00,1868.10,82089
1788254940000000000,1868.20,1868.20,1867.60,1868.00,51627
1788255000000000000,1868.20,1868.20,1866.60,1867.00,90927
1788255060000000000,1867.10,1867.30,1866.50,1867.10,90220
1788255120000000000,1867.10,1868.10,1867.00,1867.80,78546
1788255180000000000,1867.90,1867.90,1866.10,1866.60,94329
1788255240000000000,1866.60,1868.00,1866.10,1867.90,101913
1788255300000000000,1867.90,1868.60,1867.60,1868.00,105031
1788255360000000000,1868.20,1868.30,1867.00,1868.20,112828
1788255420000000000,1868.30,1868.90,1867.00,1867.30,101303
1788255480000000000,1867.30,1867.30,1866.10,1866.20,75061
1788255540000000000,1866.30,1867.00,1865.20,1867.00,106455
1788255600000000000,1867.00,1867.20,1865.70,1866.10,87708
1788255660000000000,1866.10,1868.80,1865.80,1868.10,122666
1788255720000000000,1868.10,1872.70,1860.90,1865.70,337297
1788255780000000000,1866.60,1870.00,1865.60,1867.20,23853
1788255840000000000,1867.60,1868.60,1866.00,1868.00,7413
1788255900000000000,1868.00,1868.00,1868.00,1868.00,0
1788255960000000000,1868.00,1868.00,1868.00,1868.00,0
1788256020000000000,1868.00,1868.00,1868.00,1868.00,0
1788256080000000000,1868.00,1868.00,1868.00,1868.00,0
1788256140000000000,1868.00,1868.00,1868.00,1868.00,0
1788256200000000000,1868.00,1868.00,1868.00,1868.00,0
1788256260000000000,1868.00,1868.00,1868.00,1868.00,0
1788256320000000000,1868.00,1868.00,1868.00,1868.00,0
1788256380000000000,1868.00,1868.00,1868.00,1868.00,0
1788256440000000000,1868.00,1868.00,1868.00,1868.00,0
1788256500000000000,1868.00,1868.00,1868.00,1868.00,0
1788256560000000000,1868.00,1868.00,1868.00,1868.00,0
1788256620000000000,1868.00,1868.00,1868.00,1868.00,0
1788256680000000000,1868.00,1868.00,1868.00,1868.00,0
1788256740000000000,1877.20,1877.20,1877.20,1877.20,393092
1788320700000000000,1869.00,1873.00,1862.60,1866.00,174933
1788320760000000000,1866.00,1869.60,1865.00,1867.60,38931
1788320820000000000,1867.70,1870.60,1867.60,1869.20,22599
1788320880000000000,1869.20,1870.30,1866.30,1868.90,22059
1788320940000000000,1869.40,1869.60,1867.00,1868.70,25007
1788321000000000000,1868.30,1869.50,1868.00,1868.20,8525
1788321060000000000,1868.50,1869.60,1866.10,1867.40,17111
1788321120000000000,1867.00,1868.50,1865.80,1866.60,16185
1788321180000000000,1866.70,1869.00,1865.90,1866.10,24568
1788321240000000000,1866.50,1867.90,1865.00,1865.90,22042
1788321300000000000,1865.80,1867.00,1865.80,1866.20,7122
1788321360000000000,1866.10,1866.60,1864.10,1864.70,13854
1788321420000000000,1864.80,1865.00,1864.30,1865.00,4650
1788321480000000000,1865.00,1865.00,1863.60,1864.50,6441
1788321540000000000,1864.50,1867.00,1864.40,1866.80,15115
1788321600000000000,1866.80,1867.60,1864.90,1864.90,10521
1788321660000000000,1865.00,1865.20,1864.00,1864.50,5381
1788321720000000000,1864.70,1865.40,1864.10,1864.40,12789
1788321780000000000,1864.40,1864.50,1863.20,1863.60,6928
1788321840000000000,1863.70,1864.40,1863.50,1864.40,7047
1788321900000000000,1864.80,1864.90,1863.30,1863.70,5899
1788321960000000000,1863.70,1864.70,1863.30,1863.70,9140
1788322020000000000,1863.70,1864.30,1863.30,1863.30,4325
1788322080000000000,1863.40,1863.40,1863.00,1863.30,2377
1788322140000000000,1863.30,1863.30,1862.40,1862.60,8910
1788322200000000000,1862.70,1862.70,1862.30,1862.50,2564
1788322260000000000,1862.50,1863.10,1862.00,1862.60,10347
1788322320000000000,1862.40,1863.50,1862.40,1862.90,4425
1788322380000000000,1862.90,1863.40,1862.60,1863.40,4750
1788322440000000000,1863.40,1863.70,1863.30,1863.70,2983
1788322500000000000,1863.70,1863.70,1863.40,1863.50,4193
1788322560000000000,1863.50,1863.60,1862.70,1863.40,8608
1788322620000000000,1863.40,1864.70,1863.30,1864.20,8775
1788322680000000000,1864.30,1864.90,1862.80,1862.90,14348
1788322740000000000,1862.90,1863.90,1862.60,1863.00,5296
1788322800000000000,1863.00,1863.00,1862.00,1863.00,7639
1788322860000000000,1863.00,1863.00,1862.70,1862.70,3456
1788322920000000000,1862.80,1863.00,1862.70,1862.90,4402
1788322980000000000,1863.00,1864.90,1863.00,1864.60,8496
1788323040000000000,1864.60,1864.90,1860.70,1861.20,21785
1788323100000000000,1861.30,1862.00,1861.00,1862.00,6315
1788323160000000000,1862.00,1862.70,1861.70,1862.40,5785
1788323220000000000,1862.50,1862.60,1860.90,1861.00,3421
1788323280000000000,1861.10,1861.10,1858.80,1858.80,19782
1788323340000000000,1858.80,1860.00,1858.30,1858.70,9507
1788323400000000000,1858.70,1858.70,1857.50,1857.80,5237
1788323460000000000,1857.80,1858.20,1857.80,1858.10,4559
1788323520000000000,1858.00,1858.20,1857.40,1857.50,3401
1788323580000000000,1857.60,1857.80,1857.30,1857.50,4021
1788323640000000000,1857.50,1857.50,1857.00,1857.10,5314
1788323700000000000,1857.10,1857.40,1857.00,1857.40,3639
1788323760000000000,1857.40,1858.40,1857.30,1858.40,7293
1788323820000000000,1858.40,1859.70,1858.30,1859.50,5221
1788323880000000000,1859.50,1859.80,1859.00,1859.00,2330
1788323940000000000,1859.00,1859.90,1859.00,1859.90,4517
1788324000000000000,1859.90,1860.00,1859.20,1859.40,4391
1788324060000000000,1859.40,1859.40,1859.10,1859.20,1981
1788324120000000000,1859.20,1859.20,1858.90,1859.10,1264
1788324180000000000,1859.10,1859.10,1859.00,1859.10,2016
1788324240000000000,1859.10,1859.10,1858.70,1858.80,1291
1788324300000000000,1858.80,1858.80,1858.10,1858.40,4781
1788324360000000000,1858.40,1858.50,1858.30,1858.50,3329
1788324420000000000,1858.50,1859.90,1858.40,1859.90,10075
1788324480000000000,1859.90,1860.10,1859.60,1859.70,2410
1788324540000000000,1859.70,1860.10,1859.30,1859.40,3376
1788324600000000000,1859.50,1859.50,1857.20,1857.20,23180
1788324660000000000,1857.20,1857.20,1855.00,1855.50,7621
1788324720000000000,1855.60,1857.10,1855.40,1856.60,6941
1788324780000000000,1856.60,1856.60,1855.30,1855.70,5335
1788324840000000000,1855.50,1855.70,1854.90,1855.70,4658
1788324900000000000,1855.60,1857.90,1855.30,1857.90,5572
1788324960000000000,1857.90,1858.60,1857.80,1858.10,2795
1788325020000000000,1858.10,1858.10,1858.00,1858.10,1046
1788325080000000000,1858.10,1858.10,1857.30,1857.60,4625
1788325140000000000,1857.60,1857.60,1857.10,1857.20,2574
1788325200000000000,1857.20,1857.30,1856.90,1857.10,2932
1788325260000000000,1857.30,1857.90,1857.20,1857.80,5543
1788325320000000000,1857.80,1857.90,1857.60,1857.80,3662
1788325380000000000,1857.80,1857.90,1857.40,1857.50,2482
1788325440000000000,1857.50,1857.60,1857.40,1857.60,2074
1788325500000000000,1857.60,1857.60,1857.10,1857.20,2716
1788325560000000000,1857.30,1857.30,1857.00,1857.00,2031
1788325620000000000,1857.20,1857.20,1856.10,1856.30,1020
1788325680000000000,1856.30,1856.40,1855.60,1855.60,1847
1788325740000000000,1855.70,1855.70,1855.60,1855.70,2148
1788325800000000000,1855.60,1855.70,1855.00,1855.40,3647
1788325860000000000,1855.50,1855.60,1855.10,1855.20,2428
1788325920000000000,1855.30,1858.30,1855.20,1858.10,6697
1788325980000000000,1858.20,1858.30,1857.50,1858.00,4534
1788326040000000000,1858.10,1858.50,1857.70,1857.80,4886
1788326100000000000,1857.90,1857.90,1857.70,1857.70,1417
1788326160000000000,1857.80,1857.90,1857.50,1857.80,2797
1788326220000000000,1857.70,1858.40,1857.70,1858.30,3137
1788326280000000000,1858.40,1859.00,1858.00,1858.50,7014
1788326340000000000,1858.40,1858.90,1858.40,1858.80,2911
1788326400000000000,1858.70,1859.10,1858.70,1859.10,3343
1788326460000000000,1859.00,1859.60,1859.00,1859.30,7649
1788326520000000000,1859.30,1859.70,1859.00,1859.20,5855
1788326580000000000,1859.10,1859.20,1858.90,1859.00,1415
1788326640000000000,1858.90,1859.00,1858.70,1858.90,3309
1788326700000000000,1858.90,1860.50,1858.80,1860.00,12130
1788326760000000000,1859.90,1860.20,1859.90,1860.00,4039
1788326820000000000,1859.90,1860.00,1859.80,1859.90,3392
1788326880000000000,1859.80,1860.10,1859.80,1860.00,4811
1788326940000000000,1859.90,1860.00,1859.80,1860.00,2412
1788327000000000000,1859.90,1860.00,1859.90,1860.00,3598
1788327060000000000,1859.90,1860.00,1859.90,1860.00,2538
1788327120000000000,1859.90,1860.00,1859.80,1859.90,6098
1788327180000000000,1859.90,1860.00,1859.70,1859.80,6268
1788327240000000000,1859.70,1860.10,1859.50,1860.00,10235
1788327300000000000,1860.00,1860.30,1859.40,1859.80,8232
1788327360000000000,1859.80,1860.40,1859.80,1860.00,6198
1788327420000000000,1859.90,1863.70,1859.90,1862.90,19822
1788327480000000000,1862.80,1863.00,1861.70,1862.80,6628
1788327540000000000,1862.70,1863.30,1862.60,1862.90,5299
1788327600000000000,1862.90,1863.20,1862.40,1863.20,5413
1788327660000000000,1863.10,1863.50,1862.20,1863.10,8624
1788327720000000000,1863.00,1863.10,1862.60,1863.00,2391
1788327780000000000,1862.90,1863.00,1862.50,1862.90,5380
1788327840000000000,1862.80,1864.80,1862.60,1864.10,15267
1788327900000000000,1864.20,1864.30,1863.40,1864.00,4431
1788327960000000000,1863.90,1864.10,1863.70,1864.10,4874
1788328020000000000,1864.00,1864.50,1863.70,1863.90,9651
1788328080000000000,1863.80,1864.50,1863.80,1864.50,5556
1788328140000000000,1864.50,1864.60,1863.50,1864.00,6064
1788328200000000000,1863.90,1864.10,1863.70,1863.80,3867
1788328260000000000,1863.70,1863.80,1863.20,1863.50,4176
1788328320000000000,1863.40,1863.60,1860.90,1861.70,9629
1788328380000000000,1861.60,1862.80,1861.40,1861.90,11850
1788328440000000000,1861.90,1862.20,1861.40,1862.00,5757
1788328500000000000,1861.90,1862.20,1860.50,1862.20,12143
1788328560000000000,1862.10,1863.40,1862.10,1863.40,6548
1788328620000000000,1863.30,1863.40,1862.00,1862.50,7358
1788328680000000000,1862.30,1862.60,1861.90,1861.90,5122
1788328740000000000,1862.00,1862.80,1861.20,1861.60,10380
1788328800000000000,1861.50,1862.10,1861.00,1862.00,8908
1788328860000000000,1861.90,1862.00,1861.90,1862.00,2034
1788328920000000000,1861.90,1862.00,1861.80,1862.00,5156
1788328980000000000,1861.90,1862.00,1861.90,1862.00,3931
1788329040000000000,1861.90,1862.00,1861.90,1862.00,3283
1788329100000000000,1862.00,1862.10,1861.90,1862.10,5768
1788329160000000000,1862.10,1862.10,1862.00,1862.10,4242
1788329220000000000,1862.10,1862.10,1860.40,1861.00,12316
1788329280000000000,1861.00,1861.60,1859.90,1861.60,13218
1788329340000000000,1861.60,1862.00,1861.60,1862.00,3469
1788329400000000000,1862.00,1862.50,1861.90,1862.10,9305
1788329460000000000,1862.30,1862.40,1862.10,1862.20,2627
1788329520000000000,1862.40,1862.50,1862.20,1862.40,4748
1788329580000000000,1862.50,1862.50,1862.40,1862.50,4619
1788329640000000000,1862.50,1862.60,1862.40,1862.50,3816
1788329700000000000,1862.60,1862.70,1862.50,1862.60,3507
1788329760000000000,1862.70,1863.40,1862.60,1863.30,6262
1788329820000000000,1863.40,1864.00,1863.30,1863.90,4788
1788329880000000000,1864.00,1864.80,1862.80,1863.50,19182
1788329940000000000,1863.60,1863.90,1863.30,1863.40,4862
1788330000000000000,1863.90,1863.90,1863.10,1863.30,4143
1788330060000000000,1863.40,1863.40,1863.30,1863.40,3929
1788330120000000000,1863.40,1863.40,1862.50,1862.60,6091
1788330180000000000,1862.90,1863.00,1862.50,1862.90,4423
1788330240000000000,1863.00,1866.30,1862.90,1866.20,23808
1788330300000000000,1866.20,1866.30,1865.90,1866.20,5774
1788330360000000000,1866.30,1866.50,1864.20,1864.70,8254
1788330420000000000,1864.70,1865.40,1864.20,1865.20,7537
1788330480000000000,1865.20,1865.20,1864.00,1864.70,4012
1788330540000000000,1864.70,1866.30,1864.60,1866.30,12908
1788330600000000000,1866.30,1866.30,1865.80,1866.20,4544
1788330660000000000,1866.20,1867.40,1865.10,1866.30,70381
1788330720000000000,1866.30,1867.00,1866.00,1866.00,11816
1788330780000000000,1866.30,1866.40,1864.20,1864.60,40295
1788330840000000000,1864.60,1864.60,1863.10,1863.80,5153
1788330900000000000,1863.70,1863.90,1861.80,1863.90,24330
1788330960000000000,1863.90,1863.90,1862.70,1863.40,5683
1788331020000000000,1863.40,1863.50,1860.90,1861.30,10404
1788331080000000000,1862.30,1862.60,1861.90,1862.20,3666
1788331140000000000,1862.30,1864.50,1862.20,1864.30,13365
1788331200000000000,1864.30,1864.70,1864.00,1864.40,8922
1788331260000000000,1864.40,1865.90,1863.70,1865.80,27102
1788331320000000000,1865.60,1865.60,1864.90,1865.40,4920
1788331380000000000,1865.50,1865.50,1865.10,1865.30,5018
1788331440000000000,1865.40,1865.40,1865.20,1865.30,3811
1788331500000000000,1865.40,1866.60,1865.30,1866.30,13944
1788331560000000000,1866.30,1866.30,1866.00,1866.10,10180
1788331620000000000,1866.20,1866.40,1866.00,1866.10,22833
1788331680000000000,1866.10,1866.10,1864.50,1865.10,26079
1788331740000000000,1865.10,1865.10,1864.70,1865.10,5425
1788331800000000000,1865.10,1865.30,1865.00,1865.00,12097
1788331860000000000,1865.20,1866.10,1865.00,1865.60,43250
1788331920000000000,1865.60,1866.00,1865.00,1865.20,5404
1788331980000000000,1865.20,1866.10,1865.00,1865.80,13654
1788332040000000000,1866.00,1866.00,1864.80,1864.90,28188
1788332100000000000,1864.90,1864.90,1864.60,1864.70,3225
1788332160000000000,1864.80,1865.20,1864.50,1865.20,5185
1788332220000000000,1865.20,1866.30,1865.20,1866.20,24674
1788332280000000000,1866.30,1866.70,1866.20,1866.60,5316
1788332340000000000,1866.70,1867.00,1866.60,1866.70,5248
1788332400000000000,1866.70,1867.40,1866.40,1866.80,13111
1788332460000000000,1866.80,1868.10,1866.50,1867.50,70004
1788332520000000000,1867.50,1867.60,1866.70,1867.00,18093
1788332580000000000,1867.20,1868.20,1867.10,1867.80,19422
1788332640000000000,1867.70,1868.00,1866.50,1867.80,21304
1788332700000000000,1867.80,1868.90,1867.50,1868.20,9413
1788332760000000000,1868.50,1869.90,1868.30,1869.60,13625
1788332820000000000,1869.70,1871.20,1869.50,1871.10,18676
1788332880000000000,1871.00,1871.40,1870.60,1870.80,4867
1788332940000000000,1870.70,1871.20,1870.00,1871.00,14090
1788333000000000000,1871.00,1871.60,1871.00,1871.30,29437
1788333060000000000,1871.30,1872.10,1870.70,1871.40,19253
1788333120000000000,1871.40,1871.40,1870.60,1870.60,3016
1788333180000000000,1870.80,1871.80,1870.60,1871.70,12860
1788333240000000000,1871.80,1871.80,1871.00,1871.50,6218
1788333300000000000,1871.50,1871.50,1870.60,1871.30,25790
1788333360000000000,1871.20,1872.40,1871.20,1871.80,16043
1788333420000000000,1871.80,1871.80,1871.50,1871.50,3170
1788333480000000000,1871.60,1871.60,1871.00,1871.30,4551
1788333540000000000,1871.40,1871.80,1871.30,1871.60,4016
1788333600000000000,1871.70,1871.80,1871.30,1871.50,5205
1788333660000000000,1871.60,1871.60,1871.20,1871.20,2478
1788333720000000000,1871.30,1871.30,1871.00,1871.00,4029
1788333780000000000,1871.10,1871.40,1871.00,1871.00,11626
1788333840000000000,1871.10,1871.50,1871.00,1871.00,5214
1788333900000000000,1871.50,1871.50,1871.00,1871.00,4188
1788333960000000000,1871.10,1871.20,1870.00,1870.80,21607
1788334020000000000,1870.80,1871.00,1870.80,1870.90,3802
1788334080000000000,1870.90,1871.20,1870.80,1870.90,2877
1788334140000000000,1871.00,1871.80,1870.80,1871.80,10363
1788334200000000000,1871.70,1871.80,1870.50,1870.50,4833
1788334260000000000,1870.90,1871.30,1870.50,1871.30,5894
1788334320000000000,1871.30,1871.90,1871.10,1871.80,7266
1788334380000000000,1871.80,1872.60,1871.70,1871.70,59912
1788334440000000000,1871.80,1872.80,1871.30,1871.60,9471
1788334500000000000,1871.90,1872.20,1871.20,1872.20,3266
1788334560000000000,1872.20,1872.80,1872.10,1872.50,8591
1788334620000000000,1872.70,1872.80,1872.20,1872.60,24755
1788334680000000000,1872.80,1872.80,1870.60,1871.40,10193
1788334740000000000,1871.50,1871.50,1870.50,1870.90,7250
1788334800000000000,1871.00,1871.20,1870.90,1870.90,4660
1788334860000000000,1871.10,1871.10,1870.60,1871.00,9965
1788334920000000000,1871.10,1871.60,1871.00,1871.40,4205
1788334980000000000,1871.40,1871.50,1871.00,1871.30,12757
1788335040000000000,1871.40,1871.40,1871.10,1871.30,3460
1788335100000000000,1871.40,1871.60,1871.30,1871.50,7639
1788335160000000000,1871.60,1871.80,1871.50,1871.50,4689
1788335220000000000,1871.60,1871.80,1871.50,1871.70,4362
1788335280000000000,1871.80,1872.00,1871.70,1872.00,3833
1788335340000000000,1872.00,1872.00,1870.50,1870.70,45105
1788335400000000000,1870.80,1870.80,1870.60,1870.70,3733
1788335460000000000,1870.80,1870.80,1870.50,1870.50,5758
1788335520000000000,1870.60,1870.60,1868.20,1868.50,31244
1788335580000000000,1868.50,1869.70,1868.30,1869.40,10420
1788335640000000000,1869.40,1869.80,1868.00,1869.50,8890
1788335700000000000,1869.50,1869.80,1868.60,1869.00,5085
1788335760000000000,1869.20,1869.70,1869.10,1869.60,4087
1788335820000000000,1869.70,1869.80,1868.60,1868.60,7269
1788335880000000000,1868.80,1869.30,1867.20,1868.50,75505
1788335940000000000,1868.60,1868.60,1867.60,1868.20,11787
1788336000000000000,1868.30,1868.60,1867.50,1868.50,3680
1788336060000000000,1868.60,1868.80,1868.30,1868.50,3119
1788336120000000000,1868.70,1868.80,1868.00,1868.00,6219
1788336180000000000,1868.10,1868.60,1868.00,1868.50,5076
1788336240000000000,1868.70,1868.70,1868.40,1868.50,4700
1788336300000000000,1868.50,1868.50,1868.20,1868.20,6612
1788336360000000000,1868.30,1868.30,1868.20,1868.20,12040
1788336420000000000,1868.30,1868.70,1868.20,1868.60,5132
1788336480000000000,1868.60,1868.60,1867.50,1868.00,5904
1788336540000000000,1868.00,1868.00,1865.80,1866.10,22105
1788336600000000000,1866.20,1869.00,1866.10,1868.50,34828
1788336660000000000,1868.60,1868.70,1868.20,1868.60,7902
1788336720000000000,1868.60,1868.60,1867.10,1868.00,10242
1788336780000000000,1868.10,1869.40,1868.00,1869.30,11662
1788336840000000000,1869.30,1869.40,1868.90,1869.20,11716
1788336900000000000,1869.40,1869.40,1868.20,1868.50,29784
1788336960000000000,1868.80,1869.00,1867.20,1868.90,18516
1788337020000000000,1869.00,1869.40,1868.20,1868.90,12868
1788337080000000000,1868.90,1869.00,1867.20,1867.70,13472
1788337140000000000,1867.90,1868.20,1866.70,1866.90,10413
1788337200000000000,1867.00,1867.00,1866.00,1866.50,7102
1788337260000000000,1866.60,1866.60,1865.10,1865.10,14833
1788337320000000000,1865.20,1865.30,1865.00,1865.00,6878
1788337380000000000,1865.10,1865.30,1864.80,1865.30,23995
1788337440000000000,1865.30,1865.50,1864.80,1865.30,10844
1788337500000000000,1865.50,1865.70,1865.00,1865.20,7076
1788337560000000000,1865.30,1865.40,1864.80,1864.80,8303
1788337620000000000,1865.00,1865.40,1864.80,1865.00,27571
1788337680000000000,1865.00,1865.80,1864.90,1865.80,13617
1788337740000000000,1865.80,1867.30,1865.80,1867.10,9585
1788337800000000000,1867.20,1867.30,1866.90,1867.00,4684
1788337860000000000,1867.10,1869.00,1867.00,1867.20,11263
1788337920000000000,1867.20,1867.40,1866.10,1866.40,5281
1788337980000000000,1866.50,1866.50,1866.40,1866.40,3834
1788338040000000000,1866.50,1866.80,1866.10,1866.10,8167
1788338100000000000,1866.20,1866.40,1866.10,1866.40,4872
1788338160000000000,1866.50,1867.20,1866.40,1867.10,5258
1788338220000000000,1867.20,1868.30,1866.80,1867.90,15216
1788338280000000000,1867.90,1868.50,1867.70,1868.10,19348
1788338340000000000,1868.20,1868.50,1868.10,1868.50,4911
1788338400000000000,1868.50,1868.90,1867.60,1867.90,11649
1788338460000000000,1868.00,1868.30,1866.70,1867.50,6992
1788338520000000000,1867.50,1868.10,1866.70,1867.50,25710
1788338580000000000,1867.50,1867.70,1867.00,1867.00,6768
1788338640000000000,1867.40,1867.40,1866.50,1866.50,4612
1788338700000000000,1866.60,1866.70,1866.40,1866.60,5881
1788338760000000000,1866.70,1866.90,1865.70,1865.90,8588
1788338820000000000,1866.00,1866.00,1865.10,1865.50,8269
1788338880000000000,1865.60,1866.10,1865.50,1866.00,4895
1788338940000000000,1866.10,1866.10,1865.80,1866.00,10150
1788339000000000000,1866.00,1866.50,1865.90,1866.30,5701
1788339060000000000,1866.50,1866.50,1865.00,1865.50,10166
1788339120000000000,1865.80,1865.80,1865.50,1865.70,6028
1788339180000000000,1865.80,1866.50,1865.70,1866.30,6334
1788339240000000000,1866.50,1866.50,1866.10,1866.20,8570
1788339300000000000,1866.30,1866.30,1866.00,1866.00,7936
1788339360000000000,1866.20,1866.50,1866.10,1866.30,8165
1788339420000000000,1866.40,1867.00,1866.30,1866.90,5442
1788339480000000000,1867.00,1867.50,1866.60,1866.70,10610
1788339540000000000,1866.80,1867.10,1866.00,1866.20,7045
1788339600000000000,1866.80,1866.80,1866.20,1866.70,4959
1788339660000000000,1866.70,1867.20,1866.60,1866.90,8098
1788339720000000000,1867.00,1868.20,1866.90,1868.10,7089
1788339780000000000,1868.10,1869.20,1868.00,1869.20,5412
1788339840000000000,1869.20,1869.20,1867.20,1867.90,20060
1788339900000000000,1867.90,1868.90,1867.80,1868.40,10046
1788339960000000000,1868.40,1868.90,1866.70,1867.20,16209
1788340020000000000,1867.20,1867.70,1866.50,1867.30,6760
1788340080000000000,1867.30,1867.30,1865.50,1866.20,8688
1788340140000000000,1866.20,1867.10,1866.10,1866.60,6183
1788340200000000000,1866.80,1867.10,1866.20,1866.60,6943
1788340260000000000,1866.60,1866.80,1865.80,1865.90,9062
1788340320000000000,1866.00,1866.00,1864.70,1864.70,8577
1788340380000000000,1864.80,1864.80,1864.70,1864.70,4827
1788340440000000000,1864.80,1864.90,1864.70,1864.80,6194
1788340500000000000,1864.90,1864.90,1863.50,1863.50,13347
1788340560000000000,1863.60,1863.60,1863.40,1863.40,6258
1788340620000000000,1863.50,1864.80,1863.40,1864.80,10121
1788340680000000000,1864.80,1866.00,1864.70,1865.80,12881
1788340740000000000,1865.90,1866.30,1865.80,1866.00,7353
1788340800000000000,1866.10,1866.20,1865.20,1865.30,9352
1788340860000000000,1865.30,1865.30,1865.20,1865.20,7569
1788340920000000000,1865.20,1865.30,1864.00,1864.00,11743
1788340980000000000,1864.10,1864.30,1864.00,1864.30,7619
1788341040000000000,1864.30,1865.50,1864.20,1865.50,18752
1788341100000000000,1865.50,1865.50,1863.00,1863.10,15101
1788341160000000000,1863.50,1863.80,1863.30,1863.70,9187
1788341220000000000,1863.80,1864.00,1863.00,1863.20,26964
1788341280000000000,1863.30,1863.90,1863.20,1863.60,14041
1788341340000000000,1863.60,1864.00,1862.80,1863.60,15887
1788341400000000000,1863.80,1863.80,1862.40,1862.70,11942
1788341460000000000,1862.80,1862.80,1861.60,1861.80,26010
1788341520000000000,1861.80,1863.30,1861.70,1862.60,27560
1788341580000000000,1862.70,1862.80,1862.10,1862.50,12254
1788341640000000000,1862.50,1862.60,1862.10,1862.50,9872
1788341700000000000,1862.50,1862.50,1860.20,1860.80,35309
1788341760000000000,1860.90,1862.10,1859.10,1859.50,39970
1788341820000000000,1860.00,1860.40,1858.00,1859.40,32404
1788341880000000000,1859.40,1859.40,1858.20,1858.90,11049
1788341940000000000,1858.90,1858.90,1857.10,1857.60,25427
1788342000000000000,1857.70,1858.70,1856.10,1858.30,28360
1788342060000000000,1858.30,1859.80,1857.80,1859.30,25110
1788342120000000000,1859.30,1859.50,1857.30,1857.80,21134
1788342180000000000,1857.90,1857.90,1856.00,1857.70,13348
1788342240000000000,1857.70,1860.00,1856.80,1860.00,7764
1788342300000000000,1860.00,1860.00,1860.00,1860.00,0
1788342360000000000,1860.00,1860.00,1860.00,1860.00,0
1788342420000000000,1860.00,1860.00,1860.00,1860.00,0
1788342480000000000,1860.00,1860.00,1860.00,1860.00,0
1788342540000000000,1860.00,1860.00,1860.00,1860.00,0
1788342600000000000,1860.00,1860.00,1860.00,1860.00,0
1788342660000000000,1860.00,1860.00,1860.00,1860.00,0
1788342720000000000,1860.00,1860.00,1860.00,1860.00,0
1788342780000000000,1860.00,1860.00,1860.00,1860.00,0
1788342840000000000,1860.00,1860.00,1860.00,1860.00,0
1788342900000000000,1860.00,1860.00,1860.00,1860.00,0
1788342960000000000,1860.00,1860.00,1860.00,1860.00,0
1788343020000000000,1860.00,1860.00,1860.00,1860.00,0
1788343080000000000,1860.00,1860.00,1860.00,1860.00,0
1788343140000000000,1862.80,1862.80,1862.80,1862.80,260854
1788407100000000000,1855.60,1863.60,1855.60,1862.40,108118
1788407160000000000,1862.40,1868.00,1862.40,1867.70,23211
1788407220000000000,1867.90,1869.00,1866.60,1867.60,33840
1788407280000000000,1867.20,1868.60,1867.20,1867.30,22159
1788407340000000000,1867.50,1868.60,1865.90,1868.00,16448
1788407400000000000,1868.00,1868.30,1865.60,1866.60,16717
1788407460000000000,1866.50,1866.50,1866.00,1866.00,9756
1788407520000000000,1864.60,1865.80,1864.60,1865.00,12408
1788407580000000000,1865.70,1865.70,1864.70,1864.70,15128
1788407640000000000,1864.70,1864.70,1864.00,1864.00,6002
1788407700000000000,1864.60,1864.60,1863.70,1863.70,17703
1788407760000000000,1863.90,1864.60,1863.90,1864.60,3197
1788407820000000000,1864.60,1864.90,1864.40,1864.50,7083
1788407880000000000,1864.10,1864.10,1863.50,1863.50,15096
1788407940000000000,1863.20,1864.70,1863.00,1864.60,4179
1788408000000000000,1865.00,1865.10,1863.80,1863.80,12773
1788408060000000000,1863.20,1863.20,1862.20,1862.20,13325
1788408120000000000,1862.80,1863.40,1862.70,1863.40,4658
1788408180000000000,1863.30,1865.70,1863.30,1865.70,3118
1788408240000000000,1865.80,1865.80,1865.10,1865.80,4883
1788408300000000000,1865.70,1866.00,1865.00,1866.00,3366
1788408360000000000,1866.50,1866.60,1865.80,1866.00,6503
1788408420000000000,1865.70,1866.10,1865.70,1866.10,5015
1788408480000000000,1865.60,1866.40,1865.50,1866.10,7780
1788408540000000000,1866.20,1866.20,1864.60,1864.60,9427
1788408600000000000,1865.00,1865.10,1864.90,1865.00,1370
1788408660000000000,1865.30,1866.20,1865.30,1866.00,2451
1788408720000000000,1865.70,1865.90,1865.10,1865.10,6427
1788408780000000000,1865.60,1867.00,1865.60,1867.00,6238
1788408840000000000,1867.40,1867.50,1867.00,1867.00,4514
1788408900000000000,1867.00,1867.20,1867.00,1867.00,4081
1788408960000000000,1867.20,1867.20,1866.80,1867.00,2949
1788409020000000000,1867.00,1867.00,1866.40,1866.40,5714
1788409080000000000,1866.20,1866.40,1866.00,1866.00,3046
1788409140000000000,1865.80,1867.00,1865.80,1866.50,4833
1788409200000000000,1866.00,1867.20,1866.00,1866.20,14197
1788409260000000000,1865.70,1865.70,1864.30,1864.80,40848
1788409320000000000,1865.30,1865.50,1865.10,1865.40,6916
1788409380000000000,1865.40,1865.60,1865.10,1865.10,2937
1788409440000000000,1865.50,1866.20,1865.30,1866.20,2369
1788409500000000000,1866.20,1866.20,1865.80,1865.90,4126
1788409560000000000,1865.80,1866.50,1865.60,1866.00,9182
1788409620000000000,1866.20,1867.40,1866.20,1866.20,6640
1788409680000000000,1866.40,1866.50,1866.10,1866.20,4070
1788409740000000000,1866.30,1866.80,1865.80,1866.80,3526
1788409800000000000,1866.80,1866.80,1866.00,1866.00,4408
1788409860000000000,1866.60,1866.80,1866.00,1866.00,4333
1788409920000000000,1866.50,1866.60,1866.00,1866.60,3591
1788409980000000000,1866.30,1866.30,1865.60,1866.00,7310
1788410040000000000,1865.80,1867.00,1865.80,1867.00,1499
1788410100000000000,1867.00,1867.00,1866.30,1867.00,2730
1788410160000000000,1866.60,1867.00,1866.20,1866.80,7735
1788410220000000000,1866.00,1866.50,1865.70,1865.90,2056
1788410280000000000,1866.60,1867.00,1866.20,1866.90,3921
1788410340000000000,1866.80,1866.80,1866.10,1866.80,2702
1788410400000000000,1866.40,1866.50,1865.70,1865.70,7088
1788410460000000000,1865.50,1866.00,1865.50,1865.50,1777
1788410520000000000,1865.50,1866.30,1865.40,1866.10,5729
1788410580000000000,1866.60,1866.90,1866.10,1866.20,1122
1788410640000000000,1866.20,1867.30,1864.50,1864.50,10833
1788410700000000000,1864.10,1866.40,1864.10,1866.30,10784
1788410760000000000,1866.30,1866.70,1866.00,1866.00,1612
1788410820000000000,1866.00,1866.50,1866.00,1866.00,4509
1788410880000000000,1866.00,1866.50,1866.00,1866.00,2284
1788410940000000000,1866.10,1866.20,1866.00,1866.10,2211
1788411000000000000,1866.70,1866.80,1866.10,1866.20,1766
1788411060000000000,1866.70,1866.80,1865.90,1865.90,3713
1788411120000000000,1866.00,1866.00,1863.70,1863.90,11165
1788411180000000000,1863.90,1864.90,1863.80,1864.30,3138
1788411240000000000,1864.30,1864.30,1863.60,1864.00,1552
1788411300000000000,1863.70,1864.00,1863.60,1863.60,2134
1788411360000000000,1863.90,1865.20,1863.90,1864.90,4846
1788411420000000000,1864.90,1865.80,1864.70,1864.70,3076
1788411480000000000,1865.40,1865.40,1864.90,1864.90,3545
1788411540000000000,1864.90,1865.20,1864.50,1864.50,3322
1788411600000000000,1864.80,1864.90,1864.20,1864.80,3109
1788411660000000000,1864.80,1865.20,1863.50,1864.00,5533
1788411720000000000,1863.50,1864.80,1863.50,1864.50,5109
1788411780000000000,1864.40,1864.80,1864.40,1864.70,1820
1788411840000000000,1864.70,1864.70,1863.90,1863.90,5192
1788411900000000000,1864.00,1864.00,1863.10,1863.10,4116
1788411960000000000,1863.20,1863.80,1863.00,1863.00,2391
1788412020000000000,1862.90,1863.20,1862.60,1863.20,7336
1788412080000000000,1863.40,1863.80,1863.30,1863.70,4027
1788412140000000000,1863.60,1865.00,1863.60,1864.40,2718
1788412200000000000,1864.50,1864.70,1862.70,1862.80,7917
1788412260000000000,1862.80,1863.40,1862.50,1862.70,3621
1788412320000000000,1862.90,1863.40,1862.70,1863.40,8184
1788412380000000000,1863.30,1865.30,1863.10,1864.70,11448
1788412440000000000,1864.70,1865.00,1864.30,1864.50,2720
1788412500000000000,1864.30,1864.80,1864.30,1864.30,4169
1788412560000000000,1864.70,1865.00,1863.70,1865.00,23267
1788412620000000000,1864.60,1865.40,1864.30,1864.70,1487
1788412680000000000,1865.40,1865.50,1864.30,1865.30,8218
1788412740000000000,1865.20,1866.20,1865.10,1866.00,8725
1788412800000000000,1866.10,1867.10,1865.60,1866.00,34101
1788412860000000000,1866.00,1866.60,1865.50,1865.60,3336
1788412920000000000,1865.60,1866.60,1865.30,1866.60,11856
1788412980000000000,1866.20,1866.30,1865.00,1865.80,29569
1788413040000000000,1866.30,1867.10,1865.80,1866.30,25395
1788413100000000000,1866.90,1867.30,1866.10,1867.00,10008
1788413160000000000,1867.40,1868.30,1867.00,1868.10,37101
1788413220000000000,1868.30,1868.50,1867.20,1867.30,7977
1788413280000000000,1867.80,1868.00,1866.90,1866.90,18912
1788413340000000000,1867.00,1867.80,1866.50,1866.80,10083
1788413400000000000,1867.30,1868.20,1866.80,1868.20,5184
1788413460000000000,1868.20,1868.30,1867.80,1868.00,5634
1788413520000000000,1867.90,1867.90,1867.40,1867.40,5330
1788413580000000000,1867.80,1868.10,1867.00,1867.80,14678
1788413640000000000,1867.50,1867.80,1867.30,1867.60,6656
1788413700000000000,1867.00,1867.40,1866.90,1866.90,4780
1788413760000000000,1867.30,1867.60,1867.30,1867.60,5875
1788413820000000000,1867.50,1868.40,1867.30,1868.40,11040
1788413880000000000,1868.20,1868.20,1867.30,1867.90,11365
1788413940000000000,1867.40,1868.10,1867.10,1868.00,10123
1788414000000000000,1867.40,1868.00,1867.00,1867.00,5114
1788414060000000000,1867.30,1868.30,1867.00,1867.50,10290
1788414120000000000,1867.40,1868.30,1867.40,1867.70,7251
1788414180000000000,1867.70,1868.00,1867.10,1867.10,12350
1788414240000000000,1867.00,1867.80,1866.70,1867.20,6382
1788414300000000000,1867.30,1868.00,1866.80,1867.20,11994
1788414360000000000,1867.20,1868.20,1867.20,1867.70,3021
1788414420000000000,1867.80,1868.60,1867.70,1868.00,4187
1788414480000000000,1868.20,1868.40,1867.30,1867.90,3748
1788414540000000000,1867.60,1868.40,1867.60,1868.40,4828
1788414600000000000,1868.40,1868.60,1867.80,1868.10,1206
1788414660000000000,1868.10,1868.60,1868.10,1868.20,4575
1788414720000000000,1868.10,1868.50,1868.10,1868.40,7183
1788414780000000000,1868.50,1868.60,1868.40,1868.50,2077
1788414840000000000,1868.50,1868.60,1868.20,1868.20,6308
1788414900000000000,1868.50,1868.50,1867.70,1867.70,22103
1788414960000000000,1867.90,1868.50,1867.70,1868.00,4389
1788415020000000000,1868.40,1868.60,1868.00,1868.40,2161
1788415080000000000,1868.40,1868.40,1867.60,1867.60,9900
1788415140000000000,1867.60,1867.70,1867.40,1867.50,1610
1788415200000000000,1867.50,1867.80,1867.40,1867.80,2309
1788415260000000000,1867.40,1867.80,1867.00,1867.00,6189
1788415320000000000,1866.90,1868.40,1866.80,1867.00,17011
1788415380000000000,1867.60,1868.10,1867.10,1867.30,3823
1788415440000000000,1867.40,1868.10,1867.30,1867.30,6281
1788415500000000000,1867.70,1867.70,1867.20,1867.40,2046
1788415560000000000,1867.40,1868.00,1867.00,1867.00,4538
1788415620000000000,1867.00,1867.30,1867.00,1867.00,1493
1788415680000000000,1867.00,1867.20,1866.10,1867.00,15282
1788415740000000000,1866.60,1867.20,1866.60,1866.60,1579
1788415800000000000,1866.60,1867.30,1866.60,1867.30,6544
1788415860000000000,1867.50,1867.50,1865.50,1865.50,14845
1788415920000000000,1866.10,1866.10,1865.30,1865.80,13030
1788415980000000000,1866.00,1866.00,1864.50,1865.10,10407
1788416040000000000,1865.50,1865.70,1865.10,1865.20,2926
1788416100000000000,1865.20,1865.60,1865.20,1865.50,1937
1788416160000000000,1865.20,1865.80,1863.60,1865.60,25375
1788416220000000000,1865.30,1865.30,1864.20,1864.20,6368
1788416280000000000,1864.40,1865.80,1864.20,1865.60,4517
1788416340000000000,1865.60,1865.70,1864.90,1864.90,10282
1788416400000000000,1865.70,1866.10,1865.30,1865.40,11998
1788416460000000000,1865.40,1865.60,1865.30,1865.30,2345
1788416520000000000,1865.30,1866.50,1865.10,1866.50,4849
1788416580000000000,1865.90,1866.50,1865.90,1865.90,5117
1788416640000000000,1865.90,1865.90,1865.40,1865.60,2481
1788416700000000000,1865.60,1865.70,1864.70,1864.70,7127
1788416760000000000,1864.90,1865.80,1864.40,1865.80,6326
1788416820000000000,1865.20,1865.50,1864.60,1864.90,5115
1788416880000000000,1865.20,1865.30,1864.60,1864.70,7152
1788416940000000000,1865.30,1865.70,1865.00,1865.10,3337
1788417000000000000,1865.20,1865.40,1864.80,1865.40,5898
1788417060000000000,1865.00,1865.00,1861.50,1862.70,24425
1788417120000000000,1862.60,1864.50,1862.30,1864.00,4369
1788417180000000000,1864.00,1864.10,1863.60,1863.70,4936
1788417240000000000,1863.30,1865.10,1863.00,1865.10,9523
1788417300000000000,1865.10,1865.10,1864.10,1864.10,7239
1788417360000000000,1864.10,1864.80,1863.60,1864.40,14398
1788417420000000000,1864.00,1864.80,1863.40,1863.40,7613
1788417480000000000,1863.70,1864.20,1863.30,1864.20,3793
1788417540000000000,1864.00,1864.00,1863.10,1863.20,6957
1788417600000000000,1863.60,1863.80,1863.30,1863.30,5053
1788417660000000000,1863.30,1863.60,1862.90,1863.20,7327
1788417720000000000,1863.30,1863.40,1863.00,1863.30,1334
1788417780000000000,1863.50,1863.90,1863.10,1863.90,3885
1788417840000000000,1863.80,1864.10,1863.60,1864.10,9737
1788417900000000000,1864.00,1864.00,1863.40,1863.60,10809
1788417960000000000,1863.80,1863.90,1862.40,1862.90,8925
1788418020000000000,1862.90,1862.90,1862.30,1862.30,6248
1788418080000000000,1862.30,1862.70,1861.20,1862.30,10854
1788418140000000000,1862.00,1862.70,1861.10,1861.40,9822
1788418200000000000,1861.40,1861.70,1861.10,1861.10,2925
1788418260000000000,1861.40,1861.70,1861.00,1861.20,1591
1788418320000000000,1861.20,1861.50,1861.00,1861.30,9588
1788418380000000000,1861.20,1862.40,1861.20,1861.80,3945
1788418440000000000,1862.20,1862.20,1861.80,1861.80,2783
1788418500000000000,1861.80,1862.10,1861.60,1861.80,2642
1788418560000000000,1861.70,1862.10,1861.70,1862.10,3069
1788418620000000000,1861.90,1861.90,1860.60,1861.40,8242
1788418680000000000,1861.00,1861.60,1861.00,1861.60,5025
1788418740000000000,1860.80,1861.20,1860.60,1860.60,2826
1788418800000000000,1860.60,1861.00,1860.60,1860.70,3576
1788418860000000000,1861.30,1862.40,1861.20,1862.10,11246
1788418920000000000,1862.20,1863.40,1862.10,1863.40,5628
1788418980000000000,1863.50,1863.70,1863.00,1863.00,3054
1788419040000000000,1863.10,1863.10,1862.90,1862.90,904
1788419100000000000,1862.90,1863.30,1862.90,1862.90,2275
1788419160000000000,1863.20,1863.60,1863.00,1863.30,5353
1788419220000000000,1862.90,1863.20,1862.80,1863.00,5198
1788419280000000000,1863.00,1863.80,1863.00,1863.80,3641
1788419340000000000,1863.60,1864.30,1863.50,1863.90,3158
1788419400000000000,1864.20,1864.80,1864.20,1864.80,2958
1788419460000000000,1864.30,1865.30,1864.30,1865.10,4519
1788419520000000000,1865.10,1865.30,1864.30,1864.40,14728
1788419580000000000,1864.20,1865.40,1864.20,1864.60,5785
1788419640000000000,1864.60,1864.90,1864.50,1864.50,1881
1788419700000000000,1864.50,1864.90,1864.50,1864.70,2334
1788419760000000000,1864.70,1865.40,1864.70,1864.80,5190
1788419820000000000,1865.00,1865.40,1865.00,1865.40,1945
1788419880000000000,1865.50,1865.50,1865.00,1865.30,4507
1788419940000000000,1865.50,1866.40,1865.20,1866.20,9810
1788420000000000000,1866.10,1867.80,1866.10,1867.50,17452
1788420060000000000,1867.50,1867.70,1866.90,1867.70,3349
1788420120000000000,1867.50,1868.00,1867.40,1867.40,4365
1788420180000000000,1867.40,1867.90,1867.40,1867.70,1448
1788420240000000000,1867.90,1868.00,1867.70,1867.70,1739
1788420300000000000,1867.70,1868.00,1867.70,1868.00,3795
1788420360000000000,1867.90,1868.00,1866.90,1867.00,19264
1788420420000000000,1867.50,1867.80,1867.50,1867.60,10462
1788420480000000000,1867.70,1867.70,1867.00,1867.30,15304
1788420540000000000,1867.30,1867.30,1867.00,1867.10,2823
1788420600000000000,1867.10,1867.30,1867.00,1867.10,5562
1788420660000000000,1867.00,1867.20,1866.50,1866.50,11951
1788420720000000000,1866.70,1867.20,1866.40,1866.60,15882
1788420780000000000,1866.60,1867.40,1866.60,1866.70,3821
1788420840000000000,1866.70,1867.50,1866.70,1867.20,4795
1788420900000000000,1867.20,1867.60,1867.00,1867.30,4533
1788420960000000000,1867.50,1867.70,1867.30,1867.70,24074
1788421020000000000,1867.70,1867.70,1867.20,1867.20,7960
1788421080000000000,1867.20,1867.40,1866.30,1866.30,7887
1788421140000000000,1866.30,1867.20,1866.30,1867.00,8990
1788421200000000000,1867.10,1867.70,1867.10,1867.30,3974
1788421260000000000,1867.70,1867.70,1867.30,1867.40,2047
1788421320000000000,1867.70,1867.70,1867.20,1867.60,13826
1788421380000000000,1867.60,1867.70,1867.00,1867.10,10777
1788421440000000000,1867.00,1867.00,1866.90,1866.90,975
1788421500000000000,1866.90,1866.90,1866.50,1866.60,4788
1788421560000000000,1866.50,1866.80,1866.30,1866.80,1647
1788421620000000000,1866.50,1866.70,1866.50,1866.70,1605
1788421680000000000,1866.50,1867.30,1866.50,1867.30,1472
1788421740000000000,1867.40,1867.70,1867.00,1867.50,6984
1788421800000000000,1867.70,1868.00,1867.50,1867.60,29244
1788421860000000000,1867.60,1867.70,1867.30,1867.30,1169
1788421920000000000,1867.30,1867.40,1867.30,1867.40,2158
1788421980000000000,1867.30,1867.60,1867.30,1867.30,1864
1788422040000000000,1867.30,1867.30,1865.10,1865.60,19760
1788422100000000000,1865.40,1866.30,1865.00,1865.00,10334
1788422160000000000,1865.40,1865.40,1865.00,1865.40,866
1788422220000000000,1865.30,1866.70,1865.10,1866.70,11277
1788422280000000000,1867.20,1867.20,1866.30,1866.30,3430
1788422340000000000,1866.20,1866.30,1866.20,1866.20,1893
1788422400000000000,1866.20,1866.50,1866.20,1866.50,2365
1788422460000000000,1866.40,1866.60,1866.30,1866.60,2774
1788422520000000000,1866.60,1866.60,1866.40,1866.40,1326
1788422580000000000,1866.40,1867.70,1866.40,1867.50,4232
1788422640000000000,1867.70,1867.70,1867.50,1867.70,4662
1788422700000000000,1868.00,1868.00,1867.60,1867.70,3623
1788422760000000000,1867.70,1867.70,1867.00,1867.00,7366
1788422820000000000,1866.80,1866.80,1865.10,1865.90,14081
1788422880000000000,1866.10,1866.60,1865.90,1866.60,5176
1788422940000000000,1866.50,1866.50,1865.10,1865.40,10044
1788423000000000000,1865.40,1865.60,1864.40,1865.60,8820
1788423060000000000,1865.60,1866.50,1865.10,1865.80,3692
1788423120000000000,1865.80,1866.10,1865.80,1865.80,1635
1788423180000000000,1865.90,1866.10,1865.80,1865.90,6153
1788423240000000000,1865.80,1865.90,1865.50,1865.80,6397
1788423300000000000,1865.80,1865.80,1865.50,1865.60,2695
1788423360000000000,1865.60,1865.80,1865.40,1865.50,4004
1788423420000000000,1865.60,1865.70,1864.00,1864.20,10309
1788423480000000000,1864.50,1865.50,1864.10,1865.00,9848
1788423540000000000,1865.40,1866.40,1864.90,1866.40,10202
1788423600000000000,1866.10,1866.60,1865.50,1865.50,14791
1788423660000000000,1866.00,1866.50,1865.60,1866.40,4120
1788423720000000000,1866.80,1867.20,1864.10,1864.40,34077
1788423780000000000,1864.30,1865.50,1864.20,1865.40,7473
1788423840000000000,1865.60,1866.20,1864.90,1864.90,5256
1788423900000000000,1865.00,1865.00,1864.50,1864.90,10353
1788423960000000000,1864.90,1865.70,1864.90,1865.10,3469
1788424020000000000,1865.30,1866.80,1865.20,1865.90,12344
1788424080000000000,1866.00,1866.30,1865.10,1865.90,8227
1788424140000000000,1865.90,1866.40,1865.20,1866.40,7916
1788424200000000000,1866.30,1866.70,1865.70,1865.80,4930
1788424260000000000,1866.00,1866.30,1865.50,1865.60,3747
1788424320000000000,1866.00,1866.10,1865.00,1865.20,21921
1788424380000000000,1865.20,1866.80,1865.10,1866.60,16040
1788424440000000000,1866.90,1867.10,1865.60,1866.10,7252
1788424500000000000,1866.10,1866.70,1866.10,1866.40,3818
1788424560000000000,1866.90,1867.50,1866.40,1867.20,3199
1788424620000000000,1867.20,1867.80,1867.20,1867.40,4052
1788424680000000000,1867.40,1867.80,1867.10,1867.80,12209
1788424740000000000,1867.50,1867.50,1866.80,1866.80,3544
1788424800000000000,1867.00,1867.40,1866.80,1866.90,1509
1788424860000000000,1866.90,1867.50,1866.90,1867.50,1725
1788424920000000000,1867.00,1867.60,1867.00,1867.20,2211
1788424980000000000,1867.60,1867.80,1867.20,1867.20,2878
1788425040000000000,1867.30,1867.40,1867.20,1867.20,3051
1788425100000000000,1867.60,1867.60,1865.70,1866.20,27929
1788425160000000000,1866.30,1867.00,1866.00,1866.90,4589
1788425220000000000,1867.00,1867.40,1865.60,1867.40,18587
1788425280000000000,1867.20,1867.50,1866.40,1866.40,29223
1788425340000000000,1866.40,1867.10,1866.40,1866.70,6291
1788425400000000000,1867.30,1867.30,1866.60,1867.00,9112
1788425460000000000,1867.00,1867.40,1866.50,1866.50,29715
1788425520000000000,1866.60,1866.80,1866.10,1866.10,12075
1788425580000000000,1866.20,1866.20,1864.20,1864.90,18859
1788425640000000000,1865.00,1865.80,1863.90,1865.60,19948
1788425700000000000,1865.60,1866.50,1865.60,1866.10,4739
1788425760000000000,1866.30,1866.30,1865.50,1865.60,6880
1788425820000000000,1865.50,1866.30,1865.50,1865.50,6347
1788425880000000000,1865.50,1865.70,1865.20,1865.70,3876
1788425940000000000,1866.10,1866.40,1866.00,1866.00,9359
1788426000000000000,1866.10,1866.10,1865.70,1865.70,10568
1788426060000000000,1865.40,1865.40,1864.70,1865.00,10850
1788426120000000000,1865.20,1865.20,1864.50,1864.90,7058
1788426180000000000,1864.80,1866.10,1864.60,1866.00,10240
1788426240000000000,1865.50,1866.20,1865.50,1865.90,4797
1788426300000000000,1865.90,1866.20,1865.20,1865.20,8710
1788426360000000000,1865.30,1865.30,1864.90,1865.00,3702
1788426420000000000,1865.00,1865.30,1863.10,1863.10,13821
1788426480000000000,1863.30,1863.70,1862.80,1863.10,23460
1788426540000000000,1863.40,1863.90,1862.90,1863.70,15983
1788426600000000000,1863.60,1863.90,1863.10,1863.40,7307
1788426660000000000,1863.60,1863.80,1863.10,1863.10,13812
1788426720000000000,1863.40,1863.80,1863.00,1863.60,11398
1788426780000000000,1863.80,1864.10,1863.00,1863.00,8496
1788426840000000000,1863.00,1863.70,1862.80,1862.80,8093
1788426900000000000,1863.00,1863.40,1862.70,1863.40,13987
1788426960000000000,1863.30,1863.90,1863.30,1863.40,4351
1788427020000000000,1863.40,1863.80,1863.20,1863.70,12401
1788427080000000000,1863.50,1865.00,1863.50,1864.60,13850
1788427140000000000,1864.30,1864.80,1864.10,1864.10,7500
1788427200000000000,1864.90,1866.50,1864.90,1865.90,23294
1788427260000000000,1865.90,1865.90,1864.30,1864.30,30812
1788427320000000000,1864.60,1866.50,1864.60,1865.60,57580
1788427380000000000,1865.60,1866.20,1865.60,1865.90,8917
1788427440000000000,1866.10,1866.20,1865.90,1865.90,7741
1788427500000000000,1866.00,1866.00,1865.60,1865.60,11947
1788427560000000000,1865.60,1866.20,1864.60,1864.80,29693
1788427620000000000,1864.90,1865.60,1864.40,1864.70,23611
1788427680000000000,1864.60,1865.50,1864.50,1864.70,19282
1788427740000000000,1864.90,1865.10,1864.00,1864.10,37814
1788427800000000000,1864.00,1864.70,1863.80,1864.40,18846
1788427860000000000,1864.40,1865.50,1863.90,1864.70,19086
1788427920000000000,1864.70,1864.70,1863.90,1864.00,15468
1788427980000000000,1864.00,1864.40,1863.90,1863.90,13279
1788428040000000000,1863.90,1864.90,1863.90,1864.40,26222
1788428100000000000,1864.40,1865.00,1864.40,1865.00,23535
1788428160000000000,1865.10,1865.10,1864.50,1864.50,18785
1788428220000000000,1864.50,1865.00,1864.50,1864.90,11492
1788428280000000000,1864.90,1864.90,1863.90,1864.40,43219
1788428340000000000,1864.00,1864.80,1864.00,1864.80,16639
1788428400000000000,1864.90,1865.60,1864.90,1865.60,29177
1788428460000000000,1865.50,1865.50,1864.20,1865.10,43266
1788428520000000000,1865.00,1865.60,1864.40,1864.40,37375
1788428580000000000,1864.30,1864.90,1864.30,1864.50,26077
1788428640000000000,1864.00,1865.80,1864.00,1865.40,23774
1788428700000000000,1865.40,1865.40,1865.40,1865.40,0
1788428760000000000,1865.40,1865.40,1865.40,1865.40,0
1788428820000000000,1865.40,1865.40,1865.40,1865.40,0
1788428880000000000,1865.40,1865.40,1865.40,1865.40,0
1788428940000000000,1865.40,1865.40,1865.40,1865.40,0
1788429000000000000,1865.40,1865.40,1865.40,1865.40,0
1788429060000000000,1865.40,1865.40,1865.40,1865.40,0
1788429120000000000,1865.40,1865.40,1865.40,1865.40,0
1788429180000000000,1865.40,1865.40,1865.40,1865.40,0
1788429240000000000,1865.40,1865.40,1865.40,1865.40,0
1788429300000000000,1865.40,1865.40,1865.40,1865.40,0
1788429360000000000,1865.40,1865.40,1865.40,1865.40,0
1788429420000000000,1865.40,1865.40,1865.40,1865.40,0
1788429480000000000,1869.00,1869.00,1869.00,1869.00,359257
1788429540000000000,1869.00,1869.00,1869.00,1869.00,0
1788493500000000000,1868.10,1869.90,1862.10,1862.50,100420
1788493560000000000,1862.50,1865.40,1862.50,1863.40,8253
1788493620000000000,1863.40,1863.40,1860.90,1861.90,13802
1788493680000000000,1861.90,1862.50,1861.90,1862.50,5187
1788493740000000000,1862.50,1863.10,1862.30,1862.30,9388
1788493800000000000,1862.70,1863.50,1862.70,1862.80,9459
1788493860000000000,1863.30,1863.90,1863.20,1863.50,7527
1788493920000000000,1864.10,1865.90,1864.10,1865.90,7204
1788493980000000000,1865.70,1866.10,1865.60,1866.00,18281
1788494040000000000,1866.10,1866.10,1865.30,1865.40,6738
1788494100000000000,1865.90,1866.40,1865.50,1866.40,4974
1788494160000000000,1866.40,1866.40,1866.10,1866.10,3323
1788494220000000000,1866.40,1866.40,1866.10,1866.10,3539
1788494280000000000,1866.40,1866.80,1866.40,1866.80,4559
1788494340000000000,1866.80,1866.80,1864.20,1864.20,12232
1788494400000000000,1864.20,1864.40,1864.20,1864.20,2925
1788494460000000000,1864.20,1864.20,1863.50,1863.50,3492
1788494520000000000,1863.80,1863.80,1863.50,1863.50,3409
1788494580000000000,1864.20,1864.40,1864.20,1864.40,5299
1788494640000000000,1864.70,1865.60,1864.70,1865.40,4453
1788494700000000000,1865.20,1865.60,1863.70,1863.70,7747
1788494760000000000,1863.10,1864.10,1863.10,1864.10,7152
1788494820000000000,1864.10,1864.50,1864.10,1864.50,2844
1788494880000000000,1864.50,1865.00,1862.70,1862.70,4378
1788494940000000000,1862.70,1863.00,1862.70,1862.80,3188
1788495000000000000,1862.70,1862.80,1862.50,1862.50,14773
1788495060000000000,1862.50,1862.60,1862.00,1862.30,2629
1788495120000000000,1862.00,1862.00,1861.60,1861.60,2515
1788495180000000000,1861.90,1862.00,1861.70,1862.00,4445
1788495240000000000,1862.00,1862.30,1862.00,1862.30,3780
1788495300000000000,1862.30,1862.30,1861.70,1862.30,2975
1788495360000000000,1862.30,1862.30,1862.20,1862.30,1671
1788495420000000000,1862.30,1862.80,1862.30,1862.80,5202
1788495480000000000,1862.80,1862.80,1862.80,1862.80,2951
1788495540000000000,1862.80,1862.80,1861.90,1862.00,3426
1788495600000000000,1861.90,1861.90,1861.80,1861.90,1542
1788495660000000000,1861.90,1861.90,1861.80,1861.90,3649
1788495720000000000,1861.90,1861.90,1861.50,1861.80,3176
1788495780000000000,1862.10,1862.10,1861.70,1861.70,2997
1788495840000000000,1861.90,1862.10,1861.50,1862.10,2415
1788495900000000000,1862.00,1862.80,1862.00,1862.80,4331
1788495960000000000,1862.20,1862.20,1861.90,1861.90,1693
1788496020000000000,1862.10,1862.10,1862.00,1862.00,2147
1788496080000000000,1862.00,1863.60,1862.00,1863.60,3164
1788496140000000000,1863.30,1863.30,1862.10,1862.70,2323
1788496200000000000,1862.80,1862.80,1862.80,1862.80,1546
1788496260000000000,1862.80,1864.40,1862.80,1864.40,4380
1788496320000000000,1864.40,1864.40,1864.00,1864.00,2229
1788496380000000000,1864.20,1864.50,1864.20,1864.40,2616
1788496440000000000,1864.40,1864.40,1863.00,1863.40,4992
1788496500000000000,1863.30,1863.30,1863.20,1863.30,2384
1788496560000000000,1863.30,1863.30,1863.20,1863.30,1791
1788496620000000000,1863.20,1864.50,1863.20,1864.50,7497
1788496680000000000,1864.80,1864.80,1863.80,1864.80,13866
1788496740000000000,1864.00,1864.40,1863.90,1864.10,3360
1788496800000000000,1864.00,1864.00,1863.40,1863.80,8533
1788496860000000000,1863.80,1863.80,1863.60,1863.70,1307
1788496920000000000,1863.80,1863.80,1862.60,1862.60,3198
1788496980000000000,1862.50,1862.50,1861.10,1861.30,3494
1788497040000000000,1861.30,1861.30,1861.20,1861.30,2820
1788497100000000000,1861.20,1861.30,1861.20,1861.30,1329
1788497160000000000,1861.00,1861.30,1861.00,1861.30,3248
1788497220000000000,1861.30,1862.00,1861.30,1862.00,2171
1788497280000000000,1861.90,1862.00,1861.30,1861.90,2437
1788497340000000000,1861.90,1862.00,1860.20,1860.50,4065
1788497400000000000,1860.50,1860.50,1859.20,1860.00,15308
1788497460000000000,1860.00,1860.30,1860.00,1860.30,2090
1788497520000000000,1860.30,1860.70,1860.20,1860.70,5899
1788497580000000000,1860.70,1861.20,1860.70,1861.20,3178
1788497640000000000,1861.20,1861.20,1860.70,1861.00,2795
1788497700000000000,1861.00,1861.10,1860.80,1860.80,1157
1788497760000000000,1860.70,1861.00,1860.20,1860.60,5406
1788497820000000000,1860.60,1860.60,1860.50,1860.60,1173
1788497880000000000,1860.60,1860.60,1860.50,1860.50,1271
1788497940000000000,1860.60,1860.60,1860.50,1860.50,1095
1788498000000000000,1860.30,1860.50,1859.80,1860.50,9164
1788498060000000000,1860.40,1860.90,1860.20,1860.90,2745
1788498120000000000,1860.90,1860.90,1860.50,1860.90,2394
1788498180000000000,1860.90,1860.90,1860.60,1860.70,1316
1788498240000000000,1860.80,1860.80,1860.60,1860.60,1195
1788498300000000000,1860.30,1860.30,1859.50,1859.60,2693
1788498360000000000,1859.70,1859.80,1859.00,1859.30,5065
1788498420000000000,1859.60,1859.60,1859.50,1859.60,876
1788498480000000000,1859.60,1859.60,1859.40,1859.40,1604
1788498540000000000,1859.40,1859.60,1859.00,1859.60,5031
1788498600000000000,1859.60,1860.40,1859.50,1860.40,7912
1788498660000000000,1860.00,1860.00,1859.30,1859.60,1039
1788498720000000000,1859.50,1859.60,1859.50,1859.60,3364
1788498780000000000,1859.50,1859.60,1859.50,1859.50,1243
1788498840000000000,1859.50,1859.60,1858.70,1859.40,3635
1788498900000000000,1859.30,1859.80,1859.30,1859.80,4218
1788498960000000000,1859.80,1859.80,1859.70,1859.80,1983
1788499020000000000,1859.80,1859.80,1859.80,1859.80,1609
1788499080000000000,1859.50,1859.60,1859.50,1859.60,3596
1788499140000000000,1859.60,1859.70,1859.60,1859.70,1278
1788499200000000000,1859.60,1859.70,1859.50,1859.60,1491
1788499260000000000,1859.60,1859.60,1859.50,1859.60,1415
1788499320000000000,1859.50,1859.60,1859.00,1859.10,4001
1788499380000000000,1859.00,1859.10,1859.00,1859.00,556
1788499440000000000,1859.00,1863.00,1859.00,1862.30,55437
1788499500000000000,1862.30,1862.30,1861.50,1861.90,2104
1788499560000000000,1862.00,1863.90,1861.10,1863.90,10096
1788499620000000000,1863.20,1864.60,1863.20,1864.40,19502
1788499680000000000,1864.40,1864.40,1864.00,1864.40,1899
1788499740000000000,1864.40,1866.90,1864.00,1866.20,11637
1788499800000000000,1866.70,1867.80,1866.50,1867.10,6200
1788499860000000000,1867.10,1868.50,1867.10,1868.30,9441
1788499920000000000,1868.20,1870.00,1867.60,1868.30,41900
1788499980000000000,1868.50,1870.70,1868.30,1868.40,21540
1788500040000000000,1868.30,1868.40,1867.40,1867.40,2254
1788500100000000000,1867.40,1867.60,1865.40,1867.50,14838
1788500160000000000,1867.50,1867.50,1866.30,1866.50,2006
1788500220000000000,1866.40,1867.30,1866.40,1867.20,6342
1788500280000000000,1867.20,1867.20,1865.40,1866.40,10014
1788500340000000000,1866.40,1866.40,1865.10,1865.10,4806
1788500400000000000,1865.40,1865.80,1865.40,1865.80,3323
1788500460000000000,1865.80,1865.80,1865.70,1865.80,2713
1788500520000000000,1865.80,1867.40,1865.70,1866.70,6152
1788500580000000000,1866.70,1866.70,1866.40,1866.40,3828
1788500640000000000,1866.60,1866.60,1866.40,1866.40,1993
1788500700000000000,1866.40,1866.40,1865.40,1866.30,3714
1788500760000000000,1866.00,1867.10,1866.00,1866.30,49060
1788500820000000000,1866.90,1867.00,1865.30,1865.30,14631
1788500880000000000,1865.60,1865.60,1865.30,1865.30,2325
1788500940000000000,1865.50,1866.90,1865.30,1866.50,5165
1788501000000000000,1866.50,1868.00,1865.80,1868.00,60840
1788501060000000000,1868.00,1869.80,1868.00,1869.80,6673
1788501120000000000,1869.50,1870.40,1869.10,1869.70,54625
1788501180000000000,1870.00,1870.30,1868.80,1868.80,5871
1788501240000000000,1868.80,1868.80,1868.00,1868.10,3172
1788501300000000000,1868.30,1868.50,1866.10,1867.80,15662
1788501360000000000,1867.90,1867.90,1867.40,1867.60,2631
1788501420000000000,1867.80,1867.90,1867.80,1867.90,2706
1788501480000000000,1867.90,1867.90,1867.10,1867.90,2365
1788501540000000000,1867.90,1867.90,1867.80,1867.80,3189
1788501600000000000,1868.10,1868.20,1867.10,1867.90,17347
1788501660000000000,1867.80,1867.90,1867.70,1867.70,1969
1788501720000000000,1868.00,1868.00,1867.80,1867.80,17233
1788501780000000000,1867.80,1867.80,1866.70,1867.40,2460
1788501840000000000,1867.40,1868.00,1867.40,1868.00,5987
1788501900000000000,1867.90,1868.00,1867.40,1867.80,4382
1788501960000000000,1867.70,1868.00,1867.00,1868.00,4577
1788502020000000000,1868.00,1869.00,1867.90,1867.90,24277
1788502080000000000,1868.00,1868.00,1867.10,1867.80,3381
1788502140000000000,1867.70,1867.70,1867.10,1867.50,2337
1788502200000000000,1867.60,1867.60,1867.10,1867.20,2430
1788502260000000000,1867.20,1867.30,1866.50,1866.50,3356
1788502320000000000,1866.50,1866.50,1866.00,1866.20,1702
1788502380000000000,1866.40,1866.40,1865.50,1865.60,5341
1788502440000000000,1866.00,1866.00,1865.90,1866.00,4060
1788502500000000000,1866.00,1866.00,1865.50,1866.00,1329
1788502560000000000,1865.90,1866.00,1865.50,1865.70,3038
1788502620000000000,1865.70,1865.70,1864.10,1864.60,7679
1788502680000000000,1864.70,1864.70,1864.30,1864.50,5434
1788502740000000000,1864.70,1865.70,1864.60,1865.70,5921
1788502800000000000,1865.70,1866.30,1865.70,1865.90,3988
1788502860000000000,1865.90,1866.00,1865.60,1865.60,2632
1788502920000000000,1865.70,1866.00,1865.40,1865.40,2382
1788502980000000000,1865.70,1865.70,1865.10,1865.60,2545
1788503040000000000,1865.60,1865.60,1865.30,1865.50,1750
1788503100000000000,1865.50,1865.50,1864.40,1864.40,8218
1788503160000000000,1864.40,1864.90,1863.50,1863.60,9547
1788503220000000000,1863.60,1864.90,1862.20,1862.70,12814
1788503280000000000,1862.80,1863.00,1861.80,1861.80,35795
1788503340000000000,1861.90,1862.00,1860.70,1861.00,8192
1788503400000000000,1860.70,1861.50,1860.00,1861.50,12345
1788503460000000000,1861.50,1861.50,1861.40,1861.50,2206
1788503520000000000,1861.80,1861.80,1861.60,1861.60,3200
1788503580000000000,1860.90,1861.20,1860.40,1861.00,9616
1788503640000000000,1860.90,1861.50,1860.50,1860.70,5644
1788503700000000000,1861.00,1861.00,1859.60,1859.60,56474
1788503760000000000,1859.80,1860.00,1859.60,1859.60,13595
1788503820000000000,1859.80,1861.20,1859.80,1860.30,6259
1788503880000000000,1860.30,1860.90,1860.30,1860.80,6206
1788503940000000000,1860.80,1860.80,1860.70,1860.70,4550
1788504000000000000,1860.70,1860.80,1858.30,1858.90,11789
1788504060000000000,1858.50,1858.50,1857.00,1857.00,7531
1788504120000000000,1857.60,1857.70,1857.00,1857.30,6345
1788504180000000000,1857.30,1857.50,1857.30,1857.40,3472
1788504240000000000,1857.30,1857.40,1857.30,1857.40,2670
1788504300000000000,1857.40,1858.10,1857.40,1858.10,4320
1788504360000000000,1858.10,1858.10,1858.00,1858.10,2202
1788504420000000000,1858.10,1858.10,1858.00,1858.00,2485
1788504480000000000,1858.10,1858.90,1858.10,1858.80,3462
1788504540000000000,1858.80,1858.80,1858.40,1858.40,3320
1788504600000000000,1858.40,1858.50,1858.00,1858.20,2868
1788504660000000000,1858.20,1858.30,1857.60,1858.20,5616
1788504720000000000,1858.50,1859.10,1858.50,1859.10,2850
1788504780000000000,1859.10,1859.10,1858.00,1858.20,3371
1788504840000000000,1858.20,1858.50,1857.40,1857.60,2446
1788504900000000000,1857.60,1857.60,1856.30,1856.60,4557
1788504960000000000,1856.60,1858.10,1856.50,1858.10,28357
1788505020000000000,1858.40,1859.60,1858.40,1858.90,3788
1788505080000000000,1858.90,1859.20,1858.90,1858.90,2297
1788505140000000000,1859.00,1859.00,1858.00,1858.00,2372
1788505200000000000,1858.10,1858.10,1858.00,1858.10,2638
1788505260000000000,1858.10,1858.50,1858.10,1858.50,6729
1788505320000000000,1858.50,1858.50,1858.00,1858.30,8029
1788505380000000000,1858.10,1858.30,1858.10,1858.30,2407
1788505440000000000,1858.30,1858.50,1858.10,1858.50,4419
1788505500000000000,1858.50,1858.80,1858.00,1858.00,7015
1788505560000000000,1858.00,1858.10,1855.60,1855.80,28022
1788505620000000000,1855.90,1855.90,1855.00,1855.20,3624
1788505680000000000,1855.20,1855.70,1855.10,1855.70,5173
1788505740000000000,1855.60,1855.70,1855.60,1855.70,2601
1788505800000000000,1855.70,1855.70,1855.70,1855.70,2663
1788505860000000000,1855.70,1855.70,1855.10,1855.10,12447
1788505920000000000,1855.70,1855.70,1855.60,1855.70,1906
1788505980000000000,1855.60,1855.70,1854.40,1854.60,10072
1788506040000000000,1854.60,1854.60,1854.50,1854.60,3674
1788506100000000000,1854.60,1854.60,1854.50,1854.60,3694
1788506160000000000,1854.60,1854.60,1854.50,1854.60,2877
1788506220000000000,1854.40,1854.40,1853.50,1853.90,11400
1788506280000000000,1854.10,1855.40,1854.10,1855.40,6125
1788506340000000000,1855.40,1855.40,1855.30,1855.40,1880
1788506400000000000,1855.30,1855.40,1854.10,1854.50,12314
1788506460000000000,1854.30,1854.50,1854.30,1854.30,2167
1788506520000000000,1854.40,1855.10,1854.30,1855.10,6565
1788506580000000000,1855.30,1855.30,1854.60,1854.80,9901
1788506640000000000,1854.80,1854.80,1854.30,1854.60,8605
1788506700000000000,1854.60,1854.90,1854.50,1854.90,5309
1788506760000000000,1854.90,1854.90,1854.70,1854.70,5274
1788506820000000000,1854.50,1854.60,1853.70,1854.20,5024
1788506880000000000,1854.10,1854.10,1853.90,1854.10,6489
1788506940000000000,1854.70,1855.30,1854.70,1855.30,10140
1788507000000000000,1855.70,1855.80,1855.50,1855.70,8864
1788507060000000000,1855.80,1856.70,1855.80,1856.50,6411
1788507120000000000,1856.10,1856.10,1855.50,1855.70,12684
1788507180000000000,1855.60,1856.70,1855.50,1856.50,21338
1788507240000000000,1856.40,1856.40,1855.20,1855.20,5897
1788507300000000000,1856.00,1856.00,1855.20,1855.40,7115
1788507360000000000,1855.30,1855.40,1854.10,1854.10,5706
1788507420000000000,1854.20,1854.40,1853.90,1853.90,5669
1788507480000000000,1854.00,1854.80,1854.00,1854.70,5891
1788507540000000000,1854.60,1854.70,1854.60,1854.60,4728
1788507600000000000,1854.60,1855.40,1854.60,1855.40,6217
1788507660000000000,1855.30,1855.40,1854.60,1854.70,4547
1788507720000000000,1854.70,1854.70,1854.40,1854.40,4391
1788507780000000000,1854.30,1854.40,1854.30,1854.30,3224
1788507840000000000,1854.20,1854.30,1854.10,1854.10,3929
1788507900000000000,1854.20,1854.50,1854.10,1854.30,4999
1788507960000000000,1854.40,1855.00,1854.30,1854.80,5682
1788508020000000000,1854.70,1855.20,1854.70,1854.90,4682
1788508080000000000,1854.90,1854.90,1854.70,1854.80,4763
1788508140000000000,1854.80,1854.80,1854.60,1854.70,2502
1788508200000000000,1854.70,1855.00,1854.50,1854.50,4385
1788508260000000000,1854.40,1854.60,1854.30,1854.60,2393
1788508320000000000,1854.60,1854.60,1854.50,1854.60,3879
1788508380000000000,1854.60,1854.60,1852.50,1852.90,22884
1788508440000000000,1852.60,1854.20,1852.40,1853.90,17748
1788508500000000000,1853.90,1853.90,1852.50,1852.80,6394
1788508560000000000,1852.80,1854.30,1852.80,1853.80,10629
1788508620000000000,1853.70,1853.80,1852.40,1852.40,3655
1788508680000000000,1852.70,1852.70,1852.20,1852.40,3135
1788508740000000000,1852.40,1852.80,1852.00,1852.80,9508
1788508800000000000,1853.00,1853.00,1852.70,1852.90,7341
1788508860000000000,1853.00,1853.00,1852.30,1852.60,3802
1788508920000000000,1852.10,1852.60,1851.90,1852.40,8913
1788508980000000000,1852.50,1853.50,1851.50,1853.10,21193
1788509040000000000,1853.00,1853.50,1852.90,1853.00,3470
1788509100000000000,1853.10,1853.10,1852.50,1853.00,3939
1788509160000000000,1853.00,1853.30,1853.00,1853.10,3666
1788509220000000000,1853.10,1853.30,1853.00,1853.30,4498
1788509280000000000,1853.40,1853.40,1853.30,1853.30,2867
1788509340000000000,1853.30,1853.40,1852.50,1852.90,6363
1788509400000000000,1852.90,1853.30,1852.70,1853.20,14338
1788509460000000000,1853.40,1853.50,1852.60,1853.50,27653
1788509520000000000,1854.10,1854.10,1852.60,1853.60,13328
1788509580000000000,1853.30,1854.50,1853.20,1853.70,17246
1788509640000000000,1853.20,1853.40,1853.00,1853.40,5429
1788509700000000000,1853.40,1853.70,1853.20,1853.20,11767
1788509760000000000,1853.20,1854.50,1853.10,1854.30,10256
1788509820000000000,1854.30,1854.30,1852.30,1852.50,5019
1788509880000000000,1852.60,1852.60,1852.00,1852.50,4519
1788509940000000000,1852.60,1852.60,1852.40,1852.40,3076
1788510000000000000,1852.40,1852.40,1851.10,1852.30,18303
1788510060000000000,1851.80,1852.30,1851.20,1851.80,20319
1788510120000000000,1851.80,1852.20,1851.60,1851.90,5890
1788510180000000000,1851.80,1852.60,1851.80,1852.20,4184
1788510240000000000,1851.80,1851.80,1851.50,1851.50,4091
1788510300000000000,1851.60,1852.40,1851.40,1852.40,7332
1788510360000000000,1852.20,1852.40,1852.00,1852.10,3801
1788510420000000000,1852.50,1852.50,1852.00,1852.10,8401
1788510480000000000,1852.10,1852.40,1850.90,1851.00,19263
1788510540000000000,1851.00,1851.00,1850.20,1850.50,9418
1788510600000000000,1850.30,1851.00,1850.10,1850.60,5439
1788510660000000000,1850.70,1850.80,1850.70,1850.80,5225
1788510720000000000,1850.70,1850.90,1850.50,1850.90,5266
1788510780000000000,1851.00,1851.60,1851.00,1851.20,10944
1788510840000000000,1851.00,1851.00,1850.50,1850.60,8208
1788510900000000000,1850.70,1851.10,1850.60,1850.90,7631
1788510960000000000,1850.80,1851.40,1850.80,1851.40,5959
1788511020000000000,1851.40,1851.80,1851.40,1851.50,6883
1788511080000000000,1851.40,1851.40,1851.10,1851.30,6348
1788511140000000000,1851.30,1851.70,1851.30,1851.50,8357
1788511200000000000,1851.40,1851.80,1851.30,1851.80,8790
1788511260000000000,1852.10,1852.90,1852.10,1852.70,4780
1788511320000000000,1852.70,1852.70,1851.90,1852.00,9684
1788511380000000000,1852.20,1852.20,1851.90,1852.20,19406
1788511440000000000,1852.20,1852.70,1852.20,1852.40,13062
1788511500000000000,1852.50,1852.50,1851.70,1851.90,11213
1788511560000000000,1851.80,1852.60,1851.80,1852.30,6093
1788511620000000000,1852.10,1852.20,1851.90,1851.90,4400
1788511680000000000,1851.90,1852.00,1851.70,1851.90,24215
1788511740000000000,1851.90,1852.00,1851.60,1851.80,7907
1788511800000000000,1851.60,1851.80,1851.50,1851.80,5303
1788511860000000000,1851.70,1852.30,1851.70,1852.30,8562
1788511920000000000,1852.30,1852.50,1852.30,1852.50,6654
1788511980000000000,1852.50,1852.50,1851.60,1851.70,8490
1788512040000000000,1851.70,1852.40,1851.60,1852.40,11397
1788512100000000000,1852.30,1852.40,1852.10,1852.40,6261
1788512160000000000,1852.40,1852.40,1852.10,1852.40,6388
1788512220000000000,1852.30,1852.40,1852.10,1852.30,11254
1788512280000000000,1852.30,1852.40,1851.90,1852.20,4802
1788512340000000000,1852.10,1852.20,1851.90,1852.20,8295
1788512400000000000,1852.10,1852.50,1852.10,1852.30,16324
1788512460000000000,1852.60,1852.60,1851.80,1852.40,11480
1788512520000000000,1852.10,1852.20,1851.60,1851.70,11260
1788512580000000000,1851.60,1852.00,1851.60,1852.00,11098
1788512640000000000,1852.00,1852.00,1851.60,1851.60,12829
1788512700000000000,1852.20,1852.20,1850.70,1851.10,53692
1788512760000000000,1851.00,1851.90,1851.00,1851.30,6709
1788512820000000000,1851.00,1851.00,1850.30,1850.40,8521
1788512880000000000,1850.40,1850.50,1850.00,1850.10,28923
1788512940000000000,1850.00,1850.40,1849.90,1849.90,10845
1788513000000000000,1850.00,1850.00,1849.50,1849.90,8817
1788513060000000000,1849.90,1850.20,1849.90,1849.90,4371
1788513120000000000,1849.90,1849.90,1849.00,1849.30,8407
1788513180000000000,1849.40,1849.40,1848.00,1848.80,12443
1788513240000000000,1848.30,1848.70,1848.00,1848.00,8414
1788513300000000000,1848.10,1848.20,1847.80,1847.90,8860
1788513360000000000,1848.00,1848.00,1847.70,1847.90,6271
1788513420000000000,1847.90,1848.90,1847.90,1848.50,10412
1788513480000000000,1848.40,1848.60,1848.40,1848.50,7028
1788513540000000000,1848.20,1848.40,1848.00,1848.00,5587
1788513600000000000,1848.20,1848.70,1848.10,1848.10,28410
1788513660000000000,1848.10,1848.10,1847.90,1848.10,9503
1788513720000000000,1848.00,1848.10,1848.00,1848.00,7575
1788513780000000000,1848.00,1848.10,1847.20,1847.20,9063
1788513840000000000,1847.10,1848.10,1847.10,1847.90,17363
1788513900000000000,1847.40,1848.50,1847.40,1848.20,9181
1788513960000000000,1848.10,1848.60,1848.10,1848.10,10200
1788514020000000000,1848.40,1848.40,1847.80,1848.00,13299
1788514080000000000,1848.80,1848.80,1848.20,1848.30,16319
1788514140000000000,1848.20,1848.70,1847.80,1847.80,19737
1788514200000000000,1847.80,1848.00,1847.80,1847.80,14592
1788514260000000000,1847.80,1847.90,1847.20,1847.50,18664
1788514320000000000,1847.50,1848.10,1847.40,1848.10,19052
1788514380000000000,1848.20,1848.30,1848.10,1848.30,18807
1788514440000000000,1848.30,1848.40,1847.90,1847.90,17696
1788514500000000000,1847.90,1847.90,1847.40,1847.60,28848
1788514560000000000,1847.60,1847.70,1847.40,1847.50,24978
1788514620000000000,1847.60,1847.60,1847.50,1847.50,16068
1788514680000000000,1847.50,1847.60,1846.50,1846.90,22097
1788514740000000000,1846.90,1847.00,1846.40,1846.50,27007
1788514800000000000,1846.70,1846.70,1846.60,1846.70,23884
1788514860000000000,1846.70,1847.40,1846.70,1847.40,38563
1788514920000000000,1847.50,1849.00,1847.50,1848.70,33612
1788514980000000000,1848.90,1850.40,1845.00,1849.90,49418
1788515040000000000,1850.00,1850.00,1849.20,1849.50,16448
1788515100000000000,1849.50,1849.50,1849.50,1849.50,0
1788515160000000000,1849.50,1849.50,1849.50,1849.50,0
1788515220000000000,1849.50,1849.50,1849.50,1849.50,0
1788515280000000000,1849.50,1849.50,1849.50,1849.50,0
1788515340000000000,1849.50,1849.50,1849.50,1849.50,0
1788515400000000000,1849.50,1849.50,1849.50,1849.50,0
1788515460000000000,1849.50,1849.50,1849.50,1849.50,0
1788515520000000000,1849.50,1849.50,1849.50,1849.50,0
1788515580000000000,1849.50,1849.50,1849.50,1849.50,0
1788515640000000000,1849.50,1849.50,1849.50,1849.50,0
1788515700000000000,1849.50,1849.50,1849.50,1849.50,0
1788515760000000000,1849.50,1849.50,1849.50,1849.50,0
1788515820000000000,1849.50,1849.50,1849.50,1849.50,0
1788515880000000000,1840.00,1840.00,1840.00,1840.00,474480
1788515940000000000,1840.00,1840.00,1840.00,1840.00,0
1788752700000000000,1845.00,1850.70,1842.00,1849.70,111908
1788752760000000000,1849.70,1850.90,1847.30,1849.70,23065
1788752820000000000,1849.70,1852.00,1849.30,1850.40,18402
1788752880000000000,1850.60,1853.20,1850.00,1852.00,23043
1788752940000000000,1852.50,1853.50,1851.80,1852.60,8454
1788753000000000000,1852.60,1853.60,1849.30,1849.30,14748
1788753060000000000,1849.40,1850.50,1849.00,1850.00,12785
1788753120000000000,1850.40,1852.20,1850.20,1851.50,8611
1788753180000000000,1851.50,1852.80,1851.10,1851.30,13636
1788753240000000000,1851.80,1852.00,1850.20,1851.40,10166
1788753300000000000,1851.70,1851.70,1850.50,1850.70,5280
1788753360000000000,1850.90,1851.50,1850.20,1850.80,5722
1788753420000000000,1850.80,1852.10,1850.40,1852.10,4924
1788753480000000000,1852.10,1852.70,1852.10,1852.50,2828
1788753540000000000,1852.50,1853.00,1852.30,1852.30,3860
1788753600000000000,1852.30,1852.60,1851.00,1852.00,5352
1788753660000000000,1852.40,1854.00,1852.00,1853.50,17551
1788753720000000000,1853.50,1854.00,1852.90,1853.50,17983
1788753780000000000,1853.50,1853.60,1852.90,1852.90,4135
1788753840000000000,1853.20,1854.40,1852.70,1853.60,20464
1788753900000000000,1854.00,1855.50,1851.00,1852.20,72201
1788753960000000000,1852.00,1853.80,1851.60,1852.80,7221
1788754020000000000,1853.30,1854.00,1852.80,1853.50,19453
1788754080000000000,1853.70,1853.70,1852.40,1852.70,7445
1788754140000000000,1852.70,1853.70,1852.20,1853.60,7842
1788754200000000000,1853.60,1853.60,1852.90,1852.90,6775
1788754260000000000,1853.50,1853.60,1852.90,1853.00,5984
1788754320000000000,1853.30,1853.70,1852.70,1853.50,14371
1788754380000000000,1853.50,1853.80,1852.10,1852.80,24885
1788754440000000000,1852.80,1852.90,1852.00,1852.00,4935
1788754500000000000,1852.30,1853.40,1852.00,1853.10,7859
1788754560000000000,1853.10,1853.10,1852.00,1852.00,4815
1788754620000000000,1852.10,1852.10,1850.40,1851.10,9305
1788754680000000000,1851.30,1851.30,1850.40,1851.00,4930
1788754740000000000,1851.00,1851.00,1850.70,1850.90,3974
1788754800000000000,1850.90,1850.90,1850.00,1850.00,9153
1788754860000000000,1850.10,1850.30,1850.00,1850.30,5852
1788754920000000000,1850.30,1850.30,1849.60,1849.90,4301
1788754980000000000,1849.90,1849.90,1849.00,1849.10,4074
1788755040000000000,1849.10,1849.50,1848.40,1849.10,7865
1788755100000000000,1849.10,1851.30,1848.70,1850.40,12261
1788755160000000000,1850.70,1850.80,1848.10,1848.60,11636
1788755220000000000,1849.00,1849.00,1847.10,1847.50,5799
1788755280000000000,1847.60,1848.00,1846.20,1847.10,10938
1788755340000000000,1847.50,1847.70,1846.40,1846.40,5825
1788755400000000000,1846.50,1846.50,1845.60,1846.00,11413
1788755460000000000,1846.10,1846.90,1845.10,1846.30,43472
1788755520000000000,1846.60,1848.40,1846.00,1847.20,30690
1788755580000000000,1847.80,1848.00,1847.00,1847.80,7807
1788755640000000000,1847.90,1847.90,1846.80,1847.60,5328
1788755700000000000,1847.60,1847.60,1846.80,1847.30,4760
1788755760000000000,1847.50,1847.60,1847.00,1847.30,5825
1788755820000000000,1847.60,1847.70,1847.00,1847.70,4948
1788755880000000000,1847.70,1847.90,1847.00,1847.60,4689
1788755940000000000,1847.60,1847.80,1847.00,1847.40,5584
1788756000000000000,1847.80,1847.80,1847.10,1847.60,4690
1788756060000000000,1847.80,1847.80,1847.20,1847.70,4408
1788756120000000000,1847.80,1847.90,1847.10,1847.60,3953
1788756180000000000,1847.20,1847.50,1843.60,1844.40,29997
1788756240000000000,1844.90,1845.80,1844.40,1844.90,3703
1788756300000000000,1845.00,1845.40,1844.50,1844.70,3843
1788756360000000000,1844.90,1845.00,1844.30,1844.50,4952
1788756420000000000,1844.50,1844.70,1842.70,1843.50,18489
1788756480000000000,1843.50,1844.00,1843.10,1843.80,11446
1788756540000000000,1844.00,1844.00,1843.10,1843.30,20925
1788756600000000000,1843.40,1843.50,1841.30,1841.80,22057
1788756660000000000,1842.40,1842.60,1841.50,1842.00,8752
1788756720000000000,1842.00,1842.00,1840.60,1841.30,11988
1788756780000000000,1841.60,1843.20,1841.10,1842.60,9449
1788756840000000000,1842.60,1843.10,1842.10,1842.40,6161
1788756900000000000,1842.60,1843.00,1842.30,1842.70,9746
1788756960000000000,1842.80,1843.00,1842.50,1842.70,3834
1788757020000000000,1842.90,1843.00,1842.30,1842.70,5322
1788757080000000000,1842.80,1842.80,1841.90,1842.10,7615
1788757140000000000,1842.30,1842.60,1841.60,1842.00,7782
1788757200000000000,1842.10,1842.50,1841.60,1842.00,10807
1788757260000000000,1842.10,1842.60,1839.20,1840.90,118308
1788757320000000000,1841.20,1841.50,1839.10,1840.40,76551
1788757380000000000,1840.80,1840.80,1839.30,1839.50,16153
1788757440000000000,1839.50,1840.50,1839.40,1840.30,6368
1788757500000000000,1840.40,1841.00,1839.80,1840.50,10743
1788757560000000000,1840.60,1840.60,1839.60,1839.70,10979
1788757620000000000,1840.00,1841.00,1839.70,1840.30,13859
1788757680000000000,1840.50,1840.70,1840.10,1840.10,6909
1788757740000000000,1840.20,1840.50,1839.60,1839.60,13604
1788757800000000000,1839.70,1840.00,1838.40,1839.60,58987
1788757860000000000,1839.60,1839.70,1839.30,1839.50,8420
1788757920000000000,1839.60,1840.00,1839.20,1839.40,28817
1788757980000000000,1839.60,1839.90,1839.10,1839.30,24403
1788758040000000000,1839.50,1839.50,1838.70,1839.00,18545
1788758100000000000,1839.00,1839.90,1838.10,1838.40,7561
1788758160000000000,1838.40,1838.40,1837.00,1837.00,10959
1788758220000000000,1837.10,1838.40,1837.00,1838.10,8137
1788758280000000000,1838.40,1839.00,1837.80,1837.90,7063
1788758340000000000,1838.00,1838.20,1837.40,1837.60,4273
1788758400000000000,1837.70,1838.10,1837.50,1837.90,5011
1788758460000000000,1837.80,1837.90,1836.50,1836.90,5636
1788758520000000000,1836.80,1837.00,1836.50,1836.80,4686
1788758580000000000,1836.90,1837.30,1836.20,1836.20,4226
1788758640000000000,1836.30,1837.10,1836.10,1836.50,5580
1788758700000000000,1836.80,1836.80,1835.60,1836.20,7669
1788758760000000000,1836.20,1836.90,1835.60,1835.80,6345
1788758820000000000,1835.90,1836.00,1835.50,1835.60,4024
1788758880000000000,1835.80,1835.80,1832.70,1833.20,18531
1788758940000000000,1833.40,1833.40,1832.30,1832.80,10018
1788759000000000000,1832.80,1833.30,1831.70,1831.80,12582
1788759060000000000,1831.90,1832.70,1831.20,1831.90,9964
1788759120000000000,1831.90,1834.10,1831.80,1832.90,13971
1788759180000000000,1833.10,1834.10,1832.70,1834.10,19599
1788759240000000000,1834.10,1834.60,1832.50,1833.80,38189
1788759300000000000,1834.00,1835.00,1833.00,1834.70,29714
1788759360000000000,1835.00,1835.20,1831.90,1832.70,38815
1788759420000000000,1833.20,1833.90,1832.60,1833.50,7311
1788759480000000000,1833.80,1833.90,1832.70,1833.00,6348
1788759540000000000,1833.20,1833.40,1832.70,1832.90,4294
1788759600000000000,1832.90,1833.00,1830.70,1831.30,35659
1788759660000000000,1831.50,1831.50,1831.00,1831.10,16870
1788759720000000000,1831.20,1831.30,1830.70,1830.70,10074
1788759780000000000,1830.80,1831.90,1830.40,1830.50,21547
1788759840000000000,1830.50,1833.20,1830.40,1832.00,45184
1788759900000000000,1832.00,1834.00,1831.00,1831.20,19578
1788759960000000000,1831.70,1832.90,1831.20,1831.60,22259
1788760020000000000,1831.70,1834.50,1831.50,1832.00,45109
1788760080000000000,1832.20,1833.70,1832.00,1832.80,25592
1788760140000000000,1832.90,1833.60,1832.00,1833.00,25964
1788760200000000000,1833.10,1835.40,1832.70,1833.30,24275
1788760260000000000,1833.40,1833.60,1832.70,1833.20,9616
1788760320000000000,1833.20,1834.00,1832.80,1833.20,10036
1788760380000000000,1833.30,1834.50,1833.10,1833.60,9032
1788760440000000000,1833.90,1833.90,1833.10,1833.50,8053
1788760500000000000,1833.50,1833.90,1832.80,1833.80,6482
1788760560000000000,1833.30,1834.10,1832.50,1833.20,10298
1788760620000000000,1833.40,1834.40,1833.00,1833.70,5678
1788760680000000000,1833.80,1835.40,1833.70,1834.70,9684
1788760740000000000,1835.00,1835.50,1834.60,1835.20,6072
1788760800000000000,1835.20,1836.30,1835.00,1835.50,17093
1788760860000000000,1835.80,1835.80,1835.10,1835.20,7876
1788760920000000000,1835.30,1836.40,1835.00,1836.40,30351
1788760980000000000,1836.50,1837.90,1836.00,1837.50,17021
1788761040000000000,1837.80,1838.40,1837.00,1837.70,37568
1788761100000000000,1837.90,1838.80,1837.10,1838.00,11015
1788761160000000000,1838.70,1839.10,1837.90,1838.50,11322
1788761220000000000,1838.60,1839.40,1838.00,1839.00,18555
1788761280000000000,1839.10,1839.10,1837.80,1838.30,64579
1788761340000000000,1838.30,1839.60,1837.90,1838.90,19524
1788761400000000000,1839.00,1839.60,1837.80,1837.80,16755
1788761460000000000,1837.90,1839.40,1837.80,1838.40,22520
1788761520000000000,1838.50,1839.20,1838.00,1838.40,12302
1788761580000000000,1838.40,1840.70,1838.20,1840.00,16709
1788761640000000000,1840.20,1841.20,1839.50,1840.80,11724
1788761700000000000,1840.90,1841.50,1840.40,1840.40,7091
1788761760000000000,1840.60,1842.10,1839.00,1839.50,28875
1788761820000000000,1839.50,1841.90,1838.80,1840.40,124460
1788761880000000000,1841.00,1841.00,1838.00,1838.30,52510
1788761940000000000,1838.40,1839.40,1837.90,1838.40,7132
1788762000000000000,1838.90,1839.70,1838.00,1838.10,7082
1788762060000000000,1838.10,1838.20,1837.60,1838.10,6077
1788762120000000000,1838.20,1838.50,1837.80,1838.40,2575
1788762180000000000,1838.40,1838.70,1837.70,1838.30,5293
1788762240000000000,1838.30,1838.50,1838.00,1838.00,3765
1788762300000000000,1838.10,1838.40,1837.70,1838.00,6864
1788762360000000000,1838.10,1838.40,1837.60,1838.00,3867
1788762420000000000,1837.90,1838.30,1837.20,1837.80,6410
1788762480000000000,1838.00,1838.40,1837.70,1838.20,2988
1788762540000000000,1838.40,1838.50,1838.00,1838.10,2495
1788762600000000000,1838.20,1838.30,1838.00,1838.10,4198
1788762660000000000,1838.30,1839.00,1837.80,1838.40,6256
1788762720000000000,1838.50,1839.20,1838.30,1838.60,4768
1788762780000000000,1838.70,1839.20,1838.60,1838.70,4809
1788762840000000000,1838.80,1839.10,1838.10,1838.10,6502
1788762900000000000,1838.10,1839.00,1837.90,1838.90,18650
1788762960000000000,1839.00,1839.40,1837.60,1837.60,5494
1788763020000000000,1837.70,1839.90,1837.50,1838.10,72805
1788763080000000000,1838.10,1839.90,1837.90,1839.20,10004
1788763140000000000,1839.60,1839.60,1839.00,1839.00,5133
1788763200000000000,1839.10,1839.10,1837.90,1838.10,9325
1788763260000000000,1838.30,1838.70,1837.80,1838.10,5725
1788763320000000000,1838.20,1839.30,1837.40,1838.80,13673
1788763380000000000,1839.00,1839.00,1837.20,1838.50,50453
1788763440000000000,1838.80,1838.80,1837.30,1838.20,5890
1788763500000000000,1838.30,1838.30,1837.50,1837.90,5121
1788763560000000000,1837.90,1838.10,1837.40,1837.90,4793
1788763620000000000,1838.10,1838.10,1837.00,1837.00,53426
1788763680000000000,1837.10,1837.10,1836.00,1836.00,25030
1788763740000000000,1836.10,1837.20,1836.10,1837.00,5295
1788763800000000000,1837.10,1837.50,1836.50,1836.90,5015
1788763860000000000,1837.20,1837.20,1836.80,1836.80,3682
1788763920000000000,1836.90,1837.30,1836.60,1836.80,5270
1788763980000000000,1837.00,1838.10,1836.80,1838.00,6948
1788764040000000000,1838.10,1838.10,1838.00,1838.10,3914
1788764100000000000,1838.10,1838.10,1836.80,1837.10,14214
1788764160000000000,1837.20,1837.40,1834.90,1835.60,44415
1788764220000000000,1836.30,1838.50,1835.80,1838.00,44474
1788764280000000000,1838.40,1838.80,1837.60,1838.00,13470
1788764340000000000,1838.00,1838.20,1836.10,1836.20,13804
1788764400000000000,1836.20,1836.80,1831.90,1832.30,52528
1788764460000000000,1832.50,1833.80,1831.90,1832.60,23086
1788764520000000000,1832.70,1833.00,1832.20,1832.80,5323
1788764580000000000,1833.00,1833.00,1832.10,1832.20,7836
1788764640000000000,1832.30,1834.00,1831.30,1833.40,22344
1788764700000000000,1833.40,1834.50,1833.10,1833.60,10945
1788764760000000000,1834.20,1834.60,1832.50,1833.00,12290
1788764820000000000,1833.00,1834.30,1832.50,1833.70,9195
1788764880000000000,1833.80,1834.30,1832.40,1833.30,12046
1788764940000000000,1833.30,1834.80,1832.50,1833.50,12845
1788765000000000000,1833.50,1834.20,1833.00,1833.90,11566
1788765060000000000,1833.30,1834.90,1833.20,1834.20,15213
1788765120000000000,1834.40,1835.00,1833.10,1833.60,20566
1788765180000000000,1833.90,1834.80,1833.60,1834.10,5808
1788765240000000000,1834.20,1834.30,1833.80,1834.10,4507
1788765300000000000,1834.20,1834.30,1833.70,1833.80,5455
1788765360000000000,1834.00,1835.00,1833.70,1834.40,6628
1788765420000000000,1834.40,1834.40,1833.80,1833.90,5491
1788765480000000000,1834.00,1834.60,1834.00,1834.30,4887
1788765540000000000,1834.50,1834.50,1833.50,1833.60,4572
1788765600000000000,1833.70,1834.30,1833.00,1833.10,6899
1788765660000000000,1833.20,1833.30,1832.90,1833.10,5205
1788765720000000000,1833.20,1833.70,1833.00,1833.10,4361
1788765780000000000,1833.10,1833.40,1833.00,1833.00,6200
1788765840000000000,1833.10,1834.00,1832.70,1833.40,8357
1788765900000000000,1833.50,1833.50,1833.00,1833.00,5281
1788765960000000000,1833.10,1834.70,1833.00,1833.70,8738
1788766020000000000,1833.80,1834.70,1833.30,1833.90,11655
1788766080000000000,1834.40,1834.40,1833.30,1833.60,5486
1788766140000000000,1833.70,1833.70,1833.10,1833.30,7712
1788766200000000000,1833.30,1833.40,1833.00,1833.20,5863
1788766260000000000,1833.30,1834.90,1833.10,1833.80,12716
1788766320000000000,1834.10,1834.50,1833.30,1834.00,8376
1788766380000000000,1834.00,1835.50,1833.50,1835.20,11115
1788766440000000000,1835.30,1835.30,1834.50,1834.80,6258
1788766500000000000,1834.80,1837.90,1834.50,1836.90,56784
1788766560000000000,1836.90,1839.10,1836.10,1838.50,32679
1788766620000000000,1838.40,1839.50,1838.10,1838.10,25025
1788766680000000000,1838.30,1838.80,1837.50,1837.60,13807
1788766740000000000,1837.70,1837.70,1836.90,1837.40,5028
1788766800000000000,1837.40,1839.00,1837.10,1838.10,21612
1788766860000000000,1838.10,1839.20,1837.20,1837.50,7697
1788766920000000000,1837.50,1838.40,1837.30,1837.80,7503
1788766980000000000,1837.80,1838.50,1837.50,1837.80,5987
1788767040000000000,1838.00,1838.40,1837.50,1837.70,6504
1788767100000000000,1837.80,1838.60,1837.40,1838.10,7009
1788767160000000000,1838.20,1838.90,1837.60,1837.90,5989
1788767220000000000,1838.00,1838.90,1837.40,1837.40,11682
1788767280000000000,1837.60,1837.60,1837.00,1837.20,10178
1788767340000000000,1837.30,1837.70,1837.00,1837.20,9636
1788767400000000000,1837.30,1837.90,1837.00,1837.40,8831
1788767460000000000,1837.40,1838.40,1836.80,1836.80,8544
1788767520000000000,1836.90,1838.00,1836.60,1837.40,10009
1788767580000000000,1837.40,1838.10,1836.90,1837.10,9874
1788767640000000000,1837.10,1837.40,1836.30,1836.60,9397
1788767700000000000,1836.70,1838.00,1836.40,1837.30,9953
1788767760000000000,1837.40,1838.10,1837.00,1837.70,10216
1788767820000000000,1837.80,1838.80,1837.30,1837.70,10629
1788767880000000000,1838.00,1838.10,1837.40,1837.90,9112
1788767940000000000,1838.00,1838.60,1837.40,1837.50,9711
1788768000000000000,1837.70,1837.70,1837.30,1837.60,8639
1788768060000000000,1837.50,1839.00,1837.40,1838.00,13714
1788768120000000000,1838.00,1838.50,1837.40,1838.00,9820
1788768180000000000,1838.00,1838.60,1837.80,1838.30,11672
1788768240000000000,1838.30,1839.80,1838.00,1839.00,23541
1788768300000000000,1839.30,1839.70,1838.60,1838.80,13600
1788768360000000000,1839.00,1840.70,1838.50,1840.00,17963
1788768420000000000,1840.50,1840.70,1839.90,1840.10,12815
1788768480000000000,1840.20,1841.00,1840.00,1840.70,14014
1788768540000000000,1841.00,1841.00,1840.10,1840.50,11571
1788768600000000000,1841.00,1841.10,1840.10,1840.30,16971
1788768660000000000,1840.70,1841.00,1840.00,1840.20,14192
1788768720000000000,1840.20,1840.50,1839.60,1839.70,10612
1788768780000000000,1839.80,1840.80,1839.50,1840.30,12954
1788768840000000000,1840.40,1840.80,1839.70,1840.00,13153
1788768900000000000,1839.90,1841.70,1839.90,1840.60,25230
1788768960000000000,1841.00,1843.80,1840.50,1842.20,28463
1788769020000000000,1842.50,1842.50,1841.10,1841.90,15042
1788769080000000000,1841.80,1842.50,1840.90,1841.40,17149
1788769140000000000,1841.50,1845.50,1841.20,1844.90,25356
1788769200000000000,1845.00,1846.80,1844.00,1845.10,23560
1788769260000000000,1845.40,1846.00,1844.50,1846.00,12719
1788769320000000000,1846.20,1846.70,1846.00,1846.00,13484
1788769380000000000,1846.10,1846.60,1845.20,1845.20,16805
1788769440000000000,1845.50,1845.50,1844.50,1844.80,10192
1788769500000000000,1845.00,1847.00,1844.90,1845.90,17531
1788769560000000000,1846.00,1846.00,1844.90,1845.90,10356
1788769620000000000,1845.90,1847.10,1845.50,1847.10,11909
1788769680000000000,1847.10,1847.20,1846.10,1846.30,12822
1788769740000000000,1846.40,1847.30,1846.10,1846.70,15302
1788769800000000000,1847.10,1847.50,1846.40,1846.50,22227
1788769860000000000,1846.50,1847.50,1846.00,1846.70,20914
1788769920000000000,1847.10,1849.90,1846.60,1848.50,47090
1788769980000000000,1848.60,1849.10,1848.00,1849.00,13016
1788770040000000000,1849.00,1849.00,1848.30,1848.70,7357
1788770100000000000,1848.70,1849.00,1848.10,1848.10,9059
1788770160000000000,1848.30,1848.30,1847.80,1848.00,8874
1788770220000000000,1847.90,1849.90,1847.80,1849.00,14471
1788770280000000000,1849.00,1849.00,1847.50,1847.70,8880
1788770340000000000,1847.70,1849.30,1847.30,1849.00,11658
1788770400000000000,1849.00,1850.00,1848.20,1848.90,12173
1788770460000000000,1849.00,1849.50,1848.10,1848.40,8011
1788770520000000000,1848.40,1848.70,1847.70,1848.00,8584
1788770580000000000,1848.00,1848.60,1847.60,1847.60,9487
1788770640000000000,1848.00,1848.20,1847.60,1847.70,8652
1788770700000000000,1848.10,1848.10,1847.50,1847.80,8574
1788770760000000000,1847.90,1849.00,1847.30,1848.70,17387
1788770820000000000,1848.70,1849.20,1847.30,1847.30,17184
1788770880000000000,1847.50,1848.60,1847.30,1848.00,13748
1788770940000000000,1848.00,1848.80,1847.40,1848.10,12803
1788771000000000000,1848.40,1848.90,1847.60,1848.10,10370
1788771060000000000,1848.20,1849.00,1848.00,1848.90,12403
1788771120000000000,1848.90,1849.00,1848.00,1848.10,8222
1788771180000000000,1848.30,1849.00,1847.60,1848.30,12820
1788771240000000000,1848.80,1850.10,1848.00,1848.40,29860
1788771300000000000,1848.70,1848.90,1848.00,1848.00,10486
1788771360000000000,1848.20,1849.10,1847.70,1848.20,9884
1788771420000000000,1848.40,1849.00,1847.80,1848.50,8525
1788771480000000000,1848.70,1848.70,1847.80,1847.90,9346
1788771540000000000,1848.00,1849.00,1847.90,1848.20,11460
1788771600000000000,1848.30,1849.00,1848.00,1848.00,11126
1788771660000000000,1848.00,1848.20,1846.50,1846.50,8541
1788771720000000000,1847.10,1847.10,1846.10,1846.40,13861
1788771780000000000,1846.50,1846.80,1845.90,1846.00,13871
1788771840000000000,1846.10,1847.00,1845.50,1846.00,14859
1788771900000000000,1846.30,1847.50,1846.00,1846.70,12816
1788771960000000000,1846.80,1847.80,1846.60,1847.10,12161
1788772020000000000,1847.30,1847.40,1846.70,1846.70,8020
1788772080000000000,1846.80,1848.00,1846.50,1847.20,16948
1788772140000000000,1847.30,1847.80,1846.80,1846.80,11325
1788772200000000000,1847.10,1847.60,1846.60,1846.60,9789
1788772260000000000,1846.80,1848.00,1846.40,1846.80,12524
1788772320000000000,1846.90,1847.40,1846.50,1846.60,10776
1788772380000000000,1846.80,1847.60,1846.60,1846.80,10418
1788772440000000000,1846.90,1847.50,1846.80,1846.90,9569
1788772500000000000,1847.00,1847.10,1846.60,1846.80,11938
1788772560000000000,1846.70,1846.90,1845.90,1846.20,12998
1788772620000000000,1846.50,1847.20,1845.80,1846.70,13464
1788772680000000000,1846.70,1847.70,1846.10,1846.60,14549
1788772740000000000,1846.80,1846.90,1846.30,1846.30,11374
1788772800000000000,1846.60,1847.60,1845.80,1847.20,24417
1788772860000000000,1847.30,1847.50,1846.50,1846.80,21242
1788772920000000000,1846.80,1848.40,1846.30,1846.30,32275
1788772980000000000,1846.40,1847.30,1845.70,1845.70,17315
1788773040000000000,1845.80,1846.10,1845.00,1845.30,16770
1788773100000000000,1845.80,1847.50,1845.40,1847.00,17459
1788773160000000000,1847.10,1847.50,1846.20,1846.50,20399
1788773220000000000,1846.60,1846.80,1845.60,1845.80,19775
1788773280000000000,1846.00,1847.00,1845.10,1845.10,40074
1788773340000000000,1845.20,1846.30,1844.20,1845.60,44246
1788773400000000000,1845.60,1845.80,1844.60,1845.00,40332
1788773460000000000,1845.00,1846.50,1844.50,1845.10,47283
1788773520000000000,1845.10,1845.40,1844.10,1844.50,36050
1788773580000000000,1844.60,1845.70,1844.30,1844.60,31763
1788773640000000000,1844.70,1845.50,1844.10,1845.10,33450
1788773700000000000,1844.70,1846.30,1844.40,1845.20,47265
1788773760000000000,1845.50,1847.10,1844.50,1846.10,44505
1788773820000000000,1845.30,1846.00,1844.90,1845.50,30149
1788773880000000000,1845.60,1846.60,1845.20,1846.00,38519
1788773940000000000,1845.90,1846.00,1844.80,1846.00,50054
1788774000000000000,1846.00,1846.00,1844.40,1844.50,55905
1788774060000000000,1844.80,1845.00,1843.80,1844.50,54247
1788774120000000000,1844.70,1846.70,1844.20,1846.20,56146
1788774180000000000,1846.40,1850.00,1845.40,1847.30,82639
1788774240000000000,1847.30,1849.00,1843.60,1847.20,22127
1788774300000000000,1847.20,1847.20,1847.20,1847.20,0
1788774360000000000,1847.20,1847.20,1847.20,1847.20,0
1788774420000000000,1847.20,1847.20,1847.20,1847.20,0
1788774480000000000,1847.20,1847.20,1847.20,1847.20,0
1788774540000000000,1847.20,1847.20,1847.20,1847.20,0
1788774600000000000,1847.20,1847.20,1847.20,1847.20,0
1788774660000000000,1847.20,1847.20,1847.20,1847.20,0
1788774720000000000,1847.20,1847.20,1847.20,1847.20,0
1788774780000000000,1847.20,1847.20,1847.20,1847.20,0
1788774840000000000,1847.20,1847.20,1847.20,1847.20,0
1788774900000000000,1847.20,1847.20,1847.20,1847.20,0
1788774960000000000,1847.20,1847.20,1847.20,1847.20,0
1788775020000000000,1847.20,1847.20,1847.20,1847.20,0
1788775080000000000,1847.20,1847.20,1847.20,1847.20,0
1788775140000000000,1854.00,1854.00,1854.00,1854.00,178267
1788839100000000000,1846.20,1848.80,1836.70,1837.40,50970
1788839160000000000,1837.40,1839.40,1836.00,1836.50,28218
1788839220000000000,1836.80,1837.00,1835.00,1835.40,18840
1788839280000000000,1835.40,1837.20,1834.30,1836.70,19903
1788839340000000000,1836.70,1838.20,1836.60,1837.30,8152
1788839400000000000,1837.30,1841.50,1837.20,1841.50,10507
1788839460000000000,1841.50,1842.70,1841.00,1841.80,6975
1788839520000000000,1842.10,1842.30,1840.00,1840.00,15702
1788839580000000000,1840.50,1841.90,1838.90,1839.80,11280
1788839640000000000,1839.60,1840.30,1838.60,1839.50,9224
1788839700000000000,1839.50,1839.50,1837.50,1838.00,10492
1788839760000000000,1838.00,1839.50,1837.80,1838.20,8114
1788839820000000000,1838.00,1838.40,1837.60,1838.00,8189
1788839880000000000,1837.80,1840.40,1837.70,1838.70,7215
1788839940000000000,1838.30,1838.70,1838.00,1838.20,8419
1788840000000000000,1838.00,1839.50,1838.00,1838.90,13497
1788840060000000000,1838.80,1840.80,1838.40,1840.20,7705
1788840120000000000,1839.90,1840.90,1838.30,1838.80,8313
1788840180000000000,1838.50,1840.00,1838.40,1839.00,7658
1788840240000000000,1838.90,1839.50,1838.60,1838.80,4364
1788840300000000000,1838.80,1838.90,1838.10,1838.30,5108
1788840360000000000,1838.10,1838.30,1838.00,1838.00,3845
1788840420000000000,1838.00,1838.30,1837.20,1838.30,10180
1788840480000000000,1838.10,1839.50,1837.70,1838.10,5877
1788840540000000000,1838.10,1838.10,1835.40,1835.60,10725
1788840600000000000,1835.50,1836.40,1834.30,1835.00,10938
1788840660000000000,1834.90,1836.50,1834.60,1836.10,7822
1788840720000000000,1836.10,1836.10,1834.60,1834.80,5301
1788840780000000000,1834.70,1834.80,1834.30,1834.50,7164
1788840840000000000,1834.50,1835.00,1834.40,1835.00,6657
1788840900000000000,1835.00,1835.00,1834.30,1834.50,7625
1788840960000000000,1834.40,1834.50,1833.30,1834.00,5308
1788841020000000000,1833.80,1834.00,1833.40,1833.70,7066
1788841080000000000,1833.70,1833.70,1833.10,1833.20,4814
1788841140000000000,1833.20,1833.70,1833.10,1833.70,8056
1788841200000000000,1833.60,1833.70,1833.50,1833.70,2597
1788841260000000000,1833.70,1833.80,1832.90,1833.10,8499
1788841320000000000,1833.10,1833.30,1832.60,1832.90,5277
1788841380000000000,1832.80,1832.90,1831.60,1832.40,9152
1788841440000000000,1832.30,1833.60,1832.30,1833.40,5029
1788841500000000000,1833.10,1833.30,1832.60,1832.60,4888
1788841560000000000,1832.60,1832.60,1832.30,1832.40,3955
1788841620000000000,1832.50,1832.50,1832.30,1832.40,3807
1788841680000000000,1832.40,1832.40,1831.80,1831.90,6166
1788841740000000000,1831.90,1831.90,1831.30,1831.80,6864
1788841800000000000,1831.80,1833.00,1831.70,1832.80,5695
1788841860000000000,1832.70,1832.80,1832.00,1832.50,6600
1788841920000000000,1832.40,1832.50,1832.20,1832.40,3050
1788841980000000000,1832.40,1832.40,1831.70,1831.80,5523
1788842040000000000,1831.80,1831.80,1831.50,1831.80,2982
1788842100000000000,1831.80,1832.70,1831.60,1832.40,8561
1788842160000000000,1832.20,1832.80,1832.00,1832.40,4379
1788842220000000000,1832.30,1832.40,1832.10,1832.40,2624
1788842280000000000,1832.40,1832.40,1832.10,1832.20,2256
1788842340000000000,1832.20,1832.20,1832.10,1832.20,2457
1788842400000000000,1832.20,1832.20,1832.10,1832.20,4097
1788842460000000000,1832.20,1832.30,1832.10,1832.20,2341
1788842520000000000,1832.20,1832.20,1831.20,1831.20,7831
1788842580000000000,1831.60,1832.50,1831.20,1831.60,5912
1788842640000000000,1832.00,1832.40,1831.10,1832.30,6919
1788842700000000000,1832.40,1833.00,1831.90,1832.40,7094
1788842760000000000,1832.40,1832.40,1832.00,1832.40,2091
1788842820000000000,1832.30,1832.70,1832.30,1832.40,12487
1788842880000000000,1832.50,1832.70,1832.40,1832.70,3142
1788842940000000000,1832.60,1832.70,1832.40,1832.60,3447
1788843000000000000,1832.60,1832.70,1832.50,1832.70,3388
1788843060000000000,1832.70,1832.70,1831.00,1831.40,16994
1788843120000000000,1831.30,1831.40,1831.00,1831.10,4307
1788843180000000000,1831.10,1831.10,1830.80,1831.00,2870
1788843240000000000,1831.00,1831.00,1830.50,1830.50,5569
1788843300000000000,1830.60,1830.70,1829.00,1830.50,44960
1788843360000000000,1830.30,1832.10,1830.00,1831.10,8501
1788843420000000000,1831.20,1832.20,1830.90,1831.80,7901
1788843480000000000,1831.80,1831.80,1831.20,1831.40,2898
1788843540000000000,1831.40,1831.50,1831.10,1831.10,6305
1788843600000000000,1831.20,1831.20,1830.50,1831.10,6490
1788843660000000000,1831.10,1831.40,1830.60,1830.90,4353
1788843720000000000,1830.80,1830.90,1830.40,1830.40,2248
1788843780000000000,1830.50,1830.80,1830.30,1830.70,6488
1788843840000000000,1830.80,1830.90,1830.20,1830.60,17238
1788843900000000000,1830.30,1830.60,1829.90,1830.20,5922
1788843960000000000,1830.20,1830.60,1830.00,1830.10,5573
1788844020000000000,1830.20,1832.90,1830.10,1832.60,6442
1788844080000000000,1832.70,1833.00,1832.00,1832.20,5083
1788844140000000000,1832.20,1832.40,1831.90,1831.90,4858
1788844200000000000,1832.00,1832.00,1831.50,1831.70,2965
1788844260000000000,1831.70,1831.70,1830.90,1831.30,2990
1788844320000000000,1831.30,1831.50,1831.20,1831.20,3321
1788844380000000000,1831.30,1831.40,1831.20,1831.20,4374
1788844440000000000,1831.30,1831.70,1831.30,1831.60,2937
1788844500000000000,1831.60,1832.60,1831.50,1832.50,2862
1788844560000000000,1832.50,1833.00,1832.40,1832.80,4077
1788844620000000000,1832.70,1832.80,1832.60,1832.70,3212
1788844680000000000,1832.70,1832.80,1832.50,1832.70,3558
1788844740000000000,1832.70,1834.60,1832.60,1834.40,6591
1788844800000000000,1834.30,1835.30,1834.00,1835.30,14222
1788844860000000000,1835.20,1836.60,1834.90,1836.20,16253
1788844920000000000,1836.30,1838.10,1836.20,1837.00,40534
1788844980000000000,1836.70,1837.00,1835.10,1835.90,32341
1788845040000000000,1836.20,1836.80,1836.20,1836.80,3836
1788845100000000000,1836.80,1837.60,1836.70,1837.00,12920
1788845160000000000,1837.10,1837.10,1835.60,1835.60,15774
1788845220000000000,1835.80,1835.90,1835.00,1835.10,8817
1788845280000000000,1835.10,1835.10,1834.20,1834.40,6531
1788845340000000000,1834.60,1834.70,1833.00,1834.20,11394
1788845400000000000,1834.40,1834.60,1833.40,1833.40,5181
1788845460000000000,1833.40,1834.30,1832.70,1833.90,10422
1788845520000000000,1834.10,1835.50,1833.00,1833.50,10625
1788845580000000000,1833.70,1833.90,1833.30,1833.40,4028
1788845640000000000,1833.40,1833.60,1832.70,1832.90,3782
1788845700000000000,1832.90,1833.20,1832.70,1833.20,3748
1788845760000000000,1833.10,1833.80,1833.00,1833.80,7577
1788845820000000000,1833.80,1835.10,1833.70,1833.80,7787
1788845880000000000,1833.80,1834.20,1833.70,1834.20,3398
1788845940000000000,1834.10,1834.20,1833.90,1834.00,3335
1788846000000000000,1834.10,1834.10,1833.20,1833.20,4226
1788846060000000000,1833.40,1835.60,1833.10,1835.30,15007
1788846120000000000,1835.40,1835.80,1835.30,1835.40,2920
1788846180000000000,1835.60,1836.00,1835.30,1835.80,2764
1788846240000000000,1835.80,1836.80,1835.70,1836.80,4293
1788846300000000000,1836.60,1837.50,1836.30,1836.80,25799
1788846360000000000,1836.90,1837.20,1836.60,1836.90,4031
1788846420000000000,1836.90,1836.90,1836.70,1836.70,2825
1788846480000000000,1836.80,1836.80,1836.70,1836.80,2685
1788846540000000000,1836.80,1836.80,1836.70,1836.70,4406
1788846600000000000,1836.80,1836.90,1835.30,1836.30,9427
1788846660000000000,1836.30,1836.40,1835.00,1835.50,4454
1788846720000000000,1835.30,1835.30,1834.00,1834.00,4733
1788846780000000000,1834.10,1834.70,1834.00,1834.40,7608
1788846840000000000,1834.40,1834.40,1832.50,1832.70,10751
1788846900000000000,1832.90,1833.00,1832.30,1832.50,4640
1788846960000000000,1832.80,1833.80,1832.60,1833.10,6351
1788847020000000000,1833.20,1833.20,1832.80,1833.20,3560
1788847080000000000,1833.10,1833.50,1832.30,1832.60,9694
1788847140000000000,1832.60,1832.90,1831.50,1831.90,12241
1788847200000000000,1831.80,1831.90,1831.40,1831.60,6436
1788847260000000000,1831.60,1831.90,1831.40,1831.70,4812
1788847320000000000,1831.70,1831.70,1831.40,1831.70,2814
1788847380000000000,1831.70,1831.70,1831.20,1831.50,5767
1788847440000000000,1831.40,1832.50,1831.10,1831.80,7723
1788847500000000000,1832.20,1832.30,1831.80,1831.80,3742
1788847560000000000,1832.10,1833.00,1832.10,1833.00,4706
1788847620000000000,1832.70,1834.20,1831.30,1831.80,126907
1788847680000000000,1832.20,1835.90,1831.80,1835.50,15660
1788847740000000000,1835.60,1835.60,1834.70,1834.70,4704
1788847800000000000,1834.90,1840.90,1834.90,1840.20,35141
1788847860000000000,1840.70,1840.90,1839.60,1840.50,12670
1788847920000000000,1840.90,1840.90,1839.00,1839.00,6673
1788847980000000000,1839.20,1839.40,1839.00,1839.10,3378
1788848040000000000,1839.10,1840.40,1838.30,1840.00,17613
1788848100000000000,1840.00,1840.40,1839.90,1839.90,2927
1788848160000000000,1840.00,1840.00,1839.30,1839.40,7889
1788848220000000000,1839.50,1839.90,1839.20,1839.20,7155
1788848280000000000,1839.40,1840.50,1839.20,1839.50,6397
1788848340000000000,1839.60,1839.70,1839.00,1839.40,10188
1788848400000000000,1839.40,1839.40,1839.00,1839.10,2950
1788848460000000000,1839.10,1839.70,1839.00,1839.30,6283
1788848520000000000,1839.40,1839.70,1837.90,1839.50,17785
1788848580000000000,1839.50,1839.70,1839.30,1839.50,4582
1788848640000000000,1839.50,1839.60,1839.00,1839.30,5039
1788848700000000000,1839.30,1839.60,1839.00,1839.10,9812
1788848760000000000,1839.10,1839.30,1836.70,1836.70,29635
1788848820000000000,1837.00,1837.30,1836.70,1837.00,4424
1788848880000000000,1837.00,1837.70,1836.70,1837.00,5697
1788848940000000000,1837.20,1837.20,1835.80,1836.10,4410
1788849000000000000,1836.00,1836.60,1835.70,1836.50,5441
1788849060000000000,1836.50,1836.90,1835.80,1836.10,7606
1788849120000000000,1836.00,1837.00,1835.80,1836.20,3598
1788849180000000000,1836.40,1837.20,1835.90,1835.90,6351
1788849240000000000,1836.80,1836.80,1835.60,1835.60,4984
1788849300000000000,1835.60,1835.60,1835.00,1835.60,10616
1788849360000000000,1835.60,1835.60,1835.20,1835.50,2282
1788849420000000000,1835.40,1836.10,1835.20,1835.80,3650
1788849480000000000,1836.00,1836.10,1835.50,1835.80,2181
1788849540000000000,1835.70,1836.80,1835.70,1836.00,5344
1788849600000000000,1836.30,1836.90,1836.00,1836.60,3193
1788849660000000000,1836.80,1836.90,1836.20,1836.20,2800
1788849720000000000,1836.40,1836.90,1836.10,1836.80,5983
1788849780000000000,1836.90,1837.00,1836.60,1836.60,5199
1788849840000000000,1836.80,1836.90,1836.40,1836.60,1489
1788849900000000000,1836.80,1836.90,1836.50,1836.80,3375
1788849960000000000,1836.90,1836.90,1836.40,1836.50,2736
1788850020000000000,1836.50,1836.50,1836.10,1836.30,4990
1788850080000000000,1836.40,1836.50,1835.50,1836.10,17479
1788850140000000000,1836.10,1836.40,1835.50,1835.60,4924
1788850200000000000,1835.90,1837.00,1835.70,1837.00,8190
1788850260000000000,1836.90,1837.00,1836.10,1836.40,4024
1788850320000000000,1836.30,1836.40,1836.00,1836.00,2600
1788850380000000000,1836.00,1836.00,1835.60,1836.00,9531
1788850440000000000,1836.00,1837.60,1835.70,1837.10,12701
1788850500000000000,1836.90,1838.30,1836.60,1838.00,23540
1788850560000000000,1838.10,1838.50,1838.00,1838.40,4662
1788850620000000000,1838.20,1838.50,1837.90,1838.10,8740
1788850680000000000,1838.10,1838.10,1838.00,1838.10,1782
1788850740000000000,1838.10,1838.10,1838.00,1838.10,4187
1788850800000000000,1838.10,1839.00,1838.00,1838.60,4401
1788850860000000000,1838.60,1838.60,1838.20,1838.40,4623
1788850920000000000,1838.50,1839.00,1838.10,1838.10,12310
1788850980000000000,1838.50,1839.80,1838.30,1839.80,5832
1788851040000000000,1839.70,1839.80,1839.10,1839.50,3013
1788851100000000000,1839.30,1840.40,1839.10,1839.70,7570
1788851160000000000,1839.60,1840.50,1839.50,1840.20,4056
1788851220000000000,1840.10,1840.40,1839.80,1840.20,3731
1788851280000000000,1840.20,1840.30,1840.00,1840.10,2698
1788851340000000000,1840.10,1840.10,1839.70,1840.10,3736
1788851400000000000,1839.90,1839.90,1837.90,1839.00,14875
1788851460000000000,1839.00,1839.90,1838.90,1839.70,3988
1788851520000000000,1839.70,1839.80,1839.40,1839.80,2730
1788851580000000000,1839.70,1839.80,1839.60,1839.80,2177
1788851640000000000,1839.80,1839.80,1839.40,1839.40,2204
1788851700000000000,1839.50,1839.50,1839.10,1839.20,4066
1788851760000000000,1839.20,1839.50,1839.10,1839.40,3036
1788851820000000000,1839.50,1839.50,1838.70,1839.00,3413
1788851880000000000,1839.00,1839.00,1838.10,1838.50,3210
1788851940000000000,1838.50,1838.50,1837.60,1837.60,8374
1788852000000000000,1837.70,1837.70,1837.20,1837.30,3521
1788852060000000000,1837.30,1837.30,1836.80,1837.10,2792
1788852120000000000,1837.00,1837.00,1836.00,1836.00,2485
1788852180000000000,1836.00,1837.30,1835.80,1836.70,18638
1788852240000000000,1836.60,1837.40,1836.10,1836.50,5034
1788852300000000000,1836.40,1837.90,1836.40,1837.80,9887
1788852360000000000,1837.80,1838.30,1837.80,1838.30,5018
1788852420000000000,1838.20,1838.30,1838.00,1838.20,1444
1788852480000000000,1838.20,1838.30,1837.70,1838.00,10540
1788852540000000000,1838.10,1838.70,1837.70,1837.80,11210
1788852600000000000,1837.80,1838.30,1837.80,1838.10,2131
1788852660000000000,1838.10,1838.10,1837.90,1838.10,3244
1788852720000000000,1838.10,1838.10,1838.00,1838.10,2156
1788852780000000000,1838.10,1838.10,1837.90,1838.10,10073
1788852840000000000,1838.10,1838.10,1837.90,1838.10,3961
1788852900000000000,1838.10,1838.10,1838.00,1838.10,1998
1788852960000000000,1838.10,1839.00,1838.00,1839.00,6089
1788853020000000000,1838.80,1839.00,1838.50,1838.50,2788
1788853080000000000,1838.90,1838.90,1838.50,1838.50,3551
1788853140000000000,1838.60,1838.80,1838.50,1838.80,4863
1788853200000000000,1838.70,1839.00,1838.70,1838.80,3651
1788853260000000000,1838.90,1838.90,1838.70,1838.80,1185
1788853320000000000,1838.80,1838.80,1838.50,1838.60,3639
1788853380000000000,1838.60,1839.30,1838.50,1839.30,6361
1788853440000000000,1839.10,1839.30,1839.10,1839.30,1639
1788853500000000000,1839.30,1839.30,1838.80,1839.30,2576
1788853560000000000,1839.30,1840.00,1838.80,1839.40,15402
1788853620000000000,1839.40,1839.40,1838.80,1838.80,3111
1788853680000000000,1838.80,1838.80,1838.30,1838.50,2220
1788853740000000000,1838.40,1838.50,1837.60,1837.90,2245
1788853800000000000,1837.80,1837.80,1837.00,1837.00,5856
1788853860000000000,1837.10,1837.10,1836.20,1836.70,3378
1788853920000000000,1836.60,1837.60,1836.60,1837.50,8855
1788853980000000000,1837.00,1837.50,1837.00,1837.20,1377
1788854040000000000,1837.20,1837.20,1837.00,1837.20,1401
1788854100000000000,1837.20,1837.60,1836.70,1837.60,5807
1788854160000000000,1837.60,1838.30,1837.40,1837.70,3613
1788854220000000000,1837.70,1837.70,1836.50,1836.90,3691
1788854280000000000,1836.90,1837.30,1836.70,1837.00,3353
1788854340000000000,1837.10,1837.30,1836.80,1837.10,3331
1788854400000000000,1837.10,1837.80,1836.80,1837.60,2585
1788854460000000000,1837.50,1837.60,1837.30,1837.50,2473
1788854520000000000,1837.50,1838.40,1836.90,1838.40,6305
1788854580000000000,1838.10,1838.40,1837.50,1837.60,3720
1788854640000000000,1837.70,1838.30,1837.50,1838.20,2762
1788854700000000000,1838.00,1838.20,1837.70,1838.20,1989
1788854760000000000,1838.20,1838.20,1837.60,1838.10,2295
1788854820000000000,1838.00,1838.70,1837.90,1838.40,4201
1788854880000000000,1838.30,1838.30,1837.70,1837.90,3031
1788854940000000000,1837.80,1837.80,1837.30,1837.30,4103
1788855000000000000,1837.40,1838.50,1837.30,1837.80,11555
1788855060000000000,1837.80,1838.00,1836.70,1837.20,10727
1788855120000000000,1837.50,1838.30,1836.80,1838.10,5586
1788855180000000000,1838.10,1838.80,1838.00,1838.50,2324
1788855240000000000,1838.40,1838.50,1838.30,1838.40,2056
1788855300000000000,1838.40,1839.10,1837.70,1838.60,3811
1788855360000000000,1838.60,1838.90,1838.40,1838.60,1830
1788855420000000000,1838.50,1838.60,1837.00,1837.30,4101
1788855480000000000,1837.20,1837.20,1836.00,1836.50,4644
1788855540000000000,1836.20,1836.50,1835.30,1835.90,8023
1788855600000000000,1835.90,1835.90,1835.00,1835.10,4899
1788855660000000000,1835.10,1835.10,1834.00,1835.00,36634
1788855720000000000,1834.60,1835.00,1834.00,1834.00,6847
1788855780000000000,1834.00,1834.10,1833.70,1833.80,14748
1788855840000000000,1833.70,1835.00,1833.50,1833.60,26419
1788855900000000000,1833.60,1833.80,1833.40,1833.50,8388
1788855960000000000,1833.50,1834.20,1833.30,1834.10,10572
1788856020000000000,1833.70,1835.10,1833.20,1835.10,9998
1788856080000000000,1834.10,1834.20,1833.40,1834.00,7049
1788856140000000000,1833.80,1835.20,1833.30,1833.70,22440
1788856200000000000,1833.60,1833.80,1833.20,1833.70,10026
1788856260000000000,1833.20,1834.50,1833.10,1833.30,8294
1788856320000000000,1833.20,1833.30,1833.00,1833.00,8035
1788856380000000000,1833.00,1833.30,1832.90,1833.10,7263
1788856440000000000,1833.20,1833.80,1832.90,1833.00,4776
1788856500000000000,1832.90,1834.50,1832.80,1834.50,33714
1788856560000000000,1833.90,1834.70,1832.70,1832.70,13618
1788856620000000000,1832.70,1832.90,1832.10,1832.40,29274
1788856680000000000,1832.20,1833.70,1832.00,1833.30,13700
1788856740000000000,1833.30,1835.00,1832.10,1833.30,35163
1788856800000000000,1833.20,1833.30,1832.30,1832.70,6513
1788856860000000000,1832.60,1833.00,1832.00,1832.20,18683
1788856920000000000,1833.00,1834.10,1832.60,1832.90,39595
1788856980000000000,1833.70,1834.60,1833.00,1833.50,4199
1788857040000000000,1833.50,1834.40,1833.00,1833.60,4551
1788857100000000000,1833.00,1833.70,1832.50,1833.40,5735
1788857160000000000,1833.20,1836.70,1833.00,1836.00,6692
1788857220000000000,1835.80,1837.70,1835.10,1837.40,7470
1788857280000000000,1837.30,1837.30,1836.90,1837.00,2873
1788857340000000000,1836.90,1837.30,1836.00,1836.70,5159
1788857400000000000,1836.70,1837.00,1836.50,1836.70,3478
1788857460000000000,1836.60,1837.00,1836.50,1837.00,5258
1788857520000000000,1837.00,1837.20,1836.90,1837.10,3311
1788857580000000000,1837.10,1837.80,1837.00,1837.40,5124
1788857640000000000,1837.40,1838.30,1837.20,1838.00,5258
1788857700000000000,1837.80,1838.00,1837.00,1837.20,4514
1788857760000000000,1837.10,1838.00,1837.00,1838.00,7774
1788857820000000000,1837.50,1838.50,1837.50,1838.40,3984
1788857880000000000,1838.30,1838.50,1838.10,1838.10,4049
1788857940000000000,1838.10,1838.50,1837.00,1838.10,44662
1788858000000000000,1837.50,1838.10,1837.50,1837.70,3537
1788858060000000000,1837.70,1838.40,1837.60,1838.10,7890
1788858120000000000,1838.00,1838.60,1837.80,1838.40,9091
1788858180000000000,1838.50,1838.90,1838.40,1838.50,6632
1788858240000000000,1838.50,1839.00,1838.30,1838.80,6149
1788858300000000000,1838.80,1839.30,1838.70,1839.00,9175
1788858360000000000,1838.90,1839.00,1837.70,1838.50,12355
1788858420000000000,1838.40,1838.50,1837.50,1838.00,8004
1788858480000000000,1837.80,1838.30,1837.80,1838.10,3601
1788858540000000000,1838.10,1838.80,1838.00,1838.40,5246
1788858600000000000,1838.50,1838.70,1838.20,1838.60,4135
1788858660000000000,1838.50,1839.00,1837.80,1838.30,8436
1788858720000000000,1838.20,1839.40,1838.20,1839.00,9007
1788858780000000000,1838.60,1839.50,1838.00,1839.30,9092
1788858840000000000,1839.20,1839.30,1838.60,1839.00,5116
1788858900000000000,1838.80,1839.00,1838.60,1838.60,5762
1788858960000000000,1838.70,1838.90,1838.00,1838.60,8712
1788859020000000000,1838.60,1838.60,1835.80,1836.20,104092
1788859080000000000,1836.30,1838.30,1836.30,1837.60,12810
1788859140000000000,1837.60,1838.50,1837.50,1837.80,13452
1788859200000000000,1837.80,1838.90,1837.60,1838.40,75139
1788859260000000000,1838.40,1838.90,1838.30,1838.40,25276
1788859320000000000,1838.30,1838.40,1836.60,1837.10,23319
1788859380000000000,1837.10,1839.20,1836.60,1837.90,42190
1788859440000000000,1837.60,1838.40,1837.50,1837.50,8313
1788859500000000000,1837.50,1837.80,1837.10,1837.30,9432
1788859560000000000,1837.10,1837.30,1836.40,1836.40,8123
1788859620000000000,1836.50,1838.80,1835.80,1838.30,51466
1788859680000000000,1838.40,1838.40,1837.60,1837.60,9021
1788859740000000000,1837.80,1837.90,1836.90,1837.90,16774
1788859800000000000,1837.80,1837.80,1837.30,1837.60,8120
1788859860000000000,1837.60,1837.90,1837.10,1837.60,21700
1788859920000000000,1837.60,1838.00,1837.60,1837.90,7701
1788859980000000000,1837.90,1838.00,1837.90,1837.90,7004
1788860040000000000,1837.90,1840.10,1837.80,1839.50,44869
1788860100000000000,1839.50,1840.00,1839.50,1839.70,19562
1788860160000000000,1839.70,1839.80,1839.10,1839.20,16287
1788860220000000000,1839.20,1839.90,1839.10,1839.80,28086
1788860280000000000,1839.80,1839.90,1839.70,1839.70,17555
1788860340000000000,1839.80,1840.00,1839.70,1840.00,26436
1788860400000000000,1840.00,1840.50,1839.90,1840.30,82717
1788860460000000000,1840.30,1840.80,1839.80,1840.20,27941
1788860520000000000,1840.20,1840.20,1838.30,1839.00,32218
1788860580000000000,1839.00,1839.00,1835.90,1837.50,37047
1788860640000000000,1837.50,1839.70,1836.50,1839.10,7520
1788860700000000000,1839.10,1839.10,1839.10,1839.10,0
1788860760000000000,1839.10,1839.10,1839.10,1839.10,0
1788860820000000000,1839.10,1839.10,1839.10,1839.10,0
1788860880000000000,1839.10,1839.10,1839.10,1839.10,0
1788860940000000000,1839.10,1839.10,1839.10,1839.10,0
1788861000000000000,1839.10,1839.10,1839.10,1839.10,0
1788861060000000000,1839.10,1839.10,1839.10,1839.10,0
1788861120000000000,1839.10,1839.10,1839.10,1839.10,0
1788861180000000000,1839.10,1839.10,1839.10,1839.10,0
1788861240000000000,1839.10,1839.10,1839.10,1839.10,0
1788861300000000000,1839.10,1839.10,1839.10,1839.10,0
1788861360000000000,1839.10,1839.10,1839.10,1839.10,0
1788861420000000000,1839.10,1839.10,1839.10,1839.10,0
1788861480000000000,1839.10,1839.10,1839.10,1839.10,0
1788861540000000000,1844.00,1844.00,1844.00,1844.00,715388
1788925500000000000,1830.50,1834.80,1816.00,1819.50,344704
1788925560000000000,1819.70,1820.40,1815.00,1817.00,107031
1788925620000000000,1816.90,1818.40,1814.00,1816.10,103937
1788925680000000000,1816.10,1820.40,1813.00,1819.20,131462
1788925740000000000,1819.20,1819.20,1816.40,1816.50,37226
1788925800000000000,1817.10,1819.90,1815.70,1819.20,79784
1788925860000000000,1819.80,1824.00,1818.70,1822.70,57920
1788925920000000000,1822.60,1823.50,1822.00,1822.60,20674
1788925980000000000,1822.50,1824.90,1820.80,1824.10,27857
1788926040000000000,1824.10,1825.70,1822.60,1825.00,30378
1788926100000000000,1825.00,1825.00,1823.80,1824.10,10069
1788926160000000000,1824.10,1824.20,1822.70,1823.60,31897
1788926220000000000,1823.70,1823.80,1822.50,1823.60,13189
1788926280000000000,1823.60,1824.50,1822.00,1823.40,43618
1788926340000000000,1823.40,1823.40,1822.00,1822.10,13619
1788926400000000000,1822.70,1823.70,1822.10,1823.00,8490
1788926460000000000,1823.00,1824.10,1822.10,1822.70,10644
1788926520000000000,1822.70,1823.00,1822.00,1822.50,12389
1788926580000000000,1822.50,1824.00,1822.10,1823.10,11992
1788926640000000000,1823.20,1823.40,1822.50,1823.20,13060
1788926700000000000,1823.40,1823.40,1822.30,1822.70,5692
1788926760000000000,1822.80,1824.10,1822.60,1824.10,17016
1788926820000000000,1824.00,1824.10,1823.50,1823.90,6549
1788926880000000000,1823.90,1824.90,1823.60,1824.20,25599
1788926940000000000,1824.40,1824.60,1824.10,1824.40,6981
1788927000000000000,1824.50,1824.70,1824.40,1824.50,6566
1788927060000000000,1824.50,1824.80,1824.00,1824.60,10391
1788927120000000000,1824.60,1824.70,1824.00,1824.50,5808
1788927180000000000,1824.50,1824.60,1822.30,1823.10,11481
1788927240000000000,1823.10,1824.60,1823.00,1823.60,16249
1788927300000000000,1823.70,1823.90,1822.30,1823.80,11195
1788927360000000000,1823.80,1823.90,1823.40,1823.80,3159
1788927420000000000,1823.80,1824.40,1823.20,1824.00,13793
1788927480000000000,1824.30,1825.30,1823.90,1825.00,18850
1788927540000000000,1825.00,1825.00,1824.50,1824.80,6442
1788927600000000000,1824.80,1824.80,1822.70,1822.90,18081
1788927660000000000,1823.20,1823.20,1821.00,1821.80,27205
1788927720000000000,1822.10,1822.20,1821.20,1822.00,20330
1788927780000000000,1822.00,1822.10,1820.30,1820.70,50089
1788927840000000000,1821.10,1822.00,1820.70,1822.00,7459
1788927900000000000,1822.00,1822.60,1821.70,1822.60,7228
1788927960000000000,1822.60,1822.60,1821.80,1821.80,4349
1788928020000000000,1822.20,1822.40,1821.80,1822.10,7812
1788928080000000000,1822.10,1822.10,1820.50,1821.60,15306
1788928140000000000,1821.60,1822.00,1820.00,1820.10,19494
1788928200000000000,1820.40,1821.00,1819.00,1820.00,20258
1788928260000000000,1820.20,1821.00,1818.40,1820.20,71675
1788928320000000000,1820.20,1823.20,1820.00,1823.00,7155
1788928380000000000,1823.20,1823.20,1822.50,1822.60,6611
1788928440000000000,1822.70,1822.70,1821.40,1822.00,7138
1788928500000000000,1822.00,1822.40,1820.90,1822.00,6525
1788928560000000000,1822.20,1823.00,1821.50,1822.50,18654
1788928620000000000,1822.50,1823.20,1821.20,1822.50,20712
1788928680000000000,1822.60,1823.00,1821.60,1822.50,19674
1788928740000000000,1822.70,1822.80,1820.00,1820.80,12895
1788928800000000000,1820.80,1822.10,1820.50,1821.60,19341
1788928860000000000,1821.60,1822.60,1821.00,1821.90,8869
1788928920000000000,1821.90,1822.80,1821.50,1822.50,8869
1788928980000000000,1822.50,1823.10,1822.00,1822.90,14544
1788929040000000000,1822.90,1824.10,1822.20,1823.00,15791
1788929100000000000,1823.30,1824.20,1823.00,1824.20,5582
1788929160000000000,1824.20,1825.00,1823.10,1823.30,6370
1788929220000000000,1823.30,1824.70,1823.00,1824.50,9304
1788929280000000000,1824.70,1824.70,1823.20,1824.00,14278
1788929340000000000,1824.10,1824.60,1824.00,1824.00,9480
1788929400000000000,1824.00,1825.10,1823.80,1824.30,28423
1788929460000000000,1824.70,1825.90,1824.30,1825.20,5229
1788929520000000000,1825.20,1825.20,1824.00,1824.00,3952
1788929580000000000,1824.30,1824.80,1824.00,1824.50,6433
1788929640000000000,1824.80,1825.50,1824.30,1825.10,7402
1788929700000000000,1825.40,1825.40,1824.60,1824.90,4633
1788929760000000000,1824.80,1825.40,1824.20,1824.40,6010
1788929820000000000,1824.80,1825.70,1824.40,1825.50,8176
1788929880000000000,1825.60,1825.70,1824.10,1824.50,3189
1788929940000000000,1824.30,1825.00,1824.30,1824.70,8649
1788930000000000000,1825.00,1825.20,1824.70,1825.00,3330
1788930060000000000,1825.10,1825.20,1824.40,1825.00,9785
1788930120000000000,1824.50,1825.00,1824.50,1824.60,6648
1788930180000000000,1824.80,1825.00,1824.50,1824.70,7681
1788930240000000000,1824.90,1825.00,1824.00,1824.30,4843
1788930300000000000,1824.30,1825.70,1824.00,1825.00,17292
1788930360000000000,1825.30,1825.40,1825.00,1825.00,2349
1788930420000000000,1825.20,1825.30,1825.00,1825.00,6773
1788930480000000000,1825.00,1825.30,1825.00,1825.20,3762
1788930540000000000,1825.30,1825.70,1825.20,1825.30,9007
1788930600000000000,1825.50,1825.60,1825.00,1825.00,4771
1788930660000000000,1825.00,1825.30,1823.00,1823.00,53357
1788930720000000000,1823.30,1823.30,1822.10,1822.10,19049
1788930780000000000,1822.10,1823.00,1821.00,1822.00,75377
1788930840000000000,1821.30,1823.00,1821.30,1822.10,7398
1788930900000000000,1822.40,1823.00,1821.60,1822.20,8682
1788930960000000000,1822.20,1824.60,1822.10,1823.40,7369
1788931020000000000,1823.30,1823.80,1822.30,1823.00,7042
1788931080000000000,1823.30,1824.30,1822.70,1824.20,7211
1788931140000000000,1824.30,1824.30,1823.30,1823.70,2892
1788931200000000000,1823.60,1824.40,1823.50,1823.80,5084
1788931260000000000,1824.30,1824.60,1821.20,1821.60,11708
1788931320000000000,1822.20,1822.20,1820.50,1821.00,16280
1788931380000000000,1820.80,1822.90,1820.80,1822.90,6097
1788931440000000000,1822.90,1822.90,1821.40,1822.40,5915
1788931500000000000,1822.40,1822.90,1822.00,1822.50,7705
1788931560000000000,1822.40,1823.00,1822.00,1822.00,10695
1788931620000000000,1822.10,1822.70,1821.60,1822.10,9095
1788931680000000000,1822.10,1822.10,1821.40,1821.60,6968
1788931740000000000,1821.40,1822.90,1821.30,1822.50,8641
1788931800000000000,1822.90,1823.90,1822.50,1823.50,6562
1788931860000000000,1824.00,1824.30,1823.00,1823.90,7157
1788931920000000000,1823.60,1825.20,1823.60,1824.70,11037
1788931980000000000,1824.80,1825.40,1824.30,1824.60,3623
1788932040000000000,1824.60,1824.60,1824.00,1824.20,4869
1788932100000000000,1824.10,1824.30,1823.90,1824.00,5132
1788932160000000000,1824.10,1824.10,1823.20,1823.40,6525
1788932220000000000,1823.50,1824.70,1823.50,1824.30,6521
1788932280000000000,1824.30,1824.70,1824.30,1824.40,3374
1788932340000000000,1824.60,1824.70,1824.50,1824.70,4630
1788932400000000000,1824.70,1824.80,1823.00,1823.30,10274
1788932460000000000,1823.20,1823.80,1823.00,1823.10,9786
1788932520000000000,1823.20,1823.70,1822.90,1823.10,5282
1788932580000000000,1823.10,1823.30,1822.60,1823.10,6394
1788932640000000000,1823.00,1823.20,1822.10,1822.70,7221
1788932700000000000,1822.70,1823.10,1822.10,1822.80,8597
1788932760000000000,1822.90,1823.10,1822.40,1823.00,6537
1788932820000000000,1822.50,1823.60,1822.50,1823.50,7920
1788932880000000000,1823.60,1824.00,1822.20,1823.10,18017
1788932940000000000,1823.10,1824.00,1823.00,1824.00,8819
1788933000000000000,1823.40,1825.00,1823.40,1824.40,10038
1788933060000000000,1824.50,1825.40,1824.40,1825.30,7890
1788933120000000000,1825.30,1825.30,1822.70,1825.10,52186
1788933180000000000,1825.00,1825.20,1825.00,1825.00,3214
1788933240000000000,1825.10,1825.10,1825.00,1825.10,3111
1788933300000000000,1825.10,1825.10,1824.00,1825.10,33555
1788933360000000000,1825.00,1825.50,1825.00,1825.20,7430
1788933420000000000,1825.40,1825.40,1825.20,1825.30,2973
1788933480000000000,1825.30,1825.30,1825.00,1825.10,4775
1788933540000000000,1825.00,1825.20,1825.00,1825.10,3335
1788933600000000000,1825.10,1825.10,1825.00,1825.00,12038
1788933660000000000,1825.10,1825.10,1825.00,1825.10,3190
1788933720000000000,1825.00,1826.10,1825.00,1825.40,25747
1788933780000000000,1825.60,1825.80,1825.00,1825.10,9029
1788933840000000000,1825.10,1825.30,1825.00,1825.30,4585
1788933900000000000,1825.00,1825.30,1825.00,1825.10,3329
1788933960000000000,1825.10,1826.30,1823.80,1825.30,58872
1788934020000000000,1825.30,1825.60,1824.10,1824.50,8125
1788934080000000000,1824.50,1825.10,1824.50,1825.00,3725
1788934140000000000,1825.10,1825.10,1824.40,1824.50,5155
1788934200000000000,1824.50,1824.50,1823.90,1824.00,6435
1788934260000000000,1823.90,1825.30,1823.70,1825.10,10136
1788934320000000000,1825.20,1825.90,1825.20,1825.80,4462
1788934380000000000,1825.80,1826.40,1825.40,1825.80,5457
1788934440000000000,1825.60,1826.70,1825.50,1825.80,4003
1788934500000000000,1825.80,1825.80,1825.20,1825.60,4176
1788934560000000000,1825.60,1825.60,1825.20,1825.20,3859
1788934620000000000,1825.20,1825.60,1825.00,1825.30,3145
1788934680000000000,1825.30,1825.30,1825.00,1825.20,3818
1788934740000000000,1825.30,1825.30,1823.10,1824.40,78156
1788934800000000000,1824.40,1824.50,1823.30,1824.00,9228
1788934860000000000,1824.10,1824.30,1823.30,1823.50,6025
1788934920000000000,1823.50,1823.80,1823.20,1823.50,3825
1788934980000000000,1823.40,1824.10,1823.20,1824.10,6015
1788935040000000000,1824.10,1824.40,1823.60,1823.90,3031
1788935100000000000,1824.10,1824.30,1823.80,1824.30,4057
1788935160000000000,1824.10,1824.70,1823.80,1824.70,4708
1788935220000000000,1824.70,1824.70,1823.80,1824.00,4204
1788935280000000000,1824.00,1825.20,1823.90,1825.20,8869
1788935340000000000,1825.10,1825.20,1824.10,1824.80,8125
1788935400000000000,1824.90,1825.50,1824.50,1825.20,4159
1788935460000000000,1825.20,1825.30,1825.00,1825.20,4189
1788935520000000000,1825.00,1825.20,1824.60,1825.00,5132
1788935580000000000,1825.00,1825.10,1824.70,1825.00,3804
1788935640000000000,1825.10,1825.10,1824.40,1824.70,5444
1788935700000000000,1824.60,1824.70,1824.10,1824.50,5738
1788935760000000000,1824.50,1825.10,1824.00,1825.10,7241
1788935820000000000,1825.10,1825.10,1824.00,1824.60,4086
1788935880000000000,1824.40,1825.40,1824.40,1825.20,8262
1788935940000000000,1825.40,1825.40,1825.00,1825.00,5244
1788936000000000000,1825.10,1825.20,1825.00,1825.20,5494
1788936060000000000,1825.10,1825.20,1824.80,1825.10,4228
1788936120000000000,1825.10,1825.30,1824.80,1825.00,7160
1788936180000000000,1825.20,1825.30,1824.80,1824.90,5344
1788936240000000000,1824.80,1825.40,1824.80,1825.20,9214
1788936300000000000,1825.20,1825.60,1825.00,1825.30,5458
1788936360000000000,1825.30,1825.60,1825.00,1825.30,6059
1788936420000000000,1825.20,1825.50,1825.20,1825.40,4683
1788936480000000000,1825.40,1825.50,1825.20,1825.40,3501
1788936540000000000,1825.40,1825.40,1824.40,1825.10,7145
1788936600000000000,1825.00,1825.20,1825.00,1825.10,4824
1788936660000000000,1825.20,1825.20,1825.00,1825.10,2733
1788936720000000000,1825.10,1825.20,1824.90,1825.00,4617
1788936780000000000,1825.00,1825.20,1824.90,1824.90,4813
1788936840000000000,1825.00,1825.60,1824.90,1825.30,10937
1788936900000000000,1825.40,1825.80,1825.10,1825.70,4147
1788936960000000000,1825.70,1828.70,1825.70,1827.90,11315
1788937020000000000,1828.20,1828.60,1827.20,1827.60,6138
1788937080000000000,1827.70,1829.00,1827.30,1828.70,12500
1788937140000000000,1828.10,1829.40,1828.00,1829.10,9189
1788937200000000000,1829.20,1830.00,1829.00,1829.60,13361
1788937260000000000,1829.70,1830.00,1828.80,1829.90,16606
1788937320000000000,1829.90,1830.70,1829.80,1830.30,4485
1788937380000000000,1830.30,1831.00,1830.00,1830.20,7104
1788937440000000000,1830.60,1830.60,1830.00,1830.30,3600
1788937500000000000,1830.30,1831.60,1827.90,1828.10,118102
1788937560000000000,1828.60,1830.30,1828.00,1829.70,57180
1788937620000000000,1829.90,1830.30,1828.80,1828.80,14552
1788937680000000000,1829.20,1830.30,1828.80,1830.20,10913
1788937740000000000,1830.20,1830.20,1829.00,1829.70,13773
1788937800000000000,1829.80,1830.20,1829.00,1829.90,7317
1788937860000000000,1829.90,1830.10,1828.90,1829.70,14307
1788937920000000000,1829.70,1830.10,1828.90,1829.50,11133
1788937980000000000,1829.70,1830.10,1829.50,1829.80,8550
1788938040000000000,1829.70,1829.80,1829.00,1829.70,9345
1788938100000000000,1829.70,1829.90,1829.20,1829.40,8339
1788938160000000000,1829.40,1830.10,1829.30,1830.00,9517
1788938220000000000,1830.00,1830.20,1830.00,1830.10,3399
1788938280000000000,1830.10,1830.60,1827.20,1829.30,137529
1788938340000000000,1829.30,1830.00,1828.30,1828.60,10650
1788938400000000000,1828.50,1829.10,1828.50,1828.80,6526
1788938460000000000,1828.80,1829.20,1828.70,1828.80,4235
1788938520000000000,1828.80,1829.10,1828.70,1829.00,3602
1788938580000000000,1828.90,1829.10,1828.50,1828.60,7689
1788938640000000000,1828.60,1828.60,1827.90,1828.40,6083
1788938700000000000,1828.40,1829.70,1828.30,1829.70,9373
1788938760000000000,1829.50,1830.60,1829.50,1829.80,6173
1788938820000000000,1830.00,1830.20,1829.70,1829.90,4268
1788938880000000000,1830.00,1830.40,1829.90,1830.30,4164
1788938940000000000,1830.30,1830.40,1830.00,1830.10,5488
1788939000000000000,1830.20,1830.50,1830.00,1830.40,8692
1788939060000000000,1830.40,1830.50,1829.70,1830.10,4594
1788939120000000000,1830.10,1830.30,1829.00,1829.00,5078
1788939180000000000,1829.40,1829.70,1829.00,1829.70,16957
1788939240000000000,1829.70,1830.10,1829.50,1830.10,6334
1788939300000000000,1830.00,1830.40,1830.00,1830.40,3712
1788939360000000000,1830.40,1830.40,1830.00,1830.20,5541
1788939420000000000,1830.20,1830.70,1829.90,1830.30,12246
1788939480000000000,1830.30,1830.40,1829.90,1830.20,5503
1788939540000000000,1830.20,1830.20,1829.80,1830.10,5290
1788939600000000000,1830.10,1830.10,1829.50,1830.00,13841
1788939660000000000,1829.90,1830.10,1829.30,1829.50,6757
1788939720000000000,1829.70,1829.70,1829.00,1829.30,18417
1788939780000000000,1829.50,1829.50,1829.20,1829.40,6581
1788939840000000000,1829.30,1829.90,1829.30,1829.40,15115
1788939900000000000,1829.40,1829.90,1829.30,1829.40,8048
1788939960000000000,1829.40,1830.00,1829.10,1829.70,15794
1788940020000000000,1829.60,1829.80,1828.90,1829.10,3446
1788940080000000000,1829.10,1829.10,1828.40,1828.80,12880
1788940140000000000,1828.80,1828.80,1828.00,1828.10,8587
1788940200000000000,1828.00,1828.30,1827.70,1828.10,39766
1788940260000000000,1828.20,1830.40,1828.20,1829.10,10786
1788940320000000000,1829.20,1829.60,1829.10,1829.50,5111
1788940380000000000,1829.40,1829.60,1829.00,1829.20,4392
1788940440000000000,1829.30,1829.40,1828.40,1829.40,9347
1788940500000000000,1829.40,1830.00,1829.30,1829.80,11706
1788940560000000000,1829.80,1830.00,1829.80,1830.00,28223
1788940620000000000,1830.00,1830.00,1829.90,1830.00,5190
1788940680000000000,1830.00,1830.40,1829.50,1829.80,121949
1788940740000000000,1829.50,1830.00,1829.10,1829.30,5721
1788940800000000000,1829.40,1829.40,1829.00,1829.30,2871
1788940860000000000,1829.30,1830.20,1829.10,1829.60,13164
1788940920000000000,1829.60,1829.70,1829.10,1829.60,4956
1788940980000000000,1829.70,1829.70,1829.00,1829.20,8216
1788941040000000000,1829.30,1829.30,1828.30,1828.40,16754
1788941100000000000,1828.30,1828.70,1828.00,1828.20,8693
1788941160000000000,1828.20,1828.20,1828.00,1828.20,3389
1788941220000000000,1828.20,1828.40,1828.00,1828.00,6819
1788941280000000000,1828.00,1828.10,1827.70,1828.00,8754
1788941340000000000,1828.00,1828.10,1827.70,1828.10,6990
1788941400000000000,1828.10,1828.10,1828.00,1828.10,2728
1788941460000000000,1828.00,1828.70,1828.00,1828.30,9165
1788941520000000000,1828.30,1828.40,1828.20,1828.40,3271
1788941580000000000,1828.40,1828.40,1828.00,1828.10,7803
1788941640000000000,1828.10,1828.80,1828.10,1828.70,3139
1788941700000000000,1828.70,1828.80,1828.40,1828.60,4205
1788941760000000000,1828.80,1828.80,1828.50,1828.70,6041
1788941820000000000,1828.70,1828.80,1828.60,1828.70,2720
1788941880000000000,1828.80,1828.80,1828.10,1828.30,4388
1788941940000000000,1828.30,1828.40,1826.70,1827.30,7401
1788942000000000000,1827.30,1827.40,1827.20,1827.40,6029
1788942060000000000,1827.40,1827.50,1827.20,1827.50,3881
1788942120000000000,1827.50,1827.70,1825.90,1826.00,10692
1788942180000000000,1825.90,1827.60,1825.00,1827.50,52267
1788942240000000000,1827.60,1827.80,1826.70,1827.20,5494
1788942300000000000,1827.30,1827.80,1827.20,1827.40,5294
1788942360000000000,1827.40,1827.50,1827.00,1827.30,3386
1788942420000000000,1827.30,1827.60,1827.00,1827.50,3109
1788942480000000000,1827.60,1827.60,1827.40,1827.50,5191
1788942540000000000,1827.40,1828.30,1827.40,1828.20,7269
1788942600000000000,1828.40,1828.90,1828.20,1828.50,14758
1788942660000000000,1828.60,1828.90,1828.20,1828.60,3318
1788942720000000000,1828.50,1828.60,1827.70,1827.80,10247
1788942780000000000,1827.90,1827.90,1827.50,1827.60,12832
1788942840000000000,1827.60,1828.70,1827.50,1828.70,8875
1788942900000000000,1828.70,1829.60,1828.70,1829.60,6270
1788942960000000000,1829.60,1830.00,1828.40,1829.70,10399
1788943020000000000,1829.60,1829.80,1828.90,1829.20,9821
1788943080000000000,1829.10,1829.50,1829.10,1829.40,8308
1788943140000000000,1829.50,1829.50,1828.80,1829.20,10282
1788943200000000000,1829.20,1829.60,1828.80,1829.50,6170
1788943260000000000,1829.50,1829.60,1829.40,1829.50,5828
1788943320000000000,1829.50,1829.60,1829.30,1829.30,6276
1788943380000000000,1829.50,1829.60,1828.40,1828.80,7727
1788943440000000000,1828.70,1829.00,1827.70,1828.90,24122
1788943500000000000,1828.90,1829.30,1828.20,1829.10,12553
1788943560000000000,1829.10,1829.40,1829.10,1829.40,6929
1788943620000000000,1829.40,1829.90,1828.80,1829.10,6386
1788943680000000000,1829.30,1829.30,1828.60,1829.30,4708
1788943740000000000,1829.30,1829.70,1829.20,1829.70,8637
1788943800000000000,1829.50,1829.80,1828.20,1828.60,11166
1788943860000000000,1828.70,1828.80,1827.60,1828.30,9708
1788943920000000000,1828.50,1829.00,1827.70,1828.60,25756
1788943980000000000,1828.60,1829.30,1828.50,1828.70,7132
1788944040000000000,1828.70,1829.40,1828.20,1828.40,11325
1788944100000000000,1828.50,1828.80,1828.00,1828.20,7032
1788944160000000000,1828.20,1828.50,1827.70,1827.80,7818
1788944220000000000,1827.80,1828.20,1827.10,1827.80,10588
1788944280000000000,1827.80,1827.80,1827.10,1827.10,8143
1788944340000000000,1827.10,1827.20,1827.00,1827.00,5345
1788944400000000000,1827.00,1827.20,1826.00,1826.00,11775
1788944460000000000,1826.10,1826.10,1826.00,1826.10,10205
1788944520000000000,1826.00,1826.10,1826.00,1826.00,7632
1788944580000000000,1826.10,1826.10,1825.60,1825.60,5561
1788944640000000000,1825.80,1827.50,1825.60,1826.90,16384
1788944700000000000,1826.90,1827.50,1825.90,1826.30,7338
1788944760000000000,1826.60,1826.80,1826.30,1826.70,5229
1788944820000000000,1826.60,1826.70,1825.40,1826.00,8216
1788944880000000000,1826.00,1826.50,1825.20,1825.20,10157
1788944940000000000,1825.30,1825.70,1825.10,1825.60,18440
1788945000000000000,1825.70,1826.60,1825.70,1826.10,7428
1788945060000000000,1826.10,1826.50,1825.30,1825.60,9864
1788945120000000000,1825.80,1825.90,1825.00,1825.00,8586
1788945180000000000,1825.50,1826.70,1825.10,1826.00,12358
1788945240000000000,1826.00,1827.00,1825.50,1826.00,24728
1788945300000000000,1826.00,1826.10,1824.30,1824.70,7667
1788945360000000000,1824.70,1825.00,1824.50,1825.00,17819
1788945420000000000,1824.90,1825.00,1824.40,1824.80,8575
1788945480000000000,1824.80,1825.00,1824.40,1824.60,7890
1788945540000000000,1824.60,1824.60,1824.10,1824.30,9133
1788945600000000000,1824.20,1824.30,1822.80,1823.00,29462
1788945660000000000,1823.00,1823.70,1822.90,1823.70,15565
1788945720000000000,1823.70,1824.00,1823.60,1824.00,8888
1788945780000000000,1823.90,1824.10,1823.80,1823.90,8506
1788945840000000000,1823.90,1823.90,1823.80,1823.90,12800
1788945900000000000,1823.90,1824.00,1823.80,1823.90,24175
1788945960000000000,1823.80,1823.90,1823.00,1823.40,12618
1788946020000000000,1823.40,1823.40,1822.90,1823.10,14151
1788946080000000000,1823.20,1823.30,1822.90,1823.30,10793
1788946140000000000,1823.00,1823.40,1823.00,1823.10,8150
1788946200000000000,1823.10,1823.30,1822.70,1823.00,21038
1788946260000000000,1823.10,1823.10,1822.60,1822.80,12192
1788946320000000000,1822.70,1824.20,1822.60,1823.10,21221
1788946380000000000,1823.10,1823.70,1821.90,1823.70,59550
1788946440000000000,1823.70,1823.70,1822.80,1823.40,14384
1788946500000000000,1823.30,1823.40,1822.50,1822.90,14980
1788946560000000000,1822.90,1822.90,1822.50,1822.80,12646
1788946620000000000,1822.80,1822.80,1822.00,1822.30,13263
1788946680000000000,1822.00,1823.90,1821.80,1823.40,22620
1788946740000000000,1823.70,1825.80,1823.40,1825.80,18859
1788946800000000000,1825.90,1825.90,1824.70,1825.10,36199
1788946860000000000,1825.20,1825.60,1824.00,1824.20,22807
1788946920000000000,1824.20,1824.20,1821.90,1822.40,25584
1788946980000000000,1822.50,1822.50,1821.90,1822.10,18048
1788947040000000000,1822.10,1823.90,1820.00,1821.30,20385
1788947100000000000,1821.30,1821.30,1821.30,1821.30,0
1788947160000000000,1821.30,1821.30,1821.30,1821.30,0
1788947220000000000,1821.30,1821.30,1821.30,1821.30,0
1788947280000000000,1821.30,1821.30,1821.30,1821.30,0
1788947340000000000,1821.30,1821.30,1821.30,1821.30,0
1788947400000000000,1821.30,1821.30,1821.30,1821.30,0
1788947460000000000,1821.30,1821.30,1821.30,1821.30,0
1788947520000000000,1821.30,1821.30,1821.30,1821.30,0
1788947580000000000,1821.30,1821.30,1821.30,1821.30,0
1788947640000000000,1821.30,1821.30,1821.30,1821.30,0
1788947700000000000,1821.30,1821.30,1821.30,1821.30,0
1788947760000000000,1821.30,1821.30,1821.30,1821.30,0
1788947820000000000,1821.30,1821.30,1821.30,1821.30,0
1788947880000000000,1814.70,1814.70,1814.70,1814.70,427581
1788947940000000000,1814.70,1814.70,1814.70,1814.70,0
1789011900000000000,1815.10,1821.10,1815.10,1818.30,166088
1789011960000000000,1818.50,1820.90,1817.50,1819.20,26128
1789012020000000000,1819.20,1819.20,1817.00,1818.40,20373
1789012080000000000,1818.00,1819.00,1815.90,1817.80,29223
1789012140000000000,1817.70,1817.80,1816.80,1817.00,11005
1789012200000000000,1817.00,1819.00,1816.20,1819.00,13601
1789012260000000000,1819.00,1819.00,1817.40,1818.00,9230
1789012320000000000,1818.30,1818.30,1816.10,1816.40,13101
1789012380000000000,1816.40,1816.50,1815.50,1815.80,7803
1789012440000000000,1815.80,1815.80,1815.00,1815.30,10674
1789012500000000000,1815.30,1816.60,1815.10,1816.10,8315
1789012560000000000,1816.60,1816.80,1815.60,1816.10,5279
1789012620000000000,1816.10,1816.10,1815.60,1815.60,2460
1789012680000000000,1815.90,1815.90,1815.60,1815.70,5972
1789012740000000000,1815.70,1816.50,1815.00,1816.20,11369
1789012800000000000,1816.20,1817.70,1816.10,1817.20,6951
1789012860000000000,1817.20,1818.00,1816.10,1816.70,12928
1789012920000000000,1816.70,1817.20,1816.00,1817.00,7511
1789012980000000000,1816.80,1817.00,1815.10,1815.50,10161
1789013040000000000,1815.50,1816.00,1814.10,1815.40,40945
1789013100000000000,1815.40,1815.50,1814.50,1814.80,12176
1789013160000000000,1815.30,1816.00,1814.80,1815.80,11467
1789013220000000000,1815.80,1815.80,1814.80,1815.10,9232
1789013280000000000,1815.10,1815.20,1814.10,1814.10,6000
1789013340000000000,1814.20,1815.40,1814.10,1814.50,10188
1789013400000000000,1814.50,1814.70,1814.40,1814.40,4704
1789013460000000000,1814.70,1815.50,1814.40,1815.10,6114
1789013520000000000,1815.50,1816.20,1815.00,1815.60,10773
1789013580000000000,1815.80,1816.50,1815.50,1816.30,6830
1789013640000000000,1816.30,1816.30,1815.50,1816.00,5031
1789013700000000000,1816.00,1816.00,1815.00,1815.50,2446
1789013760000000000,1815.50,1815.50,1815.20,1815.30,7346
1789013820000000000,1815.30,1816.50,1814.80,1816.40,11042
1789013880000000000,1816.40,1816.40,1815.70,1815.90,7793
1789013940000000000,1815.90,1816.40,1815.30,1816.10,7676
1789014000000000000,1816.10,1817.00,1816.00,1817.00,7727
1789014060000000000,1817.00,1817.50,1816.60,1817.10,5804
1789014120000000000,1817.10,1817.10,1815.80,1816.00,12432
1789014180000000000,1816.10,1817.10,1816.00,1816.60,4200
1789014240000000000,1816.50,1816.50,1816.10,1816.20,6638
1789014300000000000,1816.50,1816.50,1815.60,1816.00,4599
1789014360000000000,1816.30,1816.50,1815.40,1815.90,7416
1789014420000000000,1815.90,1815.90,1814.50,1815.00,20782
1789014480000000000,1815.00,1815.10,1814.10,1815.00,15190
1789014540000000000,1815.10,1816.00,1814.00,1815.90,13407
1789014600000000000,1815.80,1815.80,1815.00,1815.30,10631
1789014660000000000,1815.30,1816.00,1815.20,1815.90,8124
1789014720000000000,1815.90,1816.00,1814.50,1814.70,7378
1789014780000000000,1814.70,1815.70,1814.40,1815.40,23874
1789014840000000000,1815.60,1816.40,1815.10,1815.60,21456
1789014900000000000,1815.60,1816.50,1815.30,1816.50,7295
1789014960000000000,1816.10,1817.10,1815.80,1816.30,18984
1789015020000000000,1816.40,1818.80,1816.10,1817.50,24754
1789015080000000000,1817.50,1817.50,1816.80,1817.00,18510
1789015140000000000,1817.10,1818.20,1816.70,1817.30,20994
1789015200000000000,1817.30,1818.80,1816.30,1818.80,14714
1789015260000000000,1818.90,1822.80,1818.90,1820.40,83240
1789015320000000000,1820.50,1821.60,1820.40,1821.20,9837
1789015380000000000,1821.20,1821.50,1820.00,1820.20,8987
1789015440000000000,1820.30,1821.80,1820.30,1821.20,10508
1789015500000000000,1821.20,1821.20,1818.60,1819.30,10887
1789015560000000000,1819.30,1819.40,1818.40,1818.50,17824
1789015620000000000,1818.70,1820.00,1818.50,1819.50,22149
1789015680000000000,1819.50,1820.20,1819.30,1820.10,13003
1789015740000000000,1820.10,1820.40,1820.00,1820.10,4053
1789015800000000000,1820.10,1820.10,1820.00,1820.10,2591
1789015860000000000,1820.10,1820.10,1820.00,1820.10,1297
1789015920000000000,1820.10,1820.10,1819.30,1819.70,14317
1789015980000000000,1819.70,1821.40,1818.80,1820.60,14429
1789016040000000000,1821.30,1821.30,1820.20,1821.00,5773
1789016100000000000,1821.00,1821.00,1820.70,1820.70,2360
1789016160000000000,1820.90,1820.90,1818.60,1819.00,16072
1789016220000000000,1819.10,1819.10,1818.20,1819.00,8170
1789016280000000000,1819.00,1819.20,1818.20,1819.00,11035
1789016340000000000,1819.10,1819.20,1818.90,1819.00,4764
1789016400000000000,1819.10,1820.60,1818.60,1820.30,8262
1789016460000000000,1820.30,1822.50,1820.30,1821.50,10804
1789016520000000000,1821.80,1821.80,1820.60,1820.80,1945
1789016580000000000,1821.00,1823.10,1820.60,1821.30,11191
1789016640000000000,1821.40,1821.40,1820.40,1820.50,2921
1789016700000000000,1820.50,1820.90,1820.10,1820.30,6391
1789016760000000000,1820.80,1820.80,1820.30,1820.60,2225
1789016820000000000,1820.60,1821.40,1820.40,1821.00,3315
1789016880000000000,1821.00,1821.10,1820.70,1820.70,2509
1789016940000000000,1821.00,1821.40,1820.60,1821.10,4839
1789017000000000000,1821.10,1821.50,1820.90,1821.40,7134
1789017060000000000,1821.40,1823.80,1821.30,1822.50,19373
1789017120000000000,1822.50,1823.80,1822.30,1823.60,7645
1789017180000000000,1823.70,1823.70,1823.20,1823.30,10509
1789017240000000000,1823.30,1823.30,1822.60,1823.10,7228
1789017300000000000,1823.20,1823.40,1822.10,1822.20,9210
1789017360000000000,1822.30,1822.70,1822.20,1822.50,10439
1789017420000000000,1822.70,1823.60,1822.20,1823.30,10396
1789017480000000000,1823.30,1823.30,1822.40,1822.40,3835
1789017540000000000,1822.60,1822.60,1821.70,1822.00,12221
1789017600000000000,1822.10,1822.40,1821.50,1822.30,9444
1789017660000000000,1822.40,1823.10,1822.00,1822.90,7695
1789017720000000000,1823.00,1823.00,1822.30,1822.40,8442
1789017780000000000,1822.40,1822.70,1821.80,1822.00,5867
1789017840000000000,1822.20,1822.60,1820.60,1820.70,8950
1789017900000000000,1820.70,1821.00,1819.00,1819.40,16484
1789017960000000000,1819.40,1820.70,1817.70,1820.00,29348
1789018020000000000,1820.10,1820.50,1820.00,1820.50,9516
1789018080000000000,1820.50,1821.00,1820.00,1820.10,3970
1789018140000000000,1820.10,1820.30,1820.00,1820.10,2936
1789018200000000000,1820.10,1821.90,1820.00,1820.20,15919
1789018260000000000,1820.40,1821.20,1820.10,1821.20,3637
1789018320000000000,1821.20,1821.40,1821.10,1821.30,4896
1789018380000000000,1821.40,1821.50,1821.20,1821.50,4266
1789018440000000000,1821.50,1822.80,1821.40,1822.60,10054
1789018500000000000,1822.70,1822.90,1821.60,1822.00,9211
1789018560000000000,1822.00,1822.10,1820.10,1821.40,7396
1789018620000000000,1821.40,1822.50,1820.80,1822.10,7224
1789018680000000000,1822.00,1822.40,1820.80,1822.00,9243
1789018740000000000,1822.10,1822.50,1821.70,1822.50,3697
1789018800000000000,1822.50,1822.90,1822.40,1822.90,4228
1789018860000000000,1822.90,1822.90,1821.70,1821.90,4548
1789018920000000000,1822.00,1823.60,1821.90,1823.50,7848
1789018980000000000,1823.50,1823.60,1823.20,1823.60,3594
1789019040000000000,1823.60,1823.80,1822.90,1823.30,3974
1789019100000000000,1823.30,1824.30,1823.20,1823.80,8822
1789019160000000000,1823.70,1823.80,1822.40,1822.50,3916
1789019220000000000,1822.50,1823.70,1822.20,1823.70,5909
1789019280000000000,1823.60,1823.70,1822.70,1823.20,9188
1789019340000000000,1823.20,1824.20,1823.10,1824.10,7920
1789019400000000000,1824.20,1824.90,1823.80,1824.90,14737
1789019460000000000,1824.90,1824.90,1824.00,1824.90,6823
1789019520000000000,1824.90,1825.00,1824.60,1825.00,8459
1789019580000000000,1825.00,1826.70,1824.80,1826.00,14733
1789019640000000000,1826.00,1826.40,1824.80,1826.00,9606
1789019700000000000,1826.40,1827.00,1826.00,1826.50,10121
1789019760000000000,1826.50,1828.00,1826.30,1827.80,13801
1789019820000000000,1827.90,1828.10,1825.20,1826.60,9828
1789019880000000000,1826.60,1830.00,1826.60,1829.40,14179
1789019940000000000,1829.50,1830.00,1829.10,1829.60,10722
1789020000000000000,1829.70,1830.50,1829.60,1830.50,13185
1789020060000000000,1830.50,1831.20,1830.30,1830.70,8468
1789020120000000000,1830.80,1831.00,1828.90,1829.00,8513
1789020180000000000,1829.00,1829.20,1828.50,1828.50,4795
1789020240000000000,1828.60,1828.60,1828.20,1828.50,2958
1789020300000000000,1828.50,1829.70,1828.20,1829.00,10544
1789020360000000000,1829.00,1829.70,1828.80,1828.90,4721
1789020420000000000,1828.90,1829.00,1828.40,1828.40,11294
1789020480000000000,1828.70,1829.10,1828.40,1829.10,11491
1789020540000000000,1829.10,1829.60,1828.20,1828.30,19452
1789020600000000000,1828.40,1829.10,1828.30,1829.10,6299
1789020660000000000,1829.10,1829.10,1827.50,1827.50,14497
1789020720000000000,1827.60,1827.60,1827.00,1827.00,11940
1789020780000000000,1827.00,1827.10,1826.00,1826.40,4525
1789020840000000000,1826.40,1826.90,1826.10,1826.60,6459
1789020900000000000,1826.90,1826.90,1826.60,1826.70,1400
1789020960000000000,1826.90,1826.90,1826.70,1826.70,2933
1789021020000000000,1826.90,1826.90,1826.20,1826.20,7014
1789021080000000000,1826.30,1826.30,1825.00,1825.70,5715
1789021140000000000,1825.60,1826.70,1825.00,1826.00,24938
1789021200000000000,1826.40,1826.40,1826.00,1826.10,1633
1789021260000000000,1826.10,1826.10,1824.10,1824.10,21256
1789021320000000000,1824.50,1824.50,1824.10,1824.50,2413
1789021380000000000,1824.50,1824.50,1824.40,1824.50,1044
1789021440000000000,1824.50,1824.50,1824.40,1824.50,1513
1789021500000000000,1824.50,1824.50,1824.40,1824.40,4929
1789021560000000000,1824.50,1825.00,1824.10,1824.90,23862
1789021620000000000,1824.90,1826.30,1824.70,1826.20,8342
1789021680000000000,1826.20,1826.90,1825.80,1826.10,9562
1789021740000000000,1826.50,1826.80,1826.10,1826.20,1949
1789021800000000000,1826.20,1826.30,1825.80,1826.10,7410
1789021860000000000,1826.10,1826.40,1825.90,1826.10,2332
1789021920000000000,1826.20,1826.80,1826.10,1826.70,3464
1789021980000000000,1826.70,1826.70,1826.60,1826.60,1883
1789022040000000000,1826.70,1827.50,1826.60,1826.60,8740
1789022100000000000,1826.70,1826.70,1826.60,1826.70,2943
1789022160000000000,1826.70,1827.30,1826.20,1826.20,17343
1789022220000000000,1826.30,1827.40,1826.10,1827.40,4108
1789022280000000000,1827.10,1827.30,1826.30,1826.30,6076
1789022340000000000,1826.40,1826.50,1825.50,1826.30,5213
1789022400000000000,1826.40,1828.10,1826.30,1827.20,18938
1789022460000000000,1827.50,1827.80,1827.20,1827.80,3007
1789022520000000000,1827.80,1829.00,1827.00,1827.30,12750
1789022580000000000,1827.30,1827.30,1827.00,1827.00,2859
1789022640000000000,1827.10,1828.70,1826.80,1826.80,8102
1789022700000000000,1827.10,1827.50,1826.80,1827.50,1623
1789022760000000000,1827.50,1827.60,1827.20,1827.50,4647
1789022820000000000,1827.50,1828.40,1827.40,1828.30,9406
1789022880000000000,1828.30,1830.40,1827.60,1830.00,10473
1789022940000000000,1830.50,1831.00,1830.00,1830.40,9771
1789023000000000000,1830.50,1830.50,1829.80,1830.00,5115
1789023060000000000,1830.00,1830.40,1829.50,1830.00,5942
1789023120000000000,1830.00,1831.30,1829.90,1830.40,8184
1789023180000000000,1830.80,1830.90,1829.40,1829.50,6166
1789023240000000000,1830.00,1830.00,1829.50,1829.60,4480
1789023300000000000,1829.70,1830.90,1829.60,1830.00,5845
1789023360000000000,1830.50,1830.70,1829.90,1830.60,6576
1789023420000000000,1830.70,1831.00,1829.00,1829.10,9189
1789023480000000000,1829.10,1829.40,1828.90,1829.10,5839
1789023540000000000,1829.10,1829.30,1829.00,1829.00,3915
1789023600000000000,1829.30,1830.00,1829.00,1829.90,4255
1789023660000000000,1829.90,1830.30,1829.50,1829.70,7325
1789023720000000000,1829.70,1830.40,1829.50,1830.00,3492
1789023780000000000,1830.30,1830.30,1830.00,1830.10,2559
1789023840000000000,1830.10,1830.10,1829.40,1829.40,8358
1789023900000000000,1829.70,1829.70,1829.00,1829.00,6678
1789023960000000000,1829.10,1829.50,1829.00,1829.50,3444
1789024020000000000,1829.50,1829.50,1829.40,1829.40,2081
1789024080000000000,1829.50,1829.50,1829.00,1829.00,9043
1789024140000000000,1829.10,1829.10,1829.00,1829.00,2604
1789024200000000000,1829.10,1829.10,1829.00,1829.00,2744
1789024260000000000,1829.10,1829.10,1828.50,1828.50,17372
1789024320000000000,1828.70,1829.50,1828.10,1828.30,20156
1789024380000000000,1828.80,1829.40,1828.10,1829.40,28662
1789024440000000000,1829.40,1829.80,1829.00,1829.00,4710
1789024500000000000,1829.10,1829.80,1828.50,1829.50,9671
1789024560000000000,1829.80,1830.90,1829.30,1830.90,9394
1789024620000000000,1830.90,1832.30,1829.80,1832.00,11820
1789024680000000000,1832.30,1833.10,1831.40,1833.00,7145
1789024740000000000,1833.00,1833.20,1831.70,1831.70,5744
1789024800000000000,1832.20,1833.80,1831.70,1833.40,6199
1789024860000000000,1833.70,1833.80,1833.40,1833.70,5655
1789024920000000000,1833.80,1834.80,1833.40,1833.60,13688
1789024980000000000,1833.70,1834.00,1832.50,1832.50,5755
1789025040000000000,1832.90,1832.90,1832.40,1832.50,3114
1789025100000000000,1832.80,1832.80,1831.60,1831.60,6649
1789025160000000000,1832.00,1832.00,1830.90,1831.30,5720
1789025220000000000,1831.30,1832.80,1830.80,1831.90,10465
1789025280000000000,1832.10,1832.30,1831.10,1831.50,6270
1789025340000000000,1831.50,1831.80,1830.00,1830.10,9300
1789025400000000000,1830.50,1830.50,1830.00,1830.20,5968
1789025460000000000,1830.30,1830.30,1830.00,1830.20,4830
1789025520000000000,1830.30,1832.40,1830.20,1832.10,6884
1789025580000000000,1832.20,1832.20,1830.50,1831.10,8647
1789025640000000000,1831.10,1831.70,1830.60,1831.70,4530
1789025700000000000,1831.70,1832.30,1831.30,1831.50,6977
1789025760000000000,1831.50,1832.80,1831.40,1831.90,9977
1789025820000000000,1832.20,1832.70,1831.90,1832.70,3784
1789025880000000000,1832.70,1833.00,1832.70,1833.00,4270
1789025940000000000,1833.00,1834.40,1832.90,1834.10,10188
1789026000000000000,1834.10,1834.50,1832.40,1834.00,19822
1789026060000000000,1834.00,1834.20,1833.50,1834.00,8245
1789026120000000000,1833.90,1834.80,1833.70,1834.30,8129
1789026180000000000,1834.30,1834.70,1834.00,1834.70,4202
1789026240000000000,1834.70,1837.50,1834.60,1837.30,20163
1789026300000000000,1837.30,1837.30,1833.90,1835.90,16498
1789026360000000000,1836.00,1836.30,1835.60,1835.90,3477
1789026420000000000,1835.90,1836.00,1835.60,1835.80,4203
1789026480000000000,1836.00,1836.00,1835.00,1835.10,8831
1789026540000000000,1835.10,1835.10,1834.40,1834.40,6738
1789026600000000000,1834.70,1834.90,1834.40,1834.70,5760
1789026660000000000,1834.70,1835.90,1834.30,1834.60,10655
1789026720000000000,1834.60,1834.90,1834.10,1834.80,4292
1789026780000000000,1834.80,1835.00,1834.50,1834.80,6809
1789026840000000000,1834.80,1835.80,1834.50,1835.80,5468
1789026900000000000,1835.80,1835.90,1835.00,1835.40,5258
1789026960000000000,1835.40,1837.00,1835.10,1836.60,5897
1789027020000000000,1836.50,1837.70,1836.40,1837.20,9735
1789027080000000000,1837.60,1837.70,1837.00,1837.70,9762
1789027140000000000,1837.70,1838.10,1837.00,1837.90,12540
1789027200000000000,1837.90,1838.10,1837.00,1837.00,15917
1789027260000000000,1837.60,1837.60,1836.40,1837.50,24287
1789027320000000000,1837.50,1837.60,1836.70,1837.50,20866
1789027380000000000,1837.50,1840.00,1836.80,1839.80,21207
1789027440000000000,1839.80,1841.30,1839.10,1840.70,16154
1789027500000000000,1841.00,1841.00,1840.10,1840.70,7016
1789027560000000000,1840.70,1842.40,1840.50,1841.50,14092
1789027620000000000,1842.00,1842.20,1840.50,1841.30,8162
1789027680000000000,1841.30,1842.30,1841.20,1842.20,8260
1789027740000000000,1842.20,1843.80,1842.10,1843.80,14969
1789027800000000000,1843.80,1845.00,1843.60,1845.00,21920
1789027860000000000,1845.00,1847.00,1844.80,1846.60,22699
1789027920000000000,1846.60,1849.00,1846.50,1848.00,21123
1789027980000000000,1848.00,1849.00,1847.00,1847.10,29222
1789028040000000000,1847.90,1847.90,1845.10,1845.40,17733
1789028100000000000,1845.40,1846.40,1845.20,1846.40,15960
1789028160000000000,1846.40,1847.00,1844.10,1844.40,26989
1789028220000000000,1844.70,1845.20,1844.00,1844.70,10903
1789028280000000000,1845.00,1845.00,1844.60,1844.90,9395
1789028340000000000,1845.00,1845.80,1844.80,1845.00,8628
1789028400000000000,1845.00,1845.40,1842.90,1844.00,16591
1789028460000000000,1844.00,1844.00,1842.60,1843.80,12835
1789028520000000000,1843.80,1844.20,1843.40,1844.00,8840
1789028580000000000,1844.00,1844.60,1843.00,1843.50,12503
1789028640000000000,1843.50,1844.00,1842.30,1843.00,15328
1789028700000000000,1843.10,1843.30,1842.20,1842.20,8330
1789028760000000000,1842.80,1842.80,1840.80,1841.80,16150
1789028820000000000,1841.80,1841.90,1840.90,1841.40,7960
1789028880000000000,1841.40,1841.70,1840.60,1841.60,9319
1789028940000000000,1841.60,1841.70,1839.40,1840.40,19634
1789029000000000000,1840.70,1840.90,1840.40,1840.80,5420
1789029060000000000,1840.80,1841.00,1839.10,1839.50,12343
1789029120000000000,1839.50,1839.90,1838.00,1839.10,16829
1789029180000000000,1839.80,1840.00,1839.00,1839.50,7737
1789029240000000000,1839.50,1840.00,1837.60,1838.50,12897
1789029300000000000,1838.50,1838.80,1837.00,1838.00,14020
1789029360000000000,1837.90,1839.50,1837.60,1839.50,17233
1789029420000000000,1839.50,1839.50,1838.40,1839.40,7799
1789029480000000000,1839.40,1839.50,1838.40,1838.80,8472
1789029540000000000,1838.80,1839.50,1838.50,1839.40,9030
1789029600000000000,1839.40,1839.40,1838.00,1838.70,11357
1789029660000000000,1838.70,1839.10,1838.00,1839.10,7258
1789029720000000000,1839.10,1839.90,1838.20,1839.90,32705
1789029780000000000,1839.90,1840.00,1838.90,1839.80,13853
1789029840000000000,1840.00,1840.00,1839.40,1839.90,6852
1789029900000000000,1839.90,1839.90,1838.40,1838.60,19086
1789029960000000000,1839.10,1839.10,1838.10,1839.00,12266
1789030020000000000,1839.00,1839.10,1838.00,1839.10,18324
1789030080000000000,1839.10,1839.30,1838.20,1839.10,12529
1789030140000000000,1839.10,1839.10,1835.30,1836.60,19682
1789030200000000000,1836.60,1837.80,1836.20,1837.10,5765
1789030260000000000,1837.80,1838.10,1836.20,1837.40,9250
1789030320000000000,1837.70,1838.40,1837.40,1838.00,6161
1789030380000000000,1838.10,1838.60,1837.20,1837.40,10698
1789030440000000000,1838.10,1838.80,1837.30,1838.70,6204
1789030500000000000,1838.70,1839.00,1838.00,1838.70,8052
1789030560000000000,1838.70,1839.00,1837.60,1838.30,11189
1789030620000000000,1838.30,1839.00,1837.70,1838.70,5315
1789030680000000000,1838.80,1838.80,1837.70,1837.90,10820
1789030740000000000,1838.20,1838.60,1837.20,1838.20,14232
1789030800000000000,1838.20,1838.20,1836.50,1838.00,17889
1789030860000000000,1838.00,1838.30,1837.10,1837.80,23680
1789030920000000000,1837.80,1838.60,1837.50,1837.80,7749
1789030980000000000,1838.30,1838.80,1837.60,1838.60,10126
1789031040000000000,1838.70,1838.80,1837.80,1838.30,6716
1789031100000000000,1838.20,1838.70,1837.70,1838.50,8842
1789031160000000000,1838.60,1839.00,1838.20,1838.70,17927
1789031220000000000,1838.70,1839.20,1836.90,1837.20,13493
1789031280000000000,1837.40,1837.60,1836.70,1837.30,4215
1789031340000000000,1837.30,1837.90,1835.00,1835.20,24966
1789031400000000000,1835.80,1835.90,1834.50,1835.70,14086
1789031460000000000,1835.70,1836.00,1835.00,1835.50,6305
1789031520000000000,1835.50,1837.10,1835.40,1836.80,10859
1789031580000000000,1836.80,1837.30,1835.70,1837.30,12166
1789031640000000000,1837.30,1837.90,1836.80,1837.30,9690
1789031700000000000,1837.30,1837.80,1836.80,1837.20,12541
1789031760000000000,1837.70,1837.90,1836.80,1837.90,7906
1789031820000000000,1837.90,1838.80,1837.00,1837.30,16071
1789031880000000000,1837.30,1837.80,1836.80,1837.60,11541
1789031940000000000,1837.80,1838.90,1837.00,1837.60,19314
1789032000000000000,1837.60,1839.00,1837.10,1839.00,27418
1789032060000000000,1839.00,1839.40,1838.60,1839.20,11164
1789032120000000000,1839.20,1839.20,1837.10,1837.80,20612
1789032180000000000,1837.80,1838.50,1837.00,1838.10,21345
1789032240000000000,1838.10,1838.20,1837.00,1837.90,13627
1789032300000000000,1837.90,1839.10,1837.60,1838.20,18684
1789032360000000000,1838.20,1838.90,1837.80,1838.80,15401
1789032420000000000,1838.80,1839.50,1837.60,1838.20,18337
1789032480000000000,1838.20,1838.90,1837.30,1838.50,15644
1789032540000000000,1838.50,1838.80,1836.40,1837.00,22591
1789032600000000000,1837.00,1837.70,1835.20,1835.40,25313
1789032660000000000,1835.30,1838.20,1835.00,1837.30,34803
1789032720000000000,1837.10,1837.70,1836.10,1837.00,27146
1789032780000000000,1836.90,1837.50,1836.90,1837.30,19989
1789032840000000000,1837.20,1837.70,1837.20,1837.60,17514
1789032900000000000,1837.50,1837.70,1836.30,1836.70,23955
1789032960000000000,1836.40,1836.70,1836.30,1836.40,21697
1789033020000000000,1836.30,1837.50,1836.30,1837.30,20353
1789033080000000000,1837.00,1837.80,1837.00,1837.70,20655
1789033140000000000,1837.70,1838.00,1837.20,1837.40,32817
1789033200000000000,1837.40,1838.40,1835.60,1835.60,41275
1789033260000000000,1835.60,1836.30,1834.50,1834.60,38888
1789033320000000000,1834.50,1836.40,1834.10,1835.40,52535
1789033380000000000,1835.00,1836.40,1834.10,1835.00,58984
1789033440000000000,1835.10,1838.00,1833.10,1835.00,15264
1789033500000000000,1835.00,1835.00,1835.00,1835.00,0
1789033560000000000,1835.00,1835.00,1835.00,1835.00,0
1789033620000000000,1835.00,1835.00,1835.00,1835.00,0
1789033680000000000,1835.00,1835.00,1835.00,1835.00,0
1789033740000000000,1835.00,1835.00,1835.00,1835.00,0
1789033800000000000,1835.00,1835.00,1835.00,1835.00,0
1789033860000000000,1835.00,1835.00,1835.00,1835.00,0
1789033920000000000,1835.00,1835.00,1835.00,1835.00,0
1789033980000000000,1835.00,1835.00,1835.00,1835.00,0
1789034040000000000,1835.00,1835.00,1835.00,1835.00,0
1789034100000000000,1835.00,1835.00,1835.00,1835.00,0
1789034160000000000,1835.00,1835.00,1835.00,1835.00,0
1789034220000000000,1835.00,1835.00,1835.00,1835.00,0
1789034280000000000,1835.00,1835.00,1835.00,1835.00,0
1789034340000000000,1839.00,1839.00,1839.00,1839.00,359269
1789098300000000000,1832.00,1837.00,1830.50,1834.90,108495
1789098360000000000,1835.20,1836.30,1832.30,1832.40,36293
1789098420000000000,1833.00,1840.00,1832.80,1839.20,41889
1789098480000000000,1839.20,1839.20,1835.00,1836.90,13852
1789098540000000000,1836.90,1841.80,1835.60,1839.90,36049
1789098600000000000,1840.60,1842.50,1840.00,1842.50,18520
1789098660000000000,1842.40,1842.80,1840.00,1841.50,17261
1789098720000000000,1841.50,1843.00,1841.00,1841.60,28869
1789098780000000000,1841.60,1843.20,1841.30,1842.60,12094
1789098840000000000,1842.60,1844.90,1842.20,1843.70,13745
1789098900000000000,1843.70,1844.80,1842.10,1844.60,16530
1789098960000000000,1844.60,1845.90,1842.80,1844.40,35461
1789099020000000000,1844.60,1844.80,1841.00,1841.40,15574
1789099080000000000,1841.40,1842.00,1839.70,1840.00,12839
1789099140000000000,1840.00,1840.50,1838.20,1838.90,16205
1789099200000000000,1838.90,1841.00,1838.70,1839.90,20439
1789099260000000000,1839.80,1844.50,1839.30,1844.10,12927
1789099320000000000,1844.10,1846.80,1843.90,1845.00,20224
1789099380000000000,1845.00,1846.10,1844.30,1845.80,11290
1789099440000000000,1845.80,1846.80,1845.80,1846.70,8781
1789099500000000000,1846.70,1847.90,1846.30,1846.40,9227
1789099560000000000,1846.70,1847.00,1845.90,1846.80,11324
1789099620000000000,1846.80,1847.10,1845.80,1846.70,13688
1789099680000000000,1847.10,1847.30,1845.60,1846.60,14412
1789099740000000000,1846.60,1846.80,1846.10,1846.20,10857
1789099800000000000,1846.80,1846.80,1845.70,1846.20,5084
1789099860000000000,1846.30,1846.30,1844.90,1845.20,6905
1789099920000000000,1845.20,1845.20,1844.00,1844.20,6375
1789099980000000000,1844.20,1844.50,1842.90,1843.50,9374
1789100040000000000,1843.50,1843.80,1842.20,1842.90,5941
1789100100000000000,1843.10,1844.80,1842.20,1844.80,10563
1789100160000000000,1844.80,1845.60,1844.60,1844.80,7977
1789100220000000000,1844.70,1845.00,1844.60,1844.80,3601
1789100280000000000,1844.80,1845.30,1844.10,1845.20,9362
1789100340000000000,1845.20,1845.70,1845.00,1845.60,4985
1789100400000000000,1845.60,1845.90,1845.20,1845.20,5616
1789100460000000000,1845.20,1845.30,1844.70,1845.10,4740
1789100520000000000,1845.10,1845.10,1842.30,1843.20,12654
1789100580000000000,1843.30,1845.10,1843.30,1845.00,6112
1789100640000000000,1845.00,1846.00,1844.50,1844.90,15092
1789100700000000000,1845.20,1847.60,1844.90,1847.10,24408
1789100760000000000,1847.10,1848.50,1846.90,1847.60,10638
1789100820000000000,1847.60,1849.00,1847.60,1848.10,13272
1789100880000000000,1848.20,1852.00,1847.90,1850.10,27307
1789100940000000000,1850.20,1851.00,1849.90,1850.90,13250
1789101000000000000,1850.90,1851.20,1848.70,1849.20,15792
1789101060000000000,1849.20,1849.70,1848.60,1849.60,8607
1789101120000000000,1849.60,1850.30,1849.00,1849.20,6305
1789101180000000000,1849.20,1849.90,1848.10,1849.90,18881
1789101240000000000,1849.90,1850.30,1849.20,1850.00,10795
1789101300000000000,1850.30,1850.50,1848.60,1848.70,6704
1789101360000000000,1848.80,1849.10,1848.10,1848.80,4514
1789101420000000000,1848.80,1849.30,1847.60,1848.30,5265
1789101480000000000,1848.30,1848.30,1847.40,1848.00,7388
1789101540000000000,1848.00,1849.00,1847.70,1848.80,10847
1789101600000000000,1848.80,1849.30,1848.40,1849.10,8025
1789101660000000000,1849.10,1849.20,1848.00,1848.90,15385
1789101720000000000,1848.90,1850.00,1848.90,1849.30,22346
1789101780000000000,1849.50,1851.30,1849.00,1849.50,32747
1789101840000000000,1849.50,1849.70,1848.10,1849.00,7962
1789101900000000000,1849.00,1849.40,1848.40,1849.40,6149
1789101960000000000,1849.30,1849.30,1848.00,1848.00,18782
1789102020000000000,1848.30,1848.30,1846.10,1847.30,16240
1789102080000000000,1847.80,1847.80,1845.80,1846.10,9447
1789102140000000000,1846.50,1846.50,1845.60,1846.00,4783
1789102200000000000,1846.00,1847.30,1845.70,1847.20,9237
1789102260000000000,1847.20,1847.30,1846.50,1847.30,7148
1789102320000000000,1847.30,1847.50,1847.00,1847.40,5988
1789102380000000000,1847.40,1847.50,1845.90,1846.20,5013
1789102440000000000,1846.20,1847.30,1846.00,1847.00,16220
1789102500000000000,1847.10,1848.30,1847.00,1847.70,8743
1789102560000000000,1847.70,1848.00,1847.00,1847.80,9145
1789102620000000000,1847.80,1848.20,1847.50,1847.50,3287
1789102680000000000,1847.70,1847.70,1847.00,1847.20,8311
1789102740000000000,1847.40,1847.50,1845.50,1846.10,9693
1789102800000000000,1846.10,1847.20,1846.00,1847.20,3090
1789102860000000000,1847.20,1848.00,1846.70,1848.00,5555
1789102920000000000,1848.00,1848.60,1847.50,1848.00,8754
1789102980000000000,1848.10,1848.60,1847.70,1848.30,3606
1789103040000000000,1848.30,1848.30,1846.20,1846.20,8546
1789103100000000000,1846.20,1846.70,1846.20,1846.60,4014
1789103160000000000,1846.60,1846.60,1846.10,1846.40,3147
1789103220000000000,1846.40,1846.70,1846.10,1846.10,6680
1789103280000000000,1846.60,1846.70,1846.00,1846.00,3834
1789103340000000000,1846.10,1846.10,1844.90,1845.50,37936
1789103400000000000,1845.50,1846.00,1845.10,1845.60,11053
1789103460000000000,1845.60,1846.10,1845.20,1845.60,3673
1789103520000000000,1845.60,1845.60,1843.10,1843.90,7766
1789103580000000000,1843.90,1843.90,1842.90,1843.30,6716
1789103640000000000,1843.30,1843.70,1843.00,1843.20,5838
1789103700000000000,1843.50,1844.50,1843.20,1844.00,8247
1789103760000000000,1844.00,1846.40,1844.00,1846.20,8182
1789103820000000000,1846.20,1846.30,1845.30,1845.60,5602
1789103880000000000,1845.60,1845.60,1845.00,1845.50,3350
1789103940000000000,1845.50,1846.00,1845.40,1846.00,3578
1789104000000000000,1846.10,1846.30,1845.00,1845.20,11887
1789104060000000000,1845.20,1845.20,1844.00,1844.40,20028
1789104120000000000,1844.60,1845.40,1843.70,1845.20,29633
1789104180000000000,1845.40,1846.40,1845.20,1846.10,10803
1789104240000000000,1846.20,1846.60,1846.00,1846.00,28269
1789104300000000000,1846.40,1846.40,1846.00,1846.20,2998
1789104360000000000,1846.20,1846.20,1843.10,1844.70,19972
1789104420000000000,1844.70,1844.70,1842.80,1843.80,5210
1789104480000000000,1843.80,1845.90,1843.10,1845.20,14880
1789104540000000000,1845.40,1846.10,1843.90,1845.20,48378
1789104600000000000,1845.20,1846.00,1844.70,1845.30,16291
1789104660000000000,1845.70,1845.70,1845.20,1845.50,6962
1789104720000000000,1845.50,1846.60,1845.30,1846.10,10422
1789104780000000000,1846.60,1846.60,1846.10,1846.30,13845
1789104840000000000,1846.60,1846.60,1845.60,1846.20,27336
1789104900000000000,1846.20,1846.20,1844.50,1845.10,32565
1789104960000000000,1845.10,1847.00,1844.70,1847.00,9824
1789105020000000000,1847.00,1847.40,1846.70,1847.00,5670
1789105080000000000,1847.00,1847.20,1846.50,1846.60,5437
1789105140000000000,1846.60,1846.70,1846.00,1846.00,2613
1789105200000000000,1846.00,1846.20,1845.00,1845.60,5350
1789105260000000000,1845.60,1845.60,1843.30,1844.40,4343
1789105320000000000,1844.40,1846.30,1844.40,1846.20,11707
1789105380000000000,1846.20,1848.00,1845.60,1846.80,15570
1789105440000000000,1847.20,1847.90,1846.10,1847.90,13375
1789105500000000000,1847.90,1848.50,1846.20,1847.20,9494
1789105560000000000,1847.20,1848.10,1846.60,1847.50,8268
1789105620000000000,1848.00,1848.30,1847.60,1848.20,9833
1789105680000000000,1848.30,1848.30,1847.00,1847.70,14427
1789105740000000000,1847.80,1847.90,1846.60,1847.50,8389
1789105800000000000,1847.50,1848.20,1847.20,1847.20,13852
1789105860000000000,1847.40,1847.90,1846.60,1847.40,7725
1789105920000000000,1847.70,1848.00,1847.40,1847.80,5483
1789105980000000000,1847.90,1848.10,1847.50,1847.50,5127
1789106040000000000,1847.90,1848.00,1847.00,1847.40,9202
1789106100000000000,1847.90,1848.60,1847.40,1848.60,7886
1789106160000000000,1848.60,1851.70,1848.30,1851.40,21813
1789106220000000000,1851.40,1852.00,1850.40,1851.60,24831
1789106280000000000,1851.40,1851.80,1849.10,1849.90,31848
1789106340000000000,1849.90,1850.80,1849.80,1849.80,12076
1789106400000000000,1849.80,1849.80,1847.00,1848.00,13356
1789106460000000000,1848.00,1848.00,1846.30,1847.50,25735
1789106520000000000,1847.50,1848.60,1847.50,1848.40,3408
1789106580000000000,1848.40,1848.40,1847.20,1847.70,2929
1789106640000000000,1847.70,1847.70,1847.00,1847.50,3461
1789106700000000000,1847.50,1847.50,1847.00,1847.00,2545
1789106760000000000,1847.20,1847.20,1847.00,1847.00,3426
1789106820000000000,1847.10,1847.90,1847.00,1847.80,3102
1789106880000000000,1847.90,1848.10,1847.10,1847.10,4308
1789106940000000000,1847.10,1848.70,1847.00,1848.30,6959
1789107000000000000,1848.60,1848.60,1848.20,1848.50,1992
1789107060000000000,1848.50,1849.80,1848.30,1849.70,8166
1789107120000000000,1849.60,1850.00,1848.70,1849.30,5954
1789107180000000000,1849.30,1849.70,1848.50,1849.60,7257
1789107240000000000,1849.60,1849.90,1849.10,1849.20,2734
1789107300000000000,1849.30,1849.80,1847.80,1849.10,5509
1789107360000000000,1849.10,1849.30,1848.60,1848.90,1757
1789107420000000000,1848.90,1850.10,1848.30,1850.00,38702
1789107480000000000,1850.00,1850.00,1846.90,1848.10,11264
1789107540000000000,1848.10,1848.30,1847.40,1847.70,1245
1789107600000000000,1847.70,1847.80,1847.20,1847.60,2786
1789107660000000000,1847.60,1847.70,1846.70,1847.20,4304
1789107720000000000,1847.40,1848.20,1847.20,1847.30,5271
1789107780000000000,1847.30,1847.70,1845.10,1846.40,9509
1789107840000000000,1846.60,1847.40,1846.20,1847.40,5125
1789107900000000000,1847.40,1847.60,1846.60,1847.30,6422
1789107960000000000,1847.30,1849.50,1846.90,1848.30,27653
1789108020000000000,1848.30,1848.30,1847.00,1847.10,10017
1789108080000000000,1847.70,1848.30,1847.00,1847.20,24243
1789108140000000000,1847.20,1847.80,1847.00,1847.70,7202
1789108200000000000,1847.70,1848.30,1847.50,1848.00,4767
1789108260000000000,1848.10,1848.20,1847.00,1847.50,3426
1789108320000000000,1847.60,1847.60,1847.30,1847.60,1978
1789108380000000000,1847.60,1848.00,1847.30,1848.00,4136
1789108440000000000,1848.00,1848.30,1845.00,1845.60,43470
1789108500000000000,1845.60,1846.20,1845.00,1845.00,7721
1789108560000000000,1845.60,1845.60,1844.90,1845.30,3326
1789108620000000000,1845.40,1845.90,1845.10,1845.70,2701
1789108680000000000,1845.70,1845.80,1845.20,1845.40,2900
1789108740000000000,1845.50,1845.50,1844.00,1844.40,7511
1789108800000000000,1844.40,1844.50,1843.50,1843.60,4923
1789108860000000000,1844.00,1844.20,1843.20,1844.20,11297
1789108920000000000,1844.20,1844.90,1843.70,1844.10,7384
1789108980000000000,1844.10,1844.10,1841.70,1842.10,12685
1789109040000000000,1842.70,1843.90,1842.30,1843.70,9101
1789109100000000000,1843.80,1844.50,1843.30,1844.10,3815
1789109160000000000,1844.10,1844.60,1843.80,1844.50,2844
1789109220000000000,1844.50,1844.70,1844.30,1844.50,1921
1789109280000000000,1844.50,1845.50,1844.40,1845.50,2647
1789109340000000000,1845.50,1845.60,1845.10,1845.40,4033
1789109400000000000,1845.40,1845.60,1844.60,1844.60,5463
1789109460000000000,1844.90,1844.90,1844.60,1844.90,5026
1789109520000000000,1844.90,1845.00,1844.80,1845.00,1952
1789109580000000000,1845.00,1846.00,1844.90,1845.80,3457
1789109640000000000,1845.90,1845.90,1844.10,1844.80,8373
1789109700000000000,1845.00,1845.00,1844.10,1844.70,2576
1789109760000000000,1844.80,1846.00,1844.70,1845.20,19747
1789109820000000000,1845.20,1846.00,1845.20,1845.80,4555
1789109880000000000,1845.50,1845.80,1844.70,1845.30,6388
1789109940000000000,1845.30,1845.30,1845.00,1845.20,2670
1789110000000000000,1845.20,1845.70,1845.10,1845.70,2775
1789110060000000000,1845.70,1845.80,1845.50,1845.70,3261
1789110120000000000,1845.80,1847.20,1845.70,1846.00,9827
1789110180000000000,1846.50,1846.50,1845.40,1845.80,3932
1789110240000000000,1845.80,1846.00,1845.00,1845.70,5621
1789110300000000000,1845.70,1845.80,1845.00,1845.80,8225
1789110360000000000,1845.90,1846.00,1844.00,1844.40,14352
1789110420000000000,1844.50,1845.00,1843.80,1844.50,12912
1789110480000000000,1844.50,1844.80,1842.80,1842.90,7585
1789110540000000000,1843.20,1843.20,1842.60,1842.80,3476
1789110600000000000,1842.80,1842.80,1842.10,1842.50,5645
1789110660000000000,1842.50,1843.20,1842.00,1843.00,13226
1789110720000000000,1843.00,1843.50,1842.80,1843.50,5283
1789110780000000000,1843.50,1843.70,1843.00,1843.20,5639
1789110840000000000,1843.20,1843.60,1842.90,1842.90,5129
1789110900000000000,1842.90,1843.00,1841.00,1841.90,7673
1789110960000000000,1841.90,1842.50,1841.20,1842.50,12833
1789111020000000000,1842.50,1842.90,1841.70,1842.10,3943
1789111080000000000,1842.10,1842.60,1841.80,1842.30,4868
1789111140000000000,1842.30,1842.40,1840.60,1842.10,7443
1789111200000000000,1842.20,1842.20,1840.90,1841.10,4513
1789111260000000000,1841.10,1841.20,1840.70,1840.90,2707
1789111320000000000,1840.90,1841.70,1840.50,1841.40,6987
1789111380000000000,1841.50,1842.20,1840.80,1841.70,6945
1789111440000000000,1842.10,1842.20,1841.60,1842.10,2806
1789111500000000000,1842.10,1842.10,1841.60,1841.80,4637
1789111560000000000,1842.00,1842.30,1841.40,1842.10,11243
1789111620000000000,1842.10,1842.10,1840.40,1840.90,7400
1789111680000000000,1840.90,1841.70,1840.40,1841.30,6888
1789111740000000000,1841.40,1841.50,1840.60,1841.30,4296
1789111800000000000,1841.30,1841.30,1840.70,1841.30,4273
1789111860000000000,1841.30,1841.80,1841.10,1841.80,5032
1789111920000000000,1841.80,1842.00,1840.60,1840.60,5184
1789111980000000000,1841.00,1841.80,1840.70,1841.60,4839
1789112040000000000,1841.60,1841.80,1840.90,1840.90,5312
1789112100000000000,1841.10,1841.60,1840.60,1841.00,2920
1789112160000000000,1841.40,1841.70,1841.00,1841.50,4214
1789112220000000000,1841.50,1842.50,1841.10,1842.50,6192
1789112280000000000,1842.50,1844.10,1842.30,1843.20,16635
1789112340000000000,1843.40,1843.60,1842.80,1842.80,4217
1789112400000000000,1843.40,1843.50,1842.80,1843.00,4066
1789112460000000000,1843.30,1843.30,1842.20,1842.30,8925
1789112520000000000,1842.70,1844.10,1842.30,1843.90,14649
1789112580000000000,1843.90,1844.10,1843.00,1843.20,4384
1789112640000000000,1843.20,1843.30,1842.10,1842.60,6755
1789112700000000000,1843.00,1843.40,1842.20,1843.10,6738
1789112760000000000,1843.10,1843.30,1842.60,1843.30,3398
1789112820000000000,1843.30,1843.30,1842.50,1842.60,7024
1789112880000000000,1842.70,1843.20,1842.00,1842.30,12289
1789112940000000000,1842.90,1842.90,1841.20,1842.10,8940
1789113000000000000,1842.50,1842.70,1841.70,1842.00,6450
1789113060000000000,1842.20,1842.90,1842.00,1842.90,5916
1789113120000000000,1843.00,1843.30,1842.70,1843.20,3259
1789113180000000000,1843.30,1843.50,1842.80,1843.00,3946
1789113240000000000,1843.00,1843.20,1842.30,1842.30,7433
1789113300000000000,1842.60,1843.00,1842.20,1842.60,5866
1789113360000000000,1842.60,1843.10,1842.10,1842.70,10510
1789113420000000000,1842.70,1842.80,1841.70,1841.70,13069
1789113480000000000,1841.80,1842.50,1841.20,1841.80,13714
1789113540000000000,1841.80,1842.60,1841.70,1842.50,9731
1789113600000000000,1842.50,1842.70,1841.80,1842.40,3815
1789113660000000000,1842.70,1842.70,1842.20,1842.60,3949
1789113720000000000,1842.70,1842.70,1842.20,1842.70,2857
1789113780000000000,1842.70,1842.90,1842.30,1842.40,3476
1789113840000000000,1842.40,1842.60,1842.30,1842.30,3364
1789113900000000000,1842.30,1842.40,1841.40,1841.50,7392
1789113960000000000,1842.20,1842.60,1840.80,1842.60,19404
1789114020000000000,1842.60,1843.00,1842.20,1842.30,6483
1789114080000000000,1842.60,1843.30,1842.50,1843.20,20232
1789114140000000000,1843.10,1843.20,1841.20,1841.40,12518
1789114200000000000,1841.90,1842.40,1841.50,1841.80,4463
1789114260000000000,1841.90,1842.20,1840.00,1840.50,17149
1789114320000000000,1841.00,1842.10,1840.80,1841.90,3710
1789114380000000000,1841.90,1842.10,1841.60,1842.10,3313
1789114440000000000,1842.10,1842.40,1841.90,1842.40,3058
1789114500000000000,1842.40,1842.40,1840.50,1841.50,8261
1789114560000000000,1841.50,1842.00,1841.50,1841.90,4016
1789114620000000000,1841.90,1842.40,1841.50,1842.20,4264
1789114680000000000,1842.40,1842.50,1841.40,1842.20,9821
1789114740000000000,1842.10,1842.60,1841.50,1842.50,5536
1789114800000000000,1842.50,1842.60,1842.00,1842.00,3852
1789114860000000000,1842.10,1842.10,1840.30,1840.50,19684
1789114920000000000,1840.90,1841.30,1840.30,1841.30,8738
1789114980000000000,1841.30,1841.60,1841.00,1841.60,4838
1789115040000000000,1841.60,1842.70,1840.30,1841.20,19956
1789115100000000000,1841.10,1842.90,1840.00,1841.30,21399
1789115160000000000,1841.60,1842.50,1841.20,1841.90,12974
1789115220000000000,1842.00,1842.00,1840.90,1841.30,9522
1789115280000000000,1841.50,1841.80,1840.40,1840.50,4459
1789115340000000000,1840.50,1840.50,1839.30,1839.50,5599
1789115400000000000,1839.50,1840.00,1839.00,1839.60,11910
1789115460000000000,1839.60,1840.40,1838.20,1840.40,8842
1789115520000000000,1840.40,1841.40,1840.00,1840.80,6049
1789115580000000000,1841.10,1842.10,1841.00,1841.20,4037
1789115640000000000,1841.50,1841.50,1839.20,1839.80,8346
1789115700000000000,1839.80,1839.90,1839.60,1839.80,3778
1789115760000000000,1839.80,1840.50,1839.70,1840.20,4709
1789115820000000000,1840.20,1841.80,1839.60,1841.30,12666
1789115880000000000,1841.80,1841.80,1840.90,1841.20,6634
1789115940000000000,1841.10,1841.20,1840.60,1840.70,3740
1789116000000000000,1840.70,1840.90,1840.40,1840.80,4442
1789116060000000000,1840.90,1841.30,1840.60,1841.10,3932
1789116120000000000,1841.10,1841.10,1840.10,1840.80,6644
1789116180000000000,1840.80,1841.00,1840.20,1840.20,4955
1789116240000000000,1840.20,1841.00,1839.80,1841.00,5400
1789116300000000000,1841.00,1841.10,1840.40,1841.00,6052
1789116360000000000,1841.00,1841.00,1840.60,1840.80,3527
1789116420000000000,1840.90,1841.30,1840.80,1841.30,5989
1789116480000000000,1841.30,1841.40,1840.30,1841.30,7489
1789116540000000000,1841.30,1841.30,1841.00,1841.30,3403
1789116600000000000,1841.30,1841.50,1840.90,1841.50,3473
1789116660000000000,1841.50,1841.80,1841.10,1841.80,5265
1789116720000000000,1841.90,1842.30,1841.30,1842.30,6346
1789116780000000000,1842.30,1842.80,1840.60,1842.70,14890
1789116840000000000,1842.80,1842.80,1841.00,1841.90,10696
1789116900000000000,1842.30,1842.60,1841.30,1841.50,8060
1789116960000000000,1841.70,1842.10,1841.40,1841.50,4824
1789117020000000000,1841.80,1842.10,1841.30,1841.70,6720
1789117080000000000,1841.70,1842.20,1840.80,1842.00,82688
1789117140000000000,1842.10,1842.30,1841.00,1841.40,7851
1789117200000000000,1841.40,1841.90,1841.00,1841.80,10524
1789117260000000000,1841.80,1842.90,1840.80,1842.80,16256
1789117320000000000,1842.80,1842.90,1841.00,1841.50,31619
1789117380000000000,1841.50,1842.20,1841.40,1841.70,6709
1789117440000000000,1841.70,1842.10,1841.40,1841.70,10885
1789117500000000000,1841.70,1842.20,1840.90,1840.90,13406
1789117560000000000,1840.90,1841.40,1840.00,1840.60,7771
1789117620000000000,1840.70,1840.90,1840.00,1840.20,4030
1789117680000000000,1840.30,1840.60,1839.30,1839.80,5351
1789117740000000000,1840.10,1840.60,1839.60,1840.40,3073
1789117800000000000,1840.80,1841.10,1840.00,1840.50,3968
1789117860000000000,1840.50,1840.80,1839.80,1840.60,4611
1789117920000000000,1840.60,1840.80,1840.10,1840.50,6900
1789117980000000000,1840.70,1842.60,1840.30,1842.60,84819
1789118040000000000,1842.60,1843.50,1842.40,1843.50,15951
1789118100000000000,1843.60,1843.80,1841.60,1842.40,18498
1789118160000000000,1842.40,1842.40,1840.70,1841.90,7308
1789118220000000000,1842.40,1843.00,1842.20,1842.80,3120
1789118280000000000,1842.80,1842.90,1840.60,1840.80,7015
1789118340000000000,1840.80,1841.40,1840.50,1841.00,9938
1789118400000000000,1841.20,1842.20,1841.00,1841.20,9490
1789118460000000000,1841.20,1841.60,1840.30,1840.60,8336
1789118520000000000,1840.60,1842.80,1840.30,1842.80,6866
1789118580000000000,1842.80,1843.00,1841.50,1841.70,7531
1789118640000000000,1841.70,1841.80,1841.60,1841.60,3674
1789118700000000000,1841.60,1841.70,1841.30,1841.50,4527
1789118760000000000,1841.50,1841.90,1841.10,1841.50,14053
1789118820000000000,1841.50,1842.10,1841.30,1842.00,9583
1789118880000000000,1842.00,1842.10,1841.10,1841.20,12994
1789118940000000000,1841.20,1841.70,1840.10,1840.60,19999
1789119000000000000,1840.60,1840.60,1839.70,1840.00,9642
1789119060000000000,1840.00,1840.20,1839.60,1839.60,8687
1789119120000000000,1840.00,1840.00,1839.40,1839.60,10801
1789119180000000000,1839.50,1839.60,1838.90,1839.10,9372
1789119240000000000,1839.10,1839.10,1837.30,1837.90,15376
1789119300000000000,1837.60,1838.30,1837.50,1837.80,14215
1789119360000000000,1837.80,1837.80,1837.30,1837.80,14320
1789119420000000000,1837.80,1838.30,1837.30,1838.00,12512
1789119480000000000,1838.20,1839.00,1838.00,1838.80,19846
1789119540000000000,1838.80,1838.80,1838.20,1838.40,9670
1789119600000000000,1838.50,1839.00,1838.30,1838.70,22437
1789119660000000000,1838.70,1838.70,1838.30,1838.50,12342
1789119720000000000,1838.50,1838.50,1835.10,1835.40,19034
1789119780000000000,1835.40,1836.00,1833.30,1835.20,20284
1789119840000000000,1835.50,1841.00,1835.10,1841.00,20103
1789119900000000000,1841.00,1841.00,1841.00,1841.00,0
1789119960000000000,1841.00,1841.00,1841.00,1841.00,0
1789120020000000000,1841.00,1841.00,1841.00,1841.00,0
1789120080000000000,1841.00,1841.00,1841.00,1841.00,0
1789120140000000000,1841.00,1841.00,1841.00,1841.00,0
1789120200000000000,1841.00,1841.00,1841.00,1841.00,0
1789120260000000000,1841.00,1841.00,1841.00,1841.00,0
1789120320000000000,1841.00,1841.00,1841.00,1841.00,0
1789120380000000000,1841.00,1841.00,1841.00,1841.00,0
1789120440000000000,1841.00,1841.00,1841.00,1841.00,0
1789120500000000000,1841.00,1841.00,1841.00,1841.00,0
1789120560000000000,1841.00,1841.00,1841.00,1841.00,0
1789120620000000000,1841.00,1841.00,1841.00,1841.00,0
1789120680000000000,1841.00,1841.00,1841.00,1841.00,0
1789120740000000000,1831.10,1831.10,1831.10,1831.10,392516
