timestamp_ns,open,high,low,close,volume
1787888700000000000,710.85,712.90,707.00,712.55,1250643
1787888760000000000,712.55,715.00,712.40,713.80,319243
1787888820000000000,714.00,714.50,713.10,713.25,226833
1787888880000000000,713.25,713.30,712.20,712.65,116559
1787888940000000000,712.85,712.85,712.10,712.45,81717
1787889000000000000,712.45,712.45,711.30,712.05,125205
1787889060000000000,712.05,713.00,712.00,712.95,99893
1787889120000000000,712.95,713.45,711.35,711.75,119653
1787889180000000000,711.75,712.10,711.70,711.85,44174
1787889240000000000,711.90,713.85,711.80,713.50,78092
1787889300000000000,713.70,714.65,713.60,714.40,70899
1787889360000000000,714.55,715.00,714.30,715.00,92565
1787889420000000000,715.00,715.00,714.65,714.80,64832
1787889480000000000,715.00,715.00,714.60,714.80,67797
1787889540000000000,714.80,715.15,714.60,715.15,74876
1787889600000000000,715.15,715.30,714.60,714.75,79268
1787889660000000000,714.90,715.15,714.10,714.40,99214
1787889720000000000,714.40,714.50,713.40,714.00,92345
1787889780000000000,714.15,714.45,713.90,714.00,28197
1787889840000000000,714.10,714.20,713.45,713.50,60396
1787889900000000000,713.70,713.80,713.50,713.60,27791
1787889960000000000,713.60,713.70,713.00,713.00,42117
1787890020000000000,713.25,713.70,712.20,713.70,135453
1787890080000000000,713.70,713.70,713.05,713.25,28533
1787890140000000000,713.25,713.40,713.00,713.30,37189
1787890200000000000,713.40,713.50,713.05,713.35,30070
1787890260000000000,713.45,713.45,713.05,713.10,23832
1787890320000000000,713.20,714.00,713.10,713.80,37096
1787890380000000000,713.90,714.00,713.75,713.95,24505
1787890440000000000,714.00,714.20,713.90,714.10,23009
1787890500000000000,714.10,714.20,713.30,713.50,61575
1787890560000000000,713.70,713.70,713.10,713.40,22742
1787890620000000000,713.50,713.80,713.35,713.70,10733
1787890680000000000,713.75,713.85,713.00,713.00,54945
1787890740000000000,713.10,713.20,712.40,712.85,35798
1787890800000000000,712.90,713.25,712.70,713.00,36181
1787890860000000000,713.05,713.25,712.30,712.65,46826
1787890920000000000,712.65,712.75,712.30,712.55,26954
1787890980000000000,712.60,713.05,712.10,712.95,58037
1787891040000000000,713.05,713.30,712.95,713.20,18668
1787891100000000000,713.30,713.40,713.00,713.30,14444
1787891160000000000,713.40,713.40,713.05,713.05,11607
1787891220000000000,713.10,713.10,712.60,712.75,32255
1787891280000000000,712.90,713.75,712.70,713.65,33461
1787891340000000000,713.65,713.65,712.80,713.05,24181
1787891400000000000,713.15,713.30,712.75,712.95,39301
1787891460000000000,712.95,712.95,712.35,712.55,53174
1787891520000000000,712.55,713.15,712.30,712.95,31577
1787891580000000000,713.15,713.45,712.95,713.35,24832
1787891640000000000,713.35,713.40,713.00,713.00,30389
1787891700000000000,713.15,713.25,713.00,713.05,34856
1787891760000000000,713.25,713.35,713.05,713.05,11454
1787891820000000000,713.25,713.50,713.00,713.10,22177
1787891880000000000,713.30,713.35,712.60,713.35,33242
1787891940000000000,713.35,713.50,712.75,712.80,13692
1787892000000000000,712.95,713.00,712.55,712.80,14629
1787892060000000000,712.95,713.35,712.80,713.00,20981
1787892120000000000,713.25,714.25,713.05,713.85,66706
1787892180000000000,714.10,714.20,713.70,713.80,31581
1787892240000000000,714.00,714.25,713.80,714.10,19863
1787892300000000000,714.15,714.70,714.10,714.20,60311
1787892360000000000,714.25,714.70,714.15,714.45,38072
1787892420000000000,714.70,715.20,714.45,714.85,101400
1787892480000000000,714.90,715.00,714.15,714.70,105387
1787892540000000000,714.75,714.95,714.70,714.70,27085
1787892600000000000,714.85,714.85,714.65,714.70,16964
1787892660000000000,714.75,714.75,713.90,714.65,68041
1787892720000000000,714.75,714.80,714.50,714.75,13051
1787892780000000000,714.75,714.75,714.50,714.60,10326
1787892840000000000,714.70,714.70,714.50,714.50,15555
1787892900000000000,714.65,714.70,713.95,714.20,67283
1787892960000000000,714.40,714.40,713.80,714.30,17590
1787893020000000000,714.40,714.50,714.00,714.25,24725
1787893080000000000,714.35,714.35,713.85,714.05,20391
1787893140000000000,714.05,714.35,714.00,714.30,10529
1787893200000000000,714.35,714.35,714.10,714.10,9347
1787893260000000000,714.30,714.30,714.05,714.20,10918
1787893320000000000,714.25,714.50,714.20,714.50,17728
1787893380000000000,714.50,714.50,714.05,714.30,22663
1787893440000000000,714.45,714.45,714.10,714.10,11607
1787893500000000000,714.25,714.30,714.05,714.10,17894
1787893560000000000,714.20,714.35,714.10,714.15,10924
1787893620000000000,714.30,714.30,714.00,714.00,19592
1787893680000000000,714.20,714.30,714.00,714.30,19350
1787893740000000000,714.30,714.80,714.05,714.70,24079
1787893800000000000,714.80,715.00,714.55,715.00,45823
1787893860000000000,715.00,715.30,714.90,715.15,29654
1787893920000000000,715.20,715.20,714.80,714.80,21587
1787893980000000000,714.90,714.90,714.15,714.35,26691
1787894040000000000,714.40,714.50,714.05,714.30,18551
1787894100000000000,714.20,714.50,714.15,714.40,10171
1787894160000000000,714.50,714.50,714.15,714.20,12516
1787894220000000000,714.30,714.90,714.20,714.85,13177
1787894280000000000,714.90,715.30,714.85,715.05,42743
1787894340000000000,715.25,715.50,715.00,715.40,73649
1787894400000000000,715.45,715.60,715.35,715.50,30580
1787894460000000000,715.55,715.70,715.40,715.55,21191
1787894520000000000,715.50,715.65,715.25,715.40,21221
1787894580000000000,715.50,715.60,715.25,715.30,940517
1787894640000000000,715.30,715.40,715.00,715.00,20237
1787894700000000000,715.00,715.10,714.75,714.75,36596
1787894760000000000,714.85,715.05,714.65,715.00,19676
1787894820000000000,715.05,715.45,715.00,715.00,20727
1787894880000000000,715.05,715.25,715.00,715.05,9410
1787894940000000000,715.15,715.25,714.70,714.95,25906
1787895000000000000,714.95,715.00,714.50,714.80,16995
1787895060000000000,714.85,714.95,714.70,714.85,9393
1787895120000000000,714.90,715.25,714.85,715.20,11124
1787895180000000000,715.20,715.25,714.80,714.90,13843
1787895240000000000,715.10,715.15,714.75,714.85,20076
1787895300000000000,715.00,715.15,714.80,714.80,10843
1787895360000000000,714.95,715.00,714.65,714.65,10741
1787895420000000000,714.80,714.90,714.40,714.50,14375
1787895480000000000,714.60,714.80,714.40,714.50,13461
1787895540000000000,714.60,714.60,714.20,714.35,17642
1787895600000000000,714.50,714.60,714.25,714.25,17717
1787895660000000000,714.40,714.45,714.15,714.20,15181
1787895720000000000,714.40,714.55,714.20,714.45,17089
1787895780000000000,714.55,714.85,714.45,714.80,16330
1787895840000000000,714.85,715.05,714.80,714.95,47936
1787895900000000000,715.00,715.00,714.40,714.75,32239
1787895960000000000,714.80,714.80,714.35,714.35,10315
1787896020000000000,714.50,714.60,714.35,714.40,12997
1787896080000000000,714.45,714.45,714.10,714.15,19914
1787896140000000000,714.35,714.45,714.20,714.35,13354
1787896200000000000,714.45,714.55,714.35,714.50,7433
1787896260000000000,714.50,715.00,714.45,714.80,38930
1787896320000000000,714.75,715.00,714.30,714.85,59995
1787896380000000000,714.80,714.85,714.35,714.35,14043
1787896440000000000,714.65,714.70,714.30,714.35,13664
1787896500000000000,714.60,714.65,714.30,714.45,15834
1787896560000000000,714.50,714.55,713.90,713.90,71090
1787896620000000000,713.95,714.15,713.80,714.00,17352
1787896680000000000,714.00,714.00,713.50,713.60,20859
1787896740000000000,713.80,713.90,713.50,713.60,15377
1787896800000000000,713.60,713.85,713.60,713.60,12054
1787896860000000000,713.75,714.00,713.65,713.95,12873
1787896920000000000,713.95,715.25,713.65,715.00,256089
1787896980000000000,715.00,715.50,714.90,715.00,88736
1787897040000000000,715.10,715.20,715.00,715.05,27238
1787897100000000000,715.05,715.15,714.35,714.60,320477
1787897160000000000,714.60,714.80,714.35,714.60,17530
1787897220000000000,714.60,715.50,714.55,715.30,56150
1787897280000000000,715.30,716.00,715.20,715.50,175845
1787897340000000000,715.50,715.70,715.30,715.35,50414
1787897400000000000,715.35,715.70,715.30,715.50,29727
1787897460000000000,715.60,715.90,715.50,715.75,31107
1787897520000000000,715.75,715.80,715.50,715.75,12963
1787897580000000000,715.75,716.20,715.55,715.95,50253
1787897640000000000,715.95,716.20,715.90,716.10,20554
1787897700000000000,716.10,716.30,716.00,716.20,48305
1787897760000000000,716.15,716.30,716.05,716.10,54633
1787897820000000000,716.05,716.10,715.85,715.95,43605
1787897880000000000,715.95,716.05,715.85,716.05,14940
1787897940000000000,715.95,716.10,715.55,715.80,52652
1787898000000000000,715.80,715.95,715.65,715.95,11539
1787898060000000000,715.95,716.00,715.65,715.90,20118
1787898120000000000,715.85,716.00,715.65,715.80,33997
1787898180000000000,715.80,715.90,715.25,715.25,15831
1787898240000000000,715.25,715.55,715.05,715.40,18662
1787898300000000000,715.40,715.45,715.30,715.35,8162
1787898360000000000,715.30,715.45,715.00,715.15,21359
1787898420000000000,715.10,715.20,714.75,714.75,42227
1787898480000000000,714.80,714.95,714.70,714.80,14675
1787898540000000000,714.80,714.90,714.20,714.50,38303
1787898600000000000,714.45,714.55,714.30,714.50,16692
1787898660000000000,714.50,714.60,714.30,714.60,12861
1787898720000000000,714.50,714.60,714.40,714.60,9326
1787898780000000000,714.55,714.60,714.45,714.50,11328
1787898840000000000,714.50,714.90,714.45,714.60,23918
1787898900000000000,714.65,714.85,714.55,714.70,17218
1787898960000000000,714.65,714.70,714.50,714.65,14999
1787899020000000000,714.55,714.60,714.10,714.45,22713
1787899080000000000,714.40,714.50,714.05,714.10,18720
1787899140000000000,714.05,714.35,713.25,713.95,73093
1787899200000000000,713.90,713.95,713.55,713.90,12952
1787899260000000000,713.85,713.90,713.55,713.70,40837
1787899320000000000,713.60,713.70,713.55,713.70,10124
1787899380000000000,713.65,714.50,713.65,714.35,30822
1787899440000000000,714.25,714.60,714.25,714.60,9406
1787899500000000000,714.55,714.90,714.50,714.80,13927
1787899560000000000,714.70,714.80,714.50,714.60,9195
1787899620000000000,714.55,714.80,714.35,714.60,16438
1787899680000000000,714.55,714.70,714.50,714.70,12059
1787899740000000000,714.65,714.85,714.60,714.85,9738
1787899800000000000,714.85,715.00,714.70,714.70,18819
1787899860000000000,714.70,714.90,714.60,714.85,11837
1787899920000000000,714.85,714.95,714.55,714.70,9640
1787899980000000000,714.75,714.85,714.45,714.60,16792
1787900040000000000,714.60,714.75,714.35,714.40,12137
1787900100000000000,714.45,714.70,714.20,714.40,14269
1787900160000000000,714.40,714.80,714.35,714.75,14546
1787900220000000000,714.60,714.80,714.40,714.75,10755
1787900280000000000,714.75,714.85,714.60,714.70,14634
1787900340000000000,714.70,715.20,714.70,715.15,51659
1787900400000000000,715.15,715.30,715.10,715.30,14914
1787900460000000000,715.30,715.50,715.20,715.35,43418
1787900520000000000,715.35,715.40,715.05,715.35,31225
1787900580000000000,715.35,715.40,715.00,715.00,52997
1787900640000000000,715.00,715.60,715.00,715.55,28106
1787900700000000000,715.55,716.00,715.55,715.60,137058
1787900760000000000,715.60,715.80,715.50,715.60,22054
1787900820000000000,715.60,715.75,715.50,715.50,11995
1787900880000000000,715.50,715.75,715.05,715.55,101705
1787900940000000000,715.55,715.90,715.50,715.80,17098
1787901000000000000,715.80,715.90,715.60,715.70,14324
1787901060000000000,715.70,715.90,715.60,715.60,17785
1787901120000000000,715.60,715.75,715.55,715.70,10981
1787901180000000000,715.70,716.10,715.60,716.00,83977
1787901240000000000,716.00,716.10,716.00,716.00,79540
1787901300000000000,716.00,716.10,715.60,715.75,152503
1787901360000000000,715.70,715.90,715.40,715.70,19371
1787901420000000000,715.70,715.80,715.35,715.50,21750
1787901480000000000,715.50,716.05,715.30,716.05,114202
1787901540000000000,716.00,716.30,716.00,716.25,35793
1787901600000000000,716.25,716.30,715.80,716.00,203367
1787901660000000000,716.00,717.00,716.00,716.30,193919
1787901720000000000,716.30,716.60,716.15,716.35,11580
1787901780000000000,716.35,716.55,715.80,715.95,32568
1787901840000000000,715.95,716.00,715.70,715.90,13075
1787901900000000000,715.90,716.00,715.70,715.85,15498
1787901960000000000,715.85,716.00,715.70,715.70,20150
1787902020000000000,715.75,715.90,715.35,715.45,30945
1787902080000000000,715.45,715.90,715.30,715.30,16000
1787902140000000000,715.30,715.35,714.50,714.70,56596
1787902200000000000,714.70,714.80,714.50,714.55,27316
1787902260000000000,714.50,714.65,714.30,714.50,27035
1787902320000000000,714.45,714.50,714.10,714.20,26804
1787902380000000000,714.10,714.60,713.90,714.45,59192
1787902440000000000,714.45,714.70,714.25,714.35,17367
1787902500000000000,714.35,714.40,714.00,714.00,21924
1787902560000000000,714.00,714.10,713.70,713.85,30439
1787902620000000000,713.85,714.45,713.70,714.30,23309
1787902680000000000,714.25,714.60,714.00,714.20,21836
1787902740000000000,714.15,714.30,714.00,714.25,39421
1787902800000000000,714.20,714.40,714.00,714.15,16318
1787902860000000000,714.15,714.20,714.00,714.15,10873
1787902920000000000,714.10,714.25,713.55,713.85,47716
1787902980000000000,713.85,714.00,713.55,713.70,33977
1787903040000000000,713.60,714.20,713.60,713.70,29756
1787903100000000000,713.70,713.90,713.55,713.70,16997
1787903160000000000,713.65,713.85,713.50,713.75,29660
1787903220000000000,713.75,713.80,713.45,713.70,23743
1787903280000000000,713.65,714.15,713.50,713.80,27565
1787903340000000000,713.75,713.95,713.70,713.90,9785
1787903400000000000,713.85,713.95,713.45,713.80,25822
1787903460000000000,713.80,713.85,713.55,713.60,21527
1787903520000000000,713.60,713.95,713.60,713.75,32341
1787903580000000000,713.75,713.90,713.60,713.65,23130
1787903640000000000,713.65,713.90,713.50,713.55,23965
1787903700000000000,713.50,714.25,713.50,714.20,44814
1787903760000000000,714.20,714.60,714.10,714.50,22499
1787903820000000000,714.40,714.70,714.40,714.45,11087
1787903880000000000,714.45,714.55,714.35,714.40,12303
1787903940000000000,714.40,714.60,714.20,714.35,11661
1787904000000000000,714.35,714.55,714.20,714.55,12630
1787904060000000000,714.55,714.70,714.50,714.55,16251
1787904120000000000,714.60,714.90,714.55,714.90,11812
1787904180000000000,714.90,715.00,714.70,714.95,55634
1787904240000000000,714.95,715.00,714.80,714.95,24292
1787904300000000000,714.95,715.00,714.90,715.00,12675
1787904360000000000,715.00,715.00,714.85,715.00,8170
1787904420000000000,715.00,715.45,714.85,715.30,38681
1787904480000000000,715.30,715.50,714.85,715.15,82260
1787904540000000000,715.20,715.30,714.95,715.10,17054
1787904600000000000,715.10,715.65,715.10,715.55,36076
1787904660000000000,715.55,715.75,715.50,715.55,40575
1787904720000000000,715.55,715.95,715.45,715.70,55788
1787904780000000000,715.70,715.80,715.50,715.75,28520
1787904840000000000,715.75,715.85,715.50,715.55,19788
1787904900000000000,715.65,715.80,715.50,715.75,28659
1787904960000000000,715.75,715.75,715.50,715.65,14847
1787905020000000000,715.65,715.75,715.50,715.70,25502
1787905080000000000,715.75,715.75,715.10,715.70,80890
1787905140000000000,715.70,715.80,715.40,715.55,21884
1787905200000000000,715.65,715.75,715.45,715.75,13399
1787905260000000000,715.75,715.80,715.35,715.55,37665
1787905320000000000,715.55,715.75,715.50,715.65,19160
1787905380000000000,715.75,715.80,715.55,715.65,17830
1787905440000000000,715.75,715.75,715.45,715.60,11150
1787905500000000000,715.60,715.65,715.05,715.35,53001
1787905560000000000,715.35,715.55,715.10,715.55,18353
1787905620000000000,715.55,715.75,715.15,715.65,38943
1787905680000000000,715.65,716.00,715.35,716.00,58795
1787905740000000000,716.00,716.30,715.90,716.30,63987
1787905800000000000,716.30,716.70,716.25,716.55,43726
1787905860000000000,716.60,716.75,716.30,716.60,29001
1787905920000000000,716.60,717.00,716.40,716.95,41566
1787905980000000000,716.95,716.95,716.40,716.75,21354
1787906040000000000,716.75,716.80,716.30,716.65,13111
1787906100000000000,716.65,716.70,716.15,716.45,21156
1787906160000000000,716.45,716.50,716.25,716.50,13482
1787906220000000000,716.50,716.70,716.40,716.70,27778
1787906280000000000,716.70,716.95,716.65,716.95,44588
1787906340000000000,716.95,717.35,716.90,717.30,78696
1787906400000000000,717.35,717.50,717.15,717.50,44287
1787906460000000000,717.50,717.95,717.15,717.45,58706
1787906520000000000,717.30,717.55,717.25,717.45,18486
1787906580000000000,717.50,717.60,717.10,717.50,20969
1787906640000000000,717.50,717.50,717.15,717.45,23146
1787906700000000000,717.50,717.50,717.20,717.30,19983
1787906760000000000,717.30,718.45,717.20,718.35,178194
1787906820000000000,718.35,718.50,718.20,718.35,39431
1787906880000000000,718.35,718.35,717.65,717.95,62446
1787906940000000000,717.95,718.00,717.55,717.80,20685
1787907000000000000,717.75,718.50,717.70,718.20,78552
1787907060000000000,718.45,719.00,718.25,718.80,84366
1787907120000000000,718.80,719.00,718.55,718.80,45539
1787907180000000000,718.75,718.90,718.40,718.85,23603
1787907240000000000,718.85,719.00,718.50,718.70,30610
1787907300000000000,718.80,718.95,718.30,718.50,72745
1787907360000000000,718.60,718.70,718.15,718.45,26377
1787907420000000000,718.45,718.45,718.05,718.20,24950
1787907480000000000,718.35,718.40,718.10,718.40,40176
1787907540000000000,718.40,718.40,718.00,718.30,49038
1787907600000000000,718.25,718.35,718.15,718.30,8986
1787907660000000000,718.30,718.45,718.05,718.10,27743
1787907720000000000,718.20,718.20,718.00,718.15,21070
1787907780000000000,718.10,718.40,717.70,718.30,80825
1787907840000000000,718.30,718.40,717.90,718.20,48875
1787907900000000000,718.15,718.20,717.75,717.80,11847
1787907960000000000,717.85,718.00,717.80,718.00,16976
1787908020000000000,718.00,718.00,717.75,717.90,14643
1787908080000000000,717.95,717.95,717.70,717.70,17361
1787908140000000000,717.75,717.80,717.55,717.75,26590
1787908200000000000,717.75,717.75,717.55,717.70,18181
1787908260000000000,717.65,717.80,717.55,717.80,9587
1787908320000000000,717.80,717.80,717.70,717.80,14722
1787908380000000000,717.80,718.00,717.75,717.95,10543
1787908440000000000,718.00,718.00,717.95,718.00,7461
1787908500000000000,718.00,718.00,717.85,717.95,18784
1787908560000000000,717.95,717.95,717.80,717.95,9029
1787908620000000000,717.95,717.95,717.75,717.80,53807
1787908680000000000,717.80,718.20,717.75,718.20,33194
1787908740000000000,718.20,718.30,718.00,718.20,16166
1787908800000000000,718.20,718.40,718.00,718.30,24340
1787908860000000000,718.25,718.40,718.20,718.30,17324
1787908920000000000,718.30,718.50,718.25,718.25,17830
1787908980000000000,718.40,718.45,718.25,718.25,20285
1787909040000000000,718.40,718.45,718.05,718.40,19046
1787909100000000000,718.40,718.45,718.20,718.35,21657
1787909160000000000,718.35,718.50,718.30,718.30,30324
1787909220000000000,718.40,718.95,718.30,718.40,78335
1787909280000000000,718.40,718.65,718.30,718.40,32398
1787909340000000000,718.40,718.80,718.35,718.45,62601
1787909400000000000,718.60,718.75,718.20,718.50,52161
1787909460000000000,718.50,718.70,718.05,718.10,45439
1787909520000000000,718.35,718.50,717.50,717.90,104072
1787909580000000000,718.00,718.05,717.60,717.80,39875
1787909640000000000,717.80,718.05,717.65,718.05,42578
1787909700000000000,718.05,718.55,717.90,717.90,84045
1787909760000000000,718.20,718.30,717.85,718.05,36445
1787909820000000000,718.05,718.20,718.00,718.15,43925
1787909880000000000,718.20,718.50,718.15,718.50,54321
1787909940000000000,718.40,718.80,718.25,718.75,88825
1787910000000000000,718.75,718.95,718.70,718.85,71029
1787910060000000000,718.85,719.65,718.55,719.15,146002
1787910120000000000,719.20,719.95,719.00,719.40,174039
1787910180000000000,719.40,719.70,719.00,719.30,44179
1787910240000000000,719.40,719.50,719.00,719.50,50603
1787910300000000000,719.50,719.50,719.50,719.50,0
1787910360000000000,719.50,719.50,719.50,719.50,0
1787910420000000000,719.50,719.50,719.50,719.50,0
1787910480000000000,719.50,719.50,719.50,719.50,0
1787910540000000000,719.50,719.50,719.50,719.50,0
1787910600000000000,719.50,719.50,719.50,719.50,0
1787910660000000000,719.50,719.50,719.50,719.50,0
1787910720000000000,719.50,719.50,719.50,719.50,0
1787910780000000000,719.50,719.50,719.50,719.50,0
1787910840000000000,719.50,719.50,719.50,719.50,0
1787910900000000000,719.50,719.50,719.50,719.50,0
1787910960000000000,719.50,719.50,719.50,719.50,0
1787911020000000000,719.50,719.50,719.50,719.50,0
1787911080000000000,719.50,719.50,719.50,719.50,0
1787911140000000000,720.30,720.30,720.30,720.30,464683
1788147900000000000,723.05,726.80,723.05,724.45,3039238
1788147960000000000,724.20,729.60,723.50,728.80,1298500
1788148020000000000,729.10,733.30,728.25,732.80,1420533
1788148080000000000,732.80,733.50,731.30,733.40,1323667
1788148140000000000,733.10,738.00,733.05,736.90,2445141
1788148200000000000,736.90,737.40,735.35,737.00,1441432
1788148260000000000,737.20,737.25,734.15,735.00,643996
1788148320000000000,735.15,735.55,734.40,734.85,560005
1788148380000000000,734.95,738.30,734.85,736.90,972099
1788148440000000000,736.90,737.75,735.50,737.20,667001
1788148500000000000,737.10,739.75,736.95,739.10,1087008
1788148560000000000,739.20,739.45,735.75,735.85,1046218
1788148620000000000,735.85,736.85,734.10,734.65,774451
1788148680000000000,734.65,735.95,733.60,734.10,620202
1788148740000000000,734.15,734.30,732.50,733.50,333700
1788148800000000000,733.35,734.90,733.00,734.20,555768
1788148860000000000,734.20,734.85,733.40,734.00,560245
1788148920000000000,734.20,737.35,733.75,737.05,665282
1788148980000000000,737.10,738.50,737.00,737.55,675519
1788149040000000000,737.50,738.90,736.10,736.30,446756
1788149100000000000,736.35,737.00,735.50,735.75,218298
1788149160000000000,735.75,736.00,735.20,735.90,163086
1788149220000000000,735.90,736.95,735.55,736.60,222589
1788149280000000000,736.60,737.00,735.20,735.20,138621
1788149340000000000,735.50,735.65,735.00,735.15,115027
1788149400000000000,735.40,735.65,734.05,735.15,536421
1788149460000000000,735.00,735.30,734.00,734.05,240633
1788149520000000000,734.10,734.65,733.55,733.90,206087
1788149580000000000,733.95,734.40,733.35,733.40,206149
1788149640000000000,733.55,734.00,733.35,733.75,112593
1788149700000000000,733.75,733.95,733.00,733.45,244858
1788149760000000000,733.45,733.90,733.00,733.80,726786
1788149820000000000,733.80,734.00,733.40,733.90,94060
1788149880000000000,733.90,734.30,732.00,732.55,525366
1788149940000000000,732.60,733.00,732.15,732.60,144864
1788150000000000000,732.60,733.10,732.05,732.40,161375
1788150060000000000,732.40,732.70,732.00,732.00,114048
1788150120000000000,732.15,732.35,730.60,730.90,221373
1788150180000000000,730.90,731.85,730.40,731.35,211493
1788150240000000000,731.35,732.50,731.20,732.05,394051
1788150300000000000,732.25,732.50,731.05,731.40,265525
1788150360000000000,731.40,731.95,730.90,731.40,163583
1788150420000000000,731.45,732.00,731.15,731.70,117873
1788150480000000000,731.65,731.85,731.05,731.45,77662
1788150540000000000,731.45,731.45,730.20,731.05,230735
1788150600000000000,731.25,732.00,731.05,731.85,85955
1788150660000000000,731.85,731.95,730.90,731.35,112579
1788150720000000000,731.35,731.90,730.90,731.20,101726
1788150780000000000,731.40,731.50,731.00,731.50,71515
1788150840000000000,731.50,731.85,731.20,731.75,34933
1788150900000000000,731.70,733.40,731.05,733.40,347478
1788150960000000000,733.40,733.50,732.75,733.10,384458
1788151020000000000,733.10,733.35,731.95,732.50,105877
1788151080000000000,732.80,732.80,731.85,731.95,91945
1788151140000000000,732.05,732.10,730.65,731.00,314223
1788151200000000000,731.00,731.45,729.00,730.00,577832
1788151260000000000,730.20,731.00,729.75,730.10,158779
1788151320000000000,730.20,730.60,730.05,730.60,60431
1788151380000000000,730.60,730.75,729.95,730.50,164127
1788151440000000000,730.50,730.70,729.90,730.35,62124
1788151500000000000,730.00,730.30,729.85,729.95,51376
1788151560000000000,730.00,730.20,729.30,729.30,151986
1788151620000000000,729.40,729.50,728.50,728.65,188345
1788151680000000000,728.60,728.95,728.25,728.40,88700
1788151740000000000,728.65,729.00,728.20,728.75,93149
1788151800000000000,729.00,729.00,728.60,728.75,59664
1788151860000000000,728.85,729.30,728.75,729.10,40175
1788151920000000000,729.30,729.40,728.60,729.00,60387
1788151980000000000,729.00,729.00,728.00,728.00,105807
1788152040000000000,728.10,728.20,727.30,727.70,179063
1788152100000000000,727.85,728.00,726.55,726.95,140493
1788152160000000000,727.05,728.65,726.85,728.35,115174
1788152220000000000,728.60,728.80,728.30,728.60,55411
1788152280000000000,728.60,729.45,728.50,729.05,78261
1788152340000000000,729.10,729.20,728.15,728.55,51614
1788152400000000000,728.55,728.80,728.00,728.65,45662
1788152460000000000,728.65,728.90,728.25,728.85,28293
1788152520000000000,728.60,728.95,728.00,728.00,50690
1788152580000000000,728.25,728.25,727.25,727.70,79544
1788152640000000000,727.95,727.95,726.65,726.65,133453
1788152700000000000,726.70,727.35,726.55,726.85,123574
1788152760000000000,726.95,726.95,726.35,726.65,71194
1788152820000000000,726.90,726.95,725.55,725.90,113672
1788152880000000000,725.75,725.95,725.50,725.50,60463
1788152940000000000,725.55,726.10,725.50,725.85,55326
1788153000000000000,725.95,726.25,725.45,725.70,100760
1788153060000000000,725.70,726.10,725.40,726.00,53266
1788153120000000000,726.00,726.20,725.60,725.75,45890
1788153180000000000,725.75,726.05,725.55,725.65,50400
1788153240000000000,725.80,726.70,725.65,726.25,120501
1788153300000000000,726.35,726.35,725.85,726.20,67852
1788153360000000000,726.20,726.40,725.70,726.05,97472
1788153420000000000,726.05,726.35,725.10,725.35,77657
1788153480000000000,725.35,725.70,725.20,725.30,35988
1788153540000000000,725.30,725.50,725.00,725.40,119528
1788153600000000000,725.40,725.60,724.60,724.65,156004
1788153660000000000,724.65,724.95,724.40,724.65,83848
1788153720000000000,724.65,724.90,724.25,724.60,89043
1788153780000000000,724.75,725.60,724.55,725.05,91666
1788153840000000000,725.05,725.25,724.70,724.75,69286
1788153900000000000,724.95,725.00,724.55,724.75,43346
1788153960000000000,724.90,725.00,724.25,724.40,43824
1788154020000000000,724.50,724.75,724.30,724.60,35566
1788154080000000000,724.65,724.90,724.60,724.65,34320
1788154140000000000,724.80,725.00,724.30,724.50,77106
1788154200000000000,724.55,726.05,724.30,725.70,180391
1788154260000000000,725.80,726.60,725.55,726.40,184240
1788154320000000000,726.50,726.50,725.90,726.40,59491
1788154380000000000,726.45,726.75,726.10,726.30,94517
1788154440000000000,726.35,726.90,726.00,726.55,83787
1788154500000000000,726.80,726.90,726.10,726.10,66835
1788154560000000000,726.30,726.35,725.50,725.80,76814
1788154620000000000,725.90,726.25,725.60,725.80,56712
1788154680000000000,725.80,726.00,725.60,725.70,29556
1788154740000000000,725.75,725.90,725.20,725.35,34713
1788154800000000000,725.40,725.65,725.20,725.20,40814
1788154860000000000,725.30,725.50,724.50,724.50,86504
1788154920000000000,724.60,725.00,724.45,724.45,37371
1788154980000000000,724.60,725.00,724.40,724.75,31833
1788155040000000000,724.90,725.25,724.75,724.80,34942
1788155100000000000,725.00,725.50,724.80,724.90,31028
1788155160000000000,725.10,725.15,724.60,724.70,25037
1788155220000000000,724.80,725.00,724.50,724.90,36816
1788155280000000000,724.90,725.05,724.75,724.80,19701
1788155340000000000,724.90,725.10,724.75,724.90,19006
1788155400000000000,724.95,725.00,724.20,724.75,77253
1788155460000000000,724.75,724.75,724.25,724.60,39461
1788155520000000000,724.60,725.00,724.40,724.70,27636
1788155580000000000,724.70,724.90,724.50,724.55,26307
1788155640000000000,724.65,724.95,724.10,724.20,49211
1788155700000000000,724.35,724.45,724.00,724.00,87442
1788155760000000000,724.10,724.20,724.00,724.15,29259
1788155820000000000,724.15,724.45,724.05,724.40,28065
1788155880000000000,724.25,724.60,724.25,724.25,34644
1788155940000000000,724.40,724.75,724.25,724.50,23484
1788156000000000000,724.50,725.00,724.30,724.70,36257
1788156060000000000,724.75,725.00,724.10,724.10,65202
1788156120000000000,724.15,724.80,724.05,724.40,47063
1788156180000000000,724.50,724.70,724.25,724.35,19968
1788156240000000000,724.45,725.00,724.20,724.75,40115
1788156300000000000,724.55,725.00,724.45,724.85,34580
1788156360000000000,724.90,725.35,724.60,724.60,185910
1788156420000000000,724.75,724.95,723.50,723.65,143202
1788156480000000000,723.85,724.10,723.20,723.60,89925
1788156540000000000,723.35,723.80,723.25,723.35,55278
1788156600000000000,723.55,723.95,723.30,723.50,44840
1788156660000000000,723.65,723.95,723.50,723.60,38447
1788156720000000000,723.65,724.00,723.50,723.70,52893
1788156780000000000,723.70,724.15,723.50,723.70,67636
1788156840000000000,723.65,724.20,723.35,723.85,41391
1788156900000000000,723.95,724.25,723.80,723.85,50345
1788156960000000000,723.85,724.20,723.65,723.90,22866
1788157020000000000,723.90,724.10,723.30,723.35,31307
1788157080000000000,723.50,723.70,723.05,723.30,53139
1788157140000000000,723.55,723.85,723.25,723.50,66226
1788157200000000000,723.65,724.00,723.50,723.80,44272
1788157260000000000,723.80,724.15,723.40,723.55,109806
1788157320000000000,723.60,723.90,723.50,723.55,34239
1788157380000000000,723.60,723.95,723.55,723.55,31311
1788157440000000000,723.60,725.00,723.55,724.75,58015
1788157500000000000,724.80,724.80,724.00,724.45,93553
1788157560000000000,724.45,724.60,723.60,723.90,107659
1788157620000000000,723.95,724.05,723.10,723.50,133703
1788157680000000000,723.60,723.95,723.05,723.10,80071
1788157740000000000,723.30,723.40,722.30,722.85,202605
1788157800000000000,722.60,723.00,722.25,722.45,116929
1788157860000000000,722.45,722.50,721.40,722.00,248067
1788157920000000000,722.10,722.40,722.00,722.40,49722
1788157980000000000,722.40,722.70,722.10,722.35,47373
1788158040000000000,722.60,722.85,722.30,722.85,47632
1788158100000000000,722.85,722.85,722.10,722.35,49002
1788158160000000000,722.35,722.45,721.70,722.10,95818
1788158220000000000,722.15,722.35,721.80,722.30,74162
1788158280000000000,722.35,722.45,722.05,722.30,33869
1788158340000000000,722.30,722.45,722.05,722.20,26826
1788158400000000000,722.30,722.50,721.90,722.00,44254
1788158460000000000,722.05,722.45,721.90,722.25,30163
1788158520000000000,722.25,722.55,722.10,722.35,23830
1788158580000000000,722.55,722.70,721.45,721.50,90442
1788158640000000000,721.70,721.70,720.30,720.65,254711
1788158700000000000,720.65,721.00,720.50,721.00,38329
1788158760000000000,721.00,721.15,720.40,720.80,126608
1788158820000000000,721.00,721.10,720.60,720.95,32789
1788158880000000000,720.95,721.15,720.40,720.70,59666
1788158940000000000,720.95,720.95,720.50,720.80,129353
1788159000000000000,720.80,720.95,720.50,720.65,43135
1788159060000000000,720.65,721.00,720.60,720.80,39999
1788159120000000000,720.90,721.00,720.65,720.80,46878
1788159180000000000,720.95,721.05,720.15,720.25,113160
1788159240000000000,720.40,720.55,719.50,719.55,323666
1788159300000000000,719.85,719.90,719.50,719.50,59442
1788159360000000000,719.55,719.85,719.25,719.50,66620
1788159420000000000,719.50,719.65,719.15,719.45,62371
1788159480000000000,719.65,719.90,719.10,719.20,80863
1788159540000000000,719.20,719.45,719.00,719.20,70798
1788159600000000000,719.20,719.20,718.25,718.65,281997
1788159660000000000,718.55,719.05,718.35,718.80,158277
1788159720000000000,719.00,719.10,718.70,719.00,48900
1788159780000000000,719.00,719.30,718.75,719.00,58840
1788159840000000000,719.20,719.25,718.55,718.60,79775
1788159900000000000,718.70,719.00,718.55,718.80,51772
1788159960000000000,719.00,719.15,718.55,718.90,99323
1788160020000000000,719.00,719.00,718.40,718.75,88218
1788160080000000000,718.75,718.80,718.45,718.60,38830
1788160140000000000,718.80,719.00,718.60,719.00,33164
1788160200000000000,719.00,719.05,718.75,718.85,34455
1788160260000000000,719.05,719.10,718.45,718.70,71116
1788160320000000000,718.90,719.10,718.20,718.40,54397
1788160380000000000,718.40,718.45,718.10,718.10,51796
1788160440000000000,718.10,718.35,718.10,718.20,70996
1788160500000000000,718.20,718.30,717.30,717.35,262364
1788160560000000000,717.45,717.60,716.65,716.85,157083
1788160620000000000,716.95,717.00,716.60,716.65,129985
1788160680000000000,716.75,716.95,716.30,716.60,125448
1788160740000000000,716.70,717.45,716.50,717.20,112823
1788160800000000000,717.20,717.50,717.00,717.40,63771
1788160860000000000,717.45,717.55,717.00,717.05,77559
1788160920000000000,717.05,717.45,717.05,717.40,28650
1788160980000000000,717.40,717.40,717.15,717.35,17674
1788161040000000000,717.35,717.95,717.30,717.55,61100
1788161100000000000,717.80,717.85,717.05,717.20,81015
1788161160000000000,717.30,717.45,717.20,717.35,21071
1788161220000000000,717.35,717.55,717.10,717.40,60458
1788161280000000000,717.40,717.70,717.30,717.50,32507
1788161340000000000,717.60,717.80,717.35,717.50,43046
1788161400000000000,717.50,717.65,716.75,717.10,135957
1788161460000000000,717.15,718.10,717.00,717.65,117177
1788161520000000000,717.65,717.90,717.30,717.35,42661
1788161580000000000,717.35,717.95,717.30,717.50,47777
1788161640000000000,717.70,718.00,717.40,717.75,37134
1788161700000000000,718.00,718.00,717.75,718.00,20697
1788161760000000000,718.00,718.20,717.50,717.60,44479
1788161820000000000,717.60,717.75,717.30,717.40,27687
1788161880000000000,717.50,717.50,716.80,717.35,73626
1788161940000000000,717.35,717.35,716.30,716.50,56284
1788162000000000000,716.50,716.75,716.00,716.15,78437
1788162060000000000,716.20,716.30,715.50,715.50,109825
1788162120000000000,715.70,716.35,715.50,716.10,59519
1788162180000000000,716.15,716.70,716.00,716.60,63037
1788162240000000000,716.60,716.85,716.40,716.80,34476
1788162300000000000,716.80,716.95,716.30,716.45,48085
1788162360000000000,716.50,716.70,716.40,716.50,20347
1788162420000000000,716.55,716.65,715.85,716.20,80811
1788162480000000000,716.25,716.35,716.00,716.05,33372
1788162540000000000,716.15,716.25,716.00,716.00,41282
1788162600000000000,716.05,716.35,716.00,716.10,61208
1788162660000000000,716.15,716.55,716.10,716.45,46737
1788162720000000000,716.45,716.85,716.25,716.30,32958
1788162780000000000,716.30,716.70,716.10,716.50,44234
1788162840000000000,716.50,716.70,716.10,716.45,46500
1788162900000000000,716.45,716.45,716.10,716.15,33272
1788162960000000000,716.20,716.45,716.10,716.45,38848
1788163020000000000,716.45,718.20,716.05,717.20,1386283
1788163080000000000,717.40,717.50,716.00,716.55,466203
1788163140000000000,716.55,716.75,716.10,716.65,51871
1788163200000000000,716.65,716.70,716.10,716.20,38408
1788163260000000000,716.30,716.45,715.50,715.75,246146
1788163320000000000,715.90,716.30,715.75,716.00,25760
1788163380000000000,716.20,716.30,715.80,715.90,46160
1788163440000000000,716.00,716.15,715.65,715.75,58766
1788163500000000000,715.90,715.95,715.65,715.85,31912
1788163560000000000,715.85,715.90,715.55,715.85,27348
1788163620000000000,715.85,715.90,715.00,715.35,158314
1788163680000000000,715.35,715.60,715.00,715.20,136032
1788163740000000000,715.40,715.45,715.00,715.20,54224
1788163800000000000,715.30,715.50,715.10,715.35,24651
1788163860000000000,715.50,715.50,713.60,714.30,512809
1788163920000000000,714.45,715.05,714.05,714.05,182005
1788163980000000000,714.10,714.40,713.05,713.60,364408
1788164040000000000,713.55,714.20,713.05,713.20,345899
1788164100000000000,713.30,714.40,713.20,713.55,400302
1788164160000000000,713.55,714.00,713.30,713.90,79829
1788164220000000000,713.90,713.95,713.55,713.80,64997
1788164280000000000,713.80,714.00,713.60,713.90,94222
1788164340000000000,713.95,714.60,713.80,714.50,76296
1788164400000000000,714.50,714.65,714.10,714.25,66478
1788164460000000000,714.25,714.50,714.20,714.35,39013
1788164520000000000,714.35,714.50,714.35,714.40,69806
1788164580000000000,714.40,714.65,714.30,714.55,67378
1788164640000000000,714.55,714.60,714.10,714.35,79890
1788164700000000000,714.35,714.50,713.70,713.75,70047
1788164760000000000,713.75,714.35,713.30,714.00,298018
1788164820000000000,714.25,714.45,713.50,714.35,455059
1788164880000000000,714.35,714.40,714.00,714.30,38979
1788164940000000000,714.30,714.35,714.00,714.25,37766
1788165000000000000,714.25,714.30,713.45,713.80,105351
1788165060000000000,713.80,713.85,713.20,713.30,107824
1788165120000000000,713.30,713.50,712.30,712.50,242596
1788165180000000000,712.50,712.60,712.10,712.25,68967
1788165240000000000,712.25,712.50,712.00,712.00,128222
1788165300000000000,712.10,712.20,711.10,711.60,155920
1788165360000000000,711.60,712.50,711.30,712.35,361789
1788165420000000000,712.35,712.65,711.95,712.60,95034
1788165480000000000,712.60,712.65,711.30,711.50,287440
1788165540000000000,711.70,711.95,711.00,711.10,95758
1788165600000000000,711.15,711.40,711.00,711.15,82033
1788165660000000000,711.10,711.30,710.60,710.65,214288
1788165720000000000,710.65,711.30,710.50,710.75,289802
1788165780000000000,710.75,711.30,710.65,710.80,170956
1788165840000000000,710.80,711.20,710.50,710.60,104863
1788165900000000000,710.65,711.05,710.60,710.85,56223
1788165960000000000,710.85,711.60,709.05,710.85,1040117
1788166020000000000,711.10,712.00,710.00,710.95,1408931
1788166080000000000,710.65,711.15,710.00,710.40,245127
1788166140000000000,710.40,710.50,708.60,709.20,671960
1788166200000000000,709.00,709.20,707.60,707.85,353705
1788166260000000000,708.05,708.35,707.30,707.65,179985
1788166320000000000,707.80,707.80,706.10,706.35,323316
1788166380000000000,706.35,706.40,704.15,705.00,530560
1788166440000000000,704.95,706.55,704.50,706.15,354702
1788166500000000000,706.10,706.75,705.05,705.75,905234
1788166560000000000,706.00,706.90,705.80,706.65,284989
1788166620000000000,706.65,706.80,705.60,705.65,316094
1788166680000000000,705.65,706.00,705.10,705.95,182282
1788166740000000000,705.80,706.40,705.50,705.80,240137
1788166800000000000,705.80,706.25,705.70,706.25,81261
1788166860000000000,706.25,706.70,705.90,706.30,158661
1788166920000000000,706.40,707.80,706.30,707.35,349858
1788166980000000000,707.35,707.55,706.45,706.75,135272
1788167040000000000,706.80,707.00,706.45,706.90,92024
1788167100000000000,706.90,707.50,706.70,707.05,112328
1788167160000000000,707.10,707.35,706.15,706.50,140121
1788167220000000000,706.50,707.25,706.20,707.00,171397
1788167280000000000,707.05,707.40,706.80,707.25,76534
1788167340000000000,707.35,707.50,707.00,707.45,106133
1788167400000000000,707.45,707.50,707.00,707.30,230534
1788167460000000000,707.30,707.45,707.05,707.20,127752
1788167520000000000,707.20,708.40,707.15,708.00,239318
1788167580000000000,707.85,708.20,707.60,707.75,155585
1788167640000000000,707.75,708.05,707.10,707.20,201629
1788167700000000000,707.20,708.00,707.05,707.95,275241
1788167760000000000,707.90,708.80,707.70,708.40,289219
1788167820000000000,708.40,708.45,707.30,707.50,289713
1788167880000000000,707.45,707.50,706.20,706.55,333979
1788167940000000000,706.55,706.70,706.10,706.20,169944
1788168000000000000,706.20,706.75,706.10,706.40,153491
1788168060000000000,706.50,707.00,706.40,706.80,143701
1788168120000000000,706.95,707.25,706.70,706.95,159265
1788168180000000000,706.90,707.00,706.60,706.85,198097
1788168240000000000,706.90,708.30,706.85,708.25,316616
1788168300000000000,708.15,708.85,707.75,708.60,393793
1788168360000000000,708.60,709.10,708.50,708.90,300652
1788168420000000000,708.95,709.85,708.80,709.50,466736
1788168480000000000,709.60,709.60,709.15,709.40,249430
1788168540000000000,709.40,709.60,708.60,709.30,501792
1788168600000000000,709.30,709.55,708.50,709.50,566267
1788168660000000000,709.50,710.70,709.45,710.25,416088
1788168720000000000,710.20,710.80,710.00,710.50,355024
1788168780000000000,710.50,710.90,710.00,710.20,787990
1788168840000000000,710.05,710.50,709.85,710.15,521628
1788168900000000000,710.00,710.90,710.00,710.55,330253
1788168960000000000,710.55,710.95,710.05,710.75,299304
1788169020000000000,710.65,710.85,710.00,710.50,291789
1788169080000000000,710.55,710.55,710.00,710.05,449331
1788169140000000000,710.05,710.10,709.30,709.70,674021
1788169200000000000,709.70,709.75,709.30,709.45,294282
1788169260000000000,709.30,710.15,709.30,709.45,383008
1788169320000000000,709.45,709.65,709.00,709.35,627361
1788169380000000000,709.30,709.90,709.00,709.70,376953
1788169440000000000,709.70,709.80,709.25,709.70,114039
1788169500000000000,709.70,709.70,709.70,709.70,0
1788169560000000000,709.70,709.70,709.70,709.70,0
1788169620000000000,709.70,709.70,709.70,709.70,0
1788169680000000000,709.70,709.70,709.70,709.70,0
1788169740000000000,709.70,709.70,709.70,709.70,0
1788169800000000000,709.70,709.70,709.70,709.70,0
1788169860000000000,709.70,709.70,709.70,709.70,0
1788169920000000000,709.70,709.70,709.70,709.70,0
1788169980000000000,709.70,709.70,709.70,709.70,0
1788170040000000000,709.70,709.70,709.70,709.70,0
1788170100000000000,709.70,709.70,709.70,709.70,0
1788170160000000000,709.70,709.70,709.70,709.70,0
1788170220000000000,709.70,709.70,709.70,709.70,0
1788170280000000000,709.70,709.70,709.70,709.70,0
1788170340000000000,709.00,709.00,709.00,709.00,6246413
1788234300000000000,705.05,710.00,705.05,706.45,1369868
1788234360000000000,706.45,707.35,705.55,705.95,522368
1788234420000000000,706.00,706.95,705.65,705.95,485870
1788234480000000000,705.95,707.50,705.60,706.65,409389
1788234540000000000,706.65,706.75,705.50,705.65,456049
1788234600000000000,705.65,705.90,704.15,704.55,580499
1788234660000000000,704.65,705.15,704.50,705.15,227567
1788234720000000000,705.15,705.60,704.50,704.80,257478
1788234780000000000,704.80,704.95,704.15,704.20,178611
1788234840000000000,704.20,704.25,703.10,703.65,304088
1788234900000000000,703.60,704.10,703.05,704.05,264049
1788234960000000000,704.05,705.05,704.00,704.80,165974
1788235020000000000,704.75,705.00,704.50,704.60,127684
1788235080000000000,704.60,704.85,704.25,704.85,152195
1788235140000000000,704.85,705.40,704.75,704.95,239472
1788235200000000000,704.95,705.05,704.50,704.70,135408
1788235260000000000,704.65,705.10,704.20,704.25,158134
1788235320000000000,704.20,704.75,704.10,704.55,123459
1788235380000000000,704.55,704.95,704.25,704.50,112551
1788235440000000000,704.40,704.60,704.20,704.30,68165
1788235500000000000,704.30,705.20,704.30,704.90,114359
1788235560000000000,704.95,705.35,704.60,704.70,193532
1788235620000000000,704.70,705.00,704.30,704.65,106605
1788235680000000000,704.70,705.00,704.55,704.80,37877
1788235740000000000,704.80,704.90,704.15,704.25,129645
1788235800000000000,704.25,704.25,703.20,703.45,370429
1788235860000000000,703.45,704.00,703.25,703.65,100424
1788235920000000000,703.65,703.85,703.25,703.35,98300
1788235980000000000,703.35,703.35,702.40,702.70,403516
1788236040000000000,702.75,702.85,702.00,702.35,431024
1788236100000000000,702.35,702.35,701.25,701.45,355544
1788236160000000000,701.35,701.90,700.95,701.50,562240
1788236220000000000,701.50,701.60,700.20,700.70,496838
1788236280000000000,700.70,701.00,698.50,699.00,905005
1788236340000000000,699.10,700.35,699.00,700.10,275402
1788236400000000000,700.20,700.90,700.00,700.60,142150
1788236460000000000,700.65,700.65,699.60,700.05,339270
1788236520000000000,700.00,700.95,700.00,700.80,98208
1788236580000000000,700.80,701.90,700.75,701.70,116926
1788236640000000000,701.70,702.00,701.60,701.70,80009
1788236700000000000,701.70,702.10,701.65,701.95,112030
1788236760000000000,701.95,702.25,701.65,701.95,102867
1788236820000000000,701.95,702.10,701.65,701.95,46097
1788236880000000000,701.85,701.90,701.05,701.60,83261
1788236940000000000,701.60,701.70,701.30,701.70,59269
1788237000000000000,701.70,701.90,701.60,701.80,35473
1788237060000000000,701.75,701.95,701.40,701.95,88685
1788237120000000000,701.95,702.40,701.70,702.30,80940
1788237180000000000,702.30,702.90,702.15,702.80,114375
1788237240000000000,702.75,702.85,702.40,702.65,71428
1788237300000000000,702.65,702.65,701.90,701.95,89971
1788237360000000000,701.95,702.25,701.50,702.10,66113
1788237420000000000,702.15,702.15,701.70,702.00,76616
1788237480000000000,702.00,702.55,701.85,702.55,44548
1788237540000000000,702.45,703.35,702.45,703.05,107404
1788237600000000000,703.05,703.90,702.95,703.80,770890
1788237660000000000,703.80,705.90,703.50,705.45,472610
1788237720000000000,705.45,706.35,705.15,706.20,211912
1788237780000000000,706.20,706.20,705.20,705.95,150538
1788237840000000000,705.95,706.90,705.80,706.25,154872
1788237900000000000,706.35,707.15,706.20,706.65,146318
1788237960000000000,706.65,706.70,705.95,706.00,124131
1788238020000000000,706.05,707.00,705.70,706.90,209288
1788238080000000000,706.90,707.00,706.40,706.60,69100
1788238140000000000,706.55,706.90,706.05,706.50,80222
1788238200000000000,706.45,706.45,705.75,706.00,62050
1788238260000000000,706.05,706.30,705.60,706.05,171466
1788238320000000000,706.05,706.25,706.00,706.20,42973
1788238380000000000,706.20,706.95,706.20,706.85,121214
1788238440000000000,706.85,708.75,706.75,708.35,326418
1788238500000000000,708.35,708.75,708.05,708.10,132781
1788238560000000000,708.25,708.30,707.50,707.70,56805
1788238620000000000,707.70,708.30,707.50,708.20,66364
1788238680000000000,708.20,708.90,707.80,708.80,104017
1788238740000000000,708.80,708.90,708.45,708.70,67498
1788238800000000000,708.70,711.00,708.60,710.60,540289
1788238860000000000,710.80,711.30,710.45,710.55,192185
1788238920000000000,710.60,710.90,710.35,710.40,95215
1788238980000000000,710.40,710.50,710.00,710.10,89062
1788239040000000000,710.10,710.25,709.90,710.05,274456
1788239100000000000,710.05,710.15,709.15,709.40,605748
1788239160000000000,709.65,709.95,708.45,709.80,229783
1788239220000000000,709.80,710.40,709.50,710.40,81984
1788239280000000000,710.40,710.50,710.00,710.30,43787
1788239340000000000,710.30,710.40,710.00,710.10,36387
1788239400000000000,710.10,710.15,709.40,709.40,484612
1788239460000000000,709.70,709.70,708.85,708.90,44096
1788239520000000000,709.15,710.30,708.90,710.00,109029
1788239580000000000,710.15,710.30,710.00,710.15,32523
1788239640000000000,710.20,710.40,710.00,710.10,40472
1788239700000000000,710.10,710.20,710.00,710.20,44688
1788239760000000000,710.20,710.75,710.10,710.70,61487
1788239820000000000,710.70,710.70,710.50,710.60,28281
1788239880000000000,710.60,710.75,709.55,710.15,287095
1788239940000000000,710.15,710.20,709.50,710.05,314576
1788240000000000000,710.00,710.35,709.50,710.15,79297
1788240060000000000,710.30,710.30,710.00,710.10,20384
1788240120000000000,710.10,711.45,710.00,711.20,123037
1788240180000000000,711.45,712.40,711.25,712.15,263653
1788240240000000000,712.15,712.45,712.00,712.10,115864
1788240300000000000,712.10,712.20,711.55,712.00,526978
1788240360000000000,712.05,712.05,710.45,710.70,115311
1788240420000000000,710.70,712.20,709.60,712.05,526034
1788240480000000000,712.05,712.20,711.10,711.25,105349
1788240540000000000,711.25,711.25,710.70,711.00,48723
1788240600000000000,711.00,711.50,710.90,711.00,76862
1788240660000000000,711.20,711.45,711.00,711.30,20519
1788240720000000000,711.30,711.70,711.30,711.70,35700
1788240780000000000,711.70,711.70,711.30,711.40,58019
1788240840000000000,711.35,711.90,711.35,711.85,40070
1788240900000000000,711.85,711.85,711.30,711.85,31111
1788240960000000000,711.70,711.90,710.90,711.45,125702
1788241020000000000,711.65,712.90,711.30,712.80,96412
1788241080000000000,712.80,713.00,712.50,712.90,51122
1788241140000000000,712.90,713.20,712.20,713.00,79867
1788241200000000000,713.00,713.10,712.60,713.00,68321
1788241260000000000,713.00,713.00,712.55,712.90,35580
1788241320000000000,712.90,713.00,712.50,713.00,35988
1788241380000000000,712.95,713.10,712.75,712.75,34209
1788241440000000000,712.85,713.10,712.60,713.10,32384
1788241500000000000,713.10,714.60,713.05,714.25,185275
1788241560000000000,714.35,714.60,714.10,714.40,66750
1788241620000000000,714.50,714.85,714.25,714.75,74071
1788241680000000000,714.70,715.00,714.40,714.50,85092
1788241740000000000,714.50,714.90,714.00,714.90,71078
1788241800000000000,714.90,715.45,714.75,715.20,138639
1788241860000000000,715.15,715.25,714.75,715.00,73811
1788241920000000000,715.10,715.30,715.00,715.30,27758
1788241980000000000,715.30,715.40,714.45,714.65,215384
1788242040000000000,714.65,714.70,714.15,714.60,42613
1788242100000000000,714.60,714.70,714.30,714.45,40013
1788242160000000000,714.40,714.50,713.30,714.15,198146
1788242220000000000,714.35,714.60,714.00,714.35,28282
1788242280000000000,714.50,714.60,714.00,714.30,24452
1788242340000000000,714.40,714.55,714.10,714.40,28539
1788242400000000000,714.50,714.95,714.10,714.90,59898
1788242460000000000,714.95,714.95,714.25,714.60,51554
1788242520000000000,714.65,715.00,714.20,714.40,124725
1788242580000000000,714.60,714.85,714.40,714.80,33687
1788242640000000000,714.80,714.80,713.90,714.00,44911
1788242700000000000,714.00,714.00,713.10,713.30,54619
1788242760000000000,713.30,713.60,713.10,713.20,54177
1788242820000000000,713.30,713.45,713.10,713.15,27867
1788242880000000000,713.15,713.20,712.30,712.70,124912
1788242940000000000,712.80,712.90,712.25,712.50,35646
1788243000000000000,712.50,712.55,712.00,712.05,67414
1788243060000000000,712.15,713.15,711.95,713.05,68976
1788243120000000000,713.15,713.80,712.55,713.05,184380
1788243180000000000,713.10,713.25,712.75,712.80,20495
1788243240000000000,712.80,713.15,712.75,713.00,56849
1788243300000000000,713.00,713.40,712.70,712.85,73886
1788243360000000000,712.95,713.00,712.45,712.45,21163
1788243420000000000,712.60,712.60,712.00,712.05,34337
1788243480000000000,712.25,712.25,712.00,712.20,16363
1788243540000000000,712.20,712.20,711.65,711.70,32077
1788243600000000000,711.75,711.90,711.45,711.90,41895
1788243660000000000,711.90,712.10,711.05,711.45,162259
1788243720000000000,711.45,712.30,711.40,712.15,33215
1788243780000000000,712.15,712.40,711.50,711.95,59049
1788243840000000000,711.95,712.50,711.70,712.30,30976
1788243900000000000,712.30,712.50,711.65,712.05,40873
1788243960000000000,712.00,712.05,711.60,712.05,34931
1788244020000000000,712.05,712.20,711.60,711.85,29537
1788244080000000000,711.85,711.85,711.40,711.40,20802
1788244140000000000,711.45,711.55,710.70,710.80,85934
1788244200000000000,710.90,711.20,710.80,711.05,46103
1788244260000000000,711.05,711.05,710.55,710.90,42507
1788244320000000000,710.80,710.95,710.55,710.70,30401
1788244380000000000,710.70,710.70,710.40,710.60,40591
1788244440000000000,710.60,711.00,710.55,710.95,23443
1788244500000000000,711.00,711.20,710.70,711.15,59085
1788244560000000000,711.15,711.30,711.00,711.05,23206
1788244620000000000,711.15,711.20,711.00,711.10,27371
1788244680000000000,711.20,711.60,711.10,711.40,59786
1788244740000000000,711.45,711.50,711.25,711.40,17127
1788244800000000000,711.45,712.10,711.45,711.90,50286
1788244860000000000,711.90,712.15,711.80,712.05,19600
1788244920000000000,712.05,712.05,711.60,711.90,21723
1788244980000000000,711.85,711.90,711.45,711.80,22014
1788245040000000000,711.80,711.80,711.45,711.70,14840
1788245100000000000,711.70,711.80,711.50,711.55,23994
1788245160000000000,711.60,711.60,711.10,711.15,16102
1788245220000000000,711.15,711.45,711.05,711.30,15662
1788245280000000000,711.30,711.35,711.20,711.20,17147
1788245340000000000,711.25,711.40,711.05,711.40,18447
1788245400000000000,711.35,711.45,711.10,711.40,18421
1788245460000000000,711.45,711.45,711.05,711.20,18386
1788245520000000000,711.25,711.45,711.00,711.20,22369
1788245580000000000,711.20,711.25,710.95,711.20,18078
1788245640000000000,711.20,711.20,710.35,710.40,49861
1788245700000000000,710.45,710.95,710.30,710.50,39941
1788245760000000000,710.65,711.05,710.55,711.00,27787
1788245820000000000,711.00,711.05,710.70,710.90,16393
1788245880000000000,710.95,710.95,710.55,710.70,41842
1788245940000000000,710.85,711.05,710.55,710.90,35403
1788246000000000000,710.90,711.10,710.55,711.00,27301
1788246060000000000,711.00,711.10,710.65,710.85,20908
1788246120000000000,710.90,711.00,710.65,710.95,16796
1788246180000000000,710.90,710.95,710.60,710.70,20648
1788246240000000000,710.75,710.75,710.60,710.70,12667
1788246300000000000,710.70,710.80,710.65,710.75,16352
1788246360000000000,710.75,710.80,710.70,710.75,16016
1788246420000000000,710.75,710.75,710.65,710.75,19732
1788246480000000000,710.75,710.95,710.55,710.90,32436
1788246540000000000,710.90,710.95,710.65,710.90,18446
1788246600000000000,710.90,711.00,710.75,710.95,17612
1788246660000000000,710.95,711.55,710.75,711.55,32878
1788246720000000000,711.55,712.00,711.50,711.80,32348
1788246780000000000,711.80,712.00,711.60,711.80,34157
1788246840000000000,711.85,711.90,711.50,711.65,21967
1788246900000000000,711.65,711.80,711.15,711.45,42473
1788246960000000000,711.45,711.55,711.20,711.40,32742
1788247020000000000,711.40,711.40,711.00,711.25,65770
1788247080000000000,711.20,711.30,711.05,711.25,27508
1788247140000000000,711.30,711.35,711.05,711.05,31821
1788247200000000000,711.10,711.15,710.50,710.50,59356
1788247260000000000,710.65,710.65,710.10,710.40,36563
1788247320000000000,710.40,710.40,710.10,710.20,57010
1788247380000000000,710.35,710.35,709.55,709.90,122144
1788247440000000000,709.95,709.95,709.60,709.80,32573
1788247500000000000,709.60,709.80,709.30,709.45,40729
1788247560000000000,709.60,709.60,709.25,709.45,35516
1788247620000000000,709.45,709.50,709.30,709.45,38958
1788247680000000000,709.45,709.70,709.35,709.55,38509
1788247740000000000,709.60,709.80,709.50,709.70,16051
1788247800000000000,709.70,709.70,709.30,709.60,24134
1788247860000000000,709.60,709.60,709.15,709.20,24630
1788247920000000000,709.25,709.35,709.05,709.25,27425
1788247980000000000,709.25,709.25,709.00,709.00,29149
1788248040000000000,709.20,709.20,709.00,709.15,20882
1788248100000000000,709.15,709.15,708.70,708.80,52538
1788248160000000000,708.95,709.00,708.65,708.85,37236
1788248220000000000,708.85,709.00,708.60,708.95,20843
1788248280000000000,708.95,709.00,708.70,708.95,27072
1788248340000000000,708.95,709.25,708.75,709.20,46345
1788248400000000000,709.20,709.45,709.00,709.40,29636
1788248460000000000,709.40,709.40,709.00,709.05,16373
1788248520000000000,709.05,709.05,708.85,709.00,21542
1788248580000000000,709.05,709.10,709.00,709.00,15292
1788248640000000000,709.05,709.05,708.80,709.00,29950
1788248700000000000,709.05,709.05,708.30,708.30,68570
1788248760000000000,708.50,708.50,708.20,708.30,23118
1788248820000000000,708.30,708.50,708.20,708.35,21942
1788248880000000000,708.35,708.80,708.20,708.65,37975
1788248940000000000,708.70,708.70,708.40,708.55,15898
1788249000000000000,708.65,708.85,708.45,708.80,15878
1788249060000000000,708.80,709.10,708.65,709.10,37766
1788249120000000000,709.10,709.20,709.00,709.15,21995
1788249180000000000,709.15,709.15,708.80,709.05,30404
1788249240000000000,709.10,709.20,708.90,709.15,21765
1788249300000000000,709.15,709.25,709.00,709.10,18541
1788249360000000000,709.10,709.15,708.80,709.00,21559
1788249420000000000,709.00,709.05,708.50,708.75,19028
1788249480000000000,708.75,708.80,708.45,708.50,26648
1788249540000000000,708.65,708.80,708.45,708.80,35438
1788249600000000000,708.80,709.15,708.80,709.10,25378
1788249660000000000,709.10,709.45,709.00,709.10,37979
1788249720000000000,709.10,709.30,708.90,709.15,24523
1788249780000000000,709.15,709.30,709.05,709.25,26572
1788249840000000000,709.25,709.30,709.00,709.30,15526
1788249900000000000,709.30,709.90,709.05,709.35,47448
1788249960000000000,709.35,709.35,709.00,709.05,58137
1788250020000000000,709.10,709.20,708.55,708.80,112095
1788250080000000000,708.80,708.90,708.30,708.35,68598
1788250140000000000,708.50,708.50,708.25,708.40,27579
1788250200000000000,708.45,708.50,708.25,708.25,21166
1788250260000000000,708.30,708.35,708.20,708.30,18648
1788250320000000000,708.30,708.40,708.05,708.15,32634
1788250380000000000,708.25,708.75,708.10,708.35,24411
1788250440000000000,708.65,708.80,708.35,708.80,34126
1788250500000000000,708.80,708.80,708.35,708.50,36338
1788250560000000000,708.65,708.65,708.30,708.40,17602
1788250620000000000,708.40,708.40,708.05,708.05,17294
1788250680000000000,708.20,708.45,708.05,708.35,25913
1788250740000000000,708.45,708.45,708.25,708.30,14670
1788250800000000000,708.30,708.30,707.80,707.80,52641
1788250860000000000,707.85,707.85,707.50,707.50,32392
1788250920000000000,707.65,708.20,707.50,708.00,50032
1788250980000000000,708.00,708.35,707.90,708.20,56637
1788251040000000000,708.20,708.50,708.05,708.45,32108
1788251100000000000,708.45,708.50,708.20,708.40,35708
1788251160000000000,708.45,708.95,708.40,708.95,43379
1788251220000000000,708.90,708.95,708.50,708.80,26443
1788251280000000000,708.90,708.95,708.50,708.50,27878
1788251340000000000,708.65,708.75,708.30,708.35,14717
1788251400000000000,708.35,708.35,708.00,708.20,21814
1788251460000000000,708.20,708.20,707.95,708.10,18845
1788251520000000000,708.10,708.10,707.75,707.85,21606
1788251580000000000,707.85,707.95,707.65,707.80,26045
1788251640000000000,707.80,708.15,707.70,707.85,20359
1788251700000000000,708.10,708.50,707.80,708.30,30114
1788251760000000000,708.45,708.50,708.25,708.45,21142
1788251820000000000,708.45,708.45,708.00,708.15,24041
1788251880000000000,708.15,708.20,707.65,707.95,31036
1788251940000000000,707.95,707.95,707.50,707.75,22355
1788252000000000000,707.75,707.75,707.50,707.65,60127
1788252060000000000,707.65,707.95,707.50,707.60,60900
1788252120000000000,707.75,707.90,707.45,707.70,27087
1788252180000000000,707.70,707.75,707.45,707.50,27294
1788252240000000000,707.50,707.90,707.45,707.90,47522
1788252300000000000,707.90,707.90,707.75,707.85,31585
1788252360000000000,707.90,708.00,707.80,708.00,17457
1788252420000000000,708.00,708.00,707.40,707.50,33383
1788252480000000000,707.50,707.75,707.25,707.55,78115
1788252540000000000,707.55,708.00,707.50,707.95,54589
1788252600000000000,707.95,708.45,707.90,708.20,42495
1788252660000000000,708.20,708.35,708.00,708.35,26308
1788252720000000000,708.30,708.55,708.15,708.40,29220
1788252780000000000,708.40,708.50,708.25,708.45,41617
1788252840000000000,708.45,708.90,708.40,708.85,65297
1788252900000000000,708.85,708.95,708.65,708.85,64185
1788252960000000000,708.85,708.85,708.50,708.50,32938
1788253020000000000,708.65,708.65,708.20,708.35,52254
1788253080000000000,708.35,708.85,708.30,708.70,89052
1788253140000000000,708.85,709.85,708.65,709.75,78414
1788253200000000000,709.75,709.80,709.15,709.35,203317
1788253260000000000,709.35,710.00,709.30,709.70,214022
1788253320000000000,709.70,710.00,709.60,709.65,169249
1788253380000000000,709.65,709.65,709.00,709.00,152851
1788253440000000000,709.05,709.05,708.30,708.65,243882
1788253500000000000,708.65,709.45,708.60,708.85,303760
1788253560000000000,708.85,709.10,708.50,708.70,216142
1788253620000000000,708.70,709.40,708.20,709.30,201726
1788253680000000000,709.30,709.40,709.20,709.30,168211
1788253740000000000,709.30,709.40,709.25,709.30,142752
1788253800000000000,709.30,709.30,708.80,708.95,141211
1788253860000000000,708.95,708.95,708.55,708.75,152287
1788253920000000000,708.80,708.80,708.70,708.75,133551
1788253980000000000,708.80,708.80,708.35,708.50,130656
1788254040000000000,708.50,708.95,708.30,708.85,163925
1788254100000000000,708.85,709.40,708.70,709.25,231763
1788254160000000000,709.30,709.40,709.25,709.30,181379
1788254220000000000,709.30,709.40,708.80,708.90,220740
1788254280000000000,708.90,708.90,708.50,708.50,179184
1788254340000000000,708.55,708.55,708.00,708.35,304795
1788254400000000000,708.40,708.95,708.35,708.95,215008
1788254460000000000,708.95,709.20,708.25,709.00,280269
1788254520000000000,709.00,709.00,708.15,708.45,214457
1788254580000000000,708.50,708.50,707.75,707.95,231227
1788254640000000000,707.95,708.00,707.50,707.95,240956
1788254700000000000,708.00,708.15,707.95,708.05,187735
1788254760000000000,708.10,708.95,708.05,708.55,373199
1788254820000000000,708.55,708.90,708.30,708.55,275678
1788254880000000000,708.55,708.55,708.00,708.25,221382
1788254940000000000,708.25,708.50,708.10,708.15,276022
1788255000000000000,708.10,708.70,707.95,708.65,389002
1788255060000000000,708.65,709.65,708.60,709.55,393619
1788255120000000000,709.55,709.55,708.75,709.20,358993
1788255180000000000,709.15,709.50,709.15,709.30,360062
1788255240000000000,709.35,709.70,709.30,709.45,456036
1788255300000000000,709.45,710.20,709.40,709.95,356824
1788255360000000000,710.00,710.35,709.45,709.65,434385
1788255420000000000,709.70,709.70,708.80,709.45,421903
1788255480000000000,709.35,710.00,709.30,709.65,368946
1788255540000000000,709.65,710.10,709.60,709.70,396353
1788255600000000000,709.80,710.35,709.70,710.05,471518
1788255660000000000,710.05,710.05,708.90,709.35,498926
1788255720000000000,709.50,711.40,708.20,709.65,1244153
1788255780000000000,709.70,710.00,709.40,709.70,98554
1788255840000000000,709.80,710.10,709.50,709.50,48117
1788255900000000000,709.50,709.50,709.50,709.50,0
1788255960000000000,709.50,709.50,709.50,709.50,0
1788256020000000000,709.50,709.50,709.50,709.50,0
1788256080000000000,709.50,709.50,709.50,709.50,0
1788256140000000000,709.50,709.50,709.50,709.50,0
1788256200000000000,709.50,709.50,709.50,709.50,0
1788256260000000000,709.50,709.50,709.50,709.50,0
1788256320000000000,709.50,709.50,709.50,709.50,0
1788256380000000000,709.50,709.50,709.50,709.50,0
1788256440000000000,709.50,709.50,709.50,709.50,0
1788256500000000000,709.50,709.50,709.50,709.50,0
1788256560000000000,709.50,709.50,709.50,709.50,0
1788256620000000000,709.50,709.50,709.50,709.50,0
1788256680000000000,709.50,709.50,709.50,709.50,0
1788256740000000000,711.90,711.90,711.90,711.90,926571
1788320700000000000,702.30,705.65,700.90,701.85,4464627
1788320760000000000,701.85,701.95,700.05,700.90,948564
1788320820000000000,701.00,701.75,700.00,701.10,727939
1788320880000000000,701.00,701.55,700.75,701.25,601439
1788320940000000000,701.25,701.85,700.70,701.05,548835
1788321000000000000,701.20,701.20,700.00,700.75,515053
1788321060000000000,700.75,701.55,700.60,701.55,180497
1788321120000000000,701.50,702.50,701.40,702.45,386065
1788321180000000000,702.50,702.50,702.10,702.50,145234
1788321240000000000,702.40,702.50,702.25,702.45,197488
1788321300000000000,702.40,703.30,702.25,703.25,452689
1788321360000000000,703.25,703.60,702.90,703.10,166165
1788321420000000000,703.15,703.80,703.05,703.80,75739
1788321480000000000,703.70,703.80,702.90,703.00,168541
1788321540000000000,702.95,703.45,702.90,703.40,147361
1788321600000000000,703.35,703.40,702.50,702.70,119994
1788321660000000000,702.65,702.95,702.00,702.40,188136
1788321720000000000,702.40,702.70,702.25,702.35,60174
1788321780000000000,702.30,702.85,702.30,702.70,60692
1788321840000000000,702.75,702.95,702.55,702.80,59740
1788321900000000000,702.75,704.90,702.75,702.95,525001
1788321960000000000,702.95,703.85,702.75,703.55,209395
1788322020000000000,703.55,705.05,703.30,704.25,683122
1788322080000000000,704.35,704.60,704.20,704.45,60267
1788322140000000000,704.40,704.45,704.00,704.00,41307
1788322200000000000,704.00,704.45,703.90,704.20,60823
1788322260000000000,704.20,704.35,704.10,704.30,23726
1788322320000000000,704.35,704.70,704.25,704.45,73502
1788322380000000000,704.45,704.50,704.30,704.45,27436
1788322440000000000,704.50,704.65,704.00,704.05,51786
1788322500000000000,704.00,704.15,703.50,703.50,40624
1788322560000000000,703.60,703.75,703.35,703.45,43598
1788322620000000000,703.45,703.85,703.00,703.55,57980
1788322680000000000,703.55,703.55,703.25,703.40,35650
1788322740000000000,703.40,703.80,703.35,703.60,20147
1788322800000000000,703.60,703.60,703.05,703.55,52068
1788322860000000000,703.55,703.60,703.25,703.25,53334
1788322920000000000,703.30,703.60,703.00,703.15,44454
1788322980000000000,703.10,703.15,702.65,703.00,70408
1788323040000000000,703.00,703.30,702.65,703.05,47618
1788323100000000000,703.10,703.35,703.00,703.15,26572
1788323160000000000,703.10,703.15,702.70,703.00,55582
1788323220000000000,703.10,703.30,702.80,703.00,42993
1788323280000000000,703.00,703.50,702.90,703.25,61301
1788323340000000000,703.35,703.35,702.95,703.00,94163
1788323400000000000,703.00,703.00,702.40,702.50,102787
1788323460000000000,702.55,702.55,702.45,702.45,25851
1788323520000000000,702.45,703.05,702.45,702.65,45328
1788323580000000000,702.70,703.90,702.10,702.80,347626
1788323640000000000,702.80,703.00,702.40,702.45,48229
1788323700000000000,702.45,702.90,702.40,702.60,31150
1788323760000000000,702.60,702.95,702.50,702.80,21871
1788323820000000000,702.80,703.00,702.75,702.90,32920
1788323880000000000,702.90,702.95,702.50,702.60,47943
1788323940000000000,702.60,702.60,702.15,702.40,44325
1788324000000000000,702.35,702.45,702.20,702.40,29336
1788324060000000000,702.30,702.50,701.70,701.70,178657
1788324120000000000,701.80,701.90,701.45,701.75,66127
1788324180000000000,701.65,702.00,701.30,701.95,61820
1788324240000000000,701.85,701.90,701.30,701.40,81295
1788324300000000000,701.40,701.70,701.25,701.70,35049
1788324360000000000,701.70,701.90,701.35,701.65,45789
1788324420000000000,701.50,701.65,701.20,701.40,52048
1788324480000000000,701.35,701.65,701.25,701.50,32020
1788324540000000000,701.60,702.30,701.50,702.20,45324
1788324600000000000,702.20,702.50,702.00,702.35,41750
1788324660000000000,702.35,702.45,701.60,702.20,102595
1788324720000000000,702.20,702.50,702.05,702.10,48141
1788324780000000000,702.15,702.45,702.05,702.30,32756
1788324840000000000,702.15,702.35,702.00,702.10,31588
1788324900000000000,702.10,702.10,702.05,702.10,25580
1788324960000000000,702.10,702.30,702.05,702.30,29169
1788325020000000000,702.25,702.50,702.15,702.30,23363
1788325080000000000,702.40,702.70,702.30,702.65,41737
1788325140000000000,702.60,702.80,702.45,702.75,32307
1788325200000000000,702.70,703.25,702.50,702.80,97460
1788325260000000000,702.85,702.95,702.50,702.55,53091
1788325320000000000,702.65,703.00,702.10,702.35,80992
1788325380000000000,702.30,702.40,702.05,702.30,35491
1788325440000000000,702.15,702.30,701.75,702.20,156490
1788325500000000000,702.25,702.80,702.15,702.30,61119
1788325560000000000,702.30,702.45,702.20,702.25,21109
1788325620000000000,702.30,702.50,702.05,702.20,30548
1788325680000000000,702.15,702.30,702.00,702.25,23950
1788325740000000000,702.00,702.30,701.70,701.95,67979
1788325800000000000,701.80,701.95,701.70,701.95,23904
1788325860000000000,701.90,702.35,701.80,702.25,41120
1788325920000000000,702.10,702.25,701.95,702.00,23289
1788325980000000000,702.00,702.20,701.80,701.95,24732
1788326040000000000,701.85,702.15,701.75,701.75,35723
1788326100000000000,701.90,701.90,701.30,701.50,90171
1788326160000000000,701.45,701.50,701.05,701.20,71110
1788326220000000000,701.15,701.25,701.05,701.25,40584
1788326280000000000,701.20,701.45,701.10,701.45,41722
1788326340000000000,701.40,701.55,701.20,701.25,68204
1788326400000000000,701.25,701.40,701.20,701.35,40755
1788326460000000000,701.35,701.40,701.25,701.25,38640
1788326520000000000,701.25,701.35,700.85,701.05,235450
1788326580000000000,700.95,701.05,700.70,700.70,58443
1788326640000000000,700.85,702.20,700.65,701.65,552683
1788326700000000000,701.65,701.75,701.40,701.45,58237
1788326760000000000,701.55,702.00,701.45,701.80,92879
1788326820000000000,701.80,702.70,701.80,702.70,115887
1788326880000000000,702.65,703.10,702.65,703.00,182531
1788326940000000000,703.05,703.10,703.00,703.00,55581
1788327000000000000,703.05,703.05,703.00,703.00,37811
1788327060000000000,703.00,703.45,703.00,703.25,46319
1788327120000000000,703.20,703.95,703.00,703.40,319787
1788327180000000000,703.25,703.55,702.80,702.80,39561
1788327240000000000,702.80,703.00,702.40,702.55,20532
1788327300000000000,702.55,702.55,702.00,702.20,38882
1788327360000000000,702.20,702.25,702.00,702.15,16864
1788327420000000000,702.10,702.70,702.10,702.40,32848
1788327480000000000,702.50,702.75,702.20,702.35,36958
1788327540000000000,702.45,702.50,702.30,702.45,15976
1788327600000000000,702.45,702.60,702.35,702.60,25136
1788327660000000000,702.60,702.60,702.30,702.40,18873
1788327720000000000,702.45,702.75,702.30,702.65,23720
1788327780000000000,702.65,702.70,702.30,702.35,31302
1788327840000000000,702.40,702.45,702.00,702.05,52349
1788327900000000000,702.05,702.20,702.00,702.00,34101
1788327960000000000,702.00,702.05,701.60,701.65,60219
1788328020000000000,701.65,701.70,701.55,701.65,33704
1788328080000000000,701.60,702.00,701.60,701.95,59974
1788328140000000000,701.90,702.00,701.80,701.90,24838
1788328200000000000,701.95,702.00,701.70,701.70,37135
1788328260000000000,701.75,701.80,701.60,701.65,25779
1788328320000000000,701.60,701.70,701.50,701.50,28290
1788328380000000000,701.50,701.90,701.35,701.65,70500
1788328440000000000,701.70,701.75,701.50,701.55,27737
1788328500000000000,701.60,701.60,701.35,701.45,36281
1788328560000000000,701.50,701.50,701.30,701.30,36843
1788328620000000000,701.30,701.40,701.30,701.30,27009
1788328680000000000,701.35,701.70,701.30,701.60,45206
1788328740000000000,701.60,701.90,701.60,701.75,25226
1788328800000000000,701.80,701.85,701.60,701.75,33885
1788328860000000000,701.70,701.85,701.70,701.80,28710
1788328920000000000,701.80,701.90,701.75,701.85,27853
1788328980000000000,701.85,701.85,701.50,701.70,45526
1788329040000000000,701.75,701.80,701.65,701.70,29886
1788329100000000000,701.70,701.85,701.70,701.85,28863
1788329160000000000,701.80,701.95,701.70,701.85,35680
1788329220000000000,701.90,702.05,701.85,701.90,37888
1788329280000000000,701.90,702.00,701.75,701.90,41895
1788329340000000000,702.00,702.30,701.90,702.10,35976
1788329400000000000,702.15,702.35,702.05,702.30,30567
1788329460000000000,702.30,702.30,702.05,702.10,22623
1788329520000000000,702.10,702.30,702.00,702.30,22205
1788329580000000000,702.25,702.60,702.20,702.60,52108
1788329640000000000,702.55,702.60,702.50,702.50,22369
1788329700000000000,702.50,702.55,702.10,702.20,23759
1788329760000000000,702.10,702.20,702.00,702.20,29124
1788329820000000000,702.10,702.15,701.80,702.05,79662
1788329880000000000,702.15,702.50,702.05,702.35,36572
1788329940000000000,702.35,702.55,702.35,702.55,34408
1788330000000000000,702.50,702.70,702.50,702.70,35428
1788330060000000000,702.65,702.95,702.55,702.70,56398
1788330120000000000,702.70,703.25,702.55,703.05,87713
1788330180000000000,703.10,703.90,703.00,703.90,144592
1788330240000000000,703.90,704.45,703.85,704.15,112924
1788330300000000000,704.15,704.40,703.90,704.00,58064
1788330360000000000,704.00,704.50,704.00,704.40,107518
1788330420000000000,704.25,704.40,704.00,704.05,45681
1788330480000000000,704.00,704.10,703.50,703.60,42808
1788330540000000000,703.60,703.90,703.60,703.80,47118
1788330600000000000,703.80,704.20,703.50,703.60,112517
1788330660000000000,703.60,704.10,703.40,703.70,118956
1788330720000000000,703.70,703.90,703.50,703.70,40862
1788330780000000000,703.70,703.85,703.00,703.30,111630
1788330840000000000,703.30,703.55,703.00,703.30,94574
1788330900000000000,703.30,703.95,703.10,703.90,82679
1788330960000000000,703.90,704.00,703.80,703.95,24849
1788331020000000000,703.95,704.00,703.85,703.85,28485
1788331080000000000,703.85,703.90,703.75,703.90,42738
1788331140000000000,703.85,704.00,703.70,703.85,43651
1788331200000000000,703.85,704.00,703.75,703.85,49234
1788331260000000000,703.85,704.20,703.80,704.15,76132
1788331320000000000,704.15,704.25,704.10,704.20,41121
1788331380000000000,704.20,704.80,704.20,704.45,95878
1788331440000000000,704.40,704.45,703.85,704.35,63487
1788331500000000000,704.35,704.45,704.10,704.20,35824
1788331560000000000,704.15,704.25,703.45,703.75,75340
1788331620000000000,703.70,703.95,703.50,703.65,35754
1788331680000000000,703.65,703.70,703.15,703.20,37891
1788331740000000000,703.20,703.30,702.65,702.85,57677
1788331800000000000,702.75,702.85,702.40,702.40,54840
1788331860000000000,702.50,702.55,702.00,702.20,56124
1788331920000000000,702.15,703.15,702.15,702.60,92704
1788331980000000000,702.60,703.00,702.15,702.70,66378
1788332040000000000,702.70,702.95,702.60,702.70,19992
1788332100000000000,702.65,703.25,702.65,702.85,77108
1788332160000000000,702.95,703.30,702.85,703.25,101864
1788332220000000000,703.25,703.35,703.00,703.15,45298
1788332280000000000,703.05,703.25,703.05,703.25,29975
1788332340000000000,703.15,703.35,703.00,703.25,24206
1788332400000000000,703.25,703.35,703.00,703.25,39620
1788332460000000000,703.25,703.55,703.25,703.50,51919
1788332520000000000,703.50,703.65,703.25,703.45,54871
1788332580000000000,703.40,703.70,703.25,703.55,106284
1788332640000000000,703.55,703.60,703.20,703.35,55535
1788332700000000000,703.35,703.60,703.25,703.45,39712
1788332760000000000,703.35,703.60,703.35,703.55,65220
1788332820000000000,703.55,703.65,703.00,703.60,140558
1788332880000000000,703.60,704.00,703.00,703.30,118786
1788332940000000000,703.20,703.30,703.00,703.00,25423
1788333000000000000,703.00,703.20,702.80,702.90,193743
1788333060000000000,702.90,703.30,702.75,703.15,111470
1788333120000000000,703.15,703.25,702.95,703.10,32608
1788333180000000000,703.00,703.50,702.75,703.40,68644
1788333240000000000,703.40,703.50,702.95,702.95,83825
1788333300000000000,702.95,703.10,702.75,702.75,31056
1788333360000000000,702.75,702.85,702.65,702.80,46379
1788333420000000000,702.80,702.90,702.75,702.75,29563
1788333480000000000,702.75,702.80,702.65,702.65,38393
1788333540000000000,702.65,702.85,702.65,702.75,33297
1788333600000000000,702.75,702.85,702.75,702.75,31206
1788333660000000000,702.75,702.85,702.75,702.80,39547
1788333720000000000,702.80,703.00,702.80,702.90,34008
1788333780000000000,702.90,703.05,702.90,703.05,36865
1788333840000000000,703.00,703.30,702.95,703.25,41060
1788333900000000000,703.25,703.30,703.00,703.00,46838
1788333960000000000,703.00,703.05,702.70,702.95,36277
1788334020000000000,702.95,703.05,702.95,703.00,46540
1788334080000000000,703.00,703.05,702.80,702.90,34849
1788334140000000000,702.90,703.05,702.90,703.00,42516
1788334200000000000,703.00,703.15,703.00,703.10,34297
1788334260000000000,703.10,703.30,703.10,703.20,43582
1788334320000000000,703.30,703.30,703.10,703.10,32511
1788334380000000000,703.20,703.20,702.90,702.90,49063
1788334440000000000,702.90,702.95,702.75,702.80,54865
1788334500000000000,702.80,702.95,702.75,702.85,37224
1788334560000000000,702.90,703.20,702.80,702.85,38102
1788334620000000000,702.85,703.05,702.50,702.50,66912
1788334680000000000,702.50,702.60,702.05,702.15,76740
1788334740000000000,702.15,702.15,702.00,702.10,51380
1788334800000000000,702.10,702.45,702.10,702.45,45178
1788334860000000000,702.45,702.70,702.40,702.60,25022
1788334920000000000,702.60,702.80,702.60,702.75,45850
1788334980000000000,702.75,702.75,702.65,702.70,29987
1788335040000000000,702.70,703.00,702.70,702.80,33236
1788335100000000000,702.80,702.95,702.80,702.80,29163
1788335160000000000,702.80,702.90,702.80,702.90,34417
1788335220000000000,702.90,703.00,702.75,702.85,50869
1788335280000000000,702.80,702.90,702.80,702.85,27962
1788335340000000000,702.90,702.90,702.60,702.65,31292
1788335400000000000,702.65,703.00,702.65,702.75,48425
1788335460000000000,702.70,702.85,702.70,702.75,31055
1788335520000000000,702.75,702.95,702.75,702.85,28833
1788335580000000000,702.85,703.00,702.70,702.95,42144
1788335640000000000,702.95,704.00,702.90,703.15,314626
1788335700000000000,703.20,703.45,703.00,703.25,110535
1788335760000000000,703.30,703.50,703.10,703.35,50256
1788335820000000000,703.30,703.40,703.00,703.00,36956
1788335880000000000,703.00,703.05,702.70,702.75,58825
1788335940000000000,702.70,702.90,702.55,702.75,114218
1788336000000000000,702.70,703.20,702.70,702.90,48265
1788336060000000000,702.90,702.90,702.70,702.70,31698
1788336120000000000,702.70,702.90,702.70,702.90,45334
1788336180000000000,702.90,703.00,702.85,702.90,55023
1788336240000000000,703.00,703.30,702.90,703.20,43691
1788336300000000000,703.25,703.40,703.20,703.35,34119
1788336360000000000,703.30,703.50,703.30,703.35,49982
1788336420000000000,703.35,703.75,703.35,703.70,35072
1788336480000000000,703.70,703.75,703.00,703.00,53141
1788336540000000000,703.00,703.05,702.60,702.65,39451
1788336600000000000,702.65,702.75,702.60,702.70,47554
1788336660000000000,702.70,703.05,702.70,702.95,46407
1788336720000000000,702.95,703.20,702.90,703.15,108006
1788336780000000000,703.15,703.40,702.95,703.15,151551
1788336840000000000,703.15,703.30,702.90,703.20,116937
1788336900000000000,703.15,703.30,703.00,703.25,76829
1788336960000000000,703.20,703.25,702.40,702.50,104166
1788337020000000000,702.45,702.90,702.45,702.80,104381
1788337080000000000,702.80,703.10,702.70,702.85,66199
1788337140000000000,702.85,702.95,702.50,702.55,48325
1788337200000000000,702.50,702.60,702.15,702.40,137382
1788337260000000000,702.40,702.45,702.00,702.15,58288
1788337320000000000,702.10,702.15,701.80,702.00,111541
1788337380000000000,702.00,702.70,701.95,702.55,148951
1788337440000000000,702.55,703.30,702.55,702.75,144866
1788337500000000000,702.75,702.80,702.55,702.55,37706
1788337560000000000,702.55,702.60,702.40,702.40,23986
1788337620000000000,702.40,702.80,702.35,702.45,100679
1788337680000000000,702.45,703.00,702.35,702.65,79662
1788337740000000000,702.55,702.75,702.55,702.70,24630
1788337800000000000,702.75,703.00,702.70,702.95,51053
1788337860000000000,702.95,703.15,702.90,703.15,30183
1788337920000000000,703.15,703.40,703.05,703.20,46073
1788337980000000000,703.15,703.20,702.95,702.95,41304
1788338040000000000,702.95,703.00,702.65,702.75,48685
1788338100000000000,702.75,702.85,702.70,702.85,28649
1788338160000000000,702.85,703.45,702.80,703.20,71945
1788338220000000000,703.20,703.50,703.20,703.40,68159
1788338280000000000,703.45,703.45,703.20,703.20,35982
1788338340000000000,703.20,703.30,703.00,703.00,45883
1788338400000000000,703.00,703.05,702.70,702.80,50988
1788338460000000000,702.85,702.85,702.75,702.75,33723
1788338520000000000,702.75,703.20,702.75,703.10,46758
1788338580000000000,703.10,703.15,702.75,702.75,48679
1788338640000000000,702.80,703.15,702.70,703.00,30721
1788338700000000000,702.90,703.00,702.50,702.95,51797
1788338760000000000,702.95,702.95,702.55,702.70,24538
1788338820000000000,702.70,702.70,702.50,702.55,24859
1788338880000000000,702.55,702.55,702.30,702.30,34986
1788338940000000000,702.30,702.45,702.30,702.40,18514
1788339000000000000,702.45,702.45,702.10,702.10,51690
1788339060000000000,702.10,702.15,702.05,702.10,39077
1788339120000000000,702.10,702.10,702.00,702.10,33418
1788339180000000000,702.10,702.10,702.00,702.10,28149
1788339240000000000,702.10,702.10,701.80,701.85,297148
1788339300000000000,701.85,701.90,701.70,701.75,56943
1788339360000000000,701.75,702.00,701.70,701.95,57614
1788339420000000000,702.00,702.00,701.85,702.00,61624
1788339480000000000,702.00,702.00,701.75,702.00,61375
1788339540000000000,702.00,702.10,701.90,702.00,82993
1788339600000000000,702.00,702.40,701.90,702.15,90277
1788339660000000000,702.25,702.25,701.85,701.90,74895
1788339720000000000,701.95,701.95,701.80,701.95,79308
1788339780000000000,701.95,702.25,701.80,702.25,262680
1788339840000000000,702.20,702.40,702.10,702.25,63141
1788339900000000000,702.25,702.75,702.20,702.75,120483
1788339960000000000,702.75,702.90,702.40,702.60,127759
1788340020000000000,702.60,702.60,702.15,702.25,49142
1788340080000000000,702.25,702.25,701.95,702.00,69848
1788340140000000000,702.00,702.00,701.90,702.00,178704
1788340200000000000,702.00,702.00,701.95,701.95,53177
1788340260000000000,701.95,702.00,701.65,701.65,93215
1788340320000000000,701.65,701.70,701.50,701.55,73978
1788340380000000000,701.55,701.55,701.45,701.50,71153
1788340440000000000,701.45,701.50,701.25,701.45,66777
1788340500000000000,701.45,701.45,701.25,701.45,83896
1788340560000000000,701.45,701.45,701.35,701.45,64318
1788340620000000000,701.45,701.95,701.40,701.85,129671
1788340680000000000,701.85,701.90,701.80,701.90,59821
1788340740000000000,701.85,702.30,701.65,701.70,229892
1788340800000000000,701.70,701.70,701.25,701.45,213339
1788340860000000000,701.45,701.55,701.15,701.55,147369
1788340920000000000,701.55,701.55,701.05,701.30,118007
1788340980000000000,701.30,701.30,701.15,701.30,83048
1788341040000000000,701.30,701.30,701.00,701.05,129629
1788341100000000000,701.05,701.10,700.60,700.70,208174
1788341160000000000,700.70,700.70,700.50,700.55,80020
1788341220000000000,700.50,700.55,700.30,700.35,77109
1788341280000000000,700.35,700.40,700.30,700.35,211412
1788341340000000000,700.35,700.40,700.30,700.40,77583
1788341400000000000,700.35,700.40,700.10,700.25,254925
1788341460000000000,700.25,700.75,700.00,700.10,415755
1788341520000000000,700.10,701.05,700.05,701.00,320029
1788341580000000000,701.00,701.15,700.80,701.00,174807
1788341640000000000,701.00,701.05,701.00,701.05,123287
1788341700000000000,701.05,701.05,700.65,700.70,199694
1788341760000000000,700.70,701.05,700.35,701.00,310091
1788341820000000000,701.00,701.05,700.70,700.85,136367
1788341880000000000,700.90,700.95,700.85,700.85,137055
1788341940000000000,700.90,700.90,700.30,700.70,292834
1788342000000000000,700.75,701.00,700.60,700.95,209212
1788342060000000000,700.95,701.90,700.90,701.60,188033
1788342120000000000,701.60,701.60,701.00,701.10,434546
1788342180000000000,701.00,701.35,701.00,701.20,140203
1788342240000000000,701.20,701.65,701.05,701.05,163791
1788342300000000000,701.05,701.05,701.05,701.05,0
1788342360000000000,701.05,701.05,701.05,701.05,0
1788342420000000000,701.05,701.05,701.05,701.05,0
1788342480000000000,701.05,701.05,701.05,701.05,0
1788342540000000000,701.05,701.05,701.05,701.05,0
1788342600000000000,701.05,701.05,701.05,701.05,0
1788342660000000000,701.05,701.05,701.05,701.05,0
1788342720000000000,701.05,701.05,701.05,701.05,0
1788342780000000000,701.05,701.05,701.05,701.05,0
1788342840000000000,701.05,701.05,701.05,701.05,0
1788342900000000000,701.05,701.05,701.05,701.05,0
1788342960000000000,701.05,701.05,701.05,701.05,0
1788343020000000000,701.05,701.05,701.05,701.05,0
1788343080000000000,701.05,701.05,701.05,701.05,0
1788343140000000000,700.80,700.80,700.80,700.80,1205634
1788407100000000000,705.00,708.65,705.00,707.10,931098
1788407160000000000,707.05,707.80,706.90,707.50,322260
1788407220000000000,707.65,707.70,706.85,707.05,627343
1788407280000000000,707.00,707.05,705.35,705.35,244863
1788407340000000000,705.45,705.95,705.05,705.55,314100
1788407400000000000,705.50,706.35,705.40,706.00,177239
1788407460000000000,705.90,706.20,705.60,705.60,155208
1788407520000000000,705.70,706.00,705.50,705.75,103603
1788407580000000000,705.70,706.30,705.50,706.00,171616
1788407640000000000,706.05,706.90,706.05,706.80,267631
1788407700000000000,706.75,706.90,706.70,706.85,91401
1788407760000000000,706.85,706.90,706.00,706.55,153902
1788407820000000000,706.50,709.35,706.40,709.05,465093
1788407880000000000,709.20,710.90,708.70,708.70,442130
1788407940000000000,708.70,708.70,708.20,708.45,65882
1788408000000000000,708.55,708.55,707.80,708.10,130214
1788408060000000000,708.15,708.15,707.35,707.35,62591
1788408120000000000,707.10,707.40,707.00,707.15,82070
1788408180000000000,707.20,707.65,707.15,707.50,49408
1788408240000000000,707.60,707.70,707.05,707.05,55257
1788408300000000000,707.30,707.55,707.05,707.20,65697
1788408360000000000,707.20,707.35,707.00,707.25,137710
1788408420000000000,707.25,707.25,706.75,706.95,51732
1788408480000000000,707.00,709.00,706.85,708.75,301248
1788408540000000000,708.70,710.25,708.45,710.00,247263
1788408600000000000,709.80,710.05,709.40,709.40,62903
1788408660000000000,709.50,710.15,709.20,709.90,137640
1788408720000000000,709.90,709.90,709.25,709.25,63910
1788408780000000000,709.40,709.50,709.15,709.35,49765
1788408840000000000,709.40,709.85,709.35,709.50,41308
1788408900000000000,709.60,710.00,709.30,709.50,91470
1788408960000000000,709.35,709.35,708.80,708.80,39478
1788409020000000000,708.85,709.80,708.80,709.40,75391
1788409080000000000,709.70,710.40,709.50,710.15,232327
1788409140000000000,710.25,710.45,709.75,710.00,54290
1788409200000000000,710.00,710.05,709.15,709.50,47115
1788409260000000000,709.45,709.65,709.20,709.45,28349
1788409320000000000,709.45,709.50,709.20,709.50,34581
1788409380000000000,709.50,709.55,709.35,709.40,44939
1788409440000000000,709.45,709.55,708.85,708.85,74412
1788409500000000000,708.80,709.15,708.75,708.95,48032
1788409560000000000,708.95,709.10,708.40,708.70,70153
1788409620000000000,708.65,709.10,708.50,708.70,52338
1788409680000000000,708.90,709.50,708.70,709.30,216793
1788409740000000000,709.35,709.95,709.25,709.90,134466
1788409800000000000,709.95,709.95,709.30,709.85,94356
1788409860000000000,709.80,710.00,709.65,709.90,72449
1788409920000000000,709.95,710.35,709.75,710.20,159447
1788409980000000000,710.40,710.45,709.85,710.20,173324
1788410040000000000,710.20,710.45,710.10,710.40,75223
1788410100000000000,710.50,710.70,710.25,710.50,71859
1788410160000000000,710.50,710.55,710.00,710.00,51533
1788410220000000000,710.00,710.00,709.80,710.00,50931
1788410280000000000,710.00,711.50,709.95,711.00,166756
1788410340000000000,711.05,711.40,710.65,710.65,75009
1788410400000000000,710.75,710.75,710.20,710.20,28291
1788410460000000000,710.20,711.40,710.20,710.55,64422
1788410520000000000,710.70,710.75,710.35,710.45,27712
1788410580000000000,710.50,710.70,710.05,710.05,28712
1788410640000000000,710.05,710.40,709.80,709.95,270465
1788410700000000000,709.90,710.15,709.75,709.80,45413
1788410760000000000,709.90,710.40,709.70,710.40,56235
1788410820000000000,710.30,710.50,710.15,710.50,29570
1788410880000000000,710.50,710.50,710.05,710.20,32114
1788410940000000000,710.25,710.85,710.15,710.80,43659
1788411000000000000,710.80,712.25,710.80,712.00,386748
1788411060000000000,712.00,712.60,711.70,712.45,127947
1788411120000000000,712.40,712.60,711.50,711.75,99420
1788411180000000000,711.75,712.35,711.50,712.25,73149
1788411240000000000,712.25,712.35,712.00,712.05,76406
1788411300000000000,712.05,712.15,711.55,711.55,213600
1788411360000000000,711.75,711.75,710.85,710.90,64338
1788411420000000000,711.00,711.25,710.80,711.15,53218
1788411480000000000,711.20,711.55,711.15,711.15,39753
1788411540000000000,711.20,711.35,711.15,711.20,32935
1788411600000000000,711.20,711.25,710.65,710.80,47298
1788411660000000000,710.80,710.90,710.35,710.50,60579
1788411720000000000,710.50,710.60,710.20,710.35,72264
1788411780000000000,710.55,710.65,710.05,710.10,149821
1788411840000000000,710.10,710.20,710.00,710.05,25345
1788411900000000000,710.10,710.10,709.75,709.75,50509
1788411960000000000,709.85,709.85,709.10,709.10,38454
1788412020000000000,709.10,709.50,708.75,709.20,87960
1788412080000000000,709.20,709.55,709.20,709.50,38142
1788412140000000000,709.40,709.55,708.90,709.10,53125
1788412200000000000,709.15,709.20,708.75,708.85,18233
1788412260000000000,708.95,709.05,708.75,708.75,51241
1788412320000000000,708.90,708.90,708.60,708.70,33790
1788412380000000000,708.75,708.80,708.55,708.70,37236
1788412440000000000,708.70,709.45,708.70,709.45,40709
1788412500000000000,709.30,709.50,709.30,709.45,26319
1788412560000000000,709.45,709.75,709.35,709.60,46401
1788412620000000000,709.75,709.80,709.15,709.40,40629
1788412680000000000,709.50,710.00,709.40,709.95,40444
1788412740000000000,709.90,710.20,709.60,709.65,47811
1788412800000000000,709.65,709.80,709.60,709.80,23532
1788412860000000000,709.75,710.05,709.75,709.95,29646
1788412920000000000,709.95,709.95,709.60,709.90,32263
1788412980000000000,709.65,709.95,709.25,709.45,48013
1788413040000000000,709.65,709.70,709.25,709.35,24286
1788413100000000000,709.60,709.70,709.40,709.50,22685
1788413160000000000,709.55,709.65,709.30,709.55,28963
1788413220000000000,709.65,709.80,709.55,709.65,26701
1788413280000000000,709.65,709.95,709.50,709.95,32663
1788413340000000000,709.90,709.90,709.60,709.75,39929
1788413400000000000,709.80,710.20,709.75,710.05,72031
1788413460000000000,709.95,709.95,709.55,709.80,43452
1788413520000000000,709.90,709.95,709.60,709.75,21048
1788413580000000000,709.75,709.90,709.60,709.75,30783
1788413640000000000,709.80,709.95,709.60,709.60,28423
1788413700000000000,709.60,709.65,709.25,709.25,17768
1788413760000000000,709.30,709.55,709.05,709.30,42863
1788413820000000000,709.30,709.35,709.00,709.20,20425
1788413880000000000,709.20,709.25,708.90,708.90,39266
1788413940000000000,709.00,709.05,708.30,708.30,76832
1788414000000000000,708.30,708.75,708.20,708.60,46918
1788414060000000000,708.50,708.55,708.20,708.35,46776
1788414120000000000,708.35,708.75,708.30,708.60,31943
1788414180000000000,708.60,708.80,708.40,708.50,24309
1788414240000000000,708.65,708.80,708.40,708.50,49872
1788414300000000000,708.50,708.75,708.35,708.65,40132
1788414360000000000,708.50,708.80,708.50,708.80,37002
1788414420000000000,708.70,709.20,708.70,709.15,52347
1788414480000000000,709.15,709.15,708.90,709.00,25893
1788414540000000000,708.95,709.25,708.85,709.15,31543
1788414600000000000,709.15,709.70,709.15,709.20,64882
1788414660000000000,709.40,709.40,709.00,709.15,22499
1788414720000000000,709.15,709.45,709.10,709.25,39020
1788414780000000000,709.35,709.55,709.35,709.40,40746
1788414840000000000,709.35,709.40,709.00,709.05,31642
1788414900000000000,709.05,709.10,708.90,708.90,47803
1788414960000000000,708.90,709.80,708.90,709.80,53453
1788415020000000000,709.70,710.35,709.70,710.30,107633
1788415080000000000,710.25,710.45,709.60,709.65,64700
1788415140000000000,709.70,710.25,709.60,710.25,100399
1788415200000000000,710.00,710.35,710.00,710.35,50498
1788415260000000000,710.30,710.50,709.95,709.95,63638
1788415320000000000,710.00,710.10,709.65,709.90,31981
1788415380000000000,709.90,710.00,709.70,709.80,32880
1788415440000000000,709.85,710.10,709.55,709.85,26403
1788415500000000000,709.85,709.90,709.50,709.85,37850
1788415560000000000,709.85,709.90,709.55,709.70,30382
1788415620000000000,709.80,709.80,709.10,709.45,129879
1788415680000000000,709.45,709.80,709.35,709.50,27514
1788415740000000000,709.50,709.75,709.40,709.75,29067
1788415800000000000,709.60,709.90,709.50,709.80,23462
1788415860000000000,709.65,709.65,709.40,709.40,31578
1788415920000000000,709.35,709.50,709.25,709.40,28495
1788415980000000000,709.40,709.60,709.10,709.40,37862
1788416040000000000,709.45,709.45,709.05,709.15,38991
1788416100000000000,709.15,710.05,709.15,710.05,100483
1788416160000000000,710.00,710.20,708.70,708.70,266795
1788416220000000000,708.95,708.95,708.20,708.50,444222
1788416280000000000,708.50,709.15,708.50,709.15,39575
1788416340000000000,709.10,709.35,708.75,708.85,118648
1788416400000000000,708.95,709.30,708.95,709.15,96592
1788416460000000000,709.05,709.20,708.75,709.00,52401
1788416520000000000,709.00,709.65,708.85,709.50,92552
1788416580000000000,709.50,709.70,708.20,708.35,103066
1788416640000000000,708.40,709.05,708.35,709.05,59371
1788416700000000000,709.00,709.15,708.50,708.65,45621
1788416760000000000,708.80,709.00,708.35,708.85,39955
1788416820000000000,708.70,708.90,708.50,708.85,30146
1788416880000000000,708.90,708.95,708.65,708.75,41838
1788416940000000000,708.90,709.30,708.85,708.90,40832
1788417000000000000,708.90,709.00,708.75,709.00,34960
1788417060000000000,709.00,709.00,707.75,708.15,228305
1788417120000000000,708.15,708.55,708.05,708.20,32713
1788417180000000000,708.20,708.25,707.90,707.90,24924
1788417240000000000,707.85,708.05,707.80,708.00,45734
1788417300000000000,708.00,708.30,707.95,708.10,31140
1788417360000000000,708.15,708.20,707.85,708.00,34170
1788417420000000000,708.00,708.45,707.80,708.30,49609
1788417480000000000,708.30,708.50,708.25,708.35,40344
1788417540000000000,708.20,708.40,708.00,708.10,31730
1788417600000000000,708.00,708.35,707.90,708.30,25346
1788417660000000000,708.35,708.45,708.35,708.40,23600
1788417720000000000,708.45,708.50,708.10,708.15,39089
1788417780000000000,708.40,708.70,708.00,708.65,41212
1788417840000000000,708.75,708.75,708.30,708.70,32512
1788417900000000000,708.55,708.65,708.20,708.50,53678
1788417960000000000,708.50,708.65,708.10,708.40,33845
1788418020000000000,708.35,708.60,708.25,708.25,17414
1788418080000000000,708.40,708.45,707.95,707.95,32269
1788418140000000000,707.95,708.45,707.80,708.15,45030
1788418200000000000,708.15,708.25,707.90,708.00,40013
1788418260000000000,707.95,708.20,707.90,708.05,20847
1788418320000000000,708.10,708.10,707.60,707.70,47667
1788418380000000000,707.70,707.95,707.55,707.55,36481
1788418440000000000,707.65,707.90,707.55,707.55,17386
1788418500000000000,707.55,707.95,707.50,707.85,46161
1788418560000000000,707.90,708.00,707.75,707.95,29370
1788418620000000000,707.80,707.95,707.50,707.70,49818
1788418680000000000,707.70,707.90,707.55,707.75,50317
1788418740000000000,707.65,707.80,707.60,707.75,24331
1788418800000000000,707.75,707.90,707.55,707.85,30008
1788418860000000000,707.85,708.00,707.65,707.90,30851
1788418920000000000,707.90,707.90,707.10,707.30,91941
1788418980000000000,707.30,707.65,707.00,707.00,61334
1788419040000000000,707.05,707.25,707.00,707.05,37409
1788419100000000000,707.10,707.25,707.00,707.20,30676
1788419160000000000,707.10,707.25,706.90,707.00,56949
1788419220000000000,707.05,707.20,706.85,707.00,43730
1788419280000000000,707.15,707.50,707.00,707.30,60484
1788419340000000000,707.30,707.40,707.10,707.10,22368
1788419400000000000,707.15,707.30,707.00,707.20,23733
1788419460000000000,707.20,707.20,706.90,706.90,40739
1788419520000000000,706.90,706.95,706.25,706.35,99579
1788419580000000000,706.35,706.60,706.30,706.55,41873
1788419640000000000,706.60,706.70,706.50,706.65,33445
1788419700000000000,706.70,706.80,706.65,706.75,24897
1788419760000000000,706.75,706.80,706.55,706.55,42784
1788419820000000000,706.55,706.70,706.50,706.50,32561
1788419880000000000,706.60,707.00,706.55,706.90,60471
1788419940000000000,706.90,707.00,706.60,706.60,88813
1788420000000000000,706.65,707.10,706.65,706.95,103022
1788420060000000000,706.90,707.20,706.85,707.20,34299
1788420120000000000,707.10,707.65,707.05,707.65,42809
1788420180000000000,707.55,707.70,707.40,707.50,26943
1788420240000000000,707.50,707.60,707.15,707.30,24368
1788420300000000000,707.25,707.45,707.00,707.10,46490
1788420360000000000,707.10,707.25,706.80,707.05,86136
1788420420000000000,707.05,707.40,707.05,707.35,70164
1788420480000000000,707.30,707.40,706.85,707.15,39207
1788420540000000000,707.15,707.30,706.85,706.95,23714
1788420600000000000,706.95,707.20,706.85,707.15,33141
1788420660000000000,707.15,707.25,706.85,706.95,39431
1788420720000000000,706.95,707.15,706.90,706.90,31609
1788420780000000000,706.90,707.20,706.90,707.00,27645
1788420840000000000,707.00,707.30,706.90,707.00,27958
1788420900000000000,706.90,707.20,706.85,707.10,47279
1788420960000000000,707.05,707.30,707.00,707.20,45277
1788421020000000000,707.20,707.40,707.15,707.20,36125
1788421080000000000,707.20,707.25,706.95,706.95,34413
1788421140000000000,706.95,707.10,706.60,706.80,79758
1788421200000000000,706.80,707.10,706.80,706.90,20391
1788421260000000000,706.80,707.10,706.80,707.00,38938
1788421320000000000,707.05,707.30,706.90,707.10,72080
1788421380000000000,707.25,707.25,706.75,706.80,60010
1788421440000000000,706.80,706.80,706.60,706.65,21363
1788421500000000000,706.70,707.10,706.55,707.10,53196
1788421560000000000,707.05,707.10,707.00,707.05,16529
1788421620000000000,707.10,707.55,706.95,707.50,36718
1788421680000000000,707.50,707.95,707.50,707.50,53865
1788421740000000000,707.65,707.65,707.45,707.55,27311
1788421800000000000,707.60,707.60,707.30,707.55,25141
1788421860000000000,707.55,707.55,707.25,707.45,21945
1788421920000000000,707.45,707.70,707.40,707.50,21679
1788421980000000000,707.60,707.65,707.15,707.30,112072
1788422040000000000,707.15,707.35,706.75,706.75,20355
1788422100000000000,706.75,706.85,706.20,706.25,48676
1788422160000000000,706.30,706.65,706.20,706.40,27385
1788422220000000000,706.40,706.65,706.40,706.50,23931
1788422280000000000,706.50,706.80,706.40,706.40,22161
1788422340000000000,706.40,706.65,706.35,706.45,18284
1788422400000000000,706.45,706.80,706.45,706.55,45673
1788422460000000000,706.65,707.15,706.65,706.80,29421
1788422520000000000,706.80,707.00,706.70,706.80,26973
1788422580000000000,706.80,707.60,706.75,707.60,48479
1788422640000000000,707.65,707.70,707.10,707.25,41852
1788422700000000000,707.25,707.45,707.05,707.20,33110
1788422760000000000,707.30,707.30,706.75,706.80,45769
1788422820000000000,706.70,706.90,706.50,706.60,37896
1788422880000000000,706.80,706.85,706.60,706.85,39986
1788422940000000000,706.85,706.90,706.40,706.60,31084
1788423000000000000,706.60,706.80,706.25,706.40,45885
1788423060000000000,706.40,706.80,706.30,706.30,49587
1788423120000000000,706.35,706.70,706.25,706.45,23465
1788423180000000000,706.50,706.85,706.40,706.70,34702
1788423240000000000,706.65,707.00,706.50,706.95,50607
1788423300000000000,707.00,707.35,706.80,707.00,98634
1788423360000000000,707.05,707.30,706.75,706.75,25638
1788423420000000000,706.85,707.00,706.65,706.80,31573
1788423480000000000,706.85,707.00,706.60,706.90,37233
1788423540000000000,706.90,707.45,706.90,707.45,44110
1788423600000000000,707.40,707.60,707.05,707.05,56648
1788423660000000000,707.05,707.25,706.90,706.90,21324
1788423720000000000,706.95,707.25,706.85,706.90,37551
1788423780000000000,706.85,706.85,706.35,706.75,79824
1788423840000000000,706.75,707.05,706.55,706.80,36563
1788423900000000000,706.75,707.00,706.60,706.75,83434
1788423960000000000,706.80,706.90,706.60,706.80,40027
1788424020000000000,706.80,707.00,706.70,706.95,75268
1788424080000000000,707.00,708.65,706.75,708.25,557261
1788424140000000000,708.25,708.45,707.25,707.55,402255
1788424200000000000,707.50,707.95,707.35,707.85,93307
1788424260000000000,707.85,707.90,707.55,707.70,141008
1788424320000000000,707.70,707.85,707.55,707.65,219279
1788424380000000000,707.75,708.20,707.55,708.05,165834
1788424440000000000,708.05,708.10,707.55,707.65,74938
1788424500000000000,707.85,707.85,707.55,707.80,75677
1788424560000000000,707.80,707.80,707.40,707.65,33647
1788424620000000000,707.65,707.65,707.50,707.50,19094
1788424680000000000,707.55,707.60,707.20,707.50,117936
1788424740000000000,707.65,707.65,707.40,707.60,22039
1788424800000000000,707.60,707.75,707.55,707.65,20663
1788424860000000000,707.60,707.65,707.25,707.25,32030
1788424920000000000,707.25,707.40,706.90,706.90,35737
1788424980000000000,707.10,707.45,707.00,707.25,29264
1788425040000000000,707.20,707.40,707.00,707.30,30928
1788425100000000000,707.15,707.45,706.70,707.05,69708
1788425160000000000,707.00,707.15,706.80,707.05,20414
1788425220000000000,707.05,707.20,706.80,706.90,22140
1788425280000000000,707.00,707.10,706.80,706.80,43266
1788425340000000000,706.85,707.25,706.75,707.05,53349
1788425400000000000,707.05,707.45,707.00,707.40,45122
1788425460000000000,707.35,707.50,707.25,707.25,145171
1788425520000000000,707.30,707.40,706.90,707.00,53534
1788425580000000000,707.00,707.40,707.00,707.15,53029
1788425640000000000,707.10,707.45,707.10,707.20,85696
1788425700000000000,707.35,708.30,707.05,708.15,574299
1788425760000000000,708.25,708.60,708.25,708.60,77334
1788425820000000000,708.60,709.15,708.40,709.15,113644
1788425880000000000,709.15,710.40,709.05,710.15,157950
1788425940000000000,710.15,710.80,710.10,710.40,119559
1788426000000000000,710.40,710.40,709.50,709.65,85035
1788426060000000000,709.60,710.05,709.55,709.75,67393
1788426120000000000,709.90,709.90,709.30,709.50,32570
1788426180000000000,709.55,709.60,709.40,709.60,51304
1788426240000000000,709.45,709.90,709.40,709.85,40030
1788426300000000000,709.85,709.85,709.25,709.40,78271
1788426360000000000,709.40,709.70,709.35,709.60,41745
1788426420000000000,709.60,710.25,709.55,709.55,81570
1788426480000000000,709.45,710.05,709.40,709.40,74523
1788426540000000000,709.45,709.55,709.15,709.30,23213
1788426600000000000,709.30,709.45,708.95,709.20,35913
1788426660000000000,709.10,709.30,709.00,709.25,62660
1788426720000000000,709.30,709.65,709.15,709.40,34966
1788426780000000000,709.40,709.65,709.30,709.35,21839
1788426840000000000,709.35,709.60,709.35,709.50,32877
1788426900000000000,709.55,709.55,709.30,709.35,22919
1788426960000000000,709.35,709.35,709.10,709.10,25243
1788427020000000000,709.10,709.15,709.00,709.05,49713
1788427080000000000,709.00,709.55,709.00,709.40,48820
1788427140000000000,709.25,709.65,709.25,709.35,69382
1788427200000000000,709.30,709.50,709.25,709.30,25773
1788427260000000000,709.25,709.30,708.85,708.85,35386
1788427320000000000,709.00,709.20,708.90,709.10,38071
1788427380000000000,709.10,709.15,708.80,708.80,23156
1788427440000000000,708.95,709.00,708.60,708.80,25805
1788427500000000000,708.80,708.85,708.50,708.50,20392
1788427560000000000,708.55,708.70,708.30,708.35,34357
1788427620000000000,708.35,708.50,708.30,708.40,46518
1788427680000000000,708.40,708.45,708.05,708.20,55659
1788427740000000000,708.20,708.50,708.15,708.30,54083
1788427800000000000,708.30,708.60,708.10,708.60,70078
1788427860000000000,708.50,708.85,708.25,708.85,68529
1788427920000000000,708.60,708.80,708.40,708.55,41524
1788427980000000000,708.60,708.75,708.45,708.70,65827
1788428040000000000,708.65,708.70,708.45,708.65,69391
1788428100000000000,708.65,708.65,708.10,708.40,99592
1788428160000000000,708.40,708.60,708.20,708.30,104175
1788428220000000000,708.35,708.50,708.25,708.35,87979
1788428280000000000,708.40,708.50,708.30,708.30,92530
1788428340000000000,708.30,708.65,708.15,708.60,125106
1788428400000000000,708.55,708.60,708.35,708.35,98625
1788428460000000000,708.40,708.40,708.25,708.30,115155
1788428520000000000,708.25,708.80,708.10,708.35,200804
1788428580000000000,708.30,709.00,708.20,708.90,130066
1788428640000000000,708.90,709.05,708.00,708.50,139345
1788428700000000000,708.50,708.50,708.50,708.50,0
1788428760000000000,708.50,708.50,708.50,708.50,0
1788428820000000000,708.50,708.50,708.50,708.50,0
1788428880000000000,708.50,708.50,708.50,708.50,0
1788428940000000000,708.50,708.50,708.50,708.50,0
1788429000000000000,708.50,708.50,708.50,708.50,0
1788429060000000000,708.50,708.50,708.50,708.50,0
1788429120000000000,708.50,708.50,708.50,708.50,0
1788429180000000000,708.50,708.50,708.50,708.50,0
1788429240000000000,708.50,708.50,708.50,708.50,0
1788429300000000000,708.50,708.50,708.50,708.50,0
1788429360000000000,708.50,708.50,708.50,708.50,0
1788429420000000000,708.50,708.50,708.50,708.50,0
1788429480000000000,706.65,706.65,706.65,706.65,1091726
1788429540000000000,706.65,706.65,706.65,706.65,0
1788493500000000000,708.35,711.85,708.35,710.85,258915
1788493560000000000,710.55,710.90,710.25,710.25,75778
1788493620000000000,710.65,711.15,710.55,710.80,109551
1788493680000000000,710.90,711.70,710.70,711.70,87320
1788493740000000000,711.40,711.65,711.10,711.30,55624
1788493800000000000,711.30,711.30,710.85,711.20,79997
1788493860000000000,711.25,711.50,710.90,711.50,74590
1788493920000000000,711.50,711.50,711.05,711.10,61704
1788493980000000000,711.10,711.25,711.00,711.00,27516
1788494040000000000,711.10,711.50,711.10,711.50,51837
1788494100000000000,711.70,711.80,711.65,711.65,36170
1788494160000000000,711.65,711.65,711.00,711.00,57500
1788494220000000000,710.90,710.90,710.05,710.20,101315
1788494280000000000,710.15,710.15,709.35,709.90,86623
1788494340000000000,709.80,710.45,709.80,710.05,51248
1788494400000000000,710.05,710.20,709.40,709.65,48749
1788494460000000000,709.65,709.65,709.00,709.25,45465
1788494520000000000,709.20,709.30,708.65,708.90,47746
1788494580000000000,708.70,709.25,708.65,709.25,41119
1788494640000000000,709.25,709.80,709.25,709.50,56190
1788494700000000000,709.40,709.40,709.10,709.15,24946
1788494760000000000,709.20,709.20,709.15,709.15,28953
1788494820000000000,709.15,709.25,709.15,709.20,27833
1788494880000000000,709.20,709.25,708.90,708.95,70420
1788494940000000000,708.90,709.80,708.90,709.75,130807
1788495000000000000,709.55,709.95,709.50,709.70,38079
1788495060000000000,709.65,709.85,709.55,709.65,29536
1788495120000000000,709.50,709.65,709.50,709.65,37572
1788495180000000000,709.60,709.95,709.35,709.95,52818
1788495240000000000,709.95,710.00,709.65,709.80,31215
1788495300000000000,709.85,709.95,709.70,709.95,37309
1788495360000000000,709.90,710.50,709.80,709.80,48125
1788495420000000000,709.90,710.05,709.35,709.70,51115
1788495480000000000,709.70,709.90,709.65,709.70,23700
1788495540000000000,709.70,709.95,709.60,709.65,17927
1788495600000000000,709.65,709.90,709.65,709.85,15286
1788495660000000000,709.80,709.90,709.65,709.85,13334
1788495720000000000,709.85,710.50,709.70,710.40,61612
1788495780000000000,710.40,710.50,710.05,710.30,18366
1788495840000000000,710.40,710.40,710.00,710.40,20353
1788495900000000000,710.40,711.30,710.35,711.25,69856
1788495960000000000,711.30,711.30,710.60,710.90,19954
1788496020000000000,710.65,710.95,710.65,710.80,25654
1788496080000000000,710.90,710.95,710.80,710.85,24164
1788496140000000000,710.90,710.95,710.50,710.75,24373
1788496200000000000,710.75,710.90,710.70,710.90,13542
1788496260000000000,710.85,711.00,710.85,710.90,13750
1788496320000000000,710.95,710.95,710.80,710.90,15853
1788496380000000000,710.80,710.90,710.75,710.85,19591
1788496440000000000,710.75,710.80,710.55,710.65,15685
1788496500000000000,710.55,710.75,710.55,710.55,12143
1788496560000000000,710.60,710.70,710.55,710.60,11135
1788496620000000000,710.60,710.60,710.30,710.60,17479
1788496680000000000,710.55,710.75,710.50,710.70,20312
1788496740000000000,710.75,710.75,710.45,710.50,12146
1788496800000000000,710.65,710.65,710.35,710.45,10755
1788496860000000000,710.45,710.55,710.25,710.40,15364
1788496920000000000,710.40,710.50,710.25,710.40,68427
1788496980000000000,710.50,710.50,710.40,710.40,9419
1788497040000000000,710.50,710.50,710.25,710.40,10801
1788497100000000000,710.40,710.40,710.25,710.35,8186
1788497160000000000,710.35,710.35,710.25,710.35,7045
1788497220000000000,710.35,710.40,710.35,710.40,16524
1788497280000000000,710.40,710.80,710.40,710.70,33358
1788497340000000000,710.60,710.75,710.35,710.50,11011
1788497400000000000,710.50,710.65,710.40,710.60,14011
1788497460000000000,710.60,710.65,710.40,710.55,12211
1788497520000000000,710.65,710.85,710.55,710.85,20219
1788497580000000000,710.85,710.85,710.55,710.70,7198
1788497640000000000,710.55,710.90,710.55,710.85,29036
1788497700000000000,710.85,711.35,710.80,711.25,50575
1788497760000000000,711.25,711.30,711.00,711.00,20907
1788497820000000000,711.20,711.20,711.00,711.15,17495
1788497880000000000,711.15,711.15,711.00,711.00,10177
1788497940000000000,711.05,711.35,711.00,711.35,57524
1788498000000000000,711.60,711.95,711.60,711.90,71811
1788498060000000000,711.90,711.95,711.40,711.40,22786
1788498120000000000,711.40,711.60,711.30,711.45,10855
1788498180000000000,711.45,711.45,711.25,711.40,8888
1788498240000000000,711.40,711.45,711.30,711.40,8191
1788498300000000000,711.40,711.40,711.20,711.30,12093
1788498360000000000,711.35,711.35,711.20,711.25,10153
1788498420000000000,711.25,711.25,711.00,711.10,15809
1788498480000000000,711.15,711.20,711.05,711.05,12029
1788498540000000000,711.10,711.10,711.05,711.05,8355
1788498600000000000,711.10,711.10,711.00,711.05,17334
1788498660000000000,711.05,711.20,711.00,711.15,20239
1788498720000000000,711.15,711.20,711.00,711.20,13614
1788498780000000000,711.20,711.25,711.05,711.25,47576
1788498840000000000,711.05,711.20,711.00,711.10,12942
1788498900000000000,711.10,711.20,711.05,711.20,24878
1788498960000000000,711.20,711.20,711.05,711.20,13508
1788499020000000000,711.20,711.25,711.10,711.15,10955
1788499080000000000,711.15,711.25,711.15,711.15,18764
1788499140000000000,711.25,711.25,711.10,711.20,9669
1788499200000000000,711.20,711.20,711.10,711.15,13548
1788499260000000000,711.20,711.30,711.15,711.30,25051
1788499320000000000,711.30,711.70,711.30,711.55,43199
1788499380000000000,711.65,711.65,711.40,711.60,28888
1788499440000000000,711.65,711.80,711.45,711.80,22592
1788499500000000000,711.80,711.90,711.75,711.85,24890
1788499560000000000,711.90,711.90,711.60,711.60,29638
1788499620000000000,711.65,712.20,711.60,712.00,199416
1788499680000000000,712.20,712.30,712.00,712.25,46274
1788499740000000000,712.20,712.40,711.95,712.15,79254
1788499800000000000,712.25,712.55,712.10,712.50,107940
1788499860000000000,712.55,712.65,712.35,712.60,51771
1788499920000000000,712.65,712.65,712.25,712.60,63357
1788499980000000000,712.60,712.70,712.50,712.65,33097
1788500040000000000,712.60,713.00,712.60,712.70,126220
1788500100000000000,712.85,712.90,712.60,712.65,21209
1788500160000000000,712.70,712.70,712.50,712.65,19335
1788500220000000000,712.65,712.80,712.50,712.80,37869
1788500280000000000,712.80,713.40,712.70,713.25,85789
1788500340000000000,713.30,714.00,713.20,713.65,105039
1788500400000000000,713.65,714.75,713.65,714.10,122602
1788500460000000000,714.05,714.30,713.35,713.50,39573
1788500520000000000,713.25,713.65,713.20,713.40,24299
1788500580000000000,713.25,713.35,713.00,713.10,27168
1788500640000000000,713.10,713.10,712.95,713.00,15754
1788500700000000000,712.95,713.00,712.90,713.00,10275
1788500760000000000,713.00,713.00,712.90,713.00,12718
1788500820000000000,713.00,713.00,712.90,712.90,11362
1788500880000000000,712.90,713.75,712.75,713.50,70994
1788500940000000000,713.50,713.55,713.25,713.40,6732
1788501000000000000,713.40,713.40,713.20,713.25,7535
1788501060000000000,713.40,714.20,713.25,714.05,94687
1788501120000000000,714.05,714.80,714.05,714.70,310849
1788501180000000000,714.70,714.80,714.20,714.55,266356
1788501240000000000,714.55,715.00,714.15,714.20,298751
1788501300000000000,714.20,714.70,714.05,714.70,105537
1788501360000000000,714.50,714.65,714.20,714.20,21114
1788501420000000000,714.20,715.00,714.20,714.90,47831
1788501480000000000,715.00,715.00,714.30,714.50,42084
1788501540000000000,714.50,714.50,714.30,714.35,10866
1788501600000000000,714.35,714.40,714.30,714.30,14037
1788501660000000000,714.30,714.30,714.00,714.15,63265
1788501720000000000,714.40,714.40,714.15,714.30,19736
1788501780000000000,714.30,714.30,714.05,714.25,27686
1788501840000000000,714.25,714.25,714.00,714.10,12409
1788501900000000000,714.15,714.20,714.10,714.10,10653
1788501960000000000,714.00,714.10,713.70,713.80,30699
1788502020000000000,713.90,714.05,713.80,714.05,25996
1788502080000000000,714.05,715.60,714.00,715.15,278584
1788502140000000000,715.35,715.90,715.20,715.85,114614
1788502200000000000,715.90,716.20,715.40,715.75,187665
1788502260000000000,715.80,715.90,715.05,715.20,30487
1788502320000000000,715.30,715.30,714.60,714.60,19417
1788502380000000000,714.60,714.65,714.50,714.55,15344
1788502440000000000,714.45,714.50,714.20,714.20,13189
1788502500000000000,714.30,714.55,714.30,714.35,32984
1788502560000000000,714.50,714.90,714.40,714.80,15915
1788502620000000000,714.80,715.00,714.55,714.80,22138
1788502680000000000,714.80,714.90,714.55,714.90,33593
1788502740000000000,714.95,715.00,714.80,714.95,13436
1788502800000000000,714.95,715.50,714.90,715.40,51503
1788502860000000000,715.40,715.65,715.40,715.55,40575
1788502920000000000,715.70,715.70,715.25,715.40,13135
1788502980000000000,715.40,715.40,715.15,715.15,11209
1788503040000000000,715.30,715.35,715.15,715.15,18944
1788503100000000000,715.30,715.30,715.05,715.20,26318
1788503160000000000,715.25,715.30,715.00,715.20,10593
1788503220000000000,715.20,715.30,715.00,715.05,22131
1788503280000000000,715.15,715.35,715.05,715.25,22805
1788503340000000000,715.35,715.35,715.05,715.30,38010
1788503400000000000,715.05,715.25,715.00,715.05,14605
1788503460000000000,715.05,715.10,714.95,715.00,22203
1788503520000000000,715.00,715.05,714.90,715.05,41851
1788503580000000000,715.00,715.00,714.35,714.55,43121
1788503640000000000,714.55,714.65,714.35,714.45,14902
1788503700000000000,714.45,714.55,714.45,714.55,20099
1788503760000000000,714.55,714.55,714.50,714.55,15106
1788503820000000000,714.55,714.55,714.20,714.45,44037
1788503880000000000,714.50,714.85,714.25,714.85,46787
1788503940000000000,714.85,714.95,714.65,714.90,50283
1788504000000000000,714.90,715.25,714.70,714.95,56186
1788504060000000000,714.95,714.95,714.40,714.40,11894
1788504120000000000,714.50,714.90,714.50,714.80,19967
1788504180000000000,714.80,714.80,714.45,714.65,7510
1788504240000000000,714.60,714.85,714.50,714.75,25458
1788504300000000000,714.70,715.00,714.50,714.60,15256
1788504360000000000,714.60,714.60,714.50,714.60,24152
1788504420000000000,714.65,715.20,714.40,715.15,46131
1788504480000000000,715.15,715.20,715.00,715.05,9488
1788504540000000000,715.05,715.10,715.00,715.10,19124
1788504600000000000,715.10,715.10,715.00,715.05,11976
1788504660000000000,715.00,715.05,715.00,715.00,16959
1788504720000000000,715.00,715.05,715.00,715.00,23530
1788504780000000000,715.00,715.10,715.00,715.10,23988
1788504840000000000,715.00,715.20,715.00,715.05,41839
1788504900000000000,714.90,715.20,714.90,715.20,34700
1788504960000000000,715.20,715.30,714.95,715.15,86014
1788505020000000000,715.10,715.30,715.05,715.30,23131
1788505080000000000,715.30,715.60,715.25,715.50,39381
1788505140000000000,715.50,715.55,715.50,715.55,16532
1788505200000000000,715.55,715.55,715.00,715.05,49118
1788505260000000000,715.05,715.25,715.05,715.20,13786
1788505320000000000,715.25,715.25,715.00,715.10,19623
1788505380000000000,715.00,715.10,715.00,715.05,11989
1788505440000000000,715.00,715.10,715.00,715.05,24113
1788505500000000000,715.05,715.05,714.90,715.00,71780
1788505560000000000,715.05,715.10,715.00,715.00,19660
1788505620000000000,715.05,715.05,715.00,715.00,17291
1788505680000000000,715.05,715.05,715.00,715.05,9031
1788505740000000000,715.00,715.05,715.00,715.00,10728
1788505800000000000,715.05,715.05,715.00,715.00,12143
1788505860000000000,715.00,715.05,715.00,715.00,10220
1788505920000000000,715.00,715.10,715.00,715.05,14696
1788505980000000000,715.05,715.15,715.00,715.10,12617
1788506040000000000,715.00,715.10,715.00,715.05,8917
1788506100000000000,715.05,715.10,715.00,715.05,8902
1788506160000000000,715.05,715.05,714.90,715.00,59904
1788506220000000000,715.00,715.05,714.90,715.00,18753
1788506280000000000,714.95,715.40,714.95,715.25,41287
1788506340000000000,715.40,715.45,715.15,715.25,14681
1788506400000000000,715.45,715.45,715.30,715.40,5657
1788506460000000000,715.40,715.40,715.25,715.30,3865
1788506520000000000,715.30,715.35,715.15,715.30,5663
1788506580000000000,715.35,715.40,715.30,715.35,10358
1788506640000000000,715.40,715.70,715.35,715.70,39541
1788506700000000000,715.65,715.65,715.40,715.50,9369
1788506760000000000,715.40,715.50,715.25,715.30,14201
1788506820000000000,715.30,715.30,715.00,715.00,8395
1788506880000000000,715.05,715.05,715.00,715.00,19263
1788506940000000000,715.05,715.60,715.00,715.60,40104
1788507000000000000,715.55,715.70,715.55,715.70,52066
1788507060000000000,715.70,715.70,715.65,715.65,12351
1788507120000000000,715.55,715.55,715.25,715.45,13731
1788507180000000000,715.25,715.40,715.20,715.40,5846
1788507240000000000,715.30,715.35,715.20,715.25,15786
1788507300000000000,715.35,715.40,715.25,715.25,14366
1788507360000000000,715.35,715.35,715.10,715.30,20935
1788507420000000000,715.15,715.35,715.10,715.35,11132
1788507480000000000,715.15,715.50,715.15,715.35,21312
1788507540000000000,715.35,715.60,715.25,715.60,22032
1788507600000000000,715.60,715.70,715.50,715.65,14263
1788507660000000000,715.65,715.65,715.45,715.45,9310
1788507720000000000,715.55,715.60,715.30,715.30,6299
1788507780000000000,715.25,715.55,715.25,715.55,11029
1788507840000000000,715.45,715.50,715.30,715.50,7278
1788507900000000000,715.50,715.50,715.25,715.40,45137
1788507960000000000,715.40,716.10,715.40,716.00,127638
1788508020000000000,716.00,716.50,716.00,716.30,51696
1788508080000000000,716.35,716.45,716.15,716.20,9790
1788508140000000000,716.20,716.20,716.00,716.00,14190
1788508200000000000,716.05,716.05,715.80,715.90,10020
1788508260000000000,716.00,716.00,715.55,715.55,7553
1788508320000000000,715.75,715.80,715.50,715.75,14303
1788508380000000000,715.80,715.85,715.45,715.70,37543
1788508440000000000,715.70,715.85,715.45,715.85,28014
1788508500000000000,715.80,715.90,715.50,715.75,24199
1788508560000000000,715.70,715.95,715.50,715.70,14589
1788508620000000000,715.85,715.90,715.55,715.65,13018
1788508680000000000,715.65,715.65,715.50,715.50,13136
1788508740000000000,715.45,715.45,715.05,715.30,20515
1788508800000000000,715.30,715.30,715.10,715.15,14725
1788508860000000000,715.20,715.30,715.10,715.25,16237
1788508920000000000,715.10,715.20,715.05,715.05,30379
1788508980000000000,714.85,715.10,714.80,715.10,35040
1788509040000000000,715.10,715.10,714.80,715.00,11579
1788509100000000000,715.00,715.10,714.80,715.10,16106
1788509160000000000,715.10,715.10,714.85,714.85,15661
1788509220000000000,715.05,715.10,714.85,715.05,11019
1788509280000000000,715.05,715.05,714.85,714.95,11754
1788509340000000000,714.80,715.10,714.80,715.10,15330
1788509400000000000,715.10,715.20,714.85,715.10,97620
1788509460000000000,715.00,715.40,714.80,715.40,198463
1788509520000000000,715.55,715.60,715.05,715.60,60253
1788509580000000000,715.45,715.90,715.25,715.25,88571
1788509640000000000,715.35,715.35,715.05,715.25,6846
1788509700000000000,715.10,715.25,715.00,715.25,52317
1788509760000000000,715.25,715.25,715.10,715.10,6960
1788509820000000000,715.15,715.15,715.00,715.00,8391
1788509880000000000,715.05,715.10,715.00,715.05,9464
1788509940000000000,715.00,715.05,715.00,715.05,32728
1788510000000000000,715.05,715.10,714.75,714.85,68725
1788510060000000000,714.80,714.80,714.15,714.30,100201
1788510120000000000,714.15,714.30,714.15,714.20,17949
1788510180000000000,714.25,714.90,714.20,714.60,39655
1788510240000000000,714.70,714.95,714.50,714.95,17049
1788510300000000000,714.95,715.00,714.75,714.85,22044
1788510360000000000,714.85,715.00,714.85,715.00,26835
1788510420000000000,715.00,715.10,714.95,714.95,21417
1788510480000000000,715.00,715.10,714.85,714.90,22450
1788510540000000000,714.95,715.10,714.95,715.00,14716
1788510600000000000,715.00,715.20,715.00,715.00,7229
1788510660000000000,715.00,715.10,715.00,715.00,8590
1788510720000000000,715.00,715.15,715.00,715.10,6920
1788510780000000000,715.05,715.15,715.00,715.15,10421
1788510840000000000,715.10,715.20,715.00,715.00,10426
1788510900000000000,715.10,715.10,715.05,715.05,10449
1788510960000000000,715.10,715.20,715.00,715.15,9014
1788511020000000000,715.20,715.20,715.05,715.15,10913
1788511080000000000,715.15,715.15,715.00,715.10,38850
1788511140000000000,715.10,715.10,715.05,715.05,9922
1788511200000000000,715.10,715.20,715.05,715.05,37681
1788511260000000000,715.10,715.50,715.10,715.50,60966
1788511320000000000,715.60,715.80,715.30,715.35,107917
1788511380000000000,715.65,715.75,715.45,715.60,19513
1788511440000000000,715.60,715.65,715.35,715.50,15381
1788511500000000000,715.45,715.50,715.30,715.30,4122
1788511560000000000,715.20,715.20,715.00,715.00,16461
1788511620000000000,715.10,715.10,715.00,715.05,10571
1788511680000000000,715.05,715.10,715.05,715.05,31112
1788511740000000000,715.05,715.10,715.00,715.00,11754
1788511800000000000,715.10,715.45,715.10,715.40,19170
1788511860000000000,715.40,715.75,715.30,715.70,124647
1788511920000000000,716.00,716.05,715.65,715.65,55649
1788511980000000000,715.75,715.85,715.25,715.25,22215
1788512040000000000,715.45,715.45,715.20,715.30,35202
1788512100000000000,715.45,715.90,715.20,715.40,82794
1788512160000000000,715.60,715.70,715.35,715.50,8472
1788512220000000000,715.70,715.80,715.55,715.75,14213
1788512280000000000,715.75,715.75,715.60,715.65,9835
1788512340000000000,715.65,715.75,715.50,715.75,19182
1788512400000000000,715.80,715.90,715.50,715.70,19558
1788512460000000000,715.80,716.00,715.55,715.95,25734
1788512520000000000,715.95,715.95,715.80,715.95,20202
1788512580000000000,715.90,715.95,715.60,715.60,44405
1788512640000000000,715.65,715.70,715.50,715.65,16078
1788512700000000000,715.65,715.65,715.30,715.45,18933
1788512760000000000,715.45,715.45,715.25,715.40,21319
1788512820000000000,715.40,715.50,715.30,715.40,21809
1788512880000000000,715.50,715.50,715.30,715.40,13233
1788512940000000000,715.40,715.40,715.05,715.20,49733
1788513000000000000,715.20,715.40,715.10,715.25,17292
1788513060000000000,715.45,715.50,715.30,715.45,14657
1788513120000000000,715.30,715.50,715.25,715.45,15309
1788513180000000000,715.45,715.50,715.25,715.45,13269
1788513240000000000,715.25,715.45,715.20,715.35,15145
1788513300000000000,715.40,715.45,715.05,715.25,11795
1788513360000000000,715.25,715.45,715.05,715.25,30997
1788513420000000000,715.20,715.40,715.20,715.35,13321
1788513480000000000,715.35,715.40,715.20,715.40,14482
1788513540000000000,715.40,715.40,715.20,715.35,22668
1788513600000000000,715.35,715.70,715.15,715.30,41272
1788513660000000000,715.20,715.55,715.20,715.35,36508
1788513720000000000,715.35,715.55,715.15,715.50,84103
1788513780000000000,715.45,715.45,715.10,715.25,34824
1788513840000000000,715.25,715.45,715.10,715.10,64380
1788513900000000000,715.10,715.10,714.50,714.70,106571
1788513960000000000,714.70,714.75,714.50,714.60,28790
1788514020000000000,714.55,714.60,714.50,714.50,40044
1788514080000000000,714.30,714.90,714.30,714.85,78745
1788514140000000000,714.75,714.95,714.70,714.85,40491
1788514200000000000,714.85,715.25,714.75,715.25,76174
1788514260000000000,715.45,715.55,715.20,715.45,69488
1788514320000000000,715.45,715.55,715.40,715.55,29267
1788514380000000000,715.55,715.55,715.35,715.45,56772
1788514440000000000,715.40,715.45,715.20,715.30,56723
1788514500000000000,715.25,715.50,715.25,715.50,73788
1788514560000000000,715.50,715.50,715.30,715.30,67981
1788514620000000000,715.35,715.35,715.20,715.20,55931
1788514680000000000,715.20,715.25,715.05,715.10,51580
1788514740000000000,715.10,715.20,715.00,715.15,92582
1788514800000000000,715.15,715.25,715.10,715.20,86690
1788514860000000000,715.25,715.25,715.00,715.05,96010
1788514920000000000,715.10,715.15,714.80,714.95,206730
1788514980000000000,714.90,715.00,714.35,714.50,167676
1788515040000000000,714.50,715.00,714.25,715.00,63281
1788515100000000000,715.00,715.00,715.00,715.00,0
1788515160000000000,715.00,715.00,715.00,715.00,0
1788515220000000000,715.00,715.00,715.00,715.00,0
1788515280000000000,715.00,715.00,715.00,715.00,0
1788515340000000000,715.00,715.00,715.00,715.00,0
1788515400000000000,715.00,715.00,715.00,715.00,0
1788515460000000000,715.00,715.00,715.00,715.00,0
1788515520000000000,715.00,715.00,715.00,715.00,0
1788515580000000000,715.00,715.00,715.00,715.00,0
1788515640000000000,715.00,715.00,715.00,715.00,0
1788515700000000000,715.00,715.00,715.00,715.00,0
1788515760000000000,715.00,715.00,715.00,715.00,0
1788515820000000000,715.00,715.00,715.00,715.00,0
1788515880000000000,712.10,712.10,712.10,712.10,896295
1788515940000000000,712.10,712.10,712.10,712.10,0
1788752700000000000,712.10,712.80,710.05,710.25,413610
1788752760000000000,710.25,711.40,709.30,711.35,190854
1788752820000000000,711.30,711.80,710.65,711.30,89930
1788752880000000000,711.30,713.00,711.05,712.90,84435
1788752940000000000,712.80,712.90,711.55,712.00,86273
1788753000000000000,712.00,712.80,711.60,711.90,59894
1788753060000000000,711.90,712.00,711.50,711.60,71905
1788753120000000000,711.60,712.00,711.50,712.00,32822
1788753180000000000,712.00,712.50,711.55,711.70,56203
1788753240000000000,711.70,712.40,711.65,712.10,29785
1788753300000000000,712.20,712.50,712.00,712.35,32872
1788753360000000000,712.35,712.40,711.75,711.75,64063
1788753420000000000,711.75,711.85,711.55,711.60,35941
1788753480000000000,711.65,711.65,711.25,711.50,37302
1788753540000000000,711.50,711.50,711.05,711.20,29893
1788753600000000000,711.05,711.50,711.05,711.35,32512
1788753660000000000,711.35,711.50,711.00,711.05,56512
1788753720000000000,711.15,711.20,711.00,711.20,18920
1788753780000000000,711.20,711.50,711.20,711.35,24688
1788753840000000000,711.50,711.90,711.35,711.50,43771
1788753900000000000,711.50,711.50,711.15,711.25,25401
1788753960000000000,711.15,711.35,711.15,711.25,17413
1788754020000000000,711.30,711.30,711.20,711.25,16781
1788754080000000000,711.25,711.50,711.20,711.25,36756
1788754140000000000,711.25,711.45,710.70,710.70,69870
1788754200000000000,710.70,711.00,710.10,710.50,51509
1788754260000000000,710.50,710.55,710.10,710.40,25407
1788754320000000000,710.35,710.70,710.20,710.55,20716
1788754380000000000,710.50,710.80,710.35,710.60,25865
1788754440000000000,710.60,710.60,710.30,710.35,8346
1788754500000000000,710.40,711.00,710.35,710.80,20146
1788754560000000000,710.80,711.00,710.50,710.70,40913
1788754620000000000,710.60,710.70,710.30,710.35,32379
1788754680000000000,710.45,710.65,710.30,710.50,16820
1788754740000000000,710.50,710.50,710.40,710.50,12719
1788754800000000000,710.50,710.80,710.45,710.60,17415
1788754860000000000,710.60,710.80,710.35,710.50,29882
1788754920000000000,710.50,710.65,710.20,710.35,23989
1788754980000000000,710.45,710.55,710.35,710.45,8495
1788755040000000000,710.50,710.50,710.15,710.15,27518
1788755100000000000,710.25,710.25,709.55,710.10,101762
1788755160000000000,710.10,710.50,710.00,710.20,33613
1788755220000000000,710.20,710.50,710.05,710.10,20373
1788755280000000000,710.10,710.15,709.50,709.70,49031
1788755340000000000,709.75,709.95,709.60,709.90,19435
1788755400000000000,709.80,709.95,709.80,709.80,14149
1788755460000000000,709.80,710.00,709.30,709.60,68503
1788755520000000000,709.60,709.95,709.60,709.75,40220
1788755580000000000,709.60,709.95,709.60,709.70,15492
1788755640000000000,709.65,709.95,709.00,709.20,63264
1788755700000000000,709.40,709.50,709.20,709.50,14196
1788755760000000000,709.40,709.60,709.40,709.60,11511
1788755820000000000,709.55,709.70,709.15,709.20,39214
1788755880000000000,709.20,709.30,709.00,709.25,16651
1788755940000000000,709.20,709.25,709.10,709.20,19718
1788756000000000000,709.10,709.20,708.75,708.90,73516
1788756060000000000,708.80,709.00,708.75,708.85,19486
1788756120000000000,708.85,709.30,708.80,709.10,53597
1788756180000000000,709.05,709.45,708.85,709.00,26296
1788756240000000000,708.95,709.10,708.95,708.95,13152
1788756300000000000,708.95,709.35,708.95,709.15,18668
1788756360000000000,709.15,709.40,709.00,709.10,20087
1788756420000000000,709.10,709.35,709.00,709.20,16034
1788756480000000000,709.15,709.50,709.15,709.30,18894
1788756540000000000,709.15,709.50,709.15,709.30,20888
1788756600000000000,709.25,709.40,709.00,709.20,23317
1788756660000000000,709.15,709.40,709.10,709.25,9659
1788756720000000000,709.20,709.95,709.15,709.75,16165
1788756780000000000,709.70,709.95,709.60,709.65,29337
1788756840000000000,709.60,709.75,709.50,709.50,9772
1788756900000000000,709.50,709.85,709.50,709.85,16913
1788756960000000000,709.75,709.90,709.75,709.85,11184
1788757020000000000,709.80,709.95,709.80,709.85,14540
1788757080000000000,709.85,710.00,709.85,709.95,8477
1788757140000000000,709.90,710.35,709.90,710.20,28578
1788757200000000000,710.15,710.40,709.75,709.90,21127
1788757260000000000,709.90,710.00,709.85,709.95,15815
1788757320000000000,709.95,710.00,709.90,709.95,9384
1788757380000000000,709.90,710.00,709.80,709.90,13916
1788757440000000000,709.80,709.90,709.80,709.90,9187
1788757500000000000,709.85,710.00,709.80,710.00,10892
1788757560000000000,709.95,710.35,709.95,710.15,21464
1788757620000000000,710.05,710.50,710.05,710.30,14583
1788757680000000000,710.30,710.40,710.05,710.10,28267
1788757740000000000,710.05,710.10,709.75,709.75,15058
1788757800000000000,709.75,710.05,709.75,709.90,8927
1788757860000000000,709.80,710.25,709.75,710.10,17201
1788757920000000000,710.00,710.45,710.00,710.45,21944
1788757980000000000,710.35,710.70,710.35,710.45,18723
1788758040000000000,710.40,710.60,710.35,710.50,18169
1788758100000000000,710.45,710.60,709.80,710.00,30161
1788758160000000000,710.00,710.40,710.00,710.10,28002
1788758220000000000,710.10,710.50,710.10,710.20,17270
1788758280000000000,710.15,710.25,710.00,710.10,17887
1788758340000000000,710.00,710.40,709.90,710.40,27155
1788758400000000000,710.20,710.50,710.20,710.20,19174
1788758460000000000,710.25,710.50,709.75,710.00,30050
1788758520000000000,709.85,710.15,709.80,710.10,11179
1788758580000000000,710.10,710.15,709.65,709.80,19779
1788758640000000000,709.80,710.00,709.75,709.95,16005
1788758700000000000,709.90,710.20,709.85,710.10,12215
1788758760000000000,710.10,710.40,710.10,710.25,20692
1788758820000000000,710.15,710.40,710.10,710.25,18408
1788758880000000000,710.20,710.30,710.20,710.25,13724
1788758940000000000,710.25,710.30,709.90,710.00,31972
1788759000000000000,709.90,710.15,709.60,709.90,28034
1788759060000000000,709.90,710.15,709.90,710.10,13098
1788759120000000000,710.05,710.10,709.60,709.80,19683
1788759180000000000,709.75,710.05,709.60,709.75,14742
1788759240000000000,709.75,709.90,709.50,709.70,27480
1788759300000000000,709.50,709.70,709.40,709.40,26612
1788759360000000000,709.40,709.70,709.30,709.50,16695
1788759420000000000,709.45,709.50,709.25,709.45,18552
1788759480000000000,709.45,709.60,709.35,709.55,15246
1788759540000000000,709.55,709.80,709.55,709.60,23174
1788759600000000000,709.55,709.70,709.30,709.30,15255
1788759660000000000,709.30,709.65,709.20,709.55,31371
1788759720000000000,709.55,709.75,709.30,709.40,17735
1788759780000000000,709.35,709.40,707.05,707.40,187942
1788759840000000000,707.40,708.15,707.35,708.05,60346
1788759900000000000,708.05,708.55,708.05,708.35,13799
1788759960000000000,708.35,708.70,708.30,708.60,20983
1788760020000000000,708.55,709.15,708.50,709.00,25078
1788760080000000000,708.90,709.40,708.90,709.15,12737
1788760140000000000,709.15,709.65,709.05,709.50,26735
1788760200000000000,709.45,710.10,709.15,710.00,121380
1788760260000000000,710.00,710.30,710.00,710.00,41248
1788760320000000000,710.00,710.40,710.00,710.15,17182
1788760380000000000,710.15,710.40,710.15,710.35,9745
1788760440000000000,710.30,710.40,710.30,710.40,19780
1788760500000000000,710.35,710.60,710.35,710.35,27148
1788760560000000000,710.35,710.60,710.30,710.40,17062
1788760620000000000,710.30,710.50,710.30,710.30,8182
1788760680000000000,710.30,710.45,710.05,710.05,26600
1788760740000000000,710.10,710.30,710.00,710.00,26921
1788760800000000000,710.00,710.20,710.00,710.05,17894
1788760860000000000,710.00,710.05,710.00,710.00,42832
1788760920000000000,710.00,710.20,710.00,710.15,10238
1788760980000000000,710.05,710.30,710.00,710.00,24769
1788761040000000000,710.00,710.40,710.00,710.10,5965
1788761100000000000,710.05,710.30,710.05,710.20,7548
1788761160000000000,710.15,710.40,710.15,710.20,6787
1788761220000000000,710.20,710.40,710.20,710.35,16696
1788761280000000000,710.30,710.35,710.25,710.25,11622
1788761340000000000,710.25,710.40,710.15,710.30,18431
1788761400000000000,710.20,710.30,710.10,710.10,10139
1788761460000000000,710.10,710.25,710.10,710.10,6097
1788761520000000000,710.10,710.30,710.10,710.20,11680
1788761580000000000,710.20,710.35,710.20,710.25,8059
1788761640000000000,710.25,710.40,710.20,710.35,9232
1788761700000000000,710.35,710.45,710.35,710.40,5349
1788761760000000000,710.35,710.60,710.30,710.60,22522
1788761820000000000,710.50,711.00,710.50,710.65,67254
1788761880000000000,710.65,710.70,710.60,710.65,7167
1788761940000000000,710.65,711.30,710.55,710.90,21759
1788762000000000000,710.95,711.30,710.95,711.10,18206
1788762060000000000,711.10,711.20,711.05,711.05,8200
1788762120000000000,711.05,711.35,711.05,711.35,14299
1788762180000000000,711.25,711.50,711.20,711.30,21915
1788762240000000000,711.25,711.50,711.25,711.40,10642
1788762300000000000,711.40,711.60,711.40,711.60,14906
1788762360000000000,711.55,711.75,711.40,711.40,26584
1788762420000000000,711.40,711.55,711.35,711.40,5119
1788762480000000000,711.35,711.40,711.30,711.40,10786
1788762540000000000,711.30,711.75,711.30,711.75,13323
1788762600000000000,711.70,711.75,711.65,711.75,14196
1788762660000000000,711.70,712.05,711.50,712.00,181570
1788762720000000000,712.00,712.10,711.75,712.00,57419
1788762780000000000,712.00,712.05,711.50,711.75,65983
1788762840000000000,711.75,712.50,711.50,711.60,175365
1788762900000000000,711.60,711.70,711.10,711.15,34892
1788762960000000000,711.15,711.35,711.05,711.35,13535
1788763020000000000,711.30,711.40,711.30,711.35,5126
1788763080000000000,711.35,711.70,711.35,711.45,16477
1788763140000000000,711.45,711.65,711.45,711.60,19906
1788763200000000000,711.55,711.75,711.40,711.40,14819
1788763260000000000,711.40,711.45,711.30,711.30,11350
1788763320000000000,711.35,711.40,711.20,711.25,12722
1788763380000000000,711.20,711.30,711.10,711.20,12479
1788763440000000000,711.10,712.05,711.05,711.60,84238
1788763500000000000,711.60,711.70,711.60,711.70,9000
1788763560000000000,711.65,711.70,711.50,711.50,10901
1788763620000000000,711.50,711.60,711.20,711.20,14654
1788763680000000000,711.20,711.30,711.15,711.20,11296
1788763740000000000,711.15,711.20,710.75,710.90,25278
1788763800000000000,710.85,710.90,710.65,710.80,17802
1788763860000000000,710.80,710.90,710.50,710.50,16668
1788763920000000000,710.55,710.65,710.20,710.20,32265
1788763980000000000,710.25,710.35,710.15,710.20,19772
1788764040000000000,710.20,710.25,710.10,710.15,22300
1788764100000000000,710.10,710.35,710.00,710.15,40426
1788764160000000000,710.15,710.25,710.05,710.15,17530
1788764220000000000,710.10,710.25,710.05,710.25,12267
1788764280000000000,710.10,710.25,710.00,710.00,18270
1788764340000000000,710.00,710.20,710.00,710.05,13439
1788764400000000000,710.00,710.05,709.55,709.65,87720
1788764460000000000,709.60,710.00,709.50,709.75,37788
1788764520000000000,709.75,710.30,709.75,710.10,63262
1788764580000000000,710.10,710.60,710.00,710.55,74232
1788764640000000000,710.50,710.80,710.05,710.30,89454
1788764700000000000,710.15,710.50,709.80,710.45,51587
1788764760000000000,710.45,710.70,710.10,710.40,17367
1788764820000000000,710.40,710.70,710.30,710.70,20371
1788764880000000000,710.50,711.20,710.50,711.00,29052
1788764940000000000,711.00,711.75,710.50,710.80,75675
1788765000000000000,710.70,711.00,710.50,710.70,31970
1788765060000000000,710.60,711.20,710.50,711.15,34336
1788765120000000000,710.90,711.15,710.45,710.45,37396
1788765180000000000,710.45,711.70,710.45,710.90,116736
1788765240000000000,710.90,711.45,710.60,710.80,33646
1788765300000000000,710.80,711.15,710.65,711.15,24874
1788765360000000000,711.00,711.55,711.00,711.55,43838
1788765420000000000,711.50,711.65,710.60,711.00,104954
1788765480000000000,710.85,711.00,710.50,710.80,20988
1788765540000000000,710.75,710.85,710.50,710.70,25030
1788765600000000000,710.70,710.80,710.55,710.55,13281
1788765660000000000,710.55,710.80,710.35,710.70,20697
1788765720000000000,710.50,710.70,710.50,710.60,7614
1788765780000000000,710.55,710.70,710.55,710.70,13084
1788765840000000000,710.65,710.70,710.60,710.65,13602
1788765900000000000,710.60,710.80,710.55,710.60,16331
1788765960000000000,710.55,710.60,710.50,710.55,12629
1788766020000000000,710.50,710.80,710.50,710.80,25141
1788766080000000000,710.80,710.80,710.70,710.75,8909
1788766140000000000,710.70,710.75,710.65,710.65,6175
1788766200000000000,710.65,710.70,710.60,710.65,13499
1788766260000000000,710.60,710.80,710.60,710.75,19754
1788766320000000000,710.75,710.95,710.75,710.80,16794
1788766380000000000,710.80,710.90,710.55,710.55,17017
1788766440000000000,710.55,710.75,710.50,710.60,13879
1788766500000000000,710.65,710.65,710.55,710.60,9645
1788766560000000000,710.55,710.60,710.50,710.50,9578
1788766620000000000,710.50,710.60,710.40,710.50,14988
1788766680000000000,710.40,710.50,710.30,710.30,9586
1788766740000000000,710.30,710.35,710.15,710.15,11713
1788766800000000000,710.15,710.20,710.10,710.15,8358
1788766860000000000,710.10,710.50,710.00,710.05,31307
1788766920000000000,710.05,710.65,710.00,710.60,109154
1788766980000000000,710.60,710.70,710.05,710.25,59086
1788767040000000000,710.10,710.25,710.00,710.10,9366
1788767100000000000,710.00,710.10,709.85,709.95,13145
1788767160000000000,709.95,710.30,709.80,709.85,14501
1788767220000000000,709.80,710.05,709.70,709.70,27212
1788767280000000000,709.70,709.85,709.65,709.65,11204
1788767340000000000,709.65,709.70,709.60,709.65,14567
1788767400000000000,709.60,709.95,709.60,709.85,24845
1788767460000000000,709.85,709.95,709.55,709.65,20180
1788767520000000000,709.60,709.85,709.60,709.60,16325
1788767580000000000,709.60,709.70,709.45,709.45,15011
1788767640000000000,709.50,710.10,709.40,709.80,36514
1788767700000000000,709.85,710.10,709.80,710.00,20299
1788767760000000000,709.90,710.00,709.80,709.85,14032
1788767820000000000,709.90,709.90,709.80,709.85,13587
1788767880000000000,709.80,709.90,709.70,709.75,20825
1788767940000000000,709.70,709.75,709.50,709.55,16364
1788768000000000000,709.55,709.85,709.40,709.50,17442
1788768060000000000,709.40,709.70,709.40,709.40,19735
1788768120000000000,709.40,709.60,709.35,709.35,11143
1788768180000000000,709.35,709.50,709.35,709.35,16551
1788768240000000000,709.40,709.45,709.30,709.30,10603
1788768300000000000,709.35,709.40,709.25,709.25,14124
1788768360000000000,709.25,709.45,709.20,709.40,18807
1788768420000000000,709.35,709.65,709.30,709.60,27979
1788768480000000000,709.55,709.70,709.30,709.40,20352
1788768540000000000,709.35,709.60,709.35,709.45,16654
1788768600000000000,709.40,709.50,709.40,709.50,12237
1788768660000000000,709.45,709.50,709.40,709.40,19032
1788768720000000000,709.40,709.45,709.35,709.45,11192
1788768780000000000,709.35,709.45,709.35,709.35,15448
1788768840000000000,709.35,709.55,709.25,709.45,41868
1788768900000000000,709.45,709.50,709.30,709.30,19258
1788768960000000000,709.30,709.75,709.30,709.65,14785
1788769020000000000,709.65,709.70,709.30,709.60,64681
1788769080000000000,709.50,709.85,709.50,709.60,22986
1788769140000000000,709.60,709.80,709.60,709.65,9454
1788769200000000000,709.65,709.75,709.60,709.65,18724
1788769260000000000,709.70,709.80,709.50,709.50,22443
1788769320000000000,709.50,709.80,709.45,709.80,29267
1788769380000000000,709.65,710.20,709.65,710.15,61919
1788769440000000000,710.00,710.15,709.65,709.90,32870
1788769500000000000,709.80,710.00,709.75,709.95,16888
1788769560000000000,709.90,709.95,709.90,709.95,14266
1788769620000000000,709.95,710.00,709.85,709.90,15071
1788769680000000000,709.85,709.90,709.80,709.85,15264
1788769740000000000,709.90,709.90,709.75,709.90,12583
1788769800000000000,709.90,709.90,709.80,709.85,10126
1788769860000000000,709.85,709.95,709.75,709.90,23074
1788769920000000000,709.90,710.25,709.90,710.10,54753
1788769980000000000,710.10,710.15,709.90,709.95,16828
1788770040000000000,709.90,710.00,709.80,709.90,17327
1788770100000000000,709.90,709.95,709.80,709.90,14913
1788770160000000000,709.85,709.90,709.75,709.80,15584
1788770220000000000,709.75,709.80,709.30,709.55,41491
1788770280000000000,709.30,709.55,709.10,709.15,40151
1788770340000000000,709.15,709.35,709.15,709.25,27704
1788770400000000000,709.25,709.40,709.20,709.30,23146
1788770460000000000,709.30,709.35,709.10,709.20,21061
1788770520000000000,709.15,709.40,709.10,709.30,22420
1788770580000000000,709.25,709.50,709.25,709.50,27339
1788770640000000000,709.40,709.50,709.30,709.35,17266
1788770700000000000,709.30,709.90,709.30,709.50,46328
1788770760000000000,709.55,709.65,709.40,709.60,27516
1788770820000000000,709.45,709.60,709.40,709.55,31101
1788770880000000000,709.50,709.65,709.40,709.55,34542
1788770940000000000,709.55,709.70,709.50,709.60,28057
1788771000000000000,709.60,709.95,709.60,709.90,33860
1788771060000000000,709.80,710.00,709.80,709.95,32688
1788771120000000000,709.95,710.10,709.90,710.05,47396
1788771180000000000,710.05,710.40,710.00,710.15,26753
1788771240000000000,710.15,710.50,710.10,710.40,44891
1788771300000000000,710.40,710.95,710.40,710.65,32360
1788771360000000000,710.60,710.95,710.60,710.70,35753
1788771420000000000,710.70,710.85,710.65,710.75,27141
1788771480000000000,710.75,710.90,710.70,710.70,28595
1788771540000000000,710.75,711.20,710.70,711.05,44066
1788771600000000000,711.00,711.45,711.00,711.25,51248
1788771660000000000,711.20,711.25,710.45,710.45,47802
1788771720000000000,710.50,711.00,710.50,710.95,33606
1788771780000000000,710.95,710.95,710.85,710.90,29648
1788771840000000000,710.90,710.95,710.75,710.80,25438
1788771900000000000,710.80,711.10,710.75,710.95,39510
1788771960000000000,710.95,711.15,710.85,711.10,36820
1788772020000000000,711.10,711.15,711.05,711.05,27796
1788772080000000000,711.05,711.10,711.00,711.05,31710
1788772140000000000,711.00,711.10,710.60,710.80,31052
1788772200000000000,710.80,710.85,710.70,710.70,22645
1788772260000000000,710.75,711.00,710.65,710.65,43223
1788772320000000000,710.65,710.85,710.60,710.60,25240
1788772380000000000,710.65,710.90,710.60,710.90,27379
1788772440000000000,710.90,710.90,710.55,710.55,39475
1788772500000000000,710.55,710.65,710.05,710.15,39028
1788772560000000000,710.15,710.25,710.00,710.00,49232
1788772620000000000,710.00,710.20,709.85,710.00,47883
1788772680000000000,710.00,710.00,709.75,709.80,42802
1788772740000000000,709.75,710.15,709.45,709.95,194691
1788772800000000000,709.95,710.50,709.85,710.25,50486
1788772860000000000,710.25,710.80,710.25,710.60,40161
1788772920000000000,710.50,710.60,710.05,710.40,58714
1788772980000000000,710.40,710.40,710.25,710.35,25947
1788773040000000000,710.35,710.40,710.30,710.35,40918
1788773100000000000,710.35,710.75,710.35,710.60,44059
1788773160000000000,710.60,710.75,710.60,710.75,48753
1788773220000000000,710.65,710.75,710.30,710.60,70128
1788773280000000000,710.50,710.60,710.25,710.40,57369
1788773340000000000,710.40,710.60,710.25,710.60,60401
1788773400000000000,710.60,711.25,710.50,711.20,97975
1788773460000000000,711.20,711.20,711.10,711.15,47748
1788773520000000000,711.20,711.40,711.15,711.35,62432
1788773580000000000,711.40,711.45,711.20,711.45,65094
1788773640000000000,711.45,711.50,711.40,711.45,41739
1788773700000000000,711.45,711.60,710.95,711.05,99839
1788773760000000000,711.15,711.40,710.95,711.35,55968
1788773820000000000,711.25,711.35,711.20,711.30,43375
1788773880000000000,711.35,711.60,710.45,710.45,78072
1788773940000000000,710.55,710.55,709.45,709.75,126893
1788774000000000000,709.75,710.35,709.65,710.05,103478
1788774060000000000,710.10,710.15,709.40,709.55,106404
1788774120000000000,709.55,710.00,709.25,709.65,141992
1788774180000000000,709.55,710.00,709.10,710.00,97460
1788774240000000000,709.95,710.80,709.55,710.50,55528
1788774300000000000,710.50,710.50,710.50,710.50,0
1788774360000000000,710.50,710.50,710.50,710.50,0
1788774420000000000,710.50,710.50,710.50,710.50,0
1788774480000000000,710.50,710.50,710.50,710.50,0
1788774540000000000,710.50,710.50,710.50,710.50,0
1788774600000000000,710.50,710.50,710.50,710.50,0
1788774660000000000,710.50,710.50,710.50,710.50,0
1788774720000000000,710.50,710.50,710.50,710.50,0
1788774780000000000,710.50,710.50,710.50,710.50,0
1788774840000000000,710.50,710.50,710.50,710.50,0
1788774900000000000,710.50,710.50,710.50,710.50,0
1788774960000000000,710.50,710.50,710.50,710.50,0
1788775020000000000,710.50,710.50,710.50,710.50,0
1788775080000000000,710.50,710.50,710.50,710.50,0
1788775140000000000,710.50,710.50,710.50,710.50,269348
1788839100000000000,707.10,708.90,706.00,707.25,365363
1788839160000000000,707.30,707.40,706.60,707.40,142609
1788839220000000000,707.40,708.50,706.80,707.00,126487
1788839280000000000,707.20,707.85,707.10,707.80,51624
1788839340000000000,707.85,707.90,707.00,707.20,64075
1788839400000000000,707.40,707.50,707.05,707.35,38503
1788839460000000000,707.35,707.55,707.00,707.10,88037
1788839520000000000,707.10,707.30,706.85,707.30,53413
1788839580000000000,707.25,707.30,706.80,707.00,31112
1788839640000000000,706.95,707.10,706.05,706.70,160996
1788839700000000000,706.70,707.00,706.65,706.95,35231
1788839760000000000,707.00,707.10,706.90,707.10,27462
1788839820000000000,707.10,707.10,706.70,706.80,38424
1788839880000000000,706.80,707.00,706.70,706.90,40270
1788839940000000000,706.90,707.20,706.90,707.10,43381
1788840000000000000,707.00,707.20,706.75,707.00,41191
1788840060000000000,706.85,707.10,706.80,706.95,36346
1788840120000000000,706.95,707.25,706.90,707.20,26591
1788840180000000000,707.10,707.30,707.05,707.30,24826
1788840240000000000,707.25,707.50,707.10,707.35,33901
1788840300000000000,707.35,707.40,707.10,707.20,18524
1788840360000000000,707.20,707.25,706.20,706.50,77807
1788840420000000000,706.50,706.70,706.45,706.70,29314
1788840480000000000,706.70,707.00,706.55,706.55,31408
1788840540000000000,706.65,706.65,706.20,706.50,38838
1788840600000000000,706.55,706.55,706.15,706.30,28224
1788840660000000000,706.30,706.35,706.00,706.15,57583
1788840720000000000,706.15,706.15,705.70,705.75,71682
1788840780000000000,705.75,705.85,705.65,705.70,33417
1788840840000000000,705.70,705.80,705.55,705.75,36020
1788840900000000000,705.75,706.30,705.75,706.10,33219
1788840960000000000,706.15,706.20,706.10,706.15,17535
1788841020000000000,706.20,706.60,706.15,706.60,31066
1788841080000000000,706.60,706.90,706.50,706.50,35641
1788841140000000000,706.55,706.90,706.50,706.85,19485
1788841200000000000,706.85,707.35,706.75,707.35,33210
1788841260000000000,707.35,707.40,707.00,707.10,29132
1788841320000000000,707.10,707.10,706.85,706.85,22629
1788841380000000000,706.95,706.95,706.60,706.70,23492
1788841440000000000,706.90,706.90,706.70,706.80,16419
1788841500000000000,706.80,706.80,706.65,706.75,15694
1788841560000000000,706.75,706.75,706.65,706.70,14003
1788841620000000000,706.70,706.80,706.65,706.70,25949
1788841680000000000,706.75,706.75,706.35,706.35,36011
1788841740000000000,706.45,706.50,706.25,706.30,21334
1788841800000000000,706.35,706.50,706.30,706.50,27103
1788841860000000000,706.50,706.70,706.50,706.70,27991
1788841920000000000,706.65,706.70,705.80,705.90,84946
1788841980000000000,705.95,706.45,705.50,705.85,104365
1788842040000000000,705.85,705.95,705.80,705.95,13594
1788842100000000000,705.95,706.25,705.85,706.20,62057
1788842160000000000,706.25,706.45,706.10,706.20,32344
1788842220000000000,706.35,706.50,706.30,706.40,11261
1788842280000000000,706.45,706.55,706.40,706.50,14481
1788842340000000000,706.50,706.50,706.20,706.35,27974
1788842400000000000,706.35,706.50,706.35,706.45,26517
1788842460000000000,706.45,706.60,706.40,706.60,33802
1788842520000000000,706.60,706.80,706.45,706.80,126565
1788842580000000000,706.80,707.20,706.75,707.10,22807
1788842640000000000,707.10,707.20,707.00,707.20,17510
1788842700000000000,707.20,707.35,706.80,706.85,46645
1788842760000000000,706.85,706.90,706.50,706.65,11283
1788842820000000000,706.65,706.85,706.60,706.85,23779
1788842880000000000,706.80,706.85,706.65,706.70,28211
1788842940000000000,706.70,706.75,706.60,706.65,17326
1788843000000000000,706.65,706.65,706.50,706.55,25285
1788843060000000000,706.55,706.55,706.40,706.50,27561
1788843120000000000,706.55,706.85,706.50,706.65,32360
1788843180000000000,706.65,706.75,706.60,706.75,8955
1788843240000000000,706.75,706.75,706.30,706.50,32243
1788843300000000000,706.50,706.50,706.25,706.30,12221
1788843360000000000,706.30,706.30,706.10,706.20,14522
1788843420000000000,706.20,706.65,706.10,706.40,43982
1788843480000000000,706.50,706.55,706.10,706.45,24554
1788843540000000000,706.45,706.60,706.20,706.50,46776
1788843600000000000,706.60,706.85,706.55,706.85,36076
1788843660000000000,706.85,707.00,706.50,706.50,68942
1788843720000000000,706.65,706.65,706.55,706.55,9117
1788843780000000000,706.60,706.65,706.55,706.55,13704
1788843840000000000,706.60,706.75,706.25,706.55,39577
1788843900000000000,706.55,706.60,705.85,705.85,61371
1788843960000000000,705.90,705.95,705.00,705.10,72958
1788844020000000000,705.10,705.20,705.00,705.15,26667
1788844080000000000,705.15,705.25,704.70,704.80,165775
1788844140000000000,705.00,705.15,704.70,705.05,41029
1788844200000000000,705.05,705.20,704.90,705.10,26788
1788844260000000000,705.10,705.35,705.00,705.30,31242
1788844320000000000,705.35,705.55,705.20,705.35,22503
1788844380000000000,705.35,705.40,705.20,705.40,13825
1788844440000000000,705.45,705.60,705.35,705.50,23568
1788844500000000000,705.50,705.55,705.20,705.20,37379
1788844560000000000,705.35,705.50,705.20,705.50,24150
1788844620000000000,705.50,705.55,705.25,705.55,31854
1788844680000000000,705.55,705.55,705.30,705.40,41110
1788844740000000000,705.40,705.45,705.25,705.35,29706
1788844800000000000,705.35,706.30,705.25,705.65,163369
1788844860000000000,705.65,705.90,705.50,705.60,50814
1788844920000000000,705.65,705.75,705.50,705.60,30218
1788844980000000000,705.60,705.60,705.10,705.10,22104
1788845040000000000,705.20,705.20,704.50,704.95,114155
1788845100000000000,705.05,705.05,704.10,705.00,326028
1788845160000000000,704.95,705.35,704.65,704.65,82244
1788845220000000000,704.90,704.95,704.70,704.95,29579
1788845280000000000,704.95,705.00,704.70,704.85,33188
1788845340000000000,704.95,705.00,704.70,704.95,33307
1788845400000000000,704.90,705.00,704.70,704.95,32972
1788845460000000000,704.85,705.15,704.65,705.00,29856
1788845520000000000,705.00,705.10,704.80,705.00,21303
1788845580000000000,705.00,705.00,704.60,704.80,44184
1788845640000000000,704.80,704.85,704.50,704.75,32079
1788845700000000000,704.65,704.90,704.50,704.70,39493
1788845760000000000,704.70,705.00,704.55,704.85,46252
1788845820000000000,704.80,705.10,704.65,705.00,31473
1788845880000000000,704.95,705.20,704.80,705.00,30764
1788845940000000000,704.95,705.15,704.75,704.85,24392
1788846000000000000,704.85,705.40,704.85,705.10,125040
1788846060000000000,705.05,705.25,704.80,705.25,91440
1788846120000000000,705.10,705.25,704.80,704.80,51404
1788846180000000000,704.85,705.10,704.50,705.10,167107
1788846240000000000,705.10,705.10,704.80,704.85,34766
1788846300000000000,704.85,705.20,704.80,704.90,30345
1788846360000000000,704.90,705.30,704.55,705.20,103174
1788846420000000000,705.15,705.95,705.15,705.75,88225
1788846480000000000,705.70,706.10,705.55,706.00,85679
1788846540000000000,706.05,706.10,706.00,706.10,58307
1788846600000000000,706.05,706.15,705.45,705.65,67790
1788846660000000000,705.65,705.70,705.40,705.60,31287
1788846720000000000,705.60,705.60,705.30,705.50,23579
1788846780000000000,705.50,706.00,705.45,705.90,33916
1788846840000000000,705.85,706.00,705.50,705.70,32723
1788846900000000000,705.65,706.20,705.45,706.00,63331
1788846960000000000,706.05,706.25,706.00,706.10,28413
1788847020000000000,706.10,706.10,706.00,706.10,51464
1788847080000000000,706.05,706.10,705.45,705.60,110701
1788847140000000000,705.60,705.70,705.00,705.00,81690
1788847200000000000,705.10,705.45,704.75,705.25,206158
1788847260000000000,705.20,705.35,705.05,705.20,31283
1788847320000000000,705.20,705.50,705.15,705.40,26171
1788847380000000000,705.45,705.45,704.95,705.05,56330
1788847440000000000,705.05,705.05,704.85,705.00,28872
1788847500000000000,705.00,705.80,704.80,705.00,160726
1788847560000000000,705.00,705.00,704.80,704.90,42611
1788847620000000000,704.95,705.05,704.75,705.00,47276
1788847680000000000,704.95,705.05,704.75,704.90,21363
1788847740000000000,704.90,704.90,704.50,704.55,36895
1788847800000000000,704.60,704.70,704.50,704.70,29408
1788847860000000000,704.70,704.70,704.55,704.70,22168
1788847920000000000,704.70,704.80,704.55,704.75,22166
1788847980000000000,704.75,704.80,704.50,704.60,24585
1788848040000000000,704.60,704.95,704.50,704.90,65644
1788848100000000000,704.90,705.00,704.80,704.90,18518
1788848160000000000,704.90,705.00,704.70,704.70,45070
1788848220000000000,704.75,704.90,704.50,704.65,48646
1788848280000000000,704.65,704.75,704.50,704.50,37275
1788848340000000000,704.55,704.65,704.20,704.30,81590
1788848400000000000,704.40,704.45,704.05,704.15,36070
1788848460000000000,704.15,704.35,704.10,704.30,28922
1788848520000000000,704.30,704.65,704.25,704.65,24567
1788848580000000000,704.65,705.35,704.45,704.55,74421
1788848640000000000,704.75,705.00,704.40,704.75,42687
1788848700000000000,704.75,704.95,704.50,704.65,56983
1788848760000000000,704.65,704.70,704.40,704.60,27359
1788848820000000000,704.60,704.75,704.50,704.65,23579
1788848880000000000,704.60,704.75,704.35,704.60,33720
1788848940000000000,704.50,704.60,704.20,704.20,24972
1788849000000000000,704.25,704.25,704.10,704.25,26441
1788849060000000000,704.25,704.35,704.00,704.05,44326
1788849120000000000,704.05,704.25,704.05,704.25,22313
1788849180000000000,704.25,704.25,704.00,704.10,51602
1788849240000000000,704.15,705.00,704.00,704.10,143216
1788849300000000000,704.05,704.30,703.75,704.00,86326
1788849360000000000,704.00,704.30,703.75,704.05,26936
1788849420000000000,704.15,704.35,704.00,704.15,18945
1788849480000000000,704.15,704.25,704.00,704.15,24711
1788849540000000000,704.10,704.55,703.95,704.40,28508
1788849600000000000,704.40,704.85,704.20,704.70,23005
1788849660000000000,704.65,704.85,704.45,704.65,22157
1788849720000000000,704.65,704.90,704.55,704.85,21939
1788849780000000000,704.80,705.00,704.65,704.90,23211
1788849840000000000,704.90,705.05,704.70,704.80,18407
1788849900000000000,704.80,705.00,704.60,704.85,17911
1788849960000000000,704.85,705.10,704.65,704.95,20756
1788850020000000000,704.95,704.95,704.70,704.90,17420
1788850080000000000,704.95,704.95,704.65,704.85,24730
1788850140000000000,704.85,705.00,704.70,705.00,30989
1788850200000000000,704.95,705.00,704.65,705.00,63627
1788850260000000000,705.00,705.00,704.70,704.90,20591
1788850320000000000,704.95,705.00,704.70,704.90,16483
1788850380000000000,704.90,705.00,704.70,704.90,19767
1788850440000000000,704.90,705.00,704.75,704.95,18561
1788850500000000000,704.85,705.00,704.85,704.95,17976
1788850560000000000,704.95,704.95,704.80,704.85,18492
1788850620000000000,704.85,704.95,704.60,704.85,24633
1788850680000000000,704.85,704.85,704.60,704.75,18055
1788850740000000000,704.75,704.95,704.60,704.95,27254
1788850800000000000,704.90,705.00,704.75,704.80,22729
1788850860000000000,704.95,705.35,704.85,705.10,38670
1788850920000000000,705.15,705.15,704.50,704.65,223355
1788850980000000000,704.80,704.85,704.55,704.80,34540
1788851040000000000,704.80,704.95,704.75,704.80,19285
1788851100000000000,704.85,705.00,704.70,704.80,31200
1788851160000000000,704.75,705.10,704.65,704.80,51276
1788851220000000000,704.80,705.00,704.65,704.95,32159
1788851280000000000,704.95,705.05,704.50,704.55,39463
1788851340000000000,704.55,704.70,704.30,704.45,30518
1788851400000000000,704.45,704.70,704.30,704.55,53756
1788851460000000000,704.55,704.95,704.50,704.65,29659
1788851520000000000,704.70,704.95,704.50,704.60,25494
1788851580000000000,704.60,704.75,704.25,704.50,30951
1788851640000000000,704.50,704.60,704.25,704.35,25145
1788851700000000000,704.40,704.55,704.20,704.45,27340
1788851760000000000,704.45,704.60,704.30,704.40,30416
1788851820000000000,704.40,704.70,704.35,704.40,24001
1788851880000000000,704.50,704.70,704.30,704.35,20994
1788851940000000000,704.35,704.90,704.15,704.60,44634
1788852000000000000,704.60,704.80,704.35,704.60,20963
1788852060000000000,704.60,704.85,704.40,704.50,30934
1788852120000000000,704.50,704.75,704.30,704.40,28342
1788852180000000000,704.40,704.70,704.25,704.40,54007
1788852240000000000,704.40,704.80,704.30,704.75,29213
1788852300000000000,704.70,705.00,704.45,704.75,50443
1788852360000000000,704.50,705.00,704.50,704.75,23857
1788852420000000000,704.75,704.95,704.65,704.80,22464
1788852480000000000,704.80,705.00,704.50,704.85,39658
1788852540000000000,704.85,705.00,704.60,704.60,41356
1788852600000000000,704.60,704.85,704.55,704.70,12966
1788852660000000000,704.65,704.95,704.55,704.85,30758
1788852720000000000,704.85,705.15,704.75,705.00,27273
1788852780000000000,705.00,705.20,704.75,704.95,20670
1788852840000000000,704.95,704.95,704.75,704.85,14869
1788852900000000000,704.85,704.95,704.75,704.90,10449
1788852960000000000,704.90,705.00,704.75,705.00,20763
1788853020000000000,705.00,705.25,704.95,705.00,15943
1788853080000000000,705.05,705.20,704.90,704.95,22138
1788853140000000000,704.95,704.95,704.75,704.75,15502
1788853200000000000,704.90,705.00,704.75,704.90,13164
1788853260000000000,704.90,705.00,704.85,705.00,15923
1788853320000000000,705.00,705.05,704.75,705.05,28346
1788853380000000000,705.05,705.05,705.00,705.00,10983
1788853440000000000,705.05,705.30,705.00,705.15,38064
1788853500000000000,705.15,705.20,704.80,704.85,20805
1788853560000000000,704.80,705.05,704.70,704.95,31256
1788853620000000000,704.95,705.00,704.80,704.90,20623
1788853680000000000,704.90,704.90,704.50,704.60,15189
1788853740000000000,704.50,704.65,704.50,704.55,13039
1788853800000000000,704.55,704.65,704.35,704.55,20050
1788853860000000000,704.55,705.00,704.25,704.60,112239
1788853920000000000,704.60,704.90,704.20,704.45,25289
1788853980000000000,704.45,704.45,704.15,704.15,13287
1788854040000000000,704.20,704.25,704.00,704.10,19373
1788854100000000000,704.10,704.10,703.55,703.95,86087
1788854160000000000,703.90,704.05,703.90,704.00,16032
1788854220000000000,704.00,704.55,703.80,704.40,36351
1788854280000000000,704.35,704.45,704.00,704.10,15124
1788854340000000000,704.10,704.20,703.85,703.95,16194
1788854400000000000,704.05,704.20,703.90,704.10,25835
1788854460000000000,704.20,704.50,704.10,704.20,20824
1788854520000000000,704.35,704.40,704.10,704.10,15316
1788854580000000000,704.25,704.40,704.00,704.15,28262
1788854640000000000,704.15,704.40,704.10,704.20,20129
1788854700000000000,704.30,704.90,704.20,704.70,23008
1788854760000000000,704.70,704.90,704.45,704.80,22000
1788854820000000000,704.75,704.95,704.50,704.50,34319
1788854880000000000,704.65,704.80,704.35,704.70,24650
1788854940000000000,704.60,704.70,704.25,704.30,24554
1788855000000000000,704.40,704.50,704.15,704.15,35685
1788855060000000000,704.30,704.40,704.05,704.40,37520
1788855120000000000,704.30,704.45,704.05,704.20,29562
1788855180000000000,704.40,704.40,704.00,704.15,521532
1788855240000000000,704.10,704.15,703.90,704.00,44266
1788855300000000000,704.10,704.60,703.85,704.40,42844
1788855360000000000,704.45,704.60,704.20,704.35,21499
1788855420000000000,704.40,704.60,704.25,704.45,14365
1788855480000000000,704.45,704.45,704.25,704.30,13047
1788855540000000000,704.25,704.40,704.00,704.00,39242
1788855600000000000,704.15,704.35,704.00,704.10,41542
1788855660000000000,704.15,704.20,703.80,703.90,28084
1788855720000000000,703.90,704.00,703.80,703.90,18750
1788855780000000000,703.90,704.45,703.80,704.35,40246
1788855840000000000,704.20,704.55,704.20,704.50,37802
1788855900000000000,704.45,704.55,704.25,704.55,23268
1788855960000000000,704.55,704.65,704.45,704.65,27292
1788856020000000000,704.65,704.65,704.40,704.50,28995
1788856080000000000,704.50,704.80,704.35,704.65,39230
1788856140000000000,704.60,704.70,704.30,704.45,27754
1788856200000000000,704.50,704.95,704.45,704.90,36754
1788856260000000000,704.80,705.00,704.70,704.90,60913
1788856320000000000,704.95,705.00,704.75,704.80,54642
1788856380000000000,704.80,705.25,704.60,705.00,81144
1788856440000000000,705.05,705.20,704.95,705.10,33369
1788856500000000000,705.10,705.70,705.05,705.70,166126
1788856560000000000,705.70,705.90,705.35,705.50,46277
1788856620000000000,705.50,705.80,705.20,705.25,58683
1788856680000000000,705.35,705.40,704.85,705.25,60531
1788856740000000000,705.15,705.25,704.85,704.95,60239
1788856800000000000,705.05,705.15,704.80,704.85,61552
1788856860000000000,704.85,705.05,704.60,704.95,63348
1788856920000000000,704.95,705.10,704.70,705.00,50890
1788856980000000000,704.95,705.05,704.80,705.00,23798
1788857040000000000,705.00,705.05,704.70,704.75,18536
1788857100000000000,704.75,705.15,704.60,705.10,34360
1788857160000000000,705.00,705.10,704.85,704.95,28155
1788857220000000000,705.00,705.05,704.90,705.00,30573
1788857280000000000,705.05,705.10,704.80,704.80,23791
1788857340000000000,704.80,705.05,704.75,705.00,25003
1788857400000000000,704.95,705.25,704.95,705.10,31017
1788857460000000000,705.00,705.20,704.90,705.05,35102
1788857520000000000,705.05,705.05,704.75,704.95,27613
1788857580000000000,705.00,705.10,704.95,704.95,22172
1788857640000000000,704.95,705.05,704.80,705.00,22163
1788857700000000000,705.05,705.10,704.60,704.60,39751
1788857760000000000,704.60,704.80,704.50,704.80,51893
1788857820000000000,704.80,705.10,704.65,704.90,55598
1788857880000000000,704.90,704.95,704.70,704.80,31465
1788857940000000000,704.90,704.95,704.70,704.85,18514
1788858000000000000,704.90,704.95,704.80,704.90,25839
1788858060000000000,704.90,705.10,704.70,705.00,50985
1788858120000000000,705.00,705.25,704.85,705.10,60548
1788858180000000000,705.00,705.20,704.85,704.85,31097
1788858240000000000,705.00,705.05,704.80,705.00,31171
1788858300000000000,704.95,705.10,704.85,705.00,40081
1788858360000000000,705.00,705.10,704.90,705.10,26467
1788858420000000000,705.10,705.10,704.90,705.00,30151
1788858480000000000,705.00,705.00,704.50,704.60,30783
1788858540000000000,704.60,704.80,704.50,704.70,45950
1788858600000000000,704.70,704.70,704.20,704.25,47991
1788858660000000000,704.50,704.50,704.10,704.20,45454
1788858720000000000,704.15,704.40,704.10,704.25,38410
1788858780000000000,704.25,704.25,704.10,704.20,37849
1788858840000000000,704.20,704.30,704.00,704.00,55249
1788858900000000000,704.05,704.05,703.90,703.90,75355
1788858960000000000,703.95,703.95,703.75,703.80,65635
1788859020000000000,703.85,703.85,703.50,703.55,80472
1788859080000000000,703.55,703.55,703.05,703.25,165257
1788859140000000000,703.20,703.30,703.00,703.15,86429
1788859200000000000,703.15,703.15,703.00,703.10,63397
1788859260000000000,703.10,703.55,703.00,703.55,127257
1788859320000000000,703.55,703.70,703.35,703.55,101597
1788859380000000000,703.55,703.85,703.15,703.40,77943
1788859440000000000,703.40,704.10,703.30,704.10,131406
1788859500000000000,703.95,704.10,703.70,703.75,56869
1788859560000000000,703.75,703.75,703.25,703.40,81196
1788859620000000000,703.45,703.65,703.30,703.55,94929
1788859680000000000,703.60,703.60,703.40,703.50,58719
1788859740000000000,703.50,703.80,703.40,703.70,94095
1788859800000000000,703.65,703.95,703.50,703.95,87454
1788859860000000000,703.85,704.00,703.80,704.00,107106
1788859920000000000,703.95,704.00,703.65,703.80,110639
1788859980000000000,703.75,703.95,703.45,703.85,113263
1788860040000000000,703.80,703.90,703.60,703.65,76936
1788860100000000000,703.65,703.75,703.60,703.70,156868
1788860160000000000,703.70,703.95,703.50,703.65,121384
1788860220000000000,703.60,703.75,703.50,703.70,79005
1788860280000000000,703.65,703.70,703.40,703.50,73230
1788860340000000000,703.40,704.00,703.15,703.95,217909
1788860400000000000,703.95,704.55,703.45,704.35,200600
1788860460000000000,704.30,704.50,703.90,704.15,85749
1788860520000000000,704.15,704.70,703.20,704.20,235746
1788860580000000000,703.95,704.40,703.50,704.20,198285
1788860640000000000,704.15,704.35,703.80,704.00,55516
1788860700000000000,704.00,704.00,704.00,704.00,0
1788860760000000000,704.00,704.00,704.00,704.00,0
1788860820000000000,704.00,704.00,704.00,704.00,0
1788860880000000000,704.00,704.00,704.00,704.00,0
1788860940000000000,704.00,704.00,704.00,704.00,0
1788861000000000000,704.00,704.00,704.00,704.00,0
1788861060000000000,704.00,704.00,704.00,704.00,0
1788861120000000000,704.00,704.00,704.00,704.00,0
1788861180000000000,704.00,704.00,704.00,704.00,0
1788861240000000000,704.00,704.00,704.00,704.00,0
1788861300000000000,704.00,704.00,704.00,704.00,0
1788861360000000000,704.00,704.00,704.00,704.00,0
1788861420000000000,704.00,704.00,704.00,704.00,0
1788861480000000000,704.00,704.00,704.00,704.00,0
1788861540000000000,703.00,703.00,703.00,703.00,2288456
1788925500000000000,698.00,698.50,696.10,697.80,1233693
1788925560000000000,697.70,697.90,697.00,697.45,196947
1788925620000000000,697.25,697.55,696.50,697.10,213452
1788925680000000000,697.00,699.75,696.90,699.45,213687
1788925740000000000,699.40,700.00,699.05,699.60,160393
1788925800000000000,699.55,699.65,698.05,698.30,172641
1788925860000000000,698.30,699.10,698.25,698.65,292006
1788925920000000000,698.60,698.75,698.00,698.40,271084
1788925980000000000,698.25,698.40,696.40,697.20,247398
1788926040000000000,697.15,697.85,696.60,697.85,159210
1788926100000000000,697.75,698.00,697.20,697.70,418910
1788926160000000000,697.65,698.25,697.60,697.85,115207
1788926220000000000,697.85,697.95,697.25,697.70,95762
1788926280000000000,697.70,697.85,697.00,697.35,137018
1788926340000000000,697.25,697.75,697.00,697.75,77368
1788926400000000000,697.65,697.80,697.50,697.70,56442
1788926460000000000,697.55,698.00,697.50,697.90,56006
1788926520000000000,697.75,697.95,696.10,696.55,199608
1788926580000000000,696.45,696.90,696.45,696.90,42643
1788926640000000000,696.80,697.25,696.20,696.50,114709
1788926700000000000,696.50,696.95,696.50,696.85,48291
1788926760000000000,696.80,697.20,696.65,697.05,68486
1788926820000000000,697.10,697.65,697.00,697.60,54201
1788926880000000000,697.60,697.95,697.50,697.60,68897
1788926940000000000,697.50,697.75,697.50,697.50,48318
1788927000000000000,697.45,697.65,697.25,697.50,43763
1788927060000000000,697.30,697.60,697.25,697.50,61510
1788927120000000000,697.45,697.55,697.30,697.50,44798
1788927180000000000,697.40,697.60,697.15,697.30,38965
1788927240000000000,697.20,697.40,697.00,697.05,51506
1788927300000000000,697.00,697.10,696.50,696.70,120010
1788927360000000000,696.65,696.70,696.00,696.05,139340
1788927420000000000,696.00,696.35,695.50,695.85,269883
1788927480000000000,695.80,695.90,695.15,695.35,80256
1788927540000000000,695.25,695.35,695.10,695.30,116449
1788927600000000000,695.25,695.40,695.00,695.05,156346
1788927660000000000,695.00,695.10,694.20,694.50,438345
1788927720000000000,694.40,694.55,694.20,694.40,69234
1788927780000000000,694.35,694.40,694.00,694.05,149776
1788927840000000000,694.00,694.20,693.05,693.90,226184
1788927900000000000,693.85,694.50,693.55,693.90,169941
1788927960000000000,693.85,693.95,693.30,693.70,81648
1788928020000000000,693.65,693.75,692.50,692.80,252750
1788928080000000000,692.75,693.00,692.50,692.60,92099
1788928140000000000,692.60,693.00,692.50,692.95,118708
1788928200000000000,692.75,692.90,691.40,691.65,256667
1788928260000000000,691.60,691.70,691.00,691.45,159187
1788928320000000000,691.40,691.75,691.25,691.45,150304
1788928380000000000,691.45,691.70,691.15,691.70,157090
1788928440000000000,691.55,691.75,691.00,691.30,219616
1788928500000000000,691.05,691.70,691.05,691.60,139118
1788928560000000000,691.60,691.70,691.00,691.05,182591
1788928620000000000,691.00,691.50,690.65,691.20,256812
1788928680000000000,691.20,691.65,691.15,691.65,70157
1788928740000000000,691.60,692.25,691.60,692.25,87191
1788928800000000000,692.20,692.25,691.50,691.60,160037
1788928860000000000,691.55,691.95,691.10,691.90,119992
1788928920000000000,691.85,692.45,691.75,692.40,96462
1788928980000000000,692.30,692.75,692.20,692.75,164992
1788929040000000000,692.55,692.90,692.30,692.75,98799
1788929100000000000,692.80,692.90,692.30,692.60,76563
1788929160000000000,692.50,692.85,692.20,692.85,81775
1788929220000000000,692.75,693.60,692.75,693.30,129720
1788929280000000000,693.20,694.75,693.20,694.55,150840
1788929340000000000,694.35,694.60,693.60,694.05,318074
1788929400000000000,694.05,694.85,694.00,694.55,104205
1788929460000000000,694.55,695.50,694.30,694.45,385228
1788929520000000000,694.40,694.95,694.40,694.60,139038
1788929580000000000,694.50,694.60,694.35,694.55,54744
1788929640000000000,694.50,695.00,694.50,694.85,128587
1788929700000000000,694.80,694.95,694.10,694.25,104971
1788929760000000000,694.20,694.75,694.15,694.75,69177
1788929820000000000,694.65,695.00,694.65,695.00,112756
1788929880000000000,694.90,695.45,694.90,695.35,97574
1788929940000000000,695.35,695.45,695.10,695.25,73510
1788930000000000000,695.20,695.80,694.70,695.05,346208
1788930060000000000,695.05,695.15,694.55,695.05,137711
1788930120000000000,695.00,695.10,694.75,695.05,132624
1788930180000000000,695.00,695.10,694.95,695.10,38998
1788930240000000000,695.10,695.10,694.80,694.85,54432
1788930300000000000,694.80,694.80,693.60,694.00,218559
1788930360000000000,693.95,694.20,693.90,694.20,73146
1788930420000000000,694.15,694.25,693.65,694.00,110451
1788930480000000000,694.00,694.10,693.20,693.25,64465
1788930540000000000,693.20,693.85,692.60,693.35,394960
1788930600000000000,693.25,693.45,693.00,693.10,32810
1788930660000000000,693.05,693.15,693.00,693.05,35214
1788930720000000000,693.05,693.25,693.00,693.05,39398
1788930780000000000,693.05,693.40,693.05,693.30,27791
1788930840000000000,693.25,693.35,693.15,693.35,23706
1788930900000000000,693.30,694.50,693.25,693.65,175159
1788930960000000000,693.65,694.15,693.65,693.80,37140
1788931020000000000,693.65,694.30,693.65,694.25,43591
1788931080000000000,694.20,694.70,694.05,694.40,73969
1788931140000000000,694.30,694.65,694.10,694.20,37511
1788931200000000000,694.15,694.50,694.15,694.25,26097
1788931260000000000,694.20,694.45,694.05,694.25,26194
1788931320000000000,694.15,694.40,693.85,694.25,50812
1788931380000000000,694.10,694.25,693.80,693.95,31872
1788931440000000000,693.90,694.35,693.85,694.35,28265
1788931500000000000,694.30,694.60,694.25,694.50,30637
1788931560000000000,694.40,694.60,694.10,694.50,24933
1788931620000000000,694.35,694.70,694.25,694.60,26760
1788931680000000000,694.65,694.75,694.40,694.65,26977
1788931740000000000,694.50,694.90,694.50,694.90,22322
1788931800000000000,694.85,694.90,694.25,694.80,48180
1788931860000000000,694.70,694.95,694.55,694.75,32202
1788931920000000000,694.55,695.00,694.55,694.80,23410
1788931980000000000,694.85,696.05,694.55,695.45,587975
1788932040000000000,695.20,695.70,695.05,695.45,57450
1788932100000000000,695.35,695.45,695.00,695.20,27682
1788932160000000000,695.10,695.40,694.80,695.15,41862
1788932220000000000,695.15,695.20,694.90,695.10,21674
1788932280000000000,695.05,695.35,695.00,695.00,25547
1788932340000000000,695.00,695.35,695.00,695.05,31770
1788932400000000000,695.05,695.25,695.05,695.25,16952
1788932460000000000,695.15,695.25,694.75,694.95,36102
1788932520000000000,694.90,695.15,694.65,695.15,42782
1788932580000000000,695.00,695.45,695.00,695.20,33489
1788932640000000000,695.00,695.20,694.75,695.05,40964
1788932700000000000,695.00,695.10,694.90,695.05,17608
1788932760000000000,695.00,695.05,694.80,695.00,19916
1788932820000000000,694.95,695.05,694.65,694.75,19617
1788932880000000000,694.70,694.75,694.00,694.10,186484
1788932940000000000,694.15,694.75,694.10,694.50,42955
1788933000000000000,694.30,694.70,694.30,694.40,37315
1788933060000000000,694.30,694.50,694.30,694.30,47426
1788933120000000000,694.30,694.75,694.20,694.50,61860
1788933180000000000,694.35,694.50,694.00,694.10,21211
1788933240000000000,694.05,694.10,693.90,694.05,27559
1788933300000000000,694.00,694.90,694.00,694.20,102720
1788933360000000000,694.25,694.45,694.25,694.25,22480
1788933420000000000,694.25,694.30,694.00,694.15,34228
1788933480000000000,694.10,694.20,694.00,694.10,34706
1788933540000000000,694.05,694.10,694.00,694.05,20003
1788933600000000000,694.00,694.50,694.00,694.05,68710
1788933660000000000,694.00,694.05,693.70,694.05,44194
1788933720000000000,694.00,694.20,693.95,694.10,29439
1788933780000000000,694.10,694.40,694.10,694.20,34426
1788933840000000000,694.20,694.40,694.20,694.25,25815
1788933900000000000,694.25,694.55,694.10,694.45,46420
1788933960000000000,694.40,694.55,694.10,694.20,50259
1788934020000000000,694.20,694.25,693.60,693.70,38492
1788934080000000000,693.60,694.25,693.60,694.25,57712
1788934140000000000,694.20,694.30,694.00,694.00,22145
1788934200000000000,694.00,694.15,693.75,694.15,39541
1788934260000000000,694.10,694.35,694.10,694.25,23716
1788934320000000000,694.25,694.35,694.20,694.25,20766
1788934380000000000,694.20,694.40,694.20,694.40,31888
1788934440000000000,694.35,694.85,694.25,694.75,77196
1788934500000000000,694.50,694.90,694.50,694.85,26289
1788934560000000000,694.80,694.85,694.40,694.40,20521
1788934620000000000,694.35,694.95,694.20,694.65,75800
1788934680000000000,694.40,694.70,694.35,694.65,28204
1788934740000000000,694.45,694.70,694.40,694.70,33370
1788934800000000000,694.65,694.75,694.30,694.50,41177
1788934860000000000,694.50,694.70,694.25,694.30,41509
1788934920000000000,694.25,694.65,693.40,693.60,117150
1788934980000000000,693.60,693.90,693.40,693.80,50869
1788935040000000000,693.65,693.80,693.50,693.70,25215
1788935100000000000,693.60,693.70,693.20,693.30,56835
1788935160000000000,693.30,693.45,693.20,693.40,52321
1788935220000000000,693.35,693.40,693.10,693.25,37181
1788935280000000000,693.20,693.25,693.10,693.25,36787
1788935340000000000,693.20,693.25,692.60,693.00,159503
1788935400000000000,693.00,693.65,692.65,693.00,154269
1788935460000000000,693.00,693.25,692.75,692.85,39239
1788935520000000000,692.75,692.90,692.60,692.60,29167
1788935580000000000,692.60,693.00,692.55,692.70,59227
1788935640000000000,692.65,692.80,692.40,692.50,64593
1788935700000000000,692.40,692.55,692.10,692.15,49655
1788935760000000000,692.10,692.20,692.00,692.10,90392
1788935820000000000,692.10,692.20,692.10,692.10,41634
1788935880000000000,692.10,692.55,692.10,692.40,60626
1788935940000000000,692.30,692.50,692.30,692.35,25529
1788936000000000000,692.30,692.40,692.10,692.15,42933
1788936060000000000,692.10,692.20,692.00,692.05,33062
1788936120000000000,692.00,692.15,692.00,692.10,40582
1788936180000000000,692.05,692.55,692.05,692.25,36835
1788936240000000000,692.25,692.70,692.25,692.25,68589
1788936300000000000,692.25,692.35,692.20,692.25,54062
1788936360000000000,692.25,692.40,692.10,692.10,37643
1788936420000000000,692.10,692.15,692.00,692.10,30296
1788936480000000000,692.10,692.20,692.00,692.00,39707
1788936540000000000,692.05,692.15,692.00,692.15,34839
1788936600000000000,692.10,692.20,692.05,692.10,37531
1788936660000000000,692.10,692.20,692.00,692.15,53207
1788936720000000000,692.15,692.30,692.10,692.30,58570
1788936780000000000,692.25,692.60,692.25,692.55,106936
1788936840000000000,692.55,692.65,692.50,692.55,44248
1788936900000000000,692.55,692.90,692.40,692.80,53323
1788936960000000000,692.80,693.30,692.75,693.15,55943
1788937020000000000,693.15,693.20,693.00,693.05,28634
1788937080000000000,693.05,693.05,692.60,692.75,45079
1788937140000000000,692.75,693.00,692.65,693.00,37126
1788937200000000000,693.00,693.15,692.90,693.10,29282
1788937260000000000,693.10,693.45,693.00,693.45,51129
1788937320000000000,693.35,693.80,693.35,693.80,44640
1788937380000000000,693.80,694.60,693.70,694.35,110110
1788937440000000000,694.40,694.60,694.10,694.50,60881
1788937500000000000,694.40,695.20,694.35,694.80,234308
1788937560000000000,694.80,694.90,694.60,694.70,42873
1788937620000000000,694.70,695.00,694.40,694.90,121291
1788937680000000000,694.90,695.00,694.70,694.80,61066
1788937740000000000,694.85,694.90,694.50,694.65,49403
1788937800000000000,694.65,694.65,694.40,694.65,42064
1788937860000000000,694.60,694.90,694.45,694.85,103700
1788937920000000000,694.85,695.20,694.65,695.10,118756
1788937980000000000,695.10,695.30,694.80,695.10,92231
1788938040000000000,695.00,695.25,694.85,694.90,53686
1788938100000000000,694.90,694.95,694.45,694.55,44638
1788938160000000000,694.55,694.90,694.20,694.70,73481
1788938220000000000,694.70,695.05,694.55,695.00,46181
1788938280000000000,695.00,695.20,694.95,695.05,54688
1788938340000000000,695.20,695.25,694.80,694.85,42149
1788938400000000000,694.80,694.95,694.35,694.35,42783
1788938460000000000,694.55,694.55,694.25,694.45,37187
1788938520000000000,694.45,694.80,694.45,694.60,58258
1788938580000000000,694.60,694.70,694.00,694.10,78694
1788938640000000000,694.10,694.10,693.55,693.70,110810
1788938700000000000,693.80,694.75,693.55,693.90,201037
1788938760000000000,693.90,694.50,693.85,694.40,73442
1788938820000000000,694.40,694.55,693.85,694.40,73338
1788938880000000000,694.40,694.60,694.30,694.50,34121
1788938940000000000,694.50,694.80,694.40,694.75,38036
1788939000000000000,694.75,694.80,694.40,694.55,44183
1788939060000000000,694.55,694.55,694.05,694.30,34221
1788939120000000000,694.25,694.40,693.80,693.80,94059
1788939180000000000,693.95,694.25,693.75,694.20,51418
1788939240000000000,694.25,694.35,693.90,694.05,50637
1788939300000000000,694.00,694.15,694.00,694.00,42828
1788939360000000000,694.15,694.40,694.05,694.25,36249
1788939420000000000,694.25,694.50,694.10,694.50,49490
1788939480000000000,694.40,694.70,694.10,694.10,37370
1788939540000000000,694.15,694.20,693.80,694.00,43180
1788939600000000000,694.00,694.15,693.55,693.80,43392
1788939660000000000,693.75,693.95,693.60,693.75,45565
1788939720000000000,693.85,693.85,693.35,693.75,56594
1788939780000000000,693.75,693.80,693.40,693.70,49262
1788939840000000000,693.60,693.85,693.45,693.85,52957
1788939900000000000,693.85,694.00,693.65,693.80,34899
1788939960000000000,693.95,694.10,693.70,694.00,27890
1788940020000000000,694.00,694.05,693.50,693.65,69293
1788940080000000000,693.70,693.95,693.50,693.80,139826
1788940140000000000,693.90,694.15,693.55,694.10,51230
1788940200000000000,694.05,694.20,693.60,694.20,126333
1788940260000000000,694.20,694.85,694.00,694.50,109148
1788940320000000000,694.60,695.10,694.35,694.55,90758
1788940380000000000,694.50,694.80,694.50,694.65,80057
1788940440000000000,694.75,694.75,694.25,694.50,35154
1788940500000000000,694.50,694.60,694.20,694.40,43562
1788940560000000000,694.40,694.70,694.30,694.65,49631
1788940620000000000,694.65,694.75,694.40,694.60,36651
1788940680000000000,694.60,694.85,694.45,694.60,41154
1788940740000000000,694.50,694.95,694.45,694.85,34855
1788940800000000000,694.85,695.00,694.60,694.60,76982
1788940860000000000,694.65,694.90,694.25,694.70,142605
1788940920000000000,694.40,695.00,694.35,694.60,104767
1788940980000000000,694.60,694.75,694.05,694.10,43978
1788941040000000000,694.10,694.20,693.60,693.95,191430
1788941100000000000,693.90,694.20,693.65,694.00,57701
1788941160000000000,693.85,694.20,693.45,693.90,75158
1788941220000000000,693.95,694.25,693.80,694.15,48919
1788941280000000000,694.05,694.30,693.90,694.15,26657
1788941340000000000,694.15,694.40,694.05,694.10,36750
1788941400000000000,694.15,694.35,694.10,694.30,23715
1788941460000000000,694.25,694.45,694.10,694.45,32099
1788941520000000000,694.45,694.55,694.35,694.50,40619
1788941580000000000,694.50,694.50,694.15,694.20,38809
1788941640000000000,694.20,694.50,694.20,694.40,32366
1788941700000000000,694.40,694.80,694.35,694.75,32394
1788941760000000000,694.75,694.85,694.55,694.60,34471
1788941820000000000,694.60,694.75,694.55,694.70,24707
1788941880000000000,694.75,694.85,694.60,694.70,21167
1788941940000000000,694.70,694.75,694.60,694.70,22959
1788942000000000000,694.70,694.90,694.65,694.80,32722
1788942060000000000,694.80,695.20,694.70,694.80,84361
1788942120000000000,694.75,694.85,694.55,694.70,32564
1788942180000000000,694.70,695.00,694.55,694.65,222837
1788942240000000000,694.60,694.70,694.10,694.25,38901
1788942300000000000,694.30,694.40,694.00,694.05,29009
1788942360000000000,694.00,695.65,693.85,694.65,299076
1788942420000000000,694.65,694.65,694.20,694.45,26328
1788942480000000000,694.45,694.65,694.20,694.65,52376
1788942540000000000,694.60,695.00,694.55,695.00,62220
1788942600000000000,695.00,695.10,694.80,694.85,69762
1788942660000000000,694.80,694.90,694.55,694.90,81132
1788942720000000000,694.80,694.90,694.40,694.60,150933
1788942780000000000,694.65,694.65,694.05,694.20,56363
1788942840000000000,694.20,694.30,694.00,694.20,38421
1788942900000000000,694.15,694.65,694.15,694.65,469961
1788942960000000000,694.65,695.30,694.55,695.00,187210
1788943020000000000,695.05,695.05,694.55,694.65,55308
1788943080000000000,694.55,694.70,694.55,694.65,44824
1788943140000000000,694.70,695.00,694.55,694.70,77288
1788943200000000000,694.75,694.75,694.50,694.50,31847
1788943260000000000,694.50,694.75,694.20,694.70,47421
1788943320000000000,694.75,695.05,694.70,695.05,129372
1788943380000000000,694.95,695.10,693.80,694.10,1160238
1788943440000000000,694.10,694.50,693.55,694.15,314599
1788943500000000000,694.25,694.55,694.05,694.20,115465
1788943560000000000,694.20,694.40,694.00,694.10,41630
1788943620000000000,694.10,694.30,694.05,694.10,35415
1788943680000000000,694.20,694.25,694.00,694.10,33873
1788943740000000000,694.10,694.25,694.00,694.25,51668
1788943800000000000,694.15,694.65,694.00,694.45,92770
1788943860000000000,694.65,694.65,694.30,694.35,68019
1788943920000000000,694.35,694.45,693.85,693.95,58518
1788943980000000000,693.85,694.00,693.75,694.00,38314
1788944040000000000,694.00,694.00,693.50,693.60,70671
1788944100000000000,693.60,693.80,693.25,693.40,69175
1788944160000000000,693.35,693.45,693.15,693.25,71088
1788944220000000000,693.35,693.45,692.75,693.15,256746
1788944280000000000,693.15,693.85,692.90,693.65,149433
1788944340000000000,693.50,693.65,693.10,693.15,75871
1788944400000000000,693.15,693.25,692.25,692.60,309458
1788944460000000000,692.85,693.00,692.55,692.80,66147
1788944520000000000,692.80,693.05,692.55,692.65,148925
1788944580000000000,692.70,692.85,692.00,692.05,82684
1788944640000000000,692.05,692.10,691.50,691.50,279274
1788944700000000000,691.50,691.85,691.25,691.50,155621
1788944760000000000,691.70,691.80,691.30,691.50,110509
1788944820000000000,691.50,691.55,691.00,691.15,149043
1788944880000000000,691.05,691.20,690.65,690.95,280957
1788944940000000000,690.75,691.30,690.65,690.95,151221
1788945000000000000,690.85,691.20,690.80,691.10,57799
1788945060000000000,691.05,691.55,691.05,691.40,173610
1788945120000000000,691.45,691.75,691.25,691.30,187043
1788945180000000000,691.40,691.60,691.30,691.55,69218
1788945240000000000,691.50,691.75,691.10,691.60,221256
1788945300000000000,691.60,691.65,690.50,690.60,184025
1788945360000000000,690.60,690.60,690.15,690.40,165474
1788945420000000000,690.30,691.30,690.00,691.00,273692
1788945480000000000,691.00,691.20,690.90,691.15,27114
1788945540000000000,691.15,691.35,691.05,691.35,156748
1788945600000000000,691.30,691.40,691.05,691.40,157187
1788945660000000000,691.40,691.50,691.15,691.25,62816
1788945720000000000,691.25,691.50,691.10,691.40,112656
1788945780000000000,691.30,691.45,691.30,691.35,82299
1788945840000000000,691.40,691.40,691.20,691.25,69989
1788945900000000000,691.25,691.25,691.05,691.10,55843
1788945960000000000,691.10,691.15,690.90,690.90,76654
1788946020000000000,690.95,691.00,690.70,691.00,164618
1788946080000000000,691.00,691.40,690.85,691.25,194894
1788946140000000000,691.25,691.30,690.95,691.20,97829
1788946200000000000,691.20,691.65,690.95,691.65,296726
1788946260000000000,691.65,691.75,690.60,690.80,149514
1788946320000000000,690.75,690.80,690.45,690.70,193881
1788946380000000000,690.70,690.70,690.10,690.20,226833
1788946440000000000,690.40,690.50,690.05,690.15,128023
1788946500000000000,690.15,690.20,690.00,690.00,558312
1788946560000000000,690.05,690.05,689.95,690.00,278229
1788946620000000000,690.05,690.20,689.95,690.15,301503
1788946680000000000,690.15,690.25,689.60,689.95,177584
1788946740000000000,689.95,690.40,689.50,690.05,214248
1788946800000000000,690.10,690.20,690.00,690.20,163178
1788946860000000000,690.20,690.20,689.40,689.85,227252
1788946920000000000,689.90,690.50,689.15,690.50,546787
1788946980000000000,690.50,690.95,689.80,690.60,224416
1788947040000000000,690.35,690.60,690.00,690.15,170246
1788947100000000000,690.15,690.15,690.15,690.15,0
1788947160000000000,690.15,690.15,690.15,690.15,0
1788947220000000000,690.15,690.15,690.15,690.15,0
1788947280000000000,690.15,690.15,690.15,690.15,0
1788947340000000000,690.15,690.15,690.15,690.15,0
1788947400000000000,690.15,690.15,690.15,690.15,0
1788947460000000000,690.15,690.15,690.15,690.15,0
1788947520000000000,690.15,690.15,690.15,690.15,0
1788947580000000000,690.15,690.15,690.15,690.15,0
1788947640000000000,690.15,690.15,690.15,690.15,0
1788947700000000000,690.15,690.15,690.15,690.15,0
1788947760000000000,690.15,690.15,690.15,690.15,0
1788947820000000000,690.15,690.15,690.15,690.15,0
1788947880000000000,687.10,687.10,687.10,687.10,1945178
1788947940000000000,687.10,687.10,687.10,687.10,0
1789011900000000000,687.10,690.35,687.10,689.10,541711
1789011960000000000,689.20,689.25,688.00,688.15,320609
1789012020000000000,688.15,689.95,688.10,689.50,172534
1789012080000000000,689.50,690.75,689.40,690.40,245149
1789012140000000000,690.40,690.40,688.85,688.85,215752
1789012200000000000,688.95,689.15,688.55,688.75,175631
1789012260000000000,688.65,689.95,688.60,689.20,145222
1789012320000000000,689.15,689.25,688.15,688.25,254696
1789012380000000000,688.20,688.80,687.80,688.50,273044
1789012440000000000,688.50,688.90,688.40,688.50,75635
1789012500000000000,688.50,688.60,688.35,688.40,62239
1789012560000000000,688.35,689.00,688.20,689.00,102742
1789012620000000000,689.00,689.80,688.85,689.40,86256
1789012680000000000,689.45,690.00,689.25,689.60,116223
1789012740000000000,689.60,690.35,689.60,690.25,70992
1789012800000000000,690.25,690.35,689.45,689.45,90020
1789012860000000000,689.45,689.50,688.00,688.75,167348
1789012920000000000,688.75,689.15,688.40,689.00,115588
1789012980000000000,689.00,689.45,688.95,689.15,53571
1789013040000000000,689.20,689.25,689.05,689.15,53224
1789013100000000000,689.15,689.15,688.60,688.75,89014
1789013160000000000,688.75,688.85,688.05,688.85,113311
1789013220000000000,688.85,688.95,688.55,688.65,77310
1789013280000000000,688.65,688.65,688.25,688.35,69102
1789013340000000000,688.40,689.05,688.30,688.90,101629
1789013400000000000,688.90,689.00,688.50,688.55,31064
1789013460000000000,688.55,688.55,688.40,688.45,41764
1789013520000000000,688.45,689.20,688.40,688.90,49832
1789013580000000000,688.85,689.35,688.70,688.95,64092
1789013640000000000,689.00,689.00,688.65,688.75,51294
1789013700000000000,688.75,688.80,688.65,688.75,57641
1789013760000000000,688.75,689.45,688.50,689.20,166157
1789013820000000000,689.25,689.90,688.95,689.65,73692
1789013880000000000,689.65,689.65,689.15,689.45,37654
1789013940000000000,689.50,689.85,689.45,689.80,50457
1789014000000000000,689.80,689.95,689.45,689.55,55875
1789014060000000000,689.55,689.80,689.45,689.65,36103
1789014120000000000,689.65,689.65,689.05,689.25,72055
1789014180000000000,689.25,689.35,688.80,688.90,66990
1789014240000000000,688.90,688.95,688.60,688.75,83607
1789014300000000000,688.75,688.75,688.15,688.25,59044
1789014360000000000,688.25,688.35,688.05,688.20,96033
1789014420000000000,688.20,688.35,688.10,688.20,35814
1789014480000000000,688.20,688.30,688.05,688.10,83876
1789014540000000000,688.10,688.10,687.60,687.85,163695
1789014600000000000,687.85,687.85,687.60,687.75,68720
1789014660000000000,687.75,687.75,687.20,687.20,75795
1789014720000000000,687.25,687.25,686.65,686.75,168214
1789014780000000000,686.70,687.20,686.70,687.15,92542
1789014840000000000,687.10,687.75,687.05,687.20,106411
1789014900000000000,687.20,687.90,687.15,687.65,59762
1789014960000000000,687.60,687.70,687.05,687.10,120991
1789015020000000000,687.10,687.30,686.95,687.25,158158
1789015080000000000,687.25,687.45,686.95,687.00,110750
1789015140000000000,687.00,687.45,686.75,687.35,103959
1789015200000000000,687.35,687.35,687.00,687.20,95464
1789015260000000000,687.20,687.25,687.00,687.05,72958
1789015320000000000,687.05,687.05,686.55,686.60,102881
1789015380000000000,686.60,686.70,686.20,686.35,187270
1789015440000000000,686.35,687.35,686.20,687.35,118745
1789015500000000000,687.25,687.75,687.00,687.40,125432
1789015560000000000,687.40,688.25,687.30,688.00,187113
1789015620000000000,688.05,688.25,687.75,688.00,155001
1789015680000000000,688.05,688.65,688.00,688.25,111641
1789015740000000000,688.25,688.30,687.90,687.90,49838
1789015800000000000,687.95,688.20,687.90,688.05,77675
1789015860000000000,688.05,688.05,687.45,687.50,49504
1789015920000000000,687.50,687.50,687.40,687.45,24267
1789015980000000000,687.45,687.95,687.35,687.95,60685
1789016040000000000,687.95,687.95,687.45,687.50,33561
1789016100000000000,687.50,687.90,687.45,687.75,45406
1789016160000000000,687.80,687.90,687.75,687.80,26326
1789016220000000000,687.80,687.95,687.55,687.60,56644
1789016280000000000,687.65,687.70,687.60,687.70,25784
1789016340000000000,687.70,687.75,687.65,687.70,32291
1789016400000000000,687.70,687.85,687.65,687.80,36327
1789016460000000000,687.85,687.85,687.75,687.85,27816
1789016520000000000,687.85,687.95,687.80,687.90,28211
1789016580000000000,687.95,688.00,687.90,688.00,37209
1789016640000000000,688.00,688.20,687.90,688.20,76616
1789016700000000000,688.20,688.20,688.10,688.20,30133
1789016760000000000,688.20,688.20,688.00,688.05,37096
1789016820000000000,688.00,688.15,688.00,688.10,35412
1789016880000000000,688.15,688.15,688.10,688.10,23887
1789016940000000000,688.15,688.20,688.10,688.20,33562
1789017000000000000,688.20,688.20,688.00,688.00,59665
1789017060000000000,688.05,688.15,687.60,687.65,71337
1789017120000000000,687.65,688.15,687.50,688.05,68965
1789017180000000000,688.15,688.25,687.90,688.05,82935
1789017240000000000,688.05,689.15,687.90,688.75,169636
1789017300000000000,688.75,688.75,688.00,688.05,80239
1789017360000000000,688.05,688.25,688.05,688.10,47139
1789017420000000000,688.10,688.10,687.65,687.75,141724
1789017480000000000,687.75,687.80,687.50,687.55,35521
1789017540000000000,687.55,687.55,687.50,687.50,29156
1789017600000000000,687.55,687.55,687.05,687.15,52724
1789017660000000000,687.15,687.70,686.90,687.40,146854
1789017720000000000,687.50,687.90,687.30,687.30,35581
1789017780000000000,687.35,687.35,687.00,687.20,49807
1789017840000000000,687.20,687.20,686.90,686.90,57349
1789017900000000000,687.00,687.15,686.90,687.00,71667
1789017960000000000,687.05,687.05,686.70,686.75,67805
1789018020000000000,686.75,686.85,686.60,686.85,78165
1789018080000000000,686.85,687.00,686.85,686.90,32649
1789018140000000000,686.95,686.95,686.65,686.65,31536
1789018200000000000,686.70,686.75,686.65,686.70,28967
1789018260000000000,686.75,686.75,686.70,686.75,21902
1789018320000000000,686.75,686.75,686.70,686.70,37623
1789018380000000000,686.75,687.20,686.65,687.00,110121
1789018440000000000,687.00,687.50,686.90,687.20,105628
1789018500000000000,687.25,687.30,687.20,687.20,74495
1789018560000000000,687.25,687.60,687.20,687.40,57725
1789018620000000000,687.40,687.50,687.30,687.35,16849
1789018680000000000,687.35,688.10,687.20,687.65,131069
1789018740000000000,687.65,688.00,687.40,687.45,164498
1789018800000000000,687.45,688.25,687.15,687.70,333171
1789018860000000000,687.65,687.70,687.30,687.55,60420
1789018920000000000,687.55,687.95,687.50,687.60,47568
1789018980000000000,687.60,688.00,687.55,687.95,59611
1789019040000000000,687.95,688.05,687.60,687.95,63405
1789019100000000000,687.95,688.50,687.95,688.35,43859
1789019160000000000,688.40,688.40,688.05,688.05,38103
1789019220000000000,688.10,688.10,688.00,688.05,23788
1789019280000000000,688.05,688.45,688.00,688.05,81878
1789019340000000000,688.05,688.20,687.90,687.95,55201
1789019400000000000,687.95,687.95,687.50,687.70,78293
1789019460000000000,687.70,687.90,687.40,687.75,106343
1789019520000000000,687.75,688.20,687.65,688.00,61419
1789019580000000000,688.00,688.00,687.75,687.95,41379
1789019640000000000,687.95,688.15,687.85,688.05,32066
1789019700000000000,688.05,688.05,687.75,687.90,27277
1789019760000000000,687.90,687.90,687.70,687.90,43656
1789019820000000000,687.90,688.00,687.85,687.95,33039
1789019880000000000,687.95,687.95,687.80,687.90,31151
1789019940000000000,687.90,687.90,687.75,687.80,20287
1789020000000000000,687.80,688.20,687.65,688.15,64527
1789020060000000000,688.15,688.45,688.10,688.35,35089
1789020120000000000,688.35,688.40,687.85,687.90,39101
1789020180000000000,687.90,687.90,687.80,687.90,18075
1789020240000000000,687.90,687.90,687.80,687.85,20684
1789020300000000000,687.90,688.50,687.70,688.40,97097
1789020360000000000,688.40,688.75,688.35,688.55,41591
1789020420000000000,688.55,688.55,688.35,688.40,32857
1789020480000000000,688.45,689.10,688.40,688.85,164102
1789020540000000000,688.85,688.85,688.50,688.60,67964
1789020600000000000,688.55,688.65,688.45,688.55,45690
1789020660000000000,688.55,688.75,688.20,688.25,31652
1789020720000000000,688.25,688.30,688.00,688.20,43771
1789020780000000000,688.20,689.05,688.20,689.05,63749
1789020840000000000,689.05,689.60,689.00,689.55,81917
1789020900000000000,689.55,690.20,689.50,690.05,157984
1789020960000000000,690.05,690.90,690.00,690.55,113493
1789021020000000000,690.55,690.95,690.50,690.70,60342
1789021080000000000,690.70,690.80,690.10,690.60,97709
1789021140000000000,690.60,690.65,690.50,690.60,62087
1789021200000000000,690.60,691.20,690.55,690.95,115009
1789021260000000000,691.00,691.00,690.60,690.65,57524
1789021320000000000,690.70,690.70,690.15,690.40,151394
1789021380000000000,690.40,690.90,690.35,690.65,74724
1789021440000000000,690.65,690.65,690.20,690.40,57333
1789021500000000000,690.40,690.75,690.00,690.45,79577
1789021560000000000,690.50,690.60,690.35,690.60,64500
1789021620000000000,690.60,691.20,690.60,691.10,124143
1789021680000000000,691.10,691.10,691.00,691.00,37225
1789021740000000000,691.05,691.90,690.80,691.65,92858
1789021800000000000,691.65,691.90,691.60,691.80,45536
1789021860000000000,691.80,691.85,691.40,691.50,42548
1789021920000000000,691.50,691.60,691.45,691.55,23059
1789021980000000000,691.55,691.55,691.35,691.45,27586
1789022040000000000,691.40,691.95,691.15,691.75,84236
1789022100000000000,691.75,691.85,691.60,691.80,20192
1789022160000000000,691.80,691.80,691.25,691.30,47405
1789022220000000000,691.35,691.45,691.25,691.45,48688
1789022280000000000,691.45,691.50,691.30,691.35,16209
1789022340000000000,691.35,691.35,691.25,691.25,19267
1789022400000000000,691.30,691.30,691.00,691.00,51148
1789022460000000000,691.05,691.25,691.00,691.15,51880
1789022520000000000,691.20,691.45,691.00,691.10,58394
1789022580000000000,691.10,692.00,691.05,691.95,65423
1789022640000000000,691.95,692.30,691.65,692.30,104264
1789022700000000000,692.35,693.00,692.20,692.75,105726
1789022760000000000,693.00,693.00,692.50,692.65,91363
1789022820000000000,692.65,692.70,692.20,692.30,228548
1789022880000000000,692.35,692.50,692.00,692.40,47657
1789022940000000000,692.45,692.85,692.45,692.70,19274
1789023000000000000,692.70,692.70,692.20,692.30,67801
1789023060000000000,692.30,692.65,692.00,692.50,171629
1789023120000000000,692.60,692.70,692.10,692.25,117398
1789023180000000000,692.25,692.65,692.00,692.15,54491
1789023240000000000,692.15,692.30,691.65,691.90,38033
1789023300000000000,691.90,692.00,691.40,691.95,64681
1789023360000000000,692.00,692.10,691.90,692.05,18928
1789023420000000000,692.10,692.30,691.60,691.60,34359
1789023480000000000,691.80,691.80,691.60,691.75,15015
1789023540000000000,691.75,691.75,691.30,691.45,56994
1789023600000000000,691.45,691.70,691.25,691.35,39915
1789023660000000000,691.40,691.60,691.20,691.60,61309
1789023720000000000,691.60,692.00,691.30,691.40,39611
1789023780000000000,691.45,691.45,691.40,691.45,9115
1789023840000000000,691.45,691.45,691.35,691.40,15131
1789023900000000000,691.40,691.40,691.15,691.15,33369
1789023960000000000,691.25,691.30,691.15,691.15,68756
1789024020000000000,691.20,691.20,691.05,691.10,133497
1789024080000000000,691.10,691.20,691.05,691.10,67638
1789024140000000000,691.10,692.05,691.05,691.70,251767
1789024200000000000,691.70,692.15,691.55,692.10,64242
1789024260000000000,692.10,692.15,691.75,691.75,81799
1789024320000000000,691.85,693.10,691.75,693.00,200717
1789024380000000000,693.00,693.40,692.85,693.05,47854
1789024440000000000,693.10,693.35,692.80,693.20,73027
1789024500000000000,693.25,693.40,693.20,693.25,16733
1789024560000000000,693.25,693.25,692.60,692.70,151408
1789024620000000000,692.70,692.70,692.45,692.45,52612
1789024680000000000,692.50,692.95,692.45,692.95,50813
1789024740000000000,692.95,693.00,692.45,692.50,66338
1789024800000000000,692.60,692.75,692.30,692.35,29247
1789024860000000000,692.35,692.40,692.05,692.10,45612
1789024920000000000,692.15,692.35,692.00,692.10,29833
1789024980000000000,692.15,692.15,692.00,692.00,23232
1789025040000000000,692.05,692.20,691.65,692.00,58706
1789025100000000000,692.10,693.25,692.00,692.90,112892
1789025160000000000,693.10,693.20,692.60,693.15,36771
1789025220000000000,693.15,693.20,693.00,693.10,30853
1789025280000000000,693.10,693.35,692.75,692.85,49350
1789025340000000000,692.90,693.10,692.35,693.00,162204
1789025400000000000,693.00,693.00,692.50,692.85,27511
1789025460000000000,692.85,692.85,692.45,692.55,23809
1789025520000000000,692.55,693.25,692.40,693.00,92069
1789025580000000000,693.20,693.25,692.85,692.85,45256
1789025640000000000,693.00,693.10,692.75,692.75,19738
1789025700000000000,692.85,693.00,692.50,692.60,56236
1789025760000000000,692.60,692.75,692.25,692.35,49456
1789025820000000000,692.45,693.00,692.15,692.85,109122
1789025880000000000,692.85,693.00,692.65,692.95,20135
1789025940000000000,692.95,693.30,692.90,693.20,47911
1789026000000000000,693.20,693.50,692.95,693.40,52944
1789026060000000000,693.40,693.50,693.05,693.40,40670
1789026120000000000,693.40,693.50,693.15,693.40,45857
1789026180000000000,693.40,693.80,693.25,693.70,65315
1789026240000000000,693.70,694.40,693.55,694.05,86118
1789026300000000000,694.30,694.30,694.00,694.25,76484
1789026360000000000,694.25,694.25,693.70,693.75,92057
1789026420000000000,694.00,694.25,693.75,694.00,43083
1789026480000000000,694.10,694.25,693.90,694.25,70163
1789026540000000000,694.25,694.50,694.10,694.25,36324
1789026600000000000,694.25,694.25,694.00,694.10,24052
1789026660000000000,694.10,694.45,693.90,694.10,44810
1789026720000000000,694.35,694.35,694.00,694.10,20925
1789026780000000000,694.10,694.10,693.90,693.95,29173
1789026840000000000,693.95,693.95,693.80,693.90,37706
1789026900000000000,693.90,694.35,693.90,694.00,61224
1789026960000000000,694.15,694.20,693.85,693.95,35361
1789027020000000000,693.95,694.00,693.55,693.60,35557
1789027080000000000,693.65,693.90,693.50,693.90,33777
1789027140000000000,693.90,693.90,693.50,693.60,25534
1789027200000000000,693.60,693.80,693.15,693.80,44610
1789027260000000000,693.80,693.90,693.55,693.80,29082
1789027320000000000,693.90,694.00,693.75,693.80,32437
1789027380000000000,693.80,693.90,693.55,693.85,37609
1789027440000000000,693.85,693.95,693.55,693.75,30720
1789027500000000000,693.80,693.95,693.75,693.95,26372
1789027560000000000,693.95,694.20,693.85,694.20,33712
1789027620000000000,694.20,694.40,694.00,694.10,19920
1789027680000000000,694.20,694.40,693.85,694.20,54994
1789027740000000000,694.20,694.35,692.65,694.15,402860
1789027800000000000,694.15,694.20,693.75,694.05,60014
1789027860000000000,694.05,694.30,694.00,694.15,52576
1789027920000000000,694.15,694.30,693.80,693.85,146198
1789027980000000000,693.95,694.20,693.50,693.80,141608
1789028040000000000,693.80,694.05,693.20,693.95,30995
1789028100000000000,693.95,693.95,693.35,693.35,25353
1789028160000000000,693.50,693.50,693.15,693.20,32285
1789028220000000000,693.30,693.30,692.95,693.25,68020
1789028280000000000,693.25,693.25,692.70,692.80,37007
1789028340000000000,692.80,693.70,692.75,693.30,106151
1789028400000000000,693.30,693.30,692.80,692.90,20388
1789028460000000000,692.90,693.00,692.85,693.00,29168
1789028520000000000,693.00,693.10,692.85,693.10,41556
1789028580000000000,693.10,693.45,693.00,693.25,19872
1789028640000000000,693.25,693.30,692.65,692.75,31863
1789028700000000000,692.85,692.85,692.50,692.50,31599
1789028760000000000,692.60,692.60,692.35,692.35,28028
1789028820000000000,692.50,692.90,692.35,692.90,63314
1789028880000000000,692.75,693.00,692.65,692.90,23323
1789028940000000000,692.95,692.95,692.45,692.65,73220
1789029000000000000,692.65,693.00,692.50,692.80,17295
1789029060000000000,692.90,692.90,692.60,692.70,22552
1789029120000000000,692.70,692.70,692.30,692.45,37462
1789029180000000000,692.45,692.55,692.20,692.35,45599
1789029240000000000,692.35,692.35,692.00,692.30,51883
1789029300000000000,692.30,692.30,692.15,692.30,44331
1789029360000000000,692.30,692.40,692.20,692.40,28370
1789029420000000000,692.40,692.50,692.00,692.15,47916
1789029480000000000,692.15,692.15,691.55,691.60,54540
1789029540000000000,691.80,692.15,691.50,691.70,48652
1789029600000000000,691.75,691.95,691.70,691.80,29386
1789029660000000000,691.90,691.90,691.80,691.90,21987
1789029720000000000,691.90,692.40,691.90,692.10,49043
1789029780000000000,692.10,692.30,692.05,692.25,31264
1789029840000000000,692.25,692.30,692.15,692.20,18669
1789029900000000000,692.25,692.25,692.00,692.05,15581
1789029960000000000,692.05,692.05,691.80,691.95,44438
1789030020000000000,692.05,692.10,691.60,692.05,95149
1789030080000000000,692.05,692.05,691.55,691.70,46708
1789030140000000000,691.70,692.20,691.55,692.00,215441
1789030200000000000,692.00,692.40,691.95,692.40,43332
1789030260000000000,692.40,693.00,692.40,692.90,53125
1789030320000000000,692.90,692.90,692.55,692.85,33275
1789030380000000000,692.85,692.85,692.55,692.75,24294
1789030440000000000,692.75,692.75,692.60,692.75,25270
1789030500000000000,692.75,693.00,692.70,692.90,32057
1789030560000000000,692.90,693.00,692.60,692.75,34337
1789030620000000000,692.75,692.80,692.65,692.75,27075
1789030680000000000,692.75,692.75,692.20,692.45,44309
1789030740000000000,692.45,692.75,692.45,692.75,39962
1789030800000000000,692.75,692.95,692.65,692.90,35363
1789030860000000000,692.90,692.90,692.35,692.50,43150
1789030920000000000,692.50,692.55,692.25,692.40,39132
1789030980000000000,692.40,692.40,692.15,692.35,24913
1789031040000000000,692.35,692.35,692.25,692.25,18901
1789031100000000000,692.30,692.30,692.00,692.10,30069
1789031160000000000,692.10,692.10,691.95,692.05,39710
1789031220000000000,692.05,692.35,692.00,692.30,41087
1789031280000000000,692.35,692.40,692.05,692.15,26772
1789031340000000000,692.15,692.40,692.05,692.15,30897
1789031400000000000,692.05,692.25,691.90,691.95,31763
1789031460000000000,692.05,692.45,691.95,692.30,37515
1789031520000000000,692.30,692.40,692.10,692.35,30279
1789031580000000000,692.35,692.35,692.20,692.25,17987
1789031640000000000,692.25,692.40,692.20,692.40,39302
1789031700000000000,692.40,692.45,692.30,692.40,23843
1789031760000000000,692.40,692.40,692.10,692.25,23648
1789031820000000000,692.25,692.70,692.10,692.50,51089
1789031880000000000,692.50,692.50,692.05,692.45,42384
1789031940000000000,692.45,692.50,692.05,692.40,52793
1789032000000000000,692.40,692.50,691.85,691.90,78348
1789032060000000000,691.90,691.95,691.35,691.45,37555
1789032120000000000,691.60,692.00,691.50,691.55,77632
1789032180000000000,691.55,692.10,691.40,692.00,364481
1789032240000000000,692.00,692.00,691.50,691.70,68706
1789032300000000000,691.70,691.75,691.25,691.40,54158
1789032360000000000,691.45,691.90,691.40,691.85,94638
1789032420000000000,691.85,691.90,691.30,691.35,52726
1789032480000000000,691.35,691.35,690.85,691.10,92596
1789032540000000000,691.15,691.25,691.05,691.25,50575
1789032600000000000,691.30,691.30,690.75,690.75,64822
1789032660000000000,690.75,691.10,690.50,690.85,164705
1789032720000000000,690.85,690.90,690.55,690.75,93889
1789032780000000000,690.75,690.85,690.45,690.50,97363
1789032840000000000,690.45,690.75,690.35,690.70,122146
1789032900000000000,690.60,690.65,690.40,690.55,102963
1789032960000000000,690.55,690.60,690.10,690.35,206066
1789033020000000000,690.30,690.50,690.20,690.30,111944
1789033080000000000,690.30,690.65,690.20,690.65,112818
1789033140000000000,690.55,690.75,690.25,690.75,126716
1789033200000000000,690.70,690.70,690.40,690.50,204850
1789033260000000000,690.45,691.50,690.45,691.10,156086
1789033320000000000,691.05,691.50,690.55,691.00,191739
1789033380000000000,690.95,692.75,690.10,691.00,357445
1789033440000000000,691.05,691.40,690.10,690.60,125816
1789033500000000000,690.60,690.60,690.60,690.60,0
1789033560000000000,690.60,690.60,690.60,690.60,0
1789033620000000000,690.60,690.60,690.60,690.60,0
1789033680000000000,690.60,690.60,690.60,690.60,0
1789033740000000000,690.60,690.60,690.60,690.60,0
1789033800000000000,690.60,690.60,690.60,690.60,0
1789033860000000000,690.60,690.60,690.60,690.60,0
1789033920000000000,690.60,690.60,690.60,690.60,0
1789033980000000000,690.60,690.60,690.60,690.60,0
1789034040000000000,690.60,690.60,690.60,690.60,0
1789034100000000000,690.60,690.60,690.60,690.60,0
1789034160000000000,690.60,690.60,690.60,690.60,0
1789034220000000000,690.60,690.60,690.60,690.60,0
1789034280000000000,690.60,690.60,690.60,690.60,0
1789034340000000000,693.80,693.80,693.80,693.80,852838
1789098300000000000,683.90,685.50,683.00,684.20,1580242
1789098360000000000,684.20,684.20,682.65,683.90,399665
1789098420000000000,683.95,684.00,681.95,682.40,512661
1789098480000000000,682.30,683.90,681.90,683.90,240447
1789098540000000000,683.90,685.40,683.80,685.20,285081
1789098600000000000,685.20,685.70,684.55,685.70,151473
1789098660000000000,685.60,686.00,685.40,685.60,108959
1789098720000000000,685.60,685.65,685.00,685.50,142258
1789098780000000000,685.65,685.65,685.00,685.20,70219
1789098840000000000,685.05,685.20,684.60,685.05,209444
1789098900000000000,685.00,685.40,685.00,685.40,194758
1789098960000000000,685.40,685.85,685.35,685.70,71318
1789099020000000000,685.85,686.50,685.50,686.20,200789
1789099080000000000,686.15,686.40,685.85,686.40,86506
1789099140000000000,686.40,686.85,686.20,686.70,105429
1789099200000000000,686.70,686.90,686.25,686.35,67835
1789099260000000000,686.35,686.50,685.60,686.15,75398
1789099320000000000,686.15,686.55,686.05,686.30,69198
1789099380000000000,686.25,686.30,685.75,685.90,46239
1789099440000000000,686.00,686.35,685.90,686.15,43158
1789099500000000000,686.20,686.25,685.20,685.20,213498
1789099560000000000,685.20,685.70,685.10,685.45,80340
1789099620000000000,685.50,686.00,685.40,686.00,184093
1789099680000000000,686.00,686.00,685.60,685.80,53395
1789099740000000000,685.80,686.00,685.25,685.25,53331
1789099800000000000,685.35,685.40,684.50,684.65,331882
1789099860000000000,684.75,684.95,684.60,684.95,192448
1789099920000000000,684.90,685.00,684.75,684.85,49610
1789099980000000000,684.85,685.20,684.80,685.20,141806
1789100040000000000,685.20,685.40,685.20,685.25,48498
1789100100000000000,685.20,685.40,684.95,684.95,260338
1789100160000000000,684.95,684.95,683.50,684.05,215502
1789100220000000000,684.05,684.05,683.45,683.90,72171
1789100280000000000,683.80,683.95,683.75,683.80,44032
1789100340000000000,683.85,683.90,683.65,683.80,69058
1789100400000000000,683.85,683.95,683.70,683.90,67866
1789100460000000000,683.85,684.05,683.40,683.55,138009
1789100520000000000,683.55,684.50,683.10,684.15,174023
1789100580000000000,684.15,684.15,683.75,684.05,43621
1789100640000000000,684.05,684.05,683.90,684.05,48137
1789100700000000000,684.05,684.55,684.00,684.40,45817
1789100760000000000,684.40,685.00,684.30,684.85,52877
1789100820000000000,684.85,685.25,684.65,684.65,66583
1789100880000000000,684.70,684.75,684.40,684.45,35240
1789100940000000000,684.45,685.00,684.40,684.80,38372
1789101000000000000,684.80,684.90,684.50,684.60,36987
1789101060000000000,684.60,684.90,684.50,684.85,41242
1789101120000000000,684.85,684.95,684.65,684.85,44142
1789101180000000000,684.85,685.05,684.80,685.00,33884
1789101240000000000,685.05,685.75,685.00,685.40,57025
1789101300000000000,685.40,685.90,685.20,685.90,52469
1789101360000000000,685.85,686.00,685.65,685.80,65349
1789101420000000000,685.80,685.80,685.60,685.65,30633
1789101480000000000,685.70,686.00,685.65,685.90,72394
1789101540000000000,685.90,686.30,685.85,686.10,67132
1789101600000000000,686.10,686.10,685.80,685.90,27775
1789101660000000000,685.90,685.90,685.15,685.40,49633
1789101720000000000,685.35,685.65,685.20,685.30,26472
1789101780000000000,685.30,685.60,685.25,685.50,35073
1789101840000000000,685.50,685.80,685.45,685.80,28664
1789101900000000000,685.60,685.80,685.30,685.40,29985
1789101960000000000,685.40,685.85,685.30,685.85,36317
1789102020000000000,685.85,686.00,685.65,685.95,25449
1789102080000000000,685.90,686.00,685.50,685.65,35811
1789102140000000000,685.65,685.70,685.50,685.65,31136
1789102200000000000,685.65,685.65,685.05,685.30,42287
1789102260000000000,685.30,685.50,685.30,685.45,23232
1789102320000000000,685.45,685.60,685.30,685.55,29367
1789102380000000000,685.55,685.80,685.40,685.50,63333
1789102440000000000,685.50,685.60,685.10,685.15,31626
1789102500000000000,685.15,685.15,684.80,684.90,88441
1789102560000000000,684.90,684.90,684.70,684.80,32916
1789102620000000000,684.80,684.85,684.50,684.75,40767
1789102680000000000,684.75,684.75,684.15,684.70,76328
1789102740000000000,684.70,685.00,684.55,684.75,41108
1789102800000000000,684.75,685.00,684.70,684.75,27865
1789102860000000000,684.75,684.75,684.50,684.55,26880
1789102920000000000,684.60,685.00,684.40,684.70,87663
1789102980000000000,684.65,684.70,684.50,684.70,22238
1789103040000000000,684.70,685.40,684.60,684.85,38819
1789103100000000000,684.85,685.15,684.70,685.00,28390
1789103160000000000,685.00,685.50,684.85,685.50,28951
1789103220000000000,685.35,685.90,685.30,685.75,51742
1789103280000000000,685.75,685.85,685.55,685.70,26151
1789103340000000000,685.55,685.85,685.55,685.80,20355
1789103400000000000,685.80,685.85,685.70,685.80,21322
1789103460000000000,685.80,685.85,685.60,685.75,25295
1789103520000000000,685.70,685.80,685.55,685.75,36348
1789103580000000000,685.75,685.85,685.70,685.80,26979
1789103640000000000,685.85,685.90,685.75,685.90,32065
1789103700000000000,685.85,686.30,685.50,685.50,111417
1789103760000000000,685.65,685.75,685.30,685.50,24662
1789103820000000000,685.50,685.60,685.30,685.50,21552
1789103880000000000,685.45,685.50,685.00,685.30,77965
1789103940000000000,685.30,685.40,685.15,685.20,18716
1789104000000000000,685.30,685.30,685.00,685.10,38498
1789104060000000000,685.05,685.15,685.00,685.15,24700
1789104120000000000,685.15,685.15,685.00,685.10,30439
1789104180000000000,685.10,685.50,685.00,685.50,33436
1789104240000000000,685.45,685.50,685.35,685.40,20423
1789104300000000000,685.40,685.40,685.05,685.15,20877
1789104360000000000,685.15,685.30,685.00,685.20,20112
1789104420000000000,685.20,685.25,685.00,685.15,26031
1789104480000000000,685.15,685.30,685.00,685.30,20653
1789104540000000000,685.30,685.30,685.10,685.10,15056
1789104600000000000,685.15,686.10,685.10,685.70,188075
1789104660000000000,685.70,685.85,685.65,685.70,14613
1789104720000000000,685.75,685.85,685.50,685.70,31173
1789104780000000000,685.60,685.70,685.30,685.30,20387
1789104840000000000,685.50,685.60,685.15,685.25,22125
1789104900000000000,685.20,685.25,685.15,685.15,16788
1789104960000000000,685.15,685.20,685.05,685.20,19069
1789105020000000000,685.15,685.45,685.00,685.25,30876
1789105080000000000,685.25,685.30,685.10,685.20,18462
1789105140000000000,685.15,686.20,685.15,686.15,56681
1789105200000000000,686.15,686.20,686.00,686.10,27198
1789105260000000000,686.15,686.20,686.05,686.15,25771
1789105320000000000,686.10,686.75,686.10,686.60,63022
1789105380000000000,686.60,687.20,686.45,686.90,106611
1789105440000000000,686.85,687.55,686.75,687.25,66721
1789105500000000000,687.20,687.30,686.50,686.50,39348
1789105560000000000,686.50,686.60,686.35,686.55,43796
1789105620000000000,686.55,687.35,686.50,686.85,72573
1789105680000000000,686.85,687.30,686.70,687.20,37203
1789105740000000000,687.20,687.30,686.90,687.20,21817
1789105800000000000,687.20,687.50,687.00,687.05,29423
1789105860000000000,687.00,687.05,686.95,686.95,23074
1789105920000000000,687.00,687.20,686.95,687.05,24311
1789105980000000000,687.10,687.20,686.90,687.05,23644
1789106040000000000,687.00,687.30,686.95,687.15,42685
1789106100000000000,687.20,687.20,686.85,686.85,31709
1789106160000000000,686.85,686.95,686.80,686.85,18622
1789106220000000000,686.80,686.95,686.80,686.95,25659
1789106280000000000,686.90,687.00,686.70,686.75,29573
1789106340000000000,686.80,686.80,686.45,686.45,25059
1789106400000000000,686.45,686.55,686.20,686.25,31703
1789106460000000000,686.25,686.35,686.20,686.20,18636
1789106520000000000,686.25,686.40,686.15,686.40,24557
1789106580000000000,686.35,686.90,686.30,686.70,27738
1789106640000000000,686.85,686.90,686.70,686.85,20617
1789106700000000000,686.85,686.85,686.35,686.45,24025
1789106760000000000,686.35,686.80,686.10,686.15,40175
1789106820000000000,686.15,686.25,685.70,685.95,55219
1789106880000000000,685.95,686.50,685.90,686.05,113837
1789106940000000000,686.05,686.50,686.00,686.25,110115
1789107000000000000,686.30,686.55,686.10,686.55,17997
1789107060000000000,686.55,687.05,686.50,686.80,45970
1789107120000000000,686.75,686.80,686.35,686.40,22941
1789107180000000000,686.40,686.40,686.10,686.30,23513
1789107240000000000,686.30,687.00,686.25,686.75,19155
1789107300000000000,686.70,686.85,686.20,686.25,30442
1789107360000000000,686.25,686.60,686.20,686.45,17243
1789107420000000000,686.45,686.55,686.35,686.50,19822
1789107480000000000,686.45,686.50,685.80,685.80,43035
1789107540000000000,685.85,685.85,685.70,685.80,19386
1789107600000000000,685.85,686.10,685.80,686.10,17522
1789107660000000000,686.05,686.35,686.05,686.15,23317
1789107720000000000,686.10,686.15,685.45,685.55,39489
1789107780000000000,685.55,685.55,685.25,685.40,29631
1789107840000000000,685.40,685.85,685.40,685.70,18074
1789107900000000000,685.75,685.75,685.55,685.60,18240
1789107960000000000,685.60,685.90,685.55,685.70,24952
1789108020000000000,685.65,685.70,685.25,685.25,32566
1789108080000000000,685.25,685.40,685.15,685.30,33285
1789108140000000000,685.30,685.40,685.20,685.40,25123
1789108200000000000,685.35,685.60,685.35,685.50,28417
1789108260000000000,685.55,685.60,685.50,685.55,27355
1789108320000000000,685.60,685.60,685.55,685.55,19042
1789108380000000000,685.55,685.60,685.20,685.45,77531
1789108440000000000,685.45,685.45,685.35,685.45,52115
1789108500000000000,685.45,685.50,685.40,685.45,28139
1789108560000000000,685.45,685.55,685.20,685.25,56849
1789108620000000000,685.25,685.25,685.00,685.05,37547
1789108680000000000,685.05,685.05,685.00,685.00,29710
1789108740000000000,685.00,685.10,685.00,685.05,24415
1789108800000000000,685.05,685.10,684.00,684.00,172991
1789108860000000000,684.10,684.35,684.05,684.15,48687
1789108920000000000,684.10,684.25,684.00,684.05,146285
1789108980000000000,684.05,684.05,683.90,683.95,52744
1789109040000000000,683.95,684.25,683.90,684.15,34184
1789109100000000000,684.10,684.25,684.00,684.00,49654
1789109160000000000,684.05,684.25,684.00,684.15,23404
1789109220000000000,684.15,684.25,684.10,684.20,24251
1789109280000000000,684.20,684.25,684.10,684.15,26616
1789109340000000000,684.15,684.15,684.00,684.05,25350
1789109400000000000,684.05,684.05,683.75,683.80,60768
1789109460000000000,683.80,683.90,683.70,683.80,29292
1789109520000000000,683.85,684.10,683.85,683.95,21238
1789109580000000000,684.00,684.40,683.95,684.35,28781
1789109640000000000,684.30,684.50,684.30,684.45,24751
1789109700000000000,684.50,684.55,684.30,684.30,36004
1789109760000000000,684.35,684.60,684.25,684.45,27362
1789109820000000000,684.45,684.70,684.45,684.50,30713
1789109880000000000,684.45,684.50,684.35,684.45,26643
1789109940000000000,684.45,684.45,684.35,684.40,17830
1789110000000000000,684.40,684.80,684.40,684.75,37630
1789110060000000000,684.80,684.80,684.75,684.75,16780
1789110120000000000,684.80,685.00,684.75,684.90,33521
1789110180000000000,684.90,685.30,684.85,685.00,34448
1789110240000000000,685.00,686.10,684.90,686.00,88458
1789110300000000000,686.00,686.05,685.40,685.75,46573
1789110360000000000,685.65,685.75,685.55,685.60,16959
1789110420000000000,685.60,686.60,685.50,686.15,114814
1789110480000000000,686.25,686.80,685.90,686.00,111819
1789110540000000000,685.90,686.00,685.80,685.90,23869
1789110600000000000,685.90,686.20,685.85,686.00,40695
1789110660000000000,686.05,686.05,686.00,686.05,41510
1789110720000000000,686.00,686.55,686.00,686.50,45445
1789110780000000000,686.50,687.05,686.45,686.90,60508
1789110840000000000,686.90,686.90,686.50,686.70,34724
1789110900000000000,686.65,687.15,686.60,686.60,62804
1789110960000000000,686.75,686.75,686.20,686.35,41545
1789111020000000000,686.35,686.65,686.30,686.45,34953
1789111080000000000,686.40,686.60,686.35,686.60,34576
1789111140000000000,686.60,686.75,686.55,686.70,32269
1789111200000000000,686.70,686.70,686.55,686.60,27659
1789111260000000000,686.55,686.60,686.50,686.55,14029
1789111320000000000,686.55,686.95,686.50,686.95,27230
1789111380000000000,686.95,687.00,686.90,687.00,30186
1789111440000000000,686.95,687.00,686.90,686.95,23735
1789111500000000000,686.95,687.20,686.90,687.20,46745
1789111560000000000,687.05,687.30,687.00,687.20,46977
1789111620000000000,687.20,687.45,687.15,687.30,43576
1789111680000000000,687.30,688.35,687.25,687.95,155629
1789111740000000000,688.05,688.05,687.90,688.05,57955
1789111800000000000,688.00,688.05,687.55,687.55,83467
1789111860000000000,687.75,687.75,687.05,687.20,38857
1789111920000000000,687.20,687.55,686.95,687.25,78331
1789111980000000000,687.25,687.30,686.80,687.05,51455
1789112040000000000,687.05,687.05,686.95,687.05,21042
1789112100000000000,687.05,687.05,686.75,687.05,56305
1789112160000000000,686.85,687.05,686.85,687.05,25064
1789112220000000000,687.05,687.35,687.00,687.25,41987
1789112280000000000,687.25,687.50,687.20,687.35,65325
1789112340000000000,687.35,687.40,687.25,687.30,22553
1789112400000000000,687.30,687.30,686.70,687.00,85126
1789112460000000000,686.90,686.90,686.25,686.30,52816
1789112520000000000,686.25,686.35,686.15,686.15,21566
1789112580000000000,686.20,686.35,686.20,686.25,27725
1789112640000000000,686.30,686.95,686.25,686.70,75919
1789112700000000000,686.70,687.00,686.55,686.60,130371
1789112760000000000,686.60,687.00,686.55,686.75,45889
1789112820000000000,686.80,686.80,686.70,686.75,20756
1789112880000000000,686.75,686.80,686.40,686.45,40621
1789112940000000000,686.45,686.50,686.30,686.40,24452
1789113000000000000,686.40,686.70,686.30,686.55,32414
1789113060000000000,686.55,687.00,686.50,686.80,34311
1789113120000000000,686.85,687.45,686.55,687.20,45290
1789113180000000000,687.20,687.90,687.00,687.80,51455
1789113240000000000,687.60,687.90,687.50,687.65,40849
1789113300000000000,687.75,687.85,687.65,687.70,19081
1789113360000000000,687.70,688.50,687.60,688.25,129943
1789113420000000000,688.25,689.70,688.10,689.40,172780
1789113480000000000,689.40,690.80,689.25,690.45,257977
1789113540000000000,690.45,692.10,690.40,691.50,214217
1789113600000000000,691.50,691.70,690.25,690.40,135448
1789113660000000000,690.50,691.40,690.30,691.15,57241
1789113720000000000,691.15,691.50,691.05,691.30,60252
1789113780000000000,691.25,691.95,691.05,691.85,201834
1789113840000000000,691.85,692.05,691.40,691.45,80057
1789113900000000000,691.45,691.75,690.80,691.55,80368
1789113960000000000,691.45,691.55,690.95,691.10,98800
1789114020000000000,691.20,691.40,690.70,690.95,79031
1789114080000000000,691.00,691.15,690.90,691.15,47066
1789114140000000000,691.10,692.05,690.95,691.15,232289
1789114200000000000,691.15,691.65,691.10,691.55,71925
1789114260000000000,691.55,691.55,690.40,690.50,86852
1789114320000000000,690.60,693.60,690.60,693.25,137070
1789114380000000000,693.45,693.45,692.20,693.05,162671
1789114440000000000,693.10,693.40,692.75,693.10,112656
1789114500000000000,693.05,693.10,692.00,692.00,90448
1789114560000000000,692.00,692.15,691.30,691.95,101069
1789114620000000000,692.00,693.00,691.95,693.00,88916
1789114680000000000,693.00,693.75,693.00,693.50,80366
1789114740000000000,693.50,694.20,693.30,694.15,84231
1789114800000000000,694.15,695.40,694.10,695.40,129546
1789114860000000000,695.20,697.40,695.00,697.20,184290
1789114920000000000,697.10,697.85,696.00,696.50,192477
1789114980000000000,696.70,696.70,696.10,696.50,69126
1789115040000000000,696.50,697.50,695.50,695.70,180793
1789115100000000000,695.70,698.20,695.50,697.90,150001
1789115160000000000,697.90,699.70,697.30,699.55,335820
1789115220000000000,699.35,701.70,699.20,701.00,524585
1789115280000000000,701.15,701.15,699.30,701.00,211039
1789115340000000000,700.90,701.95,700.60,701.80,179964
1789115400000000000,701.65,702.45,700.85,702.20,216928
1789115460000000000,702.20,702.30,701.50,701.55,117760
1789115520000000000,701.60,706.00,701.45,705.40,533805
1789115580000000000,705.25,706.50,705.00,705.25,377434
1789115640000000000,705.35,706.00,704.60,705.40,158061
1789115700000000000,705.40,705.55,702.45,703.20,186056
1789115760000000000,703.20,703.50,701.90,703.10,113408
1789115820000000000,703.20,703.20,702.40,702.55,76150
1789115880000000000,702.60,703.00,701.50,701.75,121248
1789115940000000000,701.65,704.40,701.50,703.85,136782
1789116000000000000,704.00,704.10,702.75,703.20,73555
1789116060000000000,703.20,703.45,702.50,703.45,57823
1789116120000000000,703.25,703.50,702.55,702.80,50339
1789116180000000000,702.80,702.90,702.45,702.45,38641
1789116240000000000,702.50,703.40,702.05,703.20,43858
1789116300000000000,703.20,703.40,702.30,702.45,41557
1789116360000000000,702.50,702.50,699.55,700.00,226501
1789116420000000000,700.05,700.45,699.50,700.00,126792
1789116480000000000,700.00,700.35,699.70,699.75,69856
1789116540000000000,699.75,699.85,699.10,699.40,63185
1789116600000000000,699.40,699.80,698.85,699.00,98130
1789116660000000000,698.95,700.00,698.95,699.90,62153
1789116720000000000,699.90,700.25,699.55,699.85,69881
1789116780000000000,700.00,700.30,699.40,699.80,70503
1789116840000000000,699.75,700.20,699.55,700.00,63138
1789116900000000000,700.15,700.55,699.65,700.50,66093
1789116960000000000,700.50,701.65,700.30,701.65,133170
1789117020000000000,701.50,702.00,701.20,701.85,76075
1789117080000000000,701.85,703.00,701.45,702.65,86459
1789117140000000000,702.45,703.00,702.20,702.60,47707
1789117200000000000,702.70,703.00,701.80,701.90,49832
1789117260000000000,702.05,702.70,701.75,702.35,44179
1789117320000000000,702.35,702.40,701.05,701.40,46935
1789117380000000000,701.40,702.25,701.00,702.25,56155
1789117440000000000,702.20,703.70,702.00,703.65,117169
1789117500000000000,703.65,707.75,703.55,707.15,532839
1789117560000000000,707.40,707.40,704.85,705.40,177355
1789117620000000000,705.40,705.90,703.65,703.75,109316
1789117680000000000,703.75,704.15,703.20,703.45,72657
1789117740000000000,703.40,704.15,702.55,703.90,87976
1789117800000000000,704.00,704.30,703.20,703.60,53865
1789117860000000000,703.80,704.00,703.50,703.50,37297
1789117920000000000,703.75,704.50,703.25,704.25,70492
1789117980000000000,704.25,704.50,703.65,704.10,59942
1789118040000000000,704.15,704.65,703.90,704.40,54579
1789118100000000000,704.40,705.10,703.75,704.35,175469
1789118160000000000,704.55,705.00,704.00,704.60,149725
1789118220000000000,704.70,706.00,704.00,705.80,188149
1789118280000000000,705.80,706.40,704.95,705.95,279687
1789118340000000000,705.95,706.00,704.25,705.45,165352
1789118400000000000,705.50,706.85,705.25,706.35,181543
1789118460000000000,706.40,706.45,705.50,705.70,81227
1789118520000000000,705.70,705.70,704.45,705.00,155680
1789118580000000000,705.00,705.80,704.95,705.30,95131
1789118640000000000,705.40,705.50,705.00,705.35,141435
1789118700000000000,705.35,706.75,705.15,706.40,155147
1789118760000000000,706.50,707.00,706.00,706.30,145667
1789118820000000000,706.35,706.45,705.65,705.90,66476
1789118880000000000,705.95,706.90,705.80,706.45,88674
1789118940000000000,706.45,706.50,705.05,705.05,74075
1789119000000000000,705.05,705.55,704.80,705.10,85172
1789119060000000000,705.10,705.80,704.80,704.90,72183
1789119120000000000,704.95,705.50,704.90,705.50,63441
1789119180000000000,705.50,705.80,704.95,705.00,97321
1789119240000000000,705.00,705.50,704.85,705.30,135960
1789119300000000000,705.40,705.50,704.00,704.40,136259
1789119360000000000,704.40,705.25,703.95,705.05,124716
1789119420000000000,705.05,706.20,705.00,706.05,123961
1789119480000000000,706.05,706.50,705.20,706.30,111664
1789119540000000000,706.20,707.75,706.20,707.50,220793
1789119600000000000,707.40,708.00,707.25,707.90,186530
1789119660000000000,707.90,708.60,707.50,708.50,179177
1789119720000000000,708.50,708.90,708.00,708.10,359264
1789119780000000000,708.40,709.00,708.00,708.80,174152
1789119840000000000,708.40,709.00,708.00,708.50,88799
1789119900000000000,708.50,708.50,708.50,708.50,0
1789119960000000000,708.50,708.50,708.50,708.50,0
1789120020000000000,708.50,708.50,708.50,708.50,0
1789120080000000000,708.50,708.50,708.50,708.50,0
1789120140000000000,708.50,708.50,708.50,708.50,0
1789120200000000000,708.50,708.50,708.50,708.50,0
1789120260000000000,708.50,708.50,708.50,708.50,0
1789120320000000000,708.50,708.50,708.50,708.50,0
1789120380000000000,708.50,708.50,708.50,708.50,0
1789120440000000000,708.50,708.50,708.50,708.50,0
1789120500000000000,708.50,708.50,708.50,708.50,0
1789120560000000000,708.50,708.50,708.50,708.50,0
1789120620000000000,708.50,708.50,708.50,708.50,0
1789120680000000000,708.50,708.50,708.50,708.50,0
1789120740000000000,708.25,708.25,708.25,708.25,1084552
