timestamp_ns,open,high,low,close,volume
1787888700000000000,2018.00,2018.00,2002.00,2003.90,14596
1787888760000000000,2003.90,2006.80,2002.20,2005.50,6101
1787888820000000000,2005.80,2006.70,2004.80,2006.00,2949
1787888880000000000,2006.00,2006.00,2004.00,2005.00,2752
1787888940000000000,2004.90,2005.60,2002.00,2003.60,4354
1787889000000000000,2003.00,2003.20,2001.00,2001.20,7010
1787889060000000000,2001.80,2003.60,1997.50,2000.60,26078
1787889120000000000,2001.40,2002.70,2000.60,2001.50,5826
1787889180000000000,2001.50,2002.70,2001.00,2002.70,1977
1787889240000000000,2002.50,2003.40,2001.90,2003.00,4294
1787889300000000000,2003.00,2004.70,2003.00,2004.00,1094
1787889360000000000,2004.20,2005.00,2003.00,2005.00,2196
1787889420000000000,2005.00,2005.70,2004.30,2005.30,1680
1787889480000000000,2005.40,2006.00,2004.60,2005.60,1427
1787889540000000000,2005.60,2007.00,2005.00,2007.00,1280
1787889600000000000,2006.60,2006.90,2005.20,2005.60,2022
1787889660000000000,2005.60,2006.00,2003.70,2005.10,3346
1787889720000000000,2005.00,2005.60,2003.70,2004.70,1386
1787889780000000000,2005.00,2006.10,2004.70,2005.90,539
1787889840000000000,2005.80,2006.80,2005.30,2006.60,1052
1787889900000000000,2006.30,2007.00,2005.50,2006.80,867
1787889960000000000,2006.80,2006.90,2006.00,2006.50,616
1787890020000000000,2006.50,2007.00,2006.00,2006.50,456
1787890080000000000,2006.50,2006.70,2005.50,2006.50,1463
1787890140000000000,2006.20,2006.80,2005.60,2006.70,585
1787890200000000000,2006.70,2006.90,2005.50,2006.60,1432
1787890260000000000,2006.60,2006.60,2006.20,2006.20,531
1787890320000000000,2006.60,2007.00,2006.00,2006.70,1804
1787890380000000000,2006.70,2006.70,2006.00,2006.60,351
1787890440000000000,2006.60,2006.70,2002.30,2003.50,6413
1787890500000000000,2004.30,2004.70,2003.10,2004.20,1726
1787890560000000000,2004.60,2004.90,2003.80,2004.60,988
1787890620000000000,2004.60,2004.60,2003.50,2003.80,744
1787890680000000000,2004.00,2004.80,2003.60,2004.60,661
1787890740000000000,2004.60,2004.70,2003.90,2003.90,533
1787890800000000000,2004.00,2004.70,2003.90,2004.00,752
1787890860000000000,2004.60,2005.00,2003.70,2004.00,976
1787890920000000000,2004.20,2004.60,2002.30,2003.00,2928
1787890980000000000,2003.10,2004.70,2003.10,2004.30,748
1787891040000000000,2004.30,2004.90,2003.70,2004.20,1393
1787891100000000000,2004.60,2005.40,2003.40,2004.00,3372
1787891160000000000,2004.60,2005.80,2004.00,2004.70,1363
1787891220000000000,2005.40,2005.40,2004.40,2005.00,777
1787891280000000000,2005.00,2005.00,2003.80,2004.60,905
1787891340000000000,2004.60,2004.70,2003.30,2003.30,676
1787891400000000000,2003.80,2004.10,2003.30,2003.40,458
1787891460000000000,2004.00,2004.10,2003.30,2003.90,680
1787891520000000000,2004.10,2004.70,2003.90,2004.00,680
1787891580000000000,2004.40,2004.40,2003.60,2003.60,345
1787891640000000000,2003.90,2004.00,2003.50,2003.90,335
1787891700000000000,2003.90,2004.00,2003.50,2003.90,193
1787891760000000000,2003.90,2003.90,2003.30,2003.40,350
1787891820000000000,2003.90,2003.90,2003.40,2003.70,518
1787891880000000000,2004.00,2004.80,2003.60,2004.40,983
1787891940000000000,2004.40,2004.40,2003.80,2003.80,231
1787892000000000000,2003.90,2003.90,2003.60,2003.80,297
1787892060000000000,2003.90,2003.90,2003.60,2003.90,200
1787892120000000000,2003.90,2004.40,2003.60,2004.00,1008
1787892180000000000,2004.40,2004.50,2004.00,2004.20,332
1787892240000000000,2004.50,2004.60,2003.70,2003.90,1534
1787892300000000000,2004.30,2004.30,2003.60,2004.00,1050
1787892360000000000,2004.10,2005.00,2003.10,2004.50,4200
1787892420000000000,2004.50,2005.00,2003.80,2004.70,1299
1787892480000000000,2004.70,2004.70,2003.20,2003.90,458
1787892540000000000,2004.30,2004.60,2003.10,2003.70,553
1787892600000000000,2003.70,2003.80,2003.00,2003.60,769
1787892660000000000,2003.60,2004.00,2003.00,2003.90,1370
1787892720000000000,2004.00,2004.00,2003.30,2004.00,26331
1787892780000000000,2003.70,2003.70,2002.10,2003.30,9405
1787892840000000000,2003.70,2003.70,2003.00,2003.40,334
1787892900000000000,2003.50,2003.50,2003.30,2003.30,392
1787892960000000000,2003.50,2003.50,2003.00,2003.00,914
1787893020000000000,2003.50,2003.60,2003.00,2003.50,1272
1787893080000000000,2003.90,2004.10,2003.50,2004.10,261
1787893140000000000,2004.10,2005.00,2004.00,2004.40,1126
1787893200000000000,2005.00,2005.00,2004.20,2004.30,303
1787893260000000000,2005.00,2005.00,2004.30,2004.30,179
1787893320000000000,2004.70,2005.50,2004.30,2004.70,1197
1787893380000000000,2005.00,2005.40,2004.30,2005.00,706
1787893440000000000,2005.00,2005.40,2004.50,2005.20,409
1787893500000000000,2005.30,2005.30,2004.50,2005.00,352
1787893560000000000,2005.10,2005.40,2004.50,2004.50,1033
1787893620000000000,2005.20,2005.30,2004.50,2005.30,238
1787893680000000000,2005.30,2006.50,2004.50,2006.50,3344
1787893740000000000,2006.50,2008.50,2006.10,2007.40,4391
1787893800000000000,2007.30,2007.40,2006.50,2007.40,283
1787893860000000000,2007.40,2007.50,2007.00,2007.10,887
1787893920000000000,2007.10,2007.10,2006.00,2006.00,1119
1787893980000000000,2006.60,2006.60,2006.10,2006.20,175
1787894040000000000,2006.60,2007.30,2006.20,2007.00,767
1787894100000000000,2007.00,2007.00,2005.80,2006.20,1159
1787894160000000000,2006.70,2006.80,2005.80,2006.10,690
1787894220000000000,2006.80,2007.70,2006.50,2007.70,558
1787894280000000000,2007.30,2007.60,2006.60,2007.30,794
1787894340000000000,2007.30,2007.60,2006.30,2007.50,397
1787894400000000000,2007.50,2007.50,2007.00,2007.00,484
1787894460000000000,2007.00,2007.80,2007.00,2007.10,322
1787894520000000000,2007.60,2007.60,2006.30,2007.50,1923
1787894580000000000,2007.50,2007.50,2007.10,2007.40,429
1787894640000000000,2007.40,2007.40,2006.70,2007.20,1453
1787894700000000000,2007.20,2007.20,2006.30,2006.30,305
1787894760000000000,2006.60,2010.10,2006.30,2008.50,39023
1787894820000000000,2008.90,2009.80,2008.70,2009.30,471
1787894880000000000,2009.30,2010.30,2009.20,2009.80,1996
1787894940000000000,2010.20,2010.20,2009.40,2009.80,479
1787895000000000000,2009.80,2009.80,2009.10,2009.60,388
1787895060000000000,2009.60,2009.60,2009.00,2009.40,885
1787895120000000000,2009.20,2009.50,2009.00,2009.50,518
1787895180000000000,2009.30,2009.70,2009.00,2009.70,819
1787895240000000000,2009.70,2009.80,2009.20,2009.70,563
1787895300000000000,2009.70,2009.70,2009.00,2009.60,568
1787895360000000000,2009.60,2009.60,2009.00,2009.00,358
1787895420000000000,2009.30,2009.30,2008.40,2009.00,285
1787895480000000000,2009.10,2009.30,2008.90,2009.20,224
1787895540000000000,2009.20,2009.20,2008.90,2009.00,491
1787895600000000000,2009.00,2009.00,2008.40,2009.00,498
1787895660000000000,2009.00,2009.00,2008.30,2009.00,630
1787895720000000000,2009.10,2009.10,2008.50,2008.70,198
1787895780000000000,2009.00,2010.90,2009.00,2010.60,2513
1787895840000000000,2010.50,2010.90,2010.10,2010.70,263
1787895900000000000,2010.70,2010.70,2010.00,2010.60,415
1787895960000000000,2010.60,2010.60,2010.00,2010.50,513
1787896020000000000,2010.50,2010.50,2010.00,2010.20,386
1787896080000000000,2010.20,2010.20,2009.90,2010.00,1242
1787896140000000000,2010.00,2010.20,2009.50,2010.10,375
1787896200000000000,2010.10,2010.20,2009.90,2010.20,628
1787896260000000000,2010.20,2010.20,2010.00,2010.00,240
1787896320000000000,2010.10,2010.10,2008.80,2009.60,2443
1787896380000000000,2009.60,2009.60,2009.20,2009.60,212
1787896440000000000,2009.60,2009.60,2009.20,2009.60,254
1787896500000000000,2009.60,2009.60,2009.20,2009.60,330
1787896560000000000,2009.60,2009.60,2008.80,2009.30,811
1787896620000000000,2009.30,2009.60,2008.80,2009.30,739
1787896680000000000,2009.30,2009.30,2008.70,2009.20,172
1787896740000000000,2009.20,2009.20,2008.30,2008.90,770
1787896800000000000,2008.90,2008.90,2008.10,2008.10,410
1787896860000000000,2008.70,2008.70,2007.50,2007.50,1162
1787896920000000000,2007.90,2007.90,2006.40,2006.50,538
1787896980000000000,2007.00,2007.00,2006.00,2006.00,1518
1787897040000000000,2006.10,2006.10,2005.30,2006.00,743
1787897100000000000,2006.00,2006.00,2004.30,2005.20,4383
1787897160000000000,2005.10,2005.10,2003.00,2003.70,5024
1787897220000000000,2003.70,2003.70,2002.00,2003.10,2618
1787897280000000000,2003.10,2003.20,2002.00,2003.20,2901
1787897340000000000,2003.30,2004.00,2002.60,2003.40,1276
1787897400000000000,2003.40,2003.50,2002.20,2003.00,961
1787897460000000000,2002.90,2003.00,2002.20,2002.20,626
1787897520000000000,2003.00,2003.00,2002.10,2003.00,764
1787897580000000000,2003.00,2003.00,2001.80,2002.70,1549
1787897640000000000,2002.70,2002.70,2002.00,2002.60,2522
1787897700000000000,2002.70,2002.70,2001.20,2001.90,3155
1787897760000000000,2001.90,2002.60,2001.40,2002.50,1355
1787897820000000000,2002.50,2002.70,2001.50,2002.60,389
1787897880000000000,2002.60,2002.70,2001.80,2002.70,669
1787897940000000000,2002.70,2003.40,2002.10,2002.40,1588
1787898000000000000,2003.30,2003.80,2002.50,2003.50,972
1787898060000000000,2003.50,2003.60,2002.80,2003.60,457
1787898120000000000,2003.60,2004.30,2003.00,2004.00,752
1787898180000000000,2004.00,2004.10,2003.00,2003.10,480
1787898240000000000,2003.90,2003.90,2002.20,2002.70,1371
1787898300000000000,2002.70,2003.30,2002.00,2002.60,1026
1787898360000000000,2002.90,2003.00,2002.40,2003.00,471
1787898420000000000,2003.00,2003.00,2002.00,2002.00,905
1787898480000000000,2002.70,2003.20,2002.10,2003.10,1021
1787898540000000000,2003.00,2003.10,2001.30,2001.30,2967
1787898600000000000,2002.40,2002.40,2001.30,2002.10,625
1787898660000000000,2002.10,2002.60,2001.80,2002.50,3302
1787898720000000000,2002.50,2002.50,2002.00,2002.50,416
1787898780000000000,2002.50,2002.60,2002.00,2002.00,744
1787898840000000000,2002.50,2003.20,2002.10,2003.00,1223
1787898900000000000,2003.00,2004.00,2002.60,2004.00,1149
1787898960000000000,2004.00,2004.20,2003.50,2004.10,499
1787899020000000000,2004.10,2005.40,2003.40,2004.90,1491
1787899080000000000,2004.90,2005.30,2004.90,2005.10,325
1787899140000000000,2005.20,2005.20,2004.00,2004.60,462
1787899200000000000,2004.60,2004.70,2003.90,2003.90,316
1787899260000000000,2003.90,2003.90,2003.10,2003.80,141
1787899320000000000,2003.80,2003.80,2003.10,2003.70,97
1787899380000000000,2003.70,2003.70,2003.00,2003.10,914
1787899440000000000,2003.20,2004.40,2003.20,2004.20,604
1787899500000000000,2004.10,2004.10,2003.90,2004.00,180
1787899560000000000,2004.00,2004.40,2003.10,2004.20,892
1787899620000000000,2004.20,2004.30,2003.00,2003.40,679
1787899680000000000,2003.40,2004.50,2003.40,2004.30,679
1787899740000000000,2004.30,2004.40,2004.00,2004.40,223
1787899800000000000,2004.40,2004.40,2004.00,2004.30,250
1787899860000000000,2004.30,2004.30,2004.00,2004.30,226
1787899920000000000,2004.30,2005.00,2004.00,2004.60,632
1787899980000000000,2004.60,2006.00,2003.10,2003.10,3734
1787900040000000000,2003.60,2003.60,2003.10,2003.60,515
1787900100000000000,2003.60,2003.70,2003.00,2003.70,803
1787900160000000000,2003.70,2003.70,2003.00,2003.30,530
1787900220000000000,2003.30,2004.00,2002.50,2003.50,2229
1787900280000000000,2003.50,2003.60,2002.60,2003.40,205
1787900340000000000,2003.40,2004.00,2002.80,2004.00,359
1787900400000000000,2004.00,2004.10,2002.80,2003.50,446
1787900460000000000,2003.50,2003.50,2002.50,2003.00,852
1787900520000000000,2003.00,2003.30,2002.50,2003.20,236
1787900580000000000,2003.20,2003.30,2002.20,2002.80,987
1787900640000000000,2002.80,2002.80,2002.00,2002.70,411
1787900700000000000,2002.70,2002.80,2002.10,2002.80,543
1787900760000000000,2002.80,2002.90,2002.80,2002.90,265
1787900820000000000,2002.90,2002.90,2002.00,2002.00,3572
1787900880000000000,2002.00,2002.30,2001.50,2002.30,1138
1787900940000000000,2002.30,2002.30,2002.20,2002.20,839
1787901000000000000,2002.30,2002.30,2001.10,2001.90,2910
1787901060000000000,2001.90,2001.90,2001.20,2001.30,284
1787901120000000000,2001.30,2001.50,2001.30,2001.50,376
1787901180000000000,2001.50,2001.70,2001.30,2001.70,844
1787901240000000000,2001.90,2002.00,2001.10,2001.90,2988
1787901300000000000,2001.90,2001.90,2001.10,2001.50,926
1787901360000000000,2001.50,2001.60,2001.50,2001.60,318
1787901420000000000,2001.60,2002.00,2001.50,2002.00,254
1787901480000000000,2002.00,2002.00,2001.10,2001.40,715
1787901540000000000,2001.30,2001.50,2001.30,2001.50,343
1787901600000000000,2001.50,2001.60,2001.30,2001.60,1012
1787901660000000000,2001.60,2001.60,1997.80,1998.40,35645
1787901720000000000,1998.00,1999.50,1997.90,1998.80,2756
1787901780000000000,1998.50,1999.00,1998.00,1998.60,1832
1787901840000000000,1998.50,1998.70,1998.00,1998.70,2106
1787901900000000000,1998.50,1998.80,1998.50,1998.70,1054
1787901960000000000,1998.70,2000.20,1998.50,1999.60,2619
1787902020000000000,1999.50,1999.60,1999.00,1999.30,2456
1787902080000000000,1999.00,1999.80,1999.00,1999.10,1194
1787902140000000000,1999.10,1999.50,1999.00,1999.20,1030
1787902200000000000,1999.00,1999.40,1999.00,1999.40,1599
1787902260000000000,1999.30,1999.70,1999.00,1999.10,985
1787902320000000000,1999.10,1999.70,1999.00,1999.50,851
1787902380000000000,1999.20,1999.70,1999.10,1999.70,564
1787902440000000000,1999.30,2000.20,1999.30,2000.00,1278
1787902500000000000,1999.50,2000.40,1999.50,2000.30,739
1787902560000000000,2000.00,2000.30,1999.50,2000.10,8899
1787902620000000000,1999.90,2000.00,1999.30,1999.40,710
1787902680000000000,1999.50,2000.10,1999.20,2000.10,2379
1787902740000000000,2000.00,2000.10,2000.00,2000.10,1348
1787902800000000000,2000.00,2000.70,2000.00,2000.50,1423
1787902860000000000,2000.50,2002.10,2000.20,2001.80,13239
1787902920000000000,2001.10,2001.80,2001.00,2001.10,7427
1787902980000000000,2001.00,2001.80,2001.00,2001.00,1976
1787903040000000000,2001.00,2001.20,2001.00,2001.00,1636
1787903100000000000,2001.00,2001.20,1999.80,2001.00,21811
1787903160000000000,2001.00,2001.10,1999.50,1999.70,4146
1787903220000000000,1999.40,1999.90,1999.30,1999.90,994
1787903280000000000,1999.80,2001.50,1999.50,2001.40,3180
1787903340000000000,2001.40,2002.30,2001.10,2002.20,4745
1787903400000000000,2002.00,2002.50,2001.80,2002.50,2377
1787903460000000000,2002.00,2002.90,2001.70,2002.90,11477
1787903520000000000,2002.00,2003.50,2001.70,2002.40,18275
1787903580000000000,2002.40,2003.80,2001.00,2001.70,12643
1787903640000000000,2001.00,2001.90,2001.00,2001.20,718
1787903700000000000,2001.00,2001.30,2001.00,2001.30,1507
1787903760000000000,2001.20,2001.90,2001.20,2001.40,1684
1787903820000000000,2001.30,2002.00,2001.30,2002.00,158
1787903880000000000,2001.50,2002.00,2000.10,2000.90,1397
1787903940000000000,2000.10,2000.90,1999.10,1999.80,4536
1787904000000000000,1999.20,2000.00,1998.80,1999.50,4661
1787904060000000000,1999.50,1999.60,1999.00,1999.60,1115
1787904120000000000,1999.60,2004.00,1998.70,2000.10,45127
1787904180000000000,2000.10,2000.10,1999.40,2000.00,953
1787904240000000000,2000.00,2000.70,1999.70,2000.70,1623
1787904300000000000,2000.70,2000.90,1999.80,2000.00,888
1787904360000000000,2000.60,2000.60,1999.90,1999.90,740
1787904420000000000,2000.00,2001.00,1999.90,2000.30,1305
1787904480000000000,2000.90,2001.00,2000.00,2000.00,352
1787904540000000000,2000.40,2001.20,2000.10,2000.70,442
1787904600000000000,2001.20,2001.20,2000.10,2000.70,608
1787904660000000000,2000.80,2000.80,2000.00,2000.80,895
1787904720000000000,2000.20,2001.10,2000.20,2000.70,496
1787904780000000000,2000.70,2001.20,2000.20,2000.80,927
1787904840000000000,2001.20,2001.30,2000.80,2001.00,404
1787904900000000000,2001.30,2001.30,2001.00,2001.30,438
1787904960000000000,2001.30,2001.30,2000.70,2000.70,652
1787905020000000000,2001.20,2001.20,2000.40,2000.40,502
1787905080000000000,2000.80,2000.80,2000.00,2000.00,500
1787905140000000000,2000.30,2000.30,2000.00,2000.00,927
1787905200000000000,2000.10,2000.20,2000.00,2000.00,643
1787905260000000000,2000.20,2000.20,1999.00,1999.50,9940
1787905320000000000,1999.50,2000.30,1999.10,2000.00,2207
1787905380000000000,2000.10,2000.50,1999.90,2000.20,1996
1787905440000000000,2000.20,2000.50,2000.00,2000.50,1007
1787905500000000000,2000.50,2000.50,2000.10,2000.40,446
1787905560000000000,2000.40,2000.90,2000.00,2000.20,626
1787905620000000000,2000.20,2000.50,2000.10,2000.30,865
1787905680000000000,2000.50,2001.20,2000.30,2000.50,312
1787905740000000000,2000.90,2000.90,2000.20,2000.90,1489
1787905800000000000,2000.90,2000.90,2000.10,2000.30,482
1787905860000000000,2000.60,2000.60,2000.20,2000.30,633
1787905920000000000,2000.30,2000.50,2000.10,2000.40,527
1787905980000000000,2000.50,2000.50,2000.10,2000.50,442
1787906040000000000,2000.50,2000.50,2000.10,2000.10,791
1787906100000000000,2000.50,2000.50,2000.00,2000.50,977
1787906160000000000,2000.50,2000.60,2000.00,2000.10,606
1787906220000000000,2000.20,2000.30,2000.10,2000.20,385
1787906280000000000,2000.20,2000.60,2000.00,2000.50,823
1787906340000000000,2000.50,2000.80,2000.10,2000.30,585
1787906400000000000,2000.30,2000.90,2000.10,2000.90,772
1787906460000000000,2000.90,2002.10,2000.40,2001.30,2314
1787906520000000000,2001.30,2001.60,2000.60,2000.60,592
1787906580000000000,2001.00,2001.50,2000.60,2000.90,602
1787906640000000000,2001.50,2001.70,2000.60,2001.40,922
1787906700000000000,2001.70,2001.70,2000.90,2001.00,542
1787906760000000000,2001.20,2001.50,2000.50,2000.60,832
1787906820000000000,2001.40,2001.60,2000.60,2001.00,827
1787906880000000000,2001.00,2001.50,2000.80,2001.00,655
1787906940000000000,2001.50,2001.50,2000.70,2001.30,966
1787907000000000000,2001.30,2001.40,2000.00,2000.20,2503
1787907060000000000,2000.60,2000.80,2000.20,2000.80,419
1787907120000000000,2000.80,2001.00,2000.00,2000.80,2971
1787907180000000000,2000.80,2000.80,1999.00,2000.00,7622
1787907240000000000,1999.90,2000.00,1999.00,1999.80,2723
1787907300000000000,1999.80,2000.70,1999.50,1999.60,1744
1787907360000000000,2000.00,2000.70,1999.70,1999.80,679
1787907420000000000,2000.00,2000.70,1999.70,2000.00,722
1787907480000000000,2000.70,2000.90,1999.90,2000.30,4601
1787907540000000000,2000.30,2000.40,2000.00,2000.40,887
1787907600000000000,2000.40,2000.80,2000.00,2000.00,662
1787907660000000000,2000.60,2000.60,1999.90,2000.00,438
1787907720000000000,2000.60,2000.60,2000.00,2000.00,652
1787907780000000000,2000.60,2000.70,2000.00,2000.20,598
1787907840000000000,2000.50,2000.60,2000.10,2000.40,473
1787907900000000000,2000.40,2000.80,2000.00,2000.60,1492
1787907960000000000,2000.60,2000.60,2000.00,2000.00,2009
1787908020000000000,2000.30,2001.00,2000.00,2000.20,1892
1787908080000000000,2000.20,2000.40,2000.00,2000.20,1033
1787908140000000000,2000.40,2000.50,2000.00,2000.00,1125
1787908200000000000,2000.50,2000.60,1999.70,1999.80,2945
1787908260000000000,2000.10,2000.20,1999.60,1999.70,1076
1787908320000000000,2000.00,2000.00,1999.50,1999.60,1256
1787908380000000000,1999.60,2000.20,1999.50,1999.90,1331
1787908440000000000,1999.90,1999.90,1999.70,1999.70,566
1787908500000000000,1999.70,2000.50,1998.90,1999.50,5542
1787908560000000000,1999.50,1999.50,1998.60,1999.00,2156
1787908620000000000,1999.40,1999.50,1999.00,1999.50,2687
1787908680000000000,1999.50,1999.50,1999.10,1999.50,998
1787908740000000000,1999.50,2000.10,1999.10,2000.10,5185
1787908800000000000,2000.10,2000.50,1999.60,1999.90,3974
1787908860000000000,2000.10,2000.70,1999.90,1999.90,1916
1787908920000000000,2000.50,2002.70,1999.90,2002.60,6291
1787908980000000000,2002.30,2002.30,2001.60,2001.60,1565
1787909040000000000,2002.00,2007.00,2001.60,2003.00,40093
1787909100000000000,2003.20,2003.30,2002.60,2003.20,2125
1787909160000000000,2003.20,2003.80,2002.60,2003.80,4059
1787909220000000000,2003.80,2004.90,2003.60,2004.80,5774
1787909280000000000,2004.80,2005.70,2004.40,2005.30,5980
1787909340000000000,2005.30,2005.40,2004.60,2005.00,2816
1787909400000000000,2005.00,2005.10,2004.10,2004.60,8212
1787909460000000000,2004.60,2004.90,2004.10,2004.60,10213
1787909520000000000,2004.60,2004.90,2003.50,2003.50,8929
1787909580000000000,2003.60,2003.90,2003.40,2003.80,4612
1787909640000000000,2003.90,2004.00,2003.00,2003.30,3402
1787909700000000000,2003.50,2004.20,2002.90,2003.60,7492
1787909760000000000,2003.60,2004.50,2003.50,2004.50,4060
1787909820000000000,2004.10,2004.90,2003.30,2003.60,7187
1787909880000000000,2004.00,2004.90,2003.60,2004.30,5070
1787909940000000000,2004.30,2005.00,2003.00,2003.80,9700
1787910000000000000,2003.80,2004.30,2002.30,2003.70,10108
1787910060000000000,2003.70,2006.00,2003.10,2006.00,8649
1787910120000000000,2006.00,2007.00,2005.00,2005.90,25135
1787910180000000000,2005.70,2008.60,2004.90,2005.00,15315
1787910240000000000,2004.90,2004.90,2003.80,2004.00,2158
1787910300000000000,2004.00,2004.00,2004.00,2004.00,0
1787910360000000000,2004.00,2004.00,2004.00,2004.00,0
1787910420000000000,2004.00,2004.00,2004.00,2004.00,0
1787910480000000000,2004.00,2004.00,2004.00,2004.00,0
1787910540000000000,2004.00,2004.00,2004.00,2004.00,0
1787910600000000000,2004.00,2004.00,2004.00,2004.00,0
1787910660000000000,2004.00,2004.00,2004.00,2004.00,0
1787910720000000000,2004.00,2004.00,2004.00,2004.00,0
1787910780000000000,2004.00,2004.00,2004.00,2004.00,0
1787910840000000000,2004.00,2004.00,2004.00,2004.00,0
1787910900000000000,2004.00,2004.00,2004.00,2004.00,0
1787910960000000000,2004.00,2004.00,2004.00,2004.00,0
1787911020000000000,2004.00,2004.00,2004.00,2004.00,0
1787911080000000000,2004.00,2004.00,2004.00,2004.00,0
1787911140000000000,2010.40,2010.40,2010.40,2010.40,28683
1788147900000000000,2001.10,2005.00,1990.00,1992.80,30672
1788147960000000000,1992.20,1994.40,1991.20,1993.90,4544
1788148020000000000,1994.30,1994.60,1991.10,1991.20,4592
1788148080000000000,1991.70,1993.30,1990.30,1992.20,6510
1788148140000000000,1992.50,1994.20,1991.90,1994.20,4239
1788148200000000000,1993.70,1995.00,1992.40,1994.40,2997
1788148260000000000,1994.80,1995.40,1992.00,1993.10,5116
1788148320000000000,1993.10,1995.00,1992.00,1994.10,2930
1788148380000000000,1994.10,1994.40,1993.10,1993.50,1591
1788148440000000000,1993.50,1996.90,1993.20,1996.60,2709
1788148500000000000,1996.60,1996.80,1995.30,1996.20,2454
1788148560000000000,1996.20,1996.30,1995.30,1995.90,1925
1788148620000000000,1995.90,1996.80,1995.20,1995.80,2044
1788148680000000000,1995.80,1997.50,1995.50,1997.50,7213
1788148740000000000,1997.50,1998.00,1996.50,1996.80,3691
1788148800000000000,1997.40,1997.40,1995.50,1996.10,2877
1788148860000000000,1996.10,1997.40,1995.60,1997.40,2233
1788148920000000000,1997.20,1997.30,1995.70,1996.10,1309
1788148980000000000,1996.10,1996.50,1995.70,1996.00,2606
1788149040000000000,1996.00,1996.40,1995.40,1996.00,2603
1788149100000000000,1996.00,1996.10,1995.10,1995.60,3520
1788149160000000000,1995.40,1996.00,1993.80,1995.90,4204
1788149220000000000,1995.90,1996.60,1995.00,1995.70,2066
1788149280000000000,1995.70,1996.40,1993.90,1995.90,4412
1788149340000000000,1996.00,1996.00,1994.00,1994.60,1833
1788149400000000000,1994.60,1994.60,1993.60,1994.00,1223
1788149460000000000,1994.00,1994.40,1993.00,1993.80,3858
1788149520000000000,1993.80,1993.80,1991.30,1993.20,6569
1788149580000000000,1993.20,1993.20,1991.70,1992.50,1929
1788149640000000000,1992.50,1992.60,1988.50,1989.40,18609
1788149700000000000,1989.30,1989.30,1988.00,1988.30,4276
1788149760000000000,1988.30,1990.50,1988.00,1989.80,5531
1788149820000000000,1989.80,1991.00,1989.20,1990.90,3349
1788149880000000000,1990.90,1990.90,1990.00,1990.10,815
1788149940000000000,1990.50,1990.50,1990.10,1990.10,1223
1788150000000000000,1990.30,1991.00,1989.40,1990.30,8901
1788150060000000000,1990.30,1992.90,1990.30,1991.00,5247
1788150120000000000,1991.00,1992.00,1990.30,1991.00,3872
1788150180000000000,1991.80,1991.90,1991.00,1991.20,1104
1788150240000000000,1991.70,1991.70,1990.80,1991.00,1975
1788150300000000000,1991.20,1991.80,1990.70,1991.00,1880
1788150360000000000,1991.70,1991.70,1990.00,1990.70,1626
1788150420000000000,1990.70,1990.80,1990.00,1990.70,1165
1788150480000000000,1990.70,1991.60,1990.00,1991.10,2383
1788150540000000000,1991.10,1991.60,1990.50,1991.00,2636
1788150600000000000,1991.30,1992.90,1991.30,1992.70,2521
1788150660000000000,1992.50,1992.80,1991.00,1991.00,2148
1788150720000000000,1991.70,1991.70,1991.00,1991.50,1182
1788150780000000000,1991.50,1991.50,1990.20,1990.50,1166
1788150840000000000,1991.30,1991.90,1990.50,1991.30,1501
1788150900000000000,1991.60,1991.60,1991.30,1991.30,1548
1788150960000000000,1991.40,1991.40,1989.30,1989.30,4738
1788151020000000000,1989.40,1990.00,1988.00,1989.90,5635
1788151080000000000,1989.90,1990.70,1989.50,1990.70,2150
1788151140000000000,1990.70,1991.60,1990.10,1990.60,2202
1788151200000000000,1991.20,1991.20,1990.00,1990.00,1539
1788151260000000000,1990.70,1990.70,1990.00,1990.30,1251
1788151320000000000,1990.50,1990.50,1988.30,1989.20,4844
1788151380000000000,1989.20,1989.50,1988.40,1988.40,3809
1788151440000000000,1989.00,1989.00,1988.40,1988.90,2002
1788151500000000000,1988.90,1989.50,1988.60,1988.60,2977
1788151560000000000,1989.10,1989.40,1988.50,1989.10,1663
1788151620000000000,1989.10,1989.10,1988.30,1988.90,2246
1788151680000000000,1988.90,1989.10,1988.30,1989.10,4205
1788151740000000000,1988.70,1989.10,1988.50,1988.90,1251
1788151800000000000,1988.90,1988.90,1986.20,1987.10,10294
1788151860000000000,1987.20,1988.90,1986.50,1988.30,4671
1788151920000000000,1988.30,1988.70,1987.60,1988.30,2196
1788151980000000000,1988.30,1988.50,1987.40,1987.80,2489
1788152040000000000,1987.90,1988.90,1987.10,1988.50,2895
1788152100000000000,1988.50,1989.60,1986.50,1986.70,4056
1788152160000000000,1987.40,1989.40,1986.80,1988.20,5711
1788152220000000000,1988.10,1989.90,1987.70,1989.20,3217
1788152280000000000,1989.20,1990.40,1989.00,1990.30,4985
1788152340000000000,1990.30,1990.50,1988.90,1989.60,3494
1788152400000000000,1989.80,1990.90,1989.60,1990.30,2359
1788152460000000000,1990.30,1990.80,1989.00,1989.00,2971
1788152520000000000,1989.40,1990.70,1989.00,1989.80,2868
1788152580000000000,1990.60,1992.60,1989.40,1989.40,6042
1788152640000000000,1990.00,1990.80,1989.10,1990.00,2302
1788152700000000000,1990.20,1990.50,1989.20,1989.90,1798
1788152760000000000,1989.90,1990.00,1989.00,1989.70,1168
1788152820000000000,1989.70,1990.00,1989.10,1989.70,2458
1788152880000000000,1989.60,1990.20,1987.70,1988.80,12496
1788152940000000000,1988.80,1990.00,1987.80,1988.30,2961
1788153000000000000,1989.00,1991.00,1988.20,1988.60,3904
1788153060000000000,1989.50,1990.50,1988.20,1989.60,4524
1788153120000000000,1989.90,1989.90,1988.60,1988.80,1654
1788153180000000000,1989.70,1990.00,1988.10,1989.10,2111
1788153240000000000,1989.10,1989.90,1988.00,1989.30,3410
1788153300000000000,1989.90,1991.40,1989.80,1990.50,3183
1788153360000000000,1991.20,1992.50,1990.40,1990.70,2843
1788153420000000000,1991.50,1991.50,1990.40,1990.40,767
1788153480000000000,1991.20,1991.60,1990.50,1991.30,1704
1788153540000000000,1991.40,1991.40,1990.60,1991.00,404
1788153600000000000,1991.00,1992.00,1990.60,1991.10,1384
1788153660000000000,1991.10,1991.10,1990.10,1990.20,478
1788153720000000000,1990.20,1990.60,1990.00,1990.00,706
1788153780000000000,1990.50,1990.80,1990.00,1990.70,843
1788153840000000000,1990.70,1990.70,1990.10,1990.60,738
1788153900000000000,1990.60,1990.80,1990.10,1990.10,424
1788153960000000000,1990.80,1990.80,1990.00,1990.60,986
1788154020000000000,1990.60,1990.60,1989.00,1989.10,903
1788154080000000000,1989.60,1989.60,1989.10,1989.50,637
1788154140000000000,1989.60,1989.90,1988.70,1989.60,1382
1788154200000000000,1989.60,1989.60,1988.70,1989.60,637
1788154260000000000,1989.60,1991.20,1989.50,1990.40,3314
1788154320000000000,1990.40,1990.40,1989.50,1989.90,931
1788154380000000000,1989.90,1989.90,1989.20,1989.60,575
1788154440000000000,1989.60,1990.90,1989.30,1990.90,1702
1788154500000000000,1990.80,1990.80,1989.70,1990.00,474
1788154560000000000,1990.40,1990.60,1990.00,1990.40,1102
1788154620000000000,1990.50,1990.90,1990.00,1990.80,462
1788154680000000000,1990.80,1990.80,1989.70,1990.00,856
1788154740000000000,1990.00,1990.10,1989.10,1990.00,861
1788154800000000000,1990.00,1991.90,1989.50,1990.30,5529
1788154860000000000,1991.00,1991.50,1990.40,1990.90,3005
1788154920000000000,1990.90,1990.90,1990.40,1990.60,228
1788154980000000000,1990.60,1990.60,1989.70,1990.00,484
1788155040000000000,1990.00,1990.40,1989.90,1990.30,988
1788155100000000000,1990.30,1990.40,1989.50,1990.10,1588
1788155160000000000,1990.10,1990.20,1990.00,1990.10,1182
1788155220000000000,1990.10,1990.10,1989.50,1989.80,490
1788155280000000000,1989.80,1989.80,1989.50,1989.70,335
1788155340000000000,1989.70,1989.80,1989.00,1989.70,1729
1788155400000000000,1989.70,1989.70,1989.00,1989.40,646
1788155460000000000,1989.40,1989.40,1989.10,1989.20,599
1788155520000000000,1989.20,1989.40,1989.10,1989.40,596
1788155580000000000,1989.40,1989.50,1989.30,1989.50,535
1788155640000000000,1989.50,1990.30,1989.30,1989.70,741
1788155700000000000,1990.10,1990.10,1989.10,1989.90,523
1788155760000000000,1989.90,1989.90,1989.50,1989.90,131
1788155820000000000,1989.90,1989.90,1988.10,1988.80,3321
1788155880000000000,1988.80,1988.90,1987.70,1987.70,4926
1788155940000000000,1988.60,1990.00,1987.70,1989.70,3079
1788156000000000000,1989.70,1989.80,1989.50,1989.80,764
1788156060000000000,1989.90,1990.40,1989.10,1989.10,602
1788156120000000000,1989.90,1990.20,1989.20,1990.00,964
1788156180000000000,1989.90,1991.00,1989.30,1990.50,1452
1788156240000000000,1990.70,1991.90,1989.60,1990.50,4898
1788156300000000000,1990.50,1991.80,1990.00,1991.00,2320
1788156360000000000,1991.00,1991.10,1990.30,1990.40,566
1788156420000000000,1990.90,1991.10,1989.30,1989.90,2079
1788156480000000000,1989.90,1990.70,1989.50,1990.60,1263
1788156540000000000,1990.60,1990.70,1989.90,1990.60,283
1788156600000000000,1990.60,1990.60,1990.00,1990.00,305
1788156660000000000,1990.50,1990.50,1989.40,1990.00,3184
1788156720000000000,1990.00,1990.50,1989.40,1990.00,1534
1788156780000000000,1990.00,1990.20,1989.40,1990.10,526
1788156840000000000,1990.10,1990.10,1989.60,1990.00,247
1788156900000000000,1990.00,1990.20,1989.50,1990.00,584
1788156960000000000,1990.10,1990.10,1989.60,1990.10,317
1788157020000000000,1990.10,1990.10,1989.60,1989.80,443
1788157080000000000,1989.80,1989.90,1989.50,1989.90,559
1788157140000000000,1989.90,1990.80,1989.70,1990.00,655
1788157200000000000,1990.40,1990.40,1990.00,1990.00,231
1788157260000000000,1990.30,1990.40,1990.00,1990.40,316
1788157320000000000,1990.40,1990.40,1989.50,1989.50,1268
1788157380000000000,1990.10,1990.10,1989.50,1990.00,317
1788157440000000000,1990.10,1992.90,1989.50,1991.60,5818
1788157500000000000,1991.70,1991.70,1990.30,1990.80,1249
1788157560000000000,1991.30,1992.80,1990.80,1992.00,2275
1788157620000000000,1992.60,1993.00,1992.00,1992.00,3430
1788157680000000000,1992.70,1992.70,1990.80,1991.60,3052
1788157740000000000,1991.60,1991.60,1990.90,1991.00,1141
1788157800000000000,1991.00,1991.70,1990.40,1991.00,2050
1788157860000000000,1991.00,1991.10,1990.40,1990.90,457
1788157920000000000,1990.90,1990.90,1990.50,1990.50,319
1788157980000000000,1990.90,1993.70,1990.50,1992.70,23352
1788158040000000000,1992.70,1996.20,1992.20,1994.70,34888
1788158100000000000,1994.70,1996.00,1994.60,1995.60,2709
1788158160000000000,1995.60,1996.60,1994.30,1995.40,2463
1788158220000000000,1995.80,1996.10,1995.30,1995.40,829
1788158280000000000,1995.80,1995.80,1994.70,1995.00,1096
1788158340000000000,1995.00,1995.50,1994.70,1995.50,1017
1788158400000000000,1995.50,1996.60,1995.00,1996.50,3045
1788158460000000000,1996.50,1996.50,1995.90,1996.40,337
1788158520000000000,1996.40,1996.40,1995.10,1995.60,936
1788158580000000000,1995.60,1995.70,1995.20,1995.20,242
1788158640000000000,1995.30,1996.80,1995.20,1996.00,1853
1788158700000000000,1996.60,1996.90,1995.60,1996.90,2294
1788158760000000000,1996.60,1997.80,1996.50,1996.50,3148
1788158820000000000,1996.50,1997.00,1996.00,1996.10,766
1788158880000000000,1996.50,1997.00,1996.10,1997.00,926
1788158940000000000,1997.00,1998.60,1996.00,1997.20,4213
1788159000000000000,1998.00,1998.00,1997.00,1997.00,2114
1788159060000000000,1997.70,1999.70,1997.00,1998.50,4573
1788159120000000000,1999.20,2000.00,1998.00,1999.30,4867
1788159180000000000,1999.30,1999.30,1997.80,1998.50,2129
1788159240000000000,1998.50,1998.70,1997.80,1998.00,1528
1788159300000000000,1998.50,2001.80,1997.70,2001.50,9294
1788159360000000000,2001.50,2002.00,2000.70,2001.70,2433
1788159420000000000,2001.70,2002.00,2001.00,2001.70,1069
1788159480000000000,2001.70,2001.80,2001.30,2001.60,892
1788159540000000000,2001.70,2001.70,2001.30,2001.50,1500
1788159600000000000,2001.50,2002.80,2001.30,2002.80,3791
1788159660000000000,2002.70,2002.70,2001.90,2001.90,577
1788159720000000000,2002.00,2002.00,2001.60,2001.90,332
1788159780000000000,2002.00,2002.00,2001.60,2001.90,1181
1788159840000000000,2001.90,2001.90,2001.30,2001.70,640
1788159900000000000,2001.70,2002.00,2001.50,2001.90,818
1788159960000000000,2001.90,2002.90,2001.50,2002.50,2227
1788160020000000000,2002.30,2003.00,2002.00,2003.00,4069
1788160080000000000,2003.20,2003.30,2002.40,2002.40,470
1788160140000000000,2003.20,2003.50,2002.20,2003.10,1079
1788160200000000000,2003.10,2003.90,2002.80,2003.50,262
1788160260000000000,2003.30,2003.40,2003.00,2003.40,226
1788160320000000000,2003.40,2003.40,2002.20,2002.80,529
1788160380000000000,2002.80,2002.80,2002.00,2002.50,721
1788160440000000000,2002.50,2002.50,2001.40,2001.40,426
1788160500000000000,2002.00,2002.00,2001.00,2002.00,1548
1788160560000000000,2002.40,2003.30,2002.00,2002.10,3449
1788160620000000000,2002.20,2002.60,2001.40,2002.00,3065
1788160680000000000,2002.40,2002.40,2001.10,2002.10,1432
1788160740000000000,2002.50,2003.10,2001.30,2002.00,2411
1788160800000000000,2002.80,2002.90,2001.60,2001.70,3647
1788160860000000000,2002.20,2002.30,2001.40,2002.00,912
1788160920000000000,2002.00,2003.00,2001.80,2002.90,2099
1788160980000000000,2002.90,2002.90,2001.90,2002.90,746
1788161040000000000,2002.90,2002.90,2002.00,2002.80,1008
1788161100000000000,2002.80,2002.80,2002.00,2002.40,491
1788161160000000000,2002.40,2002.50,2001.20,2001.70,1124
1788161220000000000,2002.40,2003.00,2002.00,2002.00,1836
1788161280000000000,2002.80,2002.90,2002.00,2002.00,490
1788161340000000000,2002.40,2002.40,2001.80,2002.00,973
1788161400000000000,2001.50,2003.20,2001.40,2002.00,2531
1788161460000000000,2002.00,2003.40,2001.70,2003.20,1480
1788161520000000000,2003.20,2003.40,2002.50,2003.40,1560
1788161580000000000,2003.40,2003.40,2002.10,2002.90,626
1788161640000000000,2002.90,2003.00,2002.20,2003.00,787
1788161700000000000,2003.00,2003.00,2002.30,2002.80,567
1788161760000000000,2002.80,2003.40,2002.50,2002.50,1611
1788161820000000000,2002.50,2003.50,2002.40,2003.50,848
1788161880000000000,2003.30,2003.50,2003.00,2003.40,822
1788161940000000000,2003.40,2003.40,2003.00,2003.20,197
1788162000000000000,2003.20,2003.30,2003.00,2003.20,1035
1788162060000000000,2003.30,2004.40,2002.70,2003.60,2662
1788162120000000000,2003.60,2003.60,2002.90,2002.90,123
1788162180000000000,2003.20,2003.40,2002.90,2003.00,509
1788162240000000000,2003.40,2004.00,2003.00,2003.40,485
1788162300000000000,2003.70,2003.70,2002.80,2003.70,1058
1788162360000000000,2003.70,2003.70,2003.00,2003.60,499
1788162420000000000,2003.50,2003.60,2003.10,2003.50,604
1788162480000000000,2003.50,2003.90,2003.10,2003.90,813
1788162540000000000,2003.90,2004.40,2003.70,2004.40,753
1788162600000000000,2004.10,2004.10,2003.40,2004.10,498
1788162660000000000,2004.10,2004.90,2003.60,2004.90,567
1788162720000000000,2004.90,2004.90,2004.10,2004.60,766
1788162780000000000,2004.60,2006.10,2004.00,2004.10,7154
1788162840000000000,2004.70,2005.60,2004.40,2005.00,1621
1788162900000000000,2005.00,2005.00,2004.00,2004.60,977
1788162960000000000,2004.60,2005.00,2003.40,2004.90,1345
1788163020000000000,2004.90,2005.00,2004.10,2005.00,1226
1788163080000000000,2005.00,2005.90,2004.70,2005.40,1129
1788163140000000000,2005.40,2005.70,2004.40,2004.60,470
1788163200000000000,2005.30,2005.60,2004.30,2005.60,780
1788163260000000000,2005.60,2005.60,2003.00,2003.10,1892
1788163320000000000,2004.00,2004.80,2003.20,2004.80,1280
1788163380000000000,2004.50,2004.60,2003.30,2004.30,595
1788163440000000000,2004.30,2004.30,2003.10,2003.30,458
1788163500000000000,2004.10,2004.80,2003.00,2003.80,1819
1788163560000000000,2003.70,2004.80,2003.10,2004.20,837
1788163620000000000,2004.20,2004.20,2003.50,2004.10,1026
1788163680000000000,2004.10,2005.30,2004.00,2005.00,950
1788163740000000000,2005.00,2005.10,2003.50,2004.70,1690
1788163800000000000,2004.70,2004.70,2003.40,2003.70,718
1788163860000000000,2004.30,2005.10,2004.00,2004.80,864
1788163920000000000,2004.90,2005.50,2004.40,2005.40,1360
1788163980000000000,2005.40,2006.00,2004.80,2005.90,1229
1788164040000000000,2005.80,2005.90,2004.80,2004.90,1780
1788164100000000000,2005.70,2005.70,2004.90,2005.60,170
1788164160000000000,2005.50,2005.50,2004.90,2005.20,366
1788164220000000000,2005.30,2005.30,2004.80,2005.00,104
1788164280000000000,2005.00,2005.50,2004.80,2005.30,930
1788164340000000000,2005.30,2005.30,2005.20,2005.20,394
1788164400000000000,2005.30,2005.30,2005.20,2005.20,514
1788164460000000000,2005.30,2005.90,2004.80,2004.80,1353
1788164520000000000,2005.00,2005.80,2004.80,2005.30,614
1788164580000000000,2005.50,2005.80,2005.00,2005.50,975
1788164640000000000,2005.30,2006.60,2005.00,2006.30,2157
1788164700000000000,2006.00,2006.30,2005.20,2005.50,1127
1788164760000000000,2005.50,2005.50,2005.00,2005.10,1111
1788164820000000000,2005.10,2005.10,2004.20,2005.10,682
1788164880000000000,2005.00,2005.10,2004.30,2005.00,962
1788164940000000000,2004.90,2004.90,2001.10,2003.20,3148
1788165000000000000,2003.10,2004.00,2001.40,2003.00,1359
1788165060000000000,2003.40,2003.40,2001.90,2002.00,514
1788165120000000000,2002.60,2002.60,2001.30,2002.40,634
1788165180000000000,2002.40,2002.40,2001.30,2001.30,1131
1788165240000000000,2001.30,2001.50,2000.30,2000.50,1464
1788165300000000000,2000.90,2000.90,2000.50,2000.80,643
1788165360000000000,2000.80,2000.80,2000.00,2000.50,1353
1788165420000000000,2000.70,2002.80,2000.60,2002.20,1639
1788165480000000000,2002.10,2002.20,2001.20,2002.10,1572
1788165540000000000,2002.10,2002.20,2001.10,2001.70,486
1788165600000000000,2001.90,2003.00,2001.00,2001.40,660
1788165660000000000,2001.90,2002.00,2001.10,2001.20,150
1788165720000000000,2001.80,2001.80,2001.00,2001.50,525
1788165780000000000,2001.50,2001.50,2001.00,2001.00,263
1788165840000000000,2001.40,2001.40,2000.10,2000.40,4603
1788165900000000000,2000.90,2001.90,2000.80,2001.40,1030
1788165960000000000,2001.40,2001.50,2000.80,2001.50,672
1788166020000000000,2001.50,2002.90,2001.40,2002.20,1216
1788166080000000000,2002.20,2002.60,2001.40,2001.90,1384
1788166140000000000,2002.50,2002.80,2001.80,2002.70,697
1788166200000000000,2002.80,2003.20,2002.10,2003.10,1150
1788166260000000000,2003.10,2003.50,2002.20,2003.40,768
1788166320000000000,2003.40,2003.40,2003.00,2003.40,1197
1788166380000000000,2003.40,2003.40,2002.50,2003.40,1164
1788166440000000000,2003.40,2003.40,2002.00,2002.00,1872
1788166500000000000,2002.00,2002.70,2000.10,2000.80,2235
1788166560000000000,2000.80,2001.70,2000.10,2001.50,1900
1788166620000000000,2001.50,2001.70,2000.70,2001.40,211
1788166680000000000,2001.40,2002.30,2000.70,2001.90,1094
1788166740000000000,2001.90,2002.00,2000.80,2001.40,747
1788166800000000000,2001.40,2001.80,2000.80,2001.70,583
1788166860000000000,2001.70,2003.50,2001.10,2003.50,8596
1788166920000000000,2003.00,2003.00,2001.80,2002.60,1355
1788166980000000000,2002.60,2002.60,2001.30,2001.60,503
1788167040000000000,2001.60,2001.80,2001.00,2001.70,442
1788167100000000000,2001.60,2001.70,2000.80,2001.40,855
1788167160000000000,2001.40,2001.60,2000.70,2001.40,1296
1788167220000000000,2001.60,2002.00,2001.00,2002.00,1196
1788167280000000000,2002.00,2002.00,2001.00,2001.80,954
1788167340000000000,2001.80,2002.00,2001.20,2002.00,913
1788167400000000000,2001.30,2002.90,2001.30,2002.60,2292
1788167460000000000,2002.60,2002.60,2002.00,2002.30,958
1788167520000000000,2002.30,2002.90,2002.00,2002.80,881
1788167580000000000,2002.70,2002.80,2001.30,2002.20,885
1788167640000000000,2002.20,2002.70,2001.00,2002.70,1485
1788167700000000000,2002.40,2003.90,2001.60,2003.90,3476
1788167760000000000,2003.80,2005.70,2003.20,2005.70,4429
1788167820000000000,2005.40,2005.40,2003.10,2003.50,1084
1788167880000000000,2003.10,2004.60,2002.40,2002.50,1899
1788167940000000000,2002.80,2004.90,2002.40,2004.60,3238
1788168000000000000,2004.20,2004.20,2002.50,2003.30,1833
1788168060000000000,2002.90,2003.60,2001.30,2001.90,6649
1788168120000000000,2001.70,2001.90,2001.00,2001.10,3807
1788168180000000000,2001.40,2003.30,2001.30,2003.30,3908
1788168240000000000,2002.70,2003.40,2002.10,2002.80,2278
1788168300000000000,2002.50,2003.10,2002.00,2002.80,808
1788168360000000000,2002.50,2002.80,2001.20,2001.90,2087
1788168420000000000,2001.70,2002.50,2001.40,2001.80,2386
1788168480000000000,2001.70,2002.50,2001.30,2001.30,2008
1788168540000000000,2001.60,2001.90,2001.30,2001.30,1775
1788168600000000000,2001.30,2005.00,2000.50,2004.00,8990
1788168660000000000,2004.00,2006.90,2004.00,2006.70,7143
1788168720000000000,2006.10,2006.80,2005.20,2005.90,5696
1788168780000000000,2005.80,2006.30,2004.80,2005.30,4015
1788168840000000000,2005.00,2006.50,2004.80,2006.50,4858
1788168900000000000,2005.70,2007.00,2004.50,2006.50,6489
1788168960000000000,2006.00,2007.00,2006.00,2007.00,4641
1788169020000000000,2006.10,2006.90,2005.20,2006.20,3377
1788169080000000000,2005.80,2006.90,2004.00,2004.90,5985
1788169140000000000,2004.40,2006.00,2004.20,2006.00,15401
1788169200000000000,2005.30,2006.10,2004.30,2004.90,7953
1788169260000000000,2004.90,2007.30,2004.90,2006.30,5485
1788169320000000000,2006.30,2008.60,2004.50,2005.30,8431
1788169380000000000,2005.00,2006.70,2004.70,2005.10,2987
1788169440000000000,2005.00,2008.30,2004.10,2007.20,2783
1788169500000000000,2007.20,2007.20,2007.20,2007.20,0
1788169560000000000,2007.20,2007.20,2007.20,2007.20,0
1788169620000000000,2007.20,2007.20,2007.20,2007.20,0
1788169680000000000,2007.20,2007.20,2007.20,2007.20,0
1788169740000000000,2007.20,2007.20,2007.20,2007.20,0
1788169800000000000,2007.20,2007.20,2007.20,2007.20,0
1788169860000000000,2007.20,2007.20,2007.20,2007.20,0
1788169920000000000,2007.20,2007.20,2007.20,2007.20,0
1788169980000000000,2007.20,2007.20,2007.20,2007.20,0
1788170040000000000,2007.20,2007.20,2007.20,2007.20,0
1788170100000000000,2007.20,2007.20,2007.20,2007.20,0
1788170160000000000,2007.20,2007.20,2007.20,2007.20,0
1788170220000000000,2007.20,2007.20,2007.20,2007.20,0
1788170280000000000,2007.20,2007.20,2007.20,2007.20,0
1788170340000000000,1967.40,1967.40,1967.40,1967.40,937758
1788234300000000000,1987.00,2003.00,1983.40,1997.90,41860
1788234360000000000,1998.90,2002.60,1997.10,1998.60,12399
1788234420000000000,1998.60,2000.40,1996.30,1997.60,10918
1788234480000000000,1997.60,1998.90,1994.00,1994.70,5448
1788234540000000000,1994.70,1994.70,1990.90,1990.90,3686
1788234600000000000,1990.80,1990.80,1988.00,1989.00,3336
1788234660000000000,1989.00,1990.90,1988.00,1989.90,6037
1788234720000000000,1989.90,1991.20,1989.00,1989.00,1965
1788234780000000000,1989.30,1990.30,1988.20,1988.90,3456
1788234840000000000,1988.80,1989.60,1984.80,1988.90,18965
1788234900000000000,1988.90,1989.00,1987.30,1987.90,2283
1788234960000000000,1988.50,1989.90,1988.20,1989.70,701
1788235020000000000,1989.70,1989.70,1987.50,1987.80,2579
1788235080000000000,1987.80,1989.10,1987.50,1988.70,2057
1788235140000000000,1989.00,1989.90,1988.40,1989.90,1288
1788235200000000000,1989.90,1992.00,1989.10,1990.80,1530
1788235260000000000,1990.80,1991.50,1990.10,1991.50,2404
1788235320000000000,1991.50,1991.50,1990.00,1990.20,1937
1788235380000000000,1990.10,1990.10,1986.40,1987.40,6019
1788235440000000000,1987.40,1987.40,1986.30,1986.50,1125
1788235500000000000,1987.20,1988.00,1985.80,1986.90,3693
1788235560000000000,1986.70,1986.70,1984.00,1984.40,4476
1788235620000000000,1984.40,1984.40,1983.10,1983.80,2525
1788235680000000000,1983.80,1983.90,1982.20,1983.80,4070
1788235740000000000,1983.40,1985.00,1983.00,1984.40,3281
1788235800000000000,1984.40,1984.50,1983.50,1983.60,1436
1788235860000000000,1983.50,1983.50,1982.50,1983.50,1804
1788235920000000000,1983.50,1984.10,1983.20,1983.90,1401
1788235980000000000,1983.90,1984.20,1983.40,1983.40,1502
1788236040000000000,1983.60,1983.70,1982.20,1982.80,2535
1788236100000000000,1982.80,1983.60,1982.20,1983.50,1319
1788236160000000000,1983.50,1984.30,1983.00,1983.50,730
1788236220000000000,1983.90,1984.10,1983.60,1983.90,617
1788236280000000000,1983.90,1984.90,1983.70,1984.90,689
1788236340000000000,1984.90,1985.00,1984.30,1984.90,1212
1788236400000000000,1984.60,1984.60,1983.20,1983.80,586
1788236460000000000,1983.80,1983.80,1983.10,1983.30,816
1788236520000000000,1983.20,1983.30,1982.20,1983.00,3023
1788236580000000000,1983.00,1983.00,1981.70,1981.90,1980
1788236640000000000,1981.90,1982.70,1981.40,1981.90,800
1788236700000000000,1981.90,1982.00,1981.50,1982.00,971
1788236760000000000,1982.00,1983.30,1981.00,1981.40,4430
1788236820000000000,1981.40,1982.70,1981.00,1982.20,1238
1788236880000000000,1982.00,1982.70,1981.50,1982.30,451
1788236940000000000,1982.30,1982.30,1981.80,1982.00,604
1788237000000000000,1982.00,1982.30,1981.80,1982.30,1469
1788237060000000000,1982.30,1983.00,1981.80,1982.10,1424
1788237120000000000,1982.10,1982.10,1981.10,1981.10,1680
1788237180000000000,1981.40,1982.30,1981.00,1982.00,2816
1788237240000000000,1982.00,1982.10,1981.20,1982.10,1155
1788237300000000000,1982.10,1982.10,1981.30,1981.30,1033
1788237360000000000,1981.80,1981.80,1980.10,1980.90,2486
1788237420000000000,1980.90,1981.60,1980.40,1980.70,904
1788237480000000000,1980.70,1980.90,1980.00,1980.30,2044
1788237540000000000,1980.90,1981.50,1980.20,1980.30,808
1788237600000000000,1980.30,1981.00,1980.20,1981.00,1582
1788237660000000000,1981.00,1981.70,1980.50,1981.70,1045
1788237720000000000,1981.60,1981.90,1980.50,1981.60,1073
1788237780000000000,1981.60,1982.30,1981.10,1982.30,1334
1788237840000000000,1982.30,1982.30,1982.00,1982.00,302
1788237900000000000,1981.90,1982.50,1981.70,1982.50,1516
1788237960000000000,1982.50,1983.00,1981.10,1981.10,2302
1788238020000000000,1981.10,1982.00,1981.00,1981.40,826
1788238080000000000,1981.40,1981.60,1980.70,1981.00,2018
1788238140000000000,1981.00,1981.50,1980.60,1981.40,1111
1788238200000000000,1981.40,1982.70,1980.70,1981.20,1446
1788238260000000000,1981.60,1982.80,1981.60,1982.00,885
1788238320000000000,1982.60,1983.90,1982.50,1983.10,1867
1788238380000000000,1983.10,1984.60,1983.00,1984.50,872
1788238440000000000,1984.50,1984.50,1983.00,1984.50,2177
1788238500000000000,1984.50,1985.00,1983.70,1984.40,1498
1788238560000000000,1984.90,1984.90,1983.10,1983.10,2090
1788238620000000000,1983.00,1986.00,1983.00,1985.80,9288
1788238680000000000,1985.80,1986.70,1985.80,1986.30,1579
1788238740000000000,1986.30,1986.30,1985.00,1985.40,571
1788238800000000000,1985.40,1986.30,1984.70,1984.90,1191
1788238860000000000,1984.90,1985.60,1984.70,1985.60,647
1788238920000000000,1985.50,1986.30,1984.90,1985.60,1468
1788238980000000000,1986.30,1987.60,1985.20,1987.50,2335
1788239040000000000,1987.50,1988.00,1986.30,1986.60,1760
1788239100000000000,1987.40,1987.40,1985.10,1986.70,3992
1788239160000000000,1986.40,1987.80,1985.80,1986.20,2347
1788239220000000000,1986.80,1987.30,1985.00,1985.90,4016
1788239280000000000,1986.00,1986.60,1986.00,1986.00,1313
1788239340000000000,1986.10,1986.10,1985.10,1985.80,4454
1788239400000000000,1985.70,1986.30,1985.00,1985.70,733
1788239460000000000,1985.50,1986.10,1985.00,1985.30,1187
1788239520000000000,1986.10,1986.20,1985.00,1985.00,394
1788239580000000000,1985.50,1988.50,1985.00,1987.50,3572
1788239640000000000,1987.60,1988.10,1987.00,1987.80,891
1788239700000000000,1987.80,1988.20,1987.30,1988.20,1519
1788239760000000000,1988.20,1988.70,1987.20,1988.50,3027
1788239820000000000,1988.50,1988.50,1987.80,1988.30,546
1788239880000000000,1988.30,1988.50,1987.60,1987.60,1138
1788239940000000000,1988.40,1988.40,1987.30,1988.30,650
1788240000000000000,1988.30,1990.00,1987.80,1989.10,4473
1788240060000000000,1989.10,1989.10,1988.30,1988.90,689
1788240120000000000,1988.90,1991.90,1988.30,1991.50,7339
1788240180000000000,1991.50,1991.50,1990.00,1990.80,2847
1788240240000000000,1990.80,1991.40,1990.00,1991.30,1596
1788240300000000000,1991.20,1993.50,1989.70,1992.00,19443
1788240360000000000,1991.90,1992.40,1991.00,1992.30,1237
1788240420000000000,1992.30,1994.50,1991.60,1993.80,3747
1788240480000000000,1993.80,1994.00,1993.10,1993.40,1084
1788240540000000000,1993.80,1995.40,1993.10,1995.30,5696
1788240600000000000,1995.30,1996.00,1994.70,1995.00,2272
1788240660000000000,1995.20,1995.50,1993.80,1995.10,2865
1788240720000000000,1995.10,1995.10,1993.10,1994.00,1647
1788240780000000000,1994.00,1994.00,1993.00,1993.00,334
1788240840000000000,1993.30,1993.30,1992.00,1993.20,1114
1788240900000000000,1993.20,1993.20,1992.20,1993.20,556
1788240960000000000,1993.20,1993.80,1993.00,1993.60,865
1788241020000000000,1993.60,1993.60,1992.90,1993.00,1842
1788241080000000000,1993.00,1993.80,1992.90,1993.80,2103
1788241140000000000,1993.80,1994.00,1993.40,1994.00,952
1788241200000000000,1994.00,1994.00,1993.00,1993.70,770
1788241260000000000,1993.70,1994.70,1991.50,1992.70,2407
1788241320000000000,1992.40,1992.70,1990.80,1992.70,4062
1788241380000000000,1992.70,1992.70,1991.50,1992.00,1566
1788241440000000000,1992.00,1992.40,1991.00,1992.40,1120
1788241500000000000,1992.40,1993.00,1990.80,1991.60,1850
1788241560000000000,1992.00,1992.40,1991.60,1991.70,1152
1788241620000000000,1991.70,1991.70,1991.00,1991.50,240
1788241680000000000,1991.50,1991.80,1991.00,1991.80,1267
1788241740000000000,1991.80,1992.50,1991.50,1992.40,609
1788241800000000000,1992.40,1992.40,1991.60,1991.80,642
1788241860000000000,1991.80,1992.20,1991.60,1991.80,650
1788241920000000000,1991.80,1992.00,1991.60,1991.70,865
1788241980000000000,1991.70,1992.00,1991.60,1991.90,593
1788242040000000000,1991.90,1991.90,1991.00,1991.30,1585
1788242100000000000,1991.30,1991.80,1991.10,1991.30,392
1788242160000000000,1991.30,1992.80,1991.30,1992.20,1975
1788242220000000000,1992.20,1992.50,1991.70,1992.50,948
1788242280000000000,1992.50,1992.50,1991.50,1992.40,334
1788242340000000000,1992.40,1992.40,1991.70,1992.40,1583
1788242400000000000,1992.40,1993.40,1992.20,1993.00,1632
1788242460000000000,1993.00,1993.00,1991.10,1992.20,1995
1788242520000000000,1992.20,1992.20,1991.00,1991.50,1268
1788242580000000000,1991.50,1992.00,1990.10,1991.70,3294
1788242640000000000,1991.70,1993.10,1991.20,1992.30,3103
1788242700000000000,1992.30,1992.90,1991.00,1992.50,2287
1788242760000000000,1992.40,1992.60,1991.10,1991.90,1995
1788242820000000000,1991.80,1992.30,1990.80,1991.10,1978
1788242880000000000,1991.10,1992.00,1990.70,1991.60,1707
1788242940000000000,1991.70,1991.80,1990.20,1990.80,1417
1788243000000000000,1990.80,1991.10,1990.10,1990.80,2496
1788243060000000000,1990.80,1991.10,1990.10,1990.20,1259
1788243120000000000,1990.20,1990.70,1986.40,1987.00,33300
1788243180000000000,1987.90,1988.60,1987.20,1988.30,2375
1788243240000000000,1988.30,1990.00,1987.30,1989.50,5686
1788243300000000000,1989.50,1990.60,1989.20,1990.60,754
1788243360000000000,1990.60,1992.40,1990.20,1991.60,1331
1788243420000000000,1991.60,1991.60,1990.60,1991.10,762
1788243480000000000,1991.10,1991.10,1990.90,1990.90,103
1788243540000000000,1991.00,1991.00,1990.30,1991.00,591
1788243600000000000,1991.00,1991.00,1989.70,1989.70,358
1788243660000000000,1990.50,1990.50,1989.90,1989.90,865
1788243720000000000,1990.00,1990.00,1989.70,1989.90,150
1788243780000000000,1989.90,1989.90,1988.20,1989.00,484
1788243840000000000,1989.00,1989.00,1988.40,1988.90,343
1788243900000000000,1988.90,1988.90,1988.50,1988.50,776
1788243960000000000,1988.90,1988.90,1988.20,1988.70,315
1788244020000000000,1988.60,1988.90,1988.20,1988.90,531
1788244080000000000,1988.90,1988.90,1988.00,1988.60,397
1788244140000000000,1988.60,1988.90,1988.00,1988.90,1814
1788244200000000000,1988.90,1989.90,1988.90,1989.70,1951
1788244260000000000,1989.60,1989.70,1988.90,1988.90,258
1788244320000000000,1989.30,1989.50,1988.60,1989.00,101
1788244380000000000,1989.30,1990.80,1989.00,1990.40,1753
1788244440000000000,1990.80,1991.00,1990.40,1991.00,566
1788244500000000000,1991.00,1992.80,1990.90,1991.70,1224
1788244560000000000,1991.70,1992.40,1991.20,1991.60,1559
1788244620000000000,1991.40,1991.60,1991.00,1991.50,278
1788244680000000000,1991.50,1991.50,1991.30,1991.40,237
1788244740000000000,1991.40,1992.90,1991.30,1992.70,1503
1788244800000000000,1992.80,1992.80,1992.00,1992.00,299
1788244860000000000,1992.10,1992.10,1991.30,1991.30,202
1788244920000000000,1992.00,1992.00,1991.30,1992.00,211
1788244980000000000,1992.00,1993.80,1990.70,1991.90,22659
1788245040000000000,1991.90,1993.30,1989.90,1992.60,14291
1788245100000000000,1993.20,1994.00,1992.90,1993.00,1400
1788245160000000000,1993.20,1993.70,1993.00,1993.00,267
1788245220000000000,1993.50,1993.50,1992.50,1993.10,494
1788245280000000000,1993.00,1993.00,1992.50,1992.50,307
1788245340000000000,1992.80,1992.80,1992.00,1992.60,286
1788245400000000000,1992.60,1992.60,1991.70,1991.70,193
1788245460000000000,1992.40,1992.40,1991.40,1991.80,163
1788245520000000000,1991.80,1992.70,1991.70,1992.50,1001
1788245580000000000,1992.50,1992.50,1991.40,1991.60,383
1788245640000000000,1992.00,1992.00,1991.60,1991.80,270
1788245700000000000,1991.80,1992.10,1991.30,1992.00,478
1788245760000000000,1992.10,1992.50,1992.00,1992.30,285
1788245820000000000,1992.30,1992.30,1991.30,1992.00,91
1788245880000000000,1992.00,1992.00,1991.40,1991.40,443
1788245940000000000,1991.70,1992.60,1991.40,1991.70,2694
1788246000000000000,1991.70,1991.70,1991.10,1991.30,214
1788246060000000000,1991.30,1992.30,1991.10,1991.10,970
1788246120000000000,1991.70,1991.70,1991.10,1991.70,199
1788246180000000000,1991.50,1991.70,1991.10,1991.30,503
1788246240000000000,1991.30,1991.30,1990.40,1991.10,679
1788246300000000000,1991.20,1991.20,1991.00,1991.20,1914
1788246360000000000,1991.20,1991.20,1990.60,1991.20,209
1788246420000000000,1991.20,1991.20,1991.10,1991.20,316
1788246480000000000,1991.20,1991.90,1991.10,1991.90,2332
1788246540000000000,1991.30,1992.30,1991.20,1991.50,1860
1788246600000000000,1992.00,1993.00,1991.10,1991.30,5433
1788246660000000000,1991.70,1991.90,1991.10,1991.40,811
1788246720000000000,1991.40,1991.80,1991.10,1991.10,403
1788246780000000000,1991.80,1991.80,1991.70,1991.80,121
1788246840000000000,1991.80,1991.80,1990.50,1990.90,789
1788246900000000000,1990.90,1991.00,1990.10,1990.70,351
1788246960000000000,1990.70,1990.70,1990.00,1990.00,417
1788247020000000000,1990.40,1990.70,1990.00,1990.70,308
1788247080000000000,1990.70,1990.80,1990.20,1990.20,350
1788247140000000000,1990.80,1990.80,1990.10,1990.60,954
1788247200000000000,1990.60,1990.60,1989.60,1989.60,1261
1788247260000000000,1989.70,1989.70,1988.20,1988.60,1046
1788247320000000000,1989.30,1989.80,1988.80,1989.80,864
1788247380000000000,1989.80,1989.80,1988.30,1988.30,485
1788247440000000000,1989.10,1989.80,1988.70,1988.90,991
1788247500000000000,1989.30,1989.30,1988.40,1989.00,123
1788247560000000000,1989.20,1989.20,1988.30,1989.10,187
1788247620000000000,1989.10,1989.10,1989.00,1989.00,172
1788247680000000000,1989.10,1990.70,1989.10,1990.00,1900
1788247740000000000,1990.60,1990.60,1990.00,1990.00,386
1788247800000000000,1990.30,1990.30,1990.00,1990.00,829
1788247860000000000,1990.20,1990.30,1989.30,1990.00,21865
1788247920000000000,1990.40,1990.40,1990.00,1990.00,1276
1788247980000000000,1990.20,1990.20,1990.00,1990.20,911
1788248040000000000,1990.20,1990.20,1987.60,1988.50,19170
1788248100000000000,1988.90,1989.30,1988.20,1989.30,704
1788248160000000000,1989.40,1989.70,1988.10,1989.70,2804
1788248220000000000,1989.60,1990.10,1989.60,1990.10,4237
1788248280000000000,1990.10,1990.10,1990.00,1990.00,757
1788248340000000000,1990.10,1990.10,1990.00,1990.00,2008
1788248400000000000,1990.10,1990.10,1989.50,1989.50,5712
1788248460000000000,1989.80,1989.80,1989.00,1989.00,11565
1788248520000000000,1989.10,1989.10,1989.00,1989.00,912
1788248580000000000,1989.10,1989.10,1988.50,1988.50,13375
1788248640000000000,1988.60,1989.00,1988.00,1988.00,3726
1788248700000000000,1988.10,1989.10,1988.00,1988.30,1139
1788248760000000000,1988.90,1988.90,1988.30,1988.90,777
1788248820000000000,1988.90,1989.30,1988.50,1989.20,1092
1788248880000000000,1989.20,1989.20,1989.00,1989.20,269
1788248940000000000,1989.20,1991.10,1989.20,1990.50,1536
1788249000000000000,1991.10,1991.60,1990.50,1991.60,1180
1788249060000000000,1991.90,1992.80,1991.50,1992.80,454
1788249120000000000,1992.80,1992.90,1992.00,1992.50,451
1788249180000000000,1992.50,1992.90,1992.50,1992.50,435
1788249240000000000,1992.70,1992.70,1992.50,1992.50,666
1788249300000000000,1992.70,1992.70,1992.50,1992.70,205
1788249360000000000,1992.70,1992.70,1992.00,1992.00,836
1788249420000000000,1992.30,1992.30,1992.00,1992.30,519
1788249480000000000,1992.20,1992.30,1991.20,1991.20,531
1788249540000000000,1991.90,1991.90,1990.10,1990.10,488
1788249600000000000,1991.20,1991.40,1990.70,1990.70,306
1788249660000000000,1991.00,1991.50,1990.70,1991.30,1318
1788249720000000000,1991.50,1991.50,1991.20,1991.50,578
1788249780000000000,1991.50,1991.90,1991.30,1991.90,1481
1788249840000000000,1991.90,1991.90,1991.50,1991.90,115
1788249900000000000,1991.90,1992.00,1991.30,1992.00,477
1788249960000000000,1992.00,1992.00,1991.30,1991.60,259
1788250020000000000,1991.60,1991.60,1990.30,1990.50,748
1788250080000000000,1990.70,1990.70,1990.00,1990.00,986
1788250140000000000,1990.60,1992.00,1990.00,1990.50,3079
1788250200000000000,1990.50,1990.60,1990.00,1990.00,315
1788250260000000000,1990.50,1990.50,1990.00,1990.00,907
1788250320000000000,1990.40,1990.40,1990.00,1990.40,285
1788250380000000000,1990.40,1990.40,1990.00,1990.10,320
1788250440000000000,1990.40,1991.00,1990.10,1991.00,1926
1788250500000000000,1991.00,1991.10,1990.20,1991.10,778
1788250560000000000,1991.10,1991.10,1990.20,1990.70,242
1788250620000000000,1990.70,1990.70,1990.00,1990.50,598
1788250680000000000,1990.50,1990.60,1990.00,1990.60,590
1788250740000000000,1990.60,1990.60,1990.00,1990.60,448
1788250800000000000,1990.60,1990.60,1987.00,1987.20,9371
1788250860000000000,1987.50,1988.90,1986.60,1986.60,3344
1788250920000000000,1987.50,1990.00,1987.00,1988.40,29005
1788250980000000000,1988.40,1988.40,1987.40,1987.40,526
1788251040000000000,1987.80,1987.80,1987.00,1987.00,836
1788251100000000000,1987.40,1987.40,1986.70,1987.10,1441
1788251160000000000,1987.30,1988.50,1987.30,1988.30,1386
1788251220000000000,1989.00,1989.00,1988.20,1988.90,1007
1788251280000000000,1989.50,1989.50,1988.90,1989.00,303
1788251340000000000,1989.00,1989.90,1988.90,1989.10,430
1788251400000000000,1989.50,1989.50,1988.90,1989.00,607
1788251460000000000,1989.10,1989.10,1988.90,1989.00,301
1788251520000000000,1989.00,1989.00,1988.10,1988.70,293
1788251580000000000,1988.70,1988.70,1988.00,1988.00,155
1788251640000000000,1988.10,1988.50,1987.70,1988.10,1807
1788251700000000000,1988.00,1988.00,1987.60,1987.90,441
1788251760000000000,1988.00,1988.00,1987.40,1987.60,961
1788251820000000000,1988.00,1988.90,1987.40,1988.90,1147
1788251880000000000,1988.60,1988.70,1987.80,1987.90,258
1788251940000000000,1987.90,1987.90,1987.10,1987.20,282
1788252000000000000,1987.20,1987.50,1986.80,1987.50,751
1788252060000000000,1987.50,1988.50,1986.90,1987.70,1745
1788252120000000000,1988.30,1988.30,1987.40,1987.90,124
1788252180000000000,1987.90,1987.90,1987.30,1987.30,564
1788252240000000000,1987.60,1987.60,1987.00,1987.60,1242
1788252300000000000,1987.60,1987.60,1987.00,1987.00,316
1788252360000000000,1987.40,1987.40,1987.00,1987.00,194
1788252420000000000,1987.40,1987.50,1986.60,1986.60,1793
1788252480000000000,1987.00,1987.00,1986.50,1986.90,309
1788252540000000000,1986.90,1987.20,1986.50,1987.10,811
1788252600000000000,1987.10,1987.10,1986.50,1986.80,161
1788252660000000000,1986.80,1986.90,1986.00,1986.50,612
1788252720000000000,1986.80,1986.90,1986.00,1986.10,1423
1788252780000000000,1986.10,1986.10,1983.80,1984.70,10336
1788252840000000000,1984.70,1986.00,1983.90,1985.90,3268
1788252900000000000,1986.00,1986.50,1985.00,1986.20,1135
1788252960000000000,1986.00,1986.10,1985.10,1985.50,309
1788253020000000000,1985.80,1985.80,1985.00,1985.70,448
1788253080000000000,1985.70,1985.80,1984.90,1985.40,1970
1788253140000000000,1985.70,1987.00,1985.50,1986.60,1707
1788253200000000000,1986.60,1987.00,1986.50,1986.90,500
1788253260000000000,1986.80,1986.80,1984.60,1985.60,4188
1788253320000000000,1986.00,1986.70,1985.50,1986.00,433
1788253380000000000,1986.10,1986.30,1985.20,1985.80,728
1788253440000000000,1985.90,1987.70,1985.30,1987.20,3699
1788253500000000000,1987.20,1988.30,1987.10,1988.00,3994
1788253560000000000,1988.00,1988.00,1987.10,1987.10,720
1788253620000000000,1987.20,1987.20,1985.40,1985.70,430
1788253680000000000,1986.30,1986.30,1985.50,1986.00,565
1788253740000000000,1986.00,1986.30,1985.50,1986.00,1295
1788253800000000000,1986.00,1986.10,1985.50,1985.50,1641
1788253860000000000,1985.80,1985.80,1985.50,1985.70,905
1788253920000000000,1985.70,1985.70,1985.50,1985.60,1189
1788253980000000000,1985.60,1985.60,1985.50,1985.60,1277
1788254040000000000,1985.60,1985.60,1983.40,1984.50,6589
1788254100000000000,1984.50,1985.50,1983.90,1984.80,2158
1788254160000000000,1985.40,1985.60,1984.40,1984.60,2315
1788254220000000000,1984.80,1985.20,1984.10,1984.70,1226
1788254280000000000,1985.30,1985.30,1983.80,1984.60,4490
1788254340000000000,1984.80,1986.50,1984.50,1985.30,7960
1788254400000000000,1985.20,1991.50,1984.90,1986.10,24546
1788254460000000000,1986.40,1986.40,1985.70,1986.20,1880
1788254520000000000,1986.20,1986.30,1985.10,1985.60,1738
1788254580000000000,1985.60,1985.60,1984.60,1985.20,2406
1788254640000000000,1985.20,1985.50,1984.80,1985.40,1360
1788254700000000000,1985.40,1986.30,1985.10,1985.50,1902
1788254760000000000,1986.10,1986.30,1985.50,1985.90,1240
1788254820000000000,1985.90,1985.90,1984.70,1984.70,1243
1788254880000000000,1984.70,1985.90,1984.60,1984.80,4178
1788254940000000000,1985.00,1985.10,1984.80,1984.90,1004
1788255000000000000,1984.90,1984.90,1984.50,1984.60,1771
1788255060000000000,1984.60,1985.60,1984.50,1984.60,3910
1788255120000000000,1984.80,1985.10,1984.20,1984.70,1201
1788255180000000000,1984.70,1984.70,1984.00,1984.00,2622
1788255240000000000,1984.10,1984.40,1983.00,1983.80,4372
1788255300000000000,1983.80,1984.60,1982.90,1984.00,6326
1788255360000000000,1984.10,1984.10,1982.30,1983.10,6065
1788255420000000000,1983.10,1983.10,1982.50,1982.60,1798
1788255480000000000,1982.60,1983.30,1982.50,1983.20,3215
1788255540000000000,1983.30,1983.40,1983.20,1983.40,2919
1788255600000000000,1983.40,1984.60,1983.20,1984.60,3795
1788255660000000000,1984.60,1986.00,1984.50,1985.60,5987
1788255720000000000,1985.60,1986.90,1985.00,1985.00,9750
1788255780000000000,1985.40,1986.30,1985.00,1986.10,5751
1788255840000000000,1986.10,1989.00,1985.00,1985.40,4187
1788255900000000000,1985.40,1985.40,1985.40,1985.40,0
1788255960000000000,1985.40,1985.40,1985.40,1985.40,0
1788256020000000000,1985.40,1985.40,1985.40,1985.40,0
1788256080000000000,1985.40,1985.40,1985.40,1985.40,0
1788256140000000000,1985.40,1985.40,1985.40,1985.40,0
1788256200000000000,1985.40,1985.40,1985.40,1985.40,0
1788256260000000000,1985.40,1985.40,1985.40,1985.40,0
1788256320000000000,1985.40,1985.40,1985.40,1985.40,0
1788256380000000000,1985.40,1985.40,1985.40,1985.40,0
1788256440000000000,1985.40,1985.40,1985.40,1985.40,0
1788256500000000000,1985.40,1985.40,1985.40,1985.40,0
1788256560000000000,1985.40,1985.40,1985.40,1985.40,0
1788256620000000000,1985.40,1985.40,1985.40,1985.40,0
1788256680000000000,1985.40,1985.40,1985.40,1985.40,0
1788256740000000000,1994.80,1994.80,1994.80,1994.80,62213
1788320700000000000,1983.00,1983.80,1973.60,1974.50,16299
1788320760000000000,1974.50,1977.50,1972.30,1973.50,6123
1788320820000000000,1973.30,1973.50,1969.00,1971.80,9543
1788320880000000000,1971.40,1975.00,1970.60,1974.60,6081
1788320940000000000,1976.10,1976.30,1972.60,1973.30,4377
1788321000000000000,1973.30,1976.00,1972.20,1976.00,10553
1788321060000000000,1975.80,1976.00,1974.70,1975.70,2711
1788321120000000000,1975.80,1977.00,1975.30,1976.10,3078
1788321180000000000,1975.70,1976.10,1973.40,1974.00,4745
1788321240000000000,1974.00,1974.80,1971.30,1974.30,4789
1788321300000000000,1974.80,1975.80,1974.30,1975.80,3306
1788321360000000000,1975.80,1976.00,1975.00,1975.80,3089
1788321420000000000,1976.00,1977.50,1975.80,1977.10,11712
1788321480000000000,1977.10,1977.70,1976.40,1976.40,3358
1788321540000000000,1976.40,1976.40,1975.40,1976.30,1531
1788321600000000000,1976.20,1976.40,1975.80,1976.20,4835
1788321660000000000,1976.20,1977.00,1975.00,1976.50,3775
1788321720000000000,1976.50,1976.50,1975.50,1976.50,2727
1788321780000000000,1976.50,1977.00,1976.00,1976.70,2591
1788321840000000000,1976.70,1978.70,1976.10,1977.90,4280
1788321900000000000,1977.80,1977.80,1976.70,1976.70,1515
1788321960000000000,1977.60,1977.60,1975.90,1975.90,1793
1788322020000000000,1976.40,1976.90,1975.80,1976.70,2673
1788322080000000000,1976.90,1977.50,1976.70,1977.20,2567
1788322140000000000,1977.00,1977.20,1975.30,1976.00,2831
1788322200000000000,1976.00,1977.20,1975.90,1977.10,2401
1788322260000000000,1977.10,1980.70,1976.90,1980.00,5385
1788322320000000000,1980.00,1980.00,1978.20,1978.20,2182
1788322380000000000,1978.80,1978.80,1977.70,1977.80,1329
1788322440000000000,1978.70,1979.60,1976.00,1976.30,2761
1788322500000000000,1976.30,1976.30,1975.00,1975.50,2087
1788322560000000000,1975.30,1975.50,1973.50,1974.00,1661
1788322620000000000,1973.80,1974.00,1972.90,1973.10,2167
1788322680000000000,1973.20,1973.20,1972.30,1973.10,2459
1788322740000000000,1973.00,1974.00,1973.00,1974.00,2775
1788322800000000000,1974.00,1975.00,1973.10,1975.00,2609
1788322860000000000,1975.00,1975.00,1974.00,1974.40,534
1788322920000000000,1974.40,1974.90,1974.00,1974.80,2175
1788322980000000000,1974.60,1975.00,1974.60,1975.00,1423
1788323040000000000,1975.00,1975.80,1975.00,1975.30,2183
1788323100000000000,1975.30,1975.40,1974.90,1975.20,3353
1788323160000000000,1975.20,1975.40,1975.10,1975.40,1082
1788323220000000000,1975.40,1976.10,1975.10,1976.10,1508
1788323280000000000,1975.80,1976.40,1975.80,1976.40,1700
1788323340000000000,1976.40,1976.40,1974.40,1975.00,1700
1788323400000000000,1975.00,1975.90,1974.40,1975.30,1721
1788323460000000000,1975.30,1975.90,1975.00,1975.80,1683
1788323520000000000,1975.90,1975.90,1975.50,1975.80,402
1788323580000000000,1975.70,1975.70,1974.40,1975.00,2149
1788323640000000000,1975.00,1975.30,1974.40,1974.90,362
1788323700000000000,1975.00,1975.20,1974.40,1975.10,1247
1788323760000000000,1975.10,1975.10,1975.00,1975.00,531
1788323820000000000,1975.00,1975.10,1974.60,1975.00,1130
1788323880000000000,1975.00,1975.00,1973.00,1973.10,4219
1788323940000000000,1973.60,1973.60,1973.00,1973.30,827
1788324000000000000,1973.30,1973.30,1973.00,1973.00,1325
1788324060000000000,1973.30,1973.40,1971.60,1972.30,7638
1788324120000000000,1972.30,1972.30,1971.10,1972.00,1419
1788324180000000000,1972.00,1973.40,1971.20,1973.30,3508
1788324240000000000,1973.00,1973.20,1972.10,1972.50,1109
1788324300000000000,1972.50,1972.50,1972.10,1972.20,719
1788324360000000000,1972.20,1972.20,1972.10,1972.20,791
1788324420000000000,1972.20,1972.20,1972.10,1972.20,588
1788324480000000000,1972.20,1972.20,1971.00,1971.60,1607
1788324540000000000,1971.60,1971.60,1971.50,1971.60,1294
1788324600000000000,1971.60,1972.50,1971.40,1972.50,1842
1788324660000000000,1972.20,1973.60,1972.00,1973.50,2445
1788324720000000000,1973.50,1974.00,1973.10,1973.60,1244
1788324780000000000,1973.60,1973.80,1973.40,1973.50,725
1788324840000000000,1973.60,1973.80,1973.20,1973.20,1054
1788324900000000000,1973.70,1974.60,1973.30,1974.30,1232
1788324960000000000,1974.20,1974.20,1974.00,1974.20,284
1788325020000000000,1974.20,1975.00,1974.10,1974.90,1703
1788325080000000000,1974.90,1975.40,1974.80,1975.40,581
1788325140000000000,1975.20,1975.30,1974.70,1974.90,1040
1788325200000000000,1974.80,1974.80,1973.30,1973.70,1765
1788325260000000000,1973.70,1974.00,1973.30,1973.60,2318
1788325320000000000,1973.40,1973.40,1968.40,1970.00,43194
1788325380000000000,1970.00,1970.00,1968.10,1969.90,9379
1788325440000000000,1970.30,1970.60,1969.50,1969.90,2444
1788325500000000000,1969.30,1969.80,1968.50,1969.20,4504
1788325560000000000,1969.00,1969.20,1968.60,1968.90,1461
1788325620000000000,1968.70,1969.00,1968.00,1968.40,1949
1788325680000000000,1968.30,1968.70,1968.30,1968.70,2230
1788325740000000000,1968.60,1968.70,1967.40,1967.90,8133
1788325800000000000,1967.60,1968.90,1967.60,1968.70,4043
1788325860000000000,1968.30,1968.70,1968.30,1968.60,898
1788325920000000000,1968.60,1968.80,1968.50,1968.80,2690
1788325980000000000,1968.50,1969.30,1968.50,1969.00,3647
1788326040000000000,1968.60,1970.00,1968.50,1969.60,4193
1788326100000000000,1969.00,1969.50,1969.00,1969.30,1280
1788326160000000000,1969.10,1970.80,1969.10,1970.40,6054
1788326220000000000,1969.70,1970.80,1969.70,1970.80,2112
1788326280000000000,1970.70,1971.50,1970.50,1971.50,3703
1788326340000000000,1970.60,1972.00,1970.60,1971.90,2187
1788326400000000000,1971.70,1972.10,1970.10,1971.20,7346
1788326460000000000,1970.40,1971.50,1970.40,1971.00,1792
1788326520000000000,1970.70,1971.30,1970.00,1970.50,1488
1788326580000000000,1970.10,1970.50,1970.00,1970.00,2554
1788326640000000000,1970.00,1970.40,1970.00,1970.20,1818
1788326700000000000,1970.20,1972.00,1970.20,1971.00,8386
1788326760000000000,1970.90,1971.70,1970.90,1971.00,1496
1788326820000000000,1971.00,1971.60,1971.00,1971.20,1976
1788326880000000000,1971.00,1971.40,1971.00,1971.40,1854
1788326940000000000,1971.30,1972.90,1971.30,1972.90,3547
1788327000000000000,1972.20,1972.90,1972.20,1972.90,2124
1788327060000000000,1972.70,1972.90,1970.60,1971.50,2286
1788327120000000000,1971.00,1971.50,1970.50,1970.80,731
1788327180000000000,1970.80,1971.00,1970.10,1970.80,1259
1788327240000000000,1970.30,1971.90,1970.30,1971.90,2725
1788327300000000000,1971.40,1973.10,1970.00,1970.60,9328
1788327360000000000,1970.00,1970.60,1968.50,1969.20,5870
1788327420000000000,1968.60,1968.80,1967.70,1967.70,3761
1788327480000000000,1967.70,1968.50,1967.00,1967.10,8353
1788327540000000000,1967.10,1967.70,1966.30,1966.80,5579
1788327600000000000,1966.80,1967.20,1966.20,1966.80,1886
1788327660000000000,1966.70,1967.00,1966.20,1967.00,2747
1788327720000000000,1966.80,1967.20,1966.50,1967.00,1639
1788327780000000000,1967.00,1967.20,1966.60,1967.20,1307
1788327840000000000,1967.00,1967.20,1966.10,1966.10,5135
1788327900000000000,1966.10,1966.50,1966.00,1966.20,1551
1788327960000000000,1966.10,1966.20,1965.20,1965.50,3191
1788328020000000000,1965.40,1967.10,1965.10,1966.60,10859
1788328080000000000,1966.00,1967.00,1966.00,1966.60,6236
1788328140000000000,1966.30,1966.90,1966.20,1966.30,1349
1788328200000000000,1966.20,1966.70,1966.10,1966.70,1242
1788328260000000000,1966.50,1966.80,1966.00,1966.30,2391
1788328320000000000,1966.20,1966.60,1965.10,1965.50,19122
1788328380000000000,1965.10,1966.20,1965.00,1966.20,5144
1788328440000000000,1965.70,1967.50,1965.50,1966.70,4858
1788328500000000000,1966.70,1967.50,1966.30,1966.60,2438
1788328560000000000,1966.60,1967.00,1965.60,1965.70,1174
1788328620000000000,1965.70,1966.10,1965.00,1965.00,3902
1788328680000000000,1965.10,1965.60,1965.00,1965.00,1722
1788328740000000000,1965.20,1965.40,1965.00,1965.10,1620
1788328800000000000,1965.10,1965.50,1964.00,1964.50,6269
1788328860000000000,1964.50,1964.60,1964.00,1964.50,1900
1788328920000000000,1964.30,1964.50,1964.00,1964.20,2012
1788328980000000000,1964.10,1964.20,1963.20,1963.80,2152
1788329040000000000,1963.20,1963.90,1963.00,1963.60,3368
1788329100000000000,1963.60,1964.10,1963.20,1964.10,3768
1788329160000000000,1964.10,1964.30,1963.70,1964.20,1611
1788329220000000000,1964.20,1965.60,1964.00,1965.20,9798
1788329280000000000,1965.20,1968.20,1965.00,1967.40,6256
1788329340000000000,1967.40,1967.80,1967.00,1967.30,1121
1788329400000000000,1967.20,1967.30,1966.30,1966.50,1713
1788329460000000000,1967.00,1967.10,1966.00,1966.20,2105
1788329520000000000,1966.60,1967.00,1965.60,1966.20,1887
1788329580000000000,1966.80,1967.00,1966.20,1966.50,2412
1788329640000000000,1966.50,1966.80,1966.20,1966.50,480
1788329700000000000,1966.40,1967.30,1965.30,1966.80,5823
1788329760000000000,1966.80,1967.60,1966.70,1967.00,1219
1788329820000000000,1967.20,1967.20,1966.20,1967.10,1616
1788329880000000000,1967.20,1967.90,1965.70,1967.00,3183
1788329940000000000,1967.70,1968.20,1966.40,1968.00,5674
1788330000000000000,1968.10,1970.10,1966.20,1967.10,25080
1788330060000000000,1967.30,1967.70,1967.00,1967.00,1258
1788330120000000000,1967.10,1968.30,1967.00,1967.60,1598
1788330180000000000,1967.60,1967.60,1967.30,1967.30,856
1788330240000000000,1967.40,1967.60,1967.40,1967.50,1208
1788330300000000000,1967.60,1968.80,1967.60,1968.30,2854
1788330360000000000,1968.40,1969.00,1968.00,1968.20,4018
1788330420000000000,1968.30,1968.40,1968.10,1968.30,782
1788330480000000000,1968.20,1968.30,1967.10,1967.80,2019
1788330540000000000,1967.80,1968.00,1966.30,1967.30,2506
1788330600000000000,1966.90,1967.30,1966.00,1966.60,351
1788330660000000000,1966.90,1966.90,1965.60,1965.90,1399
1788330720000000000,1966.00,1966.60,1965.60,1965.80,845
1788330780000000000,1966.30,1966.50,1965.40,1966.30,726
1788330840000000000,1966.50,1966.50,1965.30,1965.60,2435
1788330900000000000,1966.00,1966.40,1965.00,1965.70,3539
1788330960000000000,1965.70,1966.10,1965.20,1966.10,4718
1788331020000000000,1966.10,1967.30,1965.70,1966.40,5504
1788331080000000000,1966.50,1966.80,1966.40,1966.70,1203
1788331140000000000,1966.80,1966.80,1966.60,1966.70,902
1788331200000000000,1966.80,1968.90,1966.70,1968.30,5809
1788331260000000000,1968.30,1969.60,1968.30,1968.50,4805
1788331320000000000,1968.60,1968.80,1968.20,1968.40,1442
1788331380000000000,1968.50,1968.80,1968.20,1968.30,4652
1788331440000000000,1968.30,1968.50,1968.10,1968.30,1832
1788331500000000000,1968.30,1968.40,1967.80,1968.00,7882
1788331560000000000,1968.10,1968.20,1967.80,1968.10,7445
1788331620000000000,1968.10,1968.10,1966.70,1968.00,10395
1788331680000000000,1968.10,1968.30,1968.00,1968.30,2379
1788331740000000000,1968.20,1968.30,1968.00,1968.20,439
1788331800000000000,1968.20,1968.50,1968.00,1968.30,1855
1788331860000000000,1968.40,1968.50,1968.00,1968.20,1941
1788331920000000000,1968.10,1969.80,1968.10,1968.50,5403
1788331980000000000,1968.80,1969.00,1968.40,1968.90,714
1788332040000000000,1968.90,1968.90,1968.00,1968.00,1677
1788332100000000000,1968.40,1968.40,1968.00,1968.10,387
1788332160000000000,1968.20,1968.20,1967.90,1968.00,1703
1788332220000000000,1968.10,1968.90,1968.00,1968.70,7643
1788332280000000000,1968.90,1970.00,1968.80,1969.40,3234
1788332340000000000,1969.50,1969.80,1969.00,1969.00,2479
1788332400000000000,1969.20,1971.40,1968.70,1971.40,7548
1788332460000000000,1971.00,1971.40,1970.20,1971.00,1630
1788332520000000000,1971.00,1972.20,1970.00,1970.20,9232
1788332580000000000,1970.90,1971.00,1970.00,1970.20,1745
1788332640000000000,1970.50,1970.60,1969.50,1969.90,1431
1788332700000000000,1970.30,1971.10,1970.10,1971.00,5497
1788332760000000000,1971.10,1971.20,1971.00,1971.00,1764
1788332820000000000,1971.10,1971.30,1970.80,1971.00,6571
1788332880000000000,1971.10,1971.30,1969.90,1971.00,9302
1788332940000000000,1971.10,1971.50,1970.30,1970.60,4018
1788333000000000000,1971.00,1971.20,1970.80,1970.90,1352
1788333060000000000,1971.00,1971.20,1970.20,1971.00,1388
1788333120000000000,1971.00,1971.10,1970.70,1970.80,1220
1788333180000000000,1970.90,1971.00,1969.50,1969.90,1923
1788333240000000000,1969.90,1970.40,1969.60,1970.30,1642
1788333300000000000,1970.40,1971.30,1970.30,1970.40,4354
1788333360000000000,1970.60,1970.60,1970.40,1970.40,878
1788333420000000000,1970.60,1970.90,1970.40,1970.40,938
1788333480000000000,1970.50,1970.60,1970.30,1970.40,1565
1788333540000000000,1970.60,1971.00,1970.30,1970.40,3178
1788333600000000000,1970.90,1971.20,1970.50,1971.00,1226
1788333660000000000,1971.00,1971.10,1970.40,1971.00,1674
1788333720000000000,1971.10,1971.20,1970.40,1970.60,1233
1788333780000000000,1970.60,1971.00,1967.10,1967.90,8664
1788333840000000000,1968.00,1968.00,1967.00,1967.10,3388
1788333900000000000,1967.70,1968.90,1967.10,1968.50,5943
1788333960000000000,1968.60,1969.50,1968.00,1969.10,15147
1788334020000000000,1969.40,1970.00,1968.00,1969.10,12536
1788334080000000000,1969.10,1970.20,1968.00,1968.50,11956
1788334140000000000,1968.40,1969.20,1968.30,1968.70,1963
1788334200000000000,1968.80,1969.00,1968.50,1968.50,1685
1788334260000000000,1968.70,1968.70,1967.30,1967.50,3119
1788334320000000000,1967.50,1968.40,1967.40,1968.10,2402
1788334380000000000,1968.00,1969.00,1968.00,1969.00,1711
1788334440000000000,1969.00,1969.10,1968.60,1968.80,1636
1788334500000000000,1968.80,1970.40,1967.20,1970.40,9295
1788334560000000000,1970.40,1971.00,1968.70,1970.60,17533
1788334620000000000,1970.70,1970.90,1970.00,1970.60,1209
1788334680000000000,1970.60,1970.60,1969.80,1969.80,20329
1788334740000000000,1969.80,1969.80,1967.80,1968.20,5883
1788334800000000000,1968.40,1968.60,1967.50,1967.90,2704
1788334860000000000,1968.30,1969.00,1968.10,1968.40,1485
1788334920000000000,1968.50,1968.90,1968.10,1968.90,1381
1788334980000000000,1968.90,1969.20,1968.60,1968.60,2047
1788335040000000000,1969.00,1969.10,1968.60,1969.00,1575
1788335100000000000,1969.10,1969.10,1968.20,1968.20,1526
1788335160000000000,1968.70,1968.70,1968.10,1968.10,1291
1788335220000000000,1968.70,1968.70,1968.10,1968.60,1532
1788335280000000000,1968.70,1968.80,1968.60,1968.60,1075
1788335340000000000,1968.80,1968.80,1968.00,1968.20,1498
1788335400000000000,1968.30,1968.30,1968.00,1968.00,1647
1788335460000000000,1968.10,1968.10,1968.00,1968.00,1722
1788335520000000000,1968.10,1968.50,1968.00,1968.50,4776
1788335580000000000,1968.40,1968.50,1967.60,1968.00,1865
1788335640000000000,1968.00,1968.20,1967.50,1968.00,1517
1788335700000000000,1968.00,1968.00,1967.20,1967.40,1829
1788335760000000000,1967.60,1968.00,1967.40,1967.80,1152
1788335820000000000,1967.90,1967.90,1967.10,1967.60,1746
1788335880000000000,1967.70,1967.70,1967.40,1967.40,1676
1788335940000000000,1967.50,1969.10,1967.00,1967.60,15718
1788336000000000000,1968.00,1968.00,1967.80,1967.90,1250
1788336060000000000,1967.90,1968.00,1967.60,1967.90,2086
1788336120000000000,1968.00,1968.10,1967.70,1968.10,1579
1788336180000000000,1968.10,1968.40,1967.60,1968.30,1701
1788336240000000000,1968.40,1970.00,1968.30,1969.80,5958
1788336300000000000,1969.80,1970.60,1969.80,1970.30,2272
1788336360000000000,1970.60,1970.80,1970.10,1970.80,1369
1788336420000000000,1970.80,1970.90,1970.40,1970.50,1610
1788336480000000000,1970.60,1970.60,1970.00,1970.00,1160
1788336540000000000,1970.40,1970.40,1969.20,1969.20,3227
1788336600000000000,1969.50,1969.50,1968.80,1969.30,3756
1788336660000000000,1969.00,1969.20,1968.20,1968.90,1006
1788336720000000000,1968.50,1968.90,1968.00,1968.10,1018
1788336780000000000,1968.60,1968.80,1968.00,1968.40,1067
1788336840000000000,1968.20,1968.40,1968.00,1968.10,1521
1788336900000000000,1968.20,1968.60,1968.00,1968.10,1473
1788336960000000000,1968.60,1968.60,1968.00,1968.10,628
1788337020000000000,1968.20,1968.20,1967.70,1967.90,2731
1788337080000000000,1968.10,1968.20,1967.00,1967.20,3353
1788337140000000000,1967.30,1967.80,1966.50,1966.50,5874
1788337200000000000,1966.50,1966.70,1966.00,1966.30,2268
1788337260000000000,1966.20,1966.20,1965.50,1965.80,3613
1788337320000000000,1965.80,1967.10,1965.50,1966.60,10043
1788337380000000000,1966.90,1967.30,1966.50,1967.30,782
1788337440000000000,1967.30,1967.30,1966.60,1967.20,1082
1788337500000000000,1967.20,1967.20,1966.40,1967.00,1518
1788337560000000000,1966.50,1967.00,1966.50,1966.50,1851
1788337620000000000,1966.80,1967.40,1966.40,1966.40,7568
1788337680000000000,1966.50,1966.70,1966.40,1966.40,991
1788337740000000000,1966.50,1966.50,1966.00,1966.50,1367
1788337800000000000,1966.40,1966.70,1966.30,1966.60,1963
1788337860000000000,1966.70,1966.70,1966.30,1966.70,2402
1788337920000000000,1966.50,1966.70,1966.10,1966.50,2430
1788337980000000000,1966.50,1966.60,1966.10,1966.30,1298
1788338040000000000,1966.30,1966.60,1966.10,1966.40,1056
1788338100000000000,1966.60,1966.60,1966.00,1966.10,3250
1788338160000000000,1966.10,1966.30,1966.00,1966.00,1420
1788338220000000000,1966.20,1967.30,1966.00,1966.50,10544
1788338280000000000,1966.60,1966.80,1966.20,1966.50,1077
1788338340000000000,1966.50,1966.90,1966.20,1966.50,1699
1788338400000000000,1966.60,1968.50,1966.50,1968.40,5795
1788338460000000000,1968.40,1968.60,1967.70,1967.70,3188
1788338520000000000,1968.00,1968.00,1967.10,1967.50,1236
1788338580000000000,1967.40,1967.50,1966.20,1966.20,4257
1788338640000000000,1966.20,1966.30,1966.00,1966.20,812
1788338700000000000,1966.20,1966.20,1965.40,1965.50,1889
1788338760000000000,1965.50,1965.70,1965.10,1965.70,3137
1788338820000000000,1965.70,1965.70,1965.20,1965.50,3003
1788338880000000000,1965.70,1965.70,1965.20,1965.50,1682
1788338940000000000,1965.70,1965.80,1965.50,1965.80,1974
1788339000000000000,1965.80,1966.80,1965.70,1966.60,4419
1788339060000000000,1966.40,1966.60,1965.80,1966.10,3149
1788339120000000000,1966.00,1966.10,1965.50,1965.70,1211
1788339180000000000,1965.80,1967.00,1965.40,1966.90,5756
1788339240000000000,1966.80,1967.20,1966.60,1966.80,1950
1788339300000000000,1966.90,1966.90,1965.90,1965.90,2058
1788339360000000000,1966.10,1966.20,1965.40,1966.20,1942
1788339420000000000,1966.20,1966.90,1965.60,1966.90,4372
1788339480000000000,1967.00,1967.60,1966.80,1967.50,3546
1788339540000000000,1967.50,1967.50,1966.60,1967.30,2397
1788339600000000000,1967.30,1967.80,1967.20,1967.80,3785
1788339660000000000,1967.80,1968.50,1967.80,1968.40,3865
1788339720000000000,1968.30,1968.40,1967.00,1968.20,4034
1788339780000000000,1968.20,1968.40,1967.40,1968.10,2214
1788339840000000000,1968.10,1968.40,1967.60,1967.70,2959
1788339900000000000,1968.40,1968.40,1967.50,1968.40,7843
1788339960000000000,1968.40,1968.40,1967.60,1968.30,2036
1788340020000000000,1968.20,1968.20,1966.50,1967.50,3521
1788340080000000000,1967.20,1967.50,1965.10,1965.50,5332
1788340140000000000,1965.50,1966.20,1965.30,1965.70,5650
1788340200000000000,1965.70,1966.10,1965.30,1966.00,4129
1788340260000000000,1966.00,1966.10,1965.50,1966.10,2957
1788340320000000000,1966.10,1966.10,1965.90,1966.00,3039
1788340380000000000,1966.10,1966.10,1965.70,1965.90,4039
1788340440000000000,1965.90,1965.90,1965.30,1965.50,4440
1788340500000000000,1965.90,1966.30,1965.30,1966.30,9531
1788340560000000000,1966.10,1966.30,1965.60,1965.80,3362
1788340620000000000,1966.10,1966.20,1965.80,1966.10,2453
1788340680000000000,1966.00,1966.20,1965.60,1966.10,2745
1788340740000000000,1966.20,1966.40,1965.90,1966.40,3098
1788340800000000000,1966.40,1966.50,1965.90,1966.50,4852
1788340860000000000,1966.50,1966.60,1965.90,1965.90,4840
1788340920000000000,1966.40,1966.50,1965.80,1966.20,3050
1788340980000000000,1966.20,1966.20,1965.30,1965.80,3587
1788341040000000000,1965.90,1966.10,1965.00,1965.40,5404
1788341100000000000,1965.50,1965.70,1965.00,1965.50,6642
1788341160000000000,1965.40,1965.50,1964.50,1965.00,11722
1788341220000000000,1964.80,1965.00,1963.40,1964.00,6133
1788341280000000000,1964.10,1964.40,1963.30,1964.40,7540
1788341340000000000,1964.30,1964.40,1963.40,1964.30,3834
1788341400000000000,1964.30,1964.30,1963.40,1963.70,6569
1788341460000000000,1964.00,1964.00,1963.20,1963.50,4008
1788341520000000000,1963.50,1963.50,1963.00,1963.50,9219
1788341580000000000,1963.50,1963.60,1963.00,1963.40,10653
1788341640000000000,1963.40,1963.80,1962.30,1963.50,9443
1788341700000000000,1963.60,1964.50,1963.20,1963.90,12334
1788341760000000000,1963.90,1964.00,1963.50,1963.80,7602
1788341820000000000,1963.80,1964.10,1962.30,1963.20,3794
1788341880000000000,1963.20,1965.80,1963.00,1964.80,12463
1788341940000000000,1964.80,1965.20,1963.70,1965.10,7728
1788342000000000000,1965.20,1971.00,1964.00,1971.00,80719
1788342060000000000,1971.00,1972.00,1971.00,1971.90,8244
1788342120000000000,1971.90,1972.60,1971.80,1972.60,15719
1788342180000000000,1972.60,1975.00,1970.10,1972.50,19386
1788342240000000000,1974.00,1975.00,1970.00,1973.50,8357
1788342300000000000,1973.50,1973.50,1973.50,1973.50,0
1788342360000000000,1973.50,1973.50,1973.50,1973.50,0
1788342420000000000,1973.50,1973.50,1973.50,1973.50,0
1788342480000000000,1973.50,1973.50,1973.50,1973.50,0
1788342540000000000,1973.50,1973.50,1973.50,1973.50,0
1788342600000000000,1973.50,1973.50,1973.50,1973.50,0
1788342660000000000,1973.50,1973.50,1973.50,1973.50,0
1788342720000000000,1973.50,1973.50,1973.50,1973.50,0
1788342780000000000,1973.50,1973.50,1973.50,1973.50,0
1788342840000000000,1973.50,1973.50,1973.50,1973.50,0
1788342900000000000,1973.50,1973.50,1973.50,1973.50,0
1788342960000000000,1973.50,1973.50,1973.50,1973.50,0
1788343020000000000,1973.50,1973.50,1973.50,1973.50,0
1788343080000000000,1973.50,1973.50,1973.50,1973.50,0
1788343140000000000,1975.00,1975.00,1975.00,1975.00,60852
1788407100000000000,1978.90,1978.90,1966.70,1971.00,14701
1788407160000000000,1970.70,1972.40,1968.80,1968.80,5717
1788407220000000000,1968.80,1970.20,1968.30,1968.90,3079
1788407280000000000,1968.80,1968.80,1967.50,1967.50,4250
1788407340000000000,1967.50,1968.90,1967.50,1968.80,1904
1788407400000000000,1969.50,1970.30,1967.80,1968.30,6280
1788407460000000000,1969.00,1970.90,1969.00,1970.80,3092
1788407520000000000,1970.00,1970.00,1968.60,1968.80,2741
1788407580000000000,1968.80,1968.80,1967.70,1968.70,1933
1788407640000000000,1968.20,1969.90,1968.20,1968.60,1396
1788407700000000000,1968.80,1969.60,1968.70,1969.60,2835
1788407760000000000,1969.20,1969.20,1968.60,1968.80,1619
1788407820000000000,1969.10,1970.40,1969.10,1969.70,1815
1788407880000000000,1969.50,1970.40,1969.50,1970.40,1172
1788407940000000000,1970.40,1971.50,1970.30,1971.20,1400
1788408000000000000,1972.20,1973.00,1971.50,1973.00,5361
1788408060000000000,1972.40,1973.10,1971.10,1971.80,4005
1788408120000000000,1971.80,1972.40,1971.50,1972.40,2578
1788408180000000000,1972.40,1973.00,1972.00,1972.00,611
1788408240000000000,1972.10,1972.10,1971.20,1971.20,711
1788408300000000000,1971.20,1972.00,1970.90,1972.00,1644
1788408360000000000,1972.00,1972.70,1972.00,1972.60,2100
1788408420000000000,1972.20,1972.40,1971.40,1972.40,1080
1788408480000000000,1971.70,1971.70,1971.20,1971.30,710
1788408540000000000,1971.30,1973.10,1971.30,1972.50,4081
1788408600000000000,1972.40,1973.00,1972.40,1972.50,1115
1788408660000000000,1972.20,1972.90,1972.10,1972.10,457
1788408720000000000,1973.80,1973.80,1972.50,1972.70,3247
1788408780000000000,1972.70,1974.00,1972.60,1973.90,1767
1788408840000000000,1973.50,1973.90,1973.50,1973.90,1167
1788408900000000000,1974.50,1974.90,1974.50,1974.60,992
1788408960000000000,1974.60,1976.00,1974.10,1976.00,1861
1788409020000000000,1975.80,1975.80,1975.50,1975.50,707
1788409080000000000,1975.50,1975.50,1974.80,1975.00,800
1788409140000000000,1974.60,1974.60,1973.90,1974.40,2053
1788409200000000000,1974.40,1974.60,1974.00,1974.50,732
1788409260000000000,1974.50,1974.60,1974.10,1974.50,436
1788409320000000000,1974.50,1975.00,1973.80,1973.80,8768
1788409380000000000,1973.90,1974.60,1973.90,1974.50,1485
1788409440000000000,1974.60,1974.70,1974.00,1974.70,792
1788409500000000000,1974.90,1975.90,1974.10,1974.10,1908
1788409560000000000,1975.00,1975.20,1974.20,1974.30,1017
1788409620000000000,1974.30,1974.90,1974.30,1974.40,1125
1788409680000000000,1974.20,1974.90,1974.10,1974.80,844
1788409740000000000,1974.80,1974.90,1974.20,1974.30,845
1788409800000000000,1974.40,1974.40,1969.80,1969.80,9103
1788409860000000000,1969.40,1970.10,1968.20,1968.30,5609
1788409920000000000,1968.30,1968.80,1967.60,1968.80,3072
1788409980000000000,1968.30,1968.30,1967.30,1967.80,2389
1788410040000000000,1968.00,1968.30,1967.40,1967.50,2104
1788410100000000000,1967.50,1968.60,1967.50,1968.30,1994
1788410160000000000,1969.20,1969.20,1968.30,1968.30,2009
1788410220000000000,1968.30,1968.80,1967.70,1967.70,2011
1788410280000000000,1969.00,1969.00,1968.00,1968.10,1461
1788410340000000000,1968.10,1968.10,1967.30,1967.30,4390
1788410400000000000,1967.40,1968.60,1967.40,1968.00,2827
1788410460000000000,1967.70,1968.00,1967.30,1967.30,2047
1788410520000000000,1968.00,1968.00,1967.40,1967.70,3025
1788410580000000000,1967.90,1967.90,1967.40,1967.70,1903
1788410640000000000,1967.70,1968.90,1967.70,1968.90,2523
1788410700000000000,1968.30,1969.80,1968.30,1969.80,2422
1788410760000000000,1969.80,1969.80,1969.20,1969.70,2956
1788410820000000000,1969.70,1970.20,1969.20,1969.40,1990
1788410880000000000,1970.00,1970.00,1969.00,1969.00,2773
1788410940000000000,1969.00,1969.40,1968.50,1968.90,1850
1788411000000000000,1969.00,1970.20,1969.00,1969.60,2928
1788411060000000000,1969.50,1969.80,1968.80,1968.80,2153
1788411120000000000,1969.10,1970.00,1968.80,1969.90,2864
1788411180000000000,1969.80,1969.80,1969.00,1969.00,1515
1788411240000000000,1969.10,1969.50,1968.60,1969.50,2098
1788411300000000000,1969.20,1970.00,1969.10,1970.00,1999
1788411360000000000,1969.20,1970.00,1968.70,1969.60,5235
1788411420000000000,1969.50,1969.50,1968.60,1968.60,2535
1788411480000000000,1968.90,1968.90,1968.30,1968.80,2288
1788411540000000000,1969.60,1970.50,1969.60,1970.00,1979
1788411600000000000,1969.80,1970.80,1969.00,1969.40,10465
1788411660000000000,1969.20,1969.30,1968.50,1968.90,2521
1788411720000000000,1968.90,1972.50,1968.90,1971.60,4344
1788411780000000000,1971.90,1972.70,1971.20,1972.70,3840
1788411840000000000,1972.40,1972.50,1971.00,1971.00,1554
1788411900000000000,1971.00,1971.00,1969.90,1969.90,1625
1788411960000000000,1970.20,1970.50,1969.20,1969.20,3515
1788412020000000000,1969.00,1969.30,1968.50,1968.70,2149
1788412080000000000,1968.80,1968.80,1968.20,1968.30,1752
1788412140000000000,1968.20,1968.70,1968.20,1968.70,2885
1788412200000000000,1968.60,1969.50,1968.30,1968.30,2308
1788412260000000000,1968.30,1968.90,1968.10,1968.20,1838
1788412320000000000,1968.20,1968.80,1967.80,1968.60,2602
1788412380000000000,1968.60,1969.40,1968.60,1968.60,1379
1788412440000000000,1969.40,1969.40,1968.30,1968.40,3518
1788412500000000000,1968.40,1969.20,1968.20,1968.50,2395
1788412560000000000,1969.20,1969.30,1968.80,1968.90,1477
1788412620000000000,1968.80,1969.60,1968.60,1969.60,1465
1788412680000000000,1969.50,1969.50,1967.90,1967.90,82691
1788412740000000000,1967.90,1968.60,1967.80,1967.80,2874
1788412800000000000,1967.80,1968.50,1967.80,1968.50,1668
1788412860000000000,1968.90,1968.90,1968.00,1968.00,2797
1788412920000000000,1968.10,1968.30,1968.00,1968.30,2849
1788412980000000000,1968.30,1968.30,1967.70,1967.70,1999
1788413040000000000,1967.80,1967.80,1966.90,1966.90,8750
1788413100000000000,1966.40,1966.40,1966.00,1966.10,4790
1788413160000000000,1966.10,1966.10,1964.80,1965.60,9776
1788413220000000000,1965.60,1965.60,1965.00,1965.00,1508
1788413280000000000,1964.90,1965.30,1964.90,1964.90,2006
1788413340000000000,1964.90,1965.40,1964.30,1965.20,3516
1788413400000000000,1965.10,1966.10,1965.10,1966.00,6803
1788413460000000000,1966.10,1966.30,1966.00,1966.00,2541
1788413520000000000,1966.00,1966.50,1966.00,1966.50,2376
1788413580000000000,1967.00,1967.10,1966.40,1967.00,5889
1788413640000000000,1967.10,1967.10,1967.00,1967.00,2536
1788413700000000000,1967.00,1967.10,1966.60,1967.10,10841
1788413760000000000,1967.00,1967.10,1967.00,1967.00,4792
1788413820000000000,1967.10,1967.10,1967.00,1967.00,2991
1788413880000000000,1967.10,1967.10,1967.00,1967.10,2488
1788413940000000000,1967.10,1967.10,1967.00,1967.10,2872
1788414000000000000,1967.20,1967.20,1967.00,1967.10,1899
1788414060000000000,1967.00,1967.10,1967.00,1967.10,1716
1788414120000000000,1967.10,1967.10,1967.00,1967.00,1657
1788414180000000000,1967.10,1967.50,1966.00,1966.10,11027
1788414240000000000,1965.30,1965.30,1964.10,1964.90,6628
1788414300000000000,1965.00,1967.30,1964.50,1967.30,48356
1788414360000000000,1967.30,1968.00,1967.10,1967.60,3296
1788414420000000000,1967.70,1969.00,1967.60,1968.20,2364
1788414480000000000,1968.20,1968.20,1967.20,1967.60,2591
1788414540000000000,1967.40,1968.70,1967.00,1967.50,1944
1788414600000000000,1967.50,1967.50,1966.50,1966.50,1510
1788414660000000000,1967.20,1967.20,1966.50,1966.80,2811
1788414720000000000,1966.50,1967.60,1966.50,1967.60,2101
1788414780000000000,1967.60,1967.60,1966.50,1967.20,1499
1788414840000000000,1966.50,1966.90,1966.00,1966.90,2451
1788414900000000000,1966.90,1967.20,1966.10,1967.00,2104
1788414960000000000,1966.90,1966.90,1966.20,1966.50,1815
1788415020000000000,1966.60,1966.90,1966.10,1966.10,2289
1788415080000000000,1966.00,1966.10,1965.30,1966.10,4893
1788415140000000000,1966.30,1966.50,1966.00,1966.50,3897
1788415200000000000,1966.80,1966.90,1966.10,1966.80,2062
1788415260000000000,1966.50,1966.50,1966.00,1966.10,1847
1788415320000000000,1966.10,1966.50,1965.80,1966.10,2327
1788415380000000000,1966.00,1967.30,1966.00,1966.10,2674
1788415440000000000,1966.40,1967.60,1965.90,1965.90,3662
1788415500000000000,1966.20,1967.60,1965.90,1966.80,7955
1788415560000000000,1966.60,1967.20,1966.20,1966.70,2533
1788415620000000000,1966.50,1967.60,1966.50,1967.40,2594
1788415680000000000,1967.80,1967.80,1967.10,1967.40,1288
1788415740000000000,1967.40,1967.70,1966.70,1967.10,1923
1788415800000000000,1967.10,1968.80,1967.10,1968.80,4143
1788415860000000000,1969.30,1969.30,1968.00,1968.00,2127
1788415920000000000,1968.20,1969.00,1968.00,1968.00,3340
1788415980000000000,1968.10,1968.90,1968.00,1968.90,3691
1788416040000000000,1968.60,1968.60,1968.00,1968.10,2449
1788416100000000000,1968.30,1968.80,1968.00,1968.00,1225
1788416160000000000,1968.10,1968.10,1968.00,1968.10,1939
1788416220000000000,1968.00,1968.10,1968.00,1968.10,1874
1788416280000000000,1968.00,1968.20,1968.00,1968.10,1310
1788416340000000000,1968.10,1968.30,1968.00,1968.10,1534
1788416400000000000,1968.10,1968.10,1967.90,1968.10,1677
1788416460000000000,1968.10,1968.10,1967.30,1967.30,5352
1788416520000000000,1966.80,1968.00,1966.80,1967.10,20727
1788416580000000000,1967.10,1967.70,1966.70,1966.80,1962
1788416640000000000,1966.90,1967.60,1966.90,1967.20,2021
1788416700000000000,1967.10,1967.30,1966.70,1966.70,2793
1788416760000000000,1966.70,1967.30,1966.40,1967.20,2292
1788416820000000000,1966.70,1967.50,1966.70,1967.20,3027
1788416880000000000,1967.50,1968.50,1966.60,1967.20,2019
1788416940000000000,1966.90,1967.40,1966.20,1966.60,2618
1788417000000000000,1966.40,1967.20,1966.20,1966.30,1716
1788417060000000000,1966.70,1966.70,1966.00,1966.10,1451
1788417120000000000,1966.00,1966.80,1966.00,1966.20,2455
1788417180000000000,1966.20,1966.20,1965.20,1965.20,2412
1788417240000000000,1965.10,1965.90,1964.10,1964.70,6994
1788417300000000000,1964.70,1965.40,1964.70,1964.80,2089
1788417360000000000,1965.30,1965.60,1964.60,1964.60,1833
1788417420000000000,1965.30,1965.90,1964.50,1964.50,2582
1788417480000000000,1964.80,1964.80,1964.50,1964.80,1525
1788417540000000000,1964.80,1964.80,1964.20,1964.20,1356
1788417600000000000,1964.70,1965.40,1964.70,1964.70,2965
1788417660000000000,1964.60,1964.60,1964.00,1964.40,4058
1788417720000000000,1964.20,1965.50,1964.10,1964.90,3190
1788417780000000000,1964.90,1964.90,1963.70,1964.10,2710
1788417840000000000,1964.70,1964.70,1964.00,1964.10,1428
1788417900000000000,1964.10,1964.80,1963.60,1963.80,1857
1788417960000000000,1963.80,1964.60,1963.50,1964.30,2479
1788418020000000000,1964.30,1964.40,1963.30,1963.60,1532
1788418080000000000,1964.00,1964.70,1963.60,1964.70,1720
1788418140000000000,1964.40,1964.40,1963.70,1964.20,1959
1788418200000000000,1964.30,1965.10,1964.10,1965.00,2558
1788418260000000000,1965.00,1965.00,1964.40,1964.80,1722
1788418320000000000,1965.00,1965.00,1964.10,1964.30,1819
1788418380000000000,1964.00,1964.50,1964.00,1964.00,2049
1788418440000000000,1963.90,1964.00,1963.40,1963.50,1818
1788418500000000000,1963.50,1963.50,1963.00,1963.20,2659
1788418560000000000,1963.30,1963.30,1963.00,1963.20,2352
1788418620000000000,1963.10,1963.10,1961.40,1961.50,7819
1788418680000000000,1961.40,1962.20,1961.30,1962.00,4940
1788418740000000000,1962.00,1962.00,1961.30,1961.30,2674
1788418800000000000,1961.50,1962.00,1961.20,1961.60,3190
1788418860000000000,1961.50,1962.30,1961.50,1962.10,2326
1788418920000000000,1962.10,1962.10,1961.60,1961.60,2985
1788418980000000000,1961.80,1962.10,1961.50,1962.10,2911
1788419040000000000,1962.10,1962.10,1961.60,1961.60,3078
1788419100000000000,1961.60,1961.90,1961.40,1961.40,2362
1788419160000000000,1961.80,1962.00,1961.10,1961.10,4432
1788419220000000000,1961.20,1961.70,1960.90,1961.10,5394
1788419280000000000,1961.10,1962.20,1961.10,1961.90,3658
1788419340000000000,1961.70,1962.10,1961.30,1961.40,2332
1788419400000000000,1962.10,1962.50,1960.80,1961.10,2141
1788419460000000000,1961.10,1961.50,1960.60,1960.70,2815
1788419520000000000,1960.90,1960.90,1960.50,1960.60,2279
1788419580000000000,1961.30,1961.30,1960.70,1960.80,2577
1788419640000000000,1961.60,1961.60,1960.70,1961.00,2825
1788419700000000000,1960.70,1961.60,1960.70,1960.80,2081
1788419760000000000,1961.50,1961.50,1960.70,1960.80,2789
1788419820000000000,1960.70,1961.30,1960.70,1961.30,3378
1788419880000000000,1961.30,1961.40,1960.60,1961.40,2681
1788419940000000000,1960.70,1961.30,1960.70,1960.70,2364
1788420000000000000,1961.10,1961.80,1960.70,1961.60,2149
1788420060000000000,1961.60,1961.80,1961.00,1961.20,1995
1788420120000000000,1961.80,1961.90,1961.20,1961.40,1888
1788420180000000000,1961.90,1962.30,1961.40,1962.30,2195
1788420240000000000,1962.20,1963.00,1961.80,1961.80,2522
1788420300000000000,1962.20,1962.50,1961.60,1962.20,1685
1788420360000000000,1962.00,1962.30,1961.60,1961.60,1756
1788420420000000000,1962.90,1963.10,1962.00,1962.00,3912
1788420480000000000,1962.40,1963.10,1961.80,1962.20,2266
1788420540000000000,1962.20,1963.30,1961.80,1962.10,2541
1788420600000000000,1962.00,1963.40,1961.80,1962.50,4174
1788420660000000000,1962.50,1963.10,1961.90,1962.30,2157
1788420720000000000,1962.60,1963.10,1962.10,1962.50,1962
1788420780000000000,1962.60,1963.30,1961.90,1962.80,1970
1788420840000000000,1962.80,1962.80,1962.10,1962.80,2490
1788420900000000000,1962.50,1963.30,1962.40,1962.40,1709
1788420960000000000,1962.70,1963.40,1962.70,1963.00,2513
1788421020000000000,1963.30,1963.30,1961.70,1961.70,1586
1788421080000000000,1961.70,1963.50,1961.70,1963.00,3876
1788421140000000000,1962.90,1963.50,1962.00,1962.70,2235
1788421200000000000,1962.70,1963.20,1962.20,1962.40,1857
1788421260000000000,1962.90,1964.60,1962.50,1964.30,4663
1788421320000000000,1964.30,1964.50,1963.40,1963.80,2700
1788421380000000000,1963.50,1963.50,1963.00,1963.20,2530
1788421440000000000,1963.20,1964.60,1963.10,1964.60,5661
1788421500000000000,1964.90,1964.90,1964.50,1964.60,2887
1788421560000000000,1964.70,1965.20,1964.40,1964.90,11812
1788421620000000000,1964.30,1964.90,1964.30,1964.90,2518
1788421680000000000,1965.00,1965.60,1964.60,1965.20,5963
1788421740000000000,1965.60,1965.60,1964.40,1964.50,1835
1788421800000000000,1964.70,1965.00,1964.40,1964.50,2054
1788421860000000000,1964.90,1965.80,1964.80,1964.80,14172
1788421920000000000,1964.80,1965.00,1964.20,1964.40,6848
1788421980000000000,1964.80,1965.00,1964.50,1964.80,2602
1788422040000000000,1964.80,1965.00,1964.40,1964.40,2932
1788422100000000000,1964.60,1964.60,1963.70,1964.00,4401
1788422160000000000,1964.20,1964.90,1963.80,1964.80,2258
1788422220000000000,1964.80,1964.80,1964.00,1964.00,1877
1788422280000000000,1964.40,1964.80,1963.60,1963.60,3112
1788422340000000000,1963.40,1963.40,1963.00,1963.10,1731
1788422400000000000,1963.10,1964.20,1963.00,1964.00,3121
1788422460000000000,1963.60,1963.80,1963.00,1963.70,1720
1788422520000000000,1963.70,1964.10,1963.00,1964.00,3651
1788422580000000000,1963.80,1965.00,1963.10,1965.00,3777
1788422640000000000,1964.40,1965.00,1964.40,1964.60,2174
1788422700000000000,1964.60,1965.00,1964.60,1964.80,2469
1788422760000000000,1964.80,1966.60,1964.80,1965.30,13890
1788422820000000000,1965.30,1965.50,1963.80,1964.40,3305
1788422880000000000,1964.40,1964.40,1963.50,1964.40,1973
1788422940000000000,1964.50,1965.00,1963.40,1964.00,26454
1788423000000000000,1965.40,1965.40,1963.40,1963.80,8576
1788423060000000000,1963.80,1964.00,1963.00,1963.20,2542
1788423120000000000,1963.10,1963.20,1962.80,1962.80,2650
1788423180000000000,1962.90,1962.90,1962.50,1962.50,2138
1788423240000000000,1962.40,1962.80,1962.20,1962.30,1936
1788423300000000000,1962.10,1962.30,1961.40,1961.80,3881
1788423360000000000,1961.60,1962.00,1961.50,1961.50,1671
1788423420000000000,1961.30,1961.70,1961.30,1961.30,2736
1788423480000000000,1961.70,1962.20,1961.20,1962.00,2692
1788423540000000000,1962.00,1962.30,1961.30,1961.90,2705
1788423600000000000,1962.40,1962.40,1961.50,1961.70,2551
1788423660000000000,1961.80,1962.00,1961.20,1961.40,2544
1788423720000000000,1961.40,1961.50,1961.20,1961.30,2040
1788423780000000000,1960.90,1961.40,1960.70,1961.10,5316
1788423840000000000,1961.10,1961.40,1960.60,1961.00,1612
1788423900000000000,1961.10,1962.00,1960.90,1961.10,2030
1788423960000000000,1961.00,1961.80,1960.70,1961.80,2460
1788424020000000000,1962.00,1962.40,1961.20,1961.20,1862
1788424080000000000,1961.50,1961.70,1961.30,1961.50,3086
1788424140000000000,1961.60,1962.50,1961.30,1961.50,3136
1788424200000000000,1961.60,1962.70,1961.60,1962.60,2978
1788424260000000000,1962.70,1962.90,1961.50,1961.60,4287
1788424320000000000,1961.60,1962.30,1961.10,1961.10,5679
1788424380000000000,1962.00,1962.60,1961.20,1962.10,6554
1788424440000000000,1962.30,1962.40,1961.40,1962.40,3115
1788424500000000000,1961.80,1962.70,1961.00,1961.20,4732
1788424560000000000,1962.40,1962.60,1961.40,1961.50,3361
1788424620000000000,1961.50,1962.40,1961.50,1961.70,2427
1788424680000000000,1961.90,1963.00,1961.70,1962.50,3696
1788424740000000000,1962.30,1962.70,1961.50,1962.70,3013
1788424800000000000,1962.00,1962.50,1961.60,1962.50,2344
1788424860000000000,1961.80,1963.00,1961.70,1962.30,6468
1788424920000000000,1962.00,1962.00,1961.60,1962.00,2227
1788424980000000000,1962.00,1962.00,1961.60,1961.70,2105
1788425040000000000,1961.60,1961.70,1961.10,1961.60,7545
1788425100000000000,1961.60,1962.00,1961.50,1962.00,13829
1788425160000000000,1962.00,1962.50,1961.60,1962.50,3866
1788425220000000000,1962.50,1964.80,1962.40,1964.30,7871
1788425280000000000,1964.30,1965.70,1963.40,1964.40,5837
1788425340000000000,1964.40,1965.10,1963.60,1964.00,3988
1788425400000000000,1964.00,1965.00,1964.00,1964.50,3151
1788425460000000000,1964.50,1964.50,1963.90,1963.90,6883
1788425520000000000,1964.60,1964.80,1963.10,1963.40,4372
1788425580000000000,1963.50,1963.90,1963.00,1963.90,3400
1788425640000000000,1963.40,1964.60,1963.00,1963.90,3812
1788425700000000000,1963.90,1964.00,1963.30,1963.30,2821
1788425760000000000,1963.40,1963.40,1963.00,1963.40,2860
1788425820000000000,1963.90,1963.90,1963.00,1963.30,3113
1788425880000000000,1963.30,1963.70,1962.80,1963.50,3051
1788425940000000000,1963.70,1963.70,1962.70,1962.70,2046
1788426000000000000,1962.80,1963.50,1962.60,1962.70,1897
1788426060000000000,1962.90,1964.20,1962.90,1964.20,11890
1788426120000000000,1964.20,1964.20,1962.90,1963.30,4724
1788426180000000000,1963.30,1963.30,1962.60,1962.90,2137
1788426240000000000,1962.60,1963.50,1962.40,1963.00,2541
1788426300000000000,1962.90,1962.90,1962.50,1962.60,3076
1788426360000000000,1962.40,1962.90,1962.40,1962.60,3234
1788426420000000000,1962.90,1963.30,1962.50,1962.50,2363
1788426480000000000,1962.60,1963.00,1962.60,1962.80,6905
1788426540000000000,1962.80,1963.60,1962.50,1963.10,14059
1788426600000000000,1963.10,1963.70,1962.40,1963.70,6461
1788426660000000000,1963.00,1963.60,1962.40,1962.80,5271
1788426720000000000,1962.80,1963.20,1962.40,1962.60,2173
1788426780000000000,1962.40,1963.10,1962.20,1962.20,2776
1788426840000000000,1962.20,1963.00,1962.10,1962.20,2749
1788426900000000000,1962.80,1963.00,1962.30,1962.90,2338
1788426960000000000,1962.30,1962.70,1961.80,1962.40,2372
1788427020000000000,1962.20,1963.30,1962.20,1963.00,3723
1788427080000000000,1962.60,1963.10,1962.10,1962.30,2364
1788427140000000000,1962.10,1963.70,1962.00,1963.10,5698
1788427200000000000,1963.40,1963.90,1963.10,1963.10,13625
1788427260000000000,1963.20,1963.20,1962.00,1962.40,4686
1788427320000000000,1962.10,1962.40,1961.50,1962.10,7386
1788427380000000000,1961.60,1962.60,1961.60,1962.20,5820
1788427440000000000,1961.90,1963.20,1961.60,1962.50,5810
1788427500000000000,1962.30,1962.40,1961.80,1962.10,4975
1788427560000000000,1962.10,1962.10,1961.20,1961.20,8058
1788427620000000000,1961.70,1961.70,1961.10,1961.10,7551
1788427680000000000,1961.00,1961.70,1960.60,1961.00,11591
1788427740000000000,1961.70,1961.70,1961.20,1961.20,2937
1788427800000000000,1961.00,1961.80,1960.80,1960.80,9253
1788427860000000000,1960.70,1960.90,1960.40,1960.60,5281
1788427920000000000,1960.60,1960.60,1960.00,1960.50,10354
1788427980000000000,1960.50,1961.70,1960.50,1961.40,7096
1788428040000000000,1961.20,1961.20,1960.20,1960.50,11562
1788428100000000000,1960.30,1961.00,1960.20,1961.00,10310
1788428160000000000,1960.90,1960.90,1960.50,1960.60,5751
1788428220000000000,1960.50,1961.40,1960.30,1960.80,12722
1788428280000000000,1960.80,1961.00,1960.60,1960.60,7288
1788428340000000000,1960.20,1960.90,1960.20,1960.80,8146
1788428400000000000,1960.70,1962.50,1959.90,1962.50,44607
1788428460000000000,1962.50,1962.50,1961.00,1961.00,9231
1788428520000000000,1961.10,1961.40,1961.00,1961.00,18806
1788428580000000000,1961.00,1961.10,1960.00,1960.00,37271
1788428640000000000,1960.10,1962.00,1960.10,1962.00,15645
1788428700000000000,1962.00,1962.00,1962.00,1962.00,0
1788428760000000000,1962.00,1962.00,1962.00,1962.00,0
1788428820000000000,1962.00,1962.00,1962.00,1962.00,0
1788428880000000000,1962.00,1962.00,1962.00,1962.00,0
1788428940000000000,1962.00,1962.00,1962.00,1962.00,0
1788429000000000000,1962.00,1962.00,1962.00,1962.00,0
1788429060000000000,1962.00,1962.00,1962.00,1962.00,0
1788429120000000000,1962.00,1962.00,1962.00,1962.00,0
1788429180000000000,1962.00,1962.00,1962.00,1962.00,0
1788429240000000000,1962.00,1962.00,1962.00,1962.00,0
1788429300000000000,1962.00,1962.00,1962.00,1962.00,0
1788429360000000000,1962.00,1962.00,1962.00,1962.00,0
1788429420000000000,1962.00,1962.00,1962.00,1962.00,0
1788429480000000000,1962.00,1962.00,1962.00,1962.00,123692
1788429540000000000,1962.00,1962.00,1962.00,1962.00,0
1788493500000000000,1967.00,1970.00,1956.50,1957.80,17704
1788493560000000000,1958.00,1961.00,1957.10,1958.10,6905
1788493620000000000,1959.40,1959.90,1959.00,1959.00,5296
1788493680000000000,1958.50,1959.80,1958.50,1959.80,9972
1788493740000000000,1959.50,1960.00,1959.00,1960.00,3834
1788493800000000000,1959.90,1961.40,1959.90,1960.80,2417
1788493860000000000,1960.10,1960.30,1957.50,1957.50,9981
1788493920000000000,1957.60,1957.60,1956.90,1957.20,6449
1788493980000000000,1957.50,1957.50,1957.30,1957.50,1451
1788494040000000000,1958.00,1958.40,1957.50,1958.20,1605
1788494100000000000,1958.10,1959.20,1957.50,1958.40,3971
1788494160000000000,1958.80,1958.80,1958.40,1958.80,1270
1788494220000000000,1958.80,1958.80,1957.40,1957.60,3740
1788494280000000000,1956.70,1957.00,1956.00,1956.50,5552
1788494340000000000,1956.30,1957.30,1956.30,1956.70,1097
1788494400000000000,1956.60,1956.60,1955.30,1955.50,6480
1788494460000000000,1955.50,1955.90,1954.60,1955.50,10119
1788494520000000000,1955.20,1955.50,1955.00,1955.00,1752
1788494580000000000,1955.00,1955.20,1955.00,1955.00,1280
1788494640000000000,1955.20,1955.80,1955.00,1955.20,1813
1788494700000000000,1955.00,1955.00,1954.70,1955.00,2998
1788494760000000000,1955.00,1955.70,1955.00,1955.10,1454
1788494820000000000,1955.90,1956.00,1955.30,1956.00,1716
1788494880000000000,1955.70,1956.50,1955.70,1956.00,1630
1788494940000000000,1956.10,1956.10,1954.10,1954.80,4124
1788495000000000000,1954.80,1955.00,1954.80,1955.00,2332
1788495060000000000,1955.00,1955.10,1954.90,1955.00,3215
1788495120000000000,1955.00,1955.10,1953.00,1953.30,3069
1788495180000000000,1952.90,1953.00,1952.00,1952.70,5938
1788495240000000000,1953.00,1953.90,1952.90,1953.50,2628
1788495300000000000,1953.50,1954.70,1953.50,1954.40,1625
1788495360000000000,1954.20,1955.00,1954.00,1954.00,3777
1788495420000000000,1954.00,1954.50,1954.00,1954.50,1218
1788495480000000000,1954.50,1954.50,1953.00,1953.00,2147
1788495540000000000,1953.00,1953.40,1952.70,1953.30,1084
1788495600000000000,1953.30,1953.40,1953.30,1953.40,1652
1788495660000000000,1953.40,1953.40,1950.40,1951.50,8579
1788495720000000000,1951.60,1952.90,1951.50,1952.60,1968
1788495780000000000,1952.90,1953.40,1952.10,1953.20,1764
1788495840000000000,1953.00,1953.10,1952.60,1952.60,2018
1788495900000000000,1952.60,1954.20,1952.60,1953.00,2266
1788495960000000000,1953.70,1954.50,1953.40,1954.40,2319
1788496020000000000,1954.50,1954.50,1953.40,1954.50,2107
1788496080000000000,1954.50,1954.70,1954.20,1954.70,751
1788496140000000000,1954.30,1955.00,1954.30,1954.30,2796
1788496200000000000,1954.20,1955.70,1953.30,1955.70,2894
1788496260000000000,1957.00,1957.50,1956.60,1956.60,2637
1788496320000000000,1957.00,1957.00,1956.30,1956.90,1491
1788496380000000000,1956.90,1956.90,1956.50,1956.90,1095
1788496440000000000,1957.40,1958.70,1957.40,1958.70,5262
1788496500000000000,1958.20,1958.90,1958.20,1958.30,1101
1788496560000000000,1958.10,1958.10,1957.50,1957.90,3991
1788496620000000000,1957.90,1958.00,1957.80,1957.80,850
1788496680000000000,1957.80,1958.50,1957.80,1958.20,1851
1788496740000000000,1958.20,1958.20,1957.00,1957.00,2334
1788496800000000000,1957.80,1957.80,1957.00,1957.50,1238
1788496860000000000,1957.60,1958.00,1956.60,1957.10,2828
1788496920000000000,1957.10,1957.80,1957.10,1957.80,1562
1788496980000000000,1957.80,1958.40,1957.10,1957.30,1555
1788497040000000000,1957.80,1958.50,1957.80,1958.50,2034
1788497100000000000,1959.80,1962.80,1959.80,1962.10,9146
1788497160000000000,1962.10,1963.40,1961.30,1963.00,5517
1788497220000000000,1963.30,1964.00,1962.50,1963.60,4192
1788497280000000000,1963.50,1964.50,1963.50,1964.40,3451
1788497340000000000,1964.40,1964.40,1963.10,1963.60,3235
1788497400000000000,1963.80,1966.00,1963.50,1965.50,9185
1788497460000000000,1965.60,1967.00,1964.90,1967.00,3921
1788497520000000000,1967.00,1967.50,1966.20,1966.60,5603
1788497580000000000,1966.70,1967.50,1966.40,1967.50,9612
1788497640000000000,1967.50,1967.90,1967.10,1967.40,4846
1788497700000000000,1967.40,1967.40,1966.60,1966.80,2262
1788497760000000000,1966.60,1967.50,1966.60,1967.50,3801
1788497820000000000,1968.30,1969.30,1968.20,1969.10,5305
1788497880000000000,1969.00,1969.10,1969.00,1969.00,2274
1788497940000000000,1969.30,1969.50,1968.60,1968.60,2525
1788498000000000000,1969.10,1969.10,1968.00,1968.00,2016
1788498060000000000,1968.00,1968.50,1967.70,1968.50,3005
1788498120000000000,1968.50,1968.50,1967.50,1967.50,955
1788498180000000000,1967.90,1968.30,1967.50,1968.00,2089
1788498240000000000,1967.50,1968.00,1967.50,1968.00,976
1788498300000000000,1967.50,1967.90,1966.60,1966.60,1283
1788498360000000000,1967.00,1967.60,1966.60,1967.30,6940
1788498420000000000,1966.80,1967.90,1966.40,1967.90,3696
1788498480000000000,1968.40,1969.00,1967.90,1968.80,8795
1788498540000000000,1968.80,1968.80,1968.10,1968.30,1769
1788498600000000000,1968.50,1968.90,1968.50,1968.80,1404
1788498660000000000,1968.70,1968.70,1968.10,1968.60,932
1788498720000000000,1968.20,1968.40,1967.80,1968.40,742
1788498780000000000,1967.80,1969.40,1967.60,1968.60,2277
1788498840000000000,1969.10,1969.10,1967.90,1968.20,1472
1788498900000000000,1968.00,1968.00,1967.50,1967.70,1010
1788498960000000000,1967.70,1968.50,1967.60,1968.50,1248
1788499020000000000,1968.10,1968.70,1968.10,1968.50,986
1788499080000000000,1968.20,1968.70,1967.90,1967.90,867
1788499140000000000,1967.60,1968.10,1967.10,1968.10,3069
1788499200000000000,1968.30,1968.50,1967.90,1968.50,1455
1788499260000000000,1968.60,1968.80,1967.80,1968.30,1470
1788499320000000000,1968.70,1968.70,1967.50,1968.10,1346
1788499380000000000,1967.60,1968.10,1966.90,1966.90,2617
1788499440000000000,1967.30,1969.80,1967.00,1969.00,6399
1788499500000000000,1968.90,1978.00,1968.30,1976.70,32692
1788499560000000000,1976.80,1977.60,1975.80,1977.20,5230
1788499620000000000,1976.90,1977.30,1976.00,1976.10,2272
1788499680000000000,1976.10,1978.50,1975.60,1976.00,9031
1788499740000000000,1976.00,1976.70,1975.30,1976.00,2164
1788499800000000000,1975.90,1976.40,1975.00,1976.40,1672
1788499860000000000,1976.40,1976.40,1975.40,1975.40,4748
1788499920000000000,1976.00,1976.00,1975.00,1975.00,6130
1788499980000000000,1975.50,1975.70,1975.00,1975.30,3288
1788500040000000000,1976.20,1978.70,1976.20,1978.40,4176
1788500100000000000,1978.20,1978.90,1977.50,1978.60,3389
1788500160000000000,1978.60,1979.00,1978.00,1978.40,2118
1788500220000000000,1978.20,1978.20,1975.70,1975.70,2892
1788500280000000000,1975.70,1975.70,1975.00,1975.00,2246
1788500340000000000,1975.00,1976.70,1975.00,1976.40,1763
1788500400000000000,1976.40,1977.00,1975.70,1976.80,4709
1788500460000000000,1976.80,1982.40,1976.80,1980.70,20544
1788500520000000000,1980.70,1981.50,1979.40,1981.40,3815
1788500580000000000,1980.50,1980.90,1980.00,1980.40,722
1788500640000000000,1980.00,1980.20,1979.30,1980.10,4165
1788500700000000000,1980.00,1980.40,1979.20,1980.40,8519
1788500760000000000,1981.00,1982.30,1980.70,1981.40,2719
1788500820000000000,1981.40,1981.40,1980.40,1980.50,1393
1788500880000000000,1980.80,1980.80,1980.00,1980.00,1426
1788500940000000000,1980.30,1980.30,1980.00,1980.00,777
1788501000000000000,1980.20,1981.80,1980.20,1981.40,2292
1788501060000000000,1981.40,1981.80,1980.80,1980.80,906
1788501120000000000,1981.40,1981.40,1980.30,1980.30,824
1788501180000000000,1981.00,1982.10,1981.00,1981.30,1619
1788501240000000000,1981.20,1981.80,1981.20,1981.30,3861
1788501300000000000,1982.00,1982.90,1981.20,1981.90,3776
1788501360000000000,1981.80,1982.00,1981.30,1981.80,979
1788501420000000000,1981.80,1981.80,1980.00,1980.00,3516
1788501480000000000,1980.00,1980.50,1980.00,1980.10,1460
1788501540000000000,1980.50,1980.70,1980.00,1980.00,2107
1788501600000000000,1980.50,1981.60,1980.10,1980.60,3441
1788501660000000000,1980.20,1981.10,1980.10,1981.10,1239
1788501720000000000,1980.40,1980.90,1980.00,1980.30,3370
1788501780000000000,1980.30,1980.30,1979.30,1980.10,1499
1788501840000000000,1980.00,1980.10,1980.00,1980.10,4932
1788501900000000000,1980.10,1981.00,1980.00,1981.00,1148
1788501960000000000,1981.00,1984.20,1980.30,1984.00,4626
1788502020000000000,1983.50,1983.50,1981.00,1981.60,1888
1788502080000000000,1981.60,1982.70,1981.00,1982.00,1888
1788502140000000000,1982.00,1982.00,1980.40,1981.10,409
1788502200000000000,1981.40,1981.50,1980.50,1981.50,366
1788502260000000000,1981.20,1981.50,1980.20,1981.30,817
1788502320000000000,1981.30,1981.30,1980.20,1980.30,3874
1788502380000000000,1980.30,1980.40,1979.10,1980.40,11595
1788502440000000000,1980.00,1980.50,1979.30,1980.10,1875
1788502500000000000,1980.10,1980.10,1980.00,1980.10,883
1788502560000000000,1980.10,1980.30,1980.10,1980.30,525
1788502620000000000,1980.10,1980.30,1980.00,1980.10,566
1788502680000000000,1980.10,1980.10,1980.00,1980.10,16245
1788502740000000000,1980.00,1980.20,1980.00,1980.00,2041
1788502800000000000,1980.10,1980.40,1980.00,1980.10,1244
1788502860000000000,1980.10,1980.10,1980.00,1980.10,308
1788502920000000000,1980.10,1980.10,1980.00,1980.10,731
1788502980000000000,1980.10,1980.10,1979.50,1980.00,489
1788503040000000000,1980.10,1980.10,1980.00,1980.10,1447
1788503100000000000,1980.10,1980.10,1980.00,1980.10,1069
1788503160000000000,1980.10,1980.10,1980.00,1980.00,1711
1788503220000000000,1980.10,1980.10,1980.00,1980.00,978
1788503280000000000,1980.10,1980.10,1979.90,1980.00,11810
1788503340000000000,1980.00,1980.20,1980.00,1980.10,2816
1788503400000000000,1980.10,1980.10,1979.90,1979.90,2485
1788503460000000000,1980.10,1980.10,1979.00,1980.00,7561
1788503520000000000,1980.00,1980.10,1979.90,1980.00,15835
1788503580000000000,1980.10,1980.10,1978.90,1980.00,18301
1788503640000000000,1980.00,1980.10,1979.20,1980.00,13454
1788503700000000000,1980.10,1980.10,1980.00,1980.00,9124
1788503760000000000,1980.00,1980.10,1980.00,1980.00,7076
1788503820000000000,1980.00,1980.10,1980.00,1980.10,1612
1788503880000000000,1980.10,1980.10,1979.20,1980.00,2985
1788503940000000000,1980.00,1980.10,1979.30,1980.10,17965
1788504000000000000,1980.10,1980.40,1979.50,1980.00,16373
1788504060000000000,1979.70,1980.10,1979.70,1980.10,7103
1788504120000000000,1980.10,1980.20,1979.40,1980.10,1365
1788504180000000000,1980.10,1980.10,1980.00,1980.10,1108
1788504240000000000,1980.10,1980.10,1979.70,1980.10,2752
1788504300000000000,1980.10,1980.10,1980.00,1980.10,1462
1788504360000000000,1980.10,1980.10,1977.80,1977.80,23288
1788504420000000000,1979.30,1980.00,1978.10,1979.00,35680
1788504480000000000,1979.00,1979.90,1977.50,1979.30,34916
1788504540000000000,1979.30,1979.50,1977.20,1977.50,34497
1788504600000000000,1977.70,1979.70,1972.00,1975.50,38921
1788504660000000000,1975.50,1976.00,1975.00,1976.00,8240
1788504720000000000,1976.00,1977.10,1975.50,1976.90,1641
1788504780000000000,1976.80,1976.90,1976.00,1976.90,1415
1788504840000000000,1976.90,1976.90,1975.70,1975.70,287
1788504900000000000,1975.70,1976.60,1975.60,1976.20,785
1788504960000000000,1976.60,1976.60,1976.00,1976.00,531
1788505020000000000,1975.80,1976.10,1975.40,1976.10,1430
1788505080000000000,1976.10,1976.20,1975.30,1975.70,1262
1788505140000000000,1975.70,1976.00,1975.10,1976.00,2290
1788505200000000000,1975.90,1976.70,1975.30,1976.70,1919
1788505260000000000,1976.50,1976.90,1976.50,1976.60,941
1788505320000000000,1976.60,1976.60,1976.40,1976.50,328
1788505380000000000,1976.50,1976.50,1976.40,1976.40,948
1788505440000000000,1975.60,1976.40,1975.60,1976.20,2076
1788505500000000000,1976.80,1976.90,1975.90,1976.90,1547
1788505560000000000,1976.80,1976.80,1975.50,1976.50,901
1788505620000000000,1975.60,1976.40,1975.60,1976.20,238
1788505680000000000,1976.20,1976.20,1975.60,1976.00,465
1788505740000000000,1976.00,1976.80,1975.50,1976.80,2709
1788505800000000000,1976.90,1977.40,1976.10,1977.30,1615
1788505860000000000,1977.40,1977.80,1977.10,1977.10,1719
1788505920000000000,1977.80,1978.90,1977.10,1978.70,1191
1788505980000000000,1978.70,1978.90,1978.70,1978.70,679
1788506040000000000,1978.70,1978.70,1977.50,1978.70,286
1788506100000000000,1978.70,1978.70,1978.50,1978.50,525
1788506160000000000,1978.50,1978.60,1978.10,1978.40,313
1788506220000000000,1978.40,1979.00,1978.10,1979.00,1207
1788506280000000000,1979.00,1980.10,1979.00,1980.10,3584
1788506340000000000,1980.00,1980.10,1979.70,1980.10,4962
1788506400000000000,1980.00,1980.10,1979.90,1980.10,345
1788506460000000000,1980.10,1980.20,1980.00,1980.20,686
1788506520000000000,1980.20,1980.20,1980.10,1980.10,5311
1788506580000000000,1980.10,1980.10,1980.00,1980.10,1001
1788506640000000000,1980.10,1980.10,1980.00,1980.10,740
1788506700000000000,1980.10,1980.70,1980.00,1980.70,2224
1788506760000000000,1980.70,1980.70,1980.00,1980.00,260
1788506820000000000,1980.30,1980.30,1980.00,1980.10,5952
1788506880000000000,1980.00,1980.10,1978.60,1980.10,9008
1788506940000000000,1980.00,1980.10,1979.20,1980.00,2037
1788507000000000000,1980.00,1980.10,1980.00,1980.10,2935
1788507060000000000,1980.10,1980.10,1980.10,1980.10,1223
1788507120000000000,1980.10,1980.10,1980.00,1980.00,674
1788507180000000000,1979.10,1980.10,1979.10,1980.00,3902
1788507240000000000,1979.70,1980.10,1978.90,1980.00,14553
1788507300000000000,1980.00,1980.10,1979.20,1980.00,14898
1788507360000000000,1980.00,1980.20,1979.60,1980.10,16363
1788507420000000000,1980.00,1980.20,1979.50,1980.00,22645
1788507480000000000,1980.00,1980.00,1978.70,1980.00,37806
1788507540000000000,1980.00,1980.10,1979.90,1979.90,6116
1788507600000000000,1980.00,1980.30,1979.50,1980.00,4480
1788507660000000000,1980.20,1980.30,1980.00,1980.00,3990
1788507720000000000,1980.00,1980.10,1980.00,1980.10,2542
1788507780000000000,1980.10,1980.10,1979.40,1980.10,6394
1788507840000000000,1980.70,1981.70,1980.10,1981.60,3175
1788507900000000000,1981.50,1981.50,1980.00,1980.00,877
1788507960000000000,1980.00,1980.20,1980.00,1980.10,1180
1788508020000000000,1980.10,1980.70,1979.60,1980.70,973
1788508080000000000,1980.70,1980.90,1980.00,1980.00,1520
1788508140000000000,1980.20,1980.20,1979.50,1980.00,9264
1788508200000000000,1980.00,1980.10,1979.30,1979.90,9982
1788508260000000000,1980.00,1980.10,1979.00,1980.10,17944
1788508320000000000,1980.10,1980.10,1979.30,1979.70,4722
1788508380000000000,1979.90,1980.30,1979.70,1980.10,3352
1788508440000000000,1980.10,1980.10,1980.00,1980.00,1624
1788508500000000000,1980.00,1980.10,1979.40,1980.10,8540
1788508560000000000,1980.00,1980.10,1972.40,1973.40,33646
1788508620000000000,1973.70,1974.30,1972.00,1973.00,3163
1788508680000000000,1973.00,1973.30,1972.60,1973.30,978
1788508740000000000,1973.30,1975.70,1973.30,1975.00,9141
1788508800000000000,1975.10,1975.20,1974.70,1975.10,2973
1788508860000000000,1975.10,1975.10,1975.00,1975.00,1610
1788508920000000000,1975.10,1975.10,1975.00,1975.10,7503
1788508980000000000,1975.10,1975.10,1974.20,1975.10,3002
1788509040000000000,1975.10,1975.10,1974.30,1974.30,7710
1788509100000000000,1975.10,1975.10,1974.40,1975.10,14305
1788509160000000000,1975.00,1975.10,1974.40,1975.10,5116
1788509220000000000,1975.00,1975.20,1975.00,1975.20,949
1788509280000000000,1975.20,1975.20,1974.90,1974.90,13662
1788509340000000000,1975.00,1975.10,1974.30,1975.10,29299
1788509400000000000,1975.10,1975.10,1974.10,1974.40,16038
1788509460000000000,1975.00,1975.00,1969.00,1972.00,22056
1788509520000000000,1972.20,1972.60,1971.40,1972.10,3414
1788509580000000000,1972.30,1972.30,1971.70,1972.00,8918
1788509640000000000,1972.00,1972.20,1970.20,1971.80,31637
1788509700000000000,1972.00,1972.00,1970.50,1971.70,34498
1788509760000000000,1971.90,1972.10,1971.30,1972.00,19114
1788509820000000000,1972.10,1972.10,1971.50,1972.10,729
1788509880000000000,1972.10,1972.10,1972.00,1972.00,4010
1788509940000000000,1972.10,1972.10,1971.00,1972.00,7313
1788510000000000000,1971.90,1972.10,1971.10,1972.00,24766
1788510060000000000,1972.10,1972.30,1971.30,1972.00,6148
1788510120000000000,1972.00,1972.10,1972.00,1972.10,1402
1788510180000000000,1972.10,1973.00,1972.10,1973.00,338
1788510240000000000,1973.00,1973.00,1972.30,1972.90,607
1788510300000000000,1972.90,1972.90,1972.60,1972.80,413
1788510360000000000,1972.80,1973.70,1972.50,1973.50,1357
1788510420000000000,1973.50,1973.50,1972.70,1973.30,277
1788510480000000000,1973.30,1973.40,1973.00,1973.40,750
1788510540000000000,1973.00,1973.00,1972.30,1972.40,941
1788510600000000000,1972.80,1972.90,1972.50,1972.90,412
1788510660000000000,1973.40,1973.40,1972.80,1972.90,808
1788510720000000000,1972.10,1972.10,1972.00,1972.10,3186
1788510780000000000,1972.10,1972.10,1972.00,1972.10,640
1788510840000000000,1972.10,1972.90,1972.00,1972.90,399
1788510900000000000,1972.30,1972.50,1972.30,1972.40,830
1788510960000000000,1972.20,1972.50,1972.00,1972.40,1300
1788511020000000000,1972.30,1972.80,1972.10,1972.70,794
1788511080000000000,1972.60,1972.60,1972.00,1972.10,3117
1788511140000000000,1972.00,1972.10,1971.20,1972.00,923
1788511200000000000,1972.10,1972.10,1972.00,1972.00,423
1788511260000000000,1972.00,1972.10,1972.00,1972.10,919
1788511320000000000,1972.10,1972.10,1972.00,1972.00,638
1788511380000000000,1972.10,1972.10,1972.00,1972.00,613
1788511440000000000,1972.10,1972.10,1972.00,1972.00,544
1788511500000000000,1972.10,1972.10,1971.90,1972.00,1778
1788511560000000000,1972.00,1972.10,1972.00,1972.00,725
1788511620000000000,1972.00,1972.10,1972.00,1972.00,250
1788511680000000000,1971.40,1972.10,1971.40,1972.10,631
1788511740000000000,1972.10,1972.10,1972.00,1972.10,426
1788511800000000000,1972.10,1972.10,1971.90,1972.10,382
1788511860000000000,1972.00,1972.10,1971.20,1971.20,1853
1788511920000000000,1971.50,1972.00,1971.10,1971.90,31635
1788511980000000000,1971.80,1972.00,1970.60,1972.00,16162
1788512040000000000,1972.00,1972.00,1970.60,1971.30,19160
1788512100000000000,1971.30,1972.00,1969.70,1970.50,32149
1788512160000000000,1970.60,1972.00,1970.10,1971.60,34738
1788512220000000000,1971.70,1972.10,1971.00,1972.10,19857
1788512280000000000,1972.10,1972.10,1970.80,1971.60,32261
1788512340000000000,1971.50,1972.00,1970.60,1970.60,35273
1788512400000000000,1970.60,1972.10,1970.60,1972.00,15072
1788512460000000000,1972.10,1972.10,1971.90,1972.10,2121
1788512520000000000,1972.00,1972.30,1972.00,1972.00,857
1788512580000000000,1972.10,1972.30,1972.00,1972.00,6889
1788512640000000000,1972.30,1972.30,1972.00,1972.30,1629
1788512700000000000,1972.30,1972.30,1970.70,1971.60,20102
1788512760000000000,1971.60,1972.00,1968.60,1970.00,35449
1788512820000000000,1969.70,1971.20,1969.70,1970.10,31384
1788512880000000000,1971.10,1971.70,1970.00,1971.50,35782
1788512940000000000,1971.50,1972.10,1970.80,1972.10,26793
1788513000000000000,1972.10,1972.10,1971.10,1972.00,16524
1788513060000000000,1972.10,1972.10,1971.90,1971.90,3845
1788513120000000000,1972.00,1972.10,1971.50,1972.10,10666
1788513180000000000,1972.00,1972.10,1971.10,1972.00,20045
1788513240000000000,1972.00,1972.10,1971.40,1972.00,6814
1788513300000000000,1972.00,1972.30,1972.00,1972.10,4394
1788513360000000000,1972.00,1972.20,1971.60,1972.10,6894
1788513420000000000,1972.00,1972.30,1971.40,1972.00,9291
1788513480000000000,1972.00,1972.10,1972.00,1972.00,1942
1788513540000000000,1972.30,1972.30,1971.40,1972.30,1793
1788513600000000000,1972.30,1972.70,1972.00,1972.70,11037
1788513660000000000,1972.20,1973.20,1972.00,1972.40,7763
1788513720000000000,1972.40,1972.40,1972.10,1972.40,1152
1788513780000000000,1972.00,1972.30,1972.00,1972.00,6474
1788513840000000000,1972.10,1972.10,1972.00,1972.00,2022
1788513900000000000,1972.00,1972.10,1972.00,1972.00,2316
1788513960000000000,1972.10,1972.20,1972.00,1972.00,1428
1788514020000000000,1972.10,1972.30,1972.10,1972.20,3176
1788514080000000000,1972.80,1973.50,1972.80,1973.40,2911
1788514140000000000,1974.50,1974.50,1973.50,1973.60,15765
1788514200000000000,1974.40,1975.00,1973.60,1973.70,19074
1788514260000000000,1973.70,1974.00,1973.00,1973.00,1379
1788514320000000000,1973.40,1974.40,1973.40,1974.00,7052
1788514380000000000,1974.10,1974.70,1974.10,1974.70,4374
1788514440000000000,1974.60,1974.60,1973.40,1973.40,12618
1788514500000000000,1974.00,1974.20,1973.30,1974.10,4516
1788514560000000000,1974.00,1974.20,1974.00,1974.10,5450
1788514620000000000,1974.20,1974.20,1974.00,1974.20,10197
1788514680000000000,1974.10,1974.20,1974.00,1974.20,13793
1788514740000000000,1974.10,1974.50,1974.10,1974.30,4397
1788514800000000000,1974.40,1974.40,1974.00,1974.20,17940
1788514860000000000,1974.20,1974.30,1974.00,1974.20,3294
1788514920000000000,1974.10,1974.50,1973.70,1973.80,18360
1788514980000000000,1973.90,1974.00,1972.10,1974.00,44966
1788515040000000000,1974.00,1974.50,1970.50,1974.40,20881
1788515100000000000,1974.40,1974.40,1974.40,1974.40,0
1788515160000000000,1974.40,1974.40,1974.40,1974.40,0
1788515220000000000,1974.40,1974.40,1974.40,1974.40,0
1788515280000000000,1974.40,1974.40,1974.40,1974.40,0
1788515340000000000,1974.40,1974.40,1974.40,1974.40,0
1788515400000000000,1974.40,1974.40,1974.40,1974.40,0
1788515460000000000,1974.40,1974.40,1974.40,1974.40,0
1788515520000000000,1974.40,1974.40,1974.40,1974.40,0
1788515580000000000,1974.40,1974.40,1974.40,1974.40,0
1788515640000000000,1974.40,1974.40,1974.40,1974.40,0
1788515700000000000,1974.40,1974.40,1974.40,1974.40,0
1788515760000000000,1974.40,1974.40,1974.40,1974.40,0
1788515820000000000,1974.40,1974.40,1974.40,1974.40,0
1788515880000000000,1973.40,1973.40,1973.40,1973.40,42347
1788515940000000000,1973.40,1973.40,1973.40,1973.40,0
1788752700000000000,1972.00,1974.20,1958.00,1958.80,37547
1788752760000000000,1959.00,1963.80,1958.70,1962.50,5832
1788752820000000000,1962.50,1963.00,1961.60,1962.70,3439
1788752880000000000,1962.70,1963.00,1961.60,1962.90,4442
1788752940000000000,1963.50,1964.80,1962.50,1964.70,2611
1788753000000000000,1964.70,1964.70,1962.60,1963.50,3197
1788753060000000000,1963.60,1964.30,1963.10,1964.00,1595
1788753120000000000,1964.20,1966.60,1963.20,1966.30,2212
1788753180000000000,1966.00,1966.00,1964.70,1965.10,1452
1788753240000000000,1965.10,1965.10,1963.10,1964.20,2177
1788753300000000000,1964.20,1964.20,1963.10,1963.40,1388
1788753360000000000,1964.00,1964.10,1962.50,1963.00,2519
1788753420000000000,1963.00,1963.50,1962.50,1963.00,1185
1788753480000000000,1963.00,1963.00,1961.40,1963.00,4809
1788753540000000000,1962.70,1964.10,1962.60,1964.10,1110
1788753600000000000,1964.10,1964.30,1963.30,1963.30,1347
1788753660000000000,1963.90,1964.50,1963.30,1963.90,1541
1788753720000000000,1963.90,1963.90,1963.10,1963.70,1343
1788753780000000000,1963.70,1964.90,1963.70,1964.10,1531
1788753840000000000,1964.00,1964.00,1961.20,1962.80,4284
1788753900000000000,1962.80,1962.80,1961.50,1962.60,1693
1788753960000000000,1962.60,1962.70,1962.10,1962.70,2086
1788754020000000000,1962.90,1963.00,1962.70,1962.80,446
1788754080000000000,1962.80,1963.50,1962.10,1962.50,2672
1788754140000000000,1962.50,1964.50,1962.10,1963.20,2831
1788754200000000000,1963.20,1963.80,1962.40,1963.60,1883
1788754260000000000,1963.60,1963.70,1962.40,1963.70,1330
1788754320000000000,1963.70,1964.70,1963.10,1964.70,2023
1788754380000000000,1964.70,1964.70,1963.80,1964.60,595
1788754440000000000,1964.60,1965.50,1964.00,1965.40,1192
1788754500000000000,1965.40,1965.50,1965.00,1965.50,632
1788754560000000000,1965.50,1965.50,1965.00,1965.20,681
1788754620000000000,1965.20,1965.50,1965.00,1965.50,1089
1788754680000000000,1965.50,1965.50,1965.00,1965.00,1202
1788754740000000000,1965.00,1965.50,1964.50,1965.50,1081
1788754800000000000,1965.50,1965.50,1965.00,1965.50,748
1788754860000000000,1965.50,1965.50,1965.00,1965.00,1010
1788754920000000000,1965.40,1965.50,1964.30,1965.10,2335
1788754980000000000,1965.00,1965.10,1964.10,1964.10,450
1788755040000000000,1964.80,1964.80,1962.40,1963.00,5411
1788755100000000000,1963.00,1963.00,1961.00,1961.60,2417
1788755160000000000,1961.60,1962.00,1961.00,1961.90,1483
1788755220000000000,1961.70,1963.00,1961.00,1962.50,1580
1788755280000000000,1962.50,1962.50,1962.00,1962.50,261
1788755340000000000,1962.50,1963.00,1962.00,1963.00,1124
1788755400000000000,1963.10,1963.50,1962.50,1963.00,442
1788755460000000000,1963.30,1963.70,1962.70,1963.70,2614
1788755520000000000,1963.50,1963.60,1962.70,1963.20,401
1788755580000000000,1963.20,1964.50,1962.70,1963.50,2155
1788755640000000000,1963.50,1964.10,1962.50,1963.60,1682
1788755700000000000,1963.60,1963.70,1961.10,1961.20,4187
1788755760000000000,1961.90,1961.90,1960.80,1961.50,1208
1788755820000000000,1961.50,1961.50,1960.70,1961.20,536
1788755880000000000,1961.20,1961.50,1960.60,1961.20,594
1788755940000000000,1961.20,1965.70,1961.20,1962.60,12924
1788756000000000000,1962.60,1962.70,1961.60,1962.60,5770
1788756060000000000,1962.60,1962.60,1961.50,1961.90,760
1788756120000000000,1962.00,1962.00,1961.50,1962.00,496
1788756180000000000,1962.00,1964.20,1962.00,1962.90,1353
1788756240000000000,1962.90,1963.20,1962.20,1962.80,807
1788756300000000000,1962.80,1963.00,1961.50,1961.60,686
1788756360000000000,1961.90,1961.90,1961.10,1961.40,1149
1788756420000000000,1961.40,1961.50,1961.10,1961.50,880
1788756480000000000,1961.50,1961.50,1961.10,1961.50,621
1788756540000000000,1961.50,1962.70,1961.50,1962.10,601
1788756600000000000,1962.10,1962.90,1961.50,1962.20,644
1788756660000000000,1962.20,1966.50,1962.10,1965.30,9563
1788756720000000000,1965.30,1965.30,1963.60,1964.40,2353
1788756780000000000,1964.50,1964.50,1963.20,1963.20,574
1788756840000000000,1964.00,1964.00,1963.30,1963.40,144
1788756900000000000,1963.40,1963.40,1963.00,1963.40,259
1788756960000000000,1963.40,1963.40,1962.10,1962.20,225
1788757020000000000,1962.20,1962.50,1961.60,1962.50,843
1788757080000000000,1962.30,1962.50,1961.50,1962.20,391
1788757140000000000,1962.20,1962.20,1961.50,1962.20,692
1788757200000000000,1962.20,1963.50,1962.20,1963.50,479
1788757260000000000,1963.50,1963.70,1962.80,1963.70,559
1788757320000000000,1963.80,1964.90,1963.60,1964.40,1860
1788757380000000000,1964.40,1964.40,1964.00,1964.40,508
1788757440000000000,1964.40,1964.40,1964.00,1964.10,608
1788757500000000000,1964.10,1964.10,1963.10,1963.70,213
1788757560000000000,1963.70,1963.70,1963.00,1963.70,310
1788757620000000000,1963.70,1963.70,1963.20,1963.40,596
1788757680000000000,1963.50,1963.90,1963.50,1963.70,332
1788757740000000000,1963.70,1964.40,1963.20,1963.70,541
1788757800000000000,1964.20,1965.50,1963.20,1965.50,1743
1788757860000000000,1965.40,1967.70,1965.00,1967.70,2656
1788757920000000000,1967.70,1968.00,1966.10,1966.90,1574
1788757980000000000,1966.90,1967.20,1965.70,1967.00,898
1788758040000000000,1967.00,1967.00,1965.80,1965.80,716
1788758100000000000,1966.70,1966.80,1965.00,1965.00,643
1788758160000000000,1965.40,1966.50,1965.00,1966.40,746
1788758220000000000,1966.00,1968.00,1965.60,1967.40,5137
1788758280000000000,1967.40,1967.70,1965.70,1966.50,723
1788758340000000000,1966.50,1967.00,1965.70,1966.80,856
1788758400000000000,1966.80,1966.80,1966.00,1966.30,328
1788758460000000000,1966.30,1966.80,1965.80,1966.40,527
1788758520000000000,1966.40,1966.50,1965.80,1966.50,107
1788758580000000000,1966.50,1966.50,1965.80,1966.00,477
1788758640000000000,1966.30,1966.30,1966.00,1966.10,1277
1788758700000000000,1966.10,1966.10,1966.00,1966.00,711
1788758760000000000,1966.10,1966.70,1965.60,1966.30,2725
1788758820000000000,1966.30,1966.30,1965.00,1965.80,823
1788758880000000000,1965.80,1965.80,1965.00,1965.50,681
1788758940000000000,1965.50,1965.50,1964.00,1964.80,912
1788759000000000000,1964.60,1965.70,1963.90,1965.20,1253
1788759060000000000,1965.90,1966.00,1964.70,1965.20,1095
1788759120000000000,1965.80,1965.80,1964.60,1964.80,185
1788759180000000000,1964.80,1965.90,1964.80,1965.60,1484
1788759240000000000,1965.80,1965.80,1965.00,1965.40,292
1788759300000000000,1965.40,1965.50,1965.00,1965.10,782
1788759360000000000,1965.50,1965.50,1965.00,1965.40,398
1788759420000000000,1965.40,1965.40,1965.00,1965.00,286
1788759480000000000,1965.00,1965.10,1964.40,1964.90,455
1788759540000000000,1964.90,1966.00,1964.40,1965.90,1398
1788759600000000000,1965.90,1965.90,1965.50,1965.50,217
1788759660000000000,1965.50,1965.60,1965.00,1965.20,1418
1788759720000000000,1965.50,1967.20,1965.20,1966.40,2660
1788759780000000000,1966.70,1966.80,1966.00,1966.70,2796
1788759840000000000,1966.70,1967.20,1966.20,1967.20,797
1788759900000000000,1967.30,1967.70,1966.40,1967.20,1624
1788759960000000000,1967.20,1969.70,1967.00,1969.00,2993
1788760020000000000,1969.00,1969.00,1968.00,1969.00,1680
1788760080000000000,1969.00,1969.00,1968.60,1969.00,472
1788760140000000000,1969.00,1969.00,1968.00,1968.50,461
1788760200000000000,1968.50,1971.00,1968.50,1970.90,6482
1788760260000000000,1970.90,1970.90,1970.20,1970.90,1535
1788760320000000000,1970.90,1971.00,1970.20,1970.40,489
1788760380000000000,1970.50,1971.00,1970.00,1970.90,452
1788760440000000000,1970.90,1970.90,1969.10,1969.20,927
1788760500000000000,1969.20,1969.70,1968.50,1969.00,309
1788760560000000000,1969.00,1969.40,1968.30,1968.30,297
1788760620000000000,1968.90,1968.90,1968.10,1968.30,227
1788760680000000000,1968.90,1968.90,1968.00,1968.60,401
1788760740000000000,1968.60,1968.60,1967.00,1968.20,801
1788760800000000000,1968.10,1968.20,1966.50,1967.00,361
1788760860000000000,1967.00,1968.10,1966.50,1967.10,938
1788760920000000000,1967.90,1968.30,1967.00,1967.00,368
1788760980000000000,1967.80,1967.80,1967.50,1967.50,268
1788761040000000000,1967.40,1967.50,1967.00,1967.50,235
1788761100000000000,1967.50,1967.50,1966.50,1967.00,237
1788761160000000000,1967.30,1967.30,1964.60,1965.30,3239
1788761220000000000,1966.10,1966.20,1965.50,1966.20,274
1788761280000000000,1966.20,1966.20,1964.00,1966.00,4475
1788761340000000000,1966.10,1966.70,1964.00,1964.70,4745
1788761400000000000,1964.70,1964.90,1963.40,1964.00,1087
1788761460000000000,1964.00,1964.00,1962.30,1962.60,1592
1788761520000000000,1962.90,1963.60,1962.10,1963.50,1974
1788761580000000000,1963.50,1964.00,1963.00,1963.50,263
1788761640000000000,1963.50,1963.90,1963.20,1963.90,215
1788761700000000000,1963.90,1964.30,1963.30,1963.40,525
1788761760000000000,1964.00,1964.00,1963.20,1963.90,457
1788761820000000000,1963.90,1963.90,1963.20,1963.30,370
1788761880000000000,1963.30,1963.30,1961.70,1963.30,2605
1788761940000000000,1963.30,1963.60,1962.60,1962.60,783
1788762000000000000,1963.10,1963.60,1962.60,1962.60,469
1788762060000000000,1963.50,1963.70,1963.00,1963.40,601
1788762120000000000,1963.60,1963.60,1962.30,1962.70,814
1788762180000000000,1963.50,1963.50,1962.50,1962.50,318
1788762240000000000,1963.30,1963.30,1961.90,1961.90,517
1788762300000000000,1962.70,1962.90,1962.00,1962.70,489
1788762360000000000,1962.70,1962.70,1962.00,1962.40,453
1788762420000000000,1962.40,1962.40,1961.50,1962.20,190
1788762480000000000,1962.20,1962.30,1961.50,1961.60,570
1788762540000000000,1962.30,1962.30,1961.50,1962.30,823
1788762600000000000,1962.30,1962.30,1961.60,1962.30,242
1788762660000000000,1962.30,1962.30,1961.60,1962.00,338
1788762720000000000,1962.00,1962.00,1961.00,1961.10,1057
1788762780000000000,1961.70,1961.70,1961.00,1961.70,676
1788762840000000000,1961.70,1961.90,1961.20,1961.70,379
1788762900000000000,1961.70,1961.70,1961.20,1961.70,358
1788762960000000000,1961.70,1961.90,1961.30,1961.90,444
1788763020000000000,1962.00,1962.80,1961.80,1962.60,579
1788763080000000000,1962.60,1963.10,1962.00,1962.70,634
1788763140000000000,1962.70,1962.70,1961.80,1962.30,2073
1788763200000000000,1962.00,1962.30,1962.00,1962.30,177
1788763260000000000,1962.30,1962.70,1961.90,1962.70,263
1788763320000000000,1962.70,1962.80,1962.40,1962.80,461
1788763380000000000,1962.80,1963.70,1962.30,1963.70,609
1788763440000000000,1963.70,1963.70,1963.00,1963.60,318
1788763500000000000,1963.60,1964.30,1962.80,1964.30,460
1788763560000000000,1964.30,1964.40,1963.40,1964.00,414
1788763620000000000,1964.00,1964.30,1963.50,1964.00,749
1788763680000000000,1964.00,1964.00,1963.50,1963.50,243
1788763740000000000,1964.00,1964.50,1963.50,1964.20,709
1788763800000000000,1964.10,1964.70,1963.70,1964.50,1046
1788763860000000000,1964.50,1964.50,1963.50,1964.10,84
1788763920000000000,1964.00,1964.00,1963.00,1963.70,703
1788763980000000000,1963.70,1963.70,1963.00,1963.70,629
1788764040000000000,1963.70,1963.70,1963.00,1963.50,461
1788764100000000000,1963.50,1963.60,1963.00,1963.30,163
1788764160000000000,1963.30,1963.30,1963.00,1963.20,218
1788764220000000000,1963.20,1963.20,1962.00,1962.00,432
1788764280000000000,1962.60,1963.60,1962.00,1963.00,2141
1788764340000000000,1963.80,1965.20,1963.00,1965.20,9430
1788764400000000000,1965.20,1965.70,1964.50,1965.50,5865
1788764460000000000,1965.60,1966.40,1965.60,1966.40,1608
1788764520000000000,1966.40,1966.40,1965.00,1966.00,11591
1788764580000000000,1965.90,1966.00,1963.80,1964.80,2293
1788764640000000000,1964.80,1964.80,1963.50,1964.40,416
1788764700000000000,1964.40,1965.00,1963.70,1965.00,1613
1788764760000000000,1965.00,1965.20,1964.00,1965.20,1099
1788764820000000000,1965.00,1965.00,1964.00,1964.10,624
1788764880000000000,1964.70,1964.70,1964.00,1964.00,191
1788764940000000000,1964.10,1964.10,1964.00,1964.10,380
1788765000000000000,1964.10,1964.10,1963.20,1963.20,185
1788765060000000000,1963.20,1963.70,1963.00,1963.20,496
1788765120000000000,1963.20,1967.50,1963.20,1967.10,15209
1788765180000000000,1967.10,1967.10,1966.40,1966.50,229
1788765240000000000,1967.10,1967.10,1966.50,1967.00,359
1788765300000000000,1967.00,1967.00,1966.10,1966.70,116
1788765360000000000,1966.70,1966.70,1966.00,1966.50,820
1788765420000000000,1966.50,1966.50,1966.00,1966.40,362
1788765480000000000,1966.40,1966.40,1966.00,1966.00,418
1788765540000000000,1966.40,1967.00,1966.00,1966.10,957
1788765600000000000,1966.90,1966.90,1966.00,1966.00,1113
1788765660000000000,1966.70,1966.90,1964.00,1964.60,25625
1788765720000000000,1964.70,1964.70,1963.60,1964.40,685
1788765780000000000,1964.40,1964.50,1963.70,1964.50,406
1788765840000000000,1964.50,1964.50,1963.70,1964.40,725
1788765900000000000,1964.40,1964.40,1963.40,1963.40,194
1788765960000000000,1964.30,1964.40,1963.60,1964.20,267
1788766020000000000,1964.20,1964.20,1963.60,1963.80,366
1788766080000000000,1964.20,1964.40,1963.50,1964.40,1196
1788766140000000000,1964.40,1964.50,1963.80,1964.40,197
1788766200000000000,1964.40,1964.40,1964.00,1964.40,390
1788766260000000000,1964.40,1964.40,1963.70,1964.30,231
1788766320000000000,1964.30,1964.30,1963.40,1964.00,726
1788766380000000000,1964.00,1964.00,1963.40,1964.00,83
1788766440000000000,1964.00,1964.10,1963.20,1964.10,978
1788766500000000000,1964.10,1964.20,1964.00,1964.00,369
1788766560000000000,1964.10,1966.50,1964.10,1966.20,5973
1788766620000000000,1966.50,1967.00,1966.00,1966.00,1562
1788766680000000000,1966.60,1966.60,1966.00,1966.00,709
1788766740000000000,1966.10,1966.10,1966.00,1966.10,204
1788766800000000000,1966.10,1966.10,1966.00,1966.00,458
1788766860000000000,1966.10,1966.10,1966.00,1966.00,535
1788766920000000000,1966.10,1966.10,1966.00,1966.00,150
1788766980000000000,1966.10,1967.00,1966.00,1967.00,1895
1788767040000000000,1967.30,1967.30,1966.70,1967.00,4635
1788767100000000000,1967.00,1967.00,1966.10,1966.30,4682
1788767160000000000,1966.30,1966.50,1966.10,1966.30,68
1788767220000000000,1966.30,1967.00,1966.00,1967.00,3622
1788767280000000000,1966.30,1966.30,1966.00,1966.00,1351
1788767340000000000,1966.20,1966.20,1963.60,1965.20,18351
1788767400000000000,1965.20,1965.20,1964.80,1965.20,310
1788767460000000000,1965.20,1965.20,1964.00,1964.00,2014
1788767520000000000,1964.70,1967.10,1964.10,1965.80,16196
1788767580000000000,1966.70,1966.70,1966.00,1966.40,237
1788767640000000000,1966.40,1966.40,1965.60,1966.10,129
1788767700000000000,1966.40,1966.40,1966.10,1966.10,213
1788767760000000000,1966.40,1966.60,1965.20,1966.60,1496
1788767820000000000,1967.00,1967.20,1966.20,1967.20,547
1788767880000000000,1967.20,1967.20,1966.50,1967.10,467
1788767940000000000,1967.10,1967.70,1966.40,1967.70,883
1788768000000000000,1967.00,1967.40,1966.80,1967.30,324
1788768060000000000,1967.30,1967.30,1966.40,1967.10,502
1788768120000000000,1967.20,1967.20,1966.10,1967.10,824
1788768180000000000,1967.20,1967.20,1966.30,1967.00,121
1788768240000000000,1967.00,1967.00,1965.50,1965.80,920
1788768300000000000,1966.70,1966.70,1966.30,1966.50,97
1788768360000000000,1966.50,1968.00,1966.40,1967.60,1992
1788768420000000000,1967.60,1967.70,1967.00,1967.50,1109
1788768480000000000,1967.50,1968.00,1967.00,1967.00,329
1788768540000000000,1967.50,1967.90,1967.00,1967.50,322
1788768600000000000,1967.50,1967.50,1967.00,1967.50,102
1788768660000000000,1967.50,1967.50,1967.00,1967.50,368
1788768720000000000,1967.50,1967.50,1967.00,1967.00,425
1788768780000000000,1967.50,1967.50,1967.00,1967.40,186
1788768840000000000,1967.40,1967.50,1967.00,1967.40,792
1788768900000000000,1967.40,1967.40,1967.00,1967.40,443
1788768960000000000,1967.40,1967.90,1967.10,1967.90,1921
1788769020000000000,1967.90,1968.90,1967.00,1967.50,2672
1788769080000000000,1968.10,1968.30,1967.50,1968.00,678
1788769140000000000,1968.00,1968.00,1967.40,1968.00,286
1788769200000000000,1967.60,1967.70,1967.00,1967.20,1368
1788769260000000000,1967.70,1968.00,1967.10,1968.00,611
1788769320000000000,1968.00,1968.00,1967.40,1968.00,556
1788769380000000000,1968.00,1969.00,1967.10,1968.10,1184
1788769440000000000,1968.90,1968.90,1967.90,1968.50,282
1788769500000000000,1968.50,1968.90,1967.70,1968.00,558
1788769560000000000,1968.00,1968.70,1967.90,1968.70,403
1788769620000000000,1968.70,1968.70,1968.10,1968.60,243
1788769680000000000,1968.50,1969.50,1968.50,1969.00,1500
1788769740000000000,1969.00,1969.60,1968.30,1969.20,1092
1788769800000000000,1969.20,1970.20,1969.20,1970.00,6640
1788769860000000000,1970.50,1970.80,1970.00,1970.40,112
1788769920000000000,1970.40,1971.20,1970.00,1970.40,2857
1788769980000000000,1971.00,1971.30,1970.00,1970.90,402
1788770040000000000,1970.90,1971.00,1970.00,1970.90,872
1788770100000000000,1971.00,1971.00,1970.00,1970.00,588
1788770160000000000,1970.50,1970.50,1970.00,1970.50,1568
1788770220000000000,1970.50,1970.50,1970.00,1970.30,741
1788770280000000000,1970.30,1970.30,1968.40,1968.70,4227
1788770340000000000,1969.60,1970.40,1968.70,1970.00,712
1788770400000000000,1970.40,1970.50,1968.60,1969.50,919
1788770460000000000,1969.50,1969.50,1968.60,1969.00,755
1788770520000000000,1969.50,1970.30,1969.00,1969.50,2770
1788770580000000000,1969.50,1970.00,1969.50,1969.90,147
1788770640000000000,1969.90,1970.00,1968.60,1968.60,688
1788770700000000000,1969.70,1970.00,1968.50,1968.50,1212
1788770760000000000,1969.60,1969.70,1969.40,1969.50,202
1788770820000000000,1969.50,1969.60,1968.80,1969.40,321
1788770880000000000,1969.40,1969.40,1968.40,1968.40,1286
1788770940000000000,1969.20,1969.20,1969.00,1969.10,85
1788771000000000000,1969.10,1969.10,1968.00,1968.70,881
1788771060000000000,1968.70,1968.70,1967.10,1967.80,806
1788771120000000000,1967.80,1967.80,1966.30,1966.30,638
1788771180000000000,1967.10,1967.30,1966.30,1967.20,470
1788771240000000000,1967.20,1968.50,1966.90,1968.40,1789
1788771300000000000,1968.40,1968.40,1967.40,1968.00,1139
1788771360000000000,1968.00,1968.00,1967.40,1968.00,724
1788771420000000000,1967.90,1967.90,1967.00,1967.30,303
1788771480000000000,1967.30,1967.70,1967.00,1967.70,1073
1788771540000000000,1967.70,1968.00,1967.10,1968.00,376
1788771600000000000,1967.80,1968.00,1967.30,1967.90,642
1788771660000000000,1967.90,1967.90,1967.30,1967.70,591
1788771720000000000,1967.70,1967.90,1966.80,1967.70,966
1788771780000000000,1967.70,1968.00,1966.70,1968.00,1931
1788771840000000000,1968.00,1968.00,1967.00,1967.90,1794
1788771900000000000,1968.00,1968.00,1967.00,1967.00,1553
1788771960000000000,1967.60,1967.80,1967.10,1967.20,1800
1788772020000000000,1967.50,1967.90,1967.30,1967.60,543
1788772080000000000,1967.50,1967.80,1966.10,1967.30,1166
1788772140000000000,1967.20,1967.30,1966.50,1966.90,190
1788772200000000000,1966.70,1967.20,1966.30,1966.90,1508
1788772260000000000,1966.60,1966.90,1966.10,1966.90,1943
1788772320000000000,1966.90,1967.80,1966.50,1967.70,1829
1788772380000000000,1967.60,1967.60,1967.00,1967.30,401
1788772440000000000,1967.20,1968.20,1967.20,1967.70,881
1788772500000000000,1968.10,1968.10,1966.70,1966.90,1955
1788772560000000000,1967.00,1967.80,1966.00,1966.90,2015
1788772620000000000,1966.90,1968.40,1966.90,1968.10,2501
1788772680000000000,1968.30,1968.60,1967.20,1967.60,2045
1788772740000000000,1967.60,1968.20,1967.00,1967.70,3445
1788772800000000000,1967.60,1972.30,1967.00,1969.10,28130
1788772860000000000,1968.80,1969.50,1968.70,1969.50,2158
1788772920000000000,1969.40,1969.60,1968.80,1969.60,2979
1788772980000000000,1969.30,1969.60,1969.20,1969.60,925
1788773040000000000,1969.60,1970.00,1969.40,1969.80,956
1788773100000000000,1969.70,1969.90,1969.10,1969.20,2297
1788773160000000000,1969.50,1970.90,1969.50,1970.30,2670
1788773220000000000,1970.40,1970.90,1969.80,1970.60,1471
1788773280000000000,1970.30,1970.90,1969.20,1969.50,3742
1788773340000000000,1969.70,1970.50,1969.00,1970.50,5147
1788773400000000000,1970.50,1972.10,1968.80,1969.20,10861
1788773460000000000,1969.50,1970.40,1969.40,1970.20,2397
1788773520000000000,1970.30,1970.60,1969.50,1970.50,4643
1788773580000000000,1970.60,1970.90,1970.20,1970.20,4273
1788773640000000000,1970.30,1970.60,1968.60,1969.00,4707
1788773700000000000,1968.80,1969.50,1967.50,1968.60,5597
1788773760000000000,1968.90,1969.10,1967.60,1968.80,3716
1788773820000000000,1968.80,1969.50,1968.70,1969.00,3175
1788773880000000000,1969.00,1969.70,1968.60,1969.60,6104
1788773940000000000,1969.60,1969.70,1968.40,1969.00,6175
1788774000000000000,1969.00,1970.20,1968.60,1969.50,10351
1788774060000000000,1970.00,1970.40,1968.00,1969.20,5645
1788774120000000000,1969.10,1970.60,1967.00,1967.00,13122
1788774180000000000,1967.00,1968.30,1966.00,1966.00,3998
1788774240000000000,1966.20,1969.00,1966.00,1967.50,1222
1788774300000000000,1967.50,1967.50,1967.50,1967.50,0
1788774360000000000,1967.50,1967.50,1967.50,1967.50,0
1788774420000000000,1967.50,1967.50,1967.50,1967.50,0
1788774480000000000,1967.50,1967.50,1967.50,1967.50,0
1788774540000000000,1967.50,1967.50,1967.50,1967.50,0
1788774600000000000,1967.50,1967.50,1967.50,1967.50,0
1788774660000000000,1967.50,1967.50,1967.50,1967.50,0
1788774720000000000,1967.50,1967.50,1967.50,1967.50,0
1788774780000000000,1967.50,1967.50,1967.50,1967.50,0
1788774840000000000,1967.50,1967.50,1967.50,1967.50,0
1788774900000000000,1967.50,1967.50,1967.50,1967.50,0
1788774960000000000,1967.50,1967.50,1967.50,1967.50,0
1788775020000000000,1967.50,1967.50,1967.50,1967.50,0
1788775080000000000,1967.50,1967.50,1967.50,1967.50,0
1788775140000000000,1960.00,1960.00,1960.00,1960.00,42901
1788839100000000000,1967.00,1967.00,1956.70,1961.30,14426
1788839160000000000,1961.30,1971.20,1961.20,1970.80,4921
1788839220000000000,1970.40,1975.90,1969.60,1973.20,7211
1788839280000000000,1973.20,1973.70,1968.00,1968.00,2156
1788839340000000000,1969.60,1969.60,1967.50,1967.50,1142
1788839400000000000,1967.90,1967.90,1963.50,1964.30,3222
1788839460000000000,1964.30,1965.00,1963.10,1964.10,1576
1788839520000000000,1963.80,1964.30,1963.10,1963.60,928
1788839580000000000,1964.00,1964.40,1962.50,1964.30,1518
1788839640000000000,1964.20,1965.60,1964.00,1965.00,1315
1788839700000000000,1965.00,1965.60,1964.00,1964.70,1112
1788839760000000000,1964.70,1966.50,1964.70,1965.80,1225
1788839820000000000,1965.50,1966.30,1964.10,1964.20,1768
1788839880000000000,1964.60,1965.60,1964.20,1965.20,563
1788839940000000000,1965.50,1966.10,1964.20,1966.00,1671
1788840000000000000,1965.70,1966.30,1964.80,1965.40,940
1788840060000000000,1965.80,1967.30,1965.00,1965.70,2121
1788840120000000000,1965.90,1966.10,1965.20,1965.90,350
1788840180000000000,1966.10,1966.30,1964.70,1964.70,749
1788840240000000000,1965.10,1965.30,1963.80,1964.80,1340
1788840300000000000,1964.80,1965.80,1964.50,1965.00,594
1788840360000000000,1965.10,1965.80,1964.50,1965.00,378
1788840420000000000,1965.30,1965.30,1963.60,1964.50,1276
1788840480000000000,1964.50,1965.00,1964.10,1964.30,152
1788840540000000000,1964.60,1966.50,1964.20,1964.60,606
1788840600000000000,1964.60,1965.20,1963.50,1964.30,419
1788840660000000000,1964.30,1966.60,1964.30,1965.50,1363
1788840720000000000,1965.70,1966.90,1964.90,1965.00,893
1788840780000000000,1965.30,1965.70,1964.40,1964.40,742
1788840840000000000,1964.70,1965.40,1963.70,1964.60,1315
1788840900000000000,1964.40,1964.90,1964.00,1964.70,284
1788840960000000000,1964.60,1965.10,1963.50,1964.60,922
1788841020000000000,1965.00,1965.00,1963.10,1964.10,1395
1788841080000000000,1964.50,1965.00,1964.00,1964.20,325
1788841140000000000,1965.00,1965.00,1964.10,1965.00,353
1788841200000000000,1965.00,1965.60,1964.60,1965.20,945
1788841260000000000,1965.10,1965.50,1964.60,1965.30,271
1788841320000000000,1965.30,1965.30,1964.40,1965.00,348
1788841380000000000,1964.80,1965.90,1964.50,1965.40,528
1788841440000000000,1965.40,1966.10,1965.20,1965.30,718
1788841500000000000,1965.40,1965.50,1964.50,1964.50,627
1788841560000000000,1964.80,1965.80,1964.10,1964.60,531
1788841620000000000,1965.00,1967.60,1964.50,1966.50,1383
1788841680000000000,1966.50,1967.50,1965.90,1967.50,694
1788841740000000000,1967.10,1968.30,1967.10,1968.20,453
1788841800000000000,1968.20,1968.30,1967.40,1968.10,273
1788841860000000000,1968.00,1971.90,1967.00,1970.70,26536
1788841920000000000,1971.20,1973.70,1971.00,1973.40,2927
1788841980000000000,1972.90,1973.60,1969.90,1973.50,7109
1788842040000000000,1972.50,1973.90,1972.10,1972.50,3359
1788842100000000000,1972.50,1973.40,1971.40,1972.80,3237
1788842160000000000,1972.20,1974.00,1972.00,1973.90,1343
1788842220000000000,1973.80,1974.80,1973.80,1973.90,1012
1788842280000000000,1974.40,1975.90,1974.40,1975.00,4262
1788842340000000000,1975.00,1975.00,1973.80,1974.40,369
1788842400000000000,1974.20,1977.20,1973.80,1977.20,6381
1788842460000000000,1976.90,1978.00,1976.40,1977.60,3392
1788842520000000000,1977.30,1977.60,1974.90,1977.00,5961
1788842580000000000,1977.00,1981.00,1977.00,1978.20,13499
1788842640000000000,1979.00,1981.00,1978.30,1981.00,1076
1788842700000000000,1980.70,1981.00,1979.90,1980.50,2169
1788842760000000000,1980.40,1981.60,1980.10,1981.40,1127
1788842820000000000,1981.40,1982.40,1980.00,1980.60,6770
1788842880000000000,1980.20,1980.20,1977.00,1977.70,3465
1788842940000000000,1977.50,1979.00,1977.30,1978.60,554
1788843000000000000,1978.60,1979.90,1978.00,1979.90,856
1788843060000000000,1979.70,1980.90,1979.20,1979.80,550
1788843120000000000,1980.30,1980.40,1979.00,1979.70,1194
1788843180000000000,1979.40,1980.70,1979.00,1980.00,1164
1788843240000000000,1980.00,1980.20,1977.60,1979.00,2034
1788843300000000000,1978.80,1978.80,1976.60,1977.70,952
1788843360000000000,1977.40,1977.90,1976.40,1976.40,304
1788843420000000000,1977.10,1977.60,1976.70,1977.60,1213
1788843480000000000,1977.60,1978.00,1977.00,1977.50,889
1788843540000000000,1977.50,1977.60,1976.20,1977.30,1194
1788843600000000000,1977.20,1977.40,1975.00,1976.30,2204
1788843660000000000,1976.50,1978.10,1975.90,1975.90,1906
1788843720000000000,1976.50,1976.80,1976.00,1976.00,507
1788843780000000000,1976.50,1976.80,1975.70,1976.00,918
1788843840000000000,1976.30,1977.30,1976.00,1976.70,1861
1788843900000000000,1976.80,1976.90,1976.00,1976.40,622
1788843960000000000,1976.40,1976.80,1975.20,1975.50,2584
1788844020000000000,1975.50,1975.80,1975.00,1975.30,1801
1788844080000000000,1975.20,1975.60,1974.60,1975.50,428
1788844140000000000,1975.60,1975.60,1973.80,1975.00,826
1788844200000000000,1975.00,1975.30,1974.30,1975.30,353
1788844260000000000,1975.20,1975.20,1974.70,1975.00,298
1788844320000000000,1974.90,1975.00,1974.30,1974.50,558
1788844380000000000,1974.60,1974.60,1971.90,1972.90,1721
1788844440000000000,1972.90,1976.10,1971.20,1976.00,11574
1788844500000000000,1976.00,1979.10,1975.70,1978.00,2101
1788844560000000000,1977.90,1979.30,1977.90,1978.50,885
1788844620000000000,1978.80,1979.00,1978.40,1978.80,1115
1788844680000000000,1978.70,1978.70,1976.80,1977.40,1196
1788844740000000000,1977.40,1978.00,1976.30,1978.00,1394
1788844800000000000,1977.90,1979.30,1977.80,1979.20,316
1788844860000000000,1979.10,1982.00,1978.50,1981.60,7228
1788844920000000000,1981.20,1981.50,1980.20,1980.90,1196
1788844980000000000,1981.30,1982.00,1981.00,1981.50,674
1788845040000000000,1981.80,1981.80,1981.00,1981.60,1282
1788845100000000000,1981.30,1981.40,1980.00,1980.50,2063
1788845160000000000,1980.50,1980.80,1980.00,1980.00,712
1788845220000000000,1980.10,1980.50,1980.00,1980.50,796
1788845280000000000,1980.40,1980.80,1980.00,1980.70,1300
1788845340000000000,1980.80,1981.90,1980.50,1980.90,2231
1788845400000000000,1981.20,1981.20,1980.00,1980.00,972
1788845460000000000,1980.30,1982.00,1980.00,1982.00,3267
1788845520000000000,1981.80,1982.10,1980.70,1981.90,3492
1788845580000000000,1982.00,1982.10,1980.00,1982.10,5536
1788845640000000000,1982.10,1982.20,1980.30,1981.10,1398
1788845700000000000,1981.20,1983.00,1980.00,1982.70,8162
1788845760000000000,1982.40,1983.00,1982.10,1983.00,1787
1788845820000000000,1982.90,1983.90,1982.80,1983.20,653
1788845880000000000,1983.20,1986.50,1983.10,1985.60,8679
1788845940000000000,1985.90,1985.90,1985.00,1985.40,1021
1788846000000000000,1985.30,1986.00,1983.80,1984.20,5604
1788846060000000000,1984.30,1986.00,1983.40,1985.40,2238
1788846120000000000,1985.40,1985.90,1985.00,1985.80,546
1788846180000000000,1985.50,1986.20,1985.00,1986.20,1304
1788846240000000000,1986.00,1987.00,1986.00,1986.90,1083
1788846300000000000,1987.00,1987.70,1986.50,1986.90,2398
1788846360000000000,1987.00,1987.90,1986.50,1987.30,1767
1788846420000000000,1987.30,1987.70,1987.00,1987.40,471
1788846480000000000,1987.40,1987.60,1987.00,1987.40,1872
1788846540000000000,1987.20,1987.90,1987.00,1987.70,494
1788846600000000000,1987.50,1987.70,1986.50,1987.70,667
1788846660000000000,1987.70,1987.70,1987.00,1987.00,558
1788846720000000000,1987.50,1987.70,1987.00,1987.50,993
1788846780000000000,1987.30,1987.40,1984.90,1986.10,5517
1788846840000000000,1986.20,1986.30,1984.60,1985.90,892
1788846900000000000,1985.80,1986.40,1985.00,1986.00,478
1788846960000000000,1985.60,1985.60,1982.80,1983.00,4632
1788847020000000000,1983.50,1983.50,1982.80,1983.50,500
1788847080000000000,1983.30,1983.90,1983.10,1983.40,667
1788847140000000000,1983.40,1983.80,1983.00,1983.40,1454
1788847200000000000,1983.20,1984.80,1983.20,1984.20,2350
1788847260000000000,1984.20,1984.40,1983.10,1984.10,511
1788847320000000000,1984.30,1984.50,1983.90,1984.40,643
1788847380000000000,1984.40,1984.40,1983.00,1983.00,1317
1788847440000000000,1983.00,1983.80,1981.20,1983.10,2864
1788847500000000000,1983.10,1983.50,1982.30,1983.10,873
1788847560000000000,1983.10,1983.60,1982.70,1983.00,1272
1788847620000000000,1982.80,1983.10,1981.60,1982.70,1474
1788847680000000000,1982.30,1983.00,1982.30,1982.90,352
1788847740000000000,1983.00,1983.80,1982.60,1983.60,659
1788847800000000000,1983.70,1983.70,1982.80,1983.50,236
1788847860000000000,1983.50,1983.70,1982.80,1983.40,177
1788847920000000000,1983.30,1983.40,1983.10,1983.40,480
1788847980000000000,1983.40,1983.60,1983.00,1983.30,272
1788848040000000000,1983.30,1985.00,1983.00,1984.90,4831
1788848100000000000,1984.90,1984.90,1984.20,1984.60,222
1788848160000000000,1984.50,1985.00,1984.30,1984.90,1255
1788848220000000000,1984.90,1985.70,1983.60,1984.30,4274
1788848280000000000,1984.30,1984.70,1983.00,1984.50,2091
1788848340000000000,1984.30,1984.40,1983.30,1984.20,1841
1788848400000000000,1984.10,1984.10,1983.20,1983.50,578
1788848460000000000,1983.50,1984.00,1983.00,1984.00,315
1788848520000000000,1984.00,1984.00,1983.10,1983.50,322
1788848580000000000,1983.40,1983.40,1983.00,1983.00,790
1788848640000000000,1983.20,1983.20,1981.60,1982.50,1221
1788848700000000000,1982.40,1982.80,1981.80,1982.20,1063
1788848760000000000,1982.20,1982.70,1981.80,1982.70,4762
1788848820000000000,1982.70,1983.00,1982.00,1982.80,3667
1788848880000000000,1982.80,1982.90,1981.40,1981.70,2253
1788848940000000000,1982.70,1982.70,1981.90,1982.60,743
1788849000000000000,1982.20,1982.50,1981.60,1982.50,229
1788849060000000000,1982.50,1982.50,1982.10,1982.50,529
1788849120000000000,1982.40,1982.50,1982.20,1982.50,403
1788849180000000000,1982.40,1982.90,1982.20,1982.40,1072
1788849240000000000,1982.60,1983.60,1981.10,1983.50,2299
1788849300000000000,1982.90,1983.30,1981.90,1983.10,958
1788849360000000000,1982.90,1983.50,1982.40,1983.40,809
1788849420000000000,1983.40,1984.00,1982.80,1983.50,426
1788849480000000000,1983.40,1983.60,1981.60,1982.00,2904
1788849540000000000,1982.00,1983.70,1981.40,1982.90,1066
1788849600000000000,1983.00,1983.40,1982.50,1983.30,298
1788849660000000000,1983.30,1983.90,1982.90,1982.90,635
1788849720000000000,1983.20,1983.80,1982.90,1983.50,1364
1788849780000000000,1983.60,1984.00,1983.00,1984.00,550
1788849840000000000,1983.70,1984.20,1983.00,1984.00,797
1788849900000000000,1983.80,1984.00,1983.80,1984.00,175
1788849960000000000,1984.00,1985.00,1983.80,1984.40,695
1788850020000000000,1984.40,1985.00,1984.00,1985.00,962
1788850080000000000,1985.00,1985.00,1983.70,1984.80,732
1788850140000000000,1984.90,1985.00,1984.00,1984.70,939
1788850200000000000,1984.40,1984.90,1983.80,1984.60,948
1788850260000000000,1984.60,1984.60,1983.00,1983.70,692
1788850320000000000,1983.40,1984.00,1983.40,1984.00,280
1788850380000000000,1983.70,1985.00,1983.30,1984.70,999
1788850440000000000,1984.40,1984.60,1983.60,1983.60,238
1788850500000000000,1984.20,1984.50,1983.90,1983.90,582
1788850560000000000,1983.90,1984.50,1983.60,1984.40,272
1788850620000000000,1984.40,1984.50,1983.00,1983.70,462
1788850680000000000,1983.70,1983.70,1983.00,1983.40,424
1788850740000000000,1983.40,1984.40,1983.00,1983.60,1039
1788850800000000000,1984.40,1984.50,1983.70,1984.20,380
1788850860000000000,1984.30,1984.50,1983.60,1983.90,476
1788850920000000000,1983.90,1985.00,1983.70,1984.40,1432
1788850980000000000,1983.90,1984.40,1983.70,1984.40,888
1788851040000000000,1984.20,1984.20,1983.10,1983.50,1160
1788851100000000000,1983.50,1984.80,1983.40,1984.50,1146
1788851160000000000,1984.50,1985.00,1983.60,1984.50,1118
1788851220000000000,1984.50,1986.00,1983.80,1985.80,2058
1788851280000000000,1985.80,1986.00,1985.60,1986.00,491
1788851340000000000,1986.00,1986.00,1985.00,1985.60,1790
1788851400000000000,1985.00,1985.50,1983.90,1985.00,5007
1788851460000000000,1985.30,1985.80,1982.70,1985.70,5687
1788851520000000000,1985.40,1985.60,1985.00,1985.30,788
1788851580000000000,1985.30,1985.30,1982.80,1985.10,21184
1788851640000000000,1985.10,1985.60,1985.00,1985.00,1774
1788851700000000000,1985.20,1985.70,1984.70,1985.70,21931
1788851760000000000,1985.60,1985.60,1984.90,1985.40,4603
1788851820000000000,1985.40,1987.50,1985.00,1987.50,5402
1788851880000000000,1987.50,1987.50,1986.20,1987.00,613
1788851940000000000,1986.80,1987.00,1986.10,1986.10,981
1788852000000000000,1986.20,1986.80,1985.90,1986.10,827
1788852060000000000,1986.50,1986.70,1985.70,1986.00,1525
1788852120000000000,1986.00,1986.90,1985.40,1986.60,2867
1788852180000000000,1986.20,1987.10,1986.00,1987.00,1098
1788852240000000000,1987.00,1987.00,1986.30,1986.50,553
1788852300000000000,1986.50,1987.00,1986.00,1986.80,1688
1788852360000000000,1986.70,1986.70,1985.70,1985.90,819
1788852420000000000,1986.00,1986.50,1985.70,1986.00,859
1788852480000000000,1986.00,1987.00,1985.90,1986.40,1005
1788852540000000000,1986.40,1986.60,1985.30,1985.50,625
1788852600000000000,1985.70,1985.90,1985.10,1985.90,733
1788852660000000000,1985.60,1985.90,1985.60,1985.60,286
1788852720000000000,1985.80,1990.80,1985.60,1987.90,13794
1788852780000000000,1988.00,1989.90,1987.20,1988.60,1840
1788852840000000000,1988.70,1988.80,1988.20,1988.60,413
1788852900000000000,1988.40,1988.50,1988.20,1988.20,602
1788852960000000000,1988.40,1988.40,1987.20,1987.30,906
1788853020000000000,1987.60,1988.80,1986.90,1988.80,3070
1788853080000000000,1988.60,1988.90,1988.00,1988.50,598
1788853140000000000,1988.40,1988.50,1988.30,1988.40,189
1788853200000000000,1988.40,1988.50,1987.80,1988.40,213
1788853260000000000,1987.80,1988.20,1987.30,1987.80,657
1788853320000000000,1988.00,1988.00,1987.20,1987.90,242
1788853380000000000,1987.90,1987.90,1986.60,1987.40,618
1788853440000000000,1987.10,1987.60,1986.80,1987.40,576
1788853500000000000,1987.30,1987.90,1986.90,1987.70,1407
1788853560000000000,1987.50,1987.50,1986.10,1986.30,845
1788853620000000000,1986.60,1987.00,1986.00,1987.00,566
1788853680000000000,1986.70,1987.60,1986.30,1987.00,840
1788853740000000000,1987.00,1987.40,1986.40,1987.40,469
1788853800000000000,1987.10,1987.90,1986.60,1987.70,880
1788853860000000000,1987.30,1987.60,1986.70,1987.20,304
1788853920000000000,1987.20,1987.90,1986.70,1987.20,299
1788853980000000000,1987.40,1987.60,1986.60,1987.00,735
1788854040000000000,1987.00,1987.20,1986.60,1986.60,675
1788854100000000000,1987.00,1987.00,1986.80,1987.00,172
1788854160000000000,1987.00,1987.20,1986.10,1987.20,672
1788854220000000000,1986.80,1987.40,1986.10,1987.00,315
1788854280000000000,1986.70,1987.10,1985.90,1985.90,1320
1788854340000000000,1986.20,1986.60,1985.90,1986.30,433
1788854400000000000,1986.30,1986.30,1985.00,1985.70,2466
1788854460000000000,1985.60,1985.90,1985.50,1985.80,287
1788854520000000000,1985.70,1985.80,1984.70,1985.00,19882
1788854580000000000,1985.10,1985.30,1984.10,1985.00,41244
1788854640000000000,1985.10,1985.20,1984.90,1985.00,24594
1788854700000000000,1985.00,1985.10,1985.00,1985.00,1128
1788854760000000000,1985.10,1985.30,1985.00,1985.00,984
1788854820000000000,1985.20,1985.60,1985.00,1985.20,1687
1788854880000000000,1985.10,1985.30,1985.00,1985.00,1439
1788854940000000000,1985.20,1985.40,1985.00,1985.30,1386
1788855000000000000,1985.20,1985.30,1985.00,1985.20,1032
1788855060000000000,1985.10,1985.20,1985.00,1985.20,735
1788855120000000000,1985.20,1985.40,1985.00,1985.10,787
1788855180000000000,1985.20,1985.90,1985.00,1985.00,4433
1788855240000000000,1985.10,1985.30,1983.40,1985.00,8512
1788855300000000000,1985.20,1985.30,1985.00,1985.00,1268
1788855360000000000,1985.10,1985.20,1985.00,1985.00,1679
1788855420000000000,1985.10,1985.20,1985.00,1985.20,2852
1788855480000000000,1985.20,1985.20,1985.00,1985.00,1131
1788855540000000000,1985.10,1985.20,1980.10,1982.60,24606
1788855600000000000,1982.10,1983.30,1981.80,1982.90,2218
1788855660000000000,1982.50,1984.20,1981.70,1982.80,2112
1788855720000000000,1982.50,1983.70,1982.20,1983.30,1055
1788855780000000000,1983.10,1983.40,1982.20,1982.90,859
1788855840000000000,1982.60,1983.50,1982.20,1983.20,625
1788855900000000000,1982.70,1983.00,1982.20,1982.90,584
1788855960000000000,1982.60,1983.50,1982.30,1983.50,772
1788856020000000000,1983.30,1983.90,1983.10,1983.90,415
1788856080000000000,1983.60,1983.90,1983.10,1983.60,317
1788856140000000000,1983.50,1983.90,1983.30,1983.90,164
1788856200000000000,1983.80,1984.00,1983.60,1983.80,429
1788856260000000000,1983.70,1984.70,1983.50,1984.40,827
1788856320000000000,1984.10,1984.40,1983.30,1983.70,492
1788856380000000000,1983.50,1984.50,1983.30,1984.00,386
1788856440000000000,1984.30,1984.70,1983.60,1984.40,530
1788856500000000000,1984.30,1984.40,1983.80,1984.10,1026
1788856560000000000,1984.10,1984.60,1983.70,1984.20,262
1788856620000000000,1984.20,1984.40,1983.70,1984.20,250
1788856680000000000,1984.20,1984.20,1983.70,1984.10,155
1788856740000000000,1984.10,1984.50,1983.90,1983.90,385
1788856800000000000,1984.40,1984.50,1983.80,1984.20,608
1788856860000000000,1984.40,1984.50,1984.00,1984.50,695
1788856920000000000,1984.40,1984.50,1984.00,1984.50,526
1788856980000000000,1984.30,1984.60,1984.00,1984.20,570
1788857040000000000,1984.10,1984.80,1984.00,1984.00,1682
1788857100000000000,1984.00,1984.40,1983.60,1984.40,260
1788857160000000000,1984.40,1984.40,1983.50,1983.90,318
1788857220000000000,1983.70,1986.10,1983.10,1985.50,7181
1788857280000000000,1985.30,1985.50,1985.00,1985.00,828
1788857340000000000,1985.20,1985.30,1985.00,1985.00,464
1788857400000000000,1985.20,1985.40,1985.00,1985.20,325
1788857460000000000,1985.10,1985.20,1985.00,1985.10,913
1788857520000000000,1985.10,1985.30,1985.00,1985.00,705
1788857580000000000,1985.20,1985.30,1985.00,1985.20,629
1788857640000000000,1985.10,1985.50,1985.00,1985.50,1791
1788857700000000000,1985.30,1985.30,1985.00,1985.00,1380
1788857760000000000,1985.20,1985.30,1985.00,1985.20,1229
1788857820000000000,1985.10,1985.30,1985.00,1985.20,622
1788857880000000000,1985.00,1985.30,1985.00,1985.20,738
1788857940000000000,1985.00,1985.20,1985.00,1985.20,1494
1788858000000000000,1985.00,1985.40,1985.00,1985.20,2391
1788858060000000000,1985.10,1985.30,1985.00,1985.30,1348
1788858120000000000,1985.20,1985.40,1985.00,1985.30,544
1788858180000000000,1985.20,1985.30,1985.00,1985.30,492
1788858240000000000,1985.30,1985.30,1985.20,1985.20,247
1788858300000000000,1985.30,1986.40,1985.30,1985.90,4180
1788858360000000000,1986.40,1986.50,1985.90,1986.40,722
1788858420000000000,1986.40,1986.80,1986.30,1986.80,1131
1788858480000000000,1986.50,1986.60,1985.00,1986.10,2407
1788858540000000000,1985.80,1986.00,1985.00,1985.60,1235
1788858600000000000,1985.30,1985.60,1985.00,1985.30,1301
1788858660000000000,1985.30,1986.00,1985.20,1985.60,1371
1788858720000000000,1985.50,1986.20,1985.00,1985.00,2983
1788858780000000000,1985.10,1985.80,1985.00,1985.60,1045
1788858840000000000,1985.60,1985.80,1985.10,1985.80,1029
1788858900000000000,1985.80,1985.80,1985.10,1985.20,1129
1788858960000000000,1985.20,1985.20,1985.00,1985.10,1645
1788859020000000000,1985.10,1985.50,1985.00,1985.50,4057
1788859080000000000,1985.50,1986.60,1985.40,1986.30,4868
1788859140000000000,1986.30,1986.50,1986.20,1986.40,855
1788859200000000000,1986.20,1989.90,1985.90,1986.90,29788
1788859260000000000,1986.60,1986.90,1985.50,1985.80,6011
1788859320000000000,1985.70,1985.80,1985.60,1985.70,2201
1788859380000000000,1985.70,1985.70,1985.60,1985.70,2417
1788859440000000000,1985.70,1986.90,1985.30,1986.90,5944
1788859500000000000,1986.90,1987.70,1986.00,1986.80,12514
1788859560000000000,1986.80,1987.30,1986.40,1986.70,3427
1788859620000000000,1986.70,1987.30,1986.50,1987.00,3280
1788859680000000000,1987.00,1988.50,1986.90,1987.90,4315
1788859740000000000,1987.90,1987.90,1987.00,1987.30,3222
1788859800000000000,1987.00,1987.80,1986.70,1987.70,4912
1788859860000000000,1987.60,1987.80,1987.40,1987.70,3383
1788859920000000000,1987.70,1987.80,1984.90,1985.80,104256
1788859980000000000,1986.50,1986.50,1985.80,1986.00,1458
1788860040000000000,1985.80,1986.00,1985.40,1985.50,2106
1788860100000000000,1985.50,1985.50,1980.60,1981.00,22839
1788860160000000000,1981.00,1983.10,1980.00,1982.50,9819
1788860220000000000,1982.70,1982.70,1982.20,1982.30,3563
1788860280000000000,1982.40,1982.40,1982.00,1982.10,5243
1788860340000000000,1982.10,1982.50,1982.00,1982.40,5598
1788860400000000000,1982.40,1985.00,1982.00,1983.60,23648
1788860460000000000,1983.70,1983.80,1980.70,1980.70,104780
1788860520000000000,1980.70,1983.00,1978.10,1983.00,15037
1788860580000000000,1982.40,1983.00,1975.10,1977.00,21900
1788860640000000000,1976.40,1983.00,1975.20,1980.10,6949
1788860700000000000,1980.10,1980.10,1980.10,1980.10,0
1788860760000000000,1980.10,1980.10,1980.10,1980.10,0
1788860820000000000,1980.10,1980.10,1980.10,1980.10,0
1788860880000000000,1980.10,1980.10,1980.10,1980.10,0
1788860940000000000,1980.10,1980.10,1980.10,1980.10,0
1788861000000000000,1980.10,1980.10,1980.10,1980.10,0
1788861060000000000,1980.10,1980.10,1980.10,1980.10,0
1788861120000000000,1980.10,1980.10,1980.10,1980.10,0
1788861180000000000,1980.10,1980.10,1980.10,1980.10,0
1788861240000000000,1980.10,1980.10,1980.10,1980.10,0
1788861300000000000,1980.10,1980.10,1980.10,1980.10,0
1788861360000000000,1980.10,1980.10,1980.10,1980.10,0
1788861420000000000,1980.10,1980.10,1980.10,1980.10,0
1788861480000000000,1980.10,1980.10,1980.10,1980.10,0
1788861540000000000,1980.00,1980.00,1980.00,1980.00,145437
1788925500000000000,1973.00,1979.60,1968.60,1969.80,10278
1788925560000000000,1969.80,1969.80,1966.20,1967.80,3452
1788925620000000000,1967.80,1968.50,1967.00,1968.40,6620
1788925680000000000,1968.40,1968.50,1966.00,1966.70,3443
1788925740000000000,1966.70,1968.00,1966.00,1967.40,1407
1788925800000000000,1967.40,1967.50,1966.00,1966.20,2648
1788925860000000000,1966.20,1966.30,1965.20,1965.60,2749
1788925920000000000,1965.60,1966.00,1964.50,1964.70,3177
1788925980000000000,1965.50,1965.60,1964.10,1964.50,2428
1788926040000000000,1964.80,1965.90,1964.10,1964.90,3757
1788926100000000000,1964.90,1965.00,1963.00,1964.00,2966
1788926160000000000,1963.50,1964.20,1963.10,1963.50,1118
1788926220000000000,1963.80,1963.80,1963.00,1963.70,1665
1788926280000000000,1963.40,1963.70,1961.30,1962.00,3374
1788926340000000000,1962.70,1962.70,1961.30,1961.50,1847
1788926400000000000,1961.90,1962.50,1961.50,1961.50,2813
1788926460000000000,1961.90,1962.00,1961.50,1961.50,1885
1788926520000000000,1961.90,1962.20,1961.50,1962.20,2445
1788926580000000000,1962.20,1962.80,1962.00,1962.00,1996
1788926640000000000,1962.10,1962.30,1961.60,1962.30,1245
1788926700000000000,1962.30,1962.30,1960.50,1960.70,3990
1788926760000000000,1960.80,1960.90,1960.30,1960.40,1235
1788926820000000000,1960.40,1960.70,1960.20,1960.30,1963
1788926880000000000,1960.30,1961.60,1960.20,1961.30,3187
1788926940000000000,1961.30,1962.40,1961.20,1961.80,2271
1788927000000000000,1961.80,1961.80,1961.20,1961.30,1303
1788927060000000000,1961.30,1961.30,1961.00,1961.30,1835
1788927120000000000,1961.30,1961.30,1960.70,1961.10,1570
1788927180000000000,1961.10,1961.10,1957.50,1957.50,6432
1788927240000000000,1957.40,1957.40,1954.70,1955.70,7698
1788927300000000000,1955.70,1957.00,1955.70,1956.40,930
1788927360000000000,1956.40,1957.00,1956.00,1956.70,4052
1788927420000000000,1956.70,1956.90,1956.00,1956.00,2637
1788927480000000000,1956.50,1956.90,1956.00,1956.90,1007
1788927540000000000,1956.90,1956.90,1956.30,1956.60,1565
1788927600000000000,1956.70,1957.00,1955.70,1955.90,3336
1788927660000000000,1955.90,1956.00,1955.50,1955.70,1104
1788927720000000000,1955.70,1956.60,1953.60,1953.70,10830
1788927780000000000,1953.70,1954.10,1953.70,1954.10,1299
1788927840000000000,1954.10,1954.20,1953.00,1953.30,2450
1788927900000000000,1953.30,1953.90,1953.20,1953.60,1087
1788927960000000000,1953.60,1954.40,1953.40,1953.50,1690
1788928020000000000,1953.50,1953.80,1953.10,1953.30,1260
1788928080000000000,1953.30,1953.80,1953.10,1953.20,2429
1788928140000000000,1953.30,1953.60,1952.50,1953.20,4631
1788928200000000000,1953.20,1953.20,1952.40,1953.10,1189
1788928260000000000,1953.10,1953.20,1952.40,1952.40,1234
1788928320000000000,1952.40,1953.00,1951.60,1952.10,3266
1788928380000000000,1952.10,1952.40,1952.00,1952.30,1295
1788928440000000000,1952.30,1952.40,1951.50,1952.00,2258
1788928500000000000,1952.00,1952.40,1951.30,1952.10,2121
1788928560000000000,1952.00,1952.00,1951.20,1951.50,1435
1788928620000000000,1951.50,1951.60,1951.20,1951.60,592
1788928680000000000,1951.60,1951.60,1950.50,1951.00,7001
1788928740000000000,1951.00,1951.00,1950.10,1950.30,2961
1788928800000000000,1950.30,1950.30,1949.00,1949.40,14346
1788928860000000000,1949.40,1949.50,1948.00,1948.60,7835
1788928920000000000,1948.60,1948.60,1947.50,1947.60,1948
1788928980000000000,1948.40,1950.20,1947.70,1950.10,5395
1788929040000000000,1950.10,1950.80,1950.00,1950.80,2341
1788929100000000000,1950.80,1950.80,1950.20,1950.50,1813
1788929160000000000,1950.50,1953.30,1950.50,1953.20,2800
1788929220000000000,1953.20,1953.90,1952.60,1953.90,2515
1788929280000000000,1953.60,1954.00,1952.90,1953.60,2710
1788929340000000000,1953.60,1953.70,1953.00,1953.10,3027
1788929400000000000,1953.20,1955.90,1953.00,1953.80,41106
1788929460000000000,1954.30,1955.40,1953.20,1955.00,14564
1788929520000000000,1955.00,1955.70,1954.70,1955.00,13738
1788929580000000000,1955.00,1956.40,1954.80,1954.90,12244
1788929640000000000,1955.00,1955.60,1954.70,1955.00,16354
1788929700000000000,1955.00,1955.00,1954.70,1955.00,3674
1788929760000000000,1955.00,1955.20,1954.00,1954.60,5019
1788929820000000000,1954.60,1954.60,1954.00,1954.50,708
1788929880000000000,1954.50,1954.80,1954.10,1954.80,2015
1788929940000000000,1954.80,1956.60,1954.30,1956.40,10555
1788930000000000000,1956.60,1956.90,1956.00,1956.40,1456
1788930060000000000,1956.40,1956.40,1955.50,1956.10,442
1788930120000000000,1956.10,1956.10,1955.30,1955.90,1034
1788930180000000000,1955.90,1955.90,1953.50,1954.00,27456
1788930240000000000,1954.00,1954.60,1953.50,1954.00,1688
1788930300000000000,1954.20,1954.20,1953.50,1953.60,462
1788930360000000000,1953.60,1953.70,1953.00,1953.00,1666
1788930420000000000,1953.00,1954.00,1952.80,1953.80,4298
1788930480000000000,1953.80,1953.80,1952.50,1953.00,779
1788930540000000000,1953.00,1953.00,1952.50,1952.60,571
1788930600000000000,1952.60,1952.60,1951.80,1951.80,694
1788930660000000000,1951.80,1951.80,1951.20,1951.80,896
1788930720000000000,1951.80,1951.80,1951.50,1951.70,427
1788930780000000000,1951.70,1952.90,1951.20,1952.80,4627
1788930840000000000,1952.80,1952.80,1952.30,1952.80,566
1788930900000000000,1952.80,1954.00,1952.50,1953.80,2557
1788930960000000000,1953.80,1955.20,1953.70,1955.00,987
1788931020000000000,1955.20,1956.90,1955.00,1956.00,1617
1788931080000000000,1956.00,1956.80,1955.50,1956.60,2135
1788931140000000000,1956.60,1956.90,1956.50,1956.50,1554
1788931200000000000,1956.60,1956.90,1956.00,1956.00,2924
1788931260000000000,1956.00,1956.00,1955.10,1955.40,1373
1788931320000000000,1955.40,1955.40,1955.00,1955.30,372
1788931380000000000,1955.30,1955.30,1955.10,1955.10,240
1788931440000000000,1955.20,1955.20,1954.50,1954.60,1447
1788931500000000000,1954.60,1954.60,1953.40,1953.70,1337
1788931560000000000,1953.60,1953.60,1952.30,1953.20,1618
1788931620000000000,1953.20,1953.70,1952.60,1953.70,5692
1788931680000000000,1953.90,1953.90,1950.00,1950.30,10072
1788931740000000000,1950.80,1951.70,1950.10,1950.70,3215
1788931800000000000,1951.30,1952.20,1951.10,1952.20,1858
1788931860000000000,1952.40,1953.60,1952.40,1953.10,1495
1788931920000000000,1953.10,1953.10,1952.10,1952.70,1396
1788931980000000000,1953.00,1953.20,1952.70,1953.00,583
1788932040000000000,1953.00,1953.10,1952.80,1952.80,738
1788932100000000000,1953.00,1953.00,1952.00,1952.00,4119
1788932160000000000,1952.50,1952.50,1952.00,1952.50,813
1788932220000000000,1952.50,1952.50,1952.10,1952.40,642
1788932280000000000,1952.40,1952.50,1952.30,1952.50,2242
1788932340000000000,1952.50,1952.50,1952.40,1952.50,1490
1788932400000000000,1952.50,1952.90,1952.40,1952.80,2139
1788932460000000000,1952.80,1953.10,1952.40,1953.00,921
1788932520000000000,1953.00,1953.00,1952.20,1952.50,1231
1788932580000000000,1952.50,1952.70,1952.00,1952.50,1316
1788932640000000000,1952.50,1952.50,1952.00,1952.30,520
1788932700000000000,1952.30,1952.30,1952.00,1952.00,1100
1788932760000000000,1952.10,1952.10,1951.50,1951.50,2213
1788932820000000000,1951.80,1951.90,1951.50,1951.90,1842
1788932880000000000,1951.90,1952.30,1951.70,1952.10,510
1788932940000000000,1952.10,1952.70,1951.70,1952.30,582
1788933000000000000,1952.30,1952.30,1952.00,1952.30,806
1788933060000000000,1952.30,1952.30,1951.60,1952.00,693
1788933120000000000,1952.00,1952.50,1951.60,1952.50,3037
1788933180000000000,1952.50,1952.80,1951.80,1952.40,770
1788933240000000000,1952.40,1953.30,1952.10,1953.20,1671
1788933300000000000,1953.20,1953.30,1952.60,1953.00,429
1788933360000000000,1953.20,1953.80,1952.80,1953.80,1127
1788933420000000000,1953.60,1953.90,1953.00,1953.70,682
1788933480000000000,1953.70,1953.80,1953.20,1953.40,1162
1788933540000000000,1953.40,1953.40,1953.00,1953.00,343
1788933600000000000,1953.40,1953.40,1953.00,1953.40,669
1788933660000000000,1953.40,1953.50,1952.80,1953.40,4282
1788933720000000000,1953.40,1953.70,1952.80,1953.50,1224
1788933780000000000,1953.50,1953.50,1952.90,1953.50,1103
1788933840000000000,1953.50,1953.50,1952.70,1953.40,1788
1788933900000000000,1953.40,1953.70,1952.70,1953.70,903
1788933960000000000,1953.70,1953.80,1953.00,1953.10,2248
1788934020000000000,1953.50,1953.60,1953.00,1953.50,1227
1788934080000000000,1953.50,1953.50,1953.00,1953.50,595
1788934140000000000,1953.50,1953.80,1953.00,1953.50,1290
1788934200000000000,1953.50,1953.50,1953.10,1953.40,485
1788934260000000000,1953.40,1953.40,1953.00,1953.40,1099
1788934320000000000,1953.40,1953.40,1953.10,1953.40,415
1788934380000000000,1953.40,1954.30,1953.40,1954.00,3069
1788934440000000000,1954.00,1954.60,1953.50,1954.30,631
1788934500000000000,1954.30,1954.60,1954.00,1954.20,1153
1788934560000000000,1954.30,1954.30,1953.50,1954.10,1988
1788934620000000000,1954.20,1955.50,1953.90,1955.00,2178
1788934680000000000,1955.00,1955.00,1954.40,1954.70,2182
1788934740000000000,1954.70,1954.80,1953.60,1954.00,1664
1788934800000000000,1954.00,1954.10,1953.50,1954.00,1720
1788934860000000000,1954.00,1954.00,1952.80,1953.70,1453
1788934920000000000,1953.70,1953.70,1953.00,1953.60,668
1788934980000000000,1953.60,1953.60,1953.00,1953.40,504
1788935040000000000,1953.40,1953.40,1953.30,1953.40,676
1788935100000000000,1953.40,1953.40,1952.30,1953.30,1803
1788935160000000000,1953.30,1953.30,1952.50,1952.50,1247
1788935220000000000,1953.00,1953.00,1952.20,1952.20,745
1788935280000000000,1952.20,1952.40,1952.00,1952.00,1986
1788935340000000000,1952.00,1952.00,1951.00,1952.00,5899
1788935400000000000,1951.90,1951.90,1950.50,1950.90,3067
1788935460000000000,1950.90,1950.90,1949.00,1949.50,11499
1788935520000000000,1949.50,1949.50,1948.00,1948.40,6683
1788935580000000000,1948.40,1948.40,1947.90,1948.10,3696
1788935640000000000,1948.20,1948.30,1947.60,1947.60,4333
1788935700000000000,1947.60,1948.40,1947.60,1948.00,3861
1788935760000000000,1948.00,1948.10,1947.50,1947.60,3012
1788935820000000000,1947.60,1947.60,1947.00,1947.10,3105
1788935880000000000,1947.10,1947.30,1947.00,1947.30,1859
1788935940000000000,1947.20,1947.50,1945.50,1945.50,12814
1788936000000000000,1946.00,1947.20,1946.00,1946.50,36118
1788936060000000000,1946.60,1947.00,1945.00,1945.10,9088
1788936120000000000,1945.70,1946.90,1945.40,1946.10,2064
1788936180000000000,1946.50,1947.80,1946.10,1946.50,1131
1788936240000000000,1946.60,1947.40,1946.60,1947.00,2254
1788936300000000000,1947.10,1947.10,1945.20,1946.00,2798
1788936360000000000,1946.00,1946.00,1945.20,1945.60,1049
1788936420000000000,1945.80,1946.50,1945.50,1945.70,1108
1788936480000000000,1946.20,1946.20,1945.50,1946.00,620
1788936540000000000,1946.00,1946.00,1945.30,1945.70,1809
1788936600000000000,1946.00,1947.00,1945.70,1946.20,6013
1788936660000000000,1946.60,1946.60,1945.60,1946.00,1035
1788936720000000000,1946.00,1946.00,1945.50,1945.60,1002
1788936780000000000,1945.90,1946.00,1945.20,1945.60,3611
1788936840000000000,1945.90,1946.90,1945.50,1946.00,5288
1788936900000000000,1946.30,1947.40,1946.20,1946.90,3093
1788936960000000000,1946.90,1948.00,1946.90,1948.00,1739
1788937020000000000,1948.00,1948.00,1946.80,1947.10,1163
1788937080000000000,1947.20,1949.00,1947.20,1948.50,2994
1788937140000000000,1948.50,1948.50,1948.00,1948.00,566
1788937200000000000,1948.30,1948.80,1948.00,1948.50,1368
1788937260000000000,1948.80,1949.40,1948.00,1948.60,3309
1788937320000000000,1949.00,1949.20,1948.30,1948.80,2324
1788937380000000000,1948.80,1950.50,1948.60,1949.40,3337
1788937440000000000,1949.40,1949.40,1948.00,1948.20,3159
1788937500000000000,1948.50,1949.60,1948.20,1949.00,3149
1788937560000000000,1949.20,1949.20,1948.50,1948.50,1614
1788937620000000000,1948.70,1949.10,1948.20,1948.80,2213
1788937680000000000,1948.80,1949.50,1948.60,1949.20,1281
1788937740000000000,1949.40,1949.50,1949.00,1949.30,942
1788937800000000000,1949.30,1949.70,1949.00,1949.40,1321
1788937860000000000,1949.40,1950.10,1948.80,1949.50,12674
1788937920000000000,1949.50,1950.00,1949.00,1949.10,2145
1788937980000000000,1949.30,1949.90,1949.00,1949.60,2026
1788938040000000000,1949.80,1950.60,1949.40,1950.20,4765
1788938100000000000,1950.20,1950.60,1948.50,1949.40,8748
1788938160000000000,1949.40,1949.60,1947.90,1947.90,17476
1788938220000000000,1948.00,1948.10,1947.80,1948.00,1807
1788938280000000000,1948.10,1948.50,1947.80,1948.00,1611
1788938340000000000,1948.20,1950.00,1948.20,1949.00,3472
1788938400000000000,1949.20,1949.20,1948.70,1949.00,4025
1788938460000000000,1949.20,1949.30,1948.80,1948.80,2159
1788938520000000000,1949.00,1949.20,1948.90,1949.10,3132
1788938580000000000,1949.10,1949.10,1947.00,1947.30,10485
1788938640000000000,1948.10,1948.60,1946.50,1948.40,29573
1788938700000000000,1948.40,1948.40,1946.50,1948.30,5685
1788938760000000000,1948.30,1948.80,1947.80,1947.80,3390
1788938820000000000,1948.00,1949.20,1947.90,1948.20,1126
1788938880000000000,1948.40,1948.60,1948.20,1948.30,866
1788938940000000000,1948.30,1949.70,1948.00,1949.70,2085
1788939000000000000,1949.70,1951.10,1948.60,1948.60,2780
1788939060000000000,1949.20,1949.60,1948.00,1948.50,1816
1788939120000000000,1948.70,1948.70,1947.70,1947.70,943
1788939180000000000,1948.00,1949.40,1947.90,1949.10,4978
1788939240000000000,1949.10,1949.30,1947.20,1949.30,10521
1788939300000000000,1949.40,1949.40,1947.60,1947.70,3475
1788939360000000000,1947.70,1949.30,1947.70,1949.20,4021
1788939420000000000,1949.20,1949.20,1949.00,1949.10,1853
1788939480000000000,1949.10,1949.30,1948.00,1948.60,5500
1788939540000000000,1949.50,1949.50,1948.10,1948.80,881
1788939600000000000,1948.80,1948.80,1948.20,1948.70,613
1788939660000000000,1948.70,1948.70,1948.20,1948.60,581
1788939720000000000,1948.60,1948.60,1948.00,1948.20,1298
1788939780000000000,1948.20,1948.20,1946.40,1946.90,13478
1788939840000000000,1946.90,1947.70,1946.70,1947.60,1333
1788939900000000000,1947.60,1947.60,1947.00,1947.10,732
1788939960000000000,1947.10,1947.10,1947.00,1947.10,1492
1788940020000000000,1947.10,1947.10,1947.00,1947.10,2105
1788940080000000000,1947.10,1947.20,1946.90,1946.90,2067
1788940140000000000,1946.90,1947.00,1946.20,1946.90,1667
1788940200000000000,1947.10,1947.10,1946.10,1946.40,1216
1788940260000000000,1946.40,1947.20,1945.10,1946.00,7273
1788940320000000000,1946.30,1946.30,1945.30,1946.00,1767
1788940380000000000,1946.00,1946.00,1945.40,1945.50,867
1788940440000000000,1945.50,1945.50,1945.10,1945.30,1745
1788940500000000000,1945.30,1946.20,1945.30,1946.20,1898
1788940560000000000,1946.20,1946.60,1946.00,1946.40,1287
1788940620000000000,1946.40,1946.80,1946.20,1946.40,977
1788940680000000000,1946.40,1946.60,1945.70,1946.10,2701
1788940740000000000,1946.20,1946.80,1946.20,1946.80,938
1788940800000000000,1946.80,1946.80,1946.50,1946.70,1053
1788940860000000000,1946.70,1946.70,1946.00,1946.10,849
1788940920000000000,1946.10,1946.90,1945.60,1946.50,3668
1788940980000000000,1946.50,1946.50,1942.10,1942.90,23011
1788941040000000000,1942.90,1943.00,1940.50,1941.90,12598
1788941100000000000,1941.30,1943.40,1940.60,1942.90,10033
1788941160000000000,1943.00,1943.00,1942.20,1942.70,1887
1788941220000000000,1942.70,1942.70,1942.20,1942.50,919
1788941280000000000,1942.70,1942.90,1942.30,1942.50,909
1788941340000000000,1942.50,1942.90,1942.10,1942.90,1449
1788941400000000000,1942.90,1943.20,1942.80,1942.80,1341
1788941460000000000,1942.90,1943.00,1942.50,1942.60,1359
1788941520000000000,1942.60,1943.20,1942.30,1942.80,2128
1788941580000000000,1942.90,1943.10,1942.50,1943.00,1288
1788941640000000000,1943.20,1943.70,1942.20,1943.10,2435
1788941700000000000,1943.20,1943.80,1942.70,1943.30,703
1788941760000000000,1943.30,1943.70,1942.20,1943.70,2242
1788941820000000000,1943.70,1943.80,1943.30,1943.80,801
1788941880000000000,1943.80,1943.80,1943.00,1943.60,2123
1788941940000000000,1943.60,1945.00,1943.40,1944.90,2751
1788942000000000000,1944.90,1944.90,1943.00,1943.00,1545
1788942060000000000,1943.40,1943.50,1943.20,1943.50,888
1788942120000000000,1943.50,1947.50,1943.10,1945.30,7356
1788942180000000000,1945.20,1945.20,1943.50,1944.40,1066
1788942240000000000,1944.40,1944.70,1943.00,1943.70,1048
1788942300000000000,1943.70,1943.90,1943.20,1943.20,586
1788942360000000000,1943.20,1943.90,1943.10,1943.80,502
1788942420000000000,1943.80,1944.00,1943.30,1943.90,479
1788942480000000000,1943.90,1943.90,1943.00,1943.90,2155
1788942540000000000,1943.90,1944.90,1943.90,1944.90,1126
1788942600000000000,1944.90,1944.90,1944.50,1944.80,916
1788942660000000000,1944.80,1945.80,1944.70,1945.60,2474
1788942720000000000,1945.60,1945.60,1945.10,1945.60,736
1788942780000000000,1945.60,1945.80,1945.10,1945.70,712
1788942840000000000,1945.70,1945.80,1945.30,1945.70,904
1788942900000000000,1945.80,1945.80,1945.10,1945.10,878
1788942960000000000,1945.10,1945.80,1945.00,1945.60,1115
1788943020000000000,1945.60,1945.60,1944.00,1944.50,1717
1788943080000000000,1944.50,1944.80,1944.00,1944.10,2001
1788943140000000000,1944.10,1945.00,1943.10,1943.60,2928
1788943200000000000,1943.60,1943.90,1943.00,1943.90,1933
1788943260000000000,1943.80,1943.90,1943.30,1943.80,778
1788943320000000000,1943.80,1944.20,1943.80,1944.10,553
1788943380000000000,1944.20,1944.70,1944.10,1944.20,1432
1788943440000000000,1944.40,1944.40,1943.20,1944.00,3257
1788943500000000000,1944.00,1944.90,1943.40,1944.00,5456
1788943560000000000,1944.00,1944.10,1942.10,1943.20,3168
1788943620000000000,1943.20,1943.40,1943.00,1943.30,807
1788943680000000000,1943.30,1943.40,1942.20,1943.10,1073
1788943740000000000,1943.30,1943.40,1942.90,1942.90,785
1788943800000000000,1943.30,1943.40,1942.50,1942.50,1067
1788943860000000000,1943.10,1943.30,1942.20,1943.10,2532
1788943920000000000,1943.20,1944.40,1943.20,1943.60,1345
1788943980000000000,1943.80,1944.30,1942.60,1943.50,1317
1788944040000000000,1943.70,1943.80,1942.50,1943.10,837
1788944100000000000,1943.10,1944.00,1943.10,1943.90,1365
1788944160000000000,1943.90,1944.00,1943.20,1943.30,1187
1788944220000000000,1943.30,1943.50,1943.30,1943.40,947
1788944280000000000,1943.40,1943.70,1943.40,1943.70,699
1788944340000000000,1943.70,1944.00,1943.00,1943.70,1345
1788944400000000000,1943.70,1944.00,1943.00,1943.70,2303
1788944460000000000,1943.70,1943.70,1943.00,1943.10,645
1788944520000000000,1943.10,1943.30,1943.00,1943.30,533
1788944580000000000,1943.30,1943.60,1942.50,1943.00,1737
1788944640000000000,1943.00,1943.40,1942.50,1942.50,1955
1788944700000000000,1942.80,1943.00,1942.20,1943.00,2073
1788944760000000000,1942.90,1943.00,1942.00,1942.50,4322
1788944820000000000,1942.50,1942.70,1941.90,1941.90,2248
1788944880000000000,1942.20,1942.20,1941.00,1941.50,1765
1788944940000000000,1941.50,1942.40,1941.00,1941.60,2313
1788945000000000000,1941.80,1942.80,1941.60,1942.60,2476
1788945060000000000,1942.60,1942.60,1942.00,1942.50,1969
1788945120000000000,1942.50,1942.50,1942.00,1942.40,2498
1788945180000000000,1942.40,1942.80,1942.20,1942.40,3124
1788945240000000000,1942.40,1942.40,1941.90,1942.00,3153
1788945300000000000,1942.00,1942.50,1941.50,1942.10,3325
1788945360000000000,1942.20,1942.60,1941.80,1942.60,2338
1788945420000000000,1942.60,1942.60,1941.60,1941.80,652
1788945480000000000,1941.80,1941.80,1941.30,1941.40,1244
1788945540000000000,1941.40,1942.00,1941.30,1941.50,3427
1788945600000000000,1941.50,1942.10,1941.00,1942.10,7717
1788945660000000000,1942.00,1944.70,1941.00,1941.20,20984
1788945720000000000,1941.20,1948.70,1941.20,1941.70,61990
1788945780000000000,1942.00,1942.10,1941.40,1941.90,6960
1788945840000000000,1942.10,1942.50,1941.30,1941.30,4197
1788945900000000000,1941.50,1941.50,1938.00,1938.00,29408
1788945960000000000,1938.60,1939.20,1936.00,1936.10,17517
1788946020000000000,1936.70,1939.90,1936.10,1939.30,15789
1788946080000000000,1939.20,1940.50,1938.90,1940.30,26353
1788946140000000000,1940.30,1941.00,1940.00,1940.80,5146
1788946200000000000,1940.80,1941.10,1939.50,1941.10,9578
1788946260000000000,1941.10,1941.20,1939.00,1939.50,12161
1788946320000000000,1939.50,1940.00,1939.20,1939.50,5651
1788946380000000000,1939.50,1939.50,1938.90,1939.00,4437
1788946440000000000,1939.00,1940.10,1938.10,1938.20,11933
1788946500000000000,1938.40,1939.40,1937.80,1938.70,10816
1788946560000000000,1938.70,1939.60,1938.20,1938.50,5384
1788946620000000000,1938.60,1938.60,1937.20,1937.40,3495
1788946680000000000,1937.40,1938.50,1937.00,1938.50,6698
1788946740000000000,1938.50,1938.50,1936.30,1936.90,10150
1788946800000000000,1936.90,1938.50,1936.70,1937.90,8952
1788946860000000000,1937.90,1938.10,1937.80,1937.90,5950
1788946920000000000,1937.90,1938.00,1936.50,1937.00,19170
1788946980000000000,1937.00,1941.90,1936.00,1940.60,18775
1788947040000000000,1940.60,1942.20,1940.00,1942.00,12527
1788947100000000000,1942.00,1942.00,1942.00,1942.00,0
1788947160000000000,1942.00,1942.00,1942.00,1942.00,0
1788947220000000000,1942.00,1942.00,1942.00,1942.00,0
1788947280000000000,1942.00,1942.00,1942.00,1942.00,0
1788947340000000000,1942.00,1942.00,1942.00,1942.00,0
1788947400000000000,1942.00,1942.00,1942.00,1942.00,0
1788947460000000000,1942.00,1942.00,1942.00,1942.00,0
1788947520000000000,1942.00,1942.00,1942.00,1942.00,0
1788947580000000000,1942.00,1942.00,1942.00,1942.00,0
1788947640000000000,1942.00,1942.00,1942.00,1942.00,0
1788947700000000000,1942.00,1942.00,1942.00,1942.00,0
1788947760000000000,1942.00,1942.00,1942.00,1942.00,0
1788947820000000000,1942.00,1942.00,1942.00,1942.00,0
1788947880000000000,1945.00,1945.00,1945.00,1945.00,78853
1788947940000000000,1945.00,1945.00,1945.00,1945.00,0
1789011900000000000,1940.00,1944.90,1936.40,1943.10,11670
1789011960000000000,1942.80,1947.00,1942.70,1946.10,2780
1789012020000000000,1946.60,1950.00,1946.00,1947.90,5877
1789012080000000000,1948.70,1948.80,1945.40,1945.40,2653
1789012140000000000,1946.20,1947.40,1945.50,1946.00,2198
1789012200000000000,1946.00,1947.10,1945.10,1945.70,3903
1789012260000000000,1945.70,1947.60,1945.50,1947.30,3255
1789012320000000000,1947.30,1947.40,1945.60,1946.20,867
1789012380000000000,1945.90,1945.90,1945.00,1945.00,1952
1789012440000000000,1945.50,1945.90,1943.80,1945.00,3744
1789012500000000000,1945.30,1945.50,1944.00,1945.40,1487
1789012560000000000,1945.40,1946.00,1945.00,1945.50,1555
1789012620000000000,1945.50,1946.30,1945.00,1946.00,1660
1789012680000000000,1946.00,1946.80,1945.90,1946.80,1448
1789012740000000000,1946.80,1947.20,1946.10,1946.70,1230
1789012800000000000,1946.60,1946.80,1946.00,1946.50,1606
1789012860000000000,1946.50,1946.50,1945.30,1945.90,2801
1789012920000000000,1945.90,1945.90,1944.50,1945.20,773
1789012980000000000,1945.60,1946.30,1945.00,1946.30,2518
1789013040000000000,1946.30,1946.60,1944.00,1944.60,3366
1789013100000000000,1944.80,1945.60,1944.30,1945.60,4868
1789013160000000000,1945.60,1946.50,1945.10,1946.00,1301
1789013220000000000,1946.00,1946.70,1946.00,1946.30,2058
1789013280000000000,1946.30,1946.40,1946.00,1946.40,396
1789013340000000000,1946.40,1946.40,1945.80,1946.10,838
1789013400000000000,1946.10,1946.30,1945.60,1946.30,319
1789013460000000000,1946.30,1946.30,1945.80,1946.10,2157
1789013520000000000,1946.00,1948.00,1946.00,1947.40,3939
1789013580000000000,1947.30,1947.60,1946.60,1947.10,1402
1789013640000000000,1947.10,1947.10,1946.00,1946.80,1288
1789013700000000000,1946.80,1947.80,1946.60,1947.70,1467
1789013760000000000,1947.70,1948.00,1946.50,1947.70,2040
1789013820000000000,1947.70,1948.00,1947.10,1948.00,683
1789013880000000000,1948.00,1948.00,1946.00,1947.30,9328
1789013940000000000,1947.30,1947.50,1946.10,1946.90,1575
1789014000000000000,1946.90,1947.00,1945.70,1946.00,1706
1789014060000000000,1946.40,1946.80,1945.60,1946.50,613
1789014120000000000,1946.50,1946.70,1945.30,1946.70,1061
1789014180000000000,1946.70,1947.10,1946.70,1947.10,453
1789014240000000000,1947.10,1947.50,1945.60,1946.60,1578
1789014300000000000,1946.60,1947.70,1945.90,1946.70,1917
1789014360000000000,1947.10,1947.50,1946.30,1947.00,378
1789014420000000000,1947.00,1947.40,1946.60,1946.90,985
1789014480000000000,1946.90,1946.90,1945.70,1946.50,640
1789014540000000000,1946.50,1946.60,1945.40,1946.30,1358
1789014600000000000,1946.30,1946.50,1945.40,1946.50,1227
1789014660000000000,1946.40,1946.70,1945.00,1945.60,578
1789014720000000000,1945.60,1945.80,1943.00,1943.30,1819
1789014780000000000,1943.80,1944.20,1941.70,1941.70,2623
1789014840000000000,1942.40,1943.00,1941.70,1943.00,3739
1789014900000000000,1943.00,1943.50,1942.50,1942.90,2255
1789014960000000000,1943.40,1943.40,1942.10,1942.70,1574
1789015020000000000,1942.90,1942.90,1942.00,1942.00,1537
1789015080000000000,1942.00,1942.50,1938.80,1938.90,4841
1789015140000000000,1939.60,1940.30,1938.90,1939.70,1140
1789015200000000000,1939.70,1940.70,1939.10,1940.60,2971
1789015260000000000,1940.60,1940.70,1939.20,1940.00,1434
1789015320000000000,1940.00,1940.20,1939.00,1939.00,564
1789015380000000000,1939.10,1939.60,1938.00,1938.20,1788
1789015440000000000,1938.40,1939.00,1937.60,1938.50,1960
1789015500000000000,1939.00,1939.90,1937.50,1937.50,2027
1789015560000000000,1938.20,1938.90,1937.50,1938.90,1505
1789015620000000000,1938.90,1939.80,1938.00,1939.80,1418
1789015680000000000,1939.80,1942.60,1939.50,1941.50,2280
1789015740000000000,1941.70,1941.90,1940.50,1940.60,684
1789015800000000000,1941.00,1941.50,1940.50,1940.50,712
1789015860000000000,1941.00,1941.10,1938.20,1938.20,2341
1789015920000000000,1938.90,1938.90,1938.20,1938.50,628
1789015980000000000,1938.70,1939.50,1938.50,1938.90,1468
1789016040000000000,1939.50,1939.50,1938.60,1939.00,681
1789016100000000000,1939.50,1939.60,1939.10,1939.20,259
1789016160000000000,1939.50,1939.50,1939.20,1939.20,527
1789016220000000000,1939.50,1939.60,1939.00,1939.30,364
1789016280000000000,1939.30,1939.30,1939.00,1939.30,289
1789016340000000000,1939.30,1939.90,1939.00,1939.00,598
1789016400000000000,1939.60,1939.70,1939.00,1939.50,343
1789016460000000000,1939.50,1939.60,1939.30,1939.30,199
1789016520000000000,1939.50,1939.60,1939.30,1939.30,316
1789016580000000000,1939.60,1939.60,1939.00,1939.40,398
1789016640000000000,1939.60,1939.70,1939.40,1939.60,575
1789016700000000000,1939.60,1940.00,1939.40,1940.00,491
1789016760000000000,1940.00,1940.00,1939.80,1940.00,332
1789016820000000000,1940.00,1940.00,1939.80,1939.80,224
1789016880000000000,1939.90,1939.90,1939.40,1939.40,303
1789016940000000000,1939.50,1939.80,1939.00,1939.50,464
1789017000000000000,1939.60,1940.00,1939.40,1939.80,280
1789017060000000000,1940.00,1941.20,1939.40,1940.60,4809
1789017120000000000,1940.70,1941.20,1940.00,1940.40,880
1789017180000000000,1940.90,1941.10,1940.40,1940.90,219
1789017240000000000,1941.10,1941.30,1940.70,1941.30,844
1789017300000000000,1941.40,1941.40,1940.10,1940.10,714
1789017360000000000,1940.80,1941.00,1940.00,1940.40,943
1789017420000000000,1940.50,1941.40,1940.40,1940.80,682
1789017480000000000,1941.10,1941.10,1939.40,1939.40,1278
1789017540000000000,1939.50,1939.90,1939.40,1939.80,330
1789017600000000000,1939.80,1939.80,1939.40,1939.50,289
1789017660000000000,1939.80,1939.90,1939.50,1939.50,564
1789017720000000000,1939.60,1939.60,1939.00,1939.00,734
1789017780000000000,1939.30,1939.60,1939.00,1939.00,1603
1789017840000000000,1939.40,1939.40,1938.00,1938.50,3845
1789017900000000000,1938.50,1938.60,1936.80,1938.40,5674
1789017960000000000,1938.40,1938.50,1938.00,1938.40,407
1789018020000000000,1938.50,1938.90,1937.20,1938.60,1915
1789018080000000000,1938.90,1938.90,1938.20,1938.90,719
1789018140000000000,1938.90,1939.00,1938.10,1938.50,863
1789018200000000000,1939.00,1939.40,1938.50,1938.70,365
1789018260000000000,1939.10,1939.10,1938.50,1938.70,343
1789018320000000000,1939.10,1939.10,1937.90,1937.90,2820
1789018380000000000,1938.00,1938.00,1936.60,1937.10,3145
1789018440000000000,1937.50,1938.70,1937.20,1938.10,544
1789018500000000000,1938.30,1938.40,1937.50,1937.60,661
1789018560000000000,1937.80,1939.20,1937.50,1938.80,1753
1789018620000000000,1939.30,1939.30,1937.50,1938.30,1360
1789018680000000000,1938.70,1938.70,1938.00,1938.30,596
1789018740000000000,1938.30,1938.40,1937.60,1938.30,231
1789018800000000000,1938.30,1938.30,1937.20,1938.10,479
1789018860000000000,1938.10,1938.10,1937.60,1937.70,281
1789018920000000000,1937.80,1937.90,1937.70,1937.80,381
1789018980000000000,1937.90,1938.50,1937.20,1938.20,1267
1789019040000000000,1938.40,1938.50,1937.00,1938.50,1392
1789019100000000000,1938.50,1939.70,1938.10,1938.70,1550
1789019160000000000,1939.10,1939.10,1937.70,1938.00,1390
1789019220000000000,1938.70,1939.40,1938.00,1939.40,290
1789019280000000000,1939.60,1940.10,1936.00,1937.30,9633
1789019340000000000,1937.40,1938.80,1936.90,1938.20,2042
1789019400000000000,1938.40,1938.60,1938.20,1938.50,563
1789019460000000000,1938.60,1939.00,1937.30,1938.40,6802
1789019520000000000,1938.50,1939.70,1937.80,1938.60,2425
1789019580000000000,1939.50,1939.80,1938.60,1939.80,1374
1789019640000000000,1939.80,1939.80,1937.90,1938.40,1260
1789019700000000000,1939.00,1939.00,1938.30,1938.80,123
1789019760000000000,1939.00,1939.20,1938.00,1938.20,1139
1789019820000000000,1938.60,1938.60,1937.50,1938.00,1077
1789019880000000000,1938.50,1938.50,1938.00,1938.10,580
1789019940000000000,1938.40,1939.10,1937.70,1938.30,3027
1789020000000000000,1938.80,1941.90,1938.10,1941.40,8520
1789020060000000000,1941.50,1941.50,1940.50,1940.60,958
1789020120000000000,1940.80,1940.80,1940.00,1940.10,499
1789020180000000000,1940.10,1940.10,1939.30,1939.50,296
1789020240000000000,1939.90,1940.00,1939.50,1939.50,285
1789020300000000000,1939.80,1939.80,1939.20,1939.30,318
1789020360000000000,1939.70,1939.70,1939.00,1939.70,534
1789020420000000000,1939.60,1939.60,1939.20,1939.30,716
1789020480000000000,1939.40,1939.50,1939.00,1939.20,919
1789020540000000000,1939.50,1939.50,1937.50,1937.60,2720
1789020600000000000,1937.70,1938.20,1937.10,1937.70,1893
1789020660000000000,1937.90,1938.30,1937.70,1938.30,231
1789020720000000000,1938.30,1938.70,1938.00,1938.50,908
1789020780000000000,1938.50,1938.70,1937.90,1938.00,292
1789020840000000000,1938.50,1941.10,1938.00,1941.00,3324
1789020900000000000,1941.40,1942.80,1940.80,1942.80,2966
1789020960000000000,1942.80,1942.80,1942.60,1942.60,306
1789021020000000000,1942.70,1944.00,1942.30,1943.10,3106
1789021080000000000,1943.10,1943.10,1942.10,1942.60,287
1789021140000000000,1942.60,1943.10,1942.40,1943.10,1552
1789021200000000000,1943.10,1943.50,1943.00,1943.40,423
1789021260000000000,1943.40,1943.40,1943.30,1943.40,138
1789021320000000000,1943.40,1943.50,1943.10,1943.30,1272
1789021380000000000,1943.30,1943.50,1943.00,1943.40,1393
1789021440000000000,1943.40,1943.40,1943.20,1943.40,379
1789021500000000000,1943.40,1943.40,1943.00,1943.00,749
1789021560000000000,1943.20,1943.20,1941.00,1941.10,17653
1789021620000000000,1941.70,1943.40,1941.20,1943.00,34261
1789021680000000000,1943.10,1943.10,1942.00,1942.60,10398
1789021740000000000,1942.60,1942.60,1942.00,1942.00,999
1789021800000000000,1942.50,1942.50,1942.00,1942.00,1543
1789021860000000000,1942.50,1942.50,1942.10,1942.40,590
1789021920000000000,1942.40,1942.40,1942.10,1942.10,413
1789021980000000000,1942.40,1942.40,1942.10,1942.30,246
1789022040000000000,1942.30,1942.40,1942.10,1942.30,946
1789022100000000000,1942.40,1942.50,1942.30,1942.50,1094
1789022160000000000,1942.50,1942.70,1941.30,1941.30,3298
1789022220000000000,1941.90,1942.00,1941.80,1942.00,1179
1789022280000000000,1942.00,1942.40,1941.80,1942.40,3114
1789022340000000000,1942.40,1942.40,1941.80,1941.80,687
1789022400000000000,1942.30,1942.30,1941.80,1942.00,391
1789022460000000000,1942.20,1942.30,1942.00,1942.30,261
1789022520000000000,1942.30,1943.80,1942.20,1943.20,1955
1789022580000000000,1943.20,1945.20,1943.20,1945.10,9742
1789022640000000000,1945.20,1945.30,1945.10,1945.20,1271
1789022700000000000,1945.30,1945.40,1945.20,1945.30,744
1789022760000000000,1945.40,1945.40,1945.30,1945.40,573
1789022820000000000,1945.40,1945.80,1945.30,1945.50,3468
1789022880000000000,1945.60,1945.60,1944.60,1945.30,10155
1789022940000000000,1945.20,1945.20,1945.00,1945.20,1882
1789023000000000000,1945.20,1945.40,1945.00,1945.40,1170
1789023060000000000,1945.40,1945.40,1945.30,1945.40,899
1789023120000000000,1945.40,1945.60,1945.30,1945.50,2069
1789023180000000000,1945.50,1945.50,1944.90,1945.00,2745
1789023240000000000,1945.10,1945.10,1945.00,1945.00,1138
1789023300000000000,1945.10,1945.10,1945.00,1945.10,2658
1789023360000000000,1945.10,1945.90,1945.00,1945.90,2582
1789023420000000000,1945.90,1945.90,1945.80,1945.80,1191
1789023480000000000,1945.90,1947.40,1945.80,1947.00,2977
1789023540000000000,1947.50,1947.80,1947.00,1947.00,3241
1789023600000000000,1947.10,1947.30,1946.20,1946.50,1317
1789023660000000000,1946.60,1946.60,1946.00,1946.00,754
1789023720000000000,1946.10,1946.20,1945.00,1946.10,2994
1789023780000000000,1946.10,1946.30,1945.60,1946.30,3818
1789023840000000000,1946.60,1946.60,1946.30,1946.50,694
1789023900000000000,1946.50,1946.50,1946.30,1946.30,446
1789023960000000000,1946.50,1946.50,1945.20,1945.20,1044
1789024020000000000,1945.20,1945.70,1941.20,1941.40,42133
1789024080000000000,1941.40,1943.30,1940.40,1941.90,64034
1789024140000000000,1942.60,1944.70,1941.70,1943.90,8038
1789024200000000000,1943.90,1943.90,1942.70,1942.70,1434
1789024260000000000,1943.00,1943.00,1941.30,1941.30,2110
1789024320000000000,1942.10,1943.40,1942.00,1943.00,5102
1789024380000000000,1943.10,1943.60,1942.80,1943.30,3667
1789024440000000000,1943.40,1944.20,1943.00,1943.00,4239
1789024500000000000,1943.20,1943.30,1943.00,1943.00,2793
1789024560000000000,1943.30,1943.30,1943.00,1943.20,849
1789024620000000000,1943.30,1943.30,1943.00,1943.00,15534
1789024680000000000,1943.10,1943.90,1940.90,1943.20,42069
1789024740000000000,1943.80,1945.50,1943.60,1944.70,3675
1789024800000000000,1945.30,1945.60,1944.40,1944.40,3919
1789024860000000000,1945.00,1945.00,1944.00,1944.00,1672
1789024920000000000,1944.50,1944.50,1943.30,1943.30,1422
1789024980000000000,1943.60,1943.60,1943.00,1943.00,2103
1789025040000000000,1943.30,1944.10,1942.90,1943.50,3241
1789025100000000000,1943.90,1943.90,1941.80,1942.20,4344
1789025160000000000,1942.60,1943.40,1941.80,1943.00,11884
1789025220000000000,1943.10,1943.50,1943.00,1943.50,6877
1789025280000000000,1943.70,1943.70,1943.40,1943.70,881
1789025340000000000,1943.70,1944.20,1943.70,1943.70,1815
1789025400000000000,1944.30,1944.50,1943.70,1944.00,1685
1789025460000000000,1944.20,1944.20,1943.10,1943.30,1886
1789025520000000000,1943.60,1944.30,1943.30,1944.00,2246
1789025580000000000,1944.30,1945.00,1943.20,1943.20,3225
1789025640000000000,1944.00,1944.40,1943.30,1944.40,1660
1789025700000000000,1944.40,1944.60,1944.20,1944.20,3474
1789025760000000000,1944.30,1944.30,1941.00,1941.50,49192
1789025820000000000,1942.10,1943.10,1941.40,1942.70,2203
1789025880000000000,1942.80,1944.90,1942.50,1942.60,12437
1789025940000000000,1943.00,1943.00,1942.60,1942.60,2013
1789026000000000000,1942.70,1945.00,1942.60,1944.40,6267
1789026060000000000,1945.00,1945.00,1944.00,1944.50,3117
1789026120000000000,1944.50,1944.70,1942.70,1943.10,1964
1789026180000000000,1943.10,1943.60,1942.80,1943.50,1546
1789026240000000000,1943.60,1944.40,1943.60,1943.60,1152
1789026300000000000,1943.90,1944.20,1943.80,1943.90,1331
1789026360000000000,1944.00,1944.20,1943.90,1943.90,635
1789026420000000000,1944.00,1944.20,1943.90,1944.00,643
1789026480000000000,1944.10,1944.10,1944.00,1944.00,738
1789026540000000000,1944.10,1944.10,1941.80,1942.30,6155
1789026600000000000,1942.70,1942.70,1941.60,1941.60,2760
1789026660000000000,1942.30,1946.40,1941.60,1945.00,4401
1789026720000000000,1945.40,1945.70,1944.40,1944.40,1085
1789026780000000000,1945.00,1945.00,1944.30,1944.50,1198
1789026840000000000,1945.00,1945.00,1944.50,1945.00,755
1789026900000000000,1945.00,1945.00,1942.70,1942.70,1857
1789026960000000000,1943.50,1943.50,1942.80,1942.80,1043
1789027020000000000,1943.20,1943.20,1942.60,1942.70,691
1789027080000000000,1943.20,1943.20,1941.40,1942.50,4102
1789027140000000000,1942.50,1942.80,1941.60,1941.60,3179
1789027200000000000,1942.40,1942.40,1941.30,1942.30,2932
1789027260000000000,1942.30,1942.60,1942.20,1942.60,1191
1789027320000000000,1942.80,1942.80,1942.50,1942.50,1226
1789027380000000000,1942.80,1942.80,1941.40,1941.40,2170
1789027440000000000,1942.00,1942.00,1941.40,1941.60,1304
1789027500000000000,1942.00,1942.70,1942.00,1942.10,989
1789027560000000000,1942.60,1942.60,1942.10,1942.10,718
1789027620000000000,1942.60,1942.90,1942.10,1942.50,1073
1789027680000000000,1942.90,1943.60,1942.90,1943.50,1253
1789027740000000000,1943.20,1943.90,1943.20,1943.80,3010
1789027800000000000,1943.80,1944.40,1943.20,1943.60,2548
1789027860000000000,1943.90,1944.20,1943.10,1943.10,1179
1789027920000000000,1943.10,1943.10,1941.60,1941.70,1812
1789027980000000000,1942.00,1942.30,1941.30,1941.50,1969
1789028040000000000,1942.30,1942.30,1941.80,1942.30,559
1789028100000000000,1942.30,1942.30,1941.30,1941.50,1252
1789028160000000000,1941.50,1942.10,1941.30,1941.30,985
1789028220000000000,1941.90,1941.90,1941.10,1941.10,672
1789028280000000000,1941.80,1942.20,1941.30,1941.30,2539
1789028340000000000,1941.50,1942.00,1941.50,1941.80,569
1789028400000000000,1942.00,1942.00,1941.80,1941.80,558
1789028460000000000,1942.00,1942.00,1941.80,1941.80,1232
1789028520000000000,1942.00,1942.40,1941.80,1942.10,1188
1789028580000000000,1942.40,1942.40,1941.00,1941.30,2527
1789028640000000000,1941.30,1942.00,1941.00,1941.70,1369
1789028700000000000,1941.90,1942.00,1941.00,1941.00,1768
1789028760000000000,1941.30,1941.80,1941.00,1941.00,2738
1789028820000000000,1941.70,1941.80,1940.80,1941.00,1859
1789028880000000000,1941.70,1941.80,1941.00,1941.00,1132
1789028940000000000,1941.70,1941.80,1940.80,1941.80,1202
1789029000000000000,1942.10,1943.00,1941.80,1942.80,1310
1789029060000000000,1942.80,1943.00,1942.00,1942.40,485
1789029120000000000,1943.00,1943.60,1942.40,1943.60,1254
1789029180000000000,1943.50,1943.60,1942.10,1942.10,1172
1789029240000000000,1942.10,1942.30,1941.50,1942.30,1797
1789029300000000000,1942.30,1942.30,1941.10,1941.50,1187
1789029360000000000,1941.50,1941.80,1941.20,1941.30,660
1789029420000000000,1941.80,1942.30,1941.60,1941.60,653
1789029480000000000,1942.20,1942.30,1941.50,1941.50,880
1789029540000000000,1942.00,1942.20,1941.50,1941.50,956
1789029600000000000,1942.00,1942.10,1941.50,1941.50,905
1789029660000000000,1942.00,1942.00,1941.20,1941.20,819
1789029720000000000,1941.60,1942.00,1941.10,1941.80,1260
1789029780000000000,1942.00,1942.00,1941.20,1941.30,800
1789029840000000000,1941.80,1941.80,1941.30,1941.60,464
1789029900000000000,1941.80,1941.80,1941.60,1941.70,968
1789029960000000000,1941.80,1941.80,1941.30,1941.30,664
1789030020000000000,1941.70,1941.80,1941.30,1941.40,809
1789030080000000000,1941.80,1941.80,1941.40,1941.40,663
1789030140000000000,1941.70,1941.80,1941.70,1941.70,773
1789030200000000000,1941.80,1942.20,1941.70,1941.90,2365
1789030260000000000,1941.90,1942.80,1941.90,1942.20,1274
1789030320000000000,1942.70,1942.70,1942.40,1942.60,651
1789030380000000000,1942.70,1942.70,1942.60,1942.60,877
1789030440000000000,1942.70,1943.00,1942.60,1943.00,1037
1789030500000000000,1943.00,1943.20,1942.90,1943.10,1045
1789030560000000000,1943.20,1943.20,1942.00,1942.30,2213
1789030620000000000,1942.60,1943.00,1942.50,1942.90,1410
1789030680000000000,1943.00,1943.00,1942.00,1942.60,1497
1789030740000000000,1942.60,1942.90,1942.20,1942.40,828
1789030800000000000,1942.60,1942.60,1942.40,1942.50,997
1789030860000000000,1942.60,1942.60,1941.00,1941.00,1471
1789030920000000000,1941.10,1941.40,1940.50,1940.60,1292
1789030980000000000,1941.20,1941.60,1940.50,1940.80,1889
1789031040000000000,1941.10,1941.40,1940.60,1941.20,1114
1789031100000000000,1941.20,1941.60,1940.60,1940.90,2143
1789031160000000000,1941.30,1941.50,1940.90,1941.10,1152
1789031220000000000,1941.30,1941.60,1940.60,1940.60,3214
1789031280000000000,1940.60,1941.20,1940.20,1940.90,1157
1789031340000000000,1940.90,1941.00,1940.00,1940.00,3809
1789031400000000000,1940.20,1940.60,1940.00,1940.10,1580
1789031460000000000,1940.10,1940.40,1940.00,1940.20,1518
1789031520000000000,1940.20,1940.50,1940.10,1940.20,953
1789031580000000000,1940.30,1940.70,1940.20,1940.40,1413
1789031640000000000,1940.40,1941.80,1940.20,1941.10,4891
1789031700000000000,1941.10,1941.20,1940.80,1941.20,1010
1789031760000000000,1941.20,1941.30,1941.10,1941.20,702
1789031820000000000,1941.30,1941.50,1941.20,1941.20,1187
1789031880000000000,1941.30,1941.50,1940.80,1941.10,2264
1789031940000000000,1941.10,1941.30,1940.10,1941.30,3338
1789032000000000000,1941.30,1941.30,1941.00,1941.00,1200
1789032060000000000,1941.10,1941.10,1940.10,1940.60,3466
1789032120000000000,1940.70,1946.40,1940.60,1943.00,49573
1789032180000000000,1943.10,1943.80,1943.00,1943.50,7067
1789032240000000000,1943.50,1944.70,1943.40,1944.30,11000
1789032300000000000,1944.30,1944.40,1943.30,1943.80,3663
1789032360000000000,1943.80,1944.30,1943.10,1944.00,4174
1789032420000000000,1944.10,1944.70,1943.90,1944.30,3254
1789032480000000000,1944.30,1944.50,1944.00,1944.40,2086
1789032540000000000,1944.50,1944.50,1944.10,1944.20,1070
1789032600000000000,1944.10,1944.20,1942.10,1942.10,9152
1789032660000000000,1942.10,1943.30,1941.90,1943.20,6884
1789032720000000000,1943.10,1943.20,1942.10,1942.60,5994
1789032780000000000,1942.50,1943.40,1942.30,1943.40,3686
1789032840000000000,1943.30,1944.00,1942.20,1942.30,8782
1789032900000000000,1942.90,1943.60,1942.30,1943.30,10450
1789032960000000000,1943.20,1943.50,1941.80,1941.80,16094
1789033020000000000,1942.10,1943.10,1941.30,1941.90,11209
1789033080000000000,1941.70,1942.20,1941.50,1941.70,12061
1789033140000000000,1941.70,1942.50,1941.30,1942.10,5410
1789033200000000000,1942.40,1943.00,1940.60,1942.00,26776
1789033260000000000,1941.80,1942.10,1939.80,1941.20,20060
1789033320000000000,1941.20,1942.90,1938.00,1939.50,20306
1789033380000000000,1939.40,1940.00,1937.50,1938.80,17254
1789033440000000000,1938.00,1939.40,1937.50,1937.60,6375
1789033500000000000,1937.60,1937.60,1937.60,1937.60,0
1789033560000000000,1937.60,1937.60,1937.60,1937.60,0
1789033620000000000,1937.60,1937.60,1937.60,1937.60,0
1789033680000000000,1937.60,1937.60,1937.60,1937.60,0
1789033740000000000,1937.60,1937.60,1937.60,1937.60,0
1789033800000000000,1937.60,1937.60,1937.60,1937.60,0
1789033860000000000,1937.60,1937.60,1937.60,1937.60,0
1789033920000000000,1937.60,1937.60,1937.60,1937.60,0
1789033980000000000,1937.60,1937.60,1937.60,1937.60,0
1789034040000000000,1937.60,1937.60,1937.60,1937.60,0
1789034100000000000,1937.60,1937.60,1937.60,1937.60,0
1789034160000000000,1937.60,1937.60,1937.60,1937.60,0
1789034220000000000,1937.60,1937.60,1937.60,1937.60,0
1789034280000000000,1937.60,1937.60,1937.60,1937.60,0
1789034340000000000,1942.30,1942.30,1942.30,1942.30,91248
1789098300000000000,1930.50,1933.00,1926.20,1930.30,21605
1789098360000000000,1930.90,1936.40,1929.70,1935.20,6242
1789098420000000000,1935.80,1939.70,1935.30,1937.40,6492
1789098480000000000,1937.40,1937.40,1935.10,1935.90,1508
1789098540000000000,1935.90,1936.80,1935.10,1936.40,1994
1789098600000000000,1936.30,1938.60,1935.80,1937.50,3145
1789098660000000000,1937.40,1937.50,1934.80,1935.80,4019
1789098720000000000,1935.80,1936.00,1935.10,1935.30,1859
1789098780000000000,1935.80,1935.80,1933.70,1934.80,3814
1789098840000000000,1934.80,1934.80,1933.00,1934.00,564
1789098900000000000,1934.00,1934.30,1932.50,1933.20,2362
1789098960000000000,1933.20,1933.30,1932.10,1933.00,2443
1789099020000000000,1933.00,1933.20,1931.70,1933.00,1412
1789099080000000000,1933.20,1933.40,1931.50,1933.40,1813
1789099140000000000,1933.40,1934.00,1932.00,1933.80,1280
1789099200000000000,1933.80,1933.80,1931.50,1932.60,2093
1789099260000000000,1932.60,1934.70,1932.10,1933.70,1985
1789099320000000000,1933.70,1933.70,1931.60,1931.60,1562
1789099380000000000,1932.30,1932.70,1931.10,1932.70,1331
1789099440000000000,1932.70,1933.20,1931.60,1932.80,793
1789099500000000000,1932.50,1933.50,1932.30,1933.30,920
1789099560000000000,1933.30,1933.30,1933.00,1933.20,731
1789099620000000000,1933.20,1933.60,1933.00,1933.50,789
1789099680000000000,1933.50,1933.70,1933.00,1933.20,1151
1789099740000000000,1933.20,1933.30,1932.00,1932.40,1382
1789099800000000000,1932.40,1932.40,1932.00,1932.10,577
1789099860000000000,1932.30,1932.30,1931.00,1931.40,1868
1789099920000000000,1931.80,1931.90,1931.00,1931.70,818
1789099980000000000,1931.70,1932.30,1931.70,1932.30,632
1789100040000000000,1932.40,1933.70,1930.40,1931.50,4956
1789100100000000000,1931.40,1931.90,1930.20,1931.90,2515
1789100160000000000,1931.90,1932.00,1930.00,1931.00,4460
1789100220000000000,1931.00,1931.10,1927.20,1928.00,3775
1789100280000000000,1928.50,1929.20,1928.00,1928.70,1447
1789100340000000000,1929.00,1929.20,1928.30,1928.70,1249
1789100400000000000,1928.70,1929.60,1927.90,1928.80,2001
1789100460000000000,1929.50,1929.60,1928.00,1929.30,1264
1789100520000000000,1929.60,1930.10,1929.30,1929.90,706
1789100580000000000,1930.10,1930.50,1929.20,1929.90,1658
1789100640000000000,1929.90,1929.90,1929.00,1929.40,432
1789100700000000000,1929.40,1929.40,1929.00,1929.30,407
1789100760000000000,1929.30,1930.60,1929.00,1929.10,1821
1789100820000000000,1929.70,1930.00,1929.10,1929.80,645
1789100880000000000,1929.80,1929.80,1928.90,1929.00,1025
1789100940000000000,1929.40,1930.00,1928.80,1929.90,911
1789101000000000000,1929.90,1930.50,1929.50,1929.60,580
1789101060000000000,1930.00,1930.00,1928.40,1929.20,3561
1789101120000000000,1929.20,1929.20,1928.10,1928.40,893
1789101180000000000,1929.00,1930.70,1928.40,1930.40,2736
1789101240000000000,1930.40,1930.60,1929.50,1930.30,549
1789101300000000000,1930.50,1932.00,1930.00,1931.90,1979
1789101360000000000,1931.90,1932.20,1930.60,1930.60,1073
1789101420000000000,1931.00,1931.00,1930.60,1930.60,418
1789101480000000000,1931.00,1931.00,1929.30,1930.00,1353
1789101540000000000,1930.40,1930.60,1930.00,1930.00,322
1789101600000000000,1930.50,1930.50,1929.30,1929.60,689
1789101660000000000,1929.60,1930.00,1929.50,1929.50,854
1789101720000000000,1930.00,1930.00,1929.50,1929.60,451
1789101780000000000,1929.70,1930.00,1929.00,1929.80,1072
1789101840000000000,1930.10,1930.40,1928.80,1929.50,2241
1789101900000000000,1930.40,1930.40,1929.00,1929.20,690
1789101960000000000,1929.90,1930.50,1929.20,1930.50,726
1789102020000000000,1930.50,1931.00,1930.00,1930.80,923
1789102080000000000,1931.00,1932.40,1930.80,1931.80,1979
1789102140000000000,1932.20,1937.00,1931.80,1937.00,4982
1789102200000000000,1936.30,1938.00,1936.30,1937.40,1508
1789102260000000000,1937.40,1937.50,1937.00,1937.50,1685
1789102320000000000,1937.50,1937.50,1937.00,1937.40,631
1789102380000000000,1937.40,1937.50,1936.30,1937.00,733
1789102440000000000,1937.00,1937.40,1936.50,1937.00,560
1789102500000000000,1937.00,1937.00,1936.60,1936.60,747
1789102560000000000,1936.70,1937.00,1936.50,1936.80,897
1789102620000000000,1936.80,1936.80,1935.00,1935.30,732
1789102680000000000,1935.30,1935.30,1934.00,1934.70,744
1789102740000000000,1934.70,1934.80,1934.10,1934.10,2192
1789102800000000000,1934.10,1935.00,1934.00,1934.30,6652
1789102860000000000,1934.50,1935.00,1934.50,1934.70,558
1789102920000000000,1934.70,1935.90,1934.70,1934.90,771
1789102980000000000,1935.50,1935.50,1934.70,1935.50,447
1789103040000000000,1935.50,1935.60,1934.80,1935.10,999
1789103100000000000,1935.10,1935.50,1934.40,1935.50,296
1789103160000000000,1935.50,1935.70,1934.40,1935.50,399
1789103220000000000,1935.50,1936.50,1935.00,1936.20,1131
1789103280000000000,1936.20,1936.50,1936.10,1936.10,294
1789103340000000000,1936.30,1936.30,1935.30,1936.00,284
1789103400000000000,1936.00,1936.40,1935.20,1935.90,1048
1789103460000000000,1935.90,1938.40,1935.90,1936.70,2926
1789103520000000000,1936.70,1937.20,1936.70,1937.20,149
1789103580000000000,1937.20,1937.40,1936.70,1936.80,294
1789103640000000000,1936.90,1937.10,1935.70,1937.10,677
1789103700000000000,1937.10,1938.50,1937.10,1938.20,3033
1789103760000000000,1938.20,1938.30,1936.90,1937.90,1416
1789103820000000000,1938.10,1938.20,1937.30,1937.90,551
1789103880000000000,1937.90,1937.90,1937.50,1937.70,258
1789103940000000000,1937.70,1937.70,1936.80,1937.50,522
1789104000000000000,1937.60,1937.60,1936.70,1937.30,606
1789104060000000000,1937.30,1937.60,1937.00,1937.00,340
1789104120000000000,1937.40,1937.40,1936.50,1936.50,496
1789104180000000000,1937.10,1937.10,1935.00,1936.70,3156
1789104240000000000,1936.70,1936.70,1936.20,1936.60,132
1789104300000000000,1936.60,1936.60,1936.00,1936.40,389
1789104360000000000,1936.40,1936.40,1935.30,1935.30,361
1789104420000000000,1936.00,1936.10,1935.00,1935.90,962
1789104480000000000,1935.90,1941.80,1935.90,1941.00,21254
1789104540000000000,1941.30,1942.00,1940.70,1941.90,871
1789104600000000000,1941.90,1943.20,1941.90,1943.00,4867
1789104660000000000,1943.00,1943.50,1942.50,1943.30,918
1789104720000000000,1943.40,1943.90,1943.00,1943.10,4349
1789104780000000000,1943.20,1943.60,1942.40,1943.10,1930
1789104840000000000,1943.10,1943.40,1942.40,1943.30,842
1789104900000000000,1943.30,1943.70,1943.00,1943.50,301
1789104960000000000,1943.50,1943.50,1942.60,1942.70,745
1789105020000000000,1943.20,1943.50,1942.70,1943.40,753
1789105080000000000,1943.40,1943.70,1943.30,1943.70,576
1789105140000000000,1943.70,1943.70,1942.90,1943.50,664
1789105200000000000,1943.50,1944.20,1943.00,1944.10,1405
1789105260000000000,1944.30,1944.30,1943.00,1943.10,621
1789105320000000000,1943.10,1943.60,1941.90,1943.30,2754
1789105380000000000,1943.40,1944.70,1942.50,1944.20,1661
1789105440000000000,1944.60,1945.60,1944.00,1944.90,2364
1789105500000000000,1944.80,1944.80,1944.10,1944.40,543
1789105560000000000,1944.30,1944.40,1944.00,1944.00,429
1789105620000000000,1944.20,1945.40,1943.80,1945.30,865
1789105680000000000,1945.30,1945.30,1944.10,1944.10,770
1789105740000000000,1944.70,1944.70,1944.10,1944.10,191
1789105800000000000,1944.50,1944.50,1943.00,1943.70,5501
1789105860000000000,1943.70,1945.50,1943.00,1945.50,2076
1789105920000000000,1945.60,1945.80,1945.00,1945.00,651
1789105980000000000,1945.20,1945.40,1945.00,1945.30,337
1789106040000000000,1945.30,1946.20,1944.90,1945.50,2247
1789106100000000000,1945.90,1945.90,1944.60,1945.70,311
1789106160000000000,1945.70,1945.80,1945.00,1945.60,358
1789106220000000000,1945.60,1945.60,1944.80,1945.00,598
1789106280000000000,1945.00,1946.60,1944.80,1946.00,2614
1789106340000000000,1946.30,1946.60,1946.00,1946.60,628
1789106400000000000,1946.60,1946.60,1945.10,1946.40,1016
1789106460000000000,1946.40,1946.40,1945.20,1945.50,1080
1789106520000000000,1945.50,1946.30,1945.20,1945.90,295
1789106580000000000,1945.90,1946.60,1945.50,1945.80,1425
1789106640000000000,1945.80,1946.60,1945.60,1946.30,838
1789106700000000000,1946.30,1946.30,1945.40,1946.00,494
1789106760000000000,1946.00,1946.00,1945.20,1946.00,798
1789106820000000000,1946.00,1946.50,1945.20,1946.20,640
1789106880000000000,1946.20,1946.20,1945.80,1945.80,389
1789106940000000000,1946.00,1946.00,1945.10,1945.80,472
1789107000000000000,1945.80,1945.90,1945.00,1945.80,2027
1789107060000000000,1945.80,1945.90,1945.00,1945.00,1523
1789107120000000000,1945.10,1945.90,1945.00,1945.00,801
1789107180000000000,1945.70,1945.70,1945.00,1945.70,485
1789107240000000000,1945.70,1945.70,1945.10,1945.20,623
1789107300000000000,1945.60,1945.90,1945.00,1945.40,1831
1789107360000000000,1945.60,1945.70,1945.00,1945.50,276
1789107420000000000,1945.40,1945.80,1945.00,1945.30,650
1789107480000000000,1945.10,1945.60,1945.00,1945.60,2513
1789107540000000000,1945.60,1945.60,1945.00,1945.30,1049
1789107600000000000,1945.30,1945.30,1945.00,1945.10,1083
1789107660000000000,1945.10,1945.20,1943.40,1944.50,16385
1789107720000000000,1944.50,1944.50,1944.00,1944.10,815
1789107780000000000,1944.20,1944.30,1943.40,1943.90,813
1789107840000000000,1943.90,1944.00,1942.70,1943.90,1393
1789107900000000000,1943.90,1944.00,1943.40,1943.90,510
1789107960000000000,1943.90,1944.00,1943.10,1944.00,436
1789108020000000000,1944.00,1944.00,1942.70,1943.00,3177
1789108080000000000,1943.00,1943.40,1938.20,1940.30,6331
1789108140000000000,1939.80,1940.00,1938.60,1939.90,1931
1789108200000000000,1939.60,1940.10,1938.10,1938.90,2434
1789108260000000000,1938.90,1939.60,1938.40,1939.60,874
1789108320000000000,1939.60,1940.00,1938.40,1939.80,1468
1789108380000000000,1939.80,1941.80,1939.70,1941.40,1995
1789108440000000000,1941.80,1942.00,1940.70,1941.30,1930
1789108500000000000,1941.20,1941.40,1940.50,1940.50,1503
1789108560000000000,1941.00,1941.20,1940.00,1940.20,2167
1789108620000000000,1941.00,1941.00,1940.10,1940.90,1234
1789108680000000000,1940.90,1941.00,1940.00,1940.40,1304
1789108740000000000,1940.60,1941.00,1938.50,1938.50,8272
1789108800000000000,1938.50,1938.60,1935.00,1937.00,80904
1789108860000000000,1936.90,1937.60,1934.70,1937.20,5644
1789108920000000000,1937.20,1937.20,1934.00,1934.90,2403
1789108980000000000,1934.90,1935.20,1934.00,1935.00,1244
1789109040000000000,1935.00,1935.50,1934.00,1935.40,889
1789109100000000000,1935.40,1935.70,1934.50,1934.90,759
1789109160000000000,1935.00,1935.00,1934.70,1935.00,448
1789109220000000000,1935.00,1935.00,1934.90,1934.90,800
1789109280000000000,1934.90,1936.40,1934.80,1936.40,10323
1789109340000000000,1936.40,1936.40,1936.00,1936.00,493
1789109400000000000,1935.90,1936.00,1935.20,1935.80,407
1789109460000000000,1935.80,1935.80,1935.70,1935.80,321
1789109520000000000,1935.80,1935.80,1935.40,1935.40,423
1789109580000000000,1935.40,1936.80,1934.80,1934.80,2733
1789109640000000000,1935.10,1935.80,1934.40,1934.50,1652
1789109700000000000,1935.10,1935.40,1934.00,1934.90,1340
1789109760000000000,1934.90,1935.20,1934.00,1934.50,473
1789109820000000000,1934.80,1934.80,1934.20,1934.60,405
1789109880000000000,1934.60,1934.80,1934.20,1934.20,500
1789109940000000000,1934.40,1938.10,1934.20,1936.20,24461
1789110000000000000,1936.80,1938.00,1936.20,1938.00,15028
1789110060000000000,1937.90,1938.10,1937.00,1937.00,7732
1789110120000000000,1937.50,1937.70,1936.20,1937.10,1051
1789110180000000000,1937.00,1937.00,1936.00,1936.40,1538
1789110240000000000,1936.80,1936.80,1936.10,1936.50,441
1789110300000000000,1936.50,1936.90,1935.80,1936.40,1008
1789110360000000000,1936.40,1937.50,1934.80,1935.00,3278
1789110420000000000,1935.70,1938.40,1935.60,1937.50,3156
1789110480000000000,1938.30,1938.80,1937.00,1937.90,1903
1789110540000000000,1938.30,1938.60,1937.10,1937.50,681
1789110600000000000,1937.70,1938.00,1937.20,1937.60,462
1789110660000000000,1937.80,1938.30,1937.20,1938.10,421
1789110720000000000,1938.10,1938.80,1937.50,1938.60,2392
1789110780000000000,1938.60,1939.10,1937.70,1938.10,2182
1789110840000000000,1938.10,1938.50,1937.50,1937.50,689
1789110900000000000,1937.90,1937.90,1936.00,1936.00,2708
1789110960000000000,1936.70,1936.80,1934.30,1935.60,3454
1789111020000000000,1935.90,1936.30,1935.10,1936.30,719
1789111080000000000,1936.30,1937.00,1936.00,1936.30,990
1789111140000000000,1936.90,1936.90,1934.70,1935.00,2461
1789111200000000000,1935.00,1935.00,1934.90,1934.90,756
1789111260000000000,1935.00,1935.60,1934.30,1935.00,1131
1789111320000000000,1935.00,1935.00,1933.30,1934.50,3622
1789111380000000000,1934.90,1935.40,1934.50,1935.10,664
1789111440000000000,1935.40,1936.60,1935.20,1936.20,804
1789111500000000000,1936.20,1937.30,1935.80,1936.40,2260
1789111560000000000,1937.00,1937.60,1936.30,1936.50,2529
1789111620000000000,1937.20,1937.90,1935.80,1936.50,2743
1789111680000000000,1937.10,1937.80,1936.50,1936.90,1336
1789111740000000000,1937.20,1937.70,1936.50,1936.50,647
1789111800000000000,1937.10,1937.10,1936.00,1936.50,414
1789111860000000000,1936.60,1936.80,1935.80,1936.70,836
1789111920000000000,1936.60,1937.00,1936.10,1936.90,694
1789111980000000000,1936.90,1936.90,1936.10,1936.80,452
1789112040000000000,1936.80,1936.80,1936.00,1936.40,618
1789112100000000000,1936.50,1936.80,1936.00,1936.50,890
1789112160000000000,1936.50,1938.40,1936.00,1937.40,2008
1789112220000000000,1938.10,1938.30,1937.50,1938.20,510
1789112280000000000,1938.30,1938.70,1938.10,1938.10,628
1789112340000000000,1938.30,1938.40,1936.80,1937.30,2247
1789112400000000000,1937.30,1937.50,1936.10,1937.10,2712
1789112460000000000,1937.10,1937.50,1936.10,1937.40,1250
1789112520000000000,1937.40,1937.40,1936.40,1936.80,614
1789112580000000000,1936.80,1937.40,1936.30,1937.20,819
1789112640000000000,1937.40,1937.60,1937.20,1937.50,306
1789112700000000000,1937.60,1937.80,1936.80,1937.70,686
1789112760000000000,1937.70,1937.90,1936.80,1937.00,743
1789112820000000000,1937.60,1937.90,1936.30,1936.90,713
1789112880000000000,1937.40,1937.50,1936.00,1936.10,3650
1789112940000000000,1937.00,1937.00,1936.00,1936.90,2584
1789113000000000000,1936.80,1937.30,1936.20,1937.20,511
1789113060000000000,1937.20,1937.60,1936.50,1936.50,1387
1789113120000000000,1936.60,1937.10,1936.50,1937.10,420
1789113180000000000,1937.10,1937.10,1936.60,1937.00,916
1789113240000000000,1937.00,1937.20,1936.60,1936.90,525
1789113300000000000,1936.90,1936.90,1936.00,1936.80,1008
1789113360000000000,1936.80,1936.80,1935.80,1935.90,891
1789113420000000000,1936.00,1936.40,1935.80,1935.80,1343
1789113480000000000,1935.90,1936.30,1935.80,1936.30,1686
1789113540000000000,1936.30,1936.30,1935.00,1935.10,3829
1789113600000000000,1935.30,1935.70,1934.00,1935.20,3983
1789113660000000000,1935.40,1935.70,1934.40,1935.00,3724
1789113720000000000,1935.10,1936.00,1934.60,1935.90,6640
1789113780000000000,1935.90,1936.30,1935.50,1936.00,2705
1789113840000000000,1936.00,1936.10,1934.00,1934.40,6212
1789113900000000000,1934.60,1935.20,1934.00,1934.50,2930
1789113960000000000,1934.50,1934.50,1934.00,1934.20,1205
1789114020000000000,1934.30,1937.50,1934.00,1936.20,55533
1789114080000000000,1936.80,1936.80,1935.00,1935.00,2016
1789114140000000000,1935.60,1936.60,1934.40,1935.10,2050
1789114200000000000,1935.70,1935.90,1935.00,1935.60,934
1789114260000000000,1935.60,1935.60,1933.60,1934.80,1879
1789114320000000000,1934.90,1935.00,1934.20,1934.70,610
1789114380000000000,1934.70,1934.70,1933.90,1934.60,578
1789114440000000000,1934.60,1934.80,1934.50,1934.60,456
1789114500000000000,1934.70,1935.00,1934.50,1934.90,1146
1789114560000000000,1934.90,1934.90,1934.20,1934.70,635
1789114620000000000,1934.70,1934.70,1934.50,1934.70,1054
1789114680000000000,1934.70,1935.20,1934.20,1934.50,1748
1789114740000000000,1934.60,1935.00,1934.50,1934.90,1929
1789114800000000000,1934.90,1935.50,1934.10,1934.80,2635
1789114860000000000,1934.80,1935.00,1934.30,1934.80,479
1789114920000000000,1934.80,1934.90,1934.40,1934.90,785
1789114980000000000,1934.90,1935.00,1934.40,1934.70,1514
1789115040000000000,1935.00,1937.30,1934.70,1937.00,5479
1789115100000000000,1937.00,1937.90,1936.30,1937.60,3852
1789115160000000000,1937.70,1937.80,1936.00,1937.20,1419
1789115220000000000,1937.20,1937.40,1936.20,1936.80,1224
1789115280000000000,1936.80,1937.20,1936.20,1936.70,1651
1789115340000000000,1936.70,1937.00,1936.00,1936.80,988
1789115400000000000,1936.80,1937.50,1935.40,1937.30,1523
1789115460000000000,1937.30,1937.40,1936.10,1936.40,1338
1789115520000000000,1937.10,1939.00,1936.60,1938.30,2889
1789115580000000000,1938.60,1939.00,1937.90,1938.80,1146
1789115640000000000,1938.90,1939.30,1938.00,1939.30,2588
1789115700000000000,1939.30,1939.50,1938.20,1939.00,1350
1789115760000000000,1939.00,1939.20,1938.00,1938.80,1146
1789115820000000000,1939.20,1939.20,1937.60,1937.70,1636
1789115880000000000,1937.80,1938.10,1936.70,1936.90,1454
1789115940000000000,1937.50,1938.00,1936.50,1937.70,1103
1789116000000000000,1937.70,1937.90,1937.10,1937.80,1131
1789116060000000000,1937.80,1939.10,1937.70,1938.50,2843
1789116120000000000,1938.50,1939.10,1938.00,1938.60,1117
1789116180000000000,1938.60,1938.90,1938.00,1938.10,810
1789116240000000000,1938.10,1938.30,1937.00,1937.70,1143
1789116300000000000,1937.90,1937.90,1937.00,1937.00,1315
1789116360000000000,1937.00,1938.00,1936.50,1937.60,880
1789116420000000000,1937.70,1938.50,1937.60,1938.10,1763
1789116480000000000,1938.10,1938.40,1937.30,1937.40,1364
1789116540000000000,1937.70,1940.50,1937.60,1940.40,19991
1789116600000000000,1940.40,1940.50,1940.00,1940.50,1114
1789116660000000000,1940.50,1940.50,1940.00,1940.30,1341
1789116720000000000,1940.30,1940.80,1940.00,1940.50,1968
1789116780000000000,1940.70,1941.00,1940.30,1940.30,1841
1789116840000000000,1940.40,1944.50,1940.30,1944.00,5810
1789116900000000000,1944.40,1944.80,1943.00,1944.00,3035
1789116960000000000,1944.00,1944.20,1943.20,1943.40,1433
1789117020000000000,1943.50,1944.30,1943.20,1944.20,2819
1789117080000000000,1944.20,1944.40,1943.50,1944.30,1611
1789117140000000000,1944.30,1945.90,1944.00,1944.80,5458
1789117200000000000,1945.20,1946.10,1944.00,1944.80,12657
1789117260000000000,1944.80,1945.00,1943.60,1944.00,6497
1789117320000000000,1944.10,1945.00,1943.70,1943.70,6526
1789117380000000000,1944.50,1945.20,1943.60,1943.60,2285
1789117440000000000,1944.20,1944.30,1943.60,1944.00,1053
1789117500000000000,1944.00,1944.30,1943.90,1944.30,1026
1789117560000000000,1944.30,1944.40,1942.90,1943.20,1333
1789117620000000000,1943.30,1944.30,1942.40,1943.50,4600
1789117680000000000,1943.70,1944.50,1943.50,1943.90,1923
1789117740000000000,1944.00,1944.00,1942.00,1942.20,5845
1789117800000000000,1942.70,1943.70,1942.00,1942.40,6639
1789117860000000000,1942.40,1942.40,1941.00,1941.00,7604
1789117920000000000,1941.70,1942.40,1940.20,1940.60,6796
1789117980000000000,1940.80,1940.80,1939.80,1940.00,5624
1789118040000000000,1940.40,1940.40,1939.80,1940.00,2681
1789118100000000000,1940.00,1940.00,1939.00,1939.30,1704
1789118160000000000,1939.30,1939.60,1939.00,1939.10,1167
1789118220000000000,1939.40,1939.50,1938.60,1938.90,1421
1789118280000000000,1939.00,1939.10,1938.60,1938.80,1051
1789118340000000000,1938.90,1938.90,1936.20,1937.00,6706
1789118400000000000,1937.00,1937.30,1936.10,1937.00,5000
1789118460000000000,1937.20,1938.00,1936.20,1937.70,14302
1789118520000000000,1938.10,1940.60,1937.30,1937.50,16152
1789118580000000000,1938.00,1938.00,1936.40,1936.60,4885
1789118640000000000,1937.00,1937.00,1936.60,1936.80,1589
1789118700000000000,1937.00,1937.00,1936.80,1937.00,658
1789118760000000000,1937.00,1937.00,1935.90,1936.40,4980
1789118820000000000,1936.40,1937.00,1936.00,1937.00,1716
1789118880000000000,1936.90,1937.00,1935.70,1936.50,4551
1789118940000000000,1936.50,1937.00,1935.90,1937.00,4098
1789119000000000000,1936.80,1937.00,1935.80,1936.00,6408
1789119060000000000,1936.00,1936.40,1934.40,1934.90,9718
1789119120000000000,1935.00,1935.10,1934.40,1934.60,6760
1789119180000000000,1935.00,1935.00,1934.10,1934.90,4129
1789119240000000000,1934.90,1934.90,1933.10,1933.10,6938
1789119300000000000,1933.70,1933.70,1933.00,1933.50,4198
1789119360000000000,1933.70,1933.70,1932.10,1933.10,5694
1789119420000000000,1932.60,1933.50,1932.20,1933.00,4636
1789119480000000000,1933.00,1933.60,1932.50,1933.20,4420
1789119540000000000,1933.40,1933.90,1932.50,1933.90,5890
1789119600000000000,1933.90,1935.10,1933.80,1935.00,9548
1789119660000000000,1935.00,1935.10,1934.80,1934.90,15760
1789119720000000000,1935.00,1935.10,1934.90,1934.90,9381
1789119780000000000,1935.00,1935.10,1934.90,1935.00,13237
1789119840000000000,1934.90,1935.00,1934.30,1934.90,8178
1789119900000000000,1934.90,1934.90,1934.90,1934.90,0
1789119960000000000,1934.90,1934.90,1934.90,1934.90,0
1789120020000000000,1934.90,1934.90,1934.90,1934.90,0
1789120080000000000,1934.90,1934.90,1934.90,1934.90,0
1789120140000000000,1934.90,1934.90,1934.90,1934.90,0
1789120200000000000,1934.90,1934.90,1934.90,1934.90,0
1789120260000000000,1934.90,1934.90,1934.90,1934.90,0
1789120320000000000,1934.90,1934.90,1934.90,1934.90,0
1789120380000000000,1934.90,1934.90,1934.90,1934.90,0
1789120440000000000,1934.90,1934.90,1934.90,1934.90,0
1789120500000000000,1934.90,1934.90,1934.90,1934.90,0
1789120560000000000,1934.90,1934.90,1934.90,1934.90,0
1789120620000000000,1934.90,1934.90,1934.90,1934.90,0
1789120680000000000,1934.90,1934.90,1934.90,1934.90,0
1789120740000000000,1927.00,1927.00,1927.00,1927.00,93260
