timestamp_ns,open,high,low,close,volume
1787888700000000000,1435.00,1439.80,1432.50,1433.10,490081
1787888760000000000,1432.90,1434.90,1428.80,1434.10,267135
1787888820000000000,1434.60,1436.90,1434.30,1435.60,51795
1787888880000000000,1436.00,1436.90,1435.20,1436.90,88576
1787888940000000000,1436.90,1437.70,1436.10,1436.60,42577
1787889000000000000,1437.00,1437.00,1435.00,1435.60,54022
1787889060000000000,1436.10,1436.50,1435.20,1436.40,26825
1787889120000000000,1436.20,1437.90,1435.90,1436.10,66156
1787889180000000000,1436.20,1436.60,1436.10,1436.50,2847
1787889240000000000,1436.50,1436.90,1436.20,1436.70,11561
1787889300000000000,1436.90,1438.40,1436.90,1438.20,18376
1787889360000000000,1438.20,1438.80,1437.60,1438.70,16531
1787889420000000000,1438.70,1438.80,1438.00,1438.10,9864
1787889480000000000,1438.50,1438.50,1437.40,1437.70,8618
1787889540000000000,1438.20,1438.40,1437.80,1437.80,6343
1787889600000000000,1438.20,1438.30,1436.50,1436.80,13894
1787889660000000000,1437.00,1437.20,1436.80,1436.80,4310
1787889720000000000,1437.20,1437.40,1436.60,1437.10,4735
1787889780000000000,1437.40,1437.60,1437.10,1437.50,8220
1787889840000000000,1437.50,1437.50,1434.20,1434.60,129846
1787889900000000000,1434.60,1435.50,1434.20,1434.60,50253
1787889960000000000,1434.50,1434.90,1434.40,1434.50,4032
1787890020000000000,1434.60,1435.10,1434.40,1434.80,23733
1787890080000000000,1434.80,1434.90,1433.10,1433.50,71899
1787890140000000000,1434.00,1434.60,1433.40,1434.50,18576
1787890200000000000,1434.50,1435.30,1434.10,1434.70,14527
1787890260000000000,1435.20,1435.20,1434.60,1434.90,3003
1787890320000000000,1434.90,1435.00,1434.20,1434.90,5619
1787890380000000000,1435.00,1435.60,1434.90,1435.30,13986
1787890440000000000,1435.30,1435.40,1435.00,1435.10,2638
1787890500000000000,1435.40,1435.40,1435.00,1435.10,4344
1787890560000000000,1435.40,1435.50,1435.10,1435.30,2702
1787890620000000000,1435.30,1435.60,1435.30,1435.60,2399
1787890680000000000,1435.60,1435.70,1434.80,1435.30,56051
1787890740000000000,1435.10,1435.50,1435.10,1435.40,2329
1787890800000000000,1435.40,1435.50,1432.50,1433.80,74695
1787890860000000000,1434.20,1434.30,1433.80,1434.00,6642
1787890920000000000,1434.30,1434.30,1432.90,1434.00,49015
1787890980000000000,1434.10,1434.20,1433.40,1433.50,4277
1787891040000000000,1433.80,1434.40,1433.50,1434.00,14220
1787891100000000000,1434.10,1434.80,1434.00,1434.10,4833
1787891160000000000,1434.50,1434.60,1434.00,1434.30,2419
1787891220000000000,1434.30,1435.50,1433.50,1435.20,14650
1787891280000000000,1435.50,1435.80,1434.60,1435.00,129657
1787891340000000000,1435.40,1435.50,1434.00,1434.00,15740
1787891400000000000,1434.20,1434.50,1434.00,1434.00,7514
1787891460000000000,1434.10,1434.50,1434.00,1434.00,16217
1787891520000000000,1434.20,1434.30,1434.00,1434.00,2882
1787891580000000000,1434.10,1435.00,1434.00,1434.60,28860
1787891640000000000,1434.90,1435.10,1433.60,1433.60,103640
1787891700000000000,1433.80,1434.00,1433.30,1433.40,2616
1787891760000000000,1433.40,1434.00,1432.50,1432.90,71507
1787891820000000000,1432.90,1433.00,1432.60,1432.90,3457
1787891880000000000,1432.90,1433.00,1432.50,1432.70,2666
1787891940000000000,1432.90,1433.00,1431.50,1431.80,106522
1787892000000000000,1431.90,1432.20,1431.80,1432.20,6329
1787892060000000000,1432.20,1433.40,1432.10,1433.30,36235
1787892120000000000,1433.10,1433.30,1431.80,1431.80,86748
1787892180000000000,1432.00,1432.60,1431.80,1432.50,140440
1787892240000000000,1432.60,1433.40,1432.50,1433.30,7836
1787892300000000000,1433.40,1433.70,1433.00,1433.00,8493
1787892360000000000,1433.40,1433.40,1432.00,1432.20,17770
1787892420000000000,1432.60,1433.00,1432.20,1432.90,9248
1787892480000000000,1432.90,1432.90,1431.50,1431.50,7998
1787892540000000000,1431.80,1432.00,1431.50,1431.60,7983
1787892600000000000,1431.90,1432.20,1431.60,1432.10,6157
1787892660000000000,1432.10,1432.20,1431.80,1431.80,1643
1787892720000000000,1432.00,1432.20,1431.80,1431.90,2739
1787892780000000000,1432.00,1432.30,1431.90,1432.30,2535
1787892840000000000,1432.30,1432.50,1432.20,1432.20,1849
1787892900000000000,1432.50,1432.50,1430.50,1430.80,54912
1787892960000000000,1431.20,1431.20,1430.50,1431.10,15529
1787893020000000000,1431.10,1431.10,1430.60,1431.00,2494
1787893080000000000,1431.10,1431.40,1430.80,1431.00,2361
1787893140000000000,1431.20,1431.20,1431.00,1431.10,2474
1787893200000000000,1431.20,1431.20,1430.80,1430.90,2859
1787893260000000000,1431.00,1431.10,1430.90,1431.00,3196
1787893320000000000,1431.10,1431.40,1430.60,1431.10,5651
1787893380000000000,1431.40,1431.40,1429.60,1429.80,62879
1787893440000000000,1430.00,1430.00,1429.70,1430.00,3792
1787893500000000000,1429.90,1430.00,1429.60,1429.60,3442
1787893560000000000,1430.00,1430.40,1429.60,1430.10,6751
1787893620000000000,1430.40,1430.40,1430.10,1430.30,4324
1787893680000000000,1430.40,1430.80,1430.10,1430.20,46611
1787893740000000000,1430.30,1430.40,1430.00,1430.30,4819
1787893800000000000,1430.40,1431.70,1430.30,1431.30,42883
1787893860000000000,1431.50,1431.70,1431.00,1431.00,4885
1787893920000000000,1431.30,1431.60,1430.40,1430.90,56030
1787893980000000000,1431.00,1431.30,1430.30,1431.10,83349
1787894040000000000,1431.10,1431.40,1430.20,1430.30,8713
1787894100000000000,1430.40,1430.60,1430.00,1430.20,6000
1787894160000000000,1430.50,1430.80,1430.20,1430.50,5860
1787894220000000000,1430.70,1431.30,1430.70,1431.20,6351
1787894280000000000,1431.20,1431.70,1431.10,1431.60,6887
1787894340000000000,1431.60,1431.70,1431.20,1431.60,8548
1787894400000000000,1431.70,1431.90,1431.30,1431.70,11019
1787894460000000000,1431.90,1432.10,1431.50,1431.50,12037
1787894520000000000,1431.70,1432.00,1431.60,1431.70,3218
1787894580000000000,1431.80,1431.90,1431.60,1431.70,6312
1787894640000000000,1431.70,1431.70,1431.20,1431.30,5017
1787894700000000000,1431.40,1431.40,1430.40,1430.70,5348
1787894760000000000,1430.90,1431.00,1430.40,1430.90,5065
1787894820000000000,1431.00,1432.10,1430.80,1430.80,89810
1787894880000000000,1430.90,1430.90,1430.00,1430.70,29992
1787894940000000000,1430.60,1430.60,1430.00,1430.50,1797
1787895000000000000,1430.60,1430.60,1430.10,1430.40,4320
1787895060000000000,1430.50,1430.90,1430.20,1430.70,5112
1787895120000000000,1430.80,1430.90,1430.50,1430.90,3267
1787895180000000000,1430.90,1430.90,1430.50,1430.80,8055
1787895240000000000,1430.90,1431.00,1430.80,1430.80,5807
1787895300000000000,1430.90,1431.10,1430.50,1430.50,4368
1787895360000000000,1431.00,1431.10,1430.50,1430.60,2560
1787895420000000000,1430.70,1430.80,1430.20,1430.20,37799
1787895480000000000,1430.40,1430.60,1430.20,1430.30,5512
1787895540000000000,1430.40,1430.40,1429.50,1430.10,23578
1787895600000000000,1430.10,1430.10,1429.60,1430.00,9752
1787895660000000000,1430.10,1430.20,1430.00,1430.10,6775
1787895720000000000,1430.20,1430.30,1430.10,1430.20,3991
1787895780000000000,1430.30,1430.40,1430.10,1430.30,11110
1787895840000000000,1430.40,1431.10,1430.20,1430.20,13655
1787895900000000000,1430.40,1430.70,1429.80,1430.00,15039
1787895960000000000,1430.20,1430.20,1429.50,1429.50,8065
1787896020000000000,1429.60,1429.70,1429.10,1429.60,36981
1787896080000000000,1429.60,1429.60,1428.30,1428.80,14500
1787896140000000000,1428.90,1429.20,1428.80,1429.00,4666
1787896200000000000,1429.10,1429.10,1428.50,1428.90,5895
1787896260000000000,1428.90,1429.30,1428.50,1429.30,7373
1787896320000000000,1429.30,1429.30,1428.70,1429.30,4424
1787896380000000000,1429.30,1429.40,1429.20,1429.30,3767
1787896440000000000,1429.40,1429.50,1428.90,1429.20,3410
1787896500000000000,1429.30,1429.40,1428.90,1429.10,8625
1787896560000000000,1429.10,1429.20,1428.10,1428.30,5535
1787896620000000000,1428.30,1428.60,1428.10,1428.60,11444
1787896680000000000,1428.70,1428.80,1428.20,1428.60,3953
1787896740000000000,1428.60,1428.80,1428.10,1428.40,6430
1787896800000000000,1428.30,1428.60,1428.10,1428.60,4991
1787896860000000000,1428.60,1428.80,1428.50,1428.70,11802
1787896920000000000,1428.80,1428.90,1426.50,1427.00,90857
1787896980000000000,1427.00,1427.00,1425.40,1425.40,22583
1787897040000000000,1425.60,1426.00,1425.10,1425.50,7642
1787897100000000000,1425.60,1425.80,1424.30,1425.00,23095
1787897160000000000,1425.00,1425.00,1424.50,1425.00,6299
1787897220000000000,1425.00,1426.50,1424.90,1425.80,38264
1787897280000000000,1425.80,1426.50,1425.50,1426.30,14290
1787897340000000000,1426.40,1426.80,1426.00,1426.70,5070
1787897400000000000,1426.60,1427.30,1426.50,1427.10,15600
1787897460000000000,1427.10,1427.70,1427.10,1427.40,9115
1787897520000000000,1427.40,1427.40,1427.00,1427.10,6688
1787897580000000000,1427.10,1427.30,1427.00,1427.10,5047
1787897640000000000,1427.30,1427.30,1427.00,1427.20,3752
1787897700000000000,1427.20,1427.20,1426.50,1427.20,31529
1787897760000000000,1427.20,1427.20,1426.50,1426.70,5839
1787897820000000000,1426.90,1427.00,1426.50,1426.70,7394
1787897880000000000,1426.90,1426.90,1426.50,1426.50,7817
1787897940000000000,1426.80,1426.80,1425.60,1425.70,42972
1787898000000000000,1426.20,1426.40,1425.60,1426.00,9994
1787898060000000000,1426.30,1426.40,1425.50,1425.50,8069
1787898120000000000,1425.90,1426.00,1425.50,1425.50,6483
1787898180000000000,1425.60,1426.00,1425.50,1425.50,6498
1787898240000000000,1425.60,1426.20,1425.50,1425.50,14200
1787898300000000000,1426.00,1426.00,1425.10,1425.60,34518
1787898360000000000,1425.60,1425.60,1424.40,1425.10,37226
1787898420000000000,1424.80,1425.00,1424.00,1424.10,13996
1787898480000000000,1424.10,1424.70,1424.00,1424.10,298834
1787898540000000000,1424.10,1424.80,1423.10,1424.60,26849
1787898600000000000,1424.60,1425.70,1424.50,1424.50,48974
1787898660000000000,1424.90,1424.90,1424.50,1424.50,5427
1787898720000000000,1424.70,1424.70,1424.50,1424.50,4135
1787898780000000000,1424.60,1424.80,1423.60,1423.60,28705
1787898840000000000,1424.00,1424.40,1423.60,1424.20,8345
1787898900000000000,1424.10,1424.30,1423.20,1423.20,5553
1787898960000000000,1423.60,1424.00,1423.30,1424.00,16977
1787899020000000000,1424.10,1424.90,1424.10,1424.50,12508
1787899080000000000,1424.80,1425.50,1424.60,1425.40,9582
1787899140000000000,1425.50,1425.50,1424.10,1424.10,5047
1787899200000000000,1424.20,1424.40,1424.00,1424.00,9177
1787899260000000000,1424.20,1424.30,1423.30,1423.70,16767
1787899320000000000,1424.00,1424.40,1423.90,1424.40,9520
1787899380000000000,1424.40,1425.20,1424.10,1425.00,15160
1787899440000000000,1425.00,1425.00,1424.70,1424.70,5824
1787899500000000000,1425.00,1425.00,1424.50,1425.00,5408
1787899560000000000,1425.00,1425.00,1424.50,1424.50,6666
1787899620000000000,1424.90,1425.00,1424.50,1424.50,5684
1787899680000000000,1424.90,1425.00,1424.50,1424.90,5669
1787899740000000000,1424.90,1425.00,1424.50,1424.50,6652
1787899800000000000,1425.00,1425.00,1424.50,1424.50,6463
1787899860000000000,1424.80,1425.00,1424.50,1425.00,7294
1787899920000000000,1425.00,1425.00,1424.50,1424.60,11514
1787899980000000000,1424.60,1424.70,1424.50,1424.50,6956
1787900040000000000,1424.70,1424.90,1424.50,1424.50,8518
1787900100000000000,1424.70,1424.80,1424.50,1424.50,8368
1787900160000000000,1424.80,1425.00,1424.50,1425.00,11638
1787900220000000000,1425.00,1425.00,1424.50,1424.90,6059
1787900280000000000,1424.90,1424.90,1424.50,1424.90,7746
1787900340000000000,1424.90,1425.00,1424.50,1424.60,18286
1787900400000000000,1424.90,1425.30,1424.50,1424.80,19051
1787900460000000000,1424.80,1424.90,1424.20,1424.20,6242
1787900520000000000,1424.30,1424.50,1424.10,1424.10,8881
1787900580000000000,1424.40,1424.60,1424.10,1424.10,6255
1787900640000000000,1424.40,1424.80,1424.20,1424.70,5781
1787900700000000000,1424.70,1424.80,1424.10,1424.60,7028
1787900760000000000,1424.60,1426.40,1424.10,1426.10,133103
1787900820000000000,1426.10,1426.50,1425.50,1426.00,41390
1787900880000000000,1426.30,1426.60,1426.00,1426.00,17403
1787900940000000000,1426.30,1427.20,1426.00,1426.20,53885
1787901000000000000,1426.20,1427.00,1426.00,1426.30,13755
1787901060000000000,1426.60,1427.20,1426.20,1426.30,111688
1787901120000000000,1426.30,1426.50,1426.00,1426.00,5677
1787901180000000000,1426.40,1426.40,1426.00,1426.00,5219
1787901240000000000,1426.20,1426.50,1425.80,1426.00,10994
1787901300000000000,1426.00,1426.10,1425.50,1425.70,6867
1787901360000000000,1425.70,1426.50,1425.60,1426.20,6803
1787901420000000000,1426.20,1426.60,1426.00,1426.00,4646
1787901480000000000,1426.40,1426.70,1426.00,1426.10,9843
1787901540000000000,1426.10,1426.60,1426.00,1426.30,7624
1787901600000000000,1426.30,1426.40,1425.60,1425.60,5945
1787901660000000000,1426.00,1426.20,1425.50,1425.90,7951
1787901720000000000,1425.90,1426.20,1425.60,1426.00,8554
1787901780000000000,1426.20,1426.50,1426.00,1426.00,11138
1787901840000000000,1426.20,1426.30,1426.00,1426.00,9909
1787901900000000000,1426.30,1426.30,1426.00,1426.00,8245
1787901960000000000,1426.20,1426.30,1426.00,1426.00,10383
1787902020000000000,1426.20,1426.30,1426.00,1426.20,9614
1787902080000000000,1426.10,1426.10,1425.50,1425.50,15793
1787902140000000000,1425.60,1425.70,1424.10,1424.20,29505
1787902200000000000,1424.20,1424.50,1424.10,1424.10,9970
1787902260000000000,1424.40,1425.00,1424.10,1424.30,36003
1787902320000000000,1424.80,1425.30,1424.30,1425.10,18050
1787902380000000000,1425.10,1425.20,1424.50,1425.00,11549
1787902440000000000,1425.10,1425.30,1425.00,1425.00,8647
1787902500000000000,1425.00,1425.30,1424.50,1424.50,6324
1787902560000000000,1425.00,1425.00,1424.30,1424.50,5931
1787902620000000000,1425.00,1425.10,1424.50,1424.60,6177
1787902680000000000,1425.10,1425.20,1424.70,1424.70,4836
1787902740000000000,1425.20,1425.20,1424.50,1424.50,5624
1787902800000000000,1425.00,1425.00,1424.10,1424.10,5137
1787902860000000000,1424.50,1424.80,1424.10,1424.40,13836
1787902920000000000,1424.60,1424.70,1423.50,1423.50,37371
1787902980000000000,1423.70,1424.20,1423.50,1423.90,10651
1787903040000000000,1424.00,1424.20,1423.50,1423.60,12990
1787903100000000000,1424.00,1424.10,1423.50,1423.60,6340
1787903160000000000,1423.90,1424.10,1423.50,1423.50,6513
1787903220000000000,1423.90,1424.10,1423.50,1423.50,6716
1787903280000000000,1424.00,1424.30,1423.50,1423.70,9503
1787903340000000000,1424.20,1425.10,1423.50,1423.50,59807
1787903400000000000,1423.70,1424.70,1422.50,1423.40,68226
1787903460000000000,1423.60,1423.90,1423.00,1423.70,12900
1787903520000000000,1423.80,1424.20,1423.60,1424.00,10291
1787903580000000000,1424.20,1424.20,1423.50,1423.50,4845
1787903640000000000,1423.90,1423.90,1422.60,1423.00,15968
1787903700000000000,1423.50,1423.70,1422.90,1423.40,5362
1787903760000000000,1423.40,1423.40,1423.00,1423.00,5384
1787903820000000000,1423.30,1423.50,1419.30,1419.50,258634
1787903880000000000,1419.80,1420.00,1418.90,1419.20,93080
1787903940000000000,1419.20,1419.60,1419.10,1419.50,32254
1787904000000000000,1419.50,1419.90,1419.40,1419.80,12669
1787904060000000000,1419.90,1420.90,1419.80,1420.00,220539
1787904120000000000,1420.00,1420.90,1419.80,1419.90,124319
1787904180000000000,1420.00,1421.30,1419.80,1420.90,351081
1787904240000000000,1421.00,1421.10,1420.10,1421.00,22683
1787904300000000000,1421.10,1421.60,1420.50,1420.60,38908
1787904360000000000,1420.70,1421.50,1420.40,1421.40,33068
1787904420000000000,1421.50,1422.80,1421.30,1422.70,23901
1787904480000000000,1422.80,1423.60,1422.60,1423.60,43261
1787904540000000000,1423.60,1423.60,1423.50,1423.50,6653
1787904600000000000,1423.60,1423.70,1423.50,1423.60,5557
1787904660000000000,1423.70,1423.70,1422.60,1423.50,88470
1787904720000000000,1423.10,1423.60,1422.20,1423.50,72771
1787904780000000000,1423.60,1423.60,1423.50,1423.60,7944
1787904840000000000,1423.60,1423.70,1423.50,1423.50,12661
1787904900000000000,1423.60,1423.70,1423.50,1423.60,4457
1787904960000000000,1423.60,1423.60,1423.50,1423.50,3175
1787905020000000000,1423.60,1423.80,1423.50,1423.50,5539
1787905080000000000,1423.60,1423.60,1423.20,1423.60,82799
1787905140000000000,1423.60,1423.60,1422.40,1422.70,110398
1787905200000000000,1422.80,1423.20,1422.20,1423.10,9753
1787905260000000000,1423.20,1423.20,1422.20,1422.40,13994
1787905320000000000,1422.40,1422.50,1422.30,1422.40,3269
1787905380000000000,1422.50,1422.70,1422.40,1422.60,4062
1787905440000000000,1422.70,1422.90,1422.40,1422.70,4047
1787905500000000000,1422.80,1422.80,1421.90,1422.20,24837
1787905560000000000,1422.70,1422.70,1421.90,1422.60,3136
1787905620000000000,1422.80,1422.90,1422.60,1422.80,3559
1787905680000000000,1422.90,1422.90,1422.40,1422.70,7684
1787905740000000000,1422.80,1423.00,1422.60,1422.90,5037
1787905800000000000,1423.00,1423.70,1422.90,1423.60,7819
1787905860000000000,1423.70,1423.80,1423.20,1423.40,3721
1787905920000000000,1423.50,1424.50,1423.50,1423.60,11318
1787905980000000000,1424.10,1424.10,1423.20,1423.70,5174
1787906040000000000,1423.60,1424.00,1423.50,1423.80,3649
1787906100000000000,1423.80,1424.50,1423.50,1423.50,12606
1787906160000000000,1424.00,1424.00,1423.50,1423.50,6859
1787906220000000000,1423.60,1424.50,1423.50,1424.50,13426
1787906280000000000,1424.50,1424.60,1424.30,1424.30,4960
1787906340000000000,1424.40,1424.40,1424.00,1424.30,4719
1787906400000000000,1424.30,1425.00,1424.00,1424.90,11866
1787906460000000000,1424.90,1425.60,1424.30,1424.60,23034
1787906520000000000,1424.70,1424.80,1424.00,1424.30,5824
1787906580000000000,1424.30,1424.70,1424.20,1424.40,3912
1787906640000000000,1424.60,1424.90,1424.40,1424.40,4176
1787906700000000000,1424.50,1424.60,1423.80,1423.80,5609
1787906760000000000,1424.00,1424.50,1423.60,1424.40,4976
1787906820000000000,1424.50,1424.60,1424.40,1424.50,2209
1787906880000000000,1424.60,1424.80,1424.20,1424.20,12855
1787906940000000000,1424.30,1424.30,1423.20,1423.60,7192
1787907000000000000,1423.60,1423.60,1423.50,1423.50,2086
1787907060000000000,1423.60,1423.80,1423.50,1423.80,10017
1787907120000000000,1423.80,1424.00,1423.30,1423.90,7618
1787907180000000000,1424.00,1424.00,1423.70,1424.00,3941
1787907240000000000,1424.00,1424.50,1423.90,1424.40,7751
1787907300000000000,1424.40,1424.40,1423.50,1423.80,5366
1787907360000000000,1423.70,1424.20,1423.70,1424.10,8871
1787907420000000000,1424.10,1424.30,1424.00,1424.30,3002
1787907480000000000,1424.30,1424.60,1424.20,1424.30,4232
1787907540000000000,1424.30,1424.80,1424.20,1424.80,8524
1787907600000000000,1424.80,1424.90,1424.60,1424.80,7088
1787907660000000000,1424.80,1425.00,1424.30,1424.40,2861
1787907720000000000,1424.50,1424.60,1424.40,1424.60,1329
1787907780000000000,1424.60,1424.60,1424.00,1424.50,6233
1787907840000000000,1424.50,1425.10,1424.40,1425.00,10829
1787907900000000000,1425.10,1425.10,1424.20,1424.80,2873
1787907960000000000,1424.80,1425.00,1424.30,1424.60,2192
1787908020000000000,1424.60,1424.80,1424.30,1424.70,2076
1787908080000000000,1424.80,1424.80,1424.50,1424.70,2440
1787908140000000000,1424.80,1424.90,1424.00,1424.40,3307
1787908200000000000,1424.50,1424.50,1424.10,1424.30,1446
1787908260000000000,1424.30,1424.80,1424.20,1424.80,3835
1787908320000000000,1424.80,1424.80,1423.90,1424.50,5271
1787908380000000000,1424.50,1424.60,1424.40,1424.50,969
1787908440000000000,1424.60,1424.70,1424.00,1424.10,3268
1787908500000000000,1424.10,1424.20,1424.00,1424.00,5436
1787908560000000000,1424.10,1424.20,1423.80,1424.00,2027
1787908620000000000,1424.00,1424.10,1423.20,1423.90,5464
1787908680000000000,1424.00,1424.50,1423.50,1424.00,10184
1787908740000000000,1424.20,1425.20,1424.10,1424.40,20262
1787908800000000000,1424.40,1425.50,1424.00,1424.60,25939
1787908860000000000,1425.10,1425.30,1424.20,1424.50,24424
1787908920000000000,1424.50,1425.10,1424.20,1424.80,22484
1787908980000000000,1424.80,1425.10,1424.60,1425.00,4267
1787909040000000000,1425.00,1425.10,1424.50,1425.00,6862
1787909100000000000,1425.10,1425.30,1424.90,1425.00,5093
1787909160000000000,1425.00,1425.00,1424.70,1424.80,6829
1787909220000000000,1424.80,1425.20,1424.70,1425.00,19486
1787909280000000000,1425.00,1425.30,1424.70,1425.00,10224
1787909340000000000,1425.00,1425.20,1423.90,1424.00,42927
1787909400000000000,1424.00,1424.10,1423.60,1424.00,28253
1787909460000000000,1423.60,1424.00,1423.40,1423.90,57603
1787909520000000000,1423.80,1423.90,1422.50,1423.40,28268
1787909580000000000,1423.00,1423.50,1422.90,1423.20,11531
1787909640000000000,1423.00,1423.30,1422.60,1423.00,16575
1787909700000000000,1423.00,1423.10,1422.80,1422.90,15349
1787909760000000000,1422.80,1423.20,1422.60,1423.10,34927
1787909820000000000,1423.10,1423.60,1423.00,1423.60,20266
1787909880000000000,1423.50,1424.60,1423.40,1424.50,34627
1787909940000000000,1424.50,1425.00,1423.60,1425.00,30964
1787910000000000000,1424.90,1425.20,1424.60,1424.80,41954
1787910060000000000,1424.90,1427.00,1424.40,1426.80,97510
1787910120000000000,1426.80,1427.00,1424.90,1425.40,129803
1787910180000000000,1425.80,1427.40,1425.40,1426.50,21935
1787910240000000000,1426.80,1427.00,1425.20,1425.20,31801
1787910300000000000,1425.20,1425.20,1425.20,1425.20,0
1787910360000000000,1425.20,1425.20,1425.20,1425.20,0
1787910420000000000,1425.20,1425.20,1425.20,1425.20,0
1787910480000000000,1425.20,1425.20,1425.20,1425.20,0
1787910540000000000,1425.20,1425.20,1425.20,1425.20,0
1787910600000000000,1425.20,1425.20,1425.20,1425.20,0
1787910660000000000,1425.20,1425.20,1425.20,1425.20,0
1787910720000000000,1425.20,1425.20,1425.20,1425.20,0
1787910780000000000,1425.20,1425.20,1425.20,1425.20,0
1787910840000000000,1425.20,1425.20,1425.20,1425.20,0
1787910900000000000,1425.20,1425.20,1425.20,1425.20,0
1787910960000000000,1425.20,1425.20,1425.20,1425.20,0
1787911020000000000,1425.20,1425.20,1425.20,1425.20,0
1787911080000000000,1425.20,1425.20,1425.20,1425.20,0
1787911140000000000,1422.80,1422.80,1422.80,1422.80,147239
1788147900000000000,1422.80,1430.00,1422.80,1427.10,150758
1788147960000000000,1427.50,1428.50,1425.20,1426.80,30672
1788148020000000000,1426.80,1428.40,1426.30,1427.00,30849
1788148080000000000,1427.00,1427.00,1424.60,1426.20,41430
1788148140000000000,1426.20,1426.20,1424.70,1425.70,22550
1788148200000000000,1425.70,1428.70,1425.50,1427.60,56242
1788148260000000000,1427.60,1428.30,1426.50,1427.60,21144
1788148320000000000,1427.60,1428.20,1426.50,1427.00,26295
1788148380000000000,1427.00,1427.00,1426.60,1426.90,22522
1788148440000000000,1426.80,1427.20,1426.60,1427.00,518467
1788148500000000000,1427.00,1427.50,1426.50,1426.50,30408
1788148560000000000,1427.00,1427.00,1425.80,1426.00,10583
1788148620000000000,1426.00,1426.20,1424.30,1424.70,14074
1788148680000000000,1424.80,1426.50,1424.30,1426.50,871606
1788148740000000000,1426.50,1426.80,1426.20,1426.40,9246
1788148800000000000,1426.50,1426.60,1424.60,1425.10,22363
1788148860000000000,1425.10,1425.10,1424.60,1424.80,7961
1788148920000000000,1425.00,1426.00,1424.60,1425.50,32334
1788148980000000000,1425.90,1425.90,1423.60,1424.80,37176
1788149040000000000,1424.80,1424.80,1423.10,1423.10,25538
1788149100000000000,1423.60,1423.60,1422.70,1423.50,12264
1788149160000000000,1423.50,1423.50,1422.90,1423.00,7848
1788149220000000000,1423.40,1424.50,1423.00,1424.50,28884
1788149280000000000,1424.50,1425.40,1424.30,1424.70,40833
1788149340000000000,1424.70,1424.70,1424.10,1424.10,2825
1788149400000000000,1424.20,1424.60,1424.10,1424.50,5301
1788149460000000000,1424.50,1424.50,1423.90,1423.90,6159
1788149520000000000,1424.00,1424.40,1423.70,1423.70,5155
1788149580000000000,1424.10,1424.10,1423.70,1423.80,2689
1788149640000000000,1424.00,1424.00,1423.30,1423.30,8641
1788149700000000000,1423.40,1423.50,1423.00,1423.00,4008
1788149760000000000,1423.10,1423.20,1420.90,1422.60,55752
1788149820000000000,1422.90,1423.00,1421.00,1422.90,71433
1788149880000000000,1422.90,1423.90,1421.30,1422.50,179438
1788149940000000000,1422.50,1422.50,1421.00,1422.10,34365
1788150000000000000,1422.40,1422.90,1422.10,1422.70,8306
1788150060000000000,1422.70,1422.80,1422.30,1422.70,11452
1788150120000000000,1422.70,1422.80,1421.00,1421.50,106006
1788150180000000000,1421.60,1421.60,1419.90,1420.30,252912
1788150240000000000,1420.30,1420.90,1419.90,1420.30,14822
1788150300000000000,1420.40,1420.60,1419.80,1420.30,4898
1788150360000000000,1420.30,1420.30,1419.70,1420.20,7372
1788150420000000000,1420.20,1420.50,1419.70,1420.30,21545
1788150480000000000,1420.30,1421.70,1420.20,1421.40,37742
1788150540000000000,1421.50,1421.50,1420.80,1421.00,14997
1788150600000000000,1421.20,1421.50,1421.00,1421.20,5386
1788150660000000000,1421.50,1422.20,1421.20,1422.00,19267
1788150720000000000,1422.20,1422.80,1422.10,1422.30,15560
1788150780000000000,1422.40,1422.50,1422.30,1422.40,6156
1788150840000000000,1422.40,1422.70,1422.10,1422.30,25525
1788150900000000000,1422.70,1422.70,1421.90,1421.90,19860
1788150960000000000,1422.00,1422.80,1421.60,1422.60,45131
1788151020000000000,1422.60,1422.80,1422.00,1422.70,36450
1788151080000000000,1422.70,1422.70,1421.90,1422.00,13605
1788151140000000000,1422.00,1422.00,1419.90,1420.70,38183
1788151200000000000,1421.00,1421.20,1420.50,1420.60,12617
1788151260000000000,1420.70,1420.70,1420.10,1420.60,10213
1788151320000000000,1420.60,1421.00,1420.00,1420.30,26405
1788151380000000000,1420.30,1421.30,1420.30,1421.10,12138
1788151440000000000,1421.20,1421.50,1420.40,1420.70,27356
1788151500000000000,1421.00,1421.00,1420.70,1420.80,2810
1788151560000000000,1420.80,1421.00,1419.10,1419.40,25863
1788151620000000000,1419.70,1419.70,1419.40,1419.50,6629
1788151680000000000,1419.50,1419.70,1419.40,1419.50,4501
1788151740000000000,1419.50,1419.70,1419.40,1419.60,5339
1788151800000000000,1419.60,1419.90,1419.50,1419.80,5020
1788151860000000000,1419.80,1419.80,1419.50,1419.60,5228
1788151920000000000,1419.80,1420.00,1419.60,1420.00,4870
1788151980000000000,1420.00,1420.30,1419.40,1419.50,10156
1788152040000000000,1419.50,1419.50,1419.00,1419.10,4381
1788152100000000000,1419.10,1419.30,1419.00,1419.30,4703
1788152160000000000,1419.30,1420.40,1419.20,1420.20,16116
1788152220000000000,1420.20,1420.40,1420.00,1420.40,16828
1788152280000000000,1420.40,1420.50,1420.10,1420.40,7094
1788152340000000000,1420.40,1420.50,1420.30,1420.50,8050
1788152400000000000,1420.50,1420.70,1420.40,1420.40,4892
1788152460000000000,1420.50,1420.70,1419.40,1419.60,34492
1788152520000000000,1420.00,1420.50,1419.80,1420.00,14218
1788152580000000000,1420.00,1420.50,1419.90,1420.00,11897
1788152640000000000,1420.00,1421.00,1419.90,1420.00,58275
1788152700000000000,1420.00,1421.20,1420.00,1420.60,54243
1788152760000000000,1420.70,1421.00,1420.30,1420.40,19713
1788152820000000000,1420.50,1421.50,1420.10,1420.70,24659
1788152880000000000,1420.90,1421.70,1420.60,1420.90,23984
1788152940000000000,1421.20,1422.00,1420.90,1421.00,42898
1788153000000000000,1421.30,1422.20,1421.00,1421.30,28055
1788153060000000000,1421.70,1422.10,1421.30,1421.60,20057
1788153120000000000,1421.70,1421.90,1421.60,1421.60,5025
1788153180000000000,1421.70,1422.70,1421.60,1421.90,21576
1788153240000000000,1422.30,1422.40,1421.80,1421.80,12409
1788153300000000000,1422.10,1422.80,1421.80,1422.20,54989
1788153360000000000,1422.70,1422.80,1422.10,1422.30,18321
1788153420000000000,1422.30,1422.70,1422.30,1422.30,11499
1788153480000000000,1422.50,1422.70,1422.30,1422.30,5078
1788153540000000000,1422.50,1422.70,1422.30,1422.70,8382
1788153600000000000,1422.70,1422.80,1422.60,1422.60,15634
1788153660000000000,1422.70,1422.90,1422.50,1422.50,24389
1788153720000000000,1422.60,1423.30,1422.40,1423.00,36831
1788153780000000000,1423.30,1423.40,1422.10,1422.10,30440
1788153840000000000,1422.30,1423.00,1422.10,1422.50,9381
1788153900000000000,1422.90,1422.90,1421.60,1421.80,27537
1788153960000000000,1422.00,1422.20,1421.70,1421.70,13324
1788154020000000000,1421.90,1423.30,1421.70,1422.90,78421
1788154080000000000,1422.90,1423.40,1422.20,1422.30,33152
1788154140000000000,1422.50,1422.80,1422.30,1422.30,5342
1788154200000000000,1422.50,1422.70,1422.30,1422.30,10081
1788154260000000000,1422.40,1423.00,1422.30,1422.60,31403
1788154320000000000,1422.80,1423.00,1422.50,1422.50,6429
1788154380000000000,1422.70,1422.90,1422.50,1422.60,11197
1788154440000000000,1422.70,1422.90,1422.30,1422.30,10866
1788154500000000000,1422.40,1422.90,1422.30,1422.60,11268
1788154560000000000,1422.60,1422.80,1421.50,1421.50,18039
1788154620000000000,1421.90,1421.90,1421.40,1421.70,8959
1788154680000000000,1421.70,1422.00,1421.50,1421.60,18109
1788154740000000000,1421.90,1422.00,1421.60,1421.80,3159
1788154800000000000,1421.90,1423.80,1421.80,1423.30,74141
1788154860000000000,1423.40,1423.90,1422.60,1423.10,47603
1788154920000000000,1423.10,1423.10,1422.50,1422.70,6076
1788154980000000000,1423.00,1423.50,1422.60,1423.10,12518
1788155040000000000,1423.30,1424.70,1423.10,1424.10,43693
1788155100000000000,1424.20,1424.80,1424.10,1424.10,15039
1788155160000000000,1424.20,1424.80,1423.90,1424.60,23842
1788155220000000000,1424.80,1425.90,1424.40,1424.60,102323
1788155280000000000,1424.90,1425.00,1424.40,1424.40,12877
1788155340000000000,1424.70,1425.00,1424.40,1424.70,13964
1788155400000000000,1424.80,1425.00,1424.70,1424.80,18372
1788155460000000000,1425.00,1425.00,1424.30,1424.30,16973
1788155520000000000,1424.60,1425.00,1424.30,1424.80,17508
1788155580000000000,1424.90,1425.00,1424.40,1424.40,13639
1788155640000000000,1424.50,1424.50,1423.90,1424.00,17961
1788155700000000000,1424.30,1424.50,1424.00,1424.30,8055
1788155760000000000,1424.30,1424.50,1424.10,1424.30,5267
1788155820000000000,1424.40,1424.80,1424.30,1424.60,8243
1788155880000000000,1424.80,1425.00,1424.40,1424.50,20357
1788155940000000000,1425.00,1425.00,1424.00,1424.40,9776
1788156000000000000,1424.20,1425.00,1424.00,1424.50,31940
1788156060000000000,1425.00,1425.00,1424.50,1424.50,18150
1788156120000000000,1424.90,1424.90,1424.20,1424.60,10114
1788156180000000000,1424.60,1424.80,1424.20,1424.50,5974
1788156240000000000,1424.20,1425.00,1424.10,1424.40,24376
1788156300000000000,1424.90,1425.00,1424.40,1424.60,47470
1788156360000000000,1425.00,1426.80,1424.60,1426.50,207797
1788156420000000000,1426.60,1426.60,1425.20,1426.30,33079
1788156480000000000,1426.30,1427.00,1425.80,1426.70,34128
1788156540000000000,1426.80,1427.00,1426.00,1426.10,18436
1788156600000000000,1426.60,1426.70,1425.70,1426.50,13963
1788156660000000000,1426.70,1427.00,1426.20,1426.50,13491
1788156720000000000,1426.70,1427.00,1426.30,1426.30,7949
1788156780000000000,1426.60,1427.00,1426.30,1426.50,4652
1788156840000000000,1426.70,1426.90,1426.30,1426.80,4151
1788156900000000000,1426.90,1427.80,1426.70,1427.00,14071
1788156960000000000,1427.30,1427.40,1427.00,1427.30,3990
1788157020000000000,1427.30,1427.40,1426.10,1426.10,7446
1788157080000000000,1426.30,1427.10,1426.10,1427.10,8720
1788157140000000000,1427.10,1427.70,1426.80,1427.00,24407
1788157200000000000,1427.40,1427.70,1426.80,1427.00,11531
1788157260000000000,1427.30,1427.60,1426.20,1426.90,21691
1788157320000000000,1426.50,1427.00,1426.30,1426.30,6518
1788157380000000000,1426.70,1427.50,1426.30,1427.00,10093
1788157440000000000,1427.40,1429.80,1427.00,1429.00,49129
1788157500000000000,1429.40,1430.00,1429.00,1430.00,20131
1788157560000000000,1430.00,1431.00,1429.20,1430.40,69686
1788157620000000000,1430.40,1430.70,1429.70,1430.70,19225
1788157680000000000,1430.70,1431.50,1430.40,1430.40,15946
1788157740000000000,1430.90,1431.20,1430.40,1431.20,7181
1788157800000000000,1431.10,1432.00,1431.00,1431.50,11566
1788157860000000000,1432.00,1432.00,1431.00,1431.40,7310
1788157920000000000,1431.40,1431.50,1431.00,1431.40,5971
1788157980000000000,1431.50,1431.50,1430.30,1430.60,16481
1788158040000000000,1430.80,1431.10,1429.80,1430.00,22914
1788158100000000000,1430.00,1430.50,1429.80,1430.30,13536
1788158160000000000,1430.50,1430.90,1430.00,1430.10,13752
1788158220000000000,1430.50,1431.00,1430.00,1431.00,36579
1788158280000000000,1431.00,1431.10,1430.40,1430.50,8123
1788158340000000000,1430.90,1431.10,1430.30,1431.00,11494
1788158400000000000,1431.10,1431.10,1430.30,1430.80,7016
1788158460000000000,1430.80,1431.50,1430.30,1431.10,13871
1788158520000000000,1431.20,1431.80,1431.10,1431.30,8111
1788158580000000000,1431.50,1431.50,1431.00,1431.10,6176
1788158640000000000,1431.20,1431.20,1430.00,1430.40,18367
1788158700000000000,1430.40,1430.60,1430.00,1430.20,10782
1788158760000000000,1430.60,1431.90,1430.20,1431.10,18839
1788158820000000000,1431.60,1431.60,1430.30,1431.00,40066
1788158880000000000,1431.00,1431.30,1430.30,1430.40,13472
1788158940000000000,1431.00,1431.10,1430.30,1431.00,8010
1788159000000000000,1431.00,1431.60,1430.30,1431.10,24012
1788159060000000000,1431.30,1431.60,1431.00,1431.40,6780
1788159120000000000,1431.40,1432.00,1431.00,1431.30,52584
1788159180000000000,1431.80,1431.80,1431.10,1431.20,11196
1788159240000000000,1431.60,1432.00,1431.00,1431.60,8328
1788159300000000000,1431.60,1431.90,1431.00,1431.30,9706
1788159360000000000,1431.80,1431.90,1431.20,1431.20,12249
1788159420000000000,1431.70,1431.90,1431.10,1431.70,7736
1788159480000000000,1431.80,1432.70,1431.70,1432.20,10666
1788159540000000000,1432.20,1432.70,1432.00,1432.10,20430
1788159600000000000,1432.50,1432.60,1431.10,1432.20,19606
1788159660000000000,1432.40,1432.50,1431.40,1431.80,17797
1788159720000000000,1431.90,1432.00,1431.40,1431.90,7600
1788159780000000000,1431.90,1431.90,1431.20,1431.80,8441
1788159840000000000,1431.90,1432.40,1431.20,1431.40,14370
1788159900000000000,1431.80,1432.30,1431.40,1432.10,11623
1788159960000000000,1432.00,1432.50,1431.50,1431.80,8502
1788160020000000000,1431.90,1433.50,1431.20,1433.50,1646614
1788160080000000000,1433.50,1433.80,1432.80,1433.60,25719
1788160140000000000,1433.50,1435.00,1433.10,1434.40,28547
1788160200000000000,1434.40,1434.90,1434.20,1434.30,6056
1788160260000000000,1434.50,1435.90,1433.80,1435.00,54641
1788160320000000000,1435.50,1435.50,1434.00,1434.60,16460
1788160380000000000,1434.60,1434.60,1433.80,1434.20,7210
1788160440000000000,1434.60,1435.50,1434.20,1435.20,12219
1788160500000000000,1435.50,1435.50,1434.30,1434.60,13921
1788160560000000000,1434.90,1434.90,1433.90,1434.20,6637
1788160620000000000,1434.40,1435.10,1433.90,1434.80,5659
1788160680000000000,1434.90,1435.20,1434.20,1434.30,11776
1788160740000000000,1434.40,1434.80,1434.20,1434.50,10842
1788160800000000000,1434.80,1435.70,1434.50,1435.10,23415
1788160860000000000,1435.50,1435.70,1435.00,1435.60,14184
1788160920000000000,1435.60,1435.70,1435.00,1435.70,8985
1788160980000000000,1435.70,1436.00,1435.10,1435.40,10297
1788161040000000000,1435.80,1437.00,1435.40,1436.60,30056
1788161100000000000,1436.70,1436.80,1436.00,1436.40,21662
1788161160000000000,1436.40,1436.50,1435.70,1436.40,9328
1788161220000000000,1436.50,1438.00,1436.50,1437.40,75618
1788161280000000000,1437.40,1437.50,1435.90,1436.50,51404
1788161340000000000,1436.50,1437.20,1436.00,1436.80,18921
1788161400000000000,1437.00,1437.60,1436.20,1436.20,33518
1788161460000000000,1436.60,1437.30,1435.90,1436.60,60307
1788161520000000000,1436.80,1437.40,1436.30,1436.30,17106
1788161580000000000,1436.80,1437.30,1435.70,1436.10,19988
1788161640000000000,1436.20,1436.60,1435.60,1435.60,7734
1788161700000000000,1436.20,1436.50,1435.40,1436.20,12444
1788161760000000000,1436.40,1436.50,1435.60,1436.20,8107
1788161820000000000,1436.30,1436.40,1435.70,1436.00,9767
1788161880000000000,1436.40,1436.60,1435.50,1436.00,16518
1788161940000000000,1436.50,1436.80,1435.70,1436.60,21662
1788162000000000000,1436.60,1436.60,1435.60,1436.50,10957
1788162060000000000,1436.50,1441.30,1436.50,1439.30,169115
1788162120000000000,1439.60,1440.90,1439.30,1440.20,30626
1788162180000000000,1440.50,1441.80,1439.10,1441.00,55810
1788162240000000000,1441.40,1441.70,1440.90,1441.10,21161
1788162300000000000,1441.20,1441.50,1439.90,1439.90,15202
1788162360000000000,1440.00,1440.50,1439.50,1440.00,13252
1788162420000000000,1440.10,1440.50,1439.20,1439.20,18571
1788162480000000000,1439.60,1440.60,1439.10,1440.00,13957
1788162540000000000,1440.10,1440.50,1439.90,1440.10,10606
1788162600000000000,1440.20,1440.50,1439.60,1439.60,11904
1788162660000000000,1440.00,1440.10,1439.60,1440.00,4196
1788162720000000000,1440.10,1440.30,1439.50,1440.00,17989
1788162780000000000,1440.10,1440.50,1439.70,1440.10,12209
1788162840000000000,1440.30,1441.00,1440.00,1440.10,12887
1788162900000000000,1440.40,1441.10,1440.10,1440.80,12669
1788162960000000000,1440.80,1440.90,1440.00,1440.00,5164
1788163020000000000,1440.20,1441.00,1440.00,1440.40,14533
1788163080000000000,1440.50,1441.00,1440.20,1440.30,10736
1788163140000000000,1440.40,1440.60,1440.00,1440.20,6675
1788163200000000000,1440.40,1440.50,1440.00,1440.40,7908
1788163260000000000,1440.40,1441.10,1440.00,1440.20,26802
1788163320000000000,1440.40,1441.60,1440.00,1440.90,49971
1788163380000000000,1440.90,1442.20,1440.50,1441.50,34884
1788163440000000000,1441.80,1442.00,1441.10,1441.30,18470
1788163500000000000,1441.40,1441.80,1440.60,1440.70,8699
1788163560000000000,1441.20,1441.40,1440.60,1440.90,7189
1788163620000000000,1440.90,1442.00,1440.80,1441.20,12839
1788163680000000000,1441.60,1442.80,1441.20,1442.00,30943
1788163740000000000,1442.10,1442.70,1442.00,1442.10,12820
1788163800000000000,1442.20,1442.50,1441.20,1441.60,28556
1788163860000000000,1441.80,1441.90,1441.10,1441.30,5793
1788163920000000000,1441.50,1441.60,1440.80,1441.00,10881
1788163980000000000,1441.30,1442.40,1440.80,1441.40,39727
1788164040000000000,1441.50,1442.00,1441.40,1441.90,7515
1788164100000000000,1442.00,1442.20,1441.50,1441.60,5151
1788164160000000000,1441.90,1442.00,1441.20,1441.40,8744
1788164220000000000,1442.00,1442.00,1441.00,1441.00,5943
1788164280000000000,1441.60,1441.80,1440.80,1440.80,14197
1788164340000000000,1441.40,1441.70,1440.80,1441.20,6263
1788164400000000000,1441.40,1441.50,1440.90,1440.90,5440
1788164460000000000,1441.40,1441.90,1440.90,1441.20,13202
1788164520000000000,1441.30,1441.50,1440.80,1440.90,7499
1788164580000000000,1441.00,1441.50,1440.90,1440.90,7434
1788164640000000000,1441.30,1441.50,1440.80,1441.20,9328
1788164700000000000,1441.20,1441.50,1440.90,1440.90,5998
1788164760000000000,1441.10,1441.30,1440.70,1440.70,7417
1788164820000000000,1440.80,1441.00,1440.30,1440.40,10283
1788164880000000000,1440.50,1441.10,1440.40,1441.00,10168
1788164940000000000,1441.00,1441.00,1440.30,1440.30,9510
1788165000000000000,1440.70,1440.90,1440.30,1440.60,12404
1788165060000000000,1440.70,1442.70,1440.60,1442.20,54700
1788165120000000000,1442.60,1443.60,1441.90,1442.50,27090
1788165180000000000,1442.60,1443.00,1442.30,1442.50,5136
1788165240000000000,1442.80,1443.40,1442.20,1443.10,10018
1788165300000000000,1443.40,1443.50,1442.30,1442.30,9596
1788165360000000000,1442.70,1443.40,1442.50,1443.00,8871
1788165420000000000,1443.10,1444.80,1442.90,1443.90,24193
1788165480000000000,1444.00,1444.50,1443.40,1443.40,12902
1788165540000000000,1443.50,1443.60,1442.40,1442.50,6943
1788165600000000000,1442.70,1443.50,1442.60,1443.40,6335
1788165660000000000,1443.40,1443.40,1442.40,1442.70,4950
1788165720000000000,1442.80,1442.80,1442.20,1442.40,8335
1788165780000000000,1442.40,1442.80,1442.30,1442.50,5449
1788165840000000000,1442.50,1442.80,1442.30,1442.30,4309
1788165900000000000,1442.50,1442.80,1442.10,1442.80,35970
1788165960000000000,1442.80,1442.80,1442.20,1442.40,4427
1788166020000000000,1442.40,1443.00,1442.20,1442.20,12485
1788166080000000000,1442.30,1442.50,1442.00,1442.00,12325
1788166140000000000,1442.40,1442.50,1442.00,1442.40,4070
1788166200000000000,1442.40,1442.60,1441.10,1441.50,10869
1788166260000000000,1441.50,1441.90,1441.20,1441.70,5640
1788166320000000000,1441.70,1441.80,1441.00,1441.10,6720
1788166380000000000,1441.20,1441.90,1441.00,1441.80,11340
1788166440000000000,1441.80,1442.40,1441.40,1442.10,15392
1788166500000000000,1442.10,1442.10,1441.70,1442.00,4899
1788166560000000000,1442.00,1442.00,1441.40,1441.40,5548
1788166620000000000,1441.50,1442.80,1441.40,1442.50,25262
1788166680000000000,1442.40,1442.90,1441.60,1442.40,46524
1788166740000000000,1442.40,1442.80,1441.50,1441.60,26774
1788166800000000000,1441.60,1442.40,1441.30,1442.00,11439
1788166860000000000,1442.20,1443.50,1441.70,1443.20,30594
1788166920000000000,1443.20,1443.40,1443.00,1443.20,5879
1788166980000000000,1443.20,1443.20,1442.80,1443.00,4807
1788167040000000000,1443.00,1444.80,1442.80,1444.30,54159
1788167100000000000,1444.30,1445.60,1443.60,1444.30,93301
1788167160000000000,1444.30,1444.80,1444.10,1444.10,10605
1788167220000000000,1444.30,1445.50,1444.00,1444.80,47628
1788167280000000000,1444.90,1445.40,1444.20,1444.70,35839
1788167340000000000,1444.70,1448.20,1444.50,1447.80,261400
1788167400000000000,1447.80,1449.90,1447.60,1449.80,66979
1788167460000000000,1449.80,1450.00,1448.70,1450.00,47663
1788167520000000000,1450.00,1450.60,1449.60,1450.00,59736
1788167580000000000,1450.30,1450.90,1450.00,1450.00,46356
1788167640000000000,1450.10,1450.10,1448.60,1449.30,34178
1788167700000000000,1449.30,1449.30,1447.50,1447.80,39596
1788167760000000000,1448.00,1449.90,1447.80,1449.30,76894
1788167820000000000,1449.50,1449.50,1448.00,1448.50,63716
1788167880000000000,1448.40,1448.50,1444.90,1445.50,262667
1788167940000000000,1445.60,1445.60,1443.20,1443.50,56712
1788168000000000000,1443.30,1444.90,1443.20,1443.80,85689
1788168060000000000,1444.20,1445.00,1443.90,1444.20,87619
1788168120000000000,1444.20,1446.00,1444.00,1445.60,94972
1788168180000000000,1445.60,1447.20,1444.90,1445.50,267445
1788168240000000000,1445.60,1446.10,1444.00,1445.80,92056
1788168300000000000,1445.80,1446.60,1445.00,1446.00,103538
1788168360000000000,1446.10,1446.10,1444.10,1444.20,89650
1788168420000000000,1444.20,1444.70,1443.50,1443.70,69714
1788168480000000000,1444.00,1444.40,1443.00,1443.60,70234
1788168540000000000,1443.50,1444.40,1442.90,1442.90,78097
1788168600000000000,1442.90,1444.00,1442.70,1443.00,82517
1788168660000000000,1443.00,1444.70,1443.00,1444.10,96781
1788168720000000000,1444.10,1444.80,1443.80,1443.80,85649
1788168780000000000,1444.00,1444.30,1442.80,1443.60,90433
1788168840000000000,1443.40,1443.60,1442.50,1443.10,88342
1788168900000000000,1443.00,1443.20,1441.90,1442.20,87022
1788168960000000000,1442.00,1443.50,1442.00,1443.50,97659
1788169020000000000,1443.30,1444.30,1442.40,1443.10,130501
1788169080000000000,1442.90,1443.90,1442.50,1442.60,102421
1788169140000000000,1442.60,1443.90,1442.00,1442.70,169982
1788169200000000000,1442.70,1443.50,1442.00,1442.40,131722
1788169260000000000,1442.40,1443.70,1442.40,1443.30,109751
1788169320000000000,1443.20,1445.00,1442.10,1444.50,180284
1788169380000000000,1444.40,1444.60,1443.00,1443.90,108920
1788169440000000000,1443.50,1445.00,1441.50,1443.30,60621
1788169500000000000,1443.30,1443.30,1443.30,1443.30,0
1788169560000000000,1443.30,1443.30,1443.30,1443.30,0
1788169620000000000,1443.30,1443.30,1443.30,1443.30,0
1788169680000000000,1443.30,1443.30,1443.30,1443.30,0
1788169740000000000,1443.30,1443.30,1443.30,1443.30,0
1788169800000000000,1443.30,1443.30,1443.30,1443.30,0
1788169860000000000,1443.30,1443.30,1443.30,1443.30,0
1788169920000000000,1443.30,1443.30,1443.30,1443.30,0
1788169980000000000,1443.30,1443.30,1443.30,1443.30,0
1788170040000000000,1443.30,1443.30,1443.30,1443.30,0
1788170100000000000,1443.30,1443.30,1443.30,1443.30,0
1788170160000000000,1443.30,1443.30,1443.30,1443.30,0
1788170220000000000,1443.30,1443.30,1443.30,1443.30,0
1788170280000000000,1443.30,1443.30,1443.30,1443.30,0
1788170340000000000,1454.00,1454.00,1454.00,1454.00,1665603
1788234300000000000,1442.90,1443.90,1439.00,1440.00,213229
1788234360000000000,1440.20,1443.30,1439.30,1441.10,55489
1788234420000000000,1441.30,1444.80,1440.90,1443.90,32269
1788234480000000000,1443.90,1444.10,1442.30,1443.70,22282
1788234540000000000,1443.70,1445.90,1443.10,1444.60,32857
1788234600000000000,1444.60,1445.20,1444.00,1444.70,43738
1788234660000000000,1444.70,1445.30,1443.90,1444.00,17517
1788234720000000000,1444.00,1444.30,1442.60,1443.60,14428
1788234780000000000,1443.60,1443.80,1442.40,1442.40,18757
1788234840000000000,1442.50,1442.60,1441.20,1441.30,12066
1788234900000000000,1441.60,1441.90,1441.00,1441.50,13259
1788234960000000000,1441.70,1443.10,1441.50,1442.60,16583
1788235020000000000,1442.90,1443.00,1442.10,1442.90,12595
1788235080000000000,1442.90,1442.90,1442.20,1442.50,12198
1788235140000000000,1442.70,1443.10,1442.50,1442.90,8457
1788235200000000000,1442.80,1443.00,1442.00,1442.60,12819
1788235260000000000,1442.50,1442.90,1442.30,1442.50,12360
1788235320000000000,1442.50,1443.80,1442.40,1443.40,17586
1788235380000000000,1443.40,1444.90,1443.40,1444.70,17563
1788235440000000000,1444.70,1444.90,1444.40,1444.50,10239
1788235500000000000,1444.90,1445.20,1443.70,1444.10,17879
1788235560000000000,1444.10,1444.20,1442.90,1443.30,5764
1788235620000000000,1443.70,1443.90,1442.80,1443.40,5686
1788235680000000000,1443.50,1443.90,1443.30,1443.40,5036
1788235740000000000,1443.40,1443.40,1442.70,1442.70,8295
1788235800000000000,1442.80,1443.20,1442.70,1442.80,9246
1788235860000000000,1443.00,1444.00,1442.60,1443.10,13163
1788235920000000000,1443.20,1443.40,1442.60,1442.70,9917
1788235980000000000,1443.10,1443.20,1442.70,1443.00,6089
1788236040000000000,1442.90,1443.20,1442.70,1442.70,6017
1788236100000000000,1443.20,1443.40,1442.70,1442.80,5984
1788236160000000000,1443.00,1443.40,1442.80,1443.40,5202
1788236220000000000,1443.40,1443.50,1443.00,1443.20,18232
1788236280000000000,1443.30,1443.70,1443.10,1443.60,8012
1788236340000000000,1443.70,1444.90,1443.50,1444.70,7003
1788236400000000000,1444.50,1446.60,1443.10,1446.60,43176
1788236460000000000,1446.60,1446.60,1445.10,1445.40,9370
1788236520000000000,1445.40,1446.40,1445.40,1445.80,7534
1788236580000000000,1446.00,1446.70,1446.00,1446.20,7876
1788236640000000000,1446.20,1446.40,1445.50,1446.40,7115
1788236700000000000,1446.30,1446.30,1445.30,1445.30,10477
1788236760000000000,1445.60,1446.00,1445.10,1445.10,6560
1788236820000000000,1445.40,1445.60,1445.10,1445.60,6772
1788236880000000000,1445.60,1445.60,1443.70,1444.00,12655
1788236940000000000,1444.60,1444.80,1444.00,1444.20,5158
1788237000000000000,1444.60,1444.70,1444.00,1444.10,5826
1788237060000000000,1444.40,1444.40,1443.50,1443.70,7627
1788237120000000000,1444.20,1444.40,1443.70,1444.00,5992
1788237180000000000,1444.00,1444.40,1444.00,1444.00,7102
1788237240000000000,1444.30,1444.50,1444.00,1444.00,6543
1788237300000000000,1444.30,1444.40,1443.50,1444.10,9085
1788237360000000000,1444.10,1444.20,1442.60,1442.70,7852
1788237420000000000,1443.00,1444.00,1443.00,1443.00,8279
1788237480000000000,1443.60,1444.00,1443.30,1443.80,8311
1788237540000000000,1444.00,1444.10,1443.40,1443.40,6388
1788237600000000000,1443.50,1443.90,1443.10,1443.20,6083
1788237660000000000,1443.60,1443.60,1442.10,1442.60,18661
1788237720000000000,1442.70,1443.20,1442.60,1442.90,9074
1788237780000000000,1442.90,1443.40,1442.40,1442.80,16088
1788237840000000000,1443.00,1443.40,1442.10,1442.40,5734
1788237900000000000,1442.40,1442.90,1442.00,1442.70,7644
1788237960000000000,1442.80,1443.00,1442.00,1442.20,8954
1788238020000000000,1442.70,1442.80,1442.10,1442.50,9347
1788238080000000000,1442.80,1443.50,1442.40,1443.40,10655
1788238140000000000,1443.40,1443.50,1443.10,1443.10,5848
1788238200000000000,1443.40,1443.50,1443.00,1443.00,13837
1788238260000000000,1443.20,1443.50,1443.00,1443.00,19522
1788238320000000000,1443.50,1443.50,1443.00,1443.10,4745
1788238380000000000,1443.30,1443.50,1443.00,1443.50,4070
1788238440000000000,1443.50,1443.50,1443.00,1443.30,5255
1788238500000000000,1443.30,1443.40,1442.30,1443.00,12035
1788238560000000000,1443.30,1443.50,1443.00,1443.00,4478
1788238620000000000,1443.30,1443.50,1441.20,1441.40,77841
1788238680000000000,1441.80,1442.20,1440.30,1441.20,9400
1788238740000000000,1440.80,1441.90,1440.50,1440.90,8503
1788238800000000000,1441.50,1441.60,1440.90,1441.30,5772
1788238860000000000,1441.30,1441.70,1441.00,1441.70,5623
1788238920000000000,1441.70,1442.00,1441.10,1441.10,6720
1788238980000000000,1441.30,1441.50,1441.00,1441.00,5492
1788239040000000000,1441.30,1441.60,1441.00,1441.00,6335
1788239100000000000,1441.60,1441.70,1440.60,1440.80,11168
1788239160000000000,1440.90,1441.20,1440.20,1440.60,6969
1788239220000000000,1441.20,1441.40,1440.80,1441.00,7601
1788239280000000000,1441.20,1441.20,1440.30,1440.80,5039
1788239340000000000,1441.00,1441.20,1440.40,1440.40,6675
1788239400000000000,1440.50,1441.10,1440.40,1440.40,6745
1788239460000000000,1440.70,1441.00,1440.40,1440.90,5113
1788239520000000000,1440.90,1441.00,1440.40,1440.50,3473
1788239580000000000,1441.00,1441.00,1440.40,1440.50,7706
1788239640000000000,1440.80,1441.00,1440.50,1440.50,4876
1788239700000000000,1440.70,1440.90,1440.50,1440.70,5286
1788239760000000000,1440.70,1440.80,1440.60,1440.70,4898
1788239820000000000,1440.70,1441.00,1440.60,1441.00,3228
1788239880000000000,1441.00,1441.30,1440.70,1440.90,5593
1788239940000000000,1441.30,1441.50,1440.70,1441.50,4958
1788240000000000000,1441.50,1441.80,1440.90,1441.40,5005
1788240060000000000,1441.80,1441.90,1439.20,1439.70,23748
1788240120000000000,1440.00,1441.50,1440.00,1440.70,12672
1788240180000000000,1441.20,1441.70,1440.70,1441.20,5234
1788240240000000000,1441.80,1442.20,1439.40,1439.40,26076
1788240300000000000,1439.50,1440.00,1439.30,1439.80,6748
1788240360000000000,1439.80,1439.80,1438.20,1438.30,24605
1788240420000000000,1438.30,1439.20,1437.10,1438.40,92661
1788240480000000000,1438.80,1438.80,1438.00,1438.10,27806
1788240540000000000,1438.40,1438.70,1438.10,1438.60,6102
1788240600000000000,1438.60,1438.90,1437.30,1437.30,29663
1788240660000000000,1437.80,1437.80,1437.00,1437.20,15278
1788240720000000000,1437.50,1438.00,1437.10,1437.30,14415
1788240780000000000,1437.70,1437.70,1436.60,1437.50,6665
1788240840000000000,1437.50,1438.10,1435.90,1437.50,64173
1788240900000000000,1437.90,1438.00,1437.50,1437.70,5951
1788240960000000000,1437.70,1438.00,1437.50,1437.80,3675
1788241020000000000,1438.00,1438.00,1437.00,1437.00,16504
1788241080000000000,1437.40,1438.20,1437.00,1438.00,32152
1788241140000000000,1438.00,1438.00,1437.80,1438.00,13675
1788241200000000000,1438.00,1438.00,1437.80,1437.90,7426
1788241260000000000,1438.00,1438.90,1437.90,1438.10,54584
1788241320000000000,1438.20,1439.50,1438.00,1439.50,12551
1788241380000000000,1439.50,1439.50,1438.60,1438.70,16191
1788241440000000000,1438.80,1439.50,1438.20,1439.10,11903
1788241500000000000,1439.30,1439.80,1439.10,1439.40,12716
1788241560000000000,1439.40,1440.00,1439.30,1439.70,11054
1788241620000000000,1439.70,1439.70,1439.00,1439.20,6450
1788241680000000000,1439.30,1440.50,1439.20,1439.50,69205
1788241740000000000,1439.50,1440.00,1439.10,1439.70,9138
1788241800000000000,1440.00,1440.30,1439.10,1439.70,11366
1788241860000000000,1439.70,1439.70,1439.00,1439.10,14838
1788241920000000000,1439.20,1439.70,1439.00,1439.30,6273
1788241980000000000,1439.60,1439.90,1439.30,1439.60,4496
1788242040000000000,1439.60,1440.80,1439.50,1440.00,85542
1788242100000000000,1440.20,1440.20,1439.30,1440.00,16621
1788242160000000000,1439.60,1440.00,1439.50,1439.70,4469
1788242220000000000,1440.00,1440.00,1439.70,1439.70,3674
1788242280000000000,1439.90,1440.00,1439.70,1440.00,4691
1788242340000000000,1440.00,1440.00,1439.70,1439.90,4508
1788242400000000000,1439.90,1440.70,1439.70,1440.10,22091
1788242460000000000,1440.60,1440.60,1439.00,1439.10,75504
1788242520000000000,1439.70,1439.70,1438.80,1439.60,29687
1788242580000000000,1439.60,1440.00,1439.50,1439.80,15620
1788242640000000000,1440.00,1440.00,1439.60,1439.80,4322
1788242700000000000,1439.80,1440.00,1439.40,1439.50,6074
1788242760000000000,1439.70,1439.90,1439.40,1439.90,6323
1788242820000000000,1439.90,1439.90,1438.80,1439.60,6701
1788242880000000000,1439.60,1439.70,1439.20,1439.50,5177
1788242940000000000,1439.50,1439.50,1438.20,1438.50,10833
1788243000000000000,1438.50,1438.70,1436.60,1437.00,25931
1788243060000000000,1436.80,1437.90,1436.60,1437.90,8018
1788243120000000000,1437.90,1438.00,1437.00,1438.00,83469
1788243180000000000,1438.00,1438.00,1437.50,1437.80,43379
1788243240000000000,1438.00,1439.00,1437.80,1438.50,5919
1788243300000000000,1438.60,1439.50,1437.50,1437.70,42262
1788243360000000000,1437.70,1437.90,1437.50,1437.50,7258
1788243420000000000,1437.60,1438.00,1437.40,1437.80,6815
1788243480000000000,1438.00,1438.00,1437.40,1437.50,5693
1788243540000000000,1437.70,1437.90,1437.70,1437.90,2908
1788243600000000000,1437.90,1438.00,1437.00,1437.30,9931
1788243660000000000,1437.50,1438.00,1437.20,1437.90,6439
1788243720000000000,1438.00,1438.30,1437.40,1438.10,10359
1788243780000000000,1438.30,1438.40,1437.90,1438.10,8424
1788243840000000000,1438.20,1438.60,1437.80,1438.00,15793
1788243900000000000,1438.00,1438.50,1437.60,1437.90,38530
1788243960000000000,1438.00,1439.40,1437.90,1439.40,21159
1788244020000000000,1439.30,1439.40,1437.80,1438.30,31394
1788244080000000000,1438.70,1438.70,1438.10,1438.10,6629
1788244140000000000,1438.20,1438.20,1437.20,1437.20,8062
1788244200000000000,1437.70,1437.70,1437.00,1437.40,5307
1788244260000000000,1437.40,1437.40,1436.70,1436.90,19803
1788244320000000000,1436.90,1437.00,1436.60,1436.80,6345
1788244380000000000,1436.80,1437.50,1436.70,1437.10,10570
1788244440000000000,1437.40,1438.00,1437.10,1437.50,6884
1788244500000000000,1437.90,1437.90,1437.40,1437.80,6904
1788244560000000000,1437.80,1437.90,1437.40,1437.70,6588
1788244620000000000,1437.70,1437.70,1437.60,1437.60,4359
1788244680000000000,1437.70,1437.70,1437.60,1437.70,4409
1788244740000000000,1437.70,1437.70,1437.60,1437.70,4011
1788244800000000000,1437.70,1437.70,1437.60,1437.70,6442
1788244860000000000,1437.70,1437.70,1436.90,1437.70,82293
1788244920000000000,1437.70,1437.70,1436.90,1437.40,10657
1788244980000000000,1437.50,1437.50,1437.10,1437.20,4841
1788245040000000000,1437.20,1437.30,1436.70,1437.30,5935
1788245100000000000,1437.30,1437.50,1436.90,1437.20,4652
1788245160000000000,1437.20,1437.30,1436.80,1437.00,6006
1788245220000000000,1437.00,1437.00,1436.50,1436.90,5278
1788245280000000000,1436.90,1437.00,1436.70,1437.00,5169
1788245340000000000,1437.00,1437.70,1436.90,1436.90,28759
1788245400000000000,1437.00,1437.10,1436.90,1436.90,5682
1788245460000000000,1437.00,1437.00,1436.50,1436.80,7795
1788245520000000000,1436.90,1437.00,1436.00,1436.60,13731
1788245580000000000,1436.60,1436.70,1436.40,1436.50,4420
1788245640000000000,1436.70,1436.90,1436.40,1436.50,11093
1788245700000000000,1436.50,1437.00,1436.40,1437.00,3655
1788245760000000000,1437.00,1437.00,1435.90,1436.00,17537
1788245820000000000,1436.00,1436.90,1435.90,1436.70,61157
1788245880000000000,1436.90,1437.00,1435.60,1436.00,24480
1788245940000000000,1436.40,1437.30,1435.90,1437.00,27582
1788246000000000000,1437.00,1437.20,1436.50,1437.00,12615
1788246060000000000,1437.00,1437.00,1436.70,1437.00,6406
1788246120000000000,1437.00,1437.00,1436.70,1437.00,3255
1788246180000000000,1437.00,1437.00,1436.50,1436.70,7184
1788246240000000000,1436.70,1436.80,1436.50,1436.70,3052
1788246300000000000,1436.70,1436.70,1436.20,1436.40,7105
1788246360000000000,1436.60,1436.90,1435.70,1436.00,16722
1788246420000000000,1436.00,1436.10,1435.70,1436.00,28271
1788246480000000000,1436.10,1437.50,1436.00,1437.00,59948
1788246540000000000,1437.00,1437.80,1436.90,1437.60,17191
1788246600000000000,1437.60,1439.00,1437.20,1438.50,23929
1788246660000000000,1438.40,1438.70,1438.00,1438.50,14438
1788246720000000000,1438.50,1440.00,1438.30,1439.70,22876
1788246780000000000,1439.70,1440.00,1439.40,1440.00,17290
1788246840000000000,1440.00,1440.30,1439.80,1440.00,9805
1788246900000000000,1440.20,1440.60,1440.00,1440.10,10475
1788246960000000000,1440.40,1440.40,1439.40,1439.80,30067
1788247020000000000,1439.80,1440.00,1439.10,1439.70,23853
1788247080000000000,1439.90,1440.00,1439.10,1439.20,21827
1788247140000000000,1439.70,1439.90,1438.80,1439.50,26259
1788247200000000000,1439.50,1439.50,1439.30,1439.50,19230
1788247260000000000,1439.50,1439.90,1438.20,1438.80,26477
1788247320000000000,1438.80,1439.30,1438.20,1439.00,20884
1788247380000000000,1439.00,1439.50,1438.80,1438.90,19104
1788247440000000000,1438.90,1440.00,1437.20,1437.40,27343
1788247500000000000,1437.70,1437.70,1437.40,1437.40,5327
1788247560000000000,1437.50,1437.50,1436.90,1437.00,6786
1788247620000000000,1437.00,1437.00,1436.60,1436.80,9288
1788247680000000000,1437.00,1437.00,1436.80,1437.00,2624
1788247740000000000,1437.00,1437.00,1436.90,1436.90,5227
1788247800000000000,1437.00,1437.00,1436.60,1436.80,4864
1788247860000000000,1436.80,1437.00,1436.10,1436.20,6818
1788247920000000000,1436.40,1436.40,1435.50,1435.90,37740
1788247980000000000,1436.00,1436.00,1435.60,1435.70,4195
1788248040000000000,1436.00,1436.00,1435.50,1435.70,5761
1788248100000000000,1435.70,1435.70,1435.10,1435.40,9341
1788248160000000000,1435.40,1435.80,1434.70,1434.70,22914
1788248220000000000,1434.70,1435.00,1434.00,1434.90,11656
1788248280000000000,1434.90,1435.00,1434.10,1434.40,5806
1788248340000000000,1434.40,1435.00,1434.30,1435.00,15036
1788248400000000000,1435.00,1435.00,1434.30,1434.60,7398
1788248460000000000,1434.60,1434.80,1433.50,1434.10,9492
1788248520000000000,1434.10,1434.30,1433.40,1434.00,6395
1788248580000000000,1434.00,1434.60,1433.50,1433.70,5841
1788248640000000000,1434.00,1434.10,1433.50,1433.60,5819
1788248700000000000,1433.60,1433.70,1432.50,1432.60,16536
1788248760000000000,1432.90,1433.00,1432.00,1432.60,10603
1788248820000000000,1432.90,1433.00,1432.10,1432.10,6845
1788248880000000000,1432.40,1432.50,1432.00,1432.00,7667
1788248940000000000,1432.10,1432.50,1432.00,1432.10,3956
1788249000000000000,1432.20,1432.50,1432.10,1432.50,6666
1788249060000000000,1432.50,1433.40,1432.20,1433.10,29782
1788249120000000000,1433.10,1433.50,1433.00,1433.00,12811
1788249180000000000,1433.10,1433.10,1431.20,1432.00,30002
1788249240000000000,1432.00,1432.30,1431.60,1432.30,9222
1788249300000000000,1432.30,1432.30,1431.60,1431.90,14938
1788249360000000000,1432.00,1432.00,1431.50,1432.00,8094
1788249420000000000,1432.00,1432.00,1431.10,1431.40,7450
1788249480000000000,1431.40,1431.50,1430.70,1431.00,8749
1788249540000000000,1431.00,1431.50,1430.60,1431.50,9371
1788249600000000000,1431.50,1432.50,1431.40,1431.90,30246
1788249660000000000,1432.30,1432.40,1431.80,1432.40,5073
1788249720000000000,1432.40,1432.60,1431.80,1431.90,17518
1788249780000000000,1431.90,1432.00,1431.60,1431.80,9320
1788249840000000000,1431.80,1432.80,1431.70,1432.20,22135
1788249900000000000,1432.20,1432.50,1432.00,1432.30,24526
1788249960000000000,1432.30,1432.50,1432.10,1432.30,7436
1788250020000000000,1432.30,1432.50,1431.70,1432.10,29233
1788250080000000000,1432.10,1432.40,1431.70,1432.10,18158
1788250140000000000,1432.10,1432.20,1430.70,1431.00,12098
1788250200000000000,1431.00,1431.30,1430.40,1430.60,7513
1788250260000000000,1430.60,1430.90,1430.50,1430.70,5660
1788250320000000000,1430.70,1431.00,1430.60,1431.00,8825
1788250380000000000,1431.00,1431.00,1429.90,1429.90,64950
1788250440000000000,1430.00,1431.30,1429.90,1430.80,51070
1788250500000000000,1431.00,1431.20,1429.90,1430.50,33604
1788250560000000000,1430.50,1430.50,1429.50,1429.50,4521
1788250620000000000,1429.50,1430.00,1428.80,1429.40,7634
1788250680000000000,1429.40,1429.70,1429.10,1429.70,5159
1788250740000000000,1429.70,1429.80,1429.10,1429.50,5266
1788250800000000000,1429.50,1429.60,1428.00,1428.40,11368
1788250860000000000,1428.40,1428.50,1427.10,1427.90,9510
1788250920000000000,1427.90,1428.00,1427.50,1427.70,11413
1788250980000000000,1427.70,1428.10,1427.00,1428.00,24955
1788251040000000000,1428.10,1428.20,1427.90,1428.10,42044
1788251100000000000,1428.20,1428.20,1427.90,1428.00,58811
1788251160000000000,1428.00,1429.00,1427.90,1428.90,24043
1788251220000000000,1429.00,1429.10,1428.30,1429.10,9468
1788251280000000000,1429.10,1429.90,1429.00,1429.80,9047
1788251340000000000,1429.80,1429.80,1428.70,1428.70,11720
1788251400000000000,1428.90,1428.90,1428.10,1428.20,6863
1788251460000000000,1428.70,1428.80,1427.90,1427.90,8312
1788251520000000000,1428.00,1428.00,1427.10,1427.20,58946
1788251580000000000,1427.70,1427.70,1427.20,1427.40,4961
1788251640000000000,1427.70,1428.00,1427.00,1427.80,11281
1788251700000000000,1428.00,1428.00,1427.50,1427.90,14771
1788251760000000000,1428.00,1428.00,1427.70,1427.90,6539
1788251820000000000,1428.00,1428.00,1427.20,1427.60,7350
1788251880000000000,1427.70,1427.80,1427.10,1427.40,5408
1788251940000000000,1427.40,1427.40,1426.60,1427.00,8699
1788252000000000000,1427.00,1427.20,1426.70,1427.00,8627
1788252060000000000,1427.00,1427.40,1426.50,1426.70,10245
1788252120000000000,1426.70,1427.20,1426.00,1426.60,24893
1788252180000000000,1427.10,1427.20,1426.60,1426.90,3272
1788252240000000000,1427.00,1427.20,1426.30,1426.80,12652
1788252300000000000,1427.00,1427.10,1426.80,1427.00,5261
1788252360000000000,1427.10,1427.70,1427.00,1427.40,9350
1788252420000000000,1427.60,1427.60,1426.30,1426.40,19047
1788252480000000000,1426.70,1426.70,1426.40,1426.60,5194
1788252540000000000,1426.70,1426.80,1426.60,1426.70,5378
1788252600000000000,1426.80,1427.10,1426.50,1426.70,11137
1788252660000000000,1426.90,1427.00,1426.70,1426.90,4805
1788252720000000000,1427.00,1427.30,1426.50,1426.90,7665
1788252780000000000,1426.90,1427.10,1426.60,1426.80,6908
1788252840000000000,1426.90,1427.10,1426.80,1427.10,3858
1788252900000000000,1427.10,1427.20,1427.00,1427.10,8939
1788252960000000000,1427.10,1427.40,1427.00,1427.20,8110
1788253020000000000,1427.20,1427.40,1427.00,1427.10,6274
1788253080000000000,1427.20,1427.30,1426.50,1427.00,12299
1788253140000000000,1427.20,1428.00,1427.20,1427.90,13056
1788253200000000000,1427.90,1429.90,1427.90,1428.60,123640
1788253260000000000,1429.00,1430.50,1428.80,1430.00,64179
1788253320000000000,1430.50,1431.20,1429.60,1429.90,64470
1788253380000000000,1429.90,1430.30,1429.60,1430.10,84336
1788253440000000000,1430.10,1430.10,1429.70,1430.00,64876
1788253500000000000,1430.00,1430.00,1429.90,1430.00,57792
1788253560000000000,1430.00,1430.90,1429.90,1430.50,48214
1788253620000000000,1430.50,1430.50,1429.20,1429.80,68906
1788253680000000000,1429.80,1430.00,1429.60,1430.00,48103
1788253740000000000,1430.00,1430.10,1428.30,1429.30,78864
1788253800000000000,1429.30,1429.30,1428.80,1429.00,35380
1788253860000000000,1429.10,1429.10,1428.80,1429.00,42007
1788253920000000000,1429.00,1430.00,1428.90,1429.80,95963
1788253980000000000,1429.80,1429.80,1428.40,1428.90,55502
1788254040000000000,1428.80,1428.90,1428.60,1428.80,33699
1788254100000000000,1428.80,1429.90,1428.60,1429.10,131143
1788254160000000000,1429.10,1430.00,1428.60,1429.90,82446
1788254220000000000,1429.90,1429.90,1428.30,1428.60,71755
1788254280000000000,1428.60,1429.60,1428.50,1428.70,110430
1788254340000000000,1428.70,1428.70,1427.50,1428.20,113600
1788254400000000000,1428.20,1429.30,1428.10,1428.50,131550
1788254460000000000,1428.50,1428.70,1428.40,1428.70,118433
1788254520000000000,1428.70,1429.00,1427.20,1427.40,178454
1788254580000000000,1427.40,1427.60,1425.70,1426.50,141848
1788254640000000000,1426.50,1427.90,1426.10,1427.50,142361
1788254700000000000,1427.50,1428.40,1427.40,1427.80,77687
1788254760000000000,1427.80,1429.20,1427.70,1428.40,122107
1788254820000000000,1428.40,1428.40,1428.10,1428.30,41393
1788254880000000000,1428.30,1428.30,1427.70,1427.80,63791
1788254940000000000,1427.70,1428.00,1427.20,1428.00,75514
1788255000000000000,1428.00,1428.00,1427.00,1427.90,173170
1788255060000000000,1427.90,1428.00,1427.30,1427.40,137115
1788255120000000000,1427.40,1427.40,1427.00,1427.40,94724
1788255180000000000,1427.40,1427.40,1426.20,1426.70,136177
1788255240000000000,1426.70,1428.60,1426.70,1428.60,124547
1788255300000000000,1428.60,1429.10,1426.10,1427.10,200981
1788255360000000000,1427.20,1428.00,1426.50,1427.10,182533
1788255420000000000,1427.10,1427.10,1425.10,1425.80,146285
1788255480000000000,1425.80,1426.80,1425.10,1426.60,205792
1788255540000000000,1426.60,1426.60,1425.00,1425.40,158871
1788255600000000000,1425.40,1427.00,1425.00,1425.90,226153
1788255660000000000,1425.90,1426.80,1425.00,1426.80,182564
1788255720000000000,1426.80,1430.00,1422.80,1426.40,511056
1788255780000000000,1426.90,1427.40,1424.70,1426.90,130597
1788255840000000000,1426.90,1429.90,1425.40,1428.00,30925
1788255900000000000,1428.00,1428.00,1428.00,1428.00,0
1788255960000000000,1428.00,1428.00,1428.00,1428.00,0
1788256020000000000,1428.00,1428.00,1428.00,1428.00,0
1788256080000000000,1428.00,1428.00,1428.00,1428.00,0
1788256140000000000,1428.00,1428.00,1428.00,1428.00,0
1788256200000000000,1428.00,1428.00,1428.00,1428.00,0
1788256260000000000,1428.00,1428.00,1428.00,1428.00,0
1788256320000000000,1428.00,1428.00,1428.00,1428.00,0
1788256380000000000,1428.00,1428.00,1428.00,1428.00,0
1788256440000000000,1428.00,1428.00,1428.00,1428.00,0
1788256500000000000,1428.00,1428.00,1428.00,1428.00,0
1788256560000000000,1428.00,1428.00,1428.00,1428.00,0
1788256620000000000,1428.00,1428.00,1428.00,1428.00,0
1788256680000000000,1428.00,1428.00,1428.00,1428.00,0
1788256740000000000,1438.00,1438.00,1438.00,1438.00,562215
1788320700000000000,1425.10,1436.00,1422.60,1427.10,324414
1788320760000000000,1427.70,1429.70,1426.50,1426.90,64139
1788320820000000000,1427.40,1428.80,1427.10,1428.40,34428
1788320880000000000,1428.20,1429.40,1427.90,1428.20,16927
1788320940000000000,1428.20,1430.00,1427.80,1430.00,23985
1788321000000000000,1430.00,1432.20,1429.40,1431.50,25100
1788321060000000000,1431.60,1433.10,1430.50,1432.90,24979
1788321120000000000,1432.90,1433.00,1431.30,1431.70,14760
1788321180000000000,1431.70,1434.60,1431.70,1432.50,49121
1788321240000000000,1432.00,1433.30,1431.90,1432.40,16134
1788321300000000000,1432.40,1432.80,1432.20,1432.50,9023
1788321360000000000,1432.50,1434.20,1432.30,1434.00,25369
1788321420000000000,1434.00,1434.00,1431.30,1431.30,15721
1788321480000000000,1431.60,1431.90,1430.50,1431.00,14657
1788321540000000000,1430.90,1431.00,1430.00,1430.40,18646
1788321600000000000,1430.30,1432.30,1430.00,1431.10,71458
1788321660000000000,1431.30,1431.50,1430.60,1431.40,21435
1788321720000000000,1431.40,1432.40,1431.30,1431.30,35523
1788321780000000000,1431.30,1433.90,1431.00,1433.40,45168
1788321840000000000,1433.40,1435.00,1432.60,1434.80,55254
1788321900000000000,1434.70,1434.70,1432.90,1433.80,19888
1788321960000000000,1433.80,1433.80,1432.30,1432.80,25739
1788322020000000000,1432.90,1433.10,1432.00,1432.10,12173
1788322080000000000,1432.10,1432.10,1431.70,1431.90,12362
1788322140000000000,1431.90,1432.80,1431.10,1431.50,18009
1788322200000000000,1431.60,1432.70,1430.60,1431.30,33858
1788322260000000000,1431.60,1432.50,1431.30,1432.10,28572
1788322320000000000,1432.10,1432.10,1431.10,1431.80,19165
1788322380000000000,1431.50,1431.80,1430.80,1431.00,22827
1788322440000000000,1431.00,1431.80,1429.30,1429.90,311350
1788322500000000000,1429.90,1430.90,1429.40,1429.90,97148
1788322560000000000,1429.90,1430.00,1429.30,1429.50,11050
1788322620000000000,1429.60,1429.60,1428.10,1428.70,11218
1788322680000000000,1428.70,1428.70,1428.00,1428.00,14435
1788322740000000000,1428.00,1428.10,1427.70,1428.10,7318
1788322800000000000,1428.10,1428.30,1427.30,1428.30,19034
1788322860000000000,1428.30,1428.30,1427.40,1427.90,11447
1788322920000000000,1427.90,1428.00,1426.80,1427.10,12783
1788322980000000000,1427.10,1427.20,1426.70,1426.90,8130
1788323040000000000,1427.00,1427.00,1426.00,1426.40,10940
1788323100000000000,1426.40,1426.40,1425.60,1426.00,7498
1788323160000000000,1426.20,1426.70,1426.00,1426.70,17803
1788323220000000000,1426.70,1427.20,1426.60,1426.60,12488
1788323280000000000,1426.60,1427.40,1426.20,1426.80,11232
1788323340000000000,1426.90,1426.90,1425.50,1426.00,5573
1788323400000000000,1426.00,1426.10,1425.70,1425.90,9541
1788323460000000000,1425.90,1425.90,1425.70,1425.90,10677
1788323520000000000,1425.90,1427.90,1425.80,1427.00,30579
1788323580000000000,1427.00,1427.00,1426.10,1426.80,5248
1788323640000000000,1426.80,1426.90,1426.20,1426.50,7046
1788323700000000000,1426.50,1426.60,1425.70,1425.90,7752
1788323760000000000,1425.90,1426.20,1425.60,1426.20,10270
1788323820000000000,1426.20,1426.60,1425.80,1426.30,9232
1788323880000000000,1426.30,1426.40,1425.80,1426.30,5754
1788323940000000000,1426.30,1426.30,1425.50,1425.80,8026
1788324000000000000,1425.80,1426.10,1425.60,1426.10,4371
1788324060000000000,1426.10,1426.30,1426.00,1426.30,6843
1788324120000000000,1426.30,1426.30,1426.10,1426.30,5246
1788324180000000000,1426.30,1427.40,1426.00,1426.70,12091
1788324240000000000,1426.60,1427.20,1426.50,1427.00,4845
1788324300000000000,1427.10,1427.10,1426.00,1427.00,5658
1788324360000000000,1427.00,1428.10,1426.70,1427.90,13037
1788324420000000000,1427.90,1428.30,1427.40,1428.20,15902
1788324480000000000,1428.20,1429.60,1428.20,1429.60,14198
1788324540000000000,1429.60,1430.00,1429.10,1429.50,18834
1788324600000000000,1429.50,1429.90,1428.90,1429.60,10038
1788324660000000000,1429.60,1429.60,1428.50,1429.50,14523
1788324720000000000,1429.50,1429.70,1429.10,1429.40,6017
1788324780000000000,1429.40,1429.60,1428.60,1428.80,5622
1788324840000000000,1428.70,1429.00,1428.30,1429.00,6559
1788324900000000000,1429.00,1429.00,1428.50,1428.90,12047
1788324960000000000,1428.80,1429.00,1428.70,1428.90,9947
1788325020000000000,1428.90,1429.00,1428.70,1429.00,10159
1788325080000000000,1429.00,1429.80,1428.90,1429.30,53599
1788325140000000000,1429.30,1429.40,1428.80,1429.30,6462
1788325200000000000,1429.30,1429.90,1429.20,1429.70,8354
1788325260000000000,1429.70,1429.70,1429.00,1429.50,9176
1788325320000000000,1429.50,1429.80,1429.20,1429.70,8208
1788325380000000000,1429.70,1429.70,1429.20,1429.60,7192
1788325440000000000,1429.60,1429.60,1428.90,1429.50,18485
1788325500000000000,1429.50,1429.60,1429.40,1429.60,5803
1788325560000000000,1429.60,1430.10,1429.50,1429.70,36571
1788325620000000000,1430.00,1430.00,1429.90,1430.00,9045
1788325680000000000,1430.00,1430.00,1429.80,1429.90,12151
1788325740000000000,1429.90,1430.00,1429.70,1430.00,5709
1788325800000000000,1429.90,1430.00,1429.70,1429.80,5600
1788325860000000000,1429.80,1430.00,1429.70,1430.00,7858
1788325920000000000,1430.00,1430.00,1429.00,1429.00,9810
1788325980000000000,1429.40,1429.50,1428.80,1429.00,4176
1788326040000000000,1429.00,1429.20,1428.80,1429.10,4487
1788326100000000000,1429.10,1429.10,1428.50,1428.90,6567
1788326160000000000,1428.90,1429.00,1428.60,1428.80,5409
1788326220000000000,1428.80,1429.30,1428.50,1429.20,10075
1788326280000000000,1429.30,1429.60,1428.90,1429.20,24058
1788326340000000000,1429.20,1429.20,1429.00,1429.20,34499
1788326400000000000,1429.20,1430.30,1429.00,1430.00,28741
1788326460000000000,1430.00,1430.90,1429.90,1430.00,72564
1788326520000000000,1429.90,1430.10,1429.50,1429.90,36197
1788326580000000000,1429.90,1429.90,1429.50,1429.80,5893
1788326640000000000,1429.80,1430.10,1429.70,1429.80,14215
1788326700000000000,1429.80,1430.00,1429.80,1429.90,8761
1788326760000000000,1429.90,1432.90,1429.60,1431.80,190307
1788326820000000000,1431.80,1431.90,1429.00,1429.80,125506
1788326880000000000,1429.70,1429.80,1428.90,1429.40,6179
1788326940000000000,1429.40,1429.60,1428.60,1429.40,10850
1788327000000000000,1429.40,1429.70,1429.20,1429.50,10132
1788327060000000000,1429.40,1429.80,1429.00,1429.20,10800
1788327120000000000,1429.20,1429.60,1428.70,1429.60,3957
1788327180000000000,1429.60,1430.00,1428.70,1429.40,6268
1788327240000000000,1429.30,1429.40,1428.90,1429.20,4365
1788327300000000000,1429.20,1429.20,1428.30,1429.10,10456
1788327360000000000,1429.10,1429.10,1428.00,1428.90,5133
1788327420000000000,1428.80,1429.30,1428.70,1429.30,10059
1788327480000000000,1429.30,1430.00,1429.20,1429.80,7026
1788327540000000000,1429.80,1429.90,1429.30,1429.60,7995
1788327600000000000,1429.50,1429.80,1428.70,1429.00,10956
1788327660000000000,1429.00,1429.40,1428.50,1428.50,6545
1788327720000000000,1428.60,1428.60,1428.00,1428.10,8157
1788327780000000000,1428.10,1428.20,1427.50,1427.80,12899
1788327840000000000,1428.00,1428.10,1427.40,1428.10,8147
1788327900000000000,1428.10,1428.10,1427.70,1428.00,4054
1788327960000000000,1428.00,1428.50,1427.50,1428.40,7546
1788328020000000000,1428.40,1428.50,1428.30,1428.50,17615
1788328080000000000,1428.50,1429.60,1428.10,1428.60,80162
1788328140000000000,1428.80,1429.00,1428.60,1429.00,5040
1788328200000000000,1429.00,1429.00,1428.80,1429.00,6611
1788328260000000000,1429.00,1429.90,1428.80,1428.80,18946
1788328320000000000,1428.90,1429.50,1428.60,1429.00,5737
1788328380000000000,1429.10,1429.50,1429.00,1429.40,5477
1788328440000000000,1429.40,1429.50,1429.00,1429.40,6347
1788328500000000000,1429.40,1429.50,1429.00,1429.40,10787
1788328560000000000,1429.40,1429.50,1429.20,1429.50,5374
1788328620000000000,1429.50,1430.00,1429.40,1429.70,24403
1788328680000000000,1429.80,1430.00,1429.50,1430.00,5961
1788328740000000000,1429.90,1430.00,1428.30,1428.60,29347
1788328800000000000,1428.60,1429.00,1427.80,1427.90,61299
1788328860000000000,1428.00,1429.00,1427.80,1428.70,18849
1788328920000000000,1428.70,1429.50,1428.70,1429.00,14228
1788328980000000000,1429.10,1429.10,1427.70,1428.00,25525
1788329040000000000,1427.70,1428.10,1427.60,1427.60,10127
1788329100000000000,1428.00,1428.00,1427.60,1428.00,5592
1788329160000000000,1428.00,1428.20,1427.90,1428.10,12042
1788329220000000000,1428.20,1428.20,1427.80,1428.00,17549
1788329280000000000,1428.00,1428.00,1427.70,1427.90,5757
1788329340000000000,1427.90,1428.00,1427.60,1428.00,10141
1788329400000000000,1427.90,1428.10,1427.60,1428.00,16072
1788329460000000000,1428.00,1428.50,1427.80,1428.00,41161
1788329520000000000,1428.00,1428.10,1427.60,1428.00,7380
1788329580000000000,1427.90,1428.00,1426.50,1426.90,7022
1788329640000000000,1427.20,1427.50,1426.80,1427.20,5830
1788329700000000000,1427.40,1427.60,1426.80,1426.90,5836
1788329760000000000,1427.10,1427.40,1426.50,1427.00,8711
1788329820000000000,1426.50,1427.10,1425.80,1425.80,10446
1788329880000000000,1426.10,1426.80,1425.80,1426.60,12253
1788329940000000000,1426.80,1427.10,1425.80,1426.00,24084
1788330000000000000,1425.90,1426.00,1425.90,1425.90,10679
1788330060000000000,1426.00,1426.00,1425.80,1425.90,6293
1788330120000000000,1426.00,1426.60,1425.90,1426.40,50800
1788330180000000000,1426.40,1427.90,1426.00,1427.60,50362
1788330240000000000,1427.60,1428.00,1427.30,1428.00,9516
1788330300000000000,1428.00,1428.00,1426.80,1427.00,36050
1788330360000000000,1427.40,1427.70,1426.80,1426.80,5857
1788330420000000000,1427.30,1427.30,1426.70,1427.00,5081
1788330480000000000,1427.10,1427.60,1427.00,1427.40,5263
1788330540000000000,1427.50,1427.60,1427.10,1427.10,5804
1788330600000000000,1427.10,1427.80,1426.80,1427.30,32612
1788330660000000000,1427.00,1427.90,1426.50,1427.40,35510
1788330720000000000,1426.80,1427.40,1426.80,1426.90,5164
1788330780000000000,1427.20,1427.30,1426.00,1426.00,21056
1788330840000000000,1426.30,1426.40,1425.50,1425.90,25742
1788330900000000000,1426.00,1426.00,1425.20,1425.60,21549
1788330960000000000,1425.90,1426.00,1425.60,1426.00,7726
1788331020000000000,1426.00,1426.00,1425.90,1426.00,11411
1788331080000000000,1426.00,1426.50,1425.90,1426.50,11026
1788331140000000000,1426.50,1427.00,1426.20,1426.90,57226
1788331200000000000,1426.90,1427.40,1425.70,1427.10,69859
1788331260000000000,1427.20,1427.70,1426.90,1427.50,15838
1788331320000000000,1427.50,1427.50,1427.10,1427.50,11687
1788331380000000000,1427.50,1427.50,1426.80,1427.00,11436
1788331440000000000,1427.00,1427.10,1426.80,1427.00,5795
1788331500000000000,1427.00,1427.20,1426.40,1427.00,11496
1788331560000000000,1427.00,1427.00,1426.20,1426.80,5422
1788331620000000000,1426.70,1427.00,1426.50,1427.00,7956
1788331680000000000,1427.00,1427.00,1426.50,1426.80,8842
1788331740000000000,1426.80,1426.80,1426.10,1426.20,7456
1788331800000000000,1426.20,1426.30,1425.60,1425.80,7503
1788331860000000000,1425.80,1425.80,1424.60,1425.00,18312
1788331920000000000,1425.10,1426.70,1424.60,1425.00,72221
1788331980000000000,1425.00,1425.70,1424.80,1425.30,6616
1788332040000000000,1425.40,1425.40,1424.10,1424.70,6643
1788332100000000000,1424.60,1424.70,1424.10,1424.70,6746
1788332160000000000,1424.60,1424.70,1424.10,1424.40,7482
1788332220000000000,1424.40,1424.40,1423.10,1423.60,10066
1788332280000000000,1423.60,1423.70,1423.00,1423.40,11580
1788332340000000000,1423.40,1423.80,1423.20,1423.80,6043
1788332400000000000,1423.70,1424.00,1423.20,1424.00,10018
1788332460000000000,1424.00,1424.10,1423.90,1424.10,22136
1788332520000000000,1424.10,1424.30,1423.90,1424.30,59573
1788332580000000000,1424.30,1425.00,1424.20,1425.00,11692
1788332640000000000,1425.00,1425.00,1424.50,1424.80,11479
1788332700000000000,1424.70,1425.00,1424.30,1424.50,10352
1788332760000000000,1424.50,1425.00,1424.40,1424.70,9460
1788332820000000000,1425.00,1425.00,1424.60,1425.00,17256
1788332880000000000,1424.90,1426.50,1424.90,1425.70,41535
1788332940000000000,1425.70,1425.70,1424.90,1425.00,15420
1788333000000000000,1425.00,1425.10,1423.70,1424.00,60556
1788333060000000000,1423.90,1425.10,1423.90,1424.80,33543
1788333120000000000,1424.90,1424.90,1423.90,1424.50,26129
1788333180000000000,1424.50,1424.80,1423.50,1424.30,55844
1788333240000000000,1424.50,1424.50,1423.90,1424.20,38592
1788333300000000000,1424.20,1424.30,1422.60,1422.70,26386
1788333360000000000,1422.70,1423.80,1422.60,1423.50,14235
1788333420000000000,1423.20,1423.50,1422.70,1422.80,13050
1788333480000000000,1422.80,1423.50,1422.70,1423.50,12526
1788333540000000000,1423.50,1424.00,1423.40,1423.70,16466
1788333600000000000,1423.40,1423.80,1423.30,1423.30,12657
1788333660000000000,1423.30,1423.90,1423.20,1423.90,9676
1788333720000000000,1423.70,1424.00,1423.50,1423.90,11685
1788333780000000000,1423.80,1423.90,1423.60,1423.90,19722
1788333840000000000,1423.80,1424.00,1423.70,1424.00,9272
1788333900000000000,1424.00,1424.00,1423.40,1423.60,12028
1788333960000000000,1423.50,1423.80,1423.40,1423.70,10183
1788334020000000000,1423.70,1423.80,1423.30,1423.30,14246
1788334080000000000,1423.40,1423.70,1423.00,1423.50,11775
1788334140000000000,1423.30,1423.60,1423.20,1423.60,10973
1788334200000000000,1423.60,1423.90,1423.40,1423.70,13036
1788334260000000000,1423.70,1424.00,1423.70,1424.00,12137
1788334320000000000,1423.90,1424.00,1423.70,1423.80,12271
1788334380000000000,1423.90,1424.00,1423.80,1424.00,10829
1788334440000000000,1424.00,1424.00,1423.40,1423.60,13115
1788334500000000000,1423.50,1423.80,1422.80,1423.40,13995
1788334560000000000,1423.40,1423.40,1422.90,1423.00,10578
1788334620000000000,1423.10,1423.30,1422.70,1423.00,12730
1788334680000000000,1423.00,1423.40,1422.70,1423.30,14573
1788334740000000000,1423.40,1423.50,1423.30,1423.50,9084
1788334800000000000,1423.50,1423.50,1422.90,1423.00,10796
1788334860000000000,1422.90,1423.80,1422.90,1423.70,17559
1788334920000000000,1423.70,1424.00,1423.60,1424.00,13048
1788334980000000000,1424.00,1424.00,1423.80,1424.00,16702
1788335040000000000,1423.90,1424.00,1423.70,1424.00,17116
1788335100000000000,1424.00,1424.00,1423.50,1423.50,15226
1788335160000000000,1423.60,1423.60,1422.80,1422.90,13042
1788335220000000000,1422.90,1423.10,1422.90,1423.00,11355
1788335280000000000,1423.10,1423.10,1422.50,1423.00,15197
1788335340000000000,1423.00,1423.00,1422.80,1423.00,11795
1788335400000000000,1422.80,1423.00,1422.80,1423.00,18246
1788335460000000000,1423.00,1423.00,1422.80,1422.80,11105
1788335520000000000,1422.90,1423.00,1422.80,1423.00,10113
1788335580000000000,1422.90,1423.00,1422.80,1423.00,28883
1788335640000000000,1423.00,1424.20,1422.90,1424.00,39215
1788335700000000000,1423.90,1424.20,1423.80,1424.00,11907
1788335760000000000,1423.90,1424.10,1423.40,1423.90,30585
1788335820000000000,1424.00,1424.00,1423.60,1423.80,23393
1788335880000000000,1423.80,1423.90,1422.70,1422.80,19149
1788335940000000000,1422.70,1423.00,1422.70,1422.90,14264
1788336000000000000,1422.90,1423.00,1422.60,1422.80,9894
1788336060000000000,1422.80,1422.80,1422.30,1422.50,11268
1788336120000000000,1422.30,1422.70,1421.80,1422.00,55395
1788336180000000000,1422.00,1422.00,1421.50,1421.60,15277
1788336240000000000,1421.90,1422.00,1421.30,1421.90,26720
1788336300000000000,1422.00,1422.00,1421.70,1422.00,15366
1788336360000000000,1422.00,1422.30,1421.40,1422.20,45801
1788336420000000000,1422.20,1422.20,1421.70,1421.90,11950
1788336480000000000,1422.20,1422.20,1421.70,1421.90,10247
1788336540000000000,1421.80,1421.90,1421.00,1421.20,14744
1788336600000000000,1421.20,1421.30,1420.70,1421.20,14545
1788336660000000000,1421.30,1422.30,1421.20,1422.10,13299
1788336720000000000,1422.20,1422.60,1422.10,1422.60,11958
1788336780000000000,1422.60,1422.60,1422.00,1422.10,28564
1788336840000000000,1422.20,1422.60,1422.10,1422.50,50639
1788336900000000000,1422.50,1423.30,1422.10,1422.70,115229
1788336960000000000,1422.70,1422.80,1422.20,1422.30,47180
1788337020000000000,1422.40,1422.40,1421.60,1422.10,84064
1788337080000000000,1422.10,1422.20,1421.10,1422.10,22423
1788337140000000000,1422.10,1422.10,1421.40,1421.50,5927
1788337200000000000,1421.60,1422.00,1421.20,1421.60,27533
1788337260000000000,1421.70,1421.70,1420.70,1421.00,50777
1788337320000000000,1421.10,1422.00,1421.00,1421.40,58575
1788337380000000000,1421.50,1423.00,1421.40,1422.60,27558
1788337440000000000,1422.70,1422.70,1421.70,1421.70,26171
1788337500000000000,1421.90,1422.00,1421.20,1421.50,18699
1788337560000000000,1421.50,1421.90,1421.20,1421.90,11988
1788337620000000000,1421.90,1422.00,1421.20,1421.20,42707
1788337680000000000,1421.30,1421.90,1421.10,1421.50,53040
1788337740000000000,1421.90,1422.00,1421.50,1421.90,10229
1788337800000000000,1422.00,1423.20,1421.80,1422.80,70079
1788337860000000000,1423.10,1423.10,1421.60,1423.00,70690
1788337920000000000,1423.10,1423.90,1422.80,1423.70,28511
1788337980000000000,1423.80,1423.90,1423.70,1423.80,11241
1788338040000000000,1423.90,1424.00,1423.20,1423.30,10001
1788338100000000000,1423.40,1423.50,1423.00,1423.30,13006
1788338160000000000,1423.30,1425.20,1423.20,1424.40,42216
1788338220000000000,1424.40,1425.80,1424.30,1425.40,62383
1788338280000000000,1425.50,1425.80,1425.00,1425.20,24643
1788338340000000000,1425.30,1425.60,1425.10,1425.20,17956
1788338400000000000,1425.50,1425.50,1425.40,1425.40,16267
1788338460000000000,1425.50,1425.60,1425.40,1425.60,7096
1788338520000000000,1425.60,1426.20,1425.00,1426.20,32923
1788338580000000000,1426.20,1426.30,1425.80,1425.90,15350
1788338640000000000,1426.10,1426.30,1425.60,1426.30,11872
1788338700000000000,1426.30,1426.50,1426.20,1426.50,10287
1788338760000000000,1426.50,1427.00,1426.20,1426.20,21975
1788338820000000000,1426.40,1426.50,1425.70,1426.30,21082
1788338880000000000,1426.00,1426.60,1425.60,1426.60,30295
1788338940000000000,1426.60,1426.70,1426.00,1426.50,15008
1788339000000000000,1426.50,1426.70,1426.10,1426.70,11394
1788339060000000000,1426.70,1426.70,1426.20,1426.40,5927
1788339120000000000,1426.40,1426.40,1426.30,1426.40,4970
1788339180000000000,1426.30,1426.60,1426.30,1426.30,5559
1788339240000000000,1426.40,1426.40,1425.30,1425.70,13608
1788339300000000000,1425.70,1425.70,1424.80,1425.00,39855
1788339360000000000,1424.90,1425.10,1424.60,1425.10,16009
1788339420000000000,1425.10,1425.70,1424.10,1424.50,14943
1788339480000000000,1424.50,1425.10,1424.10,1425.10,5350
1788339540000000000,1425.00,1425.60,1424.90,1425.40,11755
1788339600000000000,1425.40,1426.00,1425.20,1425.90,21594
1788339660000000000,1426.00,1426.20,1425.70,1425.80,23900
1788339720000000000,1425.80,1426.00,1424.90,1425.00,35280
1788339780000000000,1425.00,1425.50,1424.90,1425.40,70439
1788339840000000000,1425.50,1425.90,1425.40,1425.70,19303
1788339900000000000,1425.60,1426.00,1424.90,1425.20,47917
1788339960000000000,1425.30,1425.50,1424.80,1425.30,28620
1788340020000000000,1425.30,1425.70,1425.10,1425.10,15637
1788340080000000000,1425.40,1425.50,1424.70,1425.00,18740
1788340140000000000,1425.10,1425.70,1425.00,1425.70,28160
1788340200000000000,1425.70,1426.40,1425.60,1426.10,21957
1788340260000000000,1426.00,1426.60,1425.40,1425.80,20436
1788340320000000000,1425.80,1426.00,1424.90,1425.70,17184
1788340380000000000,1425.70,1425.70,1424.80,1425.10,16233
1788340440000000000,1425.10,1425.70,1424.20,1424.80,41462
1788340500000000000,1424.80,1425.60,1424.30,1425.60,20267
1788340560000000000,1425.60,1425.70,1425.00,1425.60,21193
1788340620000000000,1425.50,1425.70,1425.10,1425.50,18742
1788340680000000000,1425.60,1426.60,1425.50,1426.50,19101
1788340740000000000,1426.60,1427.70,1425.60,1425.60,87769
1788340800000000000,1425.60,1425.80,1424.80,1425.00,44077
1788340860000000000,1425.00,1426.20,1424.10,1424.60,72553
1788340920000000000,1424.60,1425.20,1424.00,1424.20,60334
1788340980000000000,1424.20,1424.30,1423.40,1423.70,55413
1788341040000000000,1423.70,1423.90,1423.20,1423.30,17464
1788341100000000000,1423.70,1423.90,1422.30,1422.70,18503
1788341160000000000,1422.70,1422.90,1422.20,1422.60,8467
1788341220000000000,1422.70,1422.70,1422.10,1422.20,5746
1788341280000000000,1422.20,1423.20,1421.80,1422.80,12040
1788341340000000000,1423.20,1423.90,1422.70,1423.00,23049
1788341400000000000,1422.70,1423.00,1422.40,1422.90,12747
1788341460000000000,1422.80,1424.00,1422.80,1423.40,61444
1788341520000000000,1423.40,1423.50,1422.40,1422.70,22355
1788341580000000000,1422.60,1423.20,1422.10,1422.60,16729
1788341640000000000,1422.50,1423.40,1422.10,1423.20,12414
1788341700000000000,1423.00,1423.20,1422.00,1422.80,24932
1788341760000000000,1422.70,1423.20,1422.40,1423.00,19843
1788341820000000000,1422.60,1423.10,1422.30,1422.50,23169
1788341880000000000,1422.40,1422.50,1421.90,1422.20,22764
1788341940000000000,1422.20,1424.00,1421.70,1423.20,87120
1788342000000000000,1423.20,1423.30,1422.60,1423.10,25229
1788342060000000000,1423.10,1423.50,1422.60,1423.00,43317
1788342120000000000,1423.00,1423.00,1422.10,1422.60,39972
1788342180000000000,1423.00,1425.00,1422.60,1423.20,49390
1788342240000000000,1423.10,1425.00,1423.10,1423.20,8889
1788342300000000000,1423.20,1423.20,1423.20,1423.20,0
1788342360000000000,1423.20,1423.20,1423.20,1423.20,0
1788342420000000000,1423.20,1423.20,1423.20,1423.20,0
1788342480000000000,1423.20,1423.20,1423.20,1423.20,0
1788342540000000000,1423.20,1423.20,1423.20,1423.20,0
1788342600000000000,1423.20,1423.20,1423.20,1423.20,0
1788342660000000000,1423.20,1423.20,1423.20,1423.20,0
1788342720000000000,1423.20,1423.20,1423.20,1423.20,0
1788342780000000000,1423.20,1423.20,1423.20,1423.20,0
1788342840000000000,1423.20,1423.20,1423.20,1423.20,0
1788342900000000000,1423.20,1423.20,1423.20,1423.20,0
1788342960000000000,1423.20,1423.20,1423.20,1423.20,0
1788343020000000000,1423.20,1423.20,1423.20,1423.20,0
1788343080000000000,1423.20,1423.20,1423.20,1423.20,0
1788343140000000000,1426.50,1426.50,1426.50,1426.50,293506
1788407100000000000,1438.30,1442.20,1436.00,1437.30,479170
1788407160000000000,1437.10,1442.40,1437.10,1440.00,124164
1788407220000000000,1440.00,1442.10,1440.00,1441.10,91734
1788407280000000000,1441.50,1441.50,1440.30,1440.60,60780
1788407340000000000,1440.40,1442.90,1438.70,1442.50,62660
1788407400000000000,1443.20,1446.50,1443.00,1445.80,123559
1788407460000000000,1445.90,1448.10,1445.40,1445.50,66343
1788407520000000000,1444.90,1447.10,1443.90,1446.60,82894
1788407580000000000,1446.90,1447.50,1446.40,1447.50,35218
1788407640000000000,1447.20,1447.50,1446.30,1446.70,50227
1788407700000000000,1446.90,1448.80,1446.80,1448.50,173940
1788407760000000000,1448.60,1449.00,1445.30,1445.30,79513
1788407820000000000,1445.60,1445.60,1444.00,1444.30,28367
1788407880000000000,1444.00,1445.10,1443.90,1445.10,33705
1788407940000000000,1445.10,1445.40,1444.70,1445.00,21039
1788408000000000000,1445.10,1445.90,1445.00,1445.70,35530
1788408060000000000,1445.50,1448.50,1445.50,1448.50,43830
1788408120000000000,1448.60,1448.60,1447.60,1447.80,11537
1788408180000000000,1447.80,1448.90,1447.80,1448.60,18608
1788408240000000000,1448.60,1450.90,1448.40,1450.00,80762
1788408300000000000,1450.20,1450.20,1448.70,1449.00,24979
1788408360000000000,1449.00,1449.80,1448.90,1449.40,31504
1788408420000000000,1449.50,1449.70,1449.30,1449.60,12433
1788408480000000000,1449.50,1449.70,1449.20,1449.40,23119
1788408540000000000,1449.40,1449.40,1449.00,1449.20,9420
1788408600000000000,1449.30,1450.00,1449.30,1450.00,25473
1788408660000000000,1450.00,1450.20,1449.50,1450.00,21844
1788408720000000000,1450.00,1452.00,1449.80,1450.50,126588
1788408780000000000,1450.50,1451.40,1450.10,1451.40,23262
1788408840000000000,1451.10,1451.60,1450.80,1450.80,16662
1788408900000000000,1450.80,1451.00,1450.20,1450.60,13217
1788408960000000000,1450.30,1450.30,1450.00,1450.00,13594
1788409020000000000,1450.10,1450.50,1450.00,1450.20,36530
1788409080000000000,1450.20,1450.40,1448.20,1448.20,41783
1788409140000000000,1448.10,1448.40,1447.60,1447.60,13821
1788409200000000000,1448.00,1448.00,1446.90,1447.30,22415
1788409260000000000,1447.60,1448.70,1447.60,1447.70,73711
1788409320000000000,1448.20,1448.60,1447.70,1448.60,66085
1788409380000000000,1448.60,1448.60,1447.70,1448.00,10557
1788409440000000000,1448.00,1448.20,1447.70,1448.20,81106
1788409500000000000,1448.30,1448.80,1447.90,1448.00,79278
1788409560000000000,1448.60,1448.70,1447.10,1447.20,17394
1788409620000000000,1447.20,1448.80,1447.20,1448.50,92073
1788409680000000000,1448.30,1448.70,1448.00,1448.60,5829
1788409740000000000,1448.60,1448.70,1448.10,1448.40,8498
1788409800000000000,1448.30,1448.30,1448.00,1448.20,28842
1788409860000000000,1448.20,1448.60,1448.10,1448.60,9896
1788409920000000000,1448.50,1448.80,1448.20,1448.80,5063
1788409980000000000,1448.90,1448.90,1448.00,1448.30,13045
1788410040000000000,1448.70,1449.50,1448.70,1449.40,12404
1788410100000000000,1449.40,1449.80,1449.40,1449.70,6747
1788410160000000000,1450.00,1450.00,1449.20,1449.70,18300
1788410220000000000,1449.40,1449.40,1448.90,1449.20,16141
1788410280000000000,1449.00,1449.50,1449.00,1449.40,11248
1788410340000000000,1449.10,1449.60,1449.10,1449.30,5678
1788410400000000000,1449.10,1449.40,1449.10,1449.40,8011
1788410460000000000,1449.40,1449.50,1448.80,1449.00,3117
1788410520000000000,1448.80,1449.00,1448.40,1448.50,6846
1788410580000000000,1448.50,1448.60,1448.00,1448.20,6146
1788410640000000000,1448.60,1448.70,1448.10,1448.30,4679
1788410700000000000,1447.90,1448.40,1447.70,1447.90,5454
1788410760000000000,1448.00,1448.20,1447.90,1448.20,19314
1788410820000000000,1447.80,1448.10,1446.80,1448.10,87984
1788410880000000000,1448.20,1448.20,1447.40,1447.50,25491
1788410940000000000,1447.50,1449.40,1447.50,1448.50,77395
1788411000000000000,1448.40,1448.50,1447.40,1447.50,76286
1788411060000000000,1447.60,1447.70,1446.90,1447.00,38630
1788411120000000000,1447.00,1447.20,1446.70,1446.70,13058
1788411180000000000,1446.50,1446.60,1446.20,1446.60,6978
1788411240000000000,1446.70,1446.70,1446.50,1446.70,7249
1788411300000000000,1446.80,1446.80,1446.00,1446.00,15625
1788411360000000000,1446.50,1446.50,1445.70,1445.70,10593
1788411420000000000,1445.10,1445.10,1444.50,1444.90,17548
1788411480000000000,1444.90,1445.00,1444.50,1444.60,10950
1788411540000000000,1444.60,1444.70,1444.20,1444.50,9629
1788411600000000000,1444.40,1444.50,1444.10,1444.30,9806
1788411660000000000,1443.00,1443.20,1442.40,1442.90,39178
1788411720000000000,1442.90,1443.90,1442.50,1443.70,32329
1788411780000000000,1443.70,1444.00,1443.60,1443.80,13950
1788411840000000000,1443.70,1443.90,1443.10,1443.10,6912
1788411900000000000,1443.00,1443.70,1442.70,1443.70,7455
1788411960000000000,1443.70,1443.80,1442.20,1442.50,7156
1788412020000000000,1442.20,1442.80,1441.20,1442.80,15506
1788412080000000000,1442.90,1443.20,1442.80,1442.80,13388
1788412140000000000,1443.20,1443.30,1442.80,1443.10,7498
1788412200000000000,1443.20,1443.20,1442.30,1442.70,12503
1788412260000000000,1442.90,1443.20,1442.20,1442.60,11779
1788412320000000000,1442.50,1442.50,1442.10,1442.50,5276
1788412380000000000,1442.50,1442.70,1442.10,1442.50,14404
1788412440000000000,1442.60,1442.80,1442.10,1442.50,5711
1788412500000000000,1442.60,1442.80,1442.10,1442.50,8044
1788412560000000000,1442.50,1442.80,1442.30,1442.50,6173
1788412620000000000,1442.50,1442.70,1442.20,1442.20,6100
1788412680000000000,1442.70,1442.90,1442.10,1442.40,26398
1788412740000000000,1442.30,1442.40,1442.00,1442.00,17217
1788412800000000000,1442.10,1442.30,1442.00,1442.20,8087
1788412860000000000,1442.30,1442.30,1442.00,1442.20,11518
1788412920000000000,1442.10,1442.20,1442.00,1442.10,15090
1788412980000000000,1442.30,1442.40,1442.00,1442.00,11301
1788413040000000000,1442.00,1442.20,1442.00,1442.00,14073
1788413100000000000,1442.10,1442.10,1441.00,1441.20,32554
1788413160000000000,1441.40,1441.50,1441.00,1441.40,8954
1788413220000000000,1441.40,1441.40,1441.00,1441.40,6726
1788413280000000000,1441.30,1441.60,1441.20,1441.20,14567
1788413340000000000,1441.20,1441.40,1441.00,1441.30,12527
1788413400000000000,1441.40,1441.50,1441.00,1441.50,8259
1788413460000000000,1441.50,1441.50,1441.20,1441.20,7888
1788413520000000000,1441.20,1441.40,1440.70,1440.90,7875
1788413580000000000,1441.10,1441.40,1441.10,1441.10,7345
1788413640000000000,1441.30,1441.30,1441.10,1441.10,2831
1788413700000000000,1440.90,1440.90,1439.60,1439.70,20588
1788413760000000000,1439.70,1440.20,1439.50,1439.80,25742
1788413820000000000,1439.70,1439.90,1439.50,1439.70,16452
1788413880000000000,1439.70,1439.70,1439.10,1439.20,10274
1788413940000000000,1439.10,1439.30,1437.70,1437.70,8396
1788414000000000000,1437.40,1439.00,1437.40,1438.30,39960
1788414060000000000,1438.30,1438.40,1438.10,1438.40,9347
1788414120000000000,1438.40,1439.00,1438.30,1439.00,7802
1788414180000000000,1439.00,1439.00,1437.80,1438.20,15100
1788414240000000000,1438.30,1438.30,1437.40,1437.60,16370
1788414300000000000,1437.70,1438.00,1437.30,1437.70,12730
1788414360000000000,1437.70,1438.50,1437.70,1438.40,26303
1788414420000000000,1438.40,1438.90,1438.30,1438.40,22456
1788414480000000000,1438.80,1439.10,1438.70,1439.10,6983
1788414540000000000,1439.20,1439.80,1439.00,1439.80,9740
1788414600000000000,1439.70,1440.20,1439.70,1440.00,7711
1788414660000000000,1440.10,1440.60,1440.10,1440.60,8391
1788414720000000000,1440.60,1441.00,1440.60,1441.00,14234
1788414780000000000,1440.90,1441.50,1440.90,1441.10,18509
1788414840000000000,1441.00,1441.00,1440.80,1440.80,10240
1788414900000000000,1440.80,1440.80,1440.10,1440.80,12508
1788414960000000000,1440.80,1440.80,1440.60,1440.70,3466
1788415020000000000,1440.80,1441.40,1440.00,1441.30,68430
1788415080000000000,1441.40,1441.50,1440.60,1440.90,14134
1788415140000000000,1440.90,1441.00,1440.80,1441.00,5778
1788415200000000000,1441.10,1441.80,1441.10,1441.60,8687
1788415260000000000,1441.70,1441.80,1441.60,1441.60,8864
1788415320000000000,1441.70,1441.90,1440.00,1440.00,16722
1788415380000000000,1440.00,1440.20,1439.40,1440.10,15294
1788415440000000000,1440.20,1440.60,1440.00,1440.20,8385
1788415500000000000,1440.30,1441.60,1440.20,1441.60,26130
1788415560000000000,1442.00,1443.30,1442.00,1443.00,102328
1788415620000000000,1443.20,1443.40,1443.00,1443.20,14784
1788415680000000000,1443.10,1443.30,1442.00,1442.00,9350
1788415740000000000,1442.40,1442.70,1442.10,1442.60,5785
1788415800000000000,1442.60,1443.80,1442.60,1443.50,30263
1788415860000000000,1443.40,1443.60,1443.30,1443.40,13187
1788415920000000000,1443.40,1443.70,1443.10,1443.70,21318
1788415980000000000,1443.60,1443.60,1443.10,1443.10,13763
1788416040000000000,1443.30,1443.60,1443.00,1443.40,10024
1788416100000000000,1443.30,1443.90,1443.30,1443.90,30138
1788416160000000000,1444.00,1444.10,1443.00,1443.20,127230
1788416220000000000,1443.20,1443.60,1443.00,1443.30,85293
1788416280000000000,1443.20,1443.70,1443.20,1443.70,52310
1788416340000000000,1443.70,1443.70,1441.30,1441.90,213637
1788416400000000000,1442.10,1442.30,1440.50,1440.60,68898
1788416460000000000,1440.60,1441.20,1440.10,1440.60,20159
1788416520000000000,1440.60,1442.70,1440.50,1441.50,116974
1788416580000000000,1441.80,1442.10,1440.60,1440.80,70797
1788416640000000000,1440.60,1441.50,1440.60,1441.30,25610
1788416700000000000,1441.30,1441.70,1440.70,1440.80,55234
1788416760000000000,1440.80,1441.50,1440.80,1441.40,26276
1788416820000000000,1441.40,1441.40,1441.10,1441.10,8221
1788416880000000000,1441.60,1441.60,1440.60,1440.70,18358
1788416940000000000,1441.00,1441.00,1440.90,1440.90,3984
1788417000000000000,1440.90,1441.20,1440.70,1441.10,16201
1788417060000000000,1441.20,1441.20,1438.70,1439.70,63721
1788417120000000000,1439.70,1440.70,1439.60,1439.70,45394
1788417180000000000,1440.00,1440.40,1439.80,1439.80,8843
1788417240000000000,1439.80,1440.10,1439.70,1440.10,21472
1788417300000000000,1440.30,1440.50,1440.10,1440.30,9847
1788417360000000000,1440.40,1440.50,1439.80,1440.00,21052
1788417420000000000,1439.90,1440.30,1439.70,1440.00,14375
1788417480000000000,1440.00,1440.30,1439.90,1440.30,7520
1788417540000000000,1440.40,1440.40,1439.60,1439.60,11135
1788417600000000000,1439.70,1440.40,1439.70,1440.30,11405
1788417660000000000,1440.10,1440.20,1439.90,1440.20,11516
1788417720000000000,1440.10,1440.50,1440.10,1440.20,3757
1788417780000000000,1440.20,1440.40,1440.10,1440.40,8524
1788417840000000000,1440.40,1440.70,1440.30,1440.30,6560
1788417900000000000,1440.30,1440.30,1439.50,1440.20,17378
1788417960000000000,1440.80,1440.80,1439.60,1440.10,14519
1788418020000000000,1440.00,1440.10,1439.70,1439.80,6026
1788418080000000000,1439.90,1440.70,1439.80,1440.00,42463
1788418140000000000,1440.10,1440.60,1439.90,1440.50,7827
1788418200000000000,1440.60,1440.90,1439.80,1440.00,7459
1788418260000000000,1440.20,1440.20,1439.80,1440.00,7010
1788418320000000000,1440.10,1440.10,1439.60,1439.70,7423
1788418380000000000,1439.80,1440.30,1439.70,1440.10,12917
1788418440000000000,1439.90,1440.50,1439.70,1439.90,10432
1788418500000000000,1439.80,1440.20,1439.80,1439.90,8205
1788418560000000000,1440.30,1440.80,1440.30,1440.70,12485
1788418620000000000,1440.60,1440.60,1439.90,1439.90,11948
1788418680000000000,1440.00,1440.50,1439.90,1440.10,17117
1788418740000000000,1440.20,1440.70,1440.10,1440.30,10149
1788418800000000000,1440.40,1440.70,1440.30,1440.60,4726
1788418860000000000,1440.80,1440.90,1440.60,1440.80,4599
1788418920000000000,1440.90,1441.20,1440.60,1440.80,20005
1788418980000000000,1441.00,1441.40,1440.60,1440.70,6676
1788419040000000000,1440.90,1441.10,1440.70,1440.90,4199
1788419100000000000,1440.90,1440.90,1439.70,1440.50,14101
1788419160000000000,1440.40,1440.60,1439.70,1440.50,22066
1788419220000000000,1440.40,1440.50,1439.70,1440.20,17201
1788419280000000000,1440.40,1441.00,1440.20,1440.90,25380
1788419340000000000,1441.00,1441.20,1440.10,1440.30,12662
1788419400000000000,1440.40,1440.70,1440.00,1440.30,7455
1788419460000000000,1440.30,1440.60,1440.30,1440.40,3435
1788419520000000000,1440.60,1440.80,1440.10,1440.10,26668
1788419580000000000,1440.30,1441.00,1440.20,1441.00,23316
1788419640000000000,1440.90,1441.50,1440.90,1441.30,9799
1788419700000000000,1441.30,1441.70,1441.20,1441.60,7661
1788419760000000000,1441.60,1441.70,1441.20,1441.40,10232
1788419820000000000,1441.40,1441.70,1441.40,1441.70,7064
1788419880000000000,1441.70,1441.70,1441.00,1441.10,14362
1788419940000000000,1441.00,1441.30,1441.00,1441.10,6129
1788420000000000000,1441.20,1441.30,1440.90,1441.10,6178
1788420060000000000,1441.30,1441.50,1441.20,1441.20,5736
1788420120000000000,1441.40,1441.80,1441.30,1441.30,9794
1788420180000000000,1441.30,1441.80,1441.30,1441.60,8544
1788420240000000000,1441.40,1441.80,1441.30,1441.40,18995
1788420300000000000,1441.40,1441.90,1441.30,1441.30,19163
1788420360000000000,1441.70,1441.80,1440.20,1440.20,56161
1788420420000000000,1440.30,1440.80,1440.20,1440.80,21418
1788420480000000000,1440.60,1440.90,1440.20,1440.40,22897
1788420540000000000,1440.50,1440.60,1440.20,1440.20,10225
1788420600000000000,1440.30,1440.40,1439.80,1440.40,19162
1788420660000000000,1440.00,1440.60,1440.00,1440.60,18128
1788420720000000000,1440.40,1440.70,1440.00,1440.00,9446
1788420780000000000,1440.10,1440.80,1440.00,1440.40,27563
1788420840000000000,1440.30,1440.60,1440.30,1440.30,5165
1788420900000000000,1440.40,1440.70,1440.30,1440.70,16129
1788420960000000000,1440.60,1441.30,1440.60,1441.20,22287
1788421020000000000,1441.30,1441.40,1441.00,1441.00,16249
1788421080000000000,1441.00,1441.40,1441.00,1441.00,28592
1788421140000000000,1441.10,1441.40,1440.80,1441.40,12445
1788421200000000000,1441.20,1441.20,1440.70,1441.00,10490
1788421260000000000,1441.10,1441.50,1441.00,1441.40,9626
1788421320000000000,1441.50,1442.20,1441.20,1442.20,29325
1788421380000000000,1442.70,1442.70,1441.90,1442.40,28324
1788421440000000000,1442.30,1443.00,1442.20,1443.00,17121
1788421500000000000,1443.00,1443.00,1441.90,1442.00,22351
1788421560000000000,1441.90,1441.90,1441.20,1441.80,23170
1788421620000000000,1441.90,1442.20,1441.70,1442.10,7626
1788421680000000000,1442.20,1442.50,1441.60,1441.60,13367
1788421740000000000,1442.00,1442.00,1441.80,1441.90,4982
1788421800000000000,1442.00,1442.00,1441.60,1441.70,4801
1788421860000000000,1442.00,1442.00,1441.70,1441.90,8793
1788421920000000000,1442.00,1442.00,1441.90,1441.90,5022
1788421980000000000,1441.90,1442.00,1441.90,1442.00,4957
1788422040000000000,1441.90,1442.00,1440.60,1440.60,44154
1788422100000000000,1440.50,1440.50,1438.60,1438.80,13148
1788422160000000000,1438.90,1440.00,1438.90,1439.90,36740
1788422220000000000,1439.90,1440.30,1439.60,1440.00,7989
1788422280000000000,1440.00,1440.10,1439.60,1439.60,5794
1788422340000000000,1439.80,1440.20,1439.10,1439.40,17230
1788422400000000000,1439.60,1439.80,1439.30,1439.80,7907
1788422460000000000,1439.80,1440.10,1439.80,1439.90,5318
1788422520000000000,1440.00,1440.00,1439.50,1439.80,7671
1788422580000000000,1440.00,1440.80,1439.90,1440.40,12842
1788422640000000000,1440.70,1440.90,1440.00,1440.10,16623
1788422700000000000,1440.50,1440.60,1439.80,1440.20,18294
1788422760000000000,1440.30,1440.40,1439.40,1439.40,10654
1788422820000000000,1439.40,1440.00,1439.00,1439.00,13861
1788422880000000000,1439.50,1440.10,1439.30,1439.70,21841
1788422940000000000,1439.80,1439.80,1439.10,1439.20,8972
1788423000000000000,1439.40,1439.90,1438.90,1439.80,30777
1788423060000000000,1439.70,1440.00,1438.90,1438.90,29371
1788423120000000000,1438.90,1439.40,1438.60,1439.30,8917
1788423180000000000,1439.30,1439.60,1438.90,1438.90,20035
1788423240000000000,1439.20,1439.40,1438.90,1439.30,12696
1788423300000000000,1439.40,1439.40,1438.00,1438.00,65158
1788423360000000000,1438.00,1438.40,1437.50,1438.00,77854
1788423420000000000,1438.00,1438.10,1435.30,1436.60,82974
1788423480000000000,1436.70,1437.90,1436.70,1437.50,25138
1788423540000000000,1437.60,1438.20,1437.00,1437.60,36992
1788423600000000000,1438.10,1439.10,1437.50,1438.70,33170
1788423660000000000,1438.90,1439.30,1438.70,1439.00,10878
1788423720000000000,1439.10,1439.50,1438.00,1438.50,35730
1788423780000000000,1438.60,1438.60,1437.70,1437.90,20389
1788423840000000000,1437.90,1438.10,1437.90,1438.00,16375
1788423900000000000,1438.00,1438.10,1437.80,1437.90,29910
1788423960000000000,1438.10,1438.40,1437.80,1437.90,29170
1788424020000000000,1438.40,1438.80,1437.90,1438.70,55498
1788424080000000000,1438.70,1439.90,1438.50,1439.60,73437
1788424140000000000,1439.70,1440.30,1439.40,1440.30,16493
1788424200000000000,1440.30,1440.40,1439.30,1440.10,24015
1788424260000000000,1440.10,1440.10,1438.50,1439.00,69988
1788424320000000000,1439.10,1439.40,1438.20,1438.40,39842
1788424380000000000,1438.20,1439.30,1438.20,1439.30,79097
1788424440000000000,1439.40,1439.70,1439.10,1439.10,25899
1788424500000000000,1439.30,1439.40,1439.10,1439.40,13807
1788424560000000000,1439.20,1439.40,1438.80,1439.20,17027
1788424620000000000,1439.20,1439.50,1439.10,1439.30,11572
1788424680000000000,1439.40,1439.50,1438.70,1438.90,32293
1788424740000000000,1438.90,1439.00,1438.70,1439.00,12369
1788424800000000000,1439.00,1439.20,1438.80,1439.00,14223
1788424860000000000,1438.90,1439.00,1438.90,1439.00,10026
1788424920000000000,1438.90,1439.00,1438.30,1438.90,14947
1788424980000000000,1438.60,1438.80,1438.60,1438.70,7021
1788425040000000000,1438.70,1438.70,1438.00,1438.20,13841
1788425100000000000,1438.10,1438.30,1437.00,1437.20,40289
1788425160000000000,1437.30,1437.50,1437.10,1437.40,9255
1788425220000000000,1437.40,1437.80,1437.30,1437.80,10213
1788425280000000000,1437.50,1437.50,1436.60,1436.60,32001
1788425340000000000,1436.60,1437.30,1436.60,1437.10,23654
1788425400000000000,1437.20,1438.00,1437.10,1438.00,16484
1788425460000000000,1437.80,1438.10,1437.50,1437.70,66758
1788425520000000000,1437.60,1437.80,1436.50,1436.60,23425
1788425580000000000,1436.60,1437.00,1436.60,1436.90,9700
1788425640000000000,1437.00,1437.20,1436.90,1437.20,23723
1788425700000000000,1437.40,1437.40,1436.00,1436.10,24873
1788425760000000000,1436.10,1436.30,1434.80,1435.00,30370
1788425820000000000,1435.20,1435.60,1434.10,1434.80,33463
1788425880000000000,1435.00,1435.10,1434.50,1435.10,16709
1788425940000000000,1435.10,1435.50,1434.90,1434.90,25308
1788426000000000000,1435.20,1435.40,1434.60,1434.80,23990
1788426060000000000,1434.60,1435.60,1434.60,1435.50,19751
1788426120000000000,1435.60,1436.00,1435.50,1435.60,17219
1788426180000000000,1435.60,1436.00,1435.40,1435.50,16699
1788426240000000000,1435.70,1436.40,1435.50,1436.30,11840
1788426300000000000,1436.40,1436.40,1434.90,1435.20,33064
1788426360000000000,1435.10,1435.80,1435.10,1435.70,7087
1788426420000000000,1435.80,1436.20,1435.70,1435.90,19219
1788426480000000000,1435.90,1436.20,1435.90,1435.90,14019
1788426540000000000,1436.00,1436.00,1435.50,1435.60,14709
1788426600000000000,1435.70,1435.80,1434.80,1435.00,21867
1788426660000000000,1435.10,1435.30,1435.00,1435.30,21010
1788426720000000000,1436.10,1436.30,1435.40,1435.50,33238
1788426780000000000,1435.50,1435.60,1434.90,1435.30,14503
1788426840000000000,1435.30,1435.90,1435.30,1435.60,8078
1788426900000000000,1435.80,1436.10,1435.60,1436.00,12673
1788426960000000000,1436.10,1436.10,1434.10,1434.10,19155
1788427020000000000,1434.10,1434.40,1434.10,1434.40,16308
1788427080000000000,1434.60,1435.40,1434.60,1434.70,28347
1788427140000000000,1434.90,1435.40,1434.90,1435.30,8158
1788427200000000000,1435.30,1435.90,1435.00,1435.20,23382
1788427260000000000,1435.40,1435.40,1434.10,1434.50,36765
1788427320000000000,1434.60,1435.00,1434.40,1434.50,18651
1788427380000000000,1434.60,1435.20,1434.30,1435.10,14908
1788427440000000000,1435.10,1435.70,1435.10,1435.60,14204
1788427500000000000,1435.60,1435.70,1435.20,1435.40,11952
1788427560000000000,1435.50,1435.70,1435.20,1435.70,27997
1788427620000000000,1435.50,1435.50,1432.60,1433.50,52248
1788427680000000000,1433.40,1433.40,1432.30,1432.80,58272
1788427740000000000,1432.80,1432.90,1431.90,1432.60,35515
1788427800000000000,1432.40,1432.40,1430.30,1431.40,58959
1788427860000000000,1431.20,1431.90,1431.00,1431.90,70323
1788427920000000000,1431.60,1431.60,1431.00,1431.60,25987
1788427980000000000,1431.60,1431.80,1431.50,1431.80,19993
1788428040000000000,1431.70,1431.70,1431.60,1431.60,37945
1788428100000000000,1431.70,1431.70,1430.70,1431.00,37619
1788428160000000000,1431.00,1431.10,1430.40,1430.50,37864
1788428220000000000,1430.40,1431.00,1430.40,1430.60,36995
1788428280000000000,1430.60,1431.00,1430.10,1430.40,59671
1788428340000000000,1430.50,1431.70,1430.00,1430.50,107005
1788428400000000000,1430.30,1431.70,1430.00,1431.40,163818
1788428460000000000,1431.20,1431.80,1430.10,1431.80,111066
1788428520000000000,1431.70,1432.20,1431.60,1432.00,106055
1788428580000000000,1432.00,1433.40,1431.80,1432.10,88805
1788428640000000000,1432.60,1434.70,1432.00,1432.30,76444
1788428700000000000,1432.30,1432.30,1432.30,1432.30,0
1788428760000000000,1432.30,1432.30,1432.30,1432.30,0
1788428820000000000,1432.30,1432.30,1432.30,1432.30,0
1788428880000000000,1432.30,1432.30,1432.30,1432.30,0
1788428940000000000,1432.30,1432.30,1432.30,1432.30,0
1788429000000000000,1432.30,1432.30,1432.30,1432.30,0
1788429060000000000,1432.30,1432.30,1432.30,1432.30,0
1788429120000000000,1432.30,1432.30,1432.30,1432.30,0
1788429180000000000,1432.30,1432.30,1432.30,1432.30,0
1788429240000000000,1432.30,1432.30,1432.30,1432.30,0
1788429300000000000,1432.30,1432.30,1432.30,1432.30,0
1788429360000000000,1432.30,1432.30,1432.30,1432.30,0
1788429420000000000,1432.30,1432.30,1432.30,1432.30,0
1788429480000000000,1430.00,1430.00,1430.00,1430.00,521037
1788429540000000000,1430.00,1430.00,1430.00,1430.00,0
1788493500000000000,1432.10,1435.40,1430.40,1431.00,132833
1788493560000000000,1430.60,1431.70,1430.60,1431.30,32824
1788493620000000000,1430.50,1430.50,1427.80,1428.30,46873
1788493680000000000,1428.50,1428.60,1426.60,1428.60,42613
1788493740000000000,1428.80,1429.30,1428.80,1429.00,35176
1788493800000000000,1429.90,1429.90,1428.10,1428.10,35260
1788493860000000000,1427.80,1429.00,1427.80,1428.40,15820
1788493920000000000,1428.40,1428.50,1428.00,1428.10,16947
1788493980000000000,1428.10,1428.40,1428.10,1428.10,11792
1788494040000000000,1428.10,1428.40,1427.30,1427.70,15927
1788494100000000000,1427.70,1427.90,1427.70,1427.90,18746
1788494160000000000,1427.70,1427.70,1425.80,1425.80,31377
1788494220000000000,1426.00,1426.00,1425.50,1425.90,22415
1788494280000000000,1425.60,1426.30,1425.60,1426.30,16027
1788494340000000000,1426.10,1426.70,1426.10,1426.50,10583
1788494400000000000,1426.50,1426.60,1426.50,1426.60,11716
1788494460000000000,1426.60,1426.60,1426.10,1426.30,17793
1788494520000000000,1426.40,1426.80,1426.30,1426.70,10719
1788494580000000000,1426.50,1426.80,1426.50,1426.80,13565
1788494640000000000,1426.80,1426.90,1426.10,1426.10,29029
1788494700000000000,1425.80,1425.80,1424.50,1425.60,69596
1788494760000000000,1425.60,1425.60,1424.50,1424.80,20732
1788494820000000000,1425.00,1425.00,1424.70,1425.00,28142
1788494880000000000,1424.40,1425.10,1423.80,1424.60,77090
1788494940000000000,1424.60,1425.20,1424.50,1425.00,22656
1788495000000000000,1424.70,1425.20,1424.70,1425.10,17662
1788495060000000000,1425.10,1425.50,1425.10,1425.10,30074
1788495120000000000,1425.10,1425.10,1423.40,1424.00,31478
1788495180000000000,1423.70,1424.10,1423.70,1423.90,33057
1788495240000000000,1424.00,1424.00,1423.80,1424.00,14453
1788495300000000000,1424.00,1425.40,1424.00,1425.40,71395
1788495360000000000,1425.20,1425.40,1424.90,1425.10,17772
1788495420000000000,1425.10,1425.20,1424.50,1424.50,26464
1788495480000000000,1424.80,1425.00,1424.50,1425.00,26952
1788495540000000000,1425.00,1425.40,1425.00,1425.30,10204
1788495600000000000,1425.40,1425.80,1425.00,1425.80,39136
1788495660000000000,1425.80,1425.80,1425.70,1425.70,12934
1788495720000000000,1426.90,1426.90,1426.70,1426.80,19362
1788495780000000000,1426.80,1427.10,1426.70,1426.70,15243
1788495840000000000,1426.90,1426.90,1426.60,1426.70,15556
1788495900000000000,1426.90,1427.00,1426.70,1427.00,13631
1788495960000000000,1426.90,1428.20,1426.90,1427.80,13968
1788496020000000000,1428.00,1428.40,1427.90,1428.00,28830
1788496080000000000,1428.00,1428.90,1428.00,1428.70,9581
1788496140000000000,1428.80,1429.00,1428.80,1429.00,11690
1788496200000000000,1428.80,1429.00,1428.80,1429.00,12633
1788496260000000000,1429.00,1430.00,1429.00,1429.80,16965
1788496320000000000,1429.90,1430.00,1429.80,1429.80,8147
1788496380000000000,1429.90,1429.90,1429.50,1429.80,20274
1788496440000000000,1430.00,1430.00,1429.10,1429.30,14132
1788496500000000000,1429.00,1429.00,1428.10,1428.20,9597
1788496560000000000,1428.20,1428.20,1427.60,1427.60,13013
1788496620000000000,1427.60,1427.60,1426.90,1426.90,15246
1788496680000000000,1427.00,1427.00,1426.20,1426.20,13127
1788496740000000000,1426.30,1426.40,1425.70,1425.70,17303
1788496800000000000,1425.60,1425.80,1425.40,1425.80,12787
1788496860000000000,1425.70,1425.90,1425.70,1425.80,7449
1788496920000000000,1425.80,1425.90,1425.70,1425.70,11885
1788496980000000000,1425.80,1425.80,1425.50,1425.50,7158
1788497040000000000,1425.40,1425.90,1425.40,1425.90,10172
1788497100000000000,1425.70,1425.90,1425.00,1425.00,6976
1788497160000000000,1425.00,1425.60,1425.00,1425.60,10906
1788497220000000000,1425.60,1425.90,1425.60,1425.90,7457
1788497280000000000,1425.80,1426.00,1425.60,1426.00,10049
1788497340000000000,1425.90,1426.00,1425.90,1425.90,6517
1788497400000000000,1426.00,1426.40,1426.00,1426.40,13990
1788497460000000000,1426.30,1427.40,1426.30,1427.20,11108
1788497520000000000,1427.20,1427.20,1426.80,1426.90,12951
1788497580000000000,1426.80,1427.30,1426.80,1427.20,9469
1788497640000000000,1427.20,1428.00,1427.20,1428.00,11246
1788497700000000000,1427.70,1428.80,1427.70,1428.40,11703
1788497760000000000,1428.30,1428.50,1428.10,1428.30,8720
1788497820000000000,1428.40,1428.50,1428.00,1428.50,8556
1788497880000000000,1428.40,1428.80,1428.40,1428.80,9965
1788497940000000000,1428.80,1429.00,1428.80,1429.00,8994
1788498000000000000,1429.10,1430.80,1429.10,1430.40,23437
1788498060000000000,1430.40,1431.00,1430.00,1430.80,13998
1788498120000000000,1430.80,1430.80,1430.00,1430.00,10213
1788498180000000000,1430.00,1430.00,1429.20,1429.40,14469
1788498240000000000,1429.30,1429.70,1429.30,1429.40,11228
1788498300000000000,1429.60,1429.70,1429.50,1429.70,6141
1788498360000000000,1429.60,1429.80,1429.50,1429.70,6733
1788498420000000000,1429.90,1431.50,1429.90,1431.50,17354
1788498480000000000,1431.90,1432.20,1431.20,1431.20,10774
1788498540000000000,1431.60,1431.60,1431.20,1431.40,5640
1788498600000000000,1431.40,1432.30,1431.30,1432.20,10874
1788498660000000000,1431.40,1431.90,1431.40,1431.50,8521
1788498720000000000,1431.50,1431.60,1430.80,1430.80,8834
1788498780000000000,1430.90,1431.00,1430.80,1431.00,10741
1788498840000000000,1431.00,1431.10,1431.00,1431.10,4909
1788498900000000000,1431.00,1431.20,1431.00,1431.20,8672
1788498960000000000,1431.20,1431.30,1431.20,1431.20,4339
1788499020000000000,1431.30,1431.40,1431.30,1431.40,6754
1788499080000000000,1431.30,1431.50,1431.30,1431.40,8813
1788499140000000000,1431.40,1431.50,1431.40,1431.40,4491
1788499200000000000,1431.40,1431.50,1431.40,1431.50,5040
1788499260000000000,1431.40,1431.50,1431.40,1431.50,5884
1788499320000000000,1431.80,1432.50,1431.70,1432.20,29398
1788499380000000000,1432.30,1432.50,1432.20,1432.50,6221
1788499440000000000,1432.40,1432.50,1432.40,1432.50,5374
1788499500000000000,1432.40,1432.80,1432.40,1432.50,10780
1788499560000000000,1432.50,1432.50,1431.80,1431.80,12121
1788499620000000000,1432.00,1432.00,1431.40,1431.40,6990
1788499680000000000,1431.50,1431.60,1431.30,1431.30,7050
1788499740000000000,1431.30,1432.70,1431.30,1432.30,10595
1788499800000000000,1432.30,1433.70,1432.30,1433.70,10951
1788499860000000000,1433.80,1433.80,1432.70,1432.70,11185
1788499920000000000,1432.70,1433.70,1432.70,1433.50,17647
1788499980000000000,1433.50,1433.50,1432.70,1432.70,4784
1788500040000000000,1432.70,1433.30,1432.70,1433.30,5825
1788500100000000000,1433.30,1433.30,1433.20,1433.20,4506
1788500160000000000,1433.20,1433.30,1433.20,1433.20,9531
1788500220000000000,1433.20,1437.00,1433.20,1436.40,96152
1788500280000000000,1436.60,1438.30,1436.00,1436.10,78452
1788500340000000000,1436.00,1436.30,1435.80,1436.30,6965
1788500400000000000,1436.30,1436.30,1435.40,1436.00,6083
1788500460000000000,1435.90,1436.10,1435.80,1436.00,4498
1788500520000000000,1436.00,1436.00,1435.20,1435.20,9018
1788500580000000000,1435.20,1435.30,1435.00,1435.10,8925
1788500640000000000,1435.00,1435.20,1435.00,1435.10,5763
1788500700000000000,1435.20,1435.20,1435.10,1435.20,4655
1788500760000000000,1435.10,1435.20,1433.90,1434.30,13671
1788500820000000000,1433.90,1434.80,1433.90,1434.40,5497
1788500880000000000,1434.60,1435.10,1434.40,1435.00,9813
1788500940000000000,1435.00,1435.60,1435.00,1435.60,4599
1788501000000000000,1435.70,1436.40,1435.00,1435.60,16637
1788501060000000000,1435.60,1436.20,1435.50,1436.00,4432
1788501120000000000,1436.00,1436.60,1436.00,1436.50,2831
1788501180000000000,1436.70,1436.80,1436.10,1436.10,10570
1788501240000000000,1436.10,1436.20,1435.70,1435.90,4279
1788501300000000000,1436.00,1436.00,1435.90,1435.90,2551
1788501360000000000,1435.90,1435.90,1435.50,1435.50,8821
1788501420000000000,1435.60,1435.60,1435.50,1435.50,3799
1788501480000000000,1435.50,1435.60,1435.50,1435.50,4338
1788501540000000000,1435.50,1435.60,1435.50,1435.60,3362
1788501600000000000,1435.50,1436.10,1435.40,1435.60,14051
1788501660000000000,1435.50,1435.90,1435.50,1435.90,832
1788501720000000000,1435.80,1436.10,1435.80,1436.10,8492
1788501780000000000,1436.20,1436.40,1436.20,1436.20,3574
1788501840000000000,1436.20,1436.30,1435.80,1436.00,17669
1788501900000000000,1435.80,1435.80,1435.70,1435.70,5075
1788501960000000000,1435.70,1435.80,1435.30,1435.60,8085
1788502020000000000,1435.60,1435.70,1435.10,1435.10,11793
1788502080000000000,1435.10,1435.90,1435.10,1435.90,10048
1788502140000000000,1435.80,1436.10,1435.30,1435.80,221023
1788502200000000000,1435.80,1436.50,1435.80,1436.40,8943
1788502260000000000,1436.00,1436.40,1436.00,1436.00,6628
1788502320000000000,1436.10,1436.10,1435.20,1435.20,5292
1788502380000000000,1435.20,1435.20,1433.80,1433.80,15345
1788502440000000000,1433.40,1433.40,1433.10,1433.10,12842
1788502500000000000,1433.10,1433.30,1433.10,1433.20,5708
1788502560000000000,1433.10,1433.30,1433.10,1433.20,6130
1788502620000000000,1433.20,1433.70,1433.10,1433.50,14229
1788502680000000000,1433.50,1433.90,1432.90,1432.90,22645
1788502740000000000,1433.00,1433.40,1433.00,1433.10,2046
1788502800000000000,1433.10,1433.20,1433.10,1433.10,3677
1788502860000000000,1433.20,1433.20,1433.10,1433.20,4970
1788502920000000000,1433.10,1433.20,1433.00,1433.00,4263
1788502980000000000,1432.80,1432.80,1432.20,1432.40,12427
1788503040000000000,1432.40,1432.70,1432.10,1432.10,4362
1788503100000000000,1432.20,1432.20,1432.10,1432.20,2945
1788503160000000000,1432.10,1432.30,1432.10,1432.30,7467
1788503220000000000,1432.20,1432.20,1432.10,1432.20,9080
1788503280000000000,1432.20,1432.20,1431.60,1431.70,9758
1788503340000000000,1431.70,1431.70,1431.60,1431.60,6174
1788503400000000000,1431.70,1431.70,1431.60,1431.70,6981
1788503460000000000,1431.60,1431.70,1431.60,1431.60,5239
1788503520000000000,1431.70,1431.70,1430.60,1430.70,13347
1788503580000000000,1430.90,1431.00,1430.70,1430.90,5456
1788503640000000000,1431.00,1431.80,1430.70,1430.90,20984
1788503700000000000,1430.80,1431.00,1430.80,1430.90,2319
1788503760000000000,1430.90,1431.00,1430.90,1431.00,2010
1788503820000000000,1431.00,1431.10,1430.90,1431.00,6648
1788503880000000000,1431.00,1431.10,1431.00,1431.10,4708
1788503940000000000,1431.00,1431.20,1431.00,1431.20,4904
1788504000000000000,1431.30,1431.50,1431.10,1431.10,56869
1788504060000000000,1431.10,1431.50,1431.00,1431.20,3867
1788504120000000000,1431.50,1431.70,1430.90,1431.10,10954
1788504180000000000,1430.90,1430.90,1430.00,1430.00,23164
1788504240000000000,1430.00,1430.20,1430.00,1430.20,6377
1788504300000000000,1430.10,1430.30,1430.00,1430.00,12716
1788504360000000000,1429.90,1429.90,1429.20,1429.40,10367
1788504420000000000,1429.30,1429.40,1429.30,1429.40,1939
1788504480000000000,1429.40,1429.90,1429.30,1429.80,9332
1788504540000000000,1429.60,1429.80,1429.60,1429.70,2396
1788504600000000000,1429.60,1429.70,1429.20,1429.30,13730
1788504660000000000,1429.40,1429.40,1429.20,1429.20,5755
1788504720000000000,1429.20,1429.30,1429.20,1429.20,7439
1788504780000000000,1429.00,1429.80,1428.70,1429.80,14699
1788504840000000000,1429.70,1429.90,1429.00,1429.00,9050
1788504900000000000,1429.10,1429.40,1429.10,1429.40,3093
1788504960000000000,1429.20,1429.50,1429.20,1429.50,3755
1788505020000000000,1429.30,1429.50,1429.30,1429.50,3618
1788505080000000000,1429.50,1431.90,1429.50,1431.10,14262
1788505140000000000,1431.20,1432.20,1431.10,1431.30,174768
1788505200000000000,1431.10,1431.30,1430.80,1430.90,3388
1788505260000000000,1430.90,1432.10,1430.90,1432.00,97166
1788505320000000000,1431.90,1432.10,1431.90,1432.10,3619
1788505380000000000,1432.00,1432.10,1431.90,1431.90,3081
1788505440000000000,1431.90,1432.00,1431.90,1431.90,7988
1788505500000000000,1431.90,1432.00,1431.80,1431.90,13799
1788505560000000000,1431.80,1431.80,1431.30,1431.50,5382
1788505620000000000,1431.30,1431.30,1430.80,1431.00,16233
1788505680000000000,1431.40,1431.50,1431.30,1431.50,2493
1788505740000000000,1431.50,1431.60,1431.40,1431.60,5113
1788505800000000000,1431.40,1431.80,1431.40,1431.80,7819
1788505860000000000,1431.60,1431.80,1431.50,1431.60,6143
1788505920000000000,1431.50,1431.50,1431.00,1431.00,9331
1788505980000000000,1431.00,1431.40,1431.00,1431.30,10841
1788506040000000000,1431.20,1431.30,1431.20,1431.20,2060
1788506100000000000,1431.20,1431.30,1431.20,1431.20,4028
1788506160000000000,1431.10,1431.20,1431.00,1431.00,7660
1788506220000000000,1430.90,1430.90,1430.70,1430.80,5833
1788506280000000000,1430.80,1431.20,1430.70,1431.20,14682
1788506340000000000,1431.10,1431.20,1430.90,1431.20,3860
1788506400000000000,1431.10,1431.20,1431.10,1431.10,2235
1788506460000000000,1431.10,1431.20,1431.10,1431.20,2361
1788506520000000000,1431.20,1431.20,1431.10,1431.20,11299
1788506580000000000,1431.10,1431.20,1431.10,1431.20,4609
1788506640000000000,1431.10,1431.20,1431.10,1431.10,11890
1788506700000000000,1431.00,1431.00,1429.80,1430.20,16022
1788506760000000000,1430.10,1430.30,1430.10,1430.10,4240
1788506820000000000,1430.20,1430.20,1429.30,1429.80,7616
1788506880000000000,1429.30,1430.20,1429.30,1430.10,10476
1788506940000000000,1430.20,1430.60,1430.20,1430.50,5686
1788507000000000000,1430.40,1430.90,1430.40,1430.90,11546
1788507060000000000,1430.90,1431.30,1430.80,1430.80,11643
1788507120000000000,1430.80,1431.10,1430.80,1430.90,2311
1788507180000000000,1430.90,1430.90,1430.80,1430.90,2981
1788507240000000000,1430.80,1431.00,1430.80,1430.90,6983
1788507300000000000,1430.80,1430.90,1430.80,1430.90,3247
1788507360000000000,1430.80,1431.70,1430.80,1431.70,23495
1788507420000000000,1431.90,1432.00,1431.70,1432.00,6661
1788507480000000000,1432.20,1432.70,1432.20,1432.60,6658
1788507540000000000,1432.80,1433.60,1432.70,1433.60,6298
1788507600000000000,1433.40,1434.80,1433.40,1434.60,18176
1788507660000000000,1434.50,1435.20,1434.00,1434.10,48687
1788507720000000000,1434.10,1434.10,1433.70,1433.90,4758
1788507780000000000,1433.90,1434.00,1433.50,1433.50,18669
1788507840000000000,1433.70,1433.70,1432.30,1432.80,33461
1788507900000000000,1432.80,1434.10,1432.60,1433.50,15515
1788507960000000000,1434.00,1434.20,1433.60,1434.20,11173
1788508020000000000,1434.10,1434.30,1434.10,1434.30,4950
1788508080000000000,1434.30,1434.50,1434.30,1434.30,17361
1788508140000000000,1434.30,1434.50,1434.10,1434.40,2229
1788508200000000000,1434.30,1434.50,1434.30,1434.40,2544
1788508260000000000,1434.40,1434.40,1434.30,1434.30,6823
1788508320000000000,1434.40,1435.30,1434.30,1435.00,17998
1788508380000000000,1435.00,1435.00,1434.30,1434.90,40212
1788508440000000000,1434.60,1435.20,1434.50,1435.00,35937
1788508500000000000,1434.90,1435.10,1434.00,1434.40,15117
1788508560000000000,1434.40,1434.80,1434.30,1434.80,14468
1788508620000000000,1434.70,1434.90,1434.30,1434.30,6226
1788508680000000000,1434.30,1434.30,1434.20,1434.30,2917
1788508740000000000,1434.30,1434.30,1433.60,1433.80,9392
1788508800000000000,1433.80,1433.90,1433.80,1433.90,11708
1788508860000000000,1433.90,1434.20,1433.90,1434.00,14517
1788508920000000000,1434.10,1434.10,1433.20,1433.50,13344
1788508980000000000,1433.50,1434.20,1433.40,1434.20,15362
1788509040000000000,1434.00,1434.00,1433.60,1433.80,10632
1788509100000000000,1433.80,1434.00,1433.80,1433.90,3498
1788509160000000000,1433.90,1434.10,1433.90,1434.10,6355
1788509220000000000,1434.10,1434.10,1434.00,1434.10,5090
1788509280000000000,1434.10,1434.10,1433.40,1433.70,12919
1788509340000000000,1433.80,1433.80,1433.70,1433.70,6720
1788509400000000000,1433.70,1433.80,1433.40,1433.60,34273
1788509460000000000,1433.00,1433.10,1431.90,1432.10,24656
1788509520000000000,1432.20,1432.70,1432.00,1432.60,21147
1788509580000000000,1432.70,1433.20,1432.20,1432.20,42591
1788509640000000000,1432.20,1432.20,1431.40,1431.70,7727
1788509700000000000,1431.70,1431.70,1431.60,1431.60,20405
1788509760000000000,1431.60,1431.60,1431.30,1431.30,5371
1788509820000000000,1431.30,1431.40,1431.10,1431.20,6898
1788509880000000000,1431.30,1431.70,1431.20,1431.60,14139
1788509940000000000,1431.70,1431.80,1431.60,1431.70,9715
1788510000000000000,1431.70,1431.80,1431.10,1431.10,35741
1788510060000000000,1431.50,1431.50,1430.40,1430.80,51880
1788510120000000000,1430.80,1431.00,1430.30,1430.80,5516
1788510180000000000,1430.80,1430.90,1430.60,1430.90,5852
1788510240000000000,1430.60,1430.90,1430.60,1430.80,5540
1788510300000000000,1430.80,1430.80,1430.40,1430.40,6201
1788510360000000000,1430.70,1430.80,1430.70,1430.80,9267
1788510420000000000,1430.70,1430.80,1430.70,1430.80,5411
1788510480000000000,1430.80,1430.80,1430.10,1430.30,9364
1788510540000000000,1430.40,1430.40,1430.30,1430.30,5317
1788510600000000000,1430.30,1430.30,1429.90,1430.20,8427
1788510660000000000,1429.90,1430.20,1429.90,1429.90,5810
1788510720000000000,1429.90,1430.70,1429.90,1430.70,18601
1788510780000000000,1430.70,1430.70,1430.60,1430.70,5944
1788510840000000000,1430.70,1430.70,1430.60,1430.70,8332
1788510900000000000,1430.70,1431.10,1430.70,1431.00,14135
1788510960000000000,1431.10,1431.10,1430.90,1430.90,9621
1788511020000000000,1430.90,1430.90,1430.50,1430.50,7607
1788511080000000000,1430.70,1430.70,1430.20,1430.30,23900
1788511140000000000,1430.70,1430.70,1430.10,1430.10,6299
1788511200000000000,1430.40,1430.40,1430.30,1430.40,5508
1788511260000000000,1430.40,1430.40,1430.30,1430.40,8666
1788511320000000000,1430.40,1430.50,1430.40,1430.50,15663
1788511380000000000,1430.40,1430.50,1430.40,1430.50,5036
1788511440000000000,1430.50,1430.60,1430.40,1430.60,6416
1788511500000000000,1430.60,1430.60,1430.50,1430.50,5203
1788511560000000000,1430.60,1430.60,1430.30,1430.30,8951
1788511620000000000,1430.50,1430.50,1430.30,1430.40,5811
1788511680000000000,1430.00,1430.30,1430.00,1430.30,5578
1788511740000000000,1430.30,1430.30,1430.20,1430.30,5665
1788511800000000000,1430.30,1430.30,1430.20,1430.20,5703
1788511860000000000,1430.30,1430.30,1430.20,1430.20,5983
1788511920000000000,1430.20,1430.30,1430.20,1430.30,6198
1788511980000000000,1430.20,1430.20,1430.00,1430.10,19470
1788512040000000000,1430.00,1430.10,1429.40,1429.60,31934
1788512100000000000,1429.40,1430.30,1429.40,1430.10,31985
1788512160000000000,1430.20,1430.20,1430.10,1430.20,4974
1788512220000000000,1430.10,1430.30,1430.10,1430.20,4719
1788512280000000000,1430.30,1430.30,1430.20,1430.30,3922
1788512340000000000,1430.20,1430.30,1430.20,1430.20,5377
1788512400000000000,1430.20,1430.30,1430.20,1430.20,6859
1788512460000000000,1430.20,1430.30,1430.20,1430.20,8423
1788512520000000000,1430.30,1430.30,1429.90,1429.90,12494
1788512580000000000,1429.90,1429.90,1429.90,1429.90,6916
1788512640000000000,1429.80,1429.90,1429.80,1429.90,5045
1788512700000000000,1429.70,1429.70,1428.90,1429.00,21366
1788512760000000000,1429.00,1429.60,1429.00,1429.00,36340
1788512820000000000,1429.00,1429.10,1428.90,1429.00,6766
1788512880000000000,1429.10,1429.10,1428.50,1428.60,10020
1788512940000000000,1428.80,1428.80,1428.20,1428.40,9257
1788513000000000000,1428.40,1428.40,1428.00,1428.40,9442
1788513060000000000,1428.40,1428.40,1428.00,1428.10,8667
1788513120000000000,1428.10,1428.10,1427.70,1427.70,13329
1788513180000000000,1427.70,1427.80,1426.90,1426.90,22375
1788513240000000000,1426.90,1427.10,1426.60,1427.10,31135
1788513300000000000,1427.00,1427.30,1427.00,1427.20,20064
1788513360000000000,1427.20,1427.30,1427.20,1427.20,8927
1788513420000000000,1427.30,1427.30,1427.30,1427.30,10384
1788513480000000000,1427.40,1428.20,1427.00,1427.00,37540
1788513540000000000,1426.80,1427.10,1426.60,1426.70,22206
1788513600000000000,1426.70,1426.80,1426.20,1426.20,50741
1788513660000000000,1426.20,1427.10,1426.10,1426.80,52881
1788513720000000000,1426.80,1426.80,1425.60,1425.70,47692
1788513780000000000,1425.70,1426.20,1425.60,1426.10,28013
1788513840000000000,1426.50,1426.90,1426.50,1426.90,14445
1788513900000000000,1426.80,1426.80,1426.20,1426.20,23669
1788513960000000000,1426.50,1427.10,1426.50,1426.80,24215
1788514020000000000,1426.80,1426.90,1426.30,1426.60,17520
1788514080000000000,1426.40,1427.20,1426.40,1426.90,28573
1788514140000000000,1426.70,1426.80,1426.20,1426.30,19565
1788514200000000000,1426.30,1427.50,1426.30,1426.80,35498
1788514260000000000,1427.10,1427.20,1425.50,1425.70,45855
1788514320000000000,1425.70,1425.80,1425.40,1425.70,48490
1788514380000000000,1425.70,1426.20,1425.10,1425.30,47623
1788514440000000000,1425.30,1425.40,1425.00,1425.10,43722
1788514500000000000,1425.00,1426.50,1425.00,1426.50,71900
1788514560000000000,1426.00,1426.50,1425.70,1425.80,58030
1788514620000000000,1425.80,1426.00,1425.10,1425.90,61479
1788514680000000000,1425.80,1426.50,1425.00,1425.30,105267
1788514740000000000,1425.60,1425.90,1425.10,1425.40,144628
1788514800000000000,1425.30,1425.30,1424.70,1424.90,91230
1788514860000000000,1424.90,1424.90,1424.60,1424.80,73853
1788514920000000000,1424.70,1426.30,1424.70,1425.00,90923
1788514980000000000,1425.50,1426.30,1423.20,1424.80,221290
1788515040000000000,1424.60,1425.40,1421.40,1423.60,110902
1788515100000000000,1423.60,1423.60,1423.60,1423.60,0
1788515160000000000,1423.60,1423.60,1423.60,1423.60,0
1788515220000000000,1423.60,1423.60,1423.60,1423.60,0
1788515280000000000,1423.60,1423.60,1423.60,1423.60,0
1788515340000000000,1423.60,1423.60,1423.60,1423.60,0
1788515400000000000,1423.60,1423.60,1423.60,1423.60,0
1788515460000000000,1423.60,1423.60,1423.60,1423.60,0
1788515520000000000,1423.60,1423.60,1423.60,1423.60,0
1788515580000000000,1423.60,1423.60,1423.60,1423.60,0
1788515640000000000,1423.60,1423.60,1423.60,1423.60,0
1788515700000000000,1423.60,1423.60,1423.60,1423.60,0
1788515760000000000,1423.60,1423.60,1423.60,1423.60,0
1788515820000000000,1423.60,1423.60,1423.60,1423.60,0
1788515880000000000,1423.20,1423.20,1423.20,1423.20,196733
1788515940000000000,1423.20,1423.20,1423.20,1423.20,0
1788752700000000000,1428.00,1428.80,1424.40,1426.40,340869
1788752760000000000,1426.40,1426.60,1423.60,1424.20,57761
1788752820000000000,1424.80,1426.90,1423.40,1425.00,77112
1788752880000000000,1425.00,1428.50,1424.90,1428.20,24670
1788752940000000000,1427.90,1428.80,1427.00,1427.70,50468
1788753000000000000,1427.60,1427.80,1426.60,1427.00,31430
1788753060000000000,1427.10,1430.00,1427.00,1428.70,39904
1788753120000000000,1428.70,1429.90,1428.50,1429.10,20035
1788753180000000000,1429.10,1429.70,1429.10,1429.50,9029
1788753240000000000,1429.60,1429.90,1429.20,1429.70,23863
1788753300000000000,1429.80,1429.80,1427.80,1428.10,26210
1788753360000000000,1428.30,1428.30,1427.20,1427.40,16437
1788753420000000000,1427.40,1427.40,1426.10,1426.50,13428
1788753480000000000,1426.30,1426.60,1425.50,1425.90,36339
1788753540000000000,1426.10,1426.10,1425.60,1425.80,14105
1788753600000000000,1425.90,1427.70,1425.80,1427.50,19788
1788753660000000000,1427.60,1428.10,1427.20,1427.80,23623
1788753720000000000,1427.80,1428.00,1427.70,1427.90,12006
1788753780000000000,1427.90,1429.60,1427.80,1429.50,11928
1788753840000000000,1429.50,1430.00,1429.10,1429.50,18752
1788753900000000000,1429.70,1430.20,1429.20,1430.10,12662
1788753960000000000,1430.30,1431.00,1430.00,1430.60,13128
1788754020000000000,1430.70,1431.10,1430.60,1431.10,12357
1788754080000000000,1431.10,1431.80,1430.90,1430.90,21605
1788754140000000000,1431.10,1433.30,1431.00,1433.00,29066
1788754200000000000,1433.10,1434.40,1433.00,1433.80,28573
1788754260000000000,1433.80,1433.80,1432.80,1432.90,21740
1788754320000000000,1432.90,1433.00,1431.90,1433.00,10025
1788754380000000000,1433.00,1433.30,1431.40,1431.80,17119
1788754440000000000,1431.90,1431.90,1430.80,1431.50,13488
1788754500000000000,1431.50,1431.50,1430.00,1430.50,19868
1788754560000000000,1430.60,1430.80,1429.60,1430.20,23401
1788754620000000000,1430.20,1430.30,1428.60,1429.30,20046
1788754680000000000,1429.50,1429.60,1428.90,1429.40,8576
1788754740000000000,1429.50,1429.80,1429.50,1429.80,17079
1788754800000000000,1429.80,1429.80,1429.00,1429.10,21257
1788754860000000000,1429.10,1429.40,1428.00,1428.60,28519
1788754920000000000,1428.60,1428.70,1428.10,1428.50,9985
1788754980000000000,1428.60,1428.60,1428.50,1428.50,4565
1788755040000000000,1428.60,1428.60,1427.50,1427.90,19156
1788755100000000000,1427.90,1428.60,1427.40,1427.40,37718
1788755160000000000,1427.40,1428.50,1427.00,1428.00,64109
1788755220000000000,1428.00,1428.70,1427.60,1427.70,12819
1788755280000000000,1427.70,1427.70,1426.50,1426.90,11039
1788755340000000000,1426.90,1427.00,1425.20,1425.30,31237
1788755400000000000,1425.30,1427.60,1425.20,1427.10,16592
1788755460000000000,1427.10,1427.90,1426.90,1427.80,41434
1788755520000000000,1427.80,1428.80,1427.60,1428.60,46231
1788755580000000000,1428.40,1428.90,1428.10,1428.60,11462
1788755640000000000,1428.60,1428.80,1427.30,1428.00,12282
1788755700000000000,1428.00,1428.20,1427.60,1427.80,5302
1788755760000000000,1427.80,1428.00,1427.70,1427.90,5229
1788755820000000000,1428.00,1428.20,1427.70,1427.90,9861
1788755880000000000,1427.90,1427.90,1427.70,1427.80,5870
1788755940000000000,1427.80,1428.00,1427.30,1427.30,9263
1788756000000000000,1427.50,1427.50,1426.70,1427.00,7783
1788756060000000000,1427.00,1427.10,1427.00,1427.00,2902
1788756120000000000,1427.10,1427.40,1426.80,1427.00,8725
1788756180000000000,1427.00,1427.30,1426.70,1426.80,8397
1788756240000000000,1426.60,1426.90,1425.80,1426.30,10193
1788756300000000000,1426.50,1426.50,1426.30,1426.40,8835
1788756360000000000,1426.40,1426.40,1425.80,1426.10,11108
1788756420000000000,1426.10,1426.70,1426.10,1426.70,5376
1788756480000000000,1426.60,1428.20,1426.50,1427.80,13254
1788756540000000000,1427.80,1428.40,1427.70,1428.00,8034
1788756600000000000,1428.20,1428.20,1428.00,1428.20,4686
1788756660000000000,1428.20,1428.60,1428.10,1428.20,5535
1788756720000000000,1428.30,1429.10,1427.10,1427.90,15237
1788756780000000000,1428.30,1428.60,1427.10,1428.30,14003
1788756840000000000,1428.20,1428.20,1427.40,1427.80,9362
1788756900000000000,1427.80,1427.80,1427.70,1427.80,4649
1788756960000000000,1427.80,1427.80,1427.70,1427.80,3688
1788757020000000000,1427.80,1428.50,1427.70,1428.40,4497
1788757080000000000,1428.40,1428.40,1427.50,1427.50,11642
1788757140000000000,1427.60,1427.80,1425.60,1426.10,14235
1788757200000000000,1426.20,1426.20,1425.10,1425.80,14072
1788757260000000000,1425.90,1427.00,1425.90,1426.30,15613
1788757320000000000,1426.30,1426.30,1425.00,1426.30,20591
1788757380000000000,1426.30,1426.50,1426.20,1426.30,5553
1788757440000000000,1426.50,1427.00,1426.30,1426.70,9821
1788757500000000000,1426.80,1426.80,1426.70,1426.80,2516
1788757560000000000,1426.80,1427.60,1426.00,1426.60,59557
1788757620000000000,1426.60,1426.60,1426.30,1426.60,7495
1788757680000000000,1426.60,1427.30,1426.60,1426.80,6981
1788757740000000000,1427.00,1427.00,1426.80,1426.90,7795
1788757800000000000,1427.00,1427.00,1426.90,1427.00,5752
1788757860000000000,1427.00,1427.00,1426.90,1427.00,5439
1788757920000000000,1427.00,1427.00,1426.90,1427.00,8644
1788757980000000000,1427.00,1427.60,1426.90,1427.00,8979
1788758040000000000,1427.00,1427.00,1426.90,1427.00,8256
1788758100000000000,1427.00,1427.40,1426.10,1426.70,16645
1788758160000000000,1426.60,1427.20,1426.50,1427.00,9044
1788758220000000000,1427.00,1427.00,1426.80,1427.00,4730
1788758280000000000,1427.00,1427.00,1426.90,1426.90,3708
1788758340000000000,1427.00,1427.00,1426.90,1426.90,9173
1788758400000000000,1427.00,1427.00,1426.90,1427.00,8703
1788758460000000000,1427.00,1427.00,1426.90,1427.00,6154
1788758520000000000,1427.00,1427.00,1426.90,1426.90,10116
1788758580000000000,1427.00,1427.00,1426.90,1426.90,4101
1788758640000000000,1427.00,1427.40,1426.90,1426.90,6742
1788758700000000000,1427.00,1427.20,1426.90,1427.00,6401
1788758760000000000,1427.00,1429.10,1426.60,1427.10,55068
1788758820000000000,1427.10,1427.80,1426.80,1427.80,5062
1788758880000000000,1427.80,1427.90,1427.00,1427.50,8139
1788758940000000000,1427.50,1427.50,1427.40,1427.40,6643
1788759000000000000,1427.50,1427.50,1427.00,1427.40,18966
1788759060000000000,1427.40,1427.40,1427.00,1427.30,8177
1788759120000000000,1427.40,1427.40,1427.30,1427.30,6443
1788759180000000000,1427.40,1427.40,1427.30,1427.30,11620
1788759240000000000,1427.40,1427.40,1426.80,1427.00,7857
1788759300000000000,1427.20,1427.50,1427.10,1427.40,7995
1788759360000000000,1427.40,1427.50,1427.30,1427.40,7022
1788759420000000000,1427.40,1427.40,1426.60,1426.80,12129
1788759480000000000,1426.90,1427.10,1426.60,1427.10,4372
1788759540000000000,1427.10,1427.20,1426.40,1426.60,11167
1788759600000000000,1426.60,1427.20,1426.00,1426.20,9267
1788759660000000000,1426.20,1426.60,1425.00,1426.00,22222
1788759720000000000,1426.00,1426.00,1425.00,1425.00,7111
1788759780000000000,1425.30,1425.80,1424.10,1425.10,10139
1788759840000000000,1425.10,1425.80,1424.60,1425.00,11128
1788759900000000000,1424.90,1425.00,1424.00,1424.60,13731
1788759960000000000,1424.60,1425.00,1424.30,1425.00,18107
1788760020000000000,1425.00,1425.20,1424.60,1425.00,7487
1788760080000000000,1425.00,1425.20,1424.60,1424.80,9633
1788760140000000000,1424.90,1425.00,1424.00,1424.30,14047
1788760200000000000,1424.30,1425.10,1424.00,1425.10,6249
1788760260000000000,1424.80,1425.10,1424.80,1424.90,7843
1788760320000000000,1425.00,1425.20,1424.90,1424.90,9223
1788760380000000000,1425.00,1425.30,1424.90,1424.90,18891
1788760440000000000,1425.00,1425.00,1424.90,1424.90,6128
1788760500000000000,1425.00,1425.40,1424.50,1425.00,12444
1788760560000000000,1425.00,1426.10,1424.00,1424.30,30994
1788760620000000000,1424.80,1424.80,1423.20,1424.30,8824
1788760680000000000,1424.30,1424.40,1423.30,1423.70,10948
1788760740000000000,1424.10,1424.30,1423.70,1424.10,5372
1788760800000000000,1424.30,1424.50,1422.60,1423.90,23135
1788760860000000000,1423.90,1424.20,1423.10,1423.50,8895
1788760920000000000,1423.70,1424.40,1423.70,1424.30,2844
1788760980000000000,1424.50,1424.50,1423.70,1424.00,9052
1788761040000000000,1424.40,1424.90,1424.00,1424.50,7307
1788761100000000000,1424.70,1425.00,1424.60,1424.90,9437
1788761160000000000,1424.90,1425.00,1424.00,1424.50,8292
1788761220000000000,1424.30,1424.80,1424.30,1424.70,8087
1788761280000000000,1424.70,1424.70,1423.70,1423.80,9287
1788761340000000000,1424.30,1424.50,1423.80,1424.20,6253
1788761400000000000,1424.30,1424.50,1423.80,1423.80,7487
1788761460000000000,1424.10,1424.60,1423.80,1424.40,6385
1788761520000000000,1424.50,1425.00,1424.40,1424.50,5165
1788761580000000000,1425.00,1425.10,1424.50,1424.70,3655
1788761640000000000,1424.80,1425.00,1424.80,1424.90,5730
1788761700000000000,1425.00,1425.00,1424.00,1424.50,14542
1788761760000000000,1424.50,1425.00,1424.00,1424.90,5346
1788761820000000000,1425.00,1425.60,1424.90,1424.90,6624
1788761880000000000,1425.00,1425.00,1424.00,1424.50,7803
1788761940000000000,1424.50,1424.50,1422.90,1423.50,10396
1788762000000000000,1424.00,1424.30,1423.10,1423.30,8342
1788762060000000000,1423.70,1424.10,1423.20,1423.50,4001
1788762120000000000,1423.70,1425.30,1423.70,1424.90,6963
1788762180000000000,1425.00,1425.80,1424.40,1425.00,80484
1788762240000000000,1425.00,1427.50,1424.60,1426.10,59052
1788762300000000000,1426.40,1426.40,1424.90,1425.90,61361
1788762360000000000,1426.40,1426.70,1424.80,1425.40,78205
1788762420000000000,1425.40,1427.00,1425.00,1426.00,44428
1788762480000000000,1426.00,1427.70,1425.90,1427.00,40273
1788762540000000000,1427.00,1427.00,1426.90,1427.00,7612
1788762600000000000,1427.00,1427.10,1426.60,1427.00,17506
1788762660000000000,1427.00,1427.00,1426.90,1427.00,6693
1788762720000000000,1427.00,1427.10,1426.90,1427.00,8144
1788762780000000000,1427.00,1428.30,1426.80,1427.00,53693
1788762840000000000,1427.00,1428.20,1426.90,1428.20,41581
1788762900000000000,1428.20,1428.40,1427.00,1428.40,25925
1788762960000000000,1428.40,1429.00,1427.00,1428.40,73192
1788763020000000000,1428.40,1428.80,1428.00,1428.60,17142
1788763080000000000,1428.60,1429.00,1428.00,1428.90,25242
1788763140000000000,1428.90,1429.90,1428.00,1428.70,49063
1788763200000000000,1429.00,1429.50,1428.00,1428.60,19311
1788763260000000000,1428.80,1429.00,1428.00,1429.00,11328
1788763320000000000,1428.90,1429.60,1427.90,1429.40,40957
1788763380000000000,1429.40,1429.80,1427.70,1428.00,24178
1788763440000000000,1428.00,1429.90,1427.80,1429.90,97752
1788763500000000000,1429.90,1430.00,1428.00,1429.00,133476
1788763560000000000,1429.00,1429.80,1428.90,1429.00,71492
1788763620000000000,1429.00,1429.20,1428.90,1428.90,25990
1788763680000000000,1429.00,1429.40,1428.70,1428.90,23822
1788763740000000000,1428.80,1429.00,1427.90,1428.80,14075
1788763800000000000,1428.50,1429.00,1428.20,1429.00,10024
1788763860000000000,1429.00,1429.00,1428.60,1428.70,9140
1788763920000000000,1428.80,1429.00,1428.40,1428.90,10031
1788763980000000000,1428.90,1429.20,1428.90,1429.00,9690
1788764040000000000,1429.00,1429.50,1428.90,1429.00,47478
1788764100000000000,1429.00,1429.30,1428.80,1429.00,19911
1788764160000000000,1429.00,1429.00,1428.90,1428.90,8653
1788764220000000000,1429.00,1429.00,1428.70,1428.80,15632
1788764280000000000,1428.80,1429.00,1428.50,1428.70,12293
1788764340000000000,1428.70,1428.90,1428.50,1428.70,10675
1788764400000000000,1428.70,1429.00,1428.10,1429.00,14566
1788764460000000000,1428.90,1429.00,1428.40,1429.00,11344
1788764520000000000,1429.00,1429.20,1428.80,1429.00,14664
1788764580000000000,1429.00,1430.40,1429.00,1430.30,9820
1788764640000000000,1430.30,1430.50,1430.00,1430.00,15814
1788764700000000000,1430.10,1430.10,1424.70,1425.00,646783
1788764760000000000,1425.00,1426.10,1424.90,1425.00,147599
1788764820000000000,1425.00,1428.10,1424.90,1427.90,371975
1788764880000000000,1427.60,1427.90,1427.10,1427.30,33462
1788764940000000000,1427.60,1428.10,1427.30,1428.00,20398
1788765000000000000,1428.00,1428.30,1427.60,1427.80,26654
1788765060000000000,1428.00,1428.20,1426.90,1427.00,58652
1788765120000000000,1427.00,1427.50,1426.60,1427.00,54623
1788765180000000000,1427.00,1427.50,1426.50,1426.80,60963
1788765240000000000,1426.80,1427.00,1426.50,1427.00,5865
1788765300000000000,1427.00,1427.30,1426.60,1427.00,12580
1788765360000000000,1426.90,1427.00,1426.60,1427.00,11083
1788765420000000000,1427.00,1427.00,1426.60,1426.90,10094
1788765480000000000,1426.90,1427.00,1426.90,1426.90,11696
1788765540000000000,1427.00,1427.80,1426.90,1427.00,33130
1788765600000000000,1427.00,1427.00,1426.60,1427.00,13451
1788765660000000000,1427.00,1427.00,1426.60,1427.00,11038
1788765720000000000,1427.00,1427.00,1426.80,1427.00,5968
1788765780000000000,1427.00,1427.00,1426.60,1427.00,12148
1788765840000000000,1427.00,1427.20,1426.70,1427.00,11221
1788765900000000000,1427.00,1427.50,1426.90,1427.00,13340
1788765960000000000,1427.00,1427.00,1426.90,1427.00,11700
1788766020000000000,1427.00,1427.00,1426.90,1427.00,17119
1788766080000000000,1427.00,1427.00,1426.90,1427.00,13347
1788766140000000000,1427.00,1427.10,1426.90,1427.00,10361
1788766200000000000,1427.00,1427.20,1426.90,1426.90,13833
1788766260000000000,1427.00,1427.00,1426.90,1427.00,11177
1788766320000000000,1427.00,1427.00,1426.90,1427.00,10072
1788766380000000000,1427.00,1427.00,1426.90,1426.90,11585
1788766440000000000,1427.00,1427.50,1426.90,1427.00,17721
1788766500000000000,1427.00,1427.00,1426.90,1427.00,16349
1788766560000000000,1427.00,1427.00,1426.90,1427.00,16475
1788766620000000000,1427.00,1427.00,1426.90,1427.00,26553
1788766680000000000,1427.00,1427.00,1426.80,1427.00,12643
1788766740000000000,1427.00,1427.00,1426.90,1427.00,8850
1788766800000000000,1427.00,1427.00,1426.90,1426.90,10041
1788766860000000000,1427.00,1427.00,1426.70,1426.70,11716
1788766920000000000,1427.00,1427.00,1426.50,1426.90,14518
1788766980000000000,1426.90,1427.00,1426.50,1426.50,14562
1788767040000000000,1426.60,1427.00,1426.50,1427.00,9103
1788767100000000000,1427.00,1427.00,1426.60,1426.70,8030
1788767160000000000,1427.00,1427.00,1426.00,1426.40,17524
1788767220000000000,1426.40,1426.60,1425.90,1426.50,28076
1788767280000000000,1426.50,1426.50,1425.90,1425.90,19977
1788767340000000000,1426.00,1428.50,1425.90,1428.50,20464
1788767400000000000,1428.60,1429.30,1428.50,1429.00,19518
1788767460000000000,1429.00,1429.30,1428.80,1428.90,11235
1788767520000000000,1429.20,1429.40,1428.90,1429.20,15789
1788767580000000000,1429.30,1429.30,1428.90,1429.30,12986
1788767640000000000,1429.20,1429.20,1428.60,1429.20,11186
1788767700000000000,1429.20,1429.60,1429.00,1429.30,8793
1788767760000000000,1429.40,1429.70,1428.80,1429.00,22378
1788767820000000000,1429.50,1429.60,1428.90,1428.90,12919
1788767880000000000,1429.00,1429.00,1428.90,1428.90,11134
1788767940000000000,1429.00,1429.00,1428.90,1429.00,12175
1788768000000000000,1429.00,1429.00,1428.90,1429.00,12496
1788768060000000000,1429.00,1429.00,1428.90,1429.00,14237
1788768120000000000,1429.00,1429.00,1428.80,1429.00,16096
1788768180000000000,1429.00,1429.00,1428.90,1429.00,12409
1788768240000000000,1429.00,1429.00,1428.90,1429.00,11275
1788768300000000000,1429.00,1429.00,1428.90,1428.90,9602
1788768360000000000,1429.00,1429.00,1428.90,1428.90,11400
1788768420000000000,1429.00,1429.00,1428.90,1429.00,13063
1788768480000000000,1429.00,1429.00,1428.90,1429.00,16724
1788768540000000000,1429.00,1429.00,1428.20,1428.40,20059
1788768600000000000,1428.70,1428.80,1428.10,1428.10,10288
1788768660000000000,1428.40,1428.80,1428.20,1428.40,7094
1788768720000000000,1428.70,1428.90,1428.40,1428.60,7144
1788768780000000000,1428.80,1428.80,1427.80,1427.90,20484
1788768840000000000,1428.00,1428.00,1427.90,1427.90,8568
1788768900000000000,1428.00,1428.00,1427.70,1428.00,28705
1788768960000000000,1428.00,1428.00,1427.70,1427.90,13405
1788769020000000000,1427.90,1428.00,1427.90,1428.00,25212
1788769080000000000,1428.00,1428.00,1427.90,1428.00,12259
1788769140000000000,1428.00,1428.00,1427.70,1427.90,8733
1788769200000000000,1428.00,1428.00,1427.70,1428.00,9220
1788769260000000000,1428.00,1428.00,1427.70,1428.00,11101
1788769320000000000,1428.00,1428.00,1427.70,1428.00,7875
1788769380000000000,1427.90,1428.20,1427.50,1428.00,44400
1788769440000000000,1428.00,1428.00,1427.90,1428.00,8315
1788769500000000000,1428.00,1428.00,1427.60,1427.90,9674
1788769560000000000,1427.90,1428.00,1427.60,1427.60,9404
1788769620000000000,1427.70,1428.00,1427.60,1427.70,6562
1788769680000000000,1427.90,1428.00,1427.70,1427.90,7665
1788769740000000000,1427.90,1428.00,1427.70,1427.80,6304
1788769800000000000,1427.90,1428.00,1427.80,1427.90,6036
1788769860000000000,1428.00,1428.00,1427.90,1427.90,4725
1788769920000000000,1428.00,1428.00,1427.90,1427.90,9193
1788769980000000000,1428.00,1428.00,1427.90,1427.90,27097
1788770040000000000,1428.00,1428.00,1427.90,1428.00,9700
1788770100000000000,1428.00,1428.00,1426.90,1427.00,32713
1788770160000000000,1427.00,1427.00,1426.80,1426.90,8802
1788770220000000000,1427.00,1427.00,1426.90,1427.00,7800
1788770280000000000,1427.00,1427.00,1426.90,1426.90,10808
1788770340000000000,1427.00,1427.00,1426.90,1426.90,15422
1788770400000000000,1427.00,1427.00,1426.90,1427.00,6938
1788770460000000000,1427.00,1427.00,1426.90,1427.00,9277
1788770520000000000,1427.00,1427.00,1426.90,1427.00,8234
1788770580000000000,1427.00,1427.00,1426.90,1426.90,11088
1788770640000000000,1427.00,1427.00,1426.90,1427.00,8812
1788770700000000000,1427.00,1427.00,1426.90,1427.00,12556
1788770760000000000,1427.00,1427.00,1426.90,1426.90,7637
1788770820000000000,1427.00,1427.00,1426.80,1426.80,20953
1788770880000000000,1427.00,1427.00,1426.60,1426.90,15311
1788770940000000000,1426.80,1427.00,1426.80,1427.00,6886
1788771000000000000,1427.00,1427.00,1426.90,1426.90,8537
1788771060000000000,1427.00,1427.00,1426.90,1426.90,8961
1788771120000000000,1427.00,1427.00,1426.90,1426.90,9445
1788771180000000000,1427.00,1427.00,1426.90,1427.00,12888
1788771240000000000,1427.00,1427.00,1426.90,1427.00,24440
1788771300000000000,1427.00,1427.00,1426.90,1426.90,13335
1788771360000000000,1427.00,1427.00,1426.90,1427.00,11933
1788771420000000000,1427.00,1427.00,1426.90,1426.90,9455
1788771480000000000,1427.00,1427.00,1426.90,1426.90,10431
1788771540000000000,1427.00,1427.00,1426.90,1426.90,7939
1788771600000000000,1427.00,1427.20,1426.90,1426.90,21127
1788771660000000000,1427.00,1427.00,1426.50,1426.80,23989
1788771720000000000,1426.70,1427.00,1426.70,1426.90,8604
1788771780000000000,1427.00,1427.00,1426.90,1426.90,8503
1788771840000000000,1426.90,1426.90,1426.40,1426.70,10207
1788771900000000000,1426.80,1427.00,1426.30,1426.70,7968
1788771960000000000,1426.80,1427.00,1426.60,1427.00,7656
1788772020000000000,1426.90,1427.00,1426.70,1427.00,8089
1788772080000000000,1426.90,1427.00,1426.40,1426.90,8044
1788772140000000000,1426.80,1427.00,1426.50,1426.80,9146
1788772200000000000,1426.80,1426.80,1425.50,1425.90,15032
1788772260000000000,1425.70,1426.30,1425.40,1425.90,9735
1788772320000000000,1426.00,1426.60,1425.50,1426.20,11282
1788772380000000000,1426.40,1426.60,1426.20,1426.50,11180
1788772440000000000,1426.30,1426.50,1425.30,1425.90,10116
1788772500000000000,1426.00,1426.20,1425.40,1426.10,10356
1788772560000000000,1426.20,1426.40,1425.70,1426.30,9305
1788772620000000000,1426.30,1426.30,1425.50,1426.00,9218
1788772680000000000,1426.00,1426.40,1425.60,1426.00,10819
1788772740000000000,1426.00,1426.40,1425.90,1426.30,8058
1788772800000000000,1426.30,1426.50,1425.30,1425.90,24109
1788772860000000000,1425.90,1426.40,1425.50,1426.10,12341
1788772920000000000,1426.30,1426.30,1423.20,1423.30,39225
1788772980000000000,1423.40,1424.30,1422.90,1423.10,31594
1788773040000000000,1423.70,1423.80,1422.60,1423.10,29715
1788773100000000000,1423.70,1423.90,1422.70,1423.20,50951
1788773160000000000,1423.90,1424.40,1423.30,1424.10,19396
1788773220000000000,1424.40,1424.70,1423.60,1424.20,20056
1788773280000000000,1424.50,1424.80,1423.90,1424.20,18304
1788773340000000000,1424.60,1424.90,1423.80,1424.90,24767
1788773400000000000,1424.40,1424.90,1423.70,1424.30,34005
1788773460000000000,1424.30,1425.00,1424.30,1425.00,22204
1788773520000000000,1424.80,1425.00,1424.30,1425.00,19649
1788773580000000000,1424.90,1425.00,1424.40,1424.70,26504
1788773640000000000,1424.70,1425.00,1424.60,1425.00,27484
1788773700000000000,1424.90,1425.00,1424.30,1424.60,29280
1788773760000000000,1424.90,1425.00,1423.20,1423.90,39045
1788773820000000000,1423.80,1424.00,1423.60,1423.90,34951
1788773880000000000,1424.00,1424.00,1423.60,1424.00,54852
1788773940000000000,1424.00,1424.00,1423.50,1423.90,33930
1788774000000000000,1423.90,1424.00,1423.50,1423.60,57094
1788774060000000000,1423.80,1424.00,1423.10,1423.80,34140
1788774120000000000,1423.80,1423.80,1423.20,1423.50,49607
1788774180000000000,1423.70,1424.00,1423.30,1423.90,50044
1788774240000000000,1423.90,1424.00,1423.10,1423.60,37221
1788774300000000000,1423.60,1423.60,1423.60,1423.60,0
1788774360000000000,1423.60,1423.60,1423.60,1423.60,0
1788774420000000000,1423.60,1423.60,1423.60,1423.60,0
1788774480000000000,1423.60,1423.60,1423.60,1423.60,0
1788774540000000000,1423.60,1423.60,1423.60,1423.60,0
1788774600000000000,1423.60,1423.60,1423.60,1423.60,0
1788774660000000000,1423.60,1423.60,1423.60,1423.60,0
1788774720000000000,1423.60,1423.60,1423.60,1423.60,0
1788774780000000000,1423.60,1423.60,1423.60,1423.60,0
1788774840000000000,1423.60,1423.60,1423.60,1423.60,0
1788774900000000000,1423.60,1423.60,1423.60,1423.60,0
1788774960000000000,1423.60,1423.60,1423.60,1423.60,0
1788775020000000000,1423.60,1423.60,1423.60,1423.60,0
1788775080000000000,1423.60,1423.60,1423.60,1423.60,0
1788775140000000000,1427.50,1427.50,1427.50,1427.50,222660
1788839100000000000,1424.00,1424.90,1417.20,1419.40,87604
1788839160000000000,1419.40,1420.30,1418.10,1419.70,31088
1788839220000000000,1419.70,1420.80,1419.40,1420.00,16749
1788839280000000000,1420.00,1420.90,1419.60,1420.00,6300
1788839340000000000,1420.20,1420.30,1419.50,1420.10,12831
1788839400000000000,1420.20,1420.50,1420.10,1420.30,11374
1788839460000000000,1420.30,1420.70,1420.00,1420.00,14953
1788839520000000000,1420.20,1421.00,1420.10,1420.10,17826
1788839580000000000,1420.20,1420.30,1418.70,1418.70,30200
1788839640000000000,1418.90,1419.30,1418.50,1419.10,20281
1788839700000000000,1419.10,1419.50,1418.80,1419.00,13868
1788839760000000000,1419.10,1419.60,1418.50,1418.70,12587
1788839820000000000,1418.70,1419.10,1418.20,1418.80,7763
1788839880000000000,1418.90,1419.20,1418.30,1419.00,34157
1788839940000000000,1418.50,1418.70,1417.00,1417.20,30169
1788840000000000000,1417.00,1418.00,1416.70,1417.90,7948
1788840060000000000,1417.60,1418.10,1416.50,1416.50,13601
1788840120000000000,1416.50,1417.30,1416.50,1417.30,6626
1788840180000000000,1417.00,1417.50,1415.60,1416.00,19538
1788840240000000000,1415.60,1416.20,1415.20,1415.40,10832
1788840300000000000,1415.40,1415.90,1415.10,1415.40,13690
1788840360000000000,1415.40,1415.90,1415.40,1415.40,10834
1788840420000000000,1415.40,1415.90,1415.40,1415.80,3319
1788840480000000000,1415.80,1416.80,1415.70,1416.10,5668
1788840540000000000,1416.10,1416.70,1416.10,1416.20,2422
1788840600000000000,1416.30,1416.70,1415.60,1415.90,31010
1788840660000000000,1415.90,1417.20,1415.80,1416.70,15159
1788840720000000000,1416.70,1416.70,1415.50,1415.70,6502
1788840780000000000,1415.70,1416.10,1414.50,1414.90,32554
1788840840000000000,1414.90,1415.10,1413.50,1413.90,15415
1788840900000000000,1413.70,1414.10,1413.40,1414.00,5386
1788840960000000000,1414.00,1414.30,1413.60,1414.10,4229
1788841020000000000,1414.10,1414.10,1413.20,1413.70,6558
1788841080000000000,1413.80,1414.10,1413.60,1414.10,4669
1788841140000000000,1414.10,1414.80,1413.80,1414.40,6396
1788841200000000000,1414.50,1414.80,1413.30,1414.00,12578
1788841260000000000,1413.70,1414.10,1411.80,1411.90,19197
1788841320000000000,1412.00,1412.90,1412.00,1412.60,4014
1788841380000000000,1412.70,1412.90,1411.60,1412.30,17656
1788841440000000000,1412.50,1412.70,1411.60,1411.60,8195
1788841500000000000,1411.80,1412.30,1411.60,1412.30,5642
1788841560000000000,1412.00,1413.00,1411.70,1412.10,30577
1788841620000000000,1412.10,1412.50,1412.10,1412.20,5200
1788841680000000000,1412.40,1412.50,1412.00,1412.10,6146
1788841740000000000,1412.10,1412.50,1411.90,1412.20,7309
1788841800000000000,1412.20,1412.50,1411.80,1412.40,8557
1788841860000000000,1412.20,1412.50,1411.80,1412.20,10205
1788841920000000000,1412.30,1412.50,1412.00,1412.10,5290
1788841980000000000,1412.10,1412.20,1411.80,1411.90,3807
1788842040000000000,1412.00,1412.50,1412.00,1412.40,3790
1788842100000000000,1412.40,1412.50,1410.90,1410.90,18400
1788842160000000000,1410.90,1411.10,1410.10,1410.50,21557
1788842220000000000,1410.50,1410.90,1410.20,1410.30,6730
1788842280000000000,1410.40,1410.70,1410.40,1410.40,4910
1788842340000000000,1410.50,1411.60,1410.40,1410.80,10254
1788842400000000000,1410.90,1411.50,1410.70,1411.20,8634
1788842460000000000,1410.80,1411.40,1410.60,1410.60,7221
1788842520000000000,1410.70,1411.90,1410.60,1411.30,4861
1788842580000000000,1411.40,1412.40,1411.20,1412.10,5706
1788842640000000000,1412.00,1412.60,1411.90,1412.40,9148
1788842700000000000,1412.50,1413.30,1412.30,1412.30,13421
1788842760000000000,1412.40,1412.60,1412.40,1412.40,4172
1788842820000000000,1412.50,1412.70,1412.20,1412.20,4008
1788842880000000000,1412.30,1412.40,1411.70,1411.80,11974
1788842940000000000,1411.80,1412.80,1411.80,1412.50,4523
1788843000000000000,1412.60,1413.00,1412.30,1412.70,6979
1788843060000000000,1412.60,1413.30,1411.20,1411.50,16844
1788843120000000000,1411.60,1412.30,1411.40,1411.60,6787
1788843180000000000,1411.70,1412.30,1411.60,1411.80,6368
1788843240000000000,1411.90,1411.90,1410.40,1410.50,20369
1788843300000000000,1410.60,1410.70,1409.40,1409.60,40962
1788843360000000000,1409.80,1410.00,1409.80,1410.00,4669
1788843420000000000,1410.00,1410.60,1409.70,1410.00,28833
1788843480000000000,1410.10,1410.30,1409.90,1409.90,3952
1788843540000000000,1410.00,1410.70,1409.50,1410.10,29935
1788843600000000000,1410.20,1410.90,1409.90,1410.40,50451
1788843660000000000,1410.40,1410.90,1410.00,1410.00,19200
1788843720000000000,1410.10,1410.50,1410.00,1410.00,4483
1788843780000000000,1410.10,1410.60,1410.00,1410.00,4868
1788843840000000000,1410.10,1410.60,1410.00,1410.10,6090
1788843900000000000,1410.20,1410.60,1410.00,1410.00,13040
1788843960000000000,1409.90,1410.00,1409.50,1409.60,10872
1788844020000000000,1409.60,1410.00,1409.50,1409.70,20191
1788844080000000000,1409.90,1410.10,1409.70,1410.00,5768
1788844140000000000,1409.90,1410.50,1409.90,1410.40,11123
1788844200000000000,1410.40,1410.90,1410.20,1410.60,5398
1788844260000000000,1410.60,1411.90,1410.50,1410.90,29243
1788844320000000000,1410.90,1411.20,1410.80,1410.80,11954
1788844380000000000,1410.90,1410.90,1410.30,1410.40,12763
1788844440000000000,1410.40,1410.60,1410.30,1410.40,5929
1788844500000000000,1410.50,1410.60,1410.40,1410.40,7544
1788844560000000000,1410.40,1411.30,1410.40,1411.10,8503
1788844620000000000,1411.20,1412.30,1411.20,1412.30,6711
1788844680000000000,1412.20,1413.40,1412.20,1412.40,22826
1788844740000000000,1412.60,1413.10,1412.00,1412.10,32768
1788844800000000000,1412.40,1413.10,1411.50,1412.50,117406
1788844860000000000,1412.30,1412.50,1412.10,1412.20,6029
1788844920000000000,1412.30,1412.60,1411.80,1411.90,14173
1788844980000000000,1412.00,1412.30,1411.40,1412.20,4897
1788845040000000000,1412.20,1413.00,1410.00,1410.50,89652
1788845100000000000,1410.60,1410.80,1408.80,1410.60,88103
1788845160000000000,1410.70,1411.20,1409.90,1410.30,37330
1788845220000000000,1410.30,1410.90,1410.20,1410.90,29000
1788845280000000000,1410.90,1411.50,1410.80,1411.50,17615
1788845340000000000,1411.50,1412.00,1411.30,1411.60,13830
1788845400000000000,1411.80,1411.90,1411.40,1411.60,10601
1788845460000000000,1411.60,1412.00,1411.50,1411.70,12136
1788845520000000000,1411.70,1411.80,1411.50,1411.60,7214
1788845580000000000,1411.70,1411.70,1410.60,1410.90,32245
1788845640000000000,1411.00,1411.00,1408.20,1408.80,37640
1788845700000000000,1408.50,1409.20,1407.60,1409.00,30297
1788845760000000000,1409.00,1409.10,1408.60,1409.00,24185
1788845820000000000,1409.00,1409.00,1408.00,1408.90,26904
1788845880000000000,1408.90,1409.00,1408.30,1408.90,10903
1788845940000000000,1408.90,1409.00,1408.20,1408.90,11158
1788846000000000000,1408.70,1409.60,1408.40,1408.50,74422
1788846060000000000,1408.50,1408.50,1407.10,1408.00,41155
1788846120000000000,1407.90,1408.00,1407.10,1407.10,11838
1788846180000000000,1407.40,1408.00,1406.50,1407.90,34970
1788846240000000000,1407.80,1407.90,1406.50,1407.20,8359
1788846300000000000,1407.10,1407.70,1407.00,1407.20,8558
1788846360000000000,1407.30,1407.60,1405.70,1407.20,43382
1788846420000000000,1407.00,1407.80,1406.00,1406.80,150801
1788846480000000000,1406.60,1407.20,1406.20,1406.60,9785
1788846540000000000,1406.60,1407.00,1406.30,1407.00,16308
1788846600000000000,1407.00,1407.10,1406.30,1406.50,9813
1788846660000000000,1406.70,1407.20,1406.50,1406.80,6672
1788846720000000000,1406.90,1406.90,1406.10,1406.80,11097
1788846780000000000,1406.60,1406.90,1405.80,1406.10,15097
1788846840000000000,1406.40,1406.90,1405.80,1406.40,11487
1788846900000000000,1406.40,1406.70,1406.00,1406.50,5657
1788846960000000000,1406.60,1406.90,1406.00,1406.00,11748
1788847020000000000,1406.30,1406.80,1405.60,1406.30,16121
1788847080000000000,1406.30,1406.50,1404.50,1404.60,23604
1788847140000000000,1404.80,1405.10,1403.70,1404.20,61048
1788847200000000000,1404.30,1405.00,1402.60,1402.90,68850
1788847260000000000,1403.00,1403.10,1401.90,1403.10,32279
1788847320000000000,1403.10,1404.10,1403.10,1403.30,21679
1788847380000000000,1403.30,1403.40,1402.30,1403.40,18135
1788847440000000000,1403.30,1403.60,1401.80,1401.90,22845
1788847500000000000,1402.00,1402.90,1401.90,1402.10,13755
1788847560000000000,1402.20,1402.90,1401.50,1401.80,30131
1788847620000000000,1401.80,1402.50,1401.10,1401.70,42076
1788847680000000000,1401.90,1403.00,1401.60,1402.20,9087
1788847740000000000,1402.30,1402.90,1401.90,1402.40,9455
1788847800000000000,1402.50,1402.90,1401.30,1401.50,32138
1788847860000000000,1401.60,1402.20,1401.50,1401.60,9187
1788847920000000000,1401.60,1401.70,1400.40,1400.60,54875
1788847980000000000,1400.60,1401.60,1400.50,1401.20,20713
1788848040000000000,1401.10,1402.00,1400.70,1401.50,44516
1788848100000000000,1401.60,1401.80,1400.90,1401.50,34835
1788848160000000000,1401.60,1402.00,1401.30,1401.40,47140
1788848220000000000,1401.40,1401.90,1401.00,1401.00,28150
1788848280000000000,1401.10,1403.60,1401.10,1403.00,154310
1788848340000000000,1403.10,1404.00,1403.00,1403.20,37730
1788848400000000000,1403.30,1403.90,1403.00,1403.10,14432
1788848460000000000,1403.20,1404.00,1403.20,1403.70,7841
1788848520000000000,1403.80,1404.40,1403.50,1403.90,11638
1788848580000000000,1404.00,1404.50,1403.40,1403.90,13536
1788848640000000000,1404.00,1404.80,1403.70,1404.60,16689
1788848700000000000,1404.70,1404.80,1403.70,1403.90,24063
1788848760000000000,1403.80,1405.30,1403.70,1404.60,314942
1788848820000000000,1404.80,1405.70,1403.70,1403.70,29454
1788848880000000000,1403.80,1404.20,1403.50,1403.90,12730
1788848940000000000,1404.00,1404.20,1403.50,1403.60,12089
1788849000000000000,1403.70,1404.20,1402.70,1402.70,24919
1788849060000000000,1402.80,1405.10,1402.30,1403.00,386413
1788849120000000000,1403.00,1404.00,1402.80,1403.10,18459
1788849180000000000,1403.20,1403.60,1402.10,1402.10,27073
1788849240000000000,1402.20,1403.00,1402.10,1402.20,12533
1788849300000000000,1402.30,1403.60,1402.10,1403.00,11064
1788849360000000000,1403.00,1403.50,1402.80,1402.90,6699
1788849420000000000,1403.00,1403.70,1402.80,1402.90,6982
1788849480000000000,1402.90,1403.80,1402.40,1403.40,13450
1788849540000000000,1403.20,1404.10,1402.70,1403.30,16729
1788849600000000000,1403.40,1404.50,1403.20,1404.10,10580
1788849660000000000,1404.20,1404.90,1403.30,1403.30,10982
1788849720000000000,1403.40,1404.20,1403.20,1403.80,11837
1788849780000000000,1403.80,1405.00,1403.80,1404.20,9176
1788849840000000000,1404.30,1405.40,1404.20,1404.70,9980
1788849900000000000,1404.80,1405.40,1404.50,1404.50,7282
1788849960000000000,1404.60,1405.40,1404.50,1404.90,11566
1788850020000000000,1405.00,1405.60,1404.50,1404.60,9201
1788850080000000000,1404.70,1405.00,1404.20,1404.40,11240
1788850140000000000,1404.20,1404.90,1404.10,1404.10,14822
1788850200000000000,1404.20,1405.00,1403.70,1404.00,25356
1788850260000000000,1404.10,1404.90,1403.80,1403.90,9235
1788850320000000000,1404.00,1404.90,1403.80,1404.20,9095
1788850380000000000,1404.30,1405.40,1404.20,1404.40,8652
1788850440000000000,1404.50,1405.20,1403.70,1404.00,17655
1788850500000000000,1404.10,1404.80,1403.80,1403.90,24957
1788850560000000000,1403.90,1404.40,1403.70,1403.70,14458
1788850620000000000,1403.70,1404.50,1403.70,1403.90,10931
1788850680000000000,1404.00,1404.60,1403.80,1403.90,7131
1788850740000000000,1403.90,1404.70,1403.80,1404.00,16586
1788850800000000000,1404.00,1405.00,1403.70,1404.00,33955
1788850860000000000,1404.00,1404.90,1402.60,1402.80,135435
1788850920000000000,1402.90,1405.10,1402.70,1403.80,89225
1788850980000000000,1403.70,1404.20,1403.50,1403.60,22115
1788851040000000000,1403.70,1404.30,1403.60,1404.20,11148
1788851100000000000,1403.80,1404.60,1403.60,1403.60,16314
1788851160000000000,1403.70,1404.60,1403.50,1403.60,17226
1788851220000000000,1403.80,1404.50,1403.60,1403.70,10300
1788851280000000000,1403.80,1404.30,1403.50,1403.60,8598
1788851340000000000,1404.00,1404.10,1402.70,1402.80,23853
1788851400000000000,1402.80,1403.70,1402.20,1402.30,16246
1788851460000000000,1402.30,1403.50,1402.30,1403.00,11158
1788851520000000000,1402.90,1403.60,1402.00,1402.40,33990
1788851580000000000,1402.30,1402.90,1400.60,1400.90,112257
1788851640000000000,1401.00,1401.80,1400.40,1400.40,30931
1788851700000000000,1400.40,1401.00,1399.60,1399.90,128196
1788851760000000000,1400.00,1400.30,1399.70,1399.90,30552
1788851820000000000,1400.00,1400.50,1399.70,1399.90,20598
1788851880000000000,1399.90,1400.30,1399.70,1400.00,11589
1788851940000000000,1399.90,1400.40,1399.70,1400.00,17437
1788852000000000000,1399.90,1400.50,1399.70,1399.90,9166
1788852060000000000,1399.90,1400.50,1399.70,1399.90,13470
1788852120000000000,1399.80,1400.40,1399.70,1399.80,11442
1788852180000000000,1400.00,1400.30,1399.50,1400.00,25845
1788852240000000000,1400.00,1400.50,1399.60,1399.80,23355
1788852300000000000,1399.80,1400.80,1399.70,1399.90,14946
1788852360000000000,1400.00,1400.80,1399.80,1400.00,13797
1788852420000000000,1400.00,1400.90,1399.90,1400.10,15554
1788852480000000000,1400.20,1400.80,1400.10,1400.10,21187
1788852540000000000,1400.20,1400.70,1399.10,1399.20,38356
1788852600000000000,1399.30,1400.00,1398.00,1398.60,28587
1788852660000000000,1398.40,1399.40,1398.10,1399.10,5908
1788852720000000000,1399.20,1400.40,1399.00,1399.50,7831
1788852780000000000,1399.50,1400.00,1398.30,1398.60,10114
1788852840000000000,1398.60,1398.60,1397.50,1397.90,19302
1788852900000000000,1397.80,1398.30,1396.60,1396.90,27159
1788852960000000000,1397.00,1398.50,1396.30,1396.70,45855
1788853020000000000,1396.60,1397.00,1396.40,1396.80,24571
1788853080000000000,1396.80,1397.10,1396.60,1396.70,14763
1788853140000000000,1396.90,1397.10,1396.60,1396.90,8424
1788853200000000000,1397.00,1397.50,1396.70,1397.00,12902
1788853260000000000,1397.00,1397.80,1396.80,1397.30,12995
1788853320000000000,1397.30,1397.90,1397.10,1397.40,18524
1788853380000000000,1397.50,1397.80,1397.20,1397.70,17976
1788853440000000000,1397.80,1398.30,1397.50,1397.70,11851
1788853500000000000,1397.90,1398.20,1397.30,1397.30,18144
1788853560000000000,1397.30,1398.30,1397.20,1398.00,23835
1788853620000000000,1398.10,1398.50,1397.80,1398.50,10416
1788853680000000000,1398.60,1398.60,1397.30,1397.30,22001
1788853740000000000,1397.40,1398.00,1397.20,1397.40,8772
1788853800000000000,1397.60,1398.70,1397.30,1398.20,13330
1788853860000000000,1398.30,1398.70,1398.00,1398.60,7730
1788853920000000000,1398.70,1399.30,1397.70,1398.00,29526
1788853980000000000,1398.10,1398.40,1397.90,1398.20,10638
1788854040000000000,1398.30,1398.40,1397.70,1398.00,12867
1788854100000000000,1398.10,1398.40,1398.00,1398.00,11960
1788854160000000000,1398.10,1398.40,1397.90,1398.30,8974
1788854220000000000,1398.20,1399.30,1397.90,1398.30,18386
1788854280000000000,1398.30,1399.00,1398.00,1398.20,13112
1788854340000000000,1398.30,1398.60,1398.10,1398.30,11445
1788854400000000000,1398.40,1399.10,1398.20,1398.50,19394
1788854460000000000,1398.60,1399.30,1398.40,1398.60,23375
1788854520000000000,1398.70,1399.20,1398.50,1398.50,14174
1788854580000000000,1398.60,1399.00,1398.00,1398.50,31257
1788854640000000000,1398.60,1399.00,1398.10,1398.40,38107
1788854700000000000,1398.50,1399.50,1398.20,1398.90,42902
1788854760000000000,1399.00,1399.50,1398.80,1398.90,16778
1788854820000000000,1399.00,1400.00,1398.80,1399.90,44656
1788854880000000000,1399.90,1400.90,1399.80,1400.50,15361
1788854940000000000,1400.60,1401.40,1400.30,1400.70,23251
1788855000000000000,1400.70,1401.50,1400.50,1401.00,35691
1788855060000000000,1401.10,1401.20,1400.10,1400.40,38397
1788855120000000000,1400.40,1401.00,1400.30,1400.40,18930
1788855180000000000,1400.50,1401.00,1400.40,1400.40,8386
1788855240000000000,1400.50,1400.70,1399.60,1399.90,13446
1788855300000000000,1399.90,1401.00,1399.90,1400.50,12136
1788855360000000000,1400.50,1401.00,1400.40,1400.70,6534
1788855420000000000,1400.80,1401.00,1400.60,1400.70,6847
1788855480000000000,1400.80,1401.00,1400.70,1400.70,7639
1788855540000000000,1400.80,1402.00,1400.20,1400.50,38139
1788855600000000000,1400.60,1400.90,1400.20,1400.20,11683
1788855660000000000,1400.20,1400.30,1399.30,1399.50,15207
1788855720000000000,1399.50,1401.00,1399.50,1399.90,12876
1788855780000000000,1399.90,1401.00,1399.70,1400.50,7861
1788855840000000000,1400.60,1401.00,1400.40,1400.50,11589
1788855900000000000,1400.60,1401.00,1400.50,1400.60,11604
1788855960000000000,1400.70,1401.10,1400.50,1400.70,10349
1788856020000000000,1400.80,1400.90,1400.20,1400.70,19196
1788856080000000000,1400.50,1401.00,1400.00,1400.20,32431
1788856140000000000,1400.30,1400.40,1399.70,1399.90,19549
1788856200000000000,1400.00,1401.20,1399.80,1400.40,19037
1788856260000000000,1400.50,1401.50,1400.50,1400.70,24169
1788856320000000000,1400.80,1401.10,1400.50,1400.50,12734
1788856380000000000,1400.50,1401.00,1400.40,1400.60,15451
1788856440000000000,1400.70,1401.00,1400.50,1400.70,11789
1788856500000000000,1400.80,1401.90,1400.70,1401.80,55902
1788856560000000000,1401.60,1401.80,1400.10,1400.70,95914
1788856620000000000,1400.80,1401.00,1400.20,1400.60,18580
1788856680000000000,1400.70,1401.00,1400.60,1400.70,17317
1788856740000000000,1400.80,1401.80,1400.50,1401.10,108322
1788856800000000000,1401.20,1401.40,1400.30,1401.00,86178
1788856860000000000,1401.10,1401.60,1400.90,1401.20,26050
1788856920000000000,1401.30,1401.90,1400.60,1401.60,137524
1788856980000000000,1401.60,1402.90,1401.50,1402.30,69193
1788857040000000000,1402.40,1402.70,1401.50,1401.60,21728
1788857100000000000,1401.70,1402.60,1401.50,1401.90,24485
1788857160000000000,1401.90,1402.50,1401.70,1402.50,21531
1788857220000000000,1402.40,1403.00,1402.00,1402.70,33591
1788857280000000000,1402.80,1403.80,1402.20,1402.40,21236
1788857340000000000,1402.50,1403.20,1402.40,1402.80,10514
1788857400000000000,1402.70,1403.50,1402.50,1403.00,29647
1788857460000000000,1403.10,1403.10,1401.50,1401.60,43997
1788857520000000000,1401.60,1402.20,1401.20,1401.20,20910
1788857580000000000,1401.30,1401.80,1400.50,1400.70,24353
1788857640000000000,1400.80,1401.50,1400.60,1400.70,16637
1788857700000000000,1401.00,1401.60,1400.60,1400.90,12872
1788857760000000000,1401.00,1401.30,1400.70,1400.80,13160
1788857820000000000,1400.90,1401.60,1400.80,1400.80,15840
1788857880000000000,1400.90,1401.50,1400.90,1401.00,16298
1788857940000000000,1401.10,1401.40,1400.90,1400.90,15127
1788858000000000000,1401.00,1401.20,1400.80,1400.80,12131
1788858060000000000,1400.90,1401.30,1400.30,1400.60,105572
1788858120000000000,1400.60,1400.80,1400.20,1400.20,35133
1788858180000000000,1400.20,1400.90,1400.10,1400.60,30231
1788858240000000000,1400.60,1400.90,1400.20,1400.30,13531
1788858300000000000,1400.40,1401.20,1400.30,1400.80,26310
1788858360000000000,1400.90,1401.90,1400.50,1401.00,109564
1788858420000000000,1400.90,1401.70,1400.30,1400.50,124206
1788858480000000000,1400.50,1400.90,1400.00,1400.10,113800
1788858540000000000,1400.10,1400.70,1399.70,1400.10,124182
1788858600000000000,1400.00,1401.00,1399.90,1400.90,135386
1788858660000000000,1400.70,1401.50,1400.20,1400.80,112580
1788858720000000000,1400.70,1401.30,1400.00,1400.00,102888
1788858780000000000,1400.00,1400.30,1399.20,1399.60,130758
1788858840000000000,1399.60,1400.50,1399.30,1399.80,94396
1788858900000000000,1399.80,1400.50,1399.10,1400.20,133743
1788858960000000000,1400.20,1401.00,1399.60,1400.40,134907
1788859020000000000,1400.40,1400.90,1399.90,1400.80,98696
1788859080000000000,1400.50,1400.90,1399.90,1400.70,161521
1788859140000000000,1400.50,1400.80,1399.80,1400.60,120209
1788859200000000000,1400.20,1400.60,1399.70,1399.80,107382
1788859260000000000,1399.90,1400.60,1399.60,1400.40,105761
1788859320000000000,1399.90,1400.40,1399.70,1399.70,23218
1788859380000000000,1399.80,1399.90,1399.50,1399.80,12704
1788859440000000000,1399.80,1399.90,1399.60,1399.90,42731
1788859500000000000,1399.80,1399.90,1399.80,1399.90,31616
1788859560000000000,1399.80,1399.90,1399.80,1399.90,30914
1788859620000000000,1399.90,1399.90,1399.70,1399.80,31430
1788859680000000000,1399.80,1399.90,1399.70,1399.80,48599
1788859740000000000,1399.70,1399.90,1399.40,1399.80,26037
1788859800000000000,1399.80,1399.90,1399.00,1399.80,78907
1788859860000000000,1399.80,1399.90,1399.80,1399.90,107556
1788859920000000000,1399.80,1399.90,1399.60,1399.90,56330
1788859980000000000,1399.80,1399.90,1399.40,1399.50,34853
1788860040000000000,1399.40,1399.80,1399.40,1399.50,16414
1788860100000000000,1399.50,1399.80,1399.10,1399.20,35942
1788860160000000000,1399.10,1399.20,1399.00,1399.00,53571
1788860220000000000,1399.10,1399.70,1399.00,1399.10,37661
1788860280000000000,1399.10,1399.20,1399.10,1399.20,22290
1788860340000000000,1399.20,1399.60,1399.10,1399.20,50735
1788860400000000000,1399.20,1399.90,1398.90,1399.80,191593
1788860460000000000,1399.50,1399.90,1399.20,1399.90,63498
1788860520000000000,1399.90,1399.90,1399.30,1399.90,223787
1788860580000000000,1399.80,1399.90,1399.30,1399.90,90725
1788860640000000000,1399.80,1399.90,1399.10,1399.40,70094
1788860700000000000,1399.40,1399.40,1399.40,1399.40,0
1788860760000000000,1399.40,1399.40,1399.40,1399.40,0
1788860820000000000,1399.40,1399.40,1399.40,1399.40,0
1788860880000000000,1399.40,1399.40,1399.40,1399.40,0
1788860940000000000,1399.40,1399.40,1399.40,1399.40,0
1788861000000000000,1399.40,1399.40,1399.40,1399.40,0
1788861060000000000,1399.40,1399.40,1399.40,1399.40,0
1788861120000000000,1399.40,1399.40,1399.40,1399.40,0
1788861180000000000,1399.40,1399.40,1399.40,1399.40,0
1788861240000000000,1399.40,1399.40,1399.40,1399.40,0
1788861300000000000,1399.40,1399.40,1399.40,1399.40,0
1788861360000000000,1399.40,1399.40,1399.40,1399.40,0
1788861420000000000,1399.40,1399.40,1399.40,1399.40,0
1788861480000000000,1399.40,1399.40,1399.40,1399.40,0
1788861540000000000,1399.40,1399.40,1399.40,1399.40,1035733
1788925500000000000,1395.90,1395.90,1389.40,1390.10,351572
1788925560000000000,1390.10,1391.80,1388.20,1389.00,111735
1788925620000000000,1388.80,1389.10,1387.10,1388.70,60596
1788925680000000000,1388.70,1389.00,1386.40,1388.50,156958
1788925740000000000,1388.40,1389.90,1388.20,1389.10,69493
1788925800000000000,1389.00,1390.00,1387.50,1389.60,93410
1788925860000000000,1389.60,1390.00,1388.90,1389.70,47319
1788925920000000000,1389.40,1390.90,1389.20,1389.80,144371
1788925980000000000,1389.60,1390.00,1388.90,1389.30,49735
1788926040000000000,1389.20,1389.70,1388.70,1389.30,35229
1788926100000000000,1389.30,1390.00,1389.30,1390.00,49156
1788926160000000000,1389.90,1390.90,1389.60,1389.90,372968
1788926220000000000,1389.80,1391.30,1389.00,1389.90,148856
1788926280000000000,1389.80,1390.00,1389.30,1389.40,46182
1788926340000000000,1389.40,1389.90,1389.40,1389.70,34630
1788926400000000000,1389.80,1389.90,1389.40,1389.80,16873
1788926460000000000,1389.70,1389.90,1389.40,1389.40,18187
1788926520000000000,1389.40,1389.60,1389.20,1389.50,14274
1788926580000000000,1389.50,1389.60,1389.30,1389.50,8900
1788926640000000000,1389.40,1391.10,1389.40,1389.80,1088694
1788926700000000000,1389.70,1389.80,1389.60,1389.70,12508
1788926760000000000,1389.60,1389.80,1389.00,1389.30,16201
1788926820000000000,1389.20,1389.60,1389.20,1389.40,4081
1788926880000000000,1389.30,1389.60,1389.00,1389.30,9136
1788926940000000000,1389.30,1389.80,1388.30,1388.50,29739
1788927000000000000,1388.20,1389.80,1388.20,1389.80,46016
1788927060000000000,1389.70,1389.80,1389.60,1389.80,8127
1788927120000000000,1389.70,1390.30,1389.70,1389.70,127820
1788927180000000000,1389.70,1390.60,1389.70,1389.80,534387
1788927240000000000,1389.70,1389.80,1389.30,1389.80,54730
1788927300000000000,1389.70,1389.80,1389.60,1389.80,15903
1788927360000000000,1389.70,1389.80,1389.70,1389.70,10612
1788927420000000000,1389.70,1389.80,1388.90,1389.30,40129
1788927480000000000,1388.90,1389.30,1388.30,1388.60,20724
1788927540000000000,1388.60,1389.10,1388.50,1389.00,6830
1788927600000000000,1388.60,1389.10,1388.20,1388.50,10678
1788927660000000000,1388.50,1389.60,1388.50,1388.80,8859
1788927720000000000,1388.80,1389.50,1388.80,1389.30,10231
1788927780000000000,1389.20,1389.50,1388.80,1388.80,13062
1788927840000000000,1389.10,1389.80,1388.60,1389.70,22882
1788927900000000000,1389.40,1389.70,1389.20,1389.30,5684
1788927960000000000,1389.20,1389.80,1389.10,1389.70,17044
1788928020000000000,1389.70,1390.90,1389.70,1390.80,267917
1788928080000000000,1390.30,1392.60,1390.30,1390.90,95805
1788928140000000000,1390.90,1394.20,1390.90,1393.00,124670
1788928200000000000,1393.00,1393.40,1389.50,1389.80,414563
1788928260000000000,1389.80,1392.30,1389.70,1392.20,224902
1788928320000000000,1392.20,1393.20,1392.20,1392.30,14867
1788928380000000000,1392.50,1393.20,1391.70,1392.00,15062
1788928440000000000,1391.90,1393.70,1391.20,1393.50,24477
1788928500000000000,1393.50,1394.20,1392.40,1392.40,47853
1788928560000000000,1392.30,1393.00,1392.20,1392.50,24663
1788928620000000000,1392.40,1392.70,1391.80,1392.30,12166
1788928680000000000,1392.00,1392.30,1390.80,1391.70,9074
1788928740000000000,1391.30,1391.70,1391.00,1391.00,5016
1788928800000000000,1391.00,1391.20,1389.50,1389.60,262613
1788928860000000000,1389.40,1390.10,1389.40,1390.00,14159
1788928920000000000,1389.90,1390.10,1389.80,1390.00,33593
1788928980000000000,1389.90,1390.50,1389.90,1390.00,93942
1788929040000000000,1389.90,1390.00,1388.50,1389.30,34246
1788929100000000000,1389.30,1389.50,1388.00,1388.10,7902
1788929160000000000,1388.10,1389.00,1387.10,1387.80,21322
1788929220000000000,1387.70,1388.70,1387.60,1388.50,6200
1788929280000000000,1388.40,1390.00,1388.40,1390.00,16548
1788929340000000000,1389.60,1390.50,1389.60,1390.00,64647
1788929400000000000,1389.90,1390.50,1389.90,1390.00,55145
1788929460000000000,1389.90,1390.00,1389.90,1390.00,23413
1788929520000000000,1389.90,1390.00,1389.90,1390.00,24096
1788929580000000000,1389.90,1391.80,1389.90,1391.10,116868
1788929640000000000,1391.10,1392.90,1390.50,1391.20,63719
1788929700000000000,1390.90,1391.40,1389.90,1390.50,33500
1788929760000000000,1390.20,1390.50,1390.20,1390.50,8912
1788929820000000000,1390.20,1390.50,1389.90,1390.00,44263
1788929880000000000,1389.90,1390.60,1389.90,1390.00,73660
1788929940000000000,1389.90,1390.60,1389.10,1389.80,232442
1788930000000000000,1389.70,1390.50,1389.70,1389.80,22231
1788930060000000000,1389.70,1390.10,1389.20,1390.00,8883
1788930120000000000,1389.80,1390.00,1389.40,1389.50,17698
1788930180000000000,1389.50,1390.00,1389.30,1390.00,17540
1788930240000000000,1389.90,1390.00,1389.20,1389.20,9728
1788930300000000000,1389.20,1389.80,1389.20,1389.50,3433
1788930360000000000,1389.40,1390.10,1389.20,1390.00,10900
1788930420000000000,1389.70,1389.90,1389.30,1389.50,9399
1788930480000000000,1389.30,1389.50,1388.90,1389.20,10053
1788930540000000000,1389.20,1389.30,1388.30,1388.80,18041
1788930600000000000,1388.60,1388.90,1388.20,1388.40,3979
1788930660000000000,1388.40,1389.40,1388.40,1389.40,8934
1788930720000000000,1389.10,1389.50,1388.50,1388.90,14578
1788930780000000000,1388.90,1389.10,1388.50,1388.50,6044
1788930840000000000,1388.50,1389.10,1388.50,1389.00,4794
1788930900000000000,1388.90,1389.50,1388.70,1388.80,6509
1788930960000000000,1388.80,1389.60,1388.80,1389.40,7781
1788931020000000000,1389.10,1389.60,1388.90,1389.10,12462
1788931080000000000,1388.90,1389.10,1388.50,1388.70,8711
1788931140000000000,1388.50,1388.80,1387.20,1387.40,20808
1788931200000000000,1387.20,1387.50,1387.00,1387.10,12109
1788931260000000000,1387.10,1387.40,1386.50,1386.90,14356
1788931320000000000,1386.60,1387.40,1386.60,1386.80,7933
1788931380000000000,1386.80,1387.00,1386.30,1386.80,12016
1788931440000000000,1386.60,1386.80,1385.70,1386.70,20790
1788931500000000000,1386.40,1386.90,1386.30,1386.80,3830
1788931560000000000,1386.70,1386.80,1386.40,1386.60,4709
1788931620000000000,1386.50,1386.80,1386.50,1386.70,5164
1788931680000000000,1386.70,1386.90,1385.50,1386.50,17665
1788931740000000000,1386.50,1387.30,1386.50,1387.10,4002
1788931800000000000,1387.10,1388.40,1387.10,1388.40,9210
1788931860000000000,1388.30,1389.40,1388.30,1389.30,11342
1788931920000000000,1389.00,1390.00,1389.00,1389.60,21818
1788931980000000000,1389.50,1389.90,1389.40,1389.60,5620
1788932040000000000,1389.50,1389.90,1389.30,1389.90,3466
1788932100000000000,1389.60,1390.00,1389.50,1389.80,6353
1788932160000000000,1389.70,1389.90,1389.50,1389.80,5828
1788932220000000000,1389.60,1391.00,1389.50,1390.70,13514
1788932280000000000,1390.70,1391.00,1390.60,1390.80,6295
1788932340000000000,1390.60,1391.00,1390.60,1391.00,44243
1788932400000000000,1390.90,1391.20,1390.80,1391.00,56570
1788932460000000000,1390.90,1391.00,1390.80,1390.90,5583
1788932520000000000,1390.90,1391.00,1390.80,1391.00,23844
1788932580000000000,1390.90,1391.10,1390.70,1391.00,77124
1788932640000000000,1390.90,1394.00,1390.80,1392.80,132275
1788932700000000000,1392.80,1393.70,1392.30,1392.70,48320
1788932760000000000,1392.70,1392.80,1392.00,1392.30,16615
1788932820000000000,1392.50,1392.60,1391.70,1392.30,20868
1788932880000000000,1392.30,1393.10,1392.20,1392.40,15664
1788932940000000000,1392.40,1392.90,1391.60,1392.00,32745
1788933000000000000,1391.70,1392.60,1391.60,1391.80,16056
1788933060000000000,1391.80,1392.30,1391.00,1391.10,26790
1788933120000000000,1391.00,1392.30,1390.90,1392.00,19944
1788933180000000000,1391.80,1392.60,1391.80,1392.20,20194
1788933240000000000,1392.00,1392.40,1391.80,1392.40,15163
1788933300000000000,1392.00,1392.60,1392.00,1392.40,9648
1788933360000000000,1392.30,1392.60,1391.90,1391.90,15284
1788933420000000000,1391.80,1392.40,1391.70,1392.30,10682
1788933480000000000,1391.90,1393.70,1391.80,1393.70,15051
1788933540000000000,1393.20,1393.80,1392.90,1393.20,16856
1788933600000000000,1393.00,1393.90,1393.00,1393.70,19858
1788933660000000000,1393.20,1393.70,1393.00,1393.20,16074
1788933720000000000,1393.00,1393.70,1392.90,1393.00,18114
1788933780000000000,1392.80,1393.30,1392.80,1393.30,10587
1788933840000000000,1393.10,1393.70,1392.90,1393.60,25006
1788933900000000000,1393.20,1393.80,1393.00,1393.70,17155
1788933960000000000,1393.70,1394.40,1393.40,1394.40,21676
1788934020000000000,1394.20,1394.80,1394.00,1394.10,19158
1788934080000000000,1394.10,1394.50,1393.90,1394.10,9860
1788934140000000000,1393.90,1394.50,1393.90,1393.90,8081
1788934200000000000,1393.80,1394.60,1393.60,1394.00,16944
1788934260000000000,1394.00,1395.00,1393.80,1394.80,14914
1788934320000000000,1394.60,1396.80,1394.60,1396.20,54435
1788934380000000000,1396.00,1396.40,1395.40,1395.80,22506
1788934440000000000,1395.60,1396.40,1395.40,1395.80,15796
1788934500000000000,1395.60,1396.00,1395.50,1395.60,12921
1788934560000000000,1395.40,1395.70,1393.30,1393.70,20925
1788934620000000000,1393.40,1394.70,1393.40,1394.40,25933
1788934680000000000,1394.20,1394.70,1393.90,1394.60,10635
1788934740000000000,1394.10,1394.60,1393.10,1393.50,18118
1788934800000000000,1393.40,1394.00,1393.30,1393.50,14363
1788934860000000000,1393.40,1393.90,1393.30,1393.30,17999
1788934920000000000,1393.20,1393.70,1393.20,1393.50,11298
1788934980000000000,1393.40,1394.40,1393.30,1394.10,15604
1788935040000000000,1394.10,1394.40,1393.70,1393.90,11592
1788935100000000000,1393.90,1394.20,1393.20,1393.60,22927
1788935160000000000,1393.60,1394.20,1393.10,1393.10,25615
1788935220000000000,1393.00,1393.90,1392.90,1393.60,17687
1788935280000000000,1393.40,1393.70,1392.70,1392.70,10999
1788935340000000000,1392.60,1393.60,1392.10,1392.50,21745
1788935400000000000,1392.60,1393.50,1392.60,1393.00,9986
1788935460000000000,1393.00,1393.10,1392.40,1392.80,14413
1788935520000000000,1392.30,1392.90,1392.10,1392.40,12735
1788935580000000000,1392.30,1393.30,1392.10,1393.00,17184
1788935640000000000,1392.60,1393.30,1392.40,1392.80,10447
1788935700000000000,1392.70,1392.90,1392.20,1392.50,13694
1788935760000000000,1392.30,1392.60,1392.00,1392.20,13088
1788935820000000000,1392.00,1392.40,1391.50,1391.90,9164
1788935880000000000,1391.60,1392.40,1391.60,1392.20,14835
1788935940000000000,1392.00,1392.40,1391.70,1391.90,13574
1788936000000000000,1391.70,1392.20,1391.20,1391.20,9666
1788936060000000000,1391.20,1392.20,1391.20,1391.40,15059
1788936120000000000,1391.30,1392.90,1391.20,1392.80,31933
1788936180000000000,1392.20,1392.90,1392.10,1392.40,13260
1788936240000000000,1392.20,1393.60,1392.20,1393.60,17916
1788936300000000000,1393.20,1393.60,1393.00,1393.50,11577
1788936360000000000,1393.50,1393.50,1392.30,1393.00,13417
1788936420000000000,1393.00,1394.20,1392.70,1394.20,8108
1788936480000000000,1394.20,1394.60,1393.60,1393.70,14450
1788936540000000000,1393.70,1394.40,1393.20,1393.90,15592
1788936600000000000,1393.90,1394.00,1393.40,1393.70,7754
1788936660000000000,1393.70,1394.00,1392.60,1392.60,20976
1788936720000000000,1393.00,1393.00,1392.50,1392.80,12202
1788936780000000000,1392.90,1393.20,1392.40,1392.90,9062
1788936840000000000,1393.00,1393.30,1392.60,1392.90,10954
1788936900000000000,1392.90,1393.30,1392.60,1392.80,12053
1788936960000000000,1392.80,1393.80,1392.50,1393.30,21480
1788937020000000000,1393.40,1394.10,1393.10,1393.50,21128
1788937080000000000,1393.60,1393.70,1392.90,1393.30,17509
1788937140000000000,1393.40,1393.80,1392.70,1393.50,19496
1788937200000000000,1393.60,1394.50,1393.30,1394.10,16890
1788937260000000000,1394.30,1394.50,1393.50,1393.70,15374
1788937320000000000,1393.90,1393.90,1392.90,1393.50,17810
1788937380000000000,1393.50,1395.80,1393.30,1395.00,99815
1788937440000000000,1395.00,1397.80,1394.90,1397.00,60929
1788937500000000000,1397.00,1399.00,1396.90,1398.00,36251
1788937560000000000,1398.10,1398.10,1397.10,1397.40,18346
1788937620000000000,1397.40,1398.00,1396.80,1397.60,22665
1788937680000000000,1397.60,1398.50,1397.30,1397.50,25025
1788937740000000000,1397.50,1397.90,1397.20,1397.70,15870
1788937800000000000,1397.70,1398.00,1397.30,1397.80,11850
1788937860000000000,1397.80,1398.50,1397.10,1398.50,19379
1788937920000000000,1398.30,1399.40,1398.10,1399.10,25399
1788937980000000000,1399.40,1400.70,1399.00,1400.10,30593
1788938040000000000,1400.30,1401.00,1399.90,1400.30,15697
1788938100000000000,1400.30,1400.50,1399.10,1399.80,14957
1788938160000000000,1399.90,1400.00,1399.10,1399.60,12157
1788938220000000000,1399.80,1400.20,1399.20,1399.20,17556
1788938280000000000,1399.40,1399.80,1398.80,1398.80,14416
1788938340000000000,1398.90,1399.80,1398.00,1398.10,17951
1788938400000000000,1398.40,1399.10,1397.90,1398.60,15739
1788938460000000000,1398.60,1399.20,1398.00,1399.00,18632
1788938520000000000,1399.00,1399.70,1398.60,1398.70,13651
1788938580000000000,1399.20,1399.30,1398.20,1398.40,13479
1788938640000000000,1398.80,1398.80,1397.60,1398.30,16636
1788938700000000000,1398.30,1398.50,1397.30,1397.70,14574
1788938760000000000,1398.00,1399.00,1397.70,1398.80,13710
1788938820000000000,1398.80,1399.30,1398.30,1398.70,10870
1788938880000000000,1398.90,1399.00,1398.20,1398.20,13022
1788938940000000000,1398.20,1399.00,1398.20,1398.60,15412
1788939000000000000,1398.60,1399.30,1397.80,1397.80,14335
1788939060000000000,1397.90,1398.70,1397.60,1398.40,15072
1788939120000000000,1398.40,1398.40,1397.00,1397.10,12611
1788939180000000000,1397.50,1397.60,1396.70,1397.10,14316
1788939240000000000,1397.10,1398.00,1396.80,1398.00,14877
1788939300000000000,1398.20,1398.30,1397.30,1398.00,13294
1788939360000000000,1398.00,1398.20,1397.40,1397.50,13479
1788939420000000000,1397.90,1398.80,1397.50,1398.70,20057
1788939480000000000,1398.80,1398.80,1397.40,1397.70,15469
1788939540000000000,1398.00,1398.00,1396.80,1396.90,11771
1788939600000000000,1396.90,1397.50,1396.30,1396.90,15480
1788939660000000000,1396.90,1397.40,1396.60,1397.30,19050
1788939720000000000,1397.30,1397.70,1396.00,1396.90,31588
1788939780000000000,1397.30,1397.40,1396.60,1397.20,11083
1788939840000000000,1397.20,1397.50,1396.70,1397.30,15283
1788939900000000000,1397.30,1397.50,1396.50,1396.90,11785
1788939960000000000,1397.00,1397.40,1396.40,1396.70,10585
1788940020000000000,1396.70,1397.20,1395.80,1396.60,12171
1788940080000000000,1396.60,1397.30,1396.00,1396.60,25773
1788940140000000000,1396.60,1397.00,1395.70,1395.70,15369
1788940200000000000,1395.70,1396.80,1395.00,1396.80,59174
1788940260000000000,1397.00,1398.60,1396.70,1398.30,25578
1788940320000000000,1398.30,1398.40,1397.40,1397.40,14591
1788940380000000000,1397.50,1398.00,1397.30,1397.90,17453
1788940440000000000,1398.00,1398.20,1396.90,1397.30,55742
1788940500000000000,1397.40,1397.80,1396.80,1397.30,36707
1788940560000000000,1397.30,1398.10,1397.10,1397.30,14721
1788940620000000000,1397.70,1398.00,1397.20,1397.80,16160
1788940680000000000,1397.90,1397.90,1396.80,1397.20,12939
1788940740000000000,1397.30,1397.90,1396.90,1396.90,15092
1788940800000000000,1397.00,1397.80,1396.70,1397.40,15285
1788940860000000000,1397.50,1398.50,1397.00,1397.80,38713
1788940920000000000,1398.00,1398.40,1397.50,1398.10,49573
1788940980000000000,1398.30,1398.40,1397.40,1397.70,10981
1788941040000000000,1397.90,1398.00,1397.00,1397.80,23050
1788941100000000000,1397.90,1398.20,1397.10,1397.80,19493
1788941160000000000,1397.80,1398.50,1397.30,1397.60,19304
1788941220000000000,1397.70,1398.50,1397.50,1398.30,21031
1788941280000000000,1398.50,1399.30,1398.10,1399.10,10980
1788941340000000000,1399.30,1399.80,1399.00,1399.10,11508
1788941400000000000,1399.20,1399.60,1398.60,1399.60,11066
1788941460000000000,1399.90,1401.60,1399.40,1400.80,22273
1788941520000000000,1400.90,1401.50,1400.50,1400.60,10074
1788941580000000000,1400.70,1401.10,1400.20,1400.90,14117
1788941640000000000,1401.00,1401.00,1399.30,1400.00,44792
1788941700000000000,1400.10,1400.10,1399.20,1399.40,13576
1788941760000000000,1399.50,1399.50,1398.80,1399.20,11374
1788941820000000000,1399.30,1399.70,1398.80,1399.40,12609
1788941880000000000,1399.50,1399.60,1398.70,1398.90,12667
1788941940000000000,1399.00,1399.90,1398.90,1399.70,12057
1788942000000000000,1399.80,1399.90,1399.20,1399.40,10664
1788942060000000000,1399.50,1399.80,1398.90,1399.60,11893
1788942120000000000,1399.70,1399.90,1399.40,1399.80,14168
1788942180000000000,1399.90,1400.50,1399.80,1400.00,13133
1788942240000000000,1400.10,1400.20,1398.90,1398.90,9368
1788942300000000000,1399.00,1399.10,1398.30,1398.30,19737
1788942360000000000,1398.40,1398.40,1397.70,1397.70,24423
1788942420000000000,1397.80,1398.00,1397.60,1397.90,18840
1788942480000000000,1398.00,1399.80,1397.80,1399.50,66445
1788942540000000000,1399.60,1400.00,1399.30,1399.50,13010
1788942600000000000,1399.60,1400.90,1399.50,1399.80,27241
1788942660000000000,1400.00,1400.90,1399.50,1400.10,17401
1788942720000000000,1400.10,1401.40,1399.70,1400.40,35715
1788942780000000000,1400.60,1400.60,1398.90,1399.10,18822
1788942840000000000,1399.20,1399.30,1398.10,1399.30,72303
1788942900000000000,1399.30,1400.60,1399.30,1400.60,17523
1788942960000000000,1400.70,1402.50,1400.50,1401.40,98950
1788943020000000000,1401.20,1401.30,1400.40,1400.50,28739
1788943080000000000,1400.80,1401.00,1400.00,1400.40,27661
1788943140000000000,1400.70,1400.90,1399.70,1399.70,59741
1788943200000000000,1399.80,1400.00,1398.10,1398.40,28991
1788943260000000000,1398.40,1400.40,1398.20,1400.10,91512
1788943320000000000,1399.90,1400.20,1398.20,1398.20,15949
1788943380000000000,1398.30,1399.20,1397.70,1397.70,20818
1788943440000000000,1397.80,1398.20,1397.00,1398.00,35196
1788943500000000000,1398.00,1398.60,1397.80,1398.00,69672
1788943560000000000,1398.10,1398.90,1397.30,1397.70,94718
1788943620000000000,1397.80,1398.60,1397.00,1397.10,36882
1788943680000000000,1397.20,1398.10,1396.80,1397.40,20582
1788943740000000000,1397.50,1398.10,1397.20,1397.90,65841
1788943800000000000,1398.00,1398.10,1396.80,1397.20,31896
1788943860000000000,1397.30,1398.00,1397.00,1397.60,35239
1788943920000000000,1397.70,1398.50,1397.70,1397.90,62718
1788943980000000000,1398.50,1398.50,1397.30,1397.50,24154
1788944040000000000,1397.60,1397.90,1396.90,1397.40,27840
1788944100000000000,1397.50,1397.90,1397.40,1397.50,18333
1788944160000000000,1397.60,1398.20,1397.30,1397.60,21118
1788944220000000000,1397.70,1398.00,1396.40,1396.50,45821
1788944280000000000,1396.90,1398.60,1396.40,1397.80,71868
1788944340000000000,1398.20,1398.40,1397.70,1398.00,22221
1788944400000000000,1398.30,1398.30,1396.60,1396.80,72410
1788944460000000000,1397.00,1397.90,1396.80,1397.20,17683
1788944520000000000,1397.30,1397.30,1396.60,1396.70,19367
1788944580000000000,1396.90,1397.00,1395.70,1396.40,92980
1788944640000000000,1396.60,1397.00,1396.00,1396.10,30100
1788944700000000000,1396.10,1397.50,1396.10,1396.80,29411
1788944760000000000,1397.20,1397.20,1396.20,1396.50,16551
1788944820000000000,1396.50,1397.20,1396.00,1397.00,25911
1788944880000000000,1397.00,1397.40,1396.50,1396.50,25943
1788944940000000000,1396.90,1397.40,1396.50,1396.90,27322
1788945000000000000,1397.30,1397.40,1395.80,1395.80,29880
1788945060000000000,1396.00,1397.30,1395.80,1395.80,31575
1788945120000000000,1396.00,1396.40,1395.40,1395.80,40180
1788945180000000000,1395.70,1396.40,1395.30,1395.30,37799
1788945240000000000,1395.60,1395.60,1394.50,1395.00,62782
1788945300000000000,1395.20,1395.20,1394.10,1394.30,19738
1788945360000000000,1394.40,1395.30,1394.30,1394.50,30907
1788945420000000000,1394.60,1396.00,1394.40,1395.50,64569
1788945480000000000,1395.20,1395.50,1395.00,1395.00,19062
1788945540000000000,1395.30,1395.50,1395.00,1395.40,36183
1788945600000000000,1395.00,1397.20,1394.90,1395.80,227867
1788945660000000000,1395.90,1396.90,1395.30,1395.30,57920
1788945720000000000,1395.80,1395.90,1394.10,1394.50,48400
1788945780000000000,1394.50,1395.30,1394.00,1394.80,48397
1788945840000000000,1395.20,1395.30,1394.20,1394.20,32568
1788945900000000000,1394.50,1395.10,1394.10,1394.10,46969
1788945960000000000,1394.50,1394.60,1393.70,1393.90,31770
1788946020000000000,1393.90,1394.80,1393.80,1394.80,31648
1788946080000000000,1394.80,1394.90,1394.60,1394.90,14082
1788946140000000000,1394.90,1395.30,1394.60,1395.10,30075
1788946200000000000,1395.10,1396.10,1394.90,1395.50,100056
1788946260000000000,1395.50,1395.50,1394.30,1394.50,46359
1788946320000000000,1394.50,1394.70,1394.20,1394.30,24620
1788946380000000000,1394.30,1394.30,1393.40,1393.60,35664
1788946440000000000,1393.60,1393.60,1392.70,1392.90,48845
1788946500000000000,1392.80,1392.90,1391.60,1392.10,66413
1788946560000000000,1392.10,1392.10,1391.40,1391.90,38715
1788946620000000000,1392.00,1393.40,1391.00,1393.00,108179
1788946680000000000,1393.00,1394.40,1392.70,1394.40,55138
1788946740000000000,1394.40,1394.40,1393.40,1393.80,42085
1788946800000000000,1393.80,1394.60,1393.50,1394.40,58981
1788946860000000000,1394.50,1395.40,1394.00,1395.00,29015
1788946920000000000,1395.00,1396.50,1394.40,1395.00,53223
1788946980000000000,1395.40,1395.40,1393.60,1394.20,22238
1788947040000000000,1394.30,1396.00,1392.10,1392.10,34693
1788947100000000000,1392.10,1392.10,1392.10,1392.10,0
1788947160000000000,1392.10,1392.10,1392.10,1392.10,0
1788947220000000000,1392.10,1392.10,1392.10,1392.10,0
1788947280000000000,1392.10,1392.10,1392.10,1392.10,0
1788947340000000000,1392.10,1392.10,1392.10,1392.10,0
1788947400000000000,1392.10,1392.10,1392.10,1392.10,0
1788947460000000000,1392.10,1392.10,1392.10,1392.10,0
1788947520000000000,1392.10,1392.10,1392.10,1392.10,0
1788947580000000000,1392.10,1392.10,1392.10,1392.10,0
1788947640000000000,1392.10,1392.10,1392.10,1392.10,0
1788947700000000000,1392.10,1392.10,1392.10,1392.10,0
1788947760000000000,1392.10,1392.10,1392.10,1392.10,0
1788947820000000000,1392.10,1392.10,1392.10,1392.10,0
1788947880000000000,1389.10,1389.10,1389.10,1389.10,565479
1788947940000000000,1389.10,1389.10,1389.10,1389.10,0
1789011900000000000,1385.90,1393.00,1384.30,1391.00,158578
1789011960000000000,1391.10,1391.60,1388.40,1388.40,23034
1789012020000000000,1388.70,1389.60,1388.10,1388.50,18085
1789012080000000000,1388.50,1391.00,1388.20,1391.00,11440
1789012140000000000,1391.30,1392.10,1390.80,1391.30,11554
1789012200000000000,1391.50,1391.50,1390.10,1390.30,6755
1789012260000000000,1390.80,1391.00,1389.60,1389.60,5248
1789012320000000000,1389.90,1389.90,1387.30,1387.40,12106
1789012380000000000,1387.80,1387.90,1386.00,1386.50,21190
1789012440000000000,1386.50,1386.50,1385.50,1386.10,9504
1789012500000000000,1386.30,1386.30,1384.30,1384.40,24879
1789012560000000000,1385.00,1386.30,1384.10,1385.90,41966
1789012620000000000,1385.90,1386.00,1384.50,1384.90,79943
1789012680000000000,1385.00,1386.10,1384.60,1385.70,12476
1789012740000000000,1385.70,1386.70,1385.50,1386.20,30324
1789012800000000000,1386.20,1386.30,1385.00,1385.40,16844
1789012860000000000,1385.50,1386.00,1385.00,1385.70,8568
1789012920000000000,1385.70,1385.80,1385.00,1385.50,7312
1789012980000000000,1385.60,1386.50,1385.40,1386.50,9756
1789013040000000000,1386.50,1386.50,1385.10,1385.30,9505
1789013100000000000,1385.20,1385.30,1385.00,1385.10,2541
1789013160000000000,1385.20,1386.40,1385.10,1385.90,9781
1789013220000000000,1386.00,1386.50,1385.90,1385.90,7460
1789013280000000000,1386.00,1386.00,1385.40,1385.50,6091
1789013340000000000,1385.90,1386.00,1385.40,1385.90,5071
1789013400000000000,1386.00,1386.20,1385.90,1386.00,8420
1789013460000000000,1386.10,1386.50,1386.00,1386.10,10469
1789013520000000000,1386.10,1386.60,1386.00,1386.40,10373
1789013580000000000,1386.50,1386.50,1386.30,1386.40,4546
1789013640000000000,1386.40,1386.40,1385.00,1385.00,29209
1789013700000000000,1385.00,1386.90,1384.80,1386.30,19955
1789013760000000000,1386.50,1386.50,1386.20,1386.30,2309
1789013820000000000,1386.30,1386.30,1385.80,1386.00,7340
1789013880000000000,1386.00,1386.90,1385.30,1386.90,8958
1789013940000000000,1386.90,1387.30,1386.50,1386.80,3042
1789014000000000000,1386.90,1387.70,1386.90,1387.20,2766
1789014060000000000,1387.70,1387.80,1387.20,1387.30,4483
1789014120000000000,1387.50,1387.70,1387.30,1387.40,4555
1789014180000000000,1387.70,1387.90,1387.10,1387.10,9467
1789014240000000000,1387.20,1387.60,1387.10,1387.30,8486
1789014300000000000,1387.40,1387.40,1385.70,1386.10,20051
1789014360000000000,1386.60,1386.90,1385.80,1386.00,4263
1789014420000000000,1386.50,1386.70,1386.00,1386.30,2769
1789014480000000000,1386.30,1386.60,1386.00,1386.50,5655
1789014540000000000,1386.60,1386.80,1386.20,1386.30,2555
1789014600000000000,1386.50,1386.60,1386.30,1386.30,5052
1789014660000000000,1386.40,1386.40,1386.20,1386.30,2318
1789014720000000000,1386.30,1386.30,1386.10,1386.20,4010
1789014780000000000,1386.20,1386.40,1386.10,1386.10,5679
1789014840000000000,1386.20,1387.00,1386.10,1386.60,6426
1789014900000000000,1386.90,1386.90,1386.60,1386.60,1470
1789014960000000000,1386.70,1386.70,1386.00,1386.00,6624
1789015020000000000,1386.10,1386.40,1385.80,1386.20,17461
1789015080000000000,1386.30,1386.80,1385.60,1386.00,9612
1789015140000000000,1386.00,1387.20,1385.70,1386.20,15162
1789015200000000000,1386.40,1386.60,1386.00,1386.20,4328
1789015260000000000,1386.60,1386.60,1385.60,1386.40,14037
1789015320000000000,1386.40,1386.40,1386.30,1386.40,5739
1789015380000000000,1386.40,1386.80,1386.00,1386.00,6611
1789015440000000000,1386.10,1386.10,1386.00,1386.10,3749
1789015500000000000,1386.10,1387.20,1386.10,1387.20,8623
1789015560000000000,1387.30,1387.70,1387.20,1387.40,13785
1789015620000000000,1387.50,1388.60,1387.40,1387.60,18485
1789015680000000000,1387.60,1388.30,1387.20,1388.30,10646
1789015740000000000,1388.30,1388.30,1388.00,1388.10,3046
1789015800000000000,1388.20,1388.30,1388.00,1388.10,3752
1789015860000000000,1388.10,1388.10,1387.30,1387.80,8508
1789015920000000000,1387.80,1388.20,1387.60,1388.20,5661
1789015980000000000,1388.20,1389.60,1388.10,1389.40,9934
1789016040000000000,1389.40,1389.40,1388.30,1388.80,10161
1789016100000000000,1388.80,1388.80,1387.20,1388.20,33967
1789016160000000000,1388.30,1388.40,1388.00,1388.10,3137
1789016220000000000,1388.10,1388.20,1388.00,1388.20,4843
1789016280000000000,1388.20,1388.30,1388.10,1388.30,2853
1789016340000000000,1388.30,1388.70,1388.10,1388.60,4598
1789016400000000000,1388.60,1388.60,1388.40,1388.50,1359
1789016460000000000,1388.50,1388.50,1387.60,1387.60,5015
1789016520000000000,1387.70,1387.70,1387.10,1387.10,3263
1789016580000000000,1387.60,1388.30,1387.20,1388.10,12032
1789016640000000000,1388.30,1388.30,1387.80,1388.00,4607
1789016700000000000,1388.00,1388.40,1387.80,1388.10,3887
1789016760000000000,1388.10,1388.10,1387.90,1388.00,1625
1789016820000000000,1388.00,1388.60,1387.90,1388.00,8214
1789016880000000000,1388.30,1388.60,1387.90,1388.40,5903
1789016940000000000,1388.40,1389.00,1388.20,1388.90,6995
1789017000000000000,1388.90,1389.50,1388.40,1388.90,18117
1789017060000000000,1389.00,1389.40,1388.80,1389.10,16782
1789017120000000000,1389.10,1389.30,1388.20,1388.90,8854
1789017180000000000,1388.90,1389.30,1388.20,1388.20,22681
1789017240000000000,1388.60,1389.80,1388.20,1389.30,15632
1789017300000000000,1389.30,1389.60,1388.00,1388.50,25597
1789017360000000000,1388.50,1388.50,1387.10,1387.20,13664
1789017420000000000,1387.20,1387.30,1386.30,1387.00,11491
1789017480000000000,1387.00,1387.00,1386.50,1387.00,2542
1789017540000000000,1387.00,1387.00,1386.60,1386.90,3821
1789017600000000000,1386.90,1387.00,1386.50,1386.70,3185
1789017660000000000,1386.70,1386.90,1386.50,1386.90,7937
1789017720000000000,1386.90,1387.70,1386.80,1386.90,8067
1789017780000000000,1387.00,1387.30,1386.70,1387.00,9194
1789017840000000000,1386.90,1387.20,1386.20,1386.60,14040
1789017900000000000,1386.60,1386.70,1386.30,1386.60,3593
1789017960000000000,1386.60,1387.00,1386.10,1386.10,16979
1789018020000000000,1386.30,1387.50,1386.20,1387.50,22887
1789018080000000000,1387.50,1387.70,1386.50,1386.90,9155
1789018140000000000,1386.90,1386.90,1386.50,1386.90,3384
1789018200000000000,1386.90,1388.10,1386.60,1388.00,16970
1789018260000000000,1388.00,1388.10,1387.70,1388.00,3601
1789018320000000000,1388.00,1388.30,1387.50,1387.90,8002
1789018380000000000,1387.90,1388.00,1386.90,1387.00,11610
1789018440000000000,1387.00,1387.80,1386.90,1387.20,8464
1789018500000000000,1387.20,1387.60,1386.70,1387.00,22957
1789018560000000000,1387.00,1388.00,1386.80,1388.00,15463
1789018620000000000,1387.90,1388.00,1387.10,1387.70,7479
1789018680000000000,1387.70,1388.80,1387.70,1388.40,12840
1789018740000000000,1388.40,1388.60,1388.10,1388.30,4980
1789018800000000000,1388.60,1389.60,1388.30,1388.80,12861
1789018860000000000,1389.10,1389.10,1388.60,1388.90,12066
1789018920000000000,1388.90,1390.00,1388.80,1389.30,17970
1789018980000000000,1389.70,1390.00,1389.50,1390.00,11237
1789019040000000000,1390.00,1390.70,1389.50,1390.60,14080
1789019100000000000,1390.60,1391.00,1390.10,1390.80,7079
1789019160000000000,1390.80,1391.00,1390.40,1390.50,7967
1789019220000000000,1390.60,1391.00,1390.50,1391.00,3623
1789019280000000000,1391.00,1391.30,1390.30,1390.50,11790
1789019340000000000,1390.60,1391.10,1389.20,1389.50,14567
1789019400000000000,1389.50,1389.50,1388.10,1388.80,18783
1789019460000000000,1388.70,1389.00,1388.20,1388.60,8713
1789019520000000000,1388.60,1389.10,1388.50,1389.00,7620
1789019580000000000,1389.10,1389.60,1388.40,1389.60,18792
1789019640000000000,1389.60,1390.00,1388.20,1388.60,18793
1789019700000000000,1389.10,1389.30,1388.60,1389.30,4230
1789019760000000000,1389.30,1389.80,1389.20,1389.40,7351
1789019820000000000,1389.40,1389.40,1388.40,1388.70,2476
1789019880000000000,1388.80,1388.80,1387.90,1388.30,11669
1789019940000000000,1388.40,1388.70,1388.30,1388.30,6061
1789020000000000000,1388.30,1389.00,1388.20,1389.00,10126
1789020060000000000,1389.00,1389.40,1388.80,1389.40,2990
1789020120000000000,1389.40,1389.90,1388.50,1388.80,9623
1789020180000000000,1388.80,1389.10,1388.30,1389.00,3455
1789020240000000000,1389.00,1389.10,1388.70,1389.00,2887
1789020300000000000,1389.00,1389.20,1388.50,1388.70,1883
1789020360000000000,1388.70,1389.00,1388.00,1388.10,6639
1789020420000000000,1388.10,1388.10,1387.50,1387.80,7611
1789020480000000000,1387.60,1388.80,1387.10,1388.70,8106
1789020540000000000,1388.70,1389.30,1387.90,1388.20,15170
1789020600000000000,1388.20,1388.50,1387.90,1388.10,9710
1789020660000000000,1388.10,1388.10,1387.50,1387.80,9227
1789020720000000000,1387.80,1388.20,1387.60,1388.20,4979
1789020780000000000,1388.20,1388.20,1387.50,1388.00,6755
1789020840000000000,1388.00,1388.70,1387.90,1388.70,4170
1789020900000000000,1388.70,1389.00,1388.60,1388.90,3449
1789020960000000000,1388.90,1389.20,1388.80,1389.00,2866
1789021020000000000,1389.00,1389.00,1388.70,1388.90,2015
1789021080000000000,1388.90,1388.90,1388.70,1388.80,3183
1789021140000000000,1388.80,1388.80,1388.70,1388.80,3177
1789021200000000000,1388.80,1389.20,1388.70,1389.20,2305
1789021260000000000,1389.20,1390.00,1388.20,1389.20,33009
1789021320000000000,1389.20,1389.20,1387.30,1388.40,38762
1789021380000000000,1388.40,1388.50,1387.60,1388.50,7800
1789021440000000000,1388.50,1388.50,1387.30,1387.80,11657
1789021500000000000,1387.80,1388.00,1387.40,1388.00,2783
1789021560000000000,1388.00,1388.20,1386.80,1387.00,44328
1789021620000000000,1387.00,1388.00,1386.90,1387.00,209542
1789021680000000000,1387.00,1389.00,1386.90,1389.00,24848
1789021740000000000,1389.00,1389.00,1388.20,1389.00,4623
1789021800000000000,1389.00,1389.00,1387.90,1388.60,47914
1789021860000000000,1388.60,1389.50,1388.00,1388.40,126210
1789021920000000000,1388.40,1390.30,1388.30,1389.00,109654
1789021980000000000,1389.00,1389.60,1388.40,1389.00,138146
1789022040000000000,1389.00,1390.90,1388.50,1389.60,203025
1789022100000000000,1389.60,1390.00,1388.00,1389.50,89122
1789022160000000000,1389.50,1390.10,1387.80,1388.00,54424
1789022220000000000,1388.00,1388.40,1387.50,1388.20,25724
1789022280000000000,1388.20,1388.20,1386.10,1386.70,12739
1789022340000000000,1386.80,1387.10,1385.70,1386.20,23152
1789022400000000000,1386.20,1386.70,1385.40,1386.50,12857
1789022460000000000,1386.50,1386.70,1386.30,1386.60,2295
1789022520000000000,1386.60,1387.80,1386.30,1386.90,10659
1789022580000000000,1386.90,1387.00,1386.20,1386.50,9090
1789022640000000000,1386.50,1387.60,1386.40,1386.90,10228
1789022700000000000,1386.90,1387.20,1386.70,1387.00,4190
1789022760000000000,1387.00,1387.50,1386.80,1387.40,4912
1789022820000000000,1387.40,1387.50,1386.90,1387.20,9463
1789022880000000000,1387.20,1387.40,1386.60,1386.70,3806
1789022940000000000,1386.70,1387.30,1386.50,1387.30,3136
1789023000000000000,1387.30,1387.40,1386.50,1387.40,8898
1789023060000000000,1387.40,1387.40,1387.00,1387.40,3513
1789023120000000000,1387.40,1387.90,1386.60,1387.10,10685
1789023180000000000,1387.10,1387.60,1386.10,1386.80,25666
1789023240000000000,1386.80,1387.60,1386.50,1386.50,34893
1789023300000000000,1386.50,1387.00,1386.10,1386.90,6409
1789023360000000000,1386.90,1387.00,1386.50,1387.00,8144
1789023420000000000,1387.00,1387.00,1386.10,1386.80,6032
1789023480000000000,1386.90,1387.00,1386.40,1386.70,3602
1789023540000000000,1386.70,1386.80,1385.90,1386.20,7983
1789023600000000000,1386.20,1386.30,1385.50,1385.90,8281
1789023660000000000,1385.90,1386.00,1385.00,1385.10,12402
1789023720000000000,1385.10,1386.00,1385.00,1385.30,9186
1789023780000000000,1385.40,1385.60,1384.70,1385.10,5222
1789023840000000000,1385.00,1385.40,1383.10,1383.90,40380
1789023900000000000,1383.90,1384.00,1383.40,1384.00,7888
1789023960000000000,1384.00,1384.00,1383.30,1383.60,5825
1789024020000000000,1383.60,1383.60,1382.40,1382.90,18718
1789024080000000000,1382.90,1383.00,1382.80,1382.80,6109
1789024140000000000,1382.80,1382.90,1381.80,1382.90,15238
1789024200000000000,1382.90,1383.00,1382.10,1382.90,7263
1789024260000000000,1382.90,1383.00,1382.10,1382.30,40292
1789024320000000000,1382.30,1383.50,1382.10,1383.00,78572
1789024380000000000,1383.00,1384.00,1382.90,1383.00,184709
1789024440000000000,1383.00,1383.00,1382.80,1382.90,62756
1789024500000000000,1382.90,1384.40,1382.80,1384.00,438763
1789024560000000000,1384.00,1384.00,1383.30,1383.50,38969
1789024620000000000,1383.50,1383.50,1382.10,1383.00,27596
1789024680000000000,1383.00,1383.00,1382.80,1383.00,13449
1789024740000000000,1383.00,1383.40,1382.90,1383.00,87804
1789024800000000000,1383.00,1383.30,1382.70,1383.00,10598
1789024860000000000,1383.00,1383.00,1382.90,1383.00,19650
1789024920000000000,1383.00,1383.90,1382.90,1383.00,43231
1789024980000000000,1383.00,1383.00,1382.70,1383.00,6634
1789025040000000000,1383.00,1383.00,1381.80,1382.70,30213
1789025100000000000,1382.70,1382.80,1382.00,1382.40,9141
1789025160000000000,1382.40,1382.70,1381.50,1382.00,15174
1789025220000000000,1382.10,1382.20,1381.80,1382.00,9462
1789025280000000000,1382.00,1382.00,1381.90,1382.00,14799
1789025340000000000,1382.00,1382.30,1381.60,1381.70,18474
1789025400000000000,1381.80,1382.00,1381.50,1381.70,6177
1789025460000000000,1381.70,1381.70,1379.90,1381.20,120780
1789025520000000000,1381.20,1381.80,1380.70,1381.70,5087
1789025580000000000,1381.70,1381.90,1381.50,1381.90,4409
1789025640000000000,1381.90,1382.70,1381.80,1382.00,9487
1789025700000000000,1382.00,1382.70,1381.60,1382.00,13127
1789025760000000000,1382.00,1382.20,1381.30,1382.00,14437
1789025820000000000,1382.00,1382.50,1381.70,1382.30,12967
1789025880000000000,1382.30,1382.50,1381.90,1382.20,13666
1789025940000000000,1382.20,1382.90,1381.90,1382.40,32386
1789026000000000000,1382.50,1382.80,1382.30,1382.80,11016
1789026060000000000,1382.80,1383.00,1382.20,1382.30,13212
1789026120000000000,1382.30,1382.50,1381.20,1382.20,20444
1789026180000000000,1382.20,1382.50,1381.70,1382.10,6380
1789026240000000000,1382.10,1382.80,1381.80,1381.80,10726
1789026300000000000,1381.80,1382.30,1379.80,1380.70,202317
1789026360000000000,1380.70,1381.00,1380.00,1381.00,71810
1789026420000000000,1381.00,1381.60,1380.80,1381.60,65234
1789026480000000000,1381.60,1383.00,1381.60,1382.50,37747
1789026540000000000,1382.50,1382.70,1381.40,1381.90,12654
1789026600000000000,1381.90,1381.90,1381.00,1381.50,9535
1789026660000000000,1381.50,1382.30,1381.00,1381.80,26019
1789026720000000000,1381.80,1382.10,1380.90,1381.00,8333
1789026780000000000,1381.00,1381.40,1380.70,1381.00,74628
1789026840000000000,1381.00,1381.00,1380.50,1381.00,14633
1789026900000000000,1381.00,1381.00,1380.90,1381.00,7456
1789026960000000000,1381.00,1381.00,1380.20,1380.70,13375
1789027020000000000,1380.70,1381.00,1380.40,1380.80,8113
1789027080000000000,1380.80,1381.00,1380.20,1381.00,9755
1789027140000000000,1381.00,1381.00,1380.40,1380.90,12868
1789027200000000000,1380.90,1381.00,1380.20,1381.00,13713
1789027260000000000,1381.00,1381.20,1380.80,1381.00,5431
1789027320000000000,1381.00,1381.00,1380.80,1380.90,16851
1789027380000000000,1380.90,1381.00,1380.30,1380.80,9363
1789027440000000000,1380.80,1380.90,1380.20,1380.80,9733
1789027500000000000,1380.80,1380.90,1379.00,1379.40,23657
1789027560000000000,1379.40,1379.60,1378.80,1379.60,14391
1789027620000000000,1379.60,1379.60,1378.80,1379.30,6638
1789027680000000000,1379.30,1380.00,1378.90,1380.00,76343
1789027740000000000,1379.90,1381.10,1379.60,1381.10,22382
1789027800000000000,1381.10,1381.90,1381.00,1381.80,14441
1789027860000000000,1381.80,1382.20,1381.70,1382.20,15323
1789027920000000000,1382.20,1382.70,1382.10,1382.60,20732
1789027980000000000,1382.60,1383.00,1382.60,1383.00,6327
1789028040000000000,1383.00,1383.50,1382.80,1383.00,123432
1789028100000000000,1383.00,1383.50,1382.70,1383.00,173375
1789028160000000000,1383.00,1383.00,1382.10,1382.40,69813
1789028220000000000,1382.40,1383.00,1382.10,1383.00,14500
1789028280000000000,1383.00,1383.00,1382.30,1382.50,49790
1789028340000000000,1382.50,1382.50,1382.30,1382.50,9620
1789028400000000000,1382.50,1382.50,1382.30,1382.30,25667
1789028460000000000,1382.30,1382.50,1381.90,1382.50,24589
1789028520000000000,1382.50,1382.80,1382.20,1382.80,6269
1789028580000000000,1382.80,1382.90,1382.40,1382.50,4055
1789028640000000000,1382.50,1382.60,1382.30,1382.60,4500
1789028700000000000,1382.60,1382.70,1382.00,1382.40,11736
1789028760000000000,1382.40,1382.70,1382.10,1382.50,14665
1789028820000000000,1382.60,1382.60,1382.10,1382.50,3900
1789028880000000000,1382.50,1382.70,1382.30,1382.70,4498
1789028940000000000,1382.70,1383.00,1382.50,1383.00,4608
1789029000000000000,1383.00,1383.00,1382.80,1383.00,6078
1789029060000000000,1383.00,1383.00,1382.80,1382.90,3079
1789029120000000000,1382.90,1383.00,1382.10,1382.60,8312
1789029180000000000,1382.80,1382.80,1382.20,1382.60,2345
1789029240000000000,1382.60,1382.70,1381.90,1382.20,6186
1789029300000000000,1382.20,1382.20,1381.80,1382.20,10261
1789029360000000000,1382.20,1382.50,1381.90,1382.20,5110
1789029420000000000,1382.20,1382.40,1381.80,1382.20,6549
1789029480000000000,1382.20,1382.30,1381.70,1381.90,8526
1789029540000000000,1381.90,1382.20,1381.70,1382.20,6905
1789029600000000000,1382.20,1382.50,1381.70,1382.30,8542
1789029660000000000,1382.30,1382.30,1381.80,1382.20,3349
1789029720000000000,1382.20,1383.00,1381.80,1382.60,9547
1789029780000000000,1382.60,1383.00,1382.50,1383.00,3065
1789029840000000000,1383.00,1383.00,1382.10,1382.70,8459
1789029900000000000,1382.70,1382.90,1382.40,1382.80,3790
1789029960000000000,1382.80,1383.00,1382.60,1383.00,2818
1789030020000000000,1383.00,1383.00,1382.00,1382.40,5689
1789030080000000000,1382.40,1382.50,1381.70,1382.00,6391
1789030140000000000,1382.00,1382.00,1381.10,1381.70,5556
1789030200000000000,1381.70,1381.90,1381.60,1381.80,3251
1789030260000000000,1381.80,1382.30,1381.80,1382.30,3768
1789030320000000000,1382.30,1382.30,1381.50,1381.70,7381
1789030380000000000,1381.70,1382.10,1381.40,1381.70,8140
1789030440000000000,1381.70,1382.60,1381.30,1382.60,11685
1789030500000000000,1382.60,1383.00,1382.10,1383.00,6232
1789030560000000000,1383.00,1383.00,1382.10,1382.40,8491
1789030620000000000,1382.40,1382.70,1382.20,1382.50,5849
1789030680000000000,1382.50,1382.70,1381.50,1381.90,7863
1789030740000000000,1381.90,1382.00,1381.50,1381.90,4312
1789030800000000000,1381.90,1382.30,1381.50,1381.90,8259
1789030860000000000,1381.90,1382.00,1381.30,1381.60,11652
1789030920000000000,1381.60,1381.60,1381.40,1381.50,12088
1789030980000000000,1381.60,1381.60,1380.30,1380.50,10498
1789031040000000000,1380.50,1380.90,1380.30,1380.80,4881
1789031100000000000,1380.80,1380.80,1380.00,1380.50,9460
1789031160000000000,1380.50,1380.50,1379.40,1379.60,6525
1789031220000000000,1379.60,1379.90,1378.40,1379.00,10373
1789031280000000000,1379.00,1379.30,1378.60,1379.30,10789
1789031340000000000,1379.30,1379.70,1379.20,1379.60,3313
1789031400000000000,1379.60,1379.70,1378.70,1379.30,6447
1789031460000000000,1379.30,1379.70,1379.30,1379.70,4567
1789031520000000000,1379.70,1379.70,1379.40,1379.50,6361
1789031580000000000,1379.50,1379.90,1378.60,1379.50,14052
1789031640000000000,1379.70,1379.90,1379.60,1379.80,4199
1789031700000000000,1379.80,1380.40,1379.60,1379.80,13447
1789031760000000000,1379.90,1380.60,1379.80,1380.10,9231
1789031820000000000,1380.30,1380.90,1380.10,1380.50,4847
1789031880000000000,1380.70,1380.80,1379.90,1380.30,18205
1789031940000000000,1380.60,1381.00,1380.00,1380.90,15831
1789032000000000000,1380.90,1381.00,1380.30,1380.70,20604
1789032060000000000,1380.90,1381.00,1380.00,1380.50,40755
1789032120000000000,1380.50,1380.50,1378.70,1379.00,44396
1789032180000000000,1379.00,1379.70,1378.40,1379.70,39301
1789032240000000000,1379.70,1380.00,1378.70,1380.00,37196
1789032300000000000,1380.00,1380.00,1379.10,1380.00,34225
1789032360000000000,1380.00,1380.00,1379.00,1379.30,54250
1789032420000000000,1379.50,1379.70,1378.80,1378.80,17537
1789032480000000000,1378.80,1379.00,1378.30,1378.30,25947
1789032540000000000,1378.30,1378.90,1378.20,1378.70,32558
1789032600000000000,1378.50,1378.70,1376.40,1376.50,51613
1789032660000000000,1376.40,1377.70,1376.30,1377.60,49765
1789032720000000000,1377.50,1377.90,1376.10,1377.70,93589
1789032780000000000,1377.20,1378.10,1375.40,1376.40,299967
1789032840000000000,1376.10,1376.80,1375.00,1376.00,455522
1789032900000000000,1375.80,1376.00,1374.90,1375.60,583093
1789032960000000000,1375.50,1376.00,1374.90,1375.00,482014
1789033020000000000,1375.00,1375.10,1374.60,1375.00,164603
1789033080000000000,1374.80,1375.00,1374.20,1374.80,51129
1789033140000000000,1374.60,1375.00,1373.90,1374.90,67254
1789033200000000000,1374.80,1375.00,1374.00,1374.60,127478
1789033260000000000,1374.50,1376.40,1374.20,1375.20,620729
1789033320000000000,1375.10,1378.10,1374.30,1377.60,135745
1789033380000000000,1377.20,1379.30,1376.60,1377.30,89336
1789033440000000000,1377.40,1377.90,1376.60,1377.10,21498
1789033500000000000,1377.10,1377.10,1377.10,1377.10,0
1789033560000000000,1377.10,1377.10,1377.10,1377.10,0
1789033620000000000,1377.10,1377.10,1377.10,1377.10,0
1789033680000000000,1377.10,1377.10,1377.10,1377.10,0
1789033740000000000,1377.10,1377.10,1377.10,1377.10,0
1789033800000000000,1377.10,1377.10,1377.10,1377.10,0
1789033860000000000,1377.10,1377.10,1377.10,1377.10,0
1789033920000000000,1377.10,1377.10,1377.10,1377.10,0
1789033980000000000,1377.10,1377.10,1377.10,1377.10,0
1789034040000000000,1377.10,1377.10,1377.10,1377.10,0
1789034100000000000,1377.10,1377.10,1377.10,1377.10,0
1789034160000000000,1377.10,1377.10,1377.10,1377.10,0
1789034220000000000,1377.10,1377.10,1377.10,1377.10,0
1789034280000000000,1377.10,1377.10,1377.10,1377.10,0
1789034340000000000,1384.50,1384.50,1384.50,1384.50,446860
1789098300000000000,1371.60,1376.00,1368.20,1371.40,208793
1789098360000000000,1371.80,1371.80,1368.70,1369.30,83354
1789098420000000000,1369.70,1370.40,1368.70,1369.90,43339
1789098480000000000,1370.30,1370.80,1367.70,1368.10,39561
1789098540000000000,1368.30,1369.80,1367.60,1369.50,32671
1789098600000000000,1369.50,1370.90,1368.70,1369.30,65071
1789098660000000000,1369.70,1371.20,1368.90,1371.00,36229
1789098720000000000,1371.50,1371.60,1370.40,1370.90,24239
1789098780000000000,1370.90,1371.80,1370.00,1371.00,175746
1789098840000000000,1371.00,1371.20,1370.60,1371.20,8041
1789098900000000000,1371.20,1372.90,1371.00,1372.70,24385
1789098960000000000,1372.70,1373.90,1372.20,1373.80,17439
1789099020000000000,1373.80,1374.40,1373.40,1374.30,12284
1789099080000000000,1374.30,1374.80,1373.20,1374.40,18868
1789099140000000000,1374.50,1374.60,1373.90,1374.20,14427
1789099200000000000,1374.30,1374.30,1373.30,1373.50,11302
1789099260000000000,1373.70,1374.00,1373.10,1373.10,8804
1789099320000000000,1373.50,1373.50,1372.50,1372.90,14687
1789099380000000000,1373.10,1373.30,1372.70,1373.20,15304
1789099440000000000,1373.20,1373.90,1373.00,1373.80,11177
1789099500000000000,1373.80,1374.10,1373.60,1373.70,7779
1789099560000000000,1373.70,1373.80,1373.40,1373.50,4744
1789099620000000000,1373.60,1373.90,1373.50,1373.70,8497
1789099680000000000,1373.90,1374.30,1373.70,1374.10,6328
1789099740000000000,1374.20,1374.30,1373.30,1373.30,8652
1789099800000000000,1373.50,1373.50,1372.10,1372.50,19817
1789099860000000000,1372.50,1372.50,1371.30,1371.80,14723
1789099920000000000,1371.80,1371.80,1371.40,1371.80,9303
1789099980000000000,1372.00,1372.70,1371.90,1372.40,8256
1789100040000000000,1372.50,1372.80,1372.30,1372.50,17086
1789100100000000000,1372.50,1373.00,1372.00,1372.20,18308
1789100160000000000,1372.50,1373.00,1371.70,1373.00,13165
1789100220000000000,1373.00,1373.00,1372.30,1372.60,5603
1789100280000000000,1372.50,1372.70,1371.80,1372.00,5209
1789100340000000000,1372.10,1372.10,1371.30,1371.50,7804
1789100400000000000,1371.40,1372.00,1371.30,1371.90,7661
1789100460000000000,1371.90,1372.00,1371.70,1371.70,5062
1789100520000000000,1371.90,1372.50,1371.60,1372.30,14101
1789100580000000000,1372.50,1372.50,1372.10,1372.20,5436
1789100640000000000,1372.40,1372.40,1371.70,1372.40,9448
1789100700000000000,1372.40,1372.50,1371.90,1372.10,8161
1789100760000000000,1372.20,1373.00,1372.10,1372.50,13821
1789100820000000000,1372.60,1374.40,1371.50,1373.00,86093
1789100880000000000,1373.70,1374.40,1372.60,1373.90,73065
1789100940000000000,1374.00,1374.10,1373.40,1373.60,12999
1789101000000000000,1373.60,1373.80,1373.40,1373.60,8646
1789101060000000000,1373.60,1373.60,1373.10,1373.20,6931
1789101120000000000,1373.20,1373.30,1372.20,1372.60,7439
1789101180000000000,1372.60,1373.30,1372.50,1373.20,9121
1789101240000000000,1373.30,1373.50,1373.00,1373.40,5386
1789101300000000000,1373.40,1373.50,1372.90,1373.30,6217
1789101360000000000,1373.40,1373.50,1372.90,1373.40,6412
1789101420000000000,1373.40,1373.40,1372.80,1372.80,6261
1789101480000000000,1372.90,1374.60,1372.80,1374.10,18539
1789101540000000000,1374.10,1374.20,1373.60,1373.90,3941
1789101600000000000,1373.90,1374.90,1373.70,1374.40,10746
1789101660000000000,1374.40,1375.00,1374.40,1374.80,5841
1789101720000000000,1374.80,1375.20,1374.60,1374.90,11857
1789101780000000000,1374.90,1377.00,1374.70,1376.70,29308
1789101840000000000,1376.70,1377.50,1376.40,1376.60,12069
1789101900000000000,1376.70,1376.80,1376.10,1376.10,5694
1789101960000000000,1376.40,1376.40,1375.70,1376.00,15392
1789102020000000000,1376.00,1376.50,1375.70,1376.40,10172
1789102080000000000,1376.40,1376.40,1375.90,1376.10,7554
1789102140000000000,1376.40,1376.50,1375.80,1375.80,10641
1789102200000000000,1376.10,1376.40,1375.90,1376.40,13013
1789102260000000000,1376.40,1377.00,1376.10,1376.70,12780
1789102320000000000,1377.20,1377.80,1376.60,1377.80,14470
1789102380000000000,1377.90,1378.00,1377.10,1377.10,7441
1789102440000000000,1377.20,1377.20,1376.30,1376.40,6456
1789102500000000000,1376.80,1376.90,1376.30,1376.60,6825
1789102560000000000,1376.80,1377.20,1376.60,1377.00,4414
1789102620000000000,1377.20,1377.20,1375.80,1375.80,7193
1789102680000000000,1376.00,1376.20,1375.20,1375.60,8802
1789102740000000000,1375.70,1375.90,1374.90,1374.90,8363
1789102800000000000,1374.90,1375.20,1374.60,1374.60,8543
1789102860000000000,1374.70,1375.80,1374.40,1375.70,11262
1789102920000000000,1375.80,1376.00,1375.00,1375.30,6909
1789102980000000000,1375.30,1375.70,1375.20,1375.50,7964
1789103040000000000,1375.60,1376.20,1375.20,1376.00,13498
1789103100000000000,1376.40,1376.60,1376.00,1376.20,8513
1789103160000000000,1376.50,1376.50,1376.20,1376.30,4399
1789103220000000000,1376.30,1376.90,1376.00,1376.60,12532
1789103280000000000,1376.60,1376.80,1376.40,1376.50,4583
1789103340000000000,1376.60,1376.80,1376.50,1376.70,6453
1789103400000000000,1376.80,1377.50,1376.70,1377.50,8455
1789103460000000000,1377.60,1378.50,1377.40,1378.40,10896
1789103520000000000,1378.40,1378.80,1378.10,1378.60,6405
1789103580000000000,1378.60,1378.70,1378.00,1378.30,6262
1789103640000000000,1378.30,1378.50,1378.00,1378.40,4508
1789103700000000000,1378.50,1379.70,1378.40,1378.50,17358
1789103760000000000,1378.70,1378.70,1378.10,1378.40,11493
1789103820000000000,1378.50,1378.70,1378.40,1378.50,3555
1789103880000000000,1378.70,1378.70,1377.90,1377.90,4245
1789103940000000000,1378.30,1378.50,1377.90,1378.40,7066
1789104000000000000,1378.50,1378.60,1377.70,1378.20,11288
1789104060000000000,1378.20,1379.00,1377.80,1378.70,4762
1789104120000000000,1379.00,1379.10,1378.30,1378.60,4300
1789104180000000000,1378.70,1378.80,1378.40,1378.70,4394
1789104240000000000,1378.70,1379.00,1378.40,1378.40,12097
1789104300000000000,1378.60,1378.80,1378.20,1378.40,6741
1789104360000000000,1378.50,1378.60,1378.00,1378.40,6787
1789104420000000000,1378.30,1378.80,1378.00,1378.70,8996
1789104480000000000,1378.70,1379.00,1378.50,1378.80,5454
1789104540000000000,1378.80,1379.00,1378.60,1378.60,5201
1789104600000000000,1378.70,1379.10,1378.50,1378.50,7162
1789104660000000000,1378.80,1379.40,1378.80,1378.90,7126
1789104720000000000,1379.00,1379.50,1377.90,1378.50,102080
1789104780000000000,1378.90,1379.20,1377.20,1377.30,47187
1789104840000000000,1377.70,1377.90,1377.50,1377.80,3044
1789104900000000000,1377.80,1378.00,1376.50,1376.80,6235
1789104960000000000,1376.90,1377.00,1376.30,1376.80,5036
1789105020000000000,1376.80,1378.00,1376.80,1377.90,88428
1789105080000000000,1377.90,1378.00,1377.40,1377.60,5378
1789105140000000000,1378.00,1379.40,1377.80,1379.40,39395
1789105200000000000,1379.40,1379.50,1378.80,1379.20,11229
1789105260000000000,1379.50,1380.90,1379.30,1380.10,13268
1789105320000000000,1380.20,1382.00,1380.20,1381.10,8653
1789105380000000000,1381.50,1383.00,1381.50,1382.60,26767
1789105440000000000,1382.60,1383.30,1380.40,1382.80,173939
1789105500000000000,1382.80,1383.30,1381.20,1381.20,27684
1789105560000000000,1381.60,1382.10,1381.20,1381.90,5736
1789105620000000000,1381.90,1383.70,1381.90,1382.70,52747
1789105680000000000,1383.00,1383.00,1381.70,1381.70,20796
1789105740000000000,1382.00,1382.00,1380.50,1380.90,4575
1789105800000000000,1381.00,1381.30,1379.80,1380.10,11945
1789105860000000000,1380.10,1382.00,1379.90,1381.90,20984
1789105920000000000,1381.90,1382.30,1381.40,1381.70,14409
1789105980000000000,1382.20,1382.90,1381.50,1382.50,7416
1789106040000000000,1382.70,1383.00,1382.50,1382.70,12548
1789106100000000000,1383.00,1383.00,1382.20,1382.30,4874
1789106160000000000,1382.40,1382.60,1382.20,1382.60,2374
1789106220000000000,1382.60,1383.00,1382.40,1383.00,4111
1789106280000000000,1383.00,1383.00,1381.30,1381.80,41277
1789106340000000000,1382.00,1382.00,1381.60,1381.80,4845
1789106400000000000,1381.80,1381.90,1381.30,1381.50,2823
1789106460000000000,1381.70,1381.80,1380.50,1381.00,24351
1789106520000000000,1381.00,1381.80,1380.80,1381.20,64579
1789106580000000000,1381.50,1382.00,1381.20,1382.00,3244
1789106640000000000,1381.90,1382.00,1381.00,1381.10,15535
1789106700000000000,1381.30,1381.90,1381.00,1381.80,7674
1789106760000000000,1382.00,1383.60,1381.40,1383.10,120746
1789106820000000000,1383.60,1384.50,1382.60,1383.00,122248
1789106880000000000,1383.00,1384.30,1382.90,1383.30,30001
1789106940000000000,1383.50,1383.50,1382.30,1382.60,10751
1789107000000000000,1383.00,1383.90,1382.70,1382.80,10312
1789107060000000000,1382.90,1383.60,1382.20,1382.20,10358
1789107120000000000,1382.50,1382.80,1381.80,1381.80,14732
1789107180000000000,1382.00,1382.80,1382.00,1382.70,2893
1789107240000000000,1382.80,1383.50,1382.60,1382.70,23555
1789107300000000000,1383.00,1383.10,1382.20,1382.30,10072
1789107360000000000,1382.80,1384.30,1382.00,1382.70,116711
1789107420000000000,1383.00,1383.10,1382.00,1382.50,22663
1789107480000000000,1382.60,1383.00,1382.20,1382.60,8925
1789107540000000000,1382.60,1382.90,1382.10,1382.60,5280
1789107600000000000,1383.00,1383.00,1382.30,1382.80,1974
1789107660000000000,1382.90,1383.20,1382.60,1382.80,6816
1789107720000000000,1383.00,1383.00,1381.90,1382.30,26545
1789107780000000000,1382.30,1382.80,1382.00,1382.40,3757
1789107840000000000,1382.60,1382.60,1382.00,1382.40,2284
1789107900000000000,1382.50,1382.90,1382.20,1382.50,6151
1789107960000000000,1382.90,1384.20,1382.70,1383.90,9391
1789108020000000000,1384.20,1384.20,1383.00,1383.30,9822
1789108080000000000,1383.50,1384.20,1383.00,1383.80,6717
1789108140000000000,1384.10,1384.70,1383.70,1384.50,9794
1789108200000000000,1384.70,1385.00,1384.50,1384.60,4159
1789108260000000000,1384.80,1384.90,1384.10,1384.30,3696
1789108320000000000,1384.50,1384.80,1384.00,1384.20,4938
1789108380000000000,1384.50,1384.50,1384.00,1384.20,4453
1789108440000000000,1384.40,1384.80,1383.80,1384.00,8515
1789108500000000000,1384.40,1384.80,1384.00,1384.00,5823
1789108560000000000,1384.50,1384.60,1383.70,1383.80,5501
1789108620000000000,1384.30,1384.50,1383.80,1384.40,4949
1789108680000000000,1384.40,1384.80,1384.00,1384.70,3091
1789108740000000000,1384.70,1384.70,1383.30,1383.90,10908
1789108800000000000,1384.00,1384.00,1383.10,1383.30,5273
1789108860000000000,1383.50,1383.90,1383.20,1383.40,4485
1789108920000000000,1383.90,1383.90,1382.80,1382.80,9751
1789108980000000000,1383.30,1383.50,1382.30,1382.70,8795
1789109040000000000,1383.00,1383.00,1382.70,1382.90,6173
1789109100000000000,1383.00,1383.00,1381.70,1382.00,5981
1789109160000000000,1382.00,1382.30,1381.80,1382.10,4176
1789109220000000000,1382.20,1382.20,1381.80,1381.90,7398
1789109280000000000,1382.00,1382.00,1381.80,1382.00,4512
1789109340000000000,1382.00,1382.30,1381.60,1382.20,16113
1789109400000000000,1382.30,1382.30,1381.10,1381.40,15959
1789109460000000000,1381.40,1382.00,1381.40,1381.90,3745
1789109520000000000,1381.90,1382.00,1381.50,1381.50,3888
1789109580000000000,1381.80,1382.00,1381.50,1381.90,7215
1789109640000000000,1382.00,1382.00,1381.80,1381.90,8320
1789109700000000000,1382.00,1382.00,1381.90,1381.90,4755
1789109760000000000,1382.00,1382.00,1381.90,1381.90,5030
1789109820000000000,1382.00,1382.00,1381.90,1381.90,8591
1789109880000000000,1382.00,1382.20,1381.90,1382.10,4337
1789109940000000000,1382.20,1382.40,1382.10,1382.20,10971
1789110000000000000,1382.30,1382.40,1382.00,1382.00,6014
1789110060000000000,1382.40,1382.40,1381.80,1382.10,4655
1789110120000000000,1382.30,1382.30,1382.00,1382.20,3620
1789110180000000000,1382.30,1382.50,1382.10,1382.40,5146
1789110240000000000,1382.40,1384.00,1382.30,1383.90,105988
1789110300000000000,1384.00,1384.00,1383.00,1383.70,7718
1789110360000000000,1383.70,1383.70,1382.90,1383.00,4460
1789110420000000000,1383.10,1383.90,1382.90,1383.50,10444
1789110480000000000,1383.50,1384.00,1383.40,1384.00,10268
1789110540000000000,1383.90,1384.00,1382.80,1383.00,7020
1789110600000000000,1383.00,1383.00,1382.40,1382.40,6101
1789110660000000000,1383.00,1383.00,1382.50,1383.00,12687
1789110720000000000,1383.00,1384.40,1382.90,1384.00,42629
1789110780000000000,1384.00,1384.00,1383.60,1384.00,8003
1789110840000000000,1384.00,1384.00,1383.30,1383.50,6110
1789110900000000000,1383.50,1383.60,1382.50,1382.50,7862
1789110960000000000,1383.10,1383.10,1382.00,1382.70,14399
1789111020000000000,1382.80,1383.20,1382.30,1382.70,9357
1789111080000000000,1382.80,1383.10,1382.20,1383.10,5623
1789111140000000000,1383.10,1383.50,1381.90,1382.90,41554
1789111200000000000,1382.90,1383.00,1381.80,1382.60,41354
1789111260000000000,1382.90,1382.90,1382.40,1382.40,3747
1789111320000000000,1382.60,1383.00,1382.40,1382.70,14476
1789111380000000000,1382.70,1383.00,1382.50,1383.00,53720
1789111440000000000,1383.00,1383.00,1382.80,1382.90,3839
1789111500000000000,1383.00,1383.10,1382.80,1383.00,9677
1789111560000000000,1383.00,1383.10,1382.60,1382.60,13004
1789111620000000000,1383.00,1383.00,1382.50,1382.90,5733
1789111680000000000,1382.90,1383.10,1382.60,1382.90,13750
1789111740000000000,1382.90,1383.00,1382.10,1382.30,7865
1789111800000000000,1382.40,1382.40,1381.00,1381.50,9940
1789111860000000000,1381.20,1381.50,1380.70,1381.10,5428
1789111920000000000,1381.10,1381.20,1380.10,1380.10,13051
1789111980000000000,1380.40,1380.40,1379.70,1379.70,10207
1789112040000000000,1380.00,1380.00,1379.50,1379.50,5064
1789112100000000000,1379.60,1379.80,1379.40,1379.40,8346
1789112160000000000,1379.40,1379.60,1379.10,1379.50,5318
1789112220000000000,1379.60,1380.00,1379.50,1380.00,9693
1789112280000000000,1380.00,1380.00,1379.90,1379.90,14301
1789112340000000000,1380.00,1380.00,1379.20,1379.80,10171
1789112400000000000,1379.80,1380.00,1379.50,1379.70,8053
1789112460000000000,1379.70,1379.80,1379.20,1379.40,14660
1789112520000000000,1379.80,1379.90,1378.80,1379.40,76026
1789112580000000000,1379.60,1379.90,1379.00,1379.80,11949
1789112640000000000,1379.80,1380.00,1379.70,1380.00,7703
1789112700000000000,1380.00,1380.00,1379.40,1379.50,6253
1789112760000000000,1379.60,1379.90,1379.40,1379.60,3684
1789112820000000000,1379.60,1379.80,1379.20,1379.40,4953
1789112880000000000,1379.70,1379.70,1378.60,1378.80,17721
1789112940000000000,1379.00,1379.00,1378.20,1378.20,9310
1789113000000000000,1378.50,1378.90,1377.90,1378.90,70462
1789113060000000000,1379.00,1379.60,1378.50,1379.50,7473
1789113120000000000,1379.50,1380.40,1378.90,1380.20,35496
1789113180000000000,1380.20,1380.20,1378.80,1379.00,10529
1789113240000000000,1379.00,1379.20,1378.90,1378.90,11665
1789113300000000000,1379.00,1379.30,1378.80,1379.00,16385
1789113360000000000,1379.30,1379.40,1378.80,1379.00,21475
1789113420000000000,1379.00,1379.70,1378.80,1379.30,21251
1789113480000000000,1379.40,1380.20,1379.00,1380.20,10947
1789113540000000000,1380.40,1381.30,1379.20,1379.80,45513
1789113600000000000,1380.00,1380.30,1379.20,1380.10,47330
1789113660000000000,1380.10,1380.30,1379.60,1380.20,5382
1789113720000000000,1380.20,1380.50,1379.90,1380.40,4186
1789113780000000000,1380.50,1380.50,1379.50,1379.50,7918
1789113840000000000,1379.50,1379.50,1379.10,1379.20,5589
1789113900000000000,1379.20,1379.20,1378.30,1378.40,8757
1789113960000000000,1378.90,1378.90,1378.00,1378.50,43177
1789114020000000000,1378.50,1378.80,1378.20,1378.40,14580
1789114080000000000,1378.50,1380.00,1378.40,1379.40,150308
1789114140000000000,1379.30,1379.50,1378.10,1378.40,28099
1789114200000000000,1378.40,1379.30,1377.90,1378.00,36007
1789114260000000000,1378.00,1380.00,1377.30,1378.20,62782
1789114320000000000,1378.30,1379.30,1378.20,1379.30,3933
1789114380000000000,1379.30,1379.80,1379.00,1379.60,8663
1789114440000000000,1379.60,1380.00,1378.60,1379.00,40638
1789114500000000000,1379.00,1380.00,1378.50,1378.60,16799
1789114560000000000,1378.60,1379.40,1378.20,1379.40,10799
1789114620000000000,1379.40,1380.00,1379.10,1379.20,15009
1789114680000000000,1379.60,1380.00,1379.10,1379.60,19122
1789114740000000000,1379.60,1380.00,1378.70,1379.70,37993
1789114800000000000,1379.80,1380.50,1379.50,1380.30,49730
1789114860000000000,1380.50,1381.70,1380.00,1380.70,93097
1789114920000000000,1380.90,1380.90,1379.50,1379.80,18233
1789114980000000000,1380.00,1380.00,1379.50,1379.60,5887
1789115040000000000,1379.60,1381.70,1379.10,1379.40,89394
1789115100000000000,1379.60,1381.90,1378.90,1381.00,24791
1789115160000000000,1381.50,1381.80,1380.00,1381.30,9781
1789115220000000000,1381.30,1382.30,1381.20,1381.80,19636
1789115280000000000,1381.90,1382.00,1380.90,1381.60,6716
1789115340000000000,1381.90,1382.40,1381.70,1382.10,5904
1789115400000000000,1382.10,1383.50,1382.00,1383.00,10648
1789115460000000000,1383.20,1383.20,1382.20,1383.10,8059
1789115520000000000,1383.20,1387.90,1382.50,1387.30,45555
1789115580000000000,1387.30,1389.00,1387.00,1387.80,25698
1789115640000000000,1387.50,1388.00,1386.90,1387.90,11772
1789115700000000000,1387.90,1388.40,1387.20,1387.80,23050
1789115760000000000,1387.80,1388.30,1386.50,1387.80,39807
1789115820000000000,1387.80,1387.80,1386.60,1387.40,11707
1789115880000000000,1387.40,1387.50,1386.10,1386.60,6449
1789115940000000000,1386.60,1386.60,1385.60,1386.00,10509
1789116000000000000,1386.10,1386.70,1385.60,1386.10,12186
1789116060000000000,1386.50,1387.00,1386.00,1386.30,7175
1789116120000000000,1386.80,1386.80,1386.10,1386.20,4709
1789116180000000000,1386.40,1386.60,1385.60,1386.10,7176
1789116240000000000,1386.10,1386.80,1385.50,1386.80,4752
1789116300000000000,1386.80,1386.90,1385.70,1386.10,7186
1789116360000000000,1386.50,1386.70,1385.60,1386.70,11557
1789116420000000000,1386.50,1386.90,1385.80,1386.30,12907
1789116480000000000,1386.30,1386.40,1385.40,1385.80,20344
1789116540000000000,1386.00,1386.20,1385.70,1385.80,7067
1789116600000000000,1386.00,1386.20,1385.20,1385.80,7318
1789116660000000000,1385.80,1386.30,1385.70,1386.00,6002
1789116720000000000,1386.00,1386.40,1385.80,1386.00,12759
1789116780000000000,1386.10,1386.70,1385.10,1385.50,19198
1789116840000000000,1385.50,1386.20,1385.40,1385.90,14237
1789116900000000000,1385.90,1385.90,1385.00,1385.00,9438
1789116960000000000,1385.40,1385.40,1384.90,1385.40,6643
1789117020000000000,1385.40,1385.40,1384.50,1384.70,9724
1789117080000000000,1385.10,1385.50,1384.60,1385.40,13408
1789117140000000000,1385.40,1385.80,1384.80,1385.30,5245
1789117200000000000,1385.60,1386.00,1385.30,1385.90,6039
1789117260000000000,1385.90,1388.70,1385.50,1387.60,51209
1789117320000000000,1387.60,1388.00,1386.70,1386.90,5878
1789117380000000000,1386.80,1387.30,1386.10,1386.60,13473
1789117440000000000,1386.60,1386.80,1386.00,1386.50,7040
1789117500000000000,1386.50,1387.50,1386.20,1387.10,5067
1789117560000000000,1387.50,1388.40,1387.10,1387.50,10601
1789117620000000000,1387.60,1387.90,1387.00,1387.30,6563
1789117680000000000,1387.30,1387.60,1386.60,1386.80,16026
1789117740000000000,1386.80,1387.20,1386.10,1387.00,9813
1789117800000000000,1387.00,1387.70,1385.90,1386.10,8967
1789117860000000000,1386.50,1387.80,1386.20,1386.90,9617
1789117920000000000,1387.00,1387.80,1386.30,1387.30,15549
1789117980000000000,1387.50,1387.90,1387.10,1387.60,11627
1789118040000000000,1387.60,1387.60,1386.20,1386.30,16816
1789118100000000000,1386.30,1387.10,1385.70,1386.50,18953
1789118160000000000,1386.90,1387.00,1386.00,1386.00,8765
1789118220000000000,1386.30,1386.80,1385.80,1386.40,11892
1789118280000000000,1386.40,1386.60,1385.60,1386.40,14015
1789118340000000000,1386.40,1386.80,1385.90,1386.40,7431
1789118400000000000,1386.60,1387.40,1386.20,1387.10,13851
1789118460000000000,1387.00,1387.30,1386.30,1386.30,13433
1789118520000000000,1386.80,1386.90,1386.10,1386.90,15486
1789118580000000000,1386.90,1387.00,1386.00,1386.10,25642
1789118640000000000,1386.30,1386.80,1385.30,1385.40,34462
1789118700000000000,1385.90,1386.30,1385.20,1385.60,24811
1789118760000000000,1385.80,1386.70,1385.20,1386.00,45775
1789118820000000000,1386.10,1386.10,1384.20,1384.20,62605
1789118880000000000,1384.60,1384.90,1383.90,1384.20,31970
1789118940000000000,1384.40,1384.50,1383.50,1384.00,39520
1789119000000000000,1383.90,1384.50,1383.60,1383.90,31573
1789119060000000000,1383.70,1384.10,1382.30,1382.80,25436
1789119120000000000,1382.90,1383.20,1382.10,1382.20,20735
1789119180000000000,1382.30,1382.80,1381.80,1381.80,15533
1789119240000000000,1381.80,1382.10,1380.90,1381.30,18485
1789119300000000000,1381.60,1381.60,1380.20,1381.00,35877
1789119360000000000,1381.00,1382.00,1380.80,1381.90,38585
1789119420000000000,1381.50,1382.60,1381.50,1382.30,21543
1789119480000000000,1382.40,1382.90,1382.00,1382.00,21549
1789119540000000000,1382.00,1382.50,1382.00,1382.10,13400
1789119600000000000,1382.10,1382.60,1382.00,1382.20,25105
1789119660000000000,1382.10,1382.20,1382.10,1382.10,14981
1789119720000000000,1382.10,1382.90,1381.30,1381.70,33013
1789119780000000000,1381.60,1383.00,1381.50,1381.90,18418
1789119840000000000,1381.80,1382.80,1381.10,1381.60,26240
1789119900000000000,1381.60,1381.60,1381.60,1381.60,0
1789119960000000000,1381.60,1381.60,1381.60,1381.60,0
1789120020000000000,1381.60,1381.60,1381.60,1381.60,0
1789120080000000000,1381.60,1381.60,1381.60,1381.60,0
1789120140000000000,1381.60,1381.60,1381.60,1381.60,0
1789120200000000000,1381.60,1381.60,1381.60,1381.60,0
1789120260000000000,1381.60,1381.60,1381.60,1381.60,0
1789120320000000000,1381.60,1381.60,1381.60,1381.60,0
1789120380000000000,1381.60,1381.60,1381.60,1381.60,0
1789120440000000000,1381.60,1381.60,1381.60,1381.60,0
1789120500000000000,1381.60,1381.60,1381.60,1381.60,0
1789120560000000000,1381.60,1381.60,1381.60,1381.60,0
1789120620000000000,1381.60,1381.60,1381.60,1381.60,0
1789120680000000000,1381.60,1381.60,1381.60,1381.60,0
1789120740000000000,1379.30,1379.30,1379.30,1379.30,394603
