timestamp_ns,open,high,low,close,volume
1787024700000000000,1124.50,1131.90,1118.00,1127.00,224522
1787024760000000000,1127.00,1127.30,1122.40,1122.80,74971
1787024820000000000,1123.00,1124.50,1121.30,1122.50,59494
1787024880000000000,1122.50,1122.50,1120.30,1121.50,44782
1787024940000000000,1121.80,1123.00,1120.30,1120.40,51227
1787025000000000000,1120.90,1122.90,1120.40,1122.30,29852
1787025060000000000,1122.50,1124.00,1122.00,1123.70,29946
1787025120000000000,1123.80,1123.80,1121.20,1121.30,42819
1787025180000000000,1121.80,1122.30,1120.50,1121.20,23912
1787025240000000000,1121.40,1122.00,1120.60,1121.50,66192
1787025300000000000,1121.90,1122.40,1121.40,1122.30,13506
1787025360000000000,1122.40,1123.40,1122.30,1123.00,14753
1787025420000000000,1123.00,1123.20,1122.10,1122.40,21884
1787025480000000000,1122.40,1122.40,1119.20,1120.10,83223
1787025540000000000,1120.50,1120.60,1119.50,1119.70,19763
1787025600000000000,1120.00,1120.00,1119.20,1119.70,28096
1787025660000000000,1119.70,1120.50,1119.30,1120.00,16397
1787025720000000000,1120.20,1120.20,1119.10,1120.00,10244
1787025780000000000,1120.00,1120.20,1118.50,1118.50,41955
1787025840000000000,1118.70,1119.50,1118.50,1119.20,18689
1787025900000000000,1119.20,1120.00,1119.00,1119.50,15339
1787025960000000000,1119.80,1121.40,1119.50,1120.80,14765
1787026020000000000,1120.90,1122.90,1120.70,1121.50,26441
1787026080000000000,1121.60,1122.10,1119.40,1119.40,33453
1787026140000000000,1119.50,1120.00,1118.30,1118.30,35580
1787026200000000000,1118.50,1119.00,1118.30,1118.80,8916
1787026260000000000,1118.80,1119.00,1118.20,1118.30,19426
1787026320000000000,1118.70,1118.90,1118.20,1118.90,12447
1787026380000000000,1118.90,1120.30,1118.70,1120.00,10577
1787026440000000000,1120.20,1120.70,1119.40,1120.00,23072
1787026500000000000,1120.40,1120.80,1119.70,1120.10,63606
1787026560000000000,1120.40,1121.30,1118.00,1118.00,35821
1787026620000000000,1118.30,1119.00,1117.00,1118.70,120766
1787026680000000000,1118.80,1119.60,1118.20,1119.60,8943
1787026740000000000,1119.60,1120.10,1119.30,1119.50,9184
1787026800000000000,1119.50,1119.50,1118.20,1119.00,10675
1787026860000000000,1119.00,1119.30,1118.60,1118.80,12338
1787026920000000000,1118.90,1120.00,1118.60,1119.90,9285
1787026980000000000,1119.90,1121.00,1119.50,1121.00,13324
1787027040000000000,1120.70,1121.40,1120.10,1120.40,19300
1787027100000000000,1120.40,1121.00,1119.70,1120.00,8338
1787027160000000000,1119.90,1120.30,1119.40,1120.20,5553
1787027220000000000,1120.20,1120.20,1119.30,1119.50,4197
1787027280000000000,1119.50,1119.70,1119.00,1119.30,7951
1787027340000000000,1119.30,1119.50,1119.00,1119.40,7673
1787027400000000000,1119.40,1119.80,1119.00,1119.80,14322
1787027460000000000,1119.80,1119.80,1119.20,1119.20,6373
1787027520000000000,1119.20,1119.30,1118.40,1118.90,20786
1787027580000000000,1119.20,1119.30,1118.70,1118.80,8512
1787027640000000000,1118.80,1119.60,1118.70,1119.40,17070
1787027700000000000,1119.40,1119.60,1118.80,1119.60,12233
1787027760000000000,1119.60,1119.70,1118.90,1119.30,6050
1787027820000000000,1119.30,1119.80,1119.00,1119.60,8159
1787027880000000000,1119.60,1119.60,1119.00,1119.10,2857
1787027940000000000,1119.10,1119.10,1118.30,1118.70,3932
1787028000000000000,1118.70,1118.90,1118.40,1118.60,6332
1787028060000000000,1118.80,1119.00,1118.40,1118.50,3406
1787028120000000000,1118.80,1118.80,1118.10,1118.30,9231
1787028180000000000,1118.50,1118.60,1118.10,1118.50,5432
1787028240000000000,1118.50,1119.00,1118.10,1118.70,11909
1787028300000000000,1119.10,1119.50,1118.50,1119.20,7383
1787028360000000000,1119.40,1119.70,1119.30,1119.50,9911
1787028420000000000,1119.50,1119.60,1119.00,1119.50,6717
1787028480000000000,1119.50,1120.10,1119.10,1119.30,17319
1787028540000000000,1119.40,1119.40,1119.00,1119.30,7558
1787028600000000000,1119.20,1119.70,1119.10,1119.70,6160
1787028660000000000,1119.70,1120.00,1119.20,1119.90,10886
1787028720000000000,1119.90,1120.50,1119.70,1119.90,18611
1787028780000000000,1119.90,1120.00,1119.50,1119.60,14951
1787028840000000000,1120.00,1120.50,1119.30,1120.00,27146
1787028900000000000,1119.60,1120.00,1119.00,1119.50,13035
1787028960000000000,1119.50,1120.00,1119.30,1120.00,12744
1787029020000000000,1120.00,1120.00,1119.60,1120.00,12845
1787029080000000000,1120.00,1120.10,1119.60,1120.00,26950
1787029140000000000,1120.00,1122.30,1119.70,1121.40,161085
1787029200000000000,1121.20,1121.40,1119.60,1121.20,43351
1787029260000000000,1121.10,1122.60,1120.70,1122.20,29930
1787029320000000000,1122.30,1122.30,1120.50,1120.70,18713
1787029380000000000,1120.80,1121.90,1120.70,1121.60,6303
1787029440000000000,1121.60,1122.30,1121.50,1121.80,19464
1787029500000000000,1121.90,1122.20,1121.60,1121.80,34735
1787029560000000000,1121.90,1122.00,1121.20,1121.60,19381
1787029620000000000,1121.60,1121.80,1121.00,1121.00,7009
1787029680000000000,1121.10,1121.90,1120.50,1120.80,36130
1787029740000000000,1120.80,1121.10,1120.20,1120.40,10248
1787029800000000000,1120.40,1120.50,1119.60,1119.80,16581
1787029860000000000,1119.80,1121.00,1119.60,1120.50,17644
1787029920000000000,1120.50,1120.80,1120.00,1120.30,6629
1787029980000000000,1120.30,1120.40,1119.60,1119.70,18000
1787030040000000000,1119.70,1120.10,1118.50,1118.60,32504
1787030100000000000,1118.70,1119.60,1117.80,1119.10,115973
1787030160000000000,1119.10,1120.00,1118.90,1119.80,12141
1787030220000000000,1120.00,1120.00,1118.80,1118.90,14712
1787030280000000000,1119.10,1119.70,1118.70,1119.60,8219
1787030340000000000,1119.60,1119.60,1119.00,1119.50,2647
1787030400000000000,1119.50,1120.20,1119.40,1119.80,34420
1787030460000000000,1119.60,1119.90,1119.00,1119.40,8236
1787030520000000000,1119.50,1119.90,1119.30,1119.60,8595
1787030580000000000,1119.70,1119.70,1118.30,1118.30,17226
1787030640000000000,1118.40,1118.40,1117.50,1117.60,16784
1787030700000000000,1117.60,1117.80,1116.30,1116.70,48267
1787030760000000000,1116.80,1116.90,1116.40,1116.60,10192
1787030820000000000,1116.60,1117.60,1116.40,1117.40,17685
1787030880000000000,1117.40,1117.80,1117.20,1117.50,13125
1787030940000000000,1117.50,1117.70,1117.00,1117.40,8250
1787031000000000000,1117.70,1117.90,1117.30,1117.50,9189
1787031060000000000,1117.50,1117.50,1116.80,1117.20,12004
1787031120000000000,1117.20,1117.30,1116.80,1117.00,5974
1787031180000000000,1117.30,1117.50,1117.00,1117.30,5132
1787031240000000000,1117.50,1117.90,1117.30,1117.60,8343
1787031300000000000,1117.70,1117.90,1117.30,1117.60,6849
1787031360000000000,1117.70,1117.90,1117.00,1117.40,10074
1787031420000000000,1117.10,1117.40,1117.00,1117.10,5940
1787031480000000000,1117.20,1117.40,1116.40,1116.70,13336
1787031540000000000,1117.00,1117.00,1116.60,1117.00,2675
1787031600000000000,1117.00,1117.00,1116.20,1116.60,12776
1787031660000000000,1116.80,1117.00,1116.40,1117.00,8105
1787031720000000000,1116.80,1117.00,1116.50,1116.70,4742
1787031780000000000,1116.60,1117.00,1116.50,1116.80,15651
1787031840000000000,1116.80,1116.80,1116.50,1116.50,14480
1787031900000000000,1116.70,1116.80,1116.50,1116.80,10452
1787031960000000000,1116.80,1116.80,1116.50,1116.60,10094
1787032020000000000,1116.60,1116.80,1116.50,1116.80,5962
1787032080000000000,1116.60,1116.80,1114.80,1115.00,143849
1787032140000000000,1115.00,1116.00,1114.60,1115.40,85999
1787032200000000000,1115.40,1116.10,1115.10,1116.00,8490
1787032260000000000,1116.20,1116.70,1114.00,1115.00,97992
1787032320000000000,1115.00,1115.50,1113.80,1115.40,154218
1787032380000000000,1115.40,1115.50,1115.00,1115.50,8894
1787032440000000000,1115.50,1115.70,1115.10,1115.40,10633
1787032500000000000,1115.70,1115.70,1114.70,1114.90,12487
1787032560000000000,1114.90,1115.60,1114.50,1115.30,7569
1787032620000000000,1115.30,1115.30,1114.40,1115.10,8026
1787032680000000000,1115.00,1115.30,1114.80,1115.30,5693
1787032740000000000,1115.30,1115.30,1112.70,1112.80,145828
1787032800000000000,1113.30,1113.30,1112.70,1113.10,13104
1787032860000000000,1113.20,1113.30,1113.00,1113.20,14700
1787032920000000000,1113.30,1114.80,1113.10,1114.60,13115
1787032980000000000,1114.60,1114.80,1114.10,1114.30,9515
1787033040000000000,1114.30,1114.70,1114.10,1114.50,5429
1787033100000000000,1114.50,1114.90,1114.40,1114.90,7219
1787033160000000000,1114.90,1114.90,1114.20,1114.80,13655
1787033220000000000,1114.80,1114.90,1114.30,1114.70,5159
1787033280000000000,1114.70,1114.90,1114.40,1114.90,6566
1787033340000000000,1114.90,1115.20,1114.70,1115.20,10320
1787033400000000000,1115.10,1115.50,1114.70,1115.40,7867
1787033460000000000,1115.40,1115.40,1115.10,1115.20,4082
1787033520000000000,1115.30,1115.40,1115.00,1115.40,3214
1787033580000000000,1115.40,1115.40,1115.00,1115.20,2408
1787033640000000000,1115.30,1115.30,1114.00,1114.50,37167
1787033700000000000,1114.50,1115.30,1114.40,1115.20,6532
1787033760000000000,1115.30,1115.60,1115.10,1115.60,5142
1787033820000000000,1115.60,1115.90,1114.70,1115.00,15768
1787033880000000000,1115.00,1115.00,1114.60,1114.80,3905
1787033940000000000,1114.80,1114.90,1113.80,1114.00,27029
1787034000000000000,1114.00,1114.90,1114.00,1114.90,9930
1787034060000000000,1114.90,1115.10,1114.50,1114.80,8154
1787034120000000000,1114.80,1114.90,1114.40,1114.80,2306
1787034180000000000,1114.80,1114.80,1114.60,1114.80,2081
1787034240000000000,1114.80,1114.80,1114.00,1114.40,6387
1787034300000000000,1114.50,1114.70,1112.90,1113.30,114201
1787034360000000000,1113.30,1113.90,1112.90,1113.80,25871
1787034420000000000,1113.80,1114.90,1113.60,1114.70,10415
1787034480000000000,1114.80,1114.80,1114.40,1114.80,9173
1787034540000000000,1114.90,1115.60,1114.70,1115.60,10299
1787034600000000000,1115.60,1115.60,1115.00,1115.20,8812
1787034660000000000,1115.20,1115.30,1114.80,1115.00,11619
1787034720000000000,1115.20,1115.50,1115.00,1115.50,6164
1787034780000000000,1115.40,1115.40,1114.40,1114.60,12886
1787034840000000000,1114.80,1115.50,1114.60,1114.80,14510
1787034900000000000,1115.20,1115.50,1114.50,1115.00,15138
1787034960000000000,1115.00,1115.10,1114.60,1115.00,7983
1787035020000000000,1115.10,1115.70,1114.80,1115.30,8080
1787035080000000000,1115.30,1115.70,1115.10,1115.60,8486
1787035140000000000,1115.60,1115.70,1115.10,1115.10,5013
1787035200000000000,1115.50,1115.80,1115.10,1115.80,5925
1787035260000000000,1115.70,1115.80,1115.00,1115.50,6216
1787035320000000000,1115.50,1115.50,1114.80,1114.90,10522
1787035380000000000,1115.00,1115.10,1114.10,1114.90,11075
1787035440000000000,1114.90,1115.10,1114.40,1114.70,4630
1787035500000000000,1114.70,1115.20,1114.50,1114.90,5237
1787035560000000000,1114.90,1114.90,1113.60,1113.90,13910
1787035620000000000,1113.90,1114.00,1112.90,1112.90,38208
1787035680000000000,1113.30,1114.20,1112.90,1113.90,10251
1787035740000000000,1113.90,1114.30,1112.90,1112.90,26745
1787035800000000000,1113.30,1114.10,1112.90,1113.70,6023
1787035860000000000,1113.70,1113.80,1112.90,1113.00,13222
1787035920000000000,1113.00,1113.90,1113.00,1113.70,6278
1787035980000000000,1113.70,1113.90,1113.20,1113.70,5713
1787036040000000000,1113.70,1113.80,1112.90,1113.60,13407
1787036100000000000,1113.60,1113.80,1112.90,1113.80,24685
1787036160000000000,1113.80,1113.90,1113.70,1113.80,4502
1787036220000000000,1113.80,1114.70,1113.70,1113.90,12269
1787036280000000000,1114.30,1114.40,1113.80,1114.00,12693
1787036340000000000,1114.00,1114.50,1113.80,1114.10,14572
1787036400000000000,1114.20,1115.80,1114.00,1115.60,28716
1787036460000000000,1115.60,1115.60,1115.10,1115.50,7802
1787036520000000000,1115.50,1115.50,1114.90,1115.50,3168
1787036580000000000,1115.40,1115.50,1115.00,1115.50,4216
1787036640000000000,1115.50,1115.90,1115.30,1115.90,6461
1787036700000000000,1115.90,1116.50,1115.60,1116.40,19793
1787036760000000000,1116.40,1116.80,1116.10,1116.50,9030
1787036820000000000,1116.50,1116.50,1115.10,1115.50,7690
1787036880000000000,1115.50,1115.50,1115.10,1115.30,2529
1787036940000000000,1115.50,1115.80,1115.10,1115.80,3917
1787037000000000000,1115.80,1116.20,1115.40,1115.90,9927
1787037060000000000,1115.90,1116.10,1115.10,1115.50,5605
1787037120000000000,1115.50,1115.90,1115.10,1115.90,2989
1787037180000000000,1115.70,1116.10,1115.50,1116.00,2794
1787037240000000000,1116.00,1116.00,1115.40,1115.90,3207
1787037300000000000,1115.90,1116.00,1115.40,1116.00,6189
1787037360000000000,1116.00,1116.20,1114.90,1115.70,18439
1787037420000000000,1115.70,1115.80,1115.30,1115.50,4584
1787037480000000000,1115.50,1116.20,1115.40,1116.20,6414
1787037540000000000,1116.20,1116.20,1114.00,1115.90,51086
1787037600000000000,1115.90,1116.10,1115.30,1115.80,14312
1787037660000000000,1115.70,1115.80,1115.00,1115.60,4562
1787037720000000000,1115.60,1116.10,1114.80,1115.80,27538
1787037780000000000,1115.80,1115.80,1114.90,1115.10,11296
1787037840000000000,1115.10,1115.10,1114.50,1114.80,10623
1787037900000000000,1115.00,1115.20,1114.80,1114.80,8983
1787037960000000000,1115.00,1115.00,1114.30,1114.50,8521
1787038020000000000,1114.60,1114.90,1113.80,1114.20,16831
1787038080000000000,1114.20,1114.70,1113.80,1114.30,22164
1787038140000000000,1114.30,1114.30,1113.70,1114.00,16737
1787038200000000000,1114.00,1114.00,1113.30,1113.40,17650
1787038260000000000,1113.40,1113.40,1112.70,1112.80,28014
1787038320000000000,1112.80,1113.40,1112.80,1113.10,13187
1787038380000000000,1113.10,1113.50,1113.10,1113.10,7343
1787038440000000000,1113.20,1113.40,1113.00,1113.30,9507
1787038500000000000,1113.30,1113.60,1113.10,1113.20,6818
1787038560000000000,1113.30,1113.60,1113.00,1113.40,3793
1787038620000000000,1113.40,1113.70,1113.00,1113.60,11144
1787038680000000000,1113.50,1114.00,1113.30,1113.70,6087
1787038740000000000,1113.70,1114.30,1112.50,1113.70,80707
1787038800000000000,1113.60,1113.90,1112.60,1113.80,91032
1787038860000000000,1113.80,1114.60,1113.60,1113.80,19453
1787038920000000000,1113.80,1115.00,1113.70,1114.60,33386
1787038980000000000,1114.60,1114.80,1114.40,1114.60,6245
1787039040000000000,1114.60,1115.00,1114.40,1115.00,11455
1787039100000000000,1115.10,1116.00,1115.10,1115.50,25712
1787039160000000000,1115.50,1115.90,1115.40,1115.90,13725
1787039220000000000,1115.90,1116.00,1115.50,1115.90,12811
1787039280000000000,1115.90,1116.30,1115.70,1115.90,13808
1787039340000000000,1116.00,1116.30,1115.90,1116.20,8026
1787039400000000000,1116.30,1116.40,1116.00,1116.30,13925
1787039460000000000,1116.40,1117.00,1116.20,1116.90,22573
1787039520000000000,1116.90,1117.00,1116.40,1116.70,21254
1787039580000000000,1116.70,1116.90,1116.50,1116.90,7024
1787039640000000000,1116.90,1117.00,1116.50,1116.60,9675
1787039700000000000,1116.60,1117.20,1116.50,1117.10,10437
1787039760000000000,1117.10,1117.20,1116.80,1117.10,26169
1787039820000000000,1117.10,1117.40,1116.90,1117.20,8075
1787039880000000000,1117.30,1117.40,1116.90,1117.10,22645
1787039940000000000,1117.20,1118.70,1116.90,1118.30,21994
1787040000000000000,1118.30,1118.50,1117.90,1118.20,28872
1787040060000000000,1118.10,1118.20,1117.40,1117.90,17870
1787040120000000000,1117.90,1117.90,1116.80,1117.40,31469
1787040180000000000,1117.40,1117.80,1117.30,1117.80,5650
1787040240000000000,1117.70,1117.80,1117.50,1117.70,4504
1787040300000000000,1117.70,1117.70,1117.20,1117.30,5721
1787040360000000000,1117.30,1117.50,1116.30,1116.30,15998
1787040420000000000,1116.40,1116.60,1116.00,1116.30,20429
1787040480000000000,1116.40,1116.90,1116.20,1116.60,8050
1787040540000000000,1116.60,1116.80,1116.10,1116.70,10429
1787040600000000000,1116.70,1117.00,1116.40,1116.70,14186
1787040660000000000,1116.70,1117.00,1116.40,1116.80,6054
1787040720000000000,1116.90,1116.90,1116.40,1116.80,9102
1787040780000000000,1116.70,1116.70,1116.00,1116.00,9137
1787040840000000000,1116.20,1116.40,1116.00,1116.40,5369
1787040900000000000,1116.20,1116.40,1116.00,1116.40,5908
1787040960000000000,1116.40,1117.00,1116.30,1116.30,8683
1787041020000000000,1116.40,1116.90,1116.20,1116.80,11195
1787041080000000000,1116.80,1117.70,1116.50,1117.30,16659
1787041140000000000,1117.40,1117.40,1116.70,1117.00,7322
1787041200000000000,1117.20,1117.30,1116.60,1117.10,10386
1787041260000000000,1117.20,1117.40,1116.70,1117.10,6717
1787041320000000000,1117.10,1117.30,1116.60,1117.20,8597
1787041380000000000,1117.20,1117.80,1116.90,1117.60,13744
1787041440000000000,1117.60,1117.80,1117.00,1117.00,7132
1787041500000000000,1117.10,1117.50,1116.90,1117.50,9506
1787041560000000000,1117.50,1117.50,1116.30,1117.20,28317
1787041620000000000,1117.30,1117.60,1116.90,1117.00,8578
1787041680000000000,1117.10,1117.10,1116.70,1116.90,13052
1787041740000000000,1116.90,1117.30,1116.80,1117.30,10251
1787041800000000000,1117.30,1117.50,1116.80,1117.10,6141
1787041860000000000,1117.10,1117.10,1116.50,1116.90,9577
1787041920000000000,1116.90,1117.20,1116.60,1116.80,9510
1787041980000000000,1116.80,1116.80,1116.10,1116.20,7154
1787042040000000000,1116.20,1117.40,1116.10,1116.90,22156
1787042100000000000,1117.00,1117.60,1115.60,1115.90,53713
1787042160000000000,1116.00,1117.10,1115.70,1115.70,8575
1787042220000000000,1115.80,1116.10,1115.30,1115.60,13541
1787042280000000000,1116.00,1116.10,1115.40,1115.90,5736
1787042340000000000,1115.90,1116.80,1115.50,1116.10,7835
1787042400000000000,1116.30,1116.70,1116.00,1116.10,6348
1787042460000000000,1116.40,1116.60,1115.70,1115.70,6823
1787042520000000000,1115.90,1115.90,1115.50,1115.50,15657
1787042580000000000,1115.60,1116.30,1115.50,1115.50,6356
1787042640000000000,1115.60,1115.80,1115.10,1115.60,13341
1787042700000000000,1115.70,1115.90,1115.10,1115.30,8774
1787042760000000000,1115.40,1115.90,1115.10,1115.60,9309
1787042820000000000,1115.90,1116.20,1115.40,1116.10,5319
1787042880000000000,1116.10,1116.40,1115.60,1116.20,10087
1787042940000000000,1116.30,1116.70,1115.40,1115.70,26788
1787043000000000000,1115.70,1116.30,1115.50,1116.30,13100
1787043060000000000,1116.30,1116.60,1115.70,1116.20,7417
1787043120000000000,1116.00,1116.00,1114.60,1115.10,27586
1787043180000000000,1115.10,1115.70,1114.90,1115.40,19020
1787043240000000000,1115.30,1115.90,1114.70,1114.80,13350
1787043300000000000,1115.10,1115.30,1114.60,1114.90,10491
1787043360000000000,1115.20,1115.20,1114.40,1114.90,18565
1787043420000000000,1114.90,1115.00,1114.10,1114.80,26046
1787043480000000000,1114.80,1115.50,1114.60,1115.20,26182
1787043540000000000,1115.20,1115.60,1114.70,1115.00,30464
1787043600000000000,1115.10,1116.40,1114.90,1115.80,19845
1787043660000000000,1116.30,1116.40,1115.70,1115.80,7079
1787043720000000000,1116.00,1117.00,1115.80,1116.60,22210
1787043780000000000,1116.80,1116.90,1115.80,1116.00,79911
1787043840000000000,1116.00,1117.90,1115.90,1116.90,174705
1787043900000000000,1116.90,1117.80,1116.00,1117.40,87998
1787043960000000000,1117.70,1117.90,1117.20,1117.90,20936
1787044020000000000,1117.90,1118.00,1116.40,1116.40,99482
1787044080000000000,1116.80,1117.30,1116.00,1116.90,73122
1787044140000000000,1116.90,1117.50,1116.50,1117.10,54682
1787044200000000000,1117.50,1117.50,1116.60,1117.50,91854
1787044260000000000,1117.50,1117.90,1117.00,1117.30,15329
1787044320000000000,1117.40,1118.00,1116.40,1116.60,23236
1787044380000000000,1116.60,1116.90,1116.00,1116.80,13965
1787044440000000000,1116.80,1117.00,1116.30,1117.00,13951
1787044500000000000,1116.90,1117.20,1116.80,1117.10,9875
1787044560000000000,1117.10,1117.70,1116.60,1117.20,15301
1787044620000000000,1117.60,1117.60,1117.00,1117.00,10364
1787044680000000000,1117.10,1117.40,1116.70,1117.30,10000
1787044740000000000,1117.30,1117.40,1116.90,1117.10,16840
1787044800000000000,1117.10,1117.40,1116.80,1117.10,18062
1787044860000000000,1117.10,1117.30,1115.80,1115.80,24186
1787044920000000000,1116.00,1116.00,1115.60,1115.80,20012
1787044980000000000,1115.90,1115.90,1115.10,1115.30,25667
1787045040000000000,1115.60,1115.80,1115.10,1115.30,16425
1787045100000000000,1115.80,1115.90,1115.30,1115.50,20301
1787045160000000000,1115.50,1116.00,1114.90,1115.40,117018
1787045220000000000,1115.40,1116.00,1115.00,1115.00,139978
1787045280000000000,1115.30,1116.00,1114.70,1115.20,78189
1787045340000000000,1115.20,1115.40,1114.70,1115.00,21072
1787045400000000000,1115.00,1116.40,1114.50,1116.30,40844
1787045460000000000,1116.30,1116.30,1115.20,1115.60,33951
1787045520000000000,1115.60,1115.90,1114.80,1115.50,40318
1787045580000000000,1115.50,1115.80,1114.50,1114.60,36270
1787045640000000000,1114.90,1115.00,1114.10,1114.40,42759
1787045700000000000,1114.40,1115.00,1114.00,1114.90,46786
1787045760000000000,1114.90,1115.00,1113.60,1114.00,87124
1787045820000000000,1114.00,1114.60,1113.30,1114.00,113510
1787045880000000000,1114.00,1114.30,1113.80,1114.00,114944
1787045940000000000,1114.00,1114.00,1113.00,1114.00,83940
1787046000000000000,1114.00,1114.50,1112.50,1114.30,127952
1787046060000000000,1114.30,1115.00,1114.10,1114.10,54461
1787046120000000000,1114.40,1115.00,1112.90,1114.60,118875
1787046180000000000,1114.60,1114.70,1114.30,1114.50,47640
1787046240000000000,1114.30,1114.50,1113.00,1113.80,64939
1787046300000000000,1113.80,1113.80,1113.80,1113.80,0
1787046360000000000,1113.80,1113.80,1113.80,1113.80,0
1787046420000000000,1113.80,1113.80,1113.80,1113.80,0
1787046480000000000,1113.80,1113.80,1113.80,1113.80,0
1787046540000000000,1113.80,1113.80,1113.80,1113.80,0
1787046600000000000,1113.80,1113.80,1113.80,1113.80,0
1787046660000000000,1113.80,1113.80,1113.80,1113.80,0
1787046720000000000,1113.80,1113.80,1113.80,1113.80,0
1787046780000000000,1113.80,1113.80,1113.80,1113.80,0
1787046840000000000,1113.80,1113.80,1113.80,1113.80,0
1787046900000000000,1113.80,1113.80,1113.80,1113.80,0
1787046960000000000,1113.80,1113.80,1113.80,1113.80,0
1787047020000000000,1113.80,1113.80,1113.80,1113.80,0
1787047080000000000,1113.80,1113.80,1113.80,1113.80,0
1787047140000000000,1115.00,1115.00,1115.00,1115.00,507681
1787111100000000000,1125.60,1134.70,1125.60,1133.40,310567
1787111160000000000,1133.70,1134.40,1130.00,1131.10,112529
1787111220000000000,1131.30,1132.00,1126.00,1126.10,117760
1787111280000000000,1126.30,1129.10,1126.10,1127.80,54538
1787111340000000000,1127.70,1129.20,1126.40,1126.50,44544
1787111400000000000,1126.60,1126.90,1124.10,1124.80,77127
1787111460000000000,1124.90,1125.30,1123.50,1124.90,53647
1787111520000000000,1124.90,1124.90,1123.00,1124.10,63552
1787111580000000000,1124.10,1124.40,1123.40,1123.50,43772
1787111640000000000,1123.60,1126.10,1123.50,1125.70,30077
1787111700000000000,1125.70,1126.90,1124.70,1125.40,57653
1787111760000000000,1125.40,1125.90,1124.90,1125.60,28436
1787111820000000000,1125.60,1127.80,1125.50,1127.50,47843
1787111880000000000,1127.60,1128.40,1127.50,1127.90,42438
1787111940000000000,1127.90,1129.40,1127.40,1128.90,53365
1787112000000000000,1128.90,1129.90,1127.80,1128.00,41883
1787112060000000000,1128.00,1128.50,1127.30,1127.30,36453
1787112120000000000,1127.40,1128.40,1127.40,1128.30,21234
1787112180000000000,1128.20,1128.30,1127.20,1127.40,25913
1787112240000000000,1127.40,1127.50,1127.10,1127.40,19076
1787112300000000000,1127.40,1127.90,1127.10,1127.60,18822
1787112360000000000,1127.60,1128.20,1127.30,1127.70,15642
1787112420000000000,1127.80,1127.80,1127.40,1127.70,10807
1787112480000000000,1127.70,1127.80,1126.10,1126.80,29904
1787112540000000000,1126.80,1128.30,1126.40,1128.30,30714
1787112600000000000,1128.30,1128.40,1127.40,1127.60,28144
1787112660000000000,1127.70,1128.10,1126.10,1126.60,20834
1787112720000000000,1126.30,1126.70,1125.50,1125.50,25808
1787112780000000000,1125.60,1127.10,1125.30,1127.10,15881
1787112840000000000,1127.10,1128.10,1126.70,1128.00,11509
1787112900000000000,1128.00,1128.30,1126.30,1126.90,20034
1787112960000000000,1126.90,1126.90,1125.50,1126.20,12261
1787113020000000000,1126.20,1126.40,1125.80,1126.10,8707
1787113080000000000,1126.20,1126.30,1125.00,1125.50,19884
1787113140000000000,1125.50,1125.60,1124.60,1125.50,20327
1787113200000000000,1125.50,1126.00,1125.10,1126.00,14096
1787113260000000000,1126.00,1126.40,1124.70,1125.30,21997
1787113320000000000,1125.30,1125.30,1124.00,1124.10,19440
1787113380000000000,1124.10,1125.00,1123.80,1125.00,19276
1787113440000000000,1125.00,1125.00,1124.50,1124.80,8742
1787113500000000000,1124.80,1124.80,1124.00,1124.50,10851
1787113560000000000,1124.50,1124.50,1124.00,1124.00,10004
1787113620000000000,1124.10,1124.20,1123.30,1123.70,39873
1787113680000000000,1123.70,1124.80,1123.40,1124.40,17186
1787113740000000000,1124.40,1125.00,1124.30,1124.40,15453
1787113800000000000,1124.40,1124.80,1124.30,1124.80,8066
1787113860000000000,1124.60,1124.80,1123.10,1123.40,23695
1787113920000000000,1123.50,1123.70,1122.80,1122.80,22809
1787113980000000000,1122.80,1123.60,1122.30,1122.60,40356
1787114040000000000,1122.70,1123.00,1121.60,1122.90,37420
1787114100000000000,1123.00,1123.00,1121.00,1121.50,31011
1787114160000000000,1121.50,1122.30,1121.40,1121.90,12697
1787114220000000000,1121.90,1121.90,1121.60,1121.90,10473
1787114280000000000,1121.90,1121.90,1121.10,1121.20,24939
1787114340000000000,1121.30,1121.30,1120.30,1120.40,25478
1787114400000000000,1120.50,1121.20,1120.10,1120.10,26339
1787114460000000000,1120.20,1121.40,1119.30,1120.50,34406
1787114520000000000,1120.70,1121.90,1120.20,1120.30,19825
1787114580000000000,1120.40,1120.60,1120.00,1120.30,7752
1787114640000000000,1120.40,1122.20,1120.30,1121.10,28983
1787114700000000000,1121.20,1122.40,1121.00,1121.50,49466
1787114760000000000,1121.60,1123.00,1120.60,1122.20,65874
1787114820000000000,1122.20,1122.30,1120.40,1120.50,21256
1787114880000000000,1120.50,1121.50,1118.80,1119.10,42655
1787114940000000000,1119.10,1119.10,1118.30,1118.50,18894
1787115000000000000,1118.60,1118.70,1117.50,1117.80,24088
1787115060000000000,1117.70,1118.10,1117.10,1117.60,34855
1787115120000000000,1117.60,1118.80,1117.20,1118.30,20808
1787115180000000000,1118.40,1119.00,1117.70,1118.10,16922
1787115240000000000,1118.00,1118.20,1117.40,1117.60,10699
1787115300000000000,1117.70,1117.70,1117.00,1117.00,32640
1787115360000000000,1117.10,1117.20,1116.30,1116.80,15315
1787115420000000000,1116.80,1117.00,1116.50,1116.80,11993
1787115480000000000,1116.80,1117.50,1116.40,1117.30,17526
1787115540000000000,1117.40,1118.10,1117.40,1117.50,12470
1787115600000000000,1117.60,1117.70,1117.10,1117.30,12706
1787115660000000000,1117.30,1117.30,1116.70,1116.80,11706
1787115720000000000,1117.00,1117.40,1116.30,1117.20,14083
1787115780000000000,1117.30,1118.30,1116.10,1117.00,158225
1787115840000000000,1116.90,1117.50,1116.50,1116.70,27177
1787115900000000000,1116.80,1118.80,1116.50,1118.30,23217
1787115960000000000,1118.20,1119.40,1118.10,1119.20,18090
1787116020000000000,1119.30,1120.10,1119.20,1119.40,25602
1787116080000000000,1119.40,1119.40,1118.40,1118.80,10733
1787116140000000000,1118.90,1119.20,1118.50,1118.90,9085
1787116200000000000,1118.90,1119.90,1118.90,1119.60,7701
1787116260000000000,1119.70,1119.80,1118.10,1118.20,16761
1787116320000000000,1118.20,1119.00,1117.10,1118.70,41520
1787116380000000000,1118.80,1119.00,1118.00,1118.10,32449
1787116440000000000,1118.20,1118.50,1117.50,1118.40,17117
1787116500000000000,1118.50,1119.00,1117.30,1117.60,13844
1787116560000000000,1117.70,1118.10,1117.10,1117.20,37989
1787116620000000000,1117.30,1118.70,1117.20,1118.10,47285
1787116680000000000,1118.20,1119.20,1118.00,1118.80,18627
1787116740000000000,1118.90,1119.50,1118.70,1119.40,9903
1787116800000000000,1119.40,1119.70,1118.60,1118.80,12628
1787116860000000000,1118.80,1119.00,1118.20,1118.30,13094
1787116920000000000,1118.20,1118.90,1118.00,1118.30,11654
1787116980000000000,1118.40,1118.80,1118.30,1118.50,9707
1787117040000000000,1118.50,1118.70,1117.80,1117.90,13182
1787117100000000000,1117.90,1118.50,1117.90,1118.10,7947
1787117160000000000,1118.20,1118.50,1117.80,1118.40,11586
1787117220000000000,1118.30,1118.50,1116.50,1116.70,27132
1787117280000000000,1116.70,1117.00,1116.50,1116.90,10939
1787117340000000000,1117.00,1117.00,1116.20,1116.60,18120
1787117400000000000,1116.50,1116.50,1115.60,1115.70,18862
1787117460000000000,1115.70,1115.90,1115.20,1115.80,14486
1787117520000000000,1115.80,1115.80,1113.80,1114.50,49985
1787117580000000000,1114.50,1114.90,1113.80,1114.20,20895
1787117640000000000,1114.20,1114.60,1114.10,1114.50,10956
1787117700000000000,1114.30,1114.70,1113.90,1114.30,28838
1787117760000000000,1114.40,1115.30,1114.40,1115.20,12193
1787117820000000000,1115.30,1115.70,1114.20,1114.80,20628
1787117880000000000,1114.80,1115.00,1114.30,1114.80,8547
1787117940000000000,1114.80,1115.00,1114.30,1114.30,8162
1787118000000000000,1114.40,1114.70,1114.30,1114.50,8910
1787118060000000000,1114.60,1114.90,1114.00,1114.40,10912
1787118120000000000,1114.40,1115.00,1114.30,1114.90,11007
1787118180000000000,1114.90,1115.40,1114.60,1114.70,25774
1787118240000000000,1114.70,1116.70,1114.60,1116.40,30131
1787118300000000000,1116.40,1117.80,1116.20,1116.80,23338
1787118360000000000,1116.80,1116.80,1116.30,1116.60,6205
1787118420000000000,1116.60,1116.70,1116.00,1116.20,11759
1787118480000000000,1116.20,1116.70,1115.50,1116.70,19556
1787118540000000000,1117.00,1118.60,1116.90,1118.40,13240
1787118600000000000,1118.40,1119.00,1117.70,1118.00,19734
1787118660000000000,1118.00,1118.70,1117.60,1118.70,13510
1787118720000000000,1118.70,1119.70,1118.60,1119.00,37426
1787118780000000000,1119.00,1119.90,1118.90,1119.30,14572
1787118840000000000,1119.30,1119.80,1119.00,1119.70,9266
1787118900000000000,1119.70,1119.80,1118.90,1119.50,10512
1787118960000000000,1119.50,1119.80,1119.30,1119.80,10478
1787119020000000000,1119.70,1121.70,1119.70,1121.20,37111
1787119080000000000,1121.20,1121.90,1121.00,1121.10,23311
1787119140000000000,1121.20,1121.90,1121.00,1121.70,12739
1787119200000000000,1121.70,1122.00,1121.50,1122.00,11011
1787119260000000000,1122.00,1122.70,1122.00,1122.30,11898
1787119320000000000,1122.30,1122.80,1121.10,1121.20,21644
1787119380000000000,1121.20,1121.40,1120.20,1121.20,18523
1787119440000000000,1121.20,1121.40,1120.80,1121.20,7343
1787119500000000000,1121.30,1121.30,1120.50,1121.00,12314
1787119560000000000,1121.00,1121.10,1120.50,1120.70,7474
1787119620000000000,1120.80,1120.90,1120.10,1120.50,10113
1787119680000000000,1120.60,1121.00,1120.60,1120.90,12001
1787119740000000000,1120.90,1122.70,1120.90,1122.50,13739
1787119800000000000,1122.50,1123.40,1122.50,1123.10,16775
1787119860000000000,1123.20,1124.00,1123.10,1123.80,19905
1787119920000000000,1123.80,1124.00,1122.70,1122.70,13020
1787119980000000000,1122.90,1123.10,1122.50,1122.60,8526
1787120040000000000,1122.70,1123.80,1122.70,1123.30,18159
1787120100000000000,1123.40,1123.50,1123.10,1123.40,8083
1787120160000000000,1123.50,1123.80,1123.40,1123.50,11288
1787120220000000000,1123.50,1123.70,1122.30,1123.00,15591
1787120280000000000,1123.00,1124.30,1122.90,1123.50,20660
1787120340000000000,1123.50,1124.00,1123.00,1123.40,9992
1787120400000000000,1123.30,1123.80,1123.00,1123.30,8817
1787120460000000000,1123.40,1123.70,1122.20,1122.20,14424
1787120520000000000,1122.30,1122.60,1121.60,1122.00,18019
1787120580000000000,1122.10,1122.30,1120.40,1120.70,29620
1787120640000000000,1120.80,1121.20,1120.50,1120.70,10645
1787120700000000000,1120.80,1120.80,1119.10,1119.40,50679
1787120760000000000,1119.50,1120.20,1119.30,1119.30,13900
1787120820000000000,1119.40,1119.80,1119.00,1119.10,14779
1787120880000000000,1119.20,1119.80,1119.00,1119.00,15869
1787120940000000000,1119.10,1119.30,1118.80,1119.00,16249
1787121000000000000,1119.10,1119.40,1118.30,1118.50,14248
1787121060000000000,1118.50,1119.00,1118.10,1118.20,14504
1787121120000000000,1118.40,1119.20,1118.20,1118.80,20445
1787121180000000000,1118.80,1118.80,1118.10,1118.10,19742
1787121240000000000,1118.20,1118.50,1117.50,1117.50,13096
1787121300000000000,1117.70,1118.70,1117.50,1118.50,18179
1787121360000000000,1118.60,1119.30,1118.20,1119.10,17775
1787121420000000000,1119.20,1119.50,1118.40,1119.00,18271
1787121480000000000,1119.10,1119.20,1118.60,1119.00,9954
1787121540000000000,1119.20,1120.30,1119.10,1119.40,36413
1787121600000000000,1119.50,1120.00,1119.40,1119.60,9795
1787121660000000000,1119.70,1119.90,1119.40,1119.60,8144
1787121720000000000,1119.70,1120.40,1119.50,1119.90,11169
1787121780000000000,1120.00,1121.40,1119.30,1120.90,28050
1787121840000000000,1120.70,1121.30,1120.70,1120.90,10596
1787121900000000000,1120.90,1121.30,1120.90,1121.20,6749
1787121960000000000,1121.30,1122.00,1121.10,1121.90,13196
1787122020000000000,1122.00,1122.40,1121.60,1121.90,14299
1787122080000000000,1122.00,1122.50,1122.00,1122.30,8560
1787122140000000000,1122.30,1122.50,1122.00,1122.20,7944
1787122200000000000,1122.20,1122.50,1121.70,1122.10,17201
1787122260000000000,1122.10,1122.20,1120.60,1120.70,18875
1787122320000000000,1120.80,1121.00,1120.10,1120.20,20656
1787122380000000000,1120.30,1121.00,1119.90,1120.00,21426
1787122440000000000,1120.00,1120.80,1119.70,1119.90,22174
1787122500000000000,1120.00,1120.60,1119.90,1120.00,8952
1787122560000000000,1120.10,1120.10,1119.20,1119.30,23817
1787122620000000000,1119.40,1121.00,1119.40,1120.30,25246
1787122680000000000,1120.40,1120.90,1120.20,1120.30,6327
1787122740000000000,1120.40,1120.90,1120.30,1120.50,5450
1787122800000000000,1120.50,1120.60,1119.40,1119.50,6883
1787122860000000000,1119.50,1119.80,1119.20,1119.30,8245
1787122920000000000,1119.40,1119.80,1119.00,1119.40,9016
1787122980000000000,1119.40,1119.80,1119.20,1119.40,8702
1787123040000000000,1119.50,1119.80,1119.20,1119.30,5310
1787123100000000000,1119.30,1119.80,1119.20,1119.70,8341
1787123160000000000,1119.60,1119.80,1119.30,1119.50,8151
1787123220000000000,1119.50,1120.00,1119.50,1119.60,6950
1787123280000000000,1119.60,1120.00,1119.30,1119.30,8774
1787123340000000000,1119.40,1119.90,1119.30,1119.50,9227
1787123400000000000,1119.50,1119.90,1119.30,1119.30,7955
1787123460000000000,1119.40,1119.90,1119.30,1119.90,9534
1787123520000000000,1119.90,1120.00,1119.50,1120.00,11487
1787123580000000000,1119.70,1120.00,1119.50,1120.00,12994
1787123640000000000,1120.00,1120.00,1119.50,1120.00,10781
1787123700000000000,1119.90,1119.90,1118.60,1118.60,11033
1787123760000000000,1118.70,1119.00,1118.40,1118.50,11859
1787123820000000000,1118.60,1119.20,1118.30,1118.50,9884
1787123880000000000,1118.60,1119.20,1118.10,1118.90,17651
1787123940000000000,1119.00,1119.70,1118.80,1118.90,8413
1787124000000000000,1119.00,1119.40,1118.70,1119.30,9930
1787124060000000000,1119.10,1119.40,1118.50,1118.60,5865
1787124120000000000,1118.60,1119.00,1118.30,1118.40,8088
1787124180000000000,1118.40,1118.90,1118.20,1118.50,6959
1787124240000000000,1118.60,1118.80,1118.10,1118.70,6541
1787124300000000000,1118.50,1119.20,1118.10,1119.20,8818
1787124360000000000,1119.20,1119.20,1118.40,1119.10,6954
1787124420000000000,1119.10,1119.30,1118.50,1118.60,6832
1787124480000000000,1118.60,1119.00,1118.30,1118.60,7213
1787124540000000000,1118.60,1119.20,1118.40,1119.00,13272
1787124600000000000,1118.90,1119.40,1118.10,1118.70,20310
1787124660000000000,1118.70,1119.00,1118.50,1118.60,7172
1787124720000000000,1118.70,1119.00,1118.00,1118.80,19752
1787124780000000000,1118.80,1119.00,1118.40,1118.60,10944
1787124840000000000,1118.70,1119.40,1118.60,1119.30,10736
1787124900000000000,1119.00,1119.30,1118.40,1118.90,7391
1787124960000000000,1118.80,1119.50,1118.70,1119.00,6588
1787125020000000000,1119.10,1119.90,1119.00,1119.30,7706
1787125080000000000,1119.60,1120.70,1119.60,1120.20,18074
1787125140000000000,1120.20,1120.30,1120.00,1120.20,9760
1787125200000000000,1120.30,1120.50,1119.20,1119.60,8382
1787125260000000000,1119.60,1120.20,1119.60,1120.10,8244
1787125320000000000,1119.90,1120.00,1119.50,1119.60,6291
1787125380000000000,1119.70,1120.00,1119.50,1119.60,6764
1787125440000000000,1119.60,1119.80,1119.40,1119.40,6461
1787125500000000000,1119.50,1120.00,1119.20,1119.20,8232
1787125560000000000,1119.30,1119.80,1119.10,1119.40,7162
1787125620000000000,1119.40,1119.80,1119.30,1119.70,8773
1787125680000000000,1119.80,1120.20,1119.60,1120.00,6485
1787125740000000000,1120.10,1120.60,1120.00,1120.00,10500
1787125800000000000,1120.10,1120.30,1119.50,1119.70,10580
1787125860000000000,1119.80,1120.30,1119.60,1120.00,7925
1787125920000000000,1120.00,1120.50,1119.90,1120.10,7932
1787125980000000000,1120.20,1120.20,1119.70,1120.00,6497
1787126040000000000,1120.00,1120.20,1120.00,1120.10,7669
1787126100000000000,1120.10,1120.30,1119.90,1120.00,6832
1787126160000000000,1120.10,1120.10,1119.70,1119.90,4940
1787126220000000000,1119.90,1120.30,1119.70,1120.30,8554
1787126280000000000,1120.20,1120.60,1119.90,1120.30,8181
1787126340000000000,1120.40,1120.60,1119.80,1119.90,7307
1787126400000000000,1120.00,1120.50,1119.60,1120.30,8074
1787126460000000000,1120.10,1120.30,1119.60,1119.70,5786
1787126520000000000,1119.70,1119.90,1119.50,1119.70,9209
1787126580000000000,1119.70,1119.90,1119.10,1119.20,4611
1787126640000000000,1119.30,1119.80,1119.20,1119.30,8492
1787126700000000000,1119.40,1119.70,1119.20,1119.40,7010
1787126760000000000,1119.50,1119.80,1119.20,1119.60,4947
1787126820000000000,1119.70,1120.20,1119.60,1119.70,7764
1787126880000000000,1119.80,1120.00,1119.60,1119.60,15444
1787126940000000000,1119.70,1120.00,1119.40,1119.90,18362
1787127000000000000,1119.90,1120.00,1119.50,1119.50,7184
1787127060000000000,1119.60,1120.00,1119.30,1119.60,11315
1787127120000000000,1119.60,1120.00,1119.50,1119.80,10855
1787127180000000000,1119.90,1120.00,1118.50,1118.50,25458
1787127240000000000,1118.60,1119.30,1117.70,1117.90,19718
1787127300000000000,1117.90,1118.40,1117.80,1117.90,10975
1787127360000000000,1118.00,1118.30,1117.80,1118.30,7348
1787127420000000000,1118.30,1118.60,1118.00,1118.10,5157
1787127480000000000,1118.10,1118.20,1118.00,1118.00,10974
1787127540000000000,1118.10,1118.20,1117.50,1117.90,10801
1787127600000000000,1117.90,1118.00,1117.50,1117.80,11783
1787127660000000000,1117.80,1118.00,1117.60,1117.90,7171
1787127720000000000,1118.00,1118.00,1117.80,1118.00,7922
1787127780000000000,1118.00,1118.00,1117.70,1117.80,15713
1787127840000000000,1118.00,1118.00,1117.60,1117.80,6839
1787127900000000000,1118.00,1118.60,1117.80,1118.10,20692
1787127960000000000,1118.10,1118.90,1118.00,1118.40,8317
1787128020000000000,1118.50,1118.60,1118.20,1118.20,5494
1787128080000000000,1118.30,1118.80,1117.80,1118.10,9382
1787128140000000000,1118.20,1118.40,1117.80,1117.90,6580
1787128200000000000,1118.00,1118.60,1117.00,1117.70,54160
1787128260000000000,1118.00,1118.00,1117.50,1117.80,16146
1787128320000000000,1117.80,1118.00,1117.20,1117.70,16510
1787128380000000000,1117.80,1118.00,1117.30,1117.80,19139
1787128440000000000,1118.00,1118.20,1117.50,1117.90,16167
1787128500000000000,1118.00,1118.80,1117.90,1118.30,15859
1787128560000000000,1118.40,1119.20,1118.10,1119.10,18215
1787128620000000000,1119.30,1119.40,1118.70,1118.70,10291
1787128680000000000,1118.80,1119.20,1118.40,1118.60,20861
1787128740000000000,1118.60,1118.90,1118.40,1118.50,8542
1787128800000000000,1118.70,1118.80,1118.40,1118.70,8757
1787128860000000000,1118.80,1121.10,1118.80,1120.90,76731
1787128920000000000,1120.90,1122.00,1120.40,1122.00,83098
1787128980000000000,1122.00,1122.30,1120.60,1120.80,17733
1787129040000000000,1120.90,1121.20,1120.10,1120.10,10496
1787129100000000000,1120.20,1120.20,1118.70,1118.70,20326
1787129160000000000,1118.70,1118.90,1118.30,1118.40,12002
1787129220000000000,1118.40,1118.70,1117.90,1118.30,43996
1787129280000000000,1118.40,1118.70,1118.30,1118.70,8968
1787129340000000000,1118.70,1118.70,1118.10,1118.10,13412
1787129400000000000,1118.20,1118.30,1117.70,1117.80,10577
1787129460000000000,1118.00,1118.00,1116.40,1117.20,49266
1787129520000000000,1117.40,1117.50,1116.40,1116.80,17490
1787129580000000000,1116.80,1117.10,1115.60,1116.30,41383
1787129640000000000,1116.30,1116.80,1116.10,1116.20,10914
1787129700000000000,1116.40,1116.60,1116.00,1116.50,22021
1787129760000000000,1116.50,1118.00,1116.20,1117.50,57534
1787129820000000000,1117.50,1118.00,1117.20,1117.60,12602
1787129880000000000,1117.60,1117.90,1117.50,1117.80,11583
1787129940000000000,1117.80,1118.70,1117.50,1118.10,23300
1787130000000000000,1118.10,1118.50,1117.80,1118.30,19962
1787130060000000000,1118.20,1118.70,1118.10,1118.60,16772
1787130120000000000,1118.50,1118.50,1118.10,1118.30,16252
1787130180000000000,1118.30,1118.90,1118.10,1118.40,19889
1787130240000000000,1118.40,1118.50,1118.20,1118.50,18048
1787130300000000000,1118.50,1119.90,1118.10,1118.90,104330
1787130360000000000,1119.00,1119.00,1118.00,1118.20,20265
1787130420000000000,1118.20,1118.80,1118.00,1118.20,17645
1787130480000000000,1118.10,1118.40,1117.60,1117.70,15568
1787130540000000000,1117.90,1118.30,1117.60,1117.70,14004
1787130600000000000,1117.70,1118.00,1116.90,1118.00,77943
1787130660000000000,1118.00,1118.00,1116.90,1117.20,39185
1787130720000000000,1117.30,1117.80,1117.20,1117.50,13399
1787130780000000000,1117.50,1117.90,1117.40,1117.50,11003
1787130840000000000,1117.50,1117.80,1116.90,1117.20,29420
1787130900000000000,1117.20,1117.70,1117.10,1117.20,22921
1787130960000000000,1117.20,1117.60,1117.10,1117.30,11590
1787131020000000000,1117.30,1117.30,1116.50,1116.50,16617
1787131080000000000,1116.90,1117.30,1116.40,1116.90,18011
1787131140000000000,1116.90,1117.30,1116.80,1117.00,17295
1787131200000000000,1116.90,1117.30,1116.70,1116.90,28618
1787131260000000000,1117.20,1117.50,1116.20,1116.80,34743
1787131320000000000,1116.60,1116.80,1116.20,1116.40,17283
1787131380000000000,1116.40,1116.90,1116.30,1116.90,14958
1787131440000000000,1116.80,1117.00,1116.30,1116.50,17544
1787131500000000000,1116.70,1117.00,1116.20,1116.30,25177
1787131560000000000,1116.30,1116.90,1115.60,1115.90,51817
1787131620000000000,1116.00,1116.40,1114.80,1116.00,93984
1787131680000000000,1116.00,1116.00,1115.30,1115.80,31146
1787131740000000000,1115.90,1116.40,1115.30,1115.80,37566
1787131800000000000,1115.70,1117.30,1115.70,1117.00,50388
1787131860000000000,1117.00,1117.50,1116.80,1117.00,42836
1787131920000000000,1117.00,1117.90,1116.80,1117.00,96908
1787131980000000000,1117.00,1117.60,1116.80,1117.20,23413
1787132040000000000,1117.10,1117.80,1116.90,1116.90,34585
1787132100000000000,1117.00,1117.30,1115.60,1116.00,162992
1787132160000000000,1115.60,1116.30,1114.60,1115.00,126004
1787132220000000000,1115.00,1115.20,1114.70,1114.90,56879
1787132280000000000,1115.00,1115.30,1114.90,1114.90,66385
1787132340000000000,1115.00,1116.30,1114.60,1116.00,93909
1787132400000000000,1115.90,1116.80,1115.70,1116.60,46115
1787132460000000000,1116.70,1117.00,1116.60,1117.00,30388
1787132520000000000,1117.00,1117.60,1116.40,1117.40,62091
1787132580000000000,1117.50,1118.00,1117.40,1117.80,18246
1787132640000000000,1117.70,1120.50,1117.70,1119.70,41961
1787132700000000000,1119.70,1119.70,1119.70,1119.70,0
1787132760000000000,1119.70,1119.70,1119.70,1119.70,0
1787132820000000000,1119.70,1119.70,1119.70,1119.70,0
1787132880000000000,1119.70,1119.70,1119.70,1119.70,0
1787132940000000000,1119.70,1119.70,1119.70,1119.70,0
1787133000000000000,1119.70,1119.70,1119.70,1119.70,0
1787133060000000000,1119.70,1119.70,1119.70,1119.70,0
1787133120000000000,1119.70,1119.70,1119.70,1119.70,0
1787133180000000000,1119.70,1119.70,1119.70,1119.70,0
1787133240000000000,1119.70,1119.70,1119.70,1119.70,0
1787133300000000000,1119.70,1119.70,1119.70,1119.70,0
1787133360000000000,1119.70,1119.70,1119.70,1119.70,0
1787133420000000000,1119.70,1119.70,1119.70,1119.70,0
1787133480000000000,1119.70,1119.70,1119.70,1119.70,0
1787133540000000000,1119.80,1119.80,1119.80,1119.80,252504
1787197500000000000,1143.00,1144.70,1136.59,1139.00,454387
1787197560000000000,1139.00,1139.59,1137.00,1137.30,83436
1787197620000000000,1137.50,1138.59,1136.00,1136.00,54635
1787197680000000000,1136.20,1136.20,1133.80,1134.90,67813
1787197740000000000,1135.00,1135.20,1133.00,1133.40,39649
1787197800000000000,1133.40,1135.50,1133.09,1134.09,38887
1787197860000000000,1134.09,1136.00,1133.70,1135.40,42174
1787197920000000000,1135.40,1136.70,1135.00,1135.80,40382
1787197980000000000,1136.09,1136.70,1135.50,1136.50,29559
1787198040000000000,1136.59,1136.70,1135.09,1136.30,33512
1787198100000000000,1136.30,1136.80,1135.90,1136.50,21663
1787198160000000000,1136.50,1137.70,1136.09,1136.90,35120
1787198220000000000,1136.90,1137.59,1136.50,1137.40,20224
1787198280000000000,1137.40,1137.40,1136.80,1137.20,15891
1787198340000000000,1137.20,1137.40,1135.80,1136.20,14559
1787198400000000000,1136.30,1138.00,1135.20,1138.00,42461
1787198460000000000,1137.90,1140.80,1137.50,1140.40,81556
1787198520000000000,1140.40,1140.59,1138.70,1139.00,36071
1787198580000000000,1139.00,1140.00,1138.70,1139.90,20012
1787198640000000000,1139.90,1141.30,1139.90,1141.30,32944
1787198700000000000,1141.40,1142.30,1141.09,1141.70,32288
1787198760000000000,1141.90,1143.00,1141.50,1141.90,54422
1787198820000000000,1142.30,1142.80,1139.90,1140.09,41371
1787198880000000000,1140.20,1140.90,1138.59,1140.70,49750
1787198940000000000,1140.50,1141.70,1140.09,1141.40,25347
1787199000000000000,1141.40,1142.00,1141.00,1141.90,14425
1787199060000000000,1141.90,1142.00,1140.59,1141.50,18037
1787199120000000000,1141.30,1141.90,1140.70,1141.70,38008
1787199180000000000,1141.70,1141.80,1141.40,1141.59,29638
1787199240000000000,1141.59,1141.80,1140.00,1140.30,27334
1787199300000000000,1140.70,1141.70,1140.59,1141.40,48288
1787199360000000000,1141.40,1141.70,1140.70,1141.09,31245
1787199420000000000,1140.90,1141.40,1140.00,1140.80,15315
1787199480000000000,1141.20,1141.30,1140.70,1141.20,12812
1787199540000000000,1141.20,1141.30,1140.30,1140.59,12109
1787199600000000000,1140.50,1140.90,1140.09,1140.40,9677
1787199660000000000,1140.40,1140.59,1139.30,1139.50,13550
1787199720000000000,1139.50,1140.00,1139.30,1139.80,21248
1787199780000000000,1139.80,1139.80,1139.30,1139.50,18704
1787199840000000000,1139.50,1139.50,1138.90,1139.00,21196
1787199900000000000,1139.20,1140.90,1139.20,1140.50,72293
1787199960000000000,1140.50,1140.59,1139.50,1139.70,9330
1787200020000000000,1140.30,1140.30,1139.30,1139.90,4774
1787200080000000000,1139.90,1139.90,1138.59,1139.09,8540
1787200140000000000,1139.50,1139.50,1138.80,1139.00,7760
1787200200000000000,1139.09,1140.00,1139.00,1139.80,12545
1787200260000000000,1140.00,1140.80,1139.90,1140.80,22248
1787200320000000000,1140.59,1140.90,1139.90,1139.90,11547
1787200380000000000,1140.30,1140.70,1139.80,1140.59,8979
1787200440000000000,1140.59,1140.70,1140.00,1140.50,5558
1787200500000000000,1140.59,1142.00,1140.00,1141.70,17290
1787200560000000000,1141.90,1142.70,1141.50,1142.50,33795
1787200620000000000,1142.59,1142.80,1141.30,1142.30,17077
1787200680000000000,1142.30,1142.90,1141.70,1142.50,25279
1787200740000000000,1142.70,1142.90,1140.50,1140.70,6341
1787200800000000000,1140.70,1141.00,1139.09,1139.50,9340
1787200860000000000,1139.09,1139.70,1138.50,1138.50,13738
1787200920000000000,1138.90,1139.00,1138.09,1139.00,12966
1787200980000000000,1139.00,1139.50,1138.50,1139.40,2665
1787201040000000000,1139.20,1139.90,1138.59,1139.40,9119
1787201100000000000,1139.40,1139.50,1138.90,1139.00,5404
1787201160000000000,1139.20,1139.50,1138.59,1139.00,11865
1787201220000000000,1138.90,1139.59,1138.50,1139.00,7261
1787201280000000000,1138.80,1139.00,1138.50,1138.80,2799
1787201340000000000,1138.80,1139.50,1138.80,1139.30,4534
1787201400000000000,1139.40,1139.50,1138.30,1138.40,10445
1787201460000000000,1138.50,1139.30,1138.50,1139.00,7456
1787201520000000000,1139.20,1139.50,1139.00,1139.00,3901
1787201580000000000,1139.20,1139.40,1138.59,1139.40,9468
1787201640000000000,1139.20,1139.30,1138.50,1138.90,5022
1787201700000000000,1139.20,1139.50,1137.00,1137.00,30717
1787201760000000000,1137.30,1137.70,1136.59,1137.30,19101
1787201820000000000,1137.40,1138.00,1137.30,1137.59,2769
1787201880000000000,1137.50,1138.30,1137.20,1137.20,9040
1787201940000000000,1137.20,1137.70,1136.80,1137.20,12867
1787202000000000000,1137.20,1137.59,1136.80,1137.00,4523
1787202060000000000,1137.09,1137.30,1136.20,1136.80,8154
1787202120000000000,1136.40,1138.40,1136.40,1138.30,9825
1787202180000000000,1138.20,1138.50,1137.30,1137.50,13120
1787202240000000000,1137.40,1138.00,1137.20,1137.59,6147
1787202300000000000,1137.80,1137.80,1137.00,1137.50,3776
1787202360000000000,1137.30,1137.40,1136.30,1136.59,10630
1787202420000000000,1136.59,1137.09,1136.50,1137.00,3109
1787202480000000000,1137.00,1137.59,1136.90,1137.30,3384
1787202540000000000,1137.40,1137.80,1136.80,1136.80,4791
1787202600000000000,1136.90,1137.00,1136.70,1136.90,2744
1787202660000000000,1137.00,1137.70,1136.90,1137.30,4519
1787202720000000000,1137.30,1137.90,1136.59,1136.59,6996
1787202780000000000,1136.70,1137.20,1136.70,1137.20,2602
1787202840000000000,1137.00,1137.30,1136.50,1137.30,16036
1787202900000000000,1137.40,1137.90,1137.00,1137.59,6010
1787202960000000000,1137.50,1138.00,1137.40,1137.59,9325
1787203020000000000,1137.80,1138.70,1137.59,1138.30,13283
1787203080000000000,1138.20,1139.00,1137.70,1138.90,73335
1787203140000000000,1139.00,1140.00,1138.90,1139.30,18028
1787203200000000000,1139.40,1139.90,1139.30,1139.70,8379
1787203260000000000,1139.80,1140.00,1138.59,1138.59,15421
1787203320000000000,1138.70,1138.90,1138.09,1138.40,10436
1787203380000000000,1138.50,1139.00,1138.40,1139.00,9781
1787203440000000000,1138.90,1139.00,1138.59,1139.00,10849
1787203500000000000,1139.00,1139.09,1138.30,1138.40,12045
1787203560000000000,1138.50,1139.20,1138.40,1138.70,6220
1787203620000000000,1138.80,1139.20,1138.59,1138.80,11008
1787203680000000000,1138.70,1138.80,1138.20,1138.50,8100
1787203740000000000,1138.59,1139.00,1138.00,1138.59,10184
1787203800000000000,1138.70,1139.50,1138.59,1139.09,17580
1787203860000000000,1138.90,1139.09,1137.09,1137.09,11053
1787203920000000000,1137.20,1137.20,1135.59,1135.90,58449
1787203980000000000,1135.80,1136.40,1135.70,1136.20,12547
1787204040000000000,1136.30,1136.70,1135.50,1135.50,6486
1787204100000000000,1135.59,1136.00,1135.50,1135.59,7358
1787204160000000000,1135.50,1135.59,1134.09,1134.70,32465
1787204220000000000,1134.59,1134.80,1134.09,1134.09,10040
1787204280000000000,1134.09,1134.30,1133.40,1134.20,16264
1787204340000000000,1134.20,1134.20,1133.30,1133.40,15385
1787204400000000000,1133.30,1134.00,1133.00,1133.50,15474
1787204460000000000,1133.40,1134.00,1133.00,1133.09,19813
1787204520000000000,1133.09,1133.50,1131.59,1131.70,41776
1787204580000000000,1131.70,1131.90,1131.00,1131.09,25678
1787204640000000000,1131.09,1131.50,1130.59,1131.20,19351
1787204700000000000,1131.09,1131.40,1130.00,1130.40,29884
1787204760000000000,1130.59,1131.00,1130.30,1130.59,9371
1787204820000000000,1130.59,1131.90,1130.50,1131.80,24356
1787204880000000000,1131.59,1131.90,1130.30,1130.40,18191
1787204940000000000,1130.40,1131.00,1129.40,1130.59,33059
1787205000000000000,1130.50,1130.90,1129.40,1129.50,10648
1787205060000000000,1129.70,1130.00,1129.20,1129.40,10153
1787205120000000000,1129.50,1129.59,1128.50,1128.70,15704
1787205180000000000,1128.59,1129.59,1128.59,1128.59,19474
1787205240000000000,1128.70,1129.50,1128.50,1129.09,10860
1787205300000000000,1129.09,1130.20,1129.09,1129.30,16547
1787205360000000000,1129.40,1129.70,1129.09,1129.09,13084
1787205420000000000,1129.20,1129.80,1129.00,1129.09,8026
1787205480000000000,1129.30,1129.50,1128.50,1128.90,9804
1787205540000000000,1128.90,1129.30,1128.40,1128.59,10598
1787205600000000000,1128.59,1129.59,1128.59,1129.50,6476
1787205660000000000,1129.40,1129.80,1128.30,1128.59,23536
1787205720000000000,1128.50,1129.00,1128.09,1128.09,12281
1787205780000000000,1128.09,1128.40,1128.00,1128.20,8256
1787205840000000000,1128.09,1128.30,1127.00,1127.09,25926
1787205900000000000,1127.09,1127.70,1127.00,1127.09,11296
1787205960000000000,1127.30,1127.50,1126.70,1127.40,14368
1787206020000000000,1127.50,1127.50,1126.50,1126.50,16541
1787206080000000000,1126.70,1127.09,1126.40,1126.90,13195
1787206140000000000,1126.80,1127.30,1126.59,1126.70,10300
1787206200000000000,1126.70,1127.09,1126.50,1126.50,6009
1787206260000000000,1126.59,1126.90,1125.70,1126.40,26447
1787206320000000000,1126.50,1129.70,1126.50,1129.40,38864
1787206380000000000,1129.30,1129.70,1128.59,1129.09,36888
1787206440000000000,1129.20,1130.00,1129.09,1129.50,26956
1787206500000000000,1129.59,1130.50,1129.50,1130.00,24693
1787206560000000000,1130.09,1131.00,1130.00,1130.90,30113
1787206620000000000,1131.00,1131.50,1129.90,1131.50,43706
1787206680000000000,1131.50,1131.80,1131.09,1131.40,26341
1787206740000000000,1131.50,1132.00,1130.50,1130.70,29733
1787206800000000000,1130.90,1132.20,1130.80,1132.00,22789
1787206860000000000,1132.00,1132.50,1131.70,1131.70,24281
1787206920000000000,1131.70,1132.59,1131.70,1132.59,22548
1787206980000000000,1132.59,1132.70,1132.40,1132.70,23074
1787207040000000000,1132.70,1132.80,1131.80,1132.00,19435
1787207100000000000,1132.20,1132.40,1131.40,1131.40,19899
1787207160000000000,1131.70,1132.50,1131.40,1132.20,16270
1787207220000000000,1132.40,1132.40,1131.50,1132.20,17818
1787207280000000000,1132.09,1132.09,1130.50,1131.00,34879
1787207340000000000,1130.80,1131.00,1130.59,1131.00,13008
1787207400000000000,1130.90,1131.30,1130.70,1131.09,14832
1787207460000000000,1131.09,1131.20,1130.59,1131.09,20993
1787207520000000000,1131.09,1131.40,1130.30,1130.40,15509
1787207580000000000,1130.59,1130.80,1129.80,1129.90,19232
1787207640000000000,1130.00,1130.50,1129.80,1130.40,15613
1787207700000000000,1130.40,1130.90,1129.59,1129.70,21514
1787207760000000000,1129.70,1130.20,1129.40,1129.59,15547
1787207820000000000,1129.90,1130.50,1129.50,1129.90,19066
1787207880000000000,1129.70,1130.30,1129.09,1129.09,18401
1787207940000000000,1129.09,1130.00,1129.00,1129.40,36357
1787208000000000000,1129.40,1129.80,1128.80,1129.09,14004
1787208060000000000,1129.09,1130.00,1129.00,1129.70,18843
1787208120000000000,1129.59,1129.90,1128.70,1128.90,22785
1787208180000000000,1128.80,1129.30,1128.20,1128.50,24547
1787208240000000000,1128.59,1128.90,1128.20,1128.40,16443
1787208300000000000,1128.40,1129.50,1128.30,1129.50,24462
1787208360000000000,1129.30,1131.00,1129.30,1131.00,46879
1787208420000000000,1130.90,1131.00,1129.30,1129.30,25531
1787208480000000000,1129.40,1130.00,1129.30,1129.90,17938
1787208540000000000,1130.00,1130.00,1129.59,1129.80,19538
1787208600000000000,1129.90,1130.00,1129.30,1129.80,27257
1787208660000000000,1129.70,1130.00,1129.50,1129.59,14632
1787208720000000000,1129.80,1131.09,1129.50,1131.09,31645
1787208780000000000,1131.00,1131.40,1130.70,1130.70,16255
1787208840000000000,1130.80,1131.09,1129.80,1130.00,18048
1787208900000000000,1130.09,1130.50,1129.80,1130.00,14369
1787208960000000000,1130.40,1130.40,1129.80,1130.20,15305
1787209020000000000,1130.20,1131.00,1130.00,1130.80,16830
1787209080000000000,1130.70,1131.00,1130.40,1131.00,13175
1787209140000000000,1130.80,1131.20,1130.09,1131.09,16788
1787209200000000000,1130.90,1131.40,1130.70,1130.90,14902
1787209260000000000,1131.00,1131.70,1130.40,1130.70,19059
1787209320000000000,1130.80,1131.50,1130.40,1130.40,18356
1787209380000000000,1130.50,1131.00,1130.30,1131.00,11999
1787209440000000000,1131.00,1131.30,1130.70,1130.80,13048
1787209500000000000,1131.20,1131.50,1130.09,1130.70,20400
1787209560000000000,1130.70,1131.00,1130.09,1130.09,16840
1787209620000000000,1130.20,1130.80,1130.09,1130.20,14031
1787209680000000000,1130.30,1130.80,1129.80,1129.80,34592
1787209740000000000,1129.90,1130.30,1129.80,1129.90,23681
1787209800000000000,1130.00,1130.20,1129.90,1130.00,17354
1787209860000000000,1130.00,1130.00,1129.00,1129.09,25309
1787209920000000000,1129.09,1129.09,1128.30,1128.40,27150
1787209980000000000,1128.50,1129.30,1128.30,1128.30,18877
1787210040000000000,1128.40,1129.20,1128.30,1128.70,23935
1787210100000000000,1128.70,1129.50,1128.70,1129.40,14431
1787210160000000000,1129.20,1129.50,1129.00,1129.30,28057
1787210220000000000,1129.40,1129.90,1128.80,1129.80,28962
1787210280000000000,1129.90,1130.80,1129.30,1129.90,71412
1787210340000000000,1130.00,1130.00,1128.70,1128.70,23231
1787210400000000000,1128.90,1130.00,1128.50,1130.00,31295
1787210460000000000,1130.00,1131.20,1129.70,1131.20,40010
1787210520000000000,1131.20,1132.40,1131.09,1132.09,37638
1787210580000000000,1132.20,1132.40,1131.70,1132.00,22042
1787210640000000000,1132.00,1133.59,1131.70,1133.50,31921
1787210700000000000,1133.40,1133.59,1132.40,1132.90,43493
1787210760000000000,1133.09,1133.30,1132.30,1132.80,27940
1787210820000000000,1132.80,1133.59,1132.59,1133.59,41901
1787210880000000000,1133.70,1133.90,1133.20,1133.70,20564
1787210940000000000,1133.80,1134.00,1133.40,1133.70,20364
1787211000000000000,1133.70,1134.00,1133.40,1134.00,17521
1787211060000000000,1134.00,1134.09,1133.59,1133.80,18010
1787211120000000000,1133.80,1134.30,1133.30,1134.30,20368
1787211180000000000,1134.30,1135.00,1134.00,1135.00,29806
1787211240000000000,1135.00,1135.00,1134.09,1134.40,27828
1787211300000000000,1134.40,1134.80,1134.20,1134.40,18999
1787211360000000000,1134.50,1134.50,1133.59,1133.80,22608
1787211420000000000,1133.90,1134.09,1133.50,1133.59,14037
1787211480000000000,1133.70,1134.09,1133.50,1134.00,27835
1787211540000000000,1134.00,1134.00,1133.50,1133.70,14972
1787211600000000000,1133.70,1134.59,1133.20,1133.70,30857
1787211660000000000,1133.80,1134.00,1133.00,1133.00,20077
1787211720000000000,1133.50,1133.50,1132.70,1133.00,23862
1787211780000000000,1133.00,1134.50,1132.90,1134.50,22383
1787211840000000000,1134.50,1135.00,1134.30,1134.80,22563
1787211900000000000,1134.80,1135.00,1134.59,1135.00,19670
1787211960000000000,1135.00,1135.50,1134.30,1134.70,30199
1787212020000000000,1134.70,1134.90,1134.09,1134.50,15203
1787212080000000000,1134.90,1134.90,1134.00,1134.80,20976
1787212140000000000,1134.80,1135.00,1134.50,1135.00,24646
1787212200000000000,1135.00,1135.90,1134.30,1135.50,24833
1787212260000000000,1135.59,1135.80,1135.00,1135.09,16428
1787212320000000000,1135.09,1135.90,1135.00,1135.30,16827
1787212380000000000,1135.70,1135.90,1135.30,1135.70,17763
1787212440000000000,1135.70,1135.90,1135.20,1135.70,19162
1787212500000000000,1135.59,1136.40,1135.59,1136.30,18813
1787212560000000000,1136.00,1136.40,1135.59,1135.59,17120
1787212620000000000,1135.70,1135.90,1135.50,1135.50,18588
1787212680000000000,1135.59,1135.80,1134.80,1135.40,18755
1787212740000000000,1135.40,1136.30,1135.40,1136.09,19424
1787212800000000000,1136.20,1136.30,1135.30,1135.40,16796
1787212860000000000,1135.40,1136.09,1135.30,1135.59,16207
1787212920000000000,1135.90,1136.20,1135.70,1136.09,16029
1787212980000000000,1136.00,1136.20,1135.59,1135.59,22395
1787213040000000000,1135.70,1135.90,1134.70,1135.09,25828
1787213100000000000,1135.09,1135.59,1135.00,1135.59,18299
1787213160000000000,1135.59,1136.20,1135.50,1135.70,18399
1787213220000000000,1135.90,1136.30,1135.70,1136.09,16740
1787213280000000000,1136.09,1136.20,1135.59,1135.70,16796
1787213340000000000,1136.09,1136.70,1135.70,1136.40,22120
1787213400000000000,1136.50,1137.00,1136.20,1136.90,23807
1787213460000000000,1137.00,1137.50,1136.90,1137.09,27979
1787213520000000000,1137.09,1137.59,1137.00,1137.59,21867
1787213580000000000,1137.59,1138.00,1137.40,1138.00,23172
1787213640000000000,1137.59,1138.40,1137.59,1138.00,25159
1787213700000000000,1138.09,1138.59,1138.00,1138.09,19074
1787213760000000000,1138.30,1139.40,1138.30,1139.00,34656
1787213820000000000,1139.40,1139.50,1138.70,1138.90,20228
1787213880000000000,1138.90,1138.90,1138.30,1138.50,13806
1787213940000000000,1138.90,1139.09,1138.30,1138.30,19144
1787214000000000000,1138.40,1138.70,1136.00,1136.40,31588
1787214060000000000,1136.70,1137.20,1136.09,1136.50,64848
1787214120000000000,1136.40,1136.50,1135.50,1135.80,17414
1787214180000000000,1135.80,1136.00,1135.50,1135.80,19369
1787214240000000000,1135.80,1135.90,1135.00,1135.90,28159
1787214300000000000,1135.70,1135.80,1134.09,1134.90,27010
1787214360000000000,1134.80,1135.00,1134.40,1134.59,19988
1787214420000000000,1134.59,1134.90,1134.09,1134.80,15847
1787214480000000000,1134.70,1134.90,1133.59,1133.80,20624
1787214540000000000,1133.70,1134.50,1133.59,1134.00,19861
1787214600000000000,1134.20,1135.00,1134.00,1134.40,18739
1787214660000000000,1134.30,1134.50,1133.59,1134.00,16872
1787214720000000000,1134.00,1134.30,1133.50,1133.59,21791
1787214780000000000,1133.70,1134.30,1133.50,1133.70,17442
1787214840000000000,1133.59,1134.20,1133.59,1133.90,15694
1787214900000000000,1133.90,1134.00,1130.30,1131.50,81350
1787214960000000000,1131.59,1132.20,1131.30,1131.90,29348
1787215020000000000,1131.90,1132.20,1131.50,1132.00,46358
1787215080000000000,1132.00,1132.00,1131.80,1132.00,15426
1787215140000000000,1132.00,1133.00,1131.90,1132.50,23929
1787215200000000000,1132.50,1133.00,1132.00,1132.50,16423
1787215260000000000,1132.70,1133.20,1132.30,1132.30,17833
1787215320000000000,1132.59,1133.50,1132.30,1133.50,16956
1787215380000000000,1133.40,1134.00,1132.90,1133.80,16602
1787215440000000000,1133.90,1134.59,1133.40,1134.50,15716
1787215500000000000,1134.50,1134.59,1133.50,1133.80,16957
1787215560000000000,1133.80,1134.20,1133.20,1133.20,16099
1787215620000000000,1133.30,1134.50,1133.20,1134.40,15763
1787215680000000000,1134.30,1135.00,1134.00,1134.80,37463
1787215740000000000,1134.90,1135.40,1134.50,1134.59,49623
1787215800000000000,1134.59,1135.20,1134.20,1134.30,40988
1787215860000000000,1134.30,1135.00,1133.59,1134.80,49931
1787215920000000000,1134.80,1135.00,1134.09,1134.20,36890
1787215980000000000,1134.30,1134.90,1134.20,1134.50,39231
1787216040000000000,1134.40,1134.59,1133.40,1133.90,50171
1787216100000000000,1134.00,1134.20,1133.09,1133.70,48411
1787216160000000000,1133.59,1134.40,1133.40,1133.90,46965
1787216220000000000,1134.00,1134.00,1132.59,1133.40,45063
1787216280000000000,1133.50,1134.50,1132.50,1132.70,59561
1787216340000000000,1132.90,1133.20,1132.20,1132.80,28290
1787216400000000000,1132.90,1132.90,1132.00,1132.20,27507
1787216460000000000,1132.20,1132.80,1132.00,1132.50,28627
1787216520000000000,1132.70,1133.30,1132.20,1132.80,33369
1787216580000000000,1132.59,1134.00,1130.80,1131.09,71532
1787216640000000000,1131.00,1131.40,1130.00,1131.40,16261
1787216700000000000,1131.40,1131.50,1130.70,1131.09,9091
1787216760000000000,1131.09,1131.50,1130.90,1131.30,9554
1787216820000000000,1131.30,1131.70,1130.50,1130.80,10490
1787216880000000000,1130.70,1131.40,1130.40,1131.20,11321
1787216940000000000,1131.20,1131.30,1130.50,1130.59,9392
1787217000000000000,1130.80,1131.40,1130.59,1131.40,11156
1787217060000000000,1131.50,1131.70,1130.30,1130.90,14086
1787217120000000000,1131.00,1131.40,1130.30,1131.40,9799
1787217180000000000,1131.30,1131.50,1130.40,1130.80,11930
1787217240000000000,1130.70,1130.80,1129.09,1129.40,14186
1787217300000000000,1129.40,1129.59,1128.70,1128.80,21692
1787217360000000000,1128.80,1130.00,1128.50,1129.20,17226
1787217420000000000,1129.20,1129.80,1129.09,1129.70,10895
1787217480000000000,1129.50,1130.50,1129.30,1129.70,13446
1787217540000000000,1129.70,1130.09,1129.30,1129.50,18814
1787217600000000000,1129.70,1132.00,1129.00,1130.59,91058
1787217660000000000,1130.59,1131.09,1130.00,1130.30,10394
1787217720000000000,1130.00,1130.80,1129.70,1129.70,13296
1787217780000000000,1129.70,1130.09,1129.09,1129.30,13845
1787217840000000000,1129.30,1130.00,1129.30,1129.59,12845
1787217900000000000,1129.50,1129.80,1128.59,1128.90,25471
1787217960000000000,1129.09,1129.50,1128.70,1128.90,20522
1787218020000000000,1128.90,1129.80,1128.90,1129.00,22739
1787218080000000000,1129.00,1129.40,1128.50,1129.20,15097
1787218140000000000,1128.80,1129.50,1128.70,1129.00,14146
1787218200000000000,1129.00,1130.40,1128.80,1130.09,26509
1787218260000000000,1130.09,1130.09,1129.50,1129.50,20512
1787218320000000000,1129.50,1130.00,1129.40,1129.50,15329
1787218380000000000,1129.50,1130.09,1129.40,1129.70,20080
1787218440000000000,1129.59,1130.09,1129.59,1129.70,20436
1787218500000000000,1129.70,1130.09,1129.00,1129.50,30507
1787218560000000000,1129.00,1129.70,1128.90,1129.00,31122
1787218620000000000,1129.20,1129.40,1128.50,1129.00,21454
1787218680000000000,1128.90,1129.00,1128.50,1129.00,17968
1787218740000000000,1128.59,1129.70,1128.50,1129.20,39654
1787218800000000000,1129.50,1129.70,1128.90,1129.09,30193
1787218860000000000,1129.50,1130.00,1128.50,1128.50,31650
1787218920000000000,1128.50,1129.00,1128.00,1128.90,52304
1787218980000000000,1128.50,1129.00,1128.20,1129.00,29850
1787219040000000000,1128.90,1130.00,1128.50,1129.40,26742
1787219100000000000,1129.40,1129.40,1129.40,1129.40,0
1787219160000000000,1129.40,1129.40,1129.40,1129.40,0
1787219220000000000,1129.40,1129.40,1129.40,1129.40,0
1787219280000000000,1129.40,1129.40,1129.40,1129.40,0
1787219340000000000,1129.40,1129.40,1129.40,1129.40,0
1787219400000000000,1129.40,1129.40,1129.40,1129.40,0
1787219460000000000,1129.40,1129.40,1129.40,1129.40,0
1787219520000000000,1129.40,1129.40,1129.40,1129.40,0
1787219580000000000,1129.40,1129.40,1129.40,1129.40,0
1787219640000000000,1129.40,1129.40,1129.40,1129.40,0
1787219700000000000,1129.40,1129.40,1129.40,1129.40,0
1787219760000000000,1129.40,1129.40,1129.40,1129.40,0
1787219820000000000,1129.40,1129.40,1129.40,1129.40,0
1787219880000000000,1129.40,1129.40,1129.40,1129.40,0
1787219940000000000,1130.00,1130.00,1130.00,1130.00,163054
1787283900000000000,1133.00,1133.20,1123.60,1124.50,120622
1787283960000000000,1124.70,1125.60,1121.90,1122.10,36646
1787284020000000000,1122.00,1123.00,1120.60,1121.30,31287
1787284080000000000,1121.30,1122.20,1119.60,1120.70,40815
1787284140000000000,1121.10,1121.80,1120.50,1121.70,20910
1787284200000000000,1121.20,1123.70,1120.70,1121.90,30758
1787284260000000000,1121.90,1122.90,1121.50,1122.40,11400
1787284320000000000,1122.00,1122.50,1121.10,1121.60,24407
1787284380000000000,1121.50,1124.50,1121.20,1124.50,26481
1787284440000000000,1124.50,1124.80,1124.00,1124.10,16048
1787284500000000000,1124.20,1124.90,1123.60,1124.50,12167
1787284560000000000,1124.90,1126.00,1124.00,1124.40,23544
1787284620000000000,1124.40,1124.80,1123.20,1124.00,16506
1787284680000000000,1123.70,1124.70,1123.60,1123.60,19997
1787284740000000000,1123.60,1124.00,1122.00,1122.30,22782
1787284800000000000,1122.30,1122.90,1121.20,1122.90,21938
1787284860000000000,1122.90,1123.10,1121.30,1121.30,15375
1787284920000000000,1121.60,1121.90,1120.50,1120.50,18452
1787284980000000000,1120.90,1121.00,1118.10,1118.60,62477
1787285040000000000,1118.70,1120.40,1118.10,1119.90,20530
1787285100000000000,1119.90,1120.70,1119.20,1119.80,19478
1787285160000000000,1120.00,1120.60,1119.60,1120.10,20839
1787285220000000000,1120.00,1120.70,1119.60,1119.90,15173
1787285280000000000,1119.80,1120.70,1119.80,1120.30,14228
1787285340000000000,1120.30,1120.40,1119.80,1119.80,13235
1787285400000000000,1119.80,1121.90,1119.80,1121.40,18811
1787285460000000000,1121.50,1122.30,1121.00,1122.10,13978
1787285520000000000,1122.10,1122.90,1122.00,1122.10,24648
1787285580000000000,1122.20,1122.60,1122.00,1122.00,8807
1787285640000000000,1122.00,1122.90,1122.00,1122.60,11663
1787285700000000000,1122.60,1123.60,1122.60,1123.10,13816
1787285760000000000,1123.40,1123.70,1122.20,1122.60,17866
1787285820000000000,1122.60,1123.50,1122.30,1122.90,10342
1787285880000000000,1122.90,1124.40,1122.90,1124.10,16193
1787285940000000000,1124.00,1124.40,1123.80,1123.80,11973
1787286000000000000,1123.90,1124.50,1123.40,1124.40,13009
1787286060000000000,1124.50,1125.90,1124.40,1125.90,21676
1787286120000000000,1125.80,1126.90,1125.70,1125.70,25913
1787286180000000000,1125.90,1130.60,1125.70,1130.10,53418
1787286240000000000,1130.30,1130.30,1128.70,1129.00,28380
1787286300000000000,1129.00,1129.30,1128.00,1128.90,20349
1787286360000000000,1128.80,1129.30,1128.10,1129.00,22026
1787286420000000000,1129.00,1129.30,1128.30,1128.60,13817
1787286480000000000,1128.70,1129.10,1128.70,1129.00,9796
1787286540000000000,1129.00,1129.00,1128.70,1128.80,13428
1787286600000000000,1128.70,1128.80,1127.70,1127.70,11532
1787286660000000000,1127.70,1128.20,1127.30,1127.40,15955
1787286720000000000,1127.40,1127.50,1126.30,1126.80,21603
1787286780000000000,1126.80,1127.70,1126.20,1127.60,74136
1787286840000000000,1127.60,1128.10,1127.50,1127.60,13754
1787286900000000000,1127.60,1127.60,1126.00,1126.00,16976
1787286960000000000,1126.20,1127.90,1126.00,1127.50,13168
1787287020000000000,1127.70,1128.00,1127.00,1127.20,13127
1787287080000000000,1127.20,1127.20,1126.70,1126.80,8435
1787287140000000000,1126.80,1127.00,1126.50,1126.80,8397
1787287200000000000,1126.90,1127.30,1126.60,1127.20,7623
1787287260000000000,1127.10,1128.00,1126.80,1128.00,8312
1787287320000000000,1128.00,1128.40,1127.30,1128.20,12848
1787287380000000000,1128.10,1128.50,1127.20,1128.40,10245
1787287440000000000,1128.10,1128.40,1127.30,1127.40,9842
1787287500000000000,1127.30,1127.70,1127.00,1127.20,12063
1787287560000000000,1127.20,1127.40,1126.90,1127.00,11128
1787287620000000000,1127.20,1127.20,1126.00,1126.60,16400
1787287680000000000,1126.30,1126.70,1126.20,1126.60,7365
1787287740000000000,1126.30,1127.20,1126.30,1126.90,7949
1787287800000000000,1126.90,1127.40,1126.90,1127.40,8129
1787287860000000000,1127.20,1128.40,1127.10,1128.40,8272
1787287920000000000,1128.10,1128.50,1128.00,1128.10,9780
1787287980000000000,1128.10,1130.80,1128.10,1130.40,47417
1787288040000000000,1130.60,1130.80,1130.10,1130.60,11914
1787288100000000000,1130.60,1130.60,1129.20,1129.50,13162
1787288160000000000,1129.50,1132.00,1129.20,1132.00,20618
1787288220000000000,1132.00,1132.00,1130.10,1130.10,16763
1787288280000000000,1130.30,1131.30,1130.00,1130.70,13809
1787288340000000000,1130.50,1131.70,1130.50,1131.30,8561
1787288400000000000,1131.30,1131.60,1130.40,1130.60,19789
1787288460000000000,1130.60,1132.80,1130.40,1132.10,24324
1787288520000000000,1132.10,1132.10,1131.30,1131.60,12485
1787288580000000000,1131.50,1132.50,1131.30,1132.30,19787
1787288640000000000,1132.30,1132.90,1132.30,1132.50,9708
1787288700000000000,1132.70,1132.70,1131.70,1131.90,9501
1787288760000000000,1132.00,1132.50,1131.90,1132.30,8628
1787288820000000000,1132.20,1132.30,1131.50,1131.70,16399
1787288880000000000,1131.60,1132.00,1131.60,1131.90,8169
1787288940000000000,1131.90,1132.00,1131.10,1131.40,11431
1787289000000000000,1131.40,1131.50,1130.90,1131.50,7110
1787289060000000000,1131.50,1131.70,1131.40,1131.70,9039
1787289120000000000,1131.70,1131.80,1131.50,1131.60,14297
1787289180000000000,1131.60,1132.70,1131.50,1132.10,13051
1787289240000000000,1132.10,1132.10,1130.10,1130.80,13709
1787289300000000000,1130.80,1132.00,1130.30,1131.30,25064
1787289360000000000,1130.90,1131.30,1130.50,1130.60,11476
1787289420000000000,1130.50,1130.60,1129.00,1129.30,19663
1787289480000000000,1129.20,1129.20,1128.10,1128.70,18590
1787289540000000000,1128.30,1129.60,1128.10,1128.20,40529
1787289600000000000,1128.20,1129.90,1128.10,1129.50,14774
1787289660000000000,1129.70,1130.00,1128.80,1129.60,12197
1787289720000000000,1129.60,1129.90,1129.40,1129.60,8457
1787289780000000000,1129.70,1130.30,1129.60,1130.30,12801
1787289840000000000,1130.30,1130.60,1129.90,1130.50,14629
1787289900000000000,1130.20,1131.20,1130.20,1130.90,11930
1787289960000000000,1130.70,1130.80,1130.10,1130.40,9076
1787290020000000000,1130.10,1130.40,1129.90,1130.00,9635
1787290080000000000,1130.00,1130.10,1129.60,1129.90,11178
1787290140000000000,1129.80,1130.90,1129.60,1130.70,12613
1787290200000000000,1130.60,1130.70,1130.10,1130.40,10411
1787290260000000000,1130.50,1131.50,1130.30,1131.20,9519
1787290320000000000,1131.40,1131.40,1130.00,1130.40,10218
1787290380000000000,1130.40,1130.40,1130.00,1130.40,10767
1787290440000000000,1130.40,1131.70,1130.30,1131.60,14922
1787290500000000000,1131.60,1131.70,1130.10,1131.60,19856
1787290560000000000,1131.60,1131.60,1130.60,1130.60,13109
1787290620000000000,1130.90,1130.90,1129.80,1130.30,16573
1787290680000000000,1130.20,1130.70,1130.10,1130.60,8778
1787290740000000000,1130.60,1131.40,1130.60,1130.70,18413
1787290800000000000,1130.60,1131.10,1130.30,1131.00,12709
1787290860000000000,1131.00,1131.40,1130.70,1131.40,8351
1787290920000000000,1131.30,1131.60,1131.10,1131.30,8724
1787290980000000000,1131.60,1132.00,1131.30,1131.90,8670
1787291040000000000,1131.80,1131.90,1131.50,1131.60,11915
1787291100000000000,1131.60,1131.90,1131.50,1131.90,10743
1787291160000000000,1131.90,1132.90,1131.80,1132.90,15646
1787291220000000000,1132.90,1133.50,1132.60,1133.00,31062
1787291280000000000,1132.70,1133.00,1132.30,1132.40,19945
1787291340000000000,1132.70,1132.70,1131.20,1131.50,10826
1787291400000000000,1131.50,1131.90,1131.30,1131.80,8917
1787291460000000000,1131.90,1132.30,1131.80,1132.00,10064
1787291520000000000,1132.10,1132.10,1131.10,1131.10,14893
1787291580000000000,1131.10,1131.70,1131.10,1131.40,11756
1787291640000000000,1131.50,1132.10,1131.50,1132.10,10770
1787291700000000000,1132.10,1132.10,1130.50,1130.50,16857
1787291760000000000,1130.60,1130.80,1130.50,1130.50,10150
1787291820000000000,1130.60,1130.90,1130.50,1130.60,9139
1787291880000000000,1130.60,1130.90,1130.60,1130.90,9807
1787291940000000000,1130.90,1130.90,1129.90,1129.90,16295
1787292000000000000,1129.90,1130.00,1129.70,1129.80,10614
1787292060000000000,1129.80,1129.80,1129.60,1129.70,11319
1787292120000000000,1129.60,1129.70,1129.30,1129.50,15073
1787292180000000000,1129.70,1130.50,1129.70,1130.40,15667
1787292240000000000,1130.50,1132.00,1130.20,1130.70,79625
1787292300000000000,1130.70,1131.00,1130.20,1131.00,12312
1787292360000000000,1131.00,1131.00,1130.00,1130.20,14338
1787292420000000000,1130.40,1131.00,1130.20,1130.80,10841
1787292480000000000,1131.00,1131.90,1131.00,1131.20,18155
1787292540000000000,1131.30,1131.60,1130.40,1130.80,17184
1787292600000000000,1130.80,1130.90,1130.40,1130.70,8638
1787292660000000000,1130.70,1130.90,1130.50,1130.60,10286
1787292720000000000,1130.60,1131.20,1130.50,1130.60,11098
1787292780000000000,1130.60,1131.20,1130.20,1130.20,16509
1787292840000000000,1130.20,1130.60,1129.90,1130.30,17351
1787292900000000000,1130.30,1130.60,1130.20,1130.50,10980
1787292960000000000,1130.50,1131.20,1130.30,1131.10,10510
1787293020000000000,1131.10,1131.60,1130.90,1131.40,8308
1787293080000000000,1131.20,1131.80,1131.20,1131.30,10685
1787293140000000000,1131.30,1132.50,1131.30,1132.40,12704
1787293200000000000,1132.40,1132.40,1132.00,1132.20,14642
1787293260000000000,1132.10,1132.80,1132.00,1132.50,10705
1787293320000000000,1132.80,1133.00,1132.60,1132.70,15326
1787293380000000000,1132.80,1133.00,1132.70,1132.80,10785
1787293440000000000,1132.80,1133.30,1132.30,1132.40,19155
1787293500000000000,1132.30,1133.00,1132.20,1132.50,7494
1787293560000000000,1132.90,1132.90,1132.00,1132.30,10961
1787293620000000000,1132.40,1132.70,1132.00,1132.30,8735
1787293680000000000,1132.20,1132.70,1132.20,1132.20,13136
1787293740000000000,1132.30,1132.30,1131.60,1131.70,6542
1787293800000000000,1131.70,1132.00,1131.70,1131.90,20513
1787293860000000000,1132.00,1132.90,1131.90,1132.60,35728
1787293920000000000,1132.40,1132.60,1132.00,1132.00,10579
1787293980000000000,1132.00,1132.40,1132.00,1132.00,6224
1787294040000000000,1132.10,1132.10,1132.00,1132.00,7780
1787294100000000000,1132.10,1132.60,1132.00,1132.10,8911
1787294160000000000,1132.10,1132.40,1132.00,1132.00,7636
1787294220000000000,1132.00,1132.50,1132.00,1132.30,9768
1787294280000000000,1132.00,1132.30,1132.00,1132.00,9574
1787294340000000000,1132.10,1132.40,1132.00,1132.00,8710
1787294400000000000,1132.10,1132.60,1132.00,1132.40,10618
1787294460000000000,1132.40,1132.60,1132.30,1132.30,6227
1787294520000000000,1132.40,1132.60,1132.30,1132.30,8478
1787294580000000000,1132.30,1132.40,1131.10,1131.40,22511
1787294640000000000,1131.40,1131.80,1131.40,1131.50,7974
1787294700000000000,1131.50,1131.80,1131.40,1131.40,9464
1787294760000000000,1131.50,1131.90,1131.30,1131.30,11515
1787294820000000000,1131.30,1131.40,1131.20,1131.20,6524
1787294880000000000,1131.20,1132.20,1131.20,1132.20,16393
1787294940000000000,1131.50,1131.80,1131.50,1131.60,8606
1787295000000000000,1131.50,1132.40,1131.50,1132.10,10147
1787295060000000000,1132.10,1132.40,1132.10,1132.40,8491
1787295120000000000,1132.30,1132.40,1132.20,1132.20,9550
1787295180000000000,1132.30,1132.30,1132.20,1132.30,7918
1787295240000000000,1132.20,1132.30,1132.10,1132.10,6968
1787295300000000000,1132.10,1132.80,1132.10,1132.50,21918
1787295360000000000,1132.60,1132.60,1131.50,1131.90,17854
1787295420000000000,1131.70,1132.30,1131.70,1131.90,8584
1787295480000000000,1132.00,1132.00,1130.70,1130.80,11966
1787295540000000000,1130.70,1130.80,1130.60,1130.60,10070
1787295600000000000,1130.70,1131.10,1130.60,1130.90,11625
1787295660000000000,1130.90,1131.20,1130.80,1131.00,7933
1787295720000000000,1131.10,1131.80,1131.00,1131.80,8364
1787295780000000000,1131.50,1131.70,1131.10,1131.40,8693
1787295840000000000,1131.30,1131.80,1131.30,1131.40,9194
1787295900000000000,1131.40,1131.90,1131.40,1131.60,8093
1787295960000000000,1131.90,1131.90,1131.50,1131.60,8662
1787296020000000000,1131.60,1131.90,1131.60,1131.70,8510
1787296080000000000,1131.80,1132.40,1131.70,1131.90,9962
1787296140000000000,1131.90,1132.50,1131.60,1131.60,14866
1787296200000000000,1131.70,1132.00,1131.50,1131.80,7787
1787296260000000000,1131.90,1131.90,1131.00,1131.00,11303
1787296320000000000,1131.00,1131.30,1130.70,1130.80,8012
1787296380000000000,1130.80,1131.40,1130.80,1130.80,12125
1787296440000000000,1130.80,1130.90,1130.60,1130.60,6492
1787296500000000000,1130.60,1131.00,1130.60,1130.80,11054
1787296560000000000,1131.00,1131.00,1130.10,1130.10,13083
1787296620000000000,1130.10,1130.20,1129.50,1129.50,10396
1787296680000000000,1129.50,1129.80,1129.50,1129.60,8306
1787296740000000000,1129.60,1130.00,1128.80,1129.00,21578
1787296800000000000,1129.00,1129.30,1128.90,1128.90,7773
1787296860000000000,1129.00,1129.20,1128.90,1128.90,11170
1787296920000000000,1128.90,1129.30,1128.60,1128.90,13549
1787296980000000000,1128.90,1129.50,1128.80,1129.20,6071
1787297040000000000,1129.20,1129.90,1129.20,1129.40,13163
1787297100000000000,1129.40,1129.50,1129.30,1129.30,8091
1787297160000000000,1129.40,1129.80,1129.30,1129.30,11003
1787297220000000000,1129.50,1129.50,1129.10,1129.10,5584
1787297280000000000,1129.10,1129.60,1128.80,1128.90,13767
1787297340000000000,1128.90,1129.90,1128.90,1129.50,8896
1787297400000000000,1129.50,1129.70,1128.40,1128.40,25745
1787297460000000000,1128.40,1129.00,1128.00,1128.00,16930
1787297520000000000,1128.00,1128.30,1127.80,1127.90,8792
1787297580000000000,1127.90,1128.80,1127.10,1128.30,16162
1787297640000000000,1128.70,1128.90,1128.30,1128.50,8702
1787297700000000000,1128.50,1128.80,1128.50,1128.60,10002
1787297760000000000,1128.80,1129.30,1128.60,1129.00,17828
1787297820000000000,1128.90,1129.30,1128.60,1128.60,8829
1787297880000000000,1128.70,1129.00,1128.60,1128.70,8959
1787297940000000000,1128.60,1129.10,1128.60,1129.10,5032
1787298000000000000,1129.10,1129.20,1128.70,1128.70,10525
1787298060000000000,1128.70,1129.40,1128.60,1129.20,10057
1787298120000000000,1129.20,1129.30,1128.50,1128.50,8450
1787298180000000000,1128.50,1129.20,1128.50,1129.00,8305
1787298240000000000,1128.70,1129.40,1128.70,1129.10,10530
1787298300000000000,1129.10,1129.50,1128.80,1129.20,8115
1787298360000000000,1129.10,1130.00,1129.10,1129.80,11584
1787298420000000000,1129.60,1130.80,1129.60,1130.40,21454
1787298480000000000,1130.40,1130.50,1130.10,1130.10,7731
1787298540000000000,1130.10,1130.20,1129.90,1129.90,6496
1787298600000000000,1129.90,1130.00,1129.30,1129.70,9669
1787298660000000000,1130.00,1130.00,1129.20,1129.20,9752
1787298720000000000,1129.20,1129.30,1128.90,1129.00,7305
1787298780000000000,1128.90,1129.00,1128.60,1128.80,8569
1787298840000000000,1128.70,1129.40,1128.40,1128.70,9585
1787298900000000000,1128.60,1128.80,1128.40,1128.80,11997
1787298960000000000,1128.50,1129.10,1128.50,1129.00,6607
1787299020000000000,1129.00,1129.00,1128.70,1128.90,8273
1787299080000000000,1128.80,1128.90,1128.50,1128.70,7157
1787299140000000000,1128.80,1129.10,1128.50,1128.60,18233
1787299200000000000,1128.90,1129.00,1128.60,1128.80,6916
1787299260000000000,1128.80,1128.80,1127.70,1128.00,12830
1787299320000000000,1127.60,1128.00,1127.50,1127.70,6641
1787299380000000000,1127.70,1127.70,1127.20,1127.30,11250
1787299440000000000,1127.30,1127.40,1127.20,1127.30,15752
1787299500000000000,1127.30,1127.40,1127.20,1127.30,10274
1787299560000000000,1127.40,1127.40,1126.40,1126.70,23035
1787299620000000000,1126.70,1126.80,1126.50,1126.70,7565
1787299680000000000,1126.70,1127.00,1126.60,1126.90,9047
1787299740000000000,1126.90,1127.00,1126.80,1127.00,8927
1787299800000000000,1126.90,1127.30,1126.90,1127.20,7814
1787299860000000000,1127.30,1127.30,1126.60,1126.80,13517
1787299920000000000,1126.80,1127.60,1126.80,1127.30,8419
1787299980000000000,1127.60,1127.90,1127.30,1127.40,9976
1787300040000000000,1127.40,1127.50,1127.30,1127.50,6660
1787300100000000000,1127.30,1127.80,1127.30,1127.60,9302
1787300160000000000,1127.80,1127.90,1127.30,1127.50,8483
1787300220000000000,1127.50,1127.80,1127.30,1127.60,14110
1787300280000000000,1127.40,1127.90,1127.40,1127.70,8195
1787300340000000000,1127.70,1127.70,1127.30,1127.30,8382
1787300400000000000,1127.30,1127.50,1127.00,1127.50,9961
1787300460000000000,1127.50,1127.60,1126.70,1127.10,16873
1787300520000000000,1127.10,1127.60,1127.00,1127.00,6728
1787300580000000000,1127.00,1127.50,1126.90,1126.90,11826
1787300640000000000,1126.90,1127.90,1126.90,1127.60,6410
1787300700000000000,1127.60,1128.00,1127.60,1127.60,9681
1787300760000000000,1127.80,1127.80,1127.10,1127.30,9348
1787300820000000000,1127.30,1128.00,1126.90,1127.20,20726
1787300880000000000,1127.00,1127.20,1126.00,1126.30,22020
1787300940000000000,1126.10,1127.20,1126.10,1126.60,11729
1787301000000000000,1126.50,1126.60,1126.00,1126.00,10915
1787301060000000000,1126.00,1126.20,1125.30,1125.70,15716
1787301120000000000,1125.70,1125.80,1124.60,1124.90,25686
1787301180000000000,1124.80,1125.40,1124.70,1125.20,14163
1787301240000000000,1125.10,1125.40,1124.90,1125.00,11474
1787301300000000000,1125.00,1125.30,1124.30,1124.50,13666
1787301360000000000,1124.50,1125.70,1124.50,1125.50,8780
1787301420000000000,1125.20,1125.80,1125.20,1125.40,7525
1787301480000000000,1125.40,1125.80,1125.10,1125.20,11112
1787301540000000000,1125.20,1125.80,1125.20,1125.70,7317
1787301600000000000,1125.40,1126.00,1125.10,1125.30,10543
1787301660000000000,1125.30,1125.80,1125.20,1125.30,9961
1787301720000000000,1125.20,1125.50,1125.20,1125.40,7310
1787301780000000000,1125.20,1125.70,1125.20,1125.50,8385
1787301840000000000,1125.50,1125.50,1125.00,1125.10,10485
1787301900000000000,1125.00,1125.10,1124.90,1124.90,8057
1787301960000000000,1124.90,1125.10,1124.90,1124.90,11968
1787302020000000000,1124.90,1125.40,1124.90,1125.40,20745
1787302080000000000,1125.30,1125.70,1124.90,1125.00,12742
1787302140000000000,1124.90,1124.90,1124.10,1124.50,8973
1787302200000000000,1124.30,1124.50,1124.00,1124.10,15152
1787302260000000000,1124.00,1124.60,1124.00,1124.40,9580
1787302320000000000,1124.40,1125.10,1124.40,1124.70,8587
1787302380000000000,1124.70,1125.00,1124.40,1124.60,10105
1787302440000000000,1124.60,1124.70,1124.40,1124.50,11352
1787302500000000000,1124.40,1124.50,1124.10,1124.40,9899
1787302560000000000,1124.20,1124.40,1124.10,1124.10,9082
1787302620000000000,1124.10,1124.20,1123.60,1123.70,20481
1787302680000000000,1123.70,1124.40,1122.30,1122.80,42848
1787302740000000000,1122.70,1123.00,1122.70,1122.80,12573
1787302800000000000,1122.70,1122.80,1122.10,1122.20,11130
1787302860000000000,1122.20,1122.70,1122.10,1122.20,13545
1787302920000000000,1122.10,1122.70,1122.10,1122.20,11285
1787302980000000000,1122.20,1122.30,1122.00,1122.10,12935
1787303040000000000,1122.00,1122.20,1122.00,1122.00,12360
1787303100000000000,1122.00,1122.10,1121.40,1122.10,16529
1787303160000000000,1122.00,1122.90,1122.00,1122.50,21149
1787303220000000000,1122.40,1122.50,1122.10,1122.10,10593
1787303280000000000,1122.10,1122.20,1121.60,1122.00,9704
1787303340000000000,1121.80,1122.80,1121.70,1121.70,10737
1787303400000000000,1121.70,1122.30,1121.40,1121.70,10628
1787303460000000000,1121.70,1121.80,1121.00,1121.40,14611
1787303520000000000,1121.30,1121.40,1120.30,1120.40,18905
1787303580000000000,1120.30,1121.10,1120.30,1120.70,14260
1787303640000000000,1120.70,1121.10,1120.00,1120.80,33140
1787303700000000000,1120.70,1121.50,1120.40,1121.20,19360
1787303760000000000,1121.10,1121.50,1120.70,1120.80,16938
1787303820000000000,1120.70,1121.00,1120.60,1120.90,13382
1787303880000000000,1120.70,1120.90,1120.50,1120.80,7212
1787303940000000000,1120.70,1120.80,1120.40,1120.70,7613
1787304000000000000,1120.50,1120.70,1119.80,1120.00,36434
1787304060000000000,1119.80,1122.90,1119.80,1120.60,84204
1787304120000000000,1120.60,1120.90,1120.20,1120.50,8867
1787304180000000000,1120.30,1120.50,1120.00,1120.00,10920
1787304240000000000,1120.00,1120.40,1120.00,1120.10,7816
1787304300000000000,1120.10,1120.50,1120.10,1120.40,7691
1787304360000000000,1120.30,1120.40,1120.10,1120.10,4557
1787304420000000000,1120.10,1120.20,1120.00,1120.10,11902
1787304480000000000,1120.00,1120.20,1120.00,1120.20,11155
1787304540000000000,1120.10,1120.20,1119.50,1120.00,12688
1787304600000000000,1120.00,1120.20,1119.70,1120.00,14548
1787304660000000000,1120.00,1120.20,1119.50,1120.20,18010
1787304720000000000,1120.20,1120.50,1119.90,1120.00,17273
1787304780000000000,1120.00,1120.40,1119.70,1119.90,11152
1787304840000000000,1120.00,1120.10,1119.90,1120.00,12633
1787304900000000000,1119.90,1120.20,1119.30,1120.00,39878
1787304960000000000,1120.10,1120.60,1120.00,1120.50,10185
1787305020000000000,1120.60,1120.60,1120.20,1120.50,20433
1787305080000000000,1120.40,1120.40,1119.90,1120.00,11943
1787305140000000000,1119.90,1120.30,1118.40,1118.70,384440
1787305200000000000,1118.80,1119.60,1118.00,1119.00,51481
1787305260000000000,1118.90,1119.00,1118.70,1119.00,36349
1787305320000000000,1118.90,1119.00,1118.70,1119.00,63097
1787305380000000000,1119.00,1119.00,1118.80,1119.00,55899
1787305440000000000,1118.90,1119.00,1118.70,1119.00,95960
1787305500000000000,1119.00,1119.00,1119.00,1119.00,0
1787305560000000000,1119.00,1119.00,1119.00,1119.00,0
1787305620000000000,1119.00,1119.00,1119.00,1119.00,0
1787305680000000000,1119.00,1119.00,1119.00,1119.00,0
1787305740000000000,1119.00,1119.00,1119.00,1119.00,0
1787305800000000000,1119.00,1119.00,1119.00,1119.00,0
1787305860000000000,1119.00,1119.00,1119.00,1119.00,0
1787305920000000000,1119.00,1119.00,1119.00,1119.00,0
1787305980000000000,1119.00,1119.00,1119.00,1119.00,0
1787306040000000000,1119.00,1119.00,1119.00,1119.00,0
1787306100000000000,1119.00,1119.00,1119.00,1119.00,0
1787306160000000000,1119.00,1119.00,1119.00,1119.00,0
1787306220000000000,1119.00,1119.00,1119.00,1119.00,0
1787306280000000000,1119.00,1119.00,1119.00,1119.00,0
1787306340000000000,1121.00,1121.00,1121.00,1121.00,303307
1787543100000000000,1126.50,1131.00,1122.60,1128.90,163510
1787543160000000000,1128.90,1131.30,1128.70,1131.30,64132
1787543220000000000,1131.30,1136.40,1131.10,1135.90,80441
1787543280000000000,1136.00,1139.60,1135.70,1138.00,57317
1787543340000000000,1138.50,1139.90,1137.60,1139.90,34413
1787543400000000000,1139.90,1141.80,1139.40,1141.00,75725
1787543460000000000,1141.00,1142.40,1140.50,1141.50,42663
1787543520000000000,1141.40,1142.40,1140.90,1141.70,36579
1787543580000000000,1141.80,1144.40,1141.60,1143.90,58907
1787543640000000000,1143.90,1144.50,1141.40,1142.40,48238
1787543700000000000,1142.50,1143.60,1142.10,1142.40,42914
1787543760000000000,1142.50,1142.60,1140.10,1141.00,42306
1787543820000000000,1141.30,1141.80,1139.10,1139.30,39472
1787543880000000000,1139.70,1139.70,1137.60,1138.50,28676
1787543940000000000,1138.50,1140.50,1138.50,1139.90,18153
1787544000000000000,1140.20,1143.10,1140.00,1143.00,56206
1787544060000000000,1143.00,1143.50,1139.30,1139.50,36180
1787544120000000000,1139.90,1141.60,1139.50,1141.00,30084
1787544180000000000,1141.00,1141.50,1138.90,1139.00,27644
1787544240000000000,1139.30,1140.00,1137.00,1137.90,39931
1787544300000000000,1138.00,1138.30,1137.50,1138.00,7458
1787544360000000000,1138.10,1138.40,1137.10,1137.90,15763
1787544420000000000,1138.00,1138.40,1137.60,1138.10,8743
1787544480000000000,1138.10,1138.10,1137.20,1137.70,8197
1787544540000000000,1137.70,1139.50,1137.30,1138.20,31405
1787544600000000000,1138.50,1139.40,1138.20,1138.90,7437
1787544660000000000,1138.90,1139.00,1138.00,1138.00,12040
1787544720000000000,1138.30,1139.40,1138.00,1139.10,9731
1787544780000000000,1139.10,1139.20,1138.40,1138.50,8872
1787544840000000000,1138.90,1139.00,1138.50,1138.80,4545
1787544900000000000,1138.80,1138.90,1137.00,1137.50,25762
1787544960000000000,1137.50,1137.50,1136.00,1136.00,22075
1787545020000000000,1136.00,1136.80,1136.00,1136.60,18085
1787545080000000000,1136.70,1136.80,1135.40,1135.70,12442
1787545140000000000,1135.70,1135.90,1135.00,1135.70,22152
1787545200000000000,1135.70,1136.30,1135.00,1135.50,16374
1787545260000000000,1135.50,1136.60,1135.00,1136.10,12028
1787545320000000000,1136.50,1136.90,1135.70,1135.70,27600
1787545380000000000,1136.00,1136.50,1135.50,1136.50,11465
1787545440000000000,1136.50,1136.70,1136.00,1136.10,10760
1787545500000000000,1136.50,1137.40,1136.10,1137.20,12980
1787545560000000000,1137.20,1137.90,1136.00,1136.70,23859
1787545620000000000,1136.80,1137.00,1136.00,1136.00,19296
1787545680000000000,1136.20,1136.70,1136.00,1136.20,6469
1787545740000000000,1136.40,1136.80,1136.10,1136.30,7872
1787545800000000000,1136.50,1137.00,1136.20,1136.40,6651
1787545860000000000,1136.60,1136.90,1136.10,1136.50,7701
1787545920000000000,1136.50,1136.90,1136.30,1136.30,8488
1787545980000000000,1136.50,1136.80,1135.10,1135.10,13525
1787546040000000000,1135.50,1135.80,1134.70,1135.10,15270
1787546100000000000,1135.20,1135.70,1135.10,1135.50,8994
1787546160000000000,1135.50,1135.50,1134.50,1135.10,13816
1787546220000000000,1135.10,1135.40,1134.50,1134.50,7685
1787546280000000000,1134.60,1135.00,1133.30,1133.60,23561
1787546340000000000,1133.80,1134.90,1133.50,1133.80,15592
1787546400000000000,1134.00,1134.70,1133.80,1134.30,11281
1787546460000000000,1134.40,1135.50,1134.40,1135.00,13579
1787546520000000000,1135.40,1135.80,1134.70,1134.90,10919
1787546580000000000,1135.10,1135.40,1134.50,1134.90,8882
1787546640000000000,1135.40,1136.10,1134.90,1135.60,14442
1787546700000000000,1136.00,1136.50,1135.40,1135.40,13621
1787546760000000000,1135.60,1135.70,1134.30,1135.00,12870
1787546820000000000,1135.50,1135.90,1134.70,1134.90,16772
1787546880000000000,1135.40,1136.00,1134.70,1135.00,21491
1787546940000000000,1135.40,1135.60,1134.30,1134.40,16588
1787547000000000000,1134.70,1134.90,1133.70,1134.30,15312
1787547060000000000,1134.60,1135.00,1134.10,1134.50,10402
1787547120000000000,1135.00,1135.70,1134.50,1135.10,14650
1787547180000000000,1135.70,1135.90,1134.90,1135.00,13223
1787547240000000000,1135.30,1136.50,1135.00,1136.50,18673
1787547300000000000,1136.50,1137.00,1136.00,1136.00,12947
1787547360000000000,1136.10,1136.20,1135.20,1135.60,5448
1787547420000000000,1135.60,1136.60,1135.40,1136.00,10561
1787547480000000000,1136.20,1136.50,1135.50,1135.60,11428
1787547540000000000,1136.20,1137.00,1135.10,1135.10,22355
1787547600000000000,1135.60,1135.90,1134.60,1134.80,11423
1787547660000000000,1135.00,1135.40,1134.30,1134.70,10445
1787547720000000000,1134.70,1135.20,1134.50,1134.60,11578
1787547780000000000,1134.70,1135.30,1134.40,1134.90,12199
1787547840000000000,1135.30,1135.30,1134.30,1134.60,9366
1787547900000000000,1134.60,1135.80,1134.60,1135.30,13928
1787547960000000000,1135.60,1135.90,1135.20,1135.20,7601
1787548020000000000,1135.60,1136.80,1135.20,1136.20,9701
1787548080000000000,1136.50,1136.80,1136.00,1136.00,12958
1787548140000000000,1136.50,1136.50,1135.30,1135.80,8582
1787548200000000000,1135.80,1136.10,1135.00,1135.20,9150
1787548260000000000,1135.60,1135.80,1135.20,1135.20,5212
1787548320000000000,1135.40,1135.70,1135.00,1135.10,8126
1787548380000000000,1135.30,1136.10,1135.10,1136.10,10777
1787548440000000000,1136.30,1136.80,1135.90,1136.30,16392
1787548500000000000,1136.30,1136.40,1135.60,1135.80,8002
1787548560000000000,1135.80,1136.00,1135.20,1135.50,7042
1787548620000000000,1135.70,1136.00,1135.20,1135.40,8690
1787548680000000000,1135.60,1135.90,1135.00,1135.90,10361
1787548740000000000,1135.90,1136.40,1135.20,1135.80,7564
1787548800000000000,1136.20,1136.50,1135.80,1135.90,6266
1787548860000000000,1136.20,1136.40,1135.90,1135.90,6033
1787548920000000000,1136.10,1136.40,1135.60,1135.80,7881
1787548980000000000,1136.20,1136.60,1135.70,1135.80,6708
1787549040000000000,1136.20,1136.60,1135.70,1136.10,4720
1787549100000000000,1136.10,1136.50,1135.60,1135.80,9356
1787549160000000000,1135.90,1136.60,1135.60,1135.80,12889
1787549220000000000,1136.00,1136.20,1135.50,1136.00,6453
1787549280000000000,1136.00,1136.30,1135.10,1135.10,6749
1787549340000000000,1135.50,1135.70,1134.00,1134.00,15412
1787549400000000000,1134.20,1135.10,1134.00,1134.20,9620
1787549460000000000,1134.60,1135.30,1134.30,1134.70,8686
1787549520000000000,1134.70,1135.30,1134.40,1134.50,6265
1787549580000000000,1134.60,1134.80,1133.40,1133.50,11808
1787549640000000000,1133.50,1133.90,1132.30,1132.80,19814
1787549700000000000,1132.90,1133.30,1132.40,1132.80,10470
1787549760000000000,1132.80,1134.30,1132.60,1133.40,12599
1787549820000000000,1133.50,1134.70,1133.20,1133.80,13191
1787549880000000000,1134.20,1134.60,1133.50,1133.70,10380
1787549940000000000,1134.00,1134.60,1133.60,1134.30,9251
1787550000000000000,1134.30,1134.80,1134.00,1134.10,7496
1787550060000000000,1134.20,1134.80,1134.00,1134.00,7987
1787550120000000000,1134.30,1134.50,1133.10,1133.40,8019
1787550180000000000,1133.50,1134.10,1133.40,1133.80,7901
1787550240000000000,1133.80,1134.40,1133.50,1133.50,9086
1787550300000000000,1133.80,1134.20,1133.40,1133.50,9656
1787550360000000000,1133.60,1138.10,1133.50,1137.50,56341
1787550420000000000,1137.60,1138.00,1137.20,1137.60,30947
1787550480000000000,1137.70,1138.60,1137.30,1138.10,26865
1787550540000000000,1138.10,1138.20,1136.90,1137.50,28698
1787550600000000000,1137.80,1138.10,1136.40,1136.60,26294
1787550660000000000,1137.00,1137.50,1136.60,1137.00,16677
1787550720000000000,1137.20,1137.50,1136.20,1136.70,21170
1787550780000000000,1136.70,1137.30,1136.50,1136.70,24666
1787550840000000000,1137.00,1137.00,1136.30,1136.70,23811
1787550900000000000,1136.70,1136.90,1136.30,1136.70,17422
1787550960000000000,1136.80,1137.00,1136.20,1136.60,18733
1787551020000000000,1136.60,1137.20,1136.60,1136.60,17892
1787551080000000000,1137.00,1137.20,1136.60,1136.80,19439
1787551140000000000,1137.00,1137.20,1136.20,1136.20,22229
1787551200000000000,1136.30,1136.60,1135.40,1135.50,32033
1787551260000000000,1135.60,1135.60,1135.00,1135.00,23699
1787551320000000000,1135.00,1136.50,1134.80,1135.40,26799
1787551380000000000,1135.50,1135.80,1134.60,1134.80,24468
1787551440000000000,1134.90,1135.80,1134.70,1135.20,24427
1787551500000000000,1135.30,1136.20,1135.20,1135.60,20195
1787551560000000000,1135.60,1135.80,1134.70,1134.70,22312
1787551620000000000,1134.60,1134.90,1134.40,1134.60,21525
1787551680000000000,1134.50,1135.30,1134.50,1134.60,21148
1787551740000000000,1134.60,1135.20,1134.40,1134.40,20296
1787551800000000000,1134.50,1134.90,1134.40,1134.50,21035
1787551860000000000,1134.60,1135.10,1133.50,1134.00,22672
1787551920000000000,1134.30,1134.80,1134.00,1134.20,21313
1787551980000000000,1134.30,1134.60,1133.00,1133.30,25155
1787552040000000000,1133.50,1133.90,1132.90,1133.10,21552
1787552100000000000,1133.30,1134.20,1133.10,1133.50,20597
1787552160000000000,1133.50,1135.10,1133.10,1134.40,21084
1787552220000000000,1134.80,1134.90,1133.70,1134.00,23330
1787552280000000000,1134.10,1134.60,1133.70,1134.20,18654
1787552340000000000,1134.20,1134.40,1133.70,1134.20,24605
1787552400000000000,1134.30,1134.80,1133.60,1134.00,21746
1787552460000000000,1134.10,1134.90,1134.00,1134.20,20103
1787552520000000000,1134.20,1134.40,1134.00,1134.00,18219
1787552580000000000,1134.10,1134.30,1133.20,1133.90,24587
1787552640000000000,1133.90,1133.90,1133.50,1133.50,17953
1787552700000000000,1133.60,1133.90,1133.40,1133.50,22467
1787552760000000000,1133.40,1133.40,1132.70,1132.80,21821
1787552820000000000,1133.20,1133.20,1131.00,1131.00,38740
1787552880000000000,1131.10,1131.60,1130.70,1131.20,31433
1787552940000000000,1131.20,1132.00,1131.00,1131.70,21369
1787553000000000000,1131.70,1132.30,1131.50,1132.00,19697
1787553060000000000,1132.00,1132.60,1131.30,1132.00,22798
1787553120000000000,1132.30,1132.70,1131.50,1131.60,22043
1787553180000000000,1131.70,1132.80,1131.50,1132.70,19923
1787553240000000000,1132.70,1133.40,1132.40,1132.90,20597
1787553300000000000,1133.40,1134.20,1132.90,1133.30,25140
1787553360000000000,1133.40,1134.20,1133.30,1133.60,22046
1787553420000000000,1133.70,1134.10,1133.20,1133.70,22154
1787553480000000000,1133.90,1134.10,1133.10,1133.90,16840
1787553540000000000,1134.10,1134.40,1133.50,1133.80,20358
1787553600000000000,1134.00,1134.80,1133.80,1134.60,19721
1787553660000000000,1134.70,1134.70,1133.70,1134.20,20308
1787553720000000000,1134.60,1134.90,1134.20,1134.60,21234
1787553780000000000,1134.90,1135.40,1134.40,1135.00,22820
1787553840000000000,1135.00,1135.30,1134.20,1134.90,23453
1787553900000000000,1135.00,1135.40,1134.70,1135.00,17440
1787553960000000000,1135.30,1135.80,1135.00,1135.00,23514
1787554020000000000,1135.10,1136.00,1135.00,1135.80,17802
1787554080000000000,1135.80,1136.50,1135.60,1136.20,20724
1787554140000000000,1136.40,1136.50,1135.80,1135.90,23310
1787554200000000000,1136.00,1136.40,1135.70,1136.00,17016
1787554260000000000,1136.00,1136.10,1135.50,1135.50,18787
1787554320000000000,1135.60,1136.50,1135.40,1135.50,22902
1787554380000000000,1135.60,1136.40,1135.50,1136.00,16138
1787554440000000000,1136.10,1137.20,1135.60,1136.70,28806
1787554500000000000,1136.80,1137.60,1136.70,1137.00,27447
1787554560000000000,1137.00,1137.50,1136.00,1137.10,35725
1787554620000000000,1137.20,1137.50,1136.80,1137.00,19278
1787554680000000000,1137.10,1137.70,1136.40,1136.90,23966
1787554740000000000,1136.90,1137.60,1136.50,1136.90,23375
1787554800000000000,1137.00,1137.40,1136.90,1137.10,17497
1787554860000000000,1137.20,1137.20,1136.30,1137.00,21834
1787554920000000000,1137.00,1137.00,1136.00,1136.30,27006
1787554980000000000,1136.40,1136.70,1136.00,1136.10,23372
1787555040000000000,1136.20,1137.00,1136.00,1136.30,20429
1787555100000000000,1136.50,1137.00,1136.10,1136.40,19292
1787555160000000000,1136.50,1136.60,1135.70,1135.70,23543
1787555220000000000,1135.80,1136.60,1135.10,1136.40,18281
1787555280000000000,1136.40,1136.60,1135.70,1136.00,24666
1787555340000000000,1136.10,1136.10,1135.30,1135.30,16148
1787555400000000000,1135.40,1136.00,1134.80,1134.80,73599
1787555460000000000,1134.90,1136.60,1134.20,1136.20,32146
1787555520000000000,1136.60,1136.90,1135.70,1135.70,23940
1787555580000000000,1135.80,1136.00,1135.60,1136.00,36534
1787555640000000000,1135.80,1136.60,1135.70,1136.20,47894
1787555700000000000,1136.40,1136.80,1136.20,1136.30,23108
1787555760000000000,1136.40,1137.10,1135.80,1136.80,20588
1787555820000000000,1136.80,1137.00,1134.80,1135.00,27993
1787555880000000000,1135.00,1135.40,1134.90,1134.90,20551
1787555940000000000,1135.00,1135.60,1134.80,1135.00,23409
1787556000000000000,1135.30,1136.00,1135.00,1135.60,19373
1787556060000000000,1135.70,1136.70,1135.60,1136.20,18146
1787556120000000000,1136.40,1136.90,1136.10,1136.50,19617
1787556180000000000,1136.60,1137.00,1136.20,1136.70,22362
1787556240000000000,1136.70,1137.30,1136.70,1136.80,18498
1787556300000000000,1137.00,1138.00,1137.00,1137.80,23501
1787556360000000000,1137.80,1137.90,1137.60,1137.60,18427
1787556420000000000,1137.70,1138.20,1137.10,1137.50,33421
1787556480000000000,1137.50,1138.40,1136.70,1137.80,29782
1787556540000000000,1137.60,1138.00,1134.80,1136.20,169538
1787556600000000000,1136.20,1136.40,1135.10,1135.70,19037
1787556660000000000,1135.70,1137.60,1135.50,1137.50,23722
1787556720000000000,1137.50,1137.50,1135.00,1135.90,32075
1787556780000000000,1135.80,1136.40,1135.50,1135.90,22350
1787556840000000000,1135.90,1136.50,1135.80,1136.40,22680
1787556900000000000,1136.50,1136.50,1135.20,1135.30,25410
1787556960000000000,1135.30,1136.30,1135.20,1135.80,15429
1787557020000000000,1135.90,1136.50,1135.80,1136.40,17443
1787557080000000000,1136.30,1136.50,1135.50,1136.40,21251
1787557140000000000,1136.50,1137.00,1136.00,1136.30,18978
1787557200000000000,1136.30,1137.00,1135.90,1136.40,19341
1787557260000000000,1136.40,1137.00,1136.30,1136.50,20720
1787557320000000000,1136.60,1136.90,1136.00,1136.40,20280
1787557380000000000,1136.50,1137.00,1136.00,1137.00,20387
1787557440000000000,1136.80,1137.00,1136.50,1136.70,17263
1787557500000000000,1136.70,1136.90,1136.10,1136.40,21547
1787557560000000000,1136.50,1136.90,1136.30,1136.50,15610
1787557620000000000,1136.60,1137.00,1136.30,1136.70,16332
1787557680000000000,1136.70,1137.50,1136.60,1137.00,17540
1787557740000000000,1137.50,1137.90,1137.00,1137.40,18180
1787557800000000000,1137.60,1138.00,1136.70,1137.00,26621
1787557860000000000,1137.30,1137.90,1137.00,1137.40,21028
1787557920000000000,1137.70,1138.10,1137.40,1137.60,22484
1787557980000000000,1137.80,1138.10,1137.10,1137.20,24436
1787558040000000000,1137.30,1137.80,1136.70,1136.80,22493
1787558100000000000,1136.80,1137.50,1136.50,1136.90,18601
1787558160000000000,1137.00,1137.40,1136.90,1137.00,19446
1787558220000000000,1137.00,1137.60,1134.80,1135.00,97627
1787558280000000000,1135.00,1135.60,1134.90,1134.90,48967
1787558340000000000,1135.00,1135.50,1134.30,1134.50,80442
1787558400000000000,1134.50,1135.00,1134.10,1134.30,18350
1787558460000000000,1134.40,1134.40,1132.20,1132.30,31595
1787558520000000000,1132.30,1132.80,1129.30,1129.90,193983
1787558580000000000,1129.90,1130.00,1128.20,1128.20,40933
1787558640000000000,1128.20,1129.00,1128.20,1128.70,23278
1787558700000000000,1128.80,1129.00,1128.40,1128.70,25057
1787558760000000000,1128.70,1129.00,1128.60,1129.00,25377
1787558820000000000,1129.00,1129.70,1128.30,1128.80,35521
1787558880000000000,1128.70,1129.50,1128.60,1129.20,19643
1787558940000000000,1129.20,1129.80,1128.70,1129.20,23263
1787559000000000000,1129.20,1129.60,1128.40,1129.20,23646
1787559060000000000,1129.30,1129.90,1129.20,1129.30,17550
1787559120000000000,1129.40,1129.90,1128.90,1129.00,21090
1787559180000000000,1129.00,1129.30,1128.50,1128.80,18620
1787559240000000000,1128.90,1129.50,1128.80,1129.00,24974
1787559300000000000,1129.10,1129.40,1128.50,1129.00,23732
1787559360000000000,1129.10,1129.80,1129.00,1129.30,17546
1787559420000000000,1129.30,1129.90,1129.10,1129.30,25424
1787559480000000000,1129.30,1129.70,1128.60,1128.70,27437
1787559540000000000,1128.80,1129.00,1128.50,1128.80,22357
1787559600000000000,1128.90,1129.00,1128.60,1128.70,20335
1787559660000000000,1128.70,1129.70,1128.60,1128.70,22066
1787559720000000000,1128.80,1129.20,1128.50,1128.50,23016
1787559780000000000,1128.60,1129.10,1128.50,1128.70,20107
1787559840000000000,1128.80,1129.50,1128.50,1128.70,23738
1787559900000000000,1128.70,1129.20,1128.50,1128.60,18422
1787559960000000000,1128.70,1129.90,1128.60,1129.00,23094
1787560020000000000,1129.10,1129.80,1129.00,1129.40,16084
1787560080000000000,1129.40,1129.80,1128.60,1128.70,22389
1787560140000000000,1128.70,1129.40,1128.50,1128.50,21704
1787560200000000000,1128.60,1129.80,1128.20,1129.30,25857
1787560260000000000,1129.40,1129.90,1128.80,1129.80,26147
1787560320000000000,1129.80,1130.00,1129.00,1129.00,27070
1787560380000000000,1129.10,1129.60,1129.00,1129.20,16141
1787560440000000000,1129.40,1129.70,1128.90,1129.30,19271
1787560500000000000,1129.40,1129.60,1128.90,1129.50,18373
1787560560000000000,1129.40,1129.80,1129.10,1129.70,18069
1787560620000000000,1129.70,1129.80,1129.00,1129.70,21351
1787560680000000000,1129.70,1130.00,1129.30,1129.70,26136
1787560740000000000,1129.80,1130.50,1128.90,1129.70,28396
1787560800000000000,1129.50,1130.00,1129.20,1129.80,18789
1787560860000000000,1129.60,1130.00,1129.40,1130.00,20384
1787560920000000000,1130.00,1130.00,1129.40,1129.40,22203
1787560980000000000,1129.50,1129.60,1128.90,1129.10,18344
1787561040000000000,1129.30,1129.70,1128.60,1128.60,23380
1787561100000000000,1128.70,1129.00,1128.10,1128.60,24093
1787561160000000000,1128.70,1128.90,1127.80,1128.20,29570
1787561220000000000,1128.40,1129.20,1128.20,1128.70,24539
1787561280000000000,1128.70,1128.80,1128.40,1128.40,18183
1787561340000000000,1128.50,1128.90,1128.30,1128.40,20610
1787561400000000000,1128.50,1129.00,1128.00,1128.00,22316
1787561460000000000,1128.10,1129.00,1127.90,1128.80,18402
1787561520000000000,1128.70,1129.00,1128.30,1128.90,18579
1787561580000000000,1128.80,1129.00,1128.40,1128.60,21502
1787561640000000000,1128.70,1128.80,1128.00,1128.30,16193
1787561700000000000,1128.40,1129.00,1128.30,1128.50,19757
1787561760000000000,1128.60,1129.00,1128.50,1128.50,18879
1787561820000000000,1128.70,1129.00,1128.20,1128.60,22676
1787561880000000000,1128.60,1129.00,1126.00,1126.10,61530
1787561940000000000,1126.20,1126.80,1126.00,1126.00,12886
1787562000000000000,1126.10,1127.20,1125.70,1126.80,12137
1787562060000000000,1126.90,1127.60,1126.70,1127.10,10945
1787562120000000000,1127.10,1127.80,1126.50,1127.10,11333
1787562180000000000,1127.20,1127.50,1126.00,1126.00,13173
1787562240000000000,1126.20,1126.60,1125.70,1126.00,13814
1787562300000000000,1125.90,1126.50,1125.10,1125.80,12697
1787562360000000000,1125.80,1126.00,1125.10,1125.10,17905
1787562420000000000,1125.20,1125.30,1124.60,1124.70,13332
1787562480000000000,1124.80,1125.00,1124.50,1124.70,10908
1787562540000000000,1124.70,1125.10,1124.20,1124.50,17877
1787562600000000000,1124.40,1124.80,1122.00,1123.20,68983
1787562660000000000,1123.70,1124.40,1123.20,1124.00,33280
1787562720000000000,1124.00,1124.10,1123.40,1123.70,15070
1787562780000000000,1123.70,1124.80,1123.60,1124.10,15949
1787562840000000000,1124.20,1124.60,1123.50,1123.70,8570
1787562900000000000,1123.80,1124.00,1123.10,1123.50,8854
1787562960000000000,1123.50,1124.00,1123.30,1123.40,10479
1787563020000000000,1123.40,1124.20,1123.40,1123.50,21417
1787563080000000000,1123.70,1124.10,1123.50,1123.70,19755
1787563140000000000,1123.80,1124.00,1123.30,1123.60,9414
1787563200000000000,1123.60,1125.60,1122.20,1122.90,114037
1787563260000000000,1122.80,1123.00,1122.20,1122.80,36757
1787563320000000000,1123.00,1123.90,1122.80,1122.90,15751
1787563380000000000,1123.10,1123.40,1122.70,1123.00,10625
1787563440000000000,1123.10,1123.90,1122.70,1123.90,9435
1787563500000000000,1123.70,1124.00,1123.10,1124.00,15937
1787563560000000000,1124.00,1124.00,1123.50,1123.60,9942
1787563620000000000,1123.70,1123.80,1123.30,1123.50,7105
1787563680000000000,1123.60,1123.80,1123.50,1123.60,6924
1787563740000000000,1123.70,1123.80,1123.20,1123.50,9393
1787563800000000000,1123.70,1123.90,1123.10,1123.60,17266
1787563860000000000,1123.40,1124.20,1123.40,1124.00,15947
1787563920000000000,1124.00,1124.90,1123.70,1124.90,34328
1787563980000000000,1124.80,1125.90,1123.70,1124.00,44684
1787564040000000000,1123.80,1124.00,1123.70,1123.80,15550
1787564100000000000,1123.90,1123.90,1123.30,1123.60,25725
1787564160000000000,1123.60,1124.00,1123.10,1124.00,27927
1787564220000000000,1124.00,1126.30,1123.70,1126.10,42244
1787564280000000000,1126.00,1126.60,1126.00,1126.20,17240
1787564340000000000,1126.20,1126.60,1125.90,1126.20,23832
1787564400000000000,1126.20,1128.20,1125.20,1127.70,39302
1787564460000000000,1127.80,1128.90,1127.70,1128.40,25996
1787564520000000000,1128.50,1129.30,1126.70,1128.30,58485
1787564580000000000,1128.40,1129.20,1127.90,1129.20,12984
1787564640000000000,1129.20,1130.00,1129.00,1129.50,17325
1787564700000000000,1129.50,1129.50,1129.50,1129.50,0
1787564760000000000,1129.50,1129.50,1129.50,1129.50,0
1787564820000000000,1129.50,1129.50,1129.50,1129.50,0
1787564880000000000,1129.50,1129.50,1129.50,1129.50,0
1787564940000000000,1129.50,1129.50,1129.50,1129.50,0
1787565000000000000,1129.50,1129.50,1129.50,1129.50,0
1787565060000000000,1129.50,1129.50,1129.50,1129.50,0
1787565120000000000,1129.50,1129.50,1129.50,1129.50,0
1787565180000000000,1129.50,1129.50,1129.50,1129.50,0
1787565240000000000,1129.50,1129.50,1129.50,1129.50,0
1787565300000000000,1129.50,1129.50,1129.50,1129.50,0
1787565360000000000,1129.50,1129.50,1129.50,1129.50,0
1787565420000000000,1129.50,1129.50,1129.50,1129.50,0
1787565480000000000,1129.50,1129.50,1129.50,1129.50,0
1787565540000000000,1130.00,1130.00,1130.00,1130.00,381456
1787629500000000000,1132.00,1134.60,1130.10,1132.50,64967
1787629560000000000,1132.50,1132.60,1128.80,1128.80,40144
1787629620000000000,1129.30,1133.00,1128.20,1132.20,41059
1787629680000000000,1132.70,1132.90,1130.50,1131.20,20100
1787629740000000000,1131.20,1131.30,1130.30,1130.80,9172
1787629800000000000,1130.80,1131.10,1130.30,1130.80,9677
1787629860000000000,1130.80,1131.70,1130.40,1130.70,11222
1787629920000000000,1130.70,1131.00,1130.20,1130.40,9704
1787629980000000000,1130.40,1131.00,1130.10,1130.60,21785
1787630040000000000,1130.60,1130.70,1125.60,1125.90,46301
1787630100000000000,1125.70,1125.70,1123.40,1125.30,39876
1787630160000000000,1125.50,1128.10,1125.50,1127.50,16183
1787630220000000000,1127.40,1127.50,1125.90,1126.80,11190
1787630280000000000,1126.90,1126.90,1126.10,1126.30,10832
1787630340000000000,1126.30,1126.30,1125.20,1126.20,21575
1787630400000000000,1126.30,1126.80,1126.00,1126.30,30589
1787630460000000000,1126.30,1127.00,1126.20,1126.80,43273
1787630520000000000,1126.80,1127.10,1126.10,1126.30,26586
1787630580000000000,1126.30,1126.80,1126.00,1126.60,24888
1787630640000000000,1126.70,1127.40,1126.60,1127.20,37022
1787630700000000000,1127.10,1127.40,1126.50,1126.90,23181
1787630760000000000,1127.30,1127.30,1126.80,1127.20,19533
1787630820000000000,1127.20,1127.20,1125.70,1125.90,19282
1787630880000000000,1125.90,1126.30,1125.90,1126.10,24325
1787630940000000000,1126.10,1127.20,1126.00,1127.10,20381
1787631000000000000,1127.20,1127.30,1125.90,1126.20,118655
1787631060000000000,1126.40,1126.50,1125.70,1126.20,14374
1787631120000000000,1126.30,1126.30,1125.70,1126.10,16838
1787631180000000000,1126.10,1126.40,1126.00,1126.10,21875
1787631240000000000,1126.10,1126.30,1125.00,1125.20,16388
1787631300000000000,1125.20,1125.30,1124.60,1124.80,24461
1787631360000000000,1124.90,1125.00,1124.10,1124.80,20825
1787631420000000000,1124.80,1124.80,1124.30,1124.30,19443
1787631480000000000,1124.40,1124.40,1123.60,1123.60,24655
1787631540000000000,1123.60,1124.30,1123.30,1124.00,22900
1787631600000000000,1124.30,1124.50,1123.70,1124.20,16563
1787631660000000000,1124.20,1124.40,1124.00,1124.20,18574
1787631720000000000,1124.30,1124.30,1122.60,1123.10,66583
1787631780000000000,1123.20,1123.50,1122.90,1123.20,17098
1787631840000000000,1123.20,1123.20,1122.60,1123.20,16547
1787631900000000000,1123.20,1123.40,1123.10,1123.30,13480
1787631960000000000,1123.30,1123.30,1123.10,1123.20,19769
1787632020000000000,1123.20,1126.30,1123.10,1124.40,101461
1787632080000000000,1124.40,1126.10,1124.30,1125.50,23013
1787632140000000000,1125.50,1125.90,1125.30,1125.40,16049
1787632200000000000,1125.40,1126.00,1125.20,1125.90,23841
1787632260000000000,1125.90,1126.10,1124.90,1125.40,14516
1787632320000000000,1125.10,1125.70,1125.10,1125.40,29271
1787632380000000000,1125.80,1126.50,1125.60,1126.50,14839
1787632440000000000,1126.50,1127.50,1126.30,1127.10,24286
1787632500000000000,1127.10,1127.50,1127.10,1127.40,12658
1787632560000000000,1127.40,1127.40,1127.10,1127.20,9836
1787632620000000000,1127.20,1127.60,1127.00,1127.20,17286
1787632680000000000,1127.20,1128.20,1127.20,1127.90,19002
1787632740000000000,1127.90,1128.30,1125.90,1127.50,82790
1787632800000000000,1127.60,1128.80,1127.20,1128.70,14878
1787632860000000000,1128.70,1128.70,1128.20,1128.50,14283
1787632920000000000,1128.50,1128.50,1127.80,1128.00,17378
1787632980000000000,1128.00,1128.50,1127.80,1128.50,19546
1787633040000000000,1128.50,1128.70,1128.30,1128.70,13534
1787633100000000000,1128.60,1128.90,1128.40,1128.50,12726
1787633160000000000,1128.60,1129.20,1128.50,1129.00,18770
1787633220000000000,1129.00,1129.20,1128.90,1129.00,13232
1787633280000000000,1129.00,1129.20,1128.80,1129.00,18747
1787633340000000000,1129.00,1129.00,1127.40,1127.60,19773
1787633400000000000,1127.60,1127.60,1127.00,1127.20,13596
1787633460000000000,1127.30,1127.70,1127.20,1127.40,15692
1787633520000000000,1127.40,1127.60,1127.20,1127.50,17540
1787633580000000000,1127.50,1127.60,1127.30,1127.60,14430
1787633640000000000,1127.60,1127.80,1127.50,1127.60,12934
1787633700000000000,1127.60,1127.70,1127.40,1127.50,12530
1787633760000000000,1127.50,1127.50,1127.30,1127.30,14312
1787633820000000000,1127.40,1127.40,1126.50,1126.90,15495
1787633880000000000,1126.90,1126.90,1126.50,1126.60,17150
1787633940000000000,1126.80,1127.00,1126.50,1126.60,20093
1787634000000000000,1126.60,1126.90,1126.50,1126.70,13334
1787634060000000000,1126.90,1126.90,1125.00,1126.30,33809
1787634120000000000,1126.30,1127.40,1126.10,1127.10,12726
1787634180000000000,1127.30,1127.60,1127.10,1127.40,12370
1787634240000000000,1127.40,1127.50,1127.10,1127.10,14293
1787634300000000000,1127.20,1127.40,1126.90,1127.20,13636
1787634360000000000,1127.30,1127.40,1126.70,1127.30,5960
1787634420000000000,1127.30,1127.40,1126.90,1127.40,10895
1787634480000000000,1127.40,1127.50,1126.70,1127.00,11890
1787634540000000000,1127.00,1127.40,1126.70,1127.30,14181
1787634600000000000,1127.40,1127.50,1127.10,1127.50,9729
1787634660000000000,1127.50,1127.70,1127.30,1127.50,13513
1787634720000000000,1127.60,1127.80,1127.30,1127.30,17885
1787634780000000000,1127.80,1128.30,1127.70,1128.10,10437
1787634840000000000,1128.10,1128.30,1127.90,1127.90,13574
1787634900000000000,1127.90,1128.20,1127.80,1127.80,12605
1787634960000000000,1128.20,1128.20,1127.80,1128.00,12679
1787635020000000000,1128.00,1128.30,1127.60,1128.00,17876
1787635080000000000,1128.00,1128.30,1127.60,1127.90,15690
1787635140000000000,1128.10,1128.50,1127.80,1128.20,19826
1787635200000000000,1128.20,1128.50,1127.90,1127.90,12970
1787635260000000000,1128.30,1128.50,1127.90,1128.40,15322
1787635320000000000,1128.30,1128.40,1127.70,1127.90,16282
1787635380000000000,1127.90,1127.90,1127.50,1127.80,10746
1787635440000000000,1127.50,1127.80,1126.90,1127.30,15052
1787635500000000000,1127.30,1127.30,1126.80,1127.00,14452
1787635560000000000,1127.00,1127.60,1126.80,1127.00,19678
1787635620000000000,1127.00,1127.50,1127.00,1127.50,10697
1787635680000000000,1127.50,1127.60,1127.10,1127.30,12495
1787635740000000000,1127.40,1127.40,1126.50,1126.60,15752
1787635800000000000,1126.50,1127.00,1125.90,1126.80,18665
1787635860000000000,1127.00,1127.00,1126.70,1126.80,13207
1787635920000000000,1126.80,1127.00,1126.10,1126.30,17667
1787635980000000000,1126.30,1127.00,1126.30,1126.80,12204
1787636040000000000,1126.60,1127.00,1126.60,1127.00,12675
1787636100000000000,1127.00,1127.40,1126.70,1127.10,13800
1787636160000000000,1127.00,1127.30,1126.90,1127.20,10657
1787636220000000000,1127.20,1127.40,1126.90,1127.00,17727
1787636280000000000,1127.00,1127.00,1125.60,1125.90,19391
1787636340000000000,1125.90,1126.00,1125.50,1125.90,8812
1787636400000000000,1125.90,1126.00,1125.70,1125.80,16020
1787636460000000000,1125.80,1126.00,1125.40,1125.50,12825
1787636520000000000,1125.50,1125.50,1125.00,1125.50,14886
1787636580000000000,1125.50,1125.90,1125.30,1125.70,12824
1787636640000000000,1125.90,1126.00,1125.40,1125.60,16478
1787636700000000000,1125.60,1126.00,1125.30,1125.70,11543
1787636760000000000,1126.00,1126.00,1125.70,1126.00,10152
1787636820000000000,1126.00,1126.20,1125.80,1126.00,12148
1787636880000000000,1126.10,1126.70,1126.00,1126.70,12063
1787636940000000000,1126.70,1127.20,1126.60,1127.00,16566
1787637000000000000,1127.00,1127.70,1126.80,1127.70,10199
1787637060000000000,1127.70,1127.70,1126.90,1127.30,16711
1787637120000000000,1127.30,1127.70,1126.70,1127.10,15090
1787637180000000000,1127.10,1127.10,1126.40,1126.40,9718
1787637240000000000,1126.60,1126.80,1126.20,1126.40,13678
1787637300000000000,1126.40,1126.80,1126.30,1126.60,15000
1787637360000000000,1126.80,1127.30,1126.60,1127.20,11175
1787637420000000000,1127.20,1127.20,1126.50,1126.70,15946
1787637480000000000,1126.70,1127.20,1126.40,1126.90,10918
1787637540000000000,1126.90,1127.20,1126.50,1126.90,13097
1787637600000000000,1126.90,1127.20,1126.50,1127.20,12778
1787637660000000000,1127.20,1127.20,1126.40,1126.60,425613
1787637720000000000,1126.60,1126.80,1126.40,1126.50,8325
1787637780000000000,1126.50,1127.20,1126.20,1126.20,22981
1787637840000000000,1126.30,1127.10,1126.20,1126.90,8956
1787637900000000000,1126.90,1127.20,1126.70,1126.90,17035
1787637960000000000,1127.10,1127.10,1126.50,1126.60,9943
1787638020000000000,1126.60,1127.50,1126.50,1127.30,13685
1787638080000000000,1127.30,1127.50,1126.50,1126.60,18977
1787638140000000000,1126.80,1127.50,1126.70,1127.50,13011
1787638200000000000,1127.50,1127.60,1127.30,1127.60,10266
1787638260000000000,1127.60,1127.80,1127.40,1127.50,10192
1787638320000000000,1127.80,1127.80,1127.10,1127.50,12586
1787638380000000000,1127.50,1127.80,1126.30,1126.60,26348
1787638440000000000,1126.60,1127.80,1126.50,1127.40,19889
1787638500000000000,1127.40,1127.60,1127.00,1127.20,12822
1787638560000000000,1127.20,1127.40,1126.90,1127.00,10915
1787638620000000000,1127.00,1127.40,1127.00,1127.20,10330
1787638680000000000,1127.20,1127.40,1126.30,1126.40,14959
1787638740000000000,1126.60,1127.50,1126.60,1127.40,10329
1787638800000000000,1127.40,1127.50,1127.00,1127.00,14331
1787638860000000000,1127.30,1127.50,1126.80,1127.50,11224
1787638920000000000,1127.50,1127.60,1127.30,1127.40,12358
1787638980000000000,1127.40,1127.90,1127.30,1127.60,9770
1787639040000000000,1127.60,1128.30,1127.50,1128.30,11087
1787639100000000000,1128.30,1130.80,1128.10,1130.50,46678
1787639160000000000,1130.50,1130.80,1129.50,1130.10,20790
1787639220000000000,1130.10,1130.40,1129.80,1130.20,16562
1787639280000000000,1130.30,1130.40,1129.70,1130.30,19000
1787639340000000000,1130.30,1130.30,1129.70,1129.90,11045
1787639400000000000,1129.90,1129.90,1129.40,1129.90,11968
1787639460000000000,1129.90,1130.00,1129.50,1129.60,14537
1787639520000000000,1129.80,1130.40,1129.50,1130.20,17616
1787639580000000000,1130.20,1130.40,1129.90,1130.20,12947
1787639640000000000,1130.20,1130.20,1128.00,1128.00,16906
1787639700000000000,1128.20,1128.70,1127.60,1128.50,7872
1787639760000000000,1128.50,1129.00,1128.10,1128.40,12347
1787639820000000000,1128.90,1129.20,1127.90,1128.10,12714
1787639880000000000,1128.30,1128.50,1127.90,1128.20,9515
1787639940000000000,1128.20,1128.40,1128.00,1128.30,10182
1787640000000000000,1128.30,1128.60,1128.00,1128.60,11568
1787640060000000000,1128.50,1128.60,1128.30,1128.40,10467
1787640120000000000,1128.40,1128.70,1128.30,1128.40,12120
1787640180000000000,1128.40,1128.80,1128.30,1128.70,9645
1787640240000000000,1128.70,1128.90,1128.30,1128.40,12498
1787640300000000000,1128.40,1129.40,1128.30,1129.20,19180
1787640360000000000,1129.20,1129.40,1128.90,1129.40,19059
1787640420000000000,1129.40,1129.40,1128.90,1129.00,12899
1787640480000000000,1129.00,1129.00,1128.60,1128.70,9341
1787640540000000000,1128.70,1128.70,1127.40,1127.40,20229
1787640600000000000,1127.40,1127.70,1127.00,1127.30,22582
1787640660000000000,1127.30,1127.40,1126.50,1126.60,31516
1787640720000000000,1126.90,1126.90,1126.50,1126.80,17135
1787640780000000000,1126.80,1126.80,1126.50,1126.60,14499
1787640840000000000,1126.70,1126.90,1126.50,1126.50,13480
1787640900000000000,1126.70,1126.90,1126.40,1126.40,15253
1787640960000000000,1126.50,1126.60,1126.20,1126.30,11991
1787641020000000000,1126.60,1126.70,1126.20,1126.30,20812
1787641080000000000,1126.30,1126.50,1125.80,1125.80,19339
1787641140000000000,1125.80,1125.80,1124.70,1125.00,118009
1787641200000000000,1125.00,1125.00,1124.90,1125.00,13382
1787641260000000000,1125.00,1125.00,1124.50,1124.60,19701
1787641320000000000,1124.60,1124.60,1123.70,1124.20,33812
1787641380000000000,1124.20,1124.60,1124.00,1124.20,15445
1787641440000000000,1124.10,1124.20,1123.60,1123.80,13009
1787641500000000000,1123.80,1124.70,1123.60,1124.70,12119
1787641560000000000,1124.60,1124.60,1123.70,1123.70,25755
1787641620000000000,1123.80,1124.00,1123.60,1124.00,8577
1787641680000000000,1124.00,1124.10,1119.90,1121.50,403345
1787641740000000000,1121.80,1122.70,1121.60,1121.90,35394
1787641800000000000,1121.90,1122.70,1121.60,1122.70,11534
1787641860000000000,1122.70,1122.90,1122.20,1122.50,24876
1787641920000000000,1122.70,1122.90,1122.30,1122.90,17878
1787641980000000000,1122.90,1123.20,1122.50,1122.70,16549
1787642040000000000,1122.80,1123.30,1122.60,1122.60,18687
1787642100000000000,1123.00,1123.20,1122.60,1123.00,12193
1787642160000000000,1123.00,1123.20,1122.50,1122.70,21855
1787642220000000000,1122.70,1122.90,1122.40,1122.70,13378
1787642280000000000,1122.70,1123.20,1122.60,1123.20,13931
1787642340000000000,1123.20,1123.80,1123.10,1123.40,24668
1787642400000000000,1123.50,1123.50,1122.70,1123.20,10486
1787642460000000000,1123.20,1123.50,1122.50,1122.70,17798
1787642520000000000,1122.70,1123.80,1122.50,1123.70,33721
1787642580000000000,1123.70,1123.90,1123.50,1123.80,11533
1787642640000000000,1123.80,1124.00,1123.40,1123.40,17730
1787642700000000000,1123.70,1123.90,1122.80,1123.60,21043
1787642760000000000,1123.90,1124.00,1123.00,1124.00,11310
1787642820000000000,1124.00,1124.70,1123.70,1124.20,42984
1787642880000000000,1124.20,1124.70,1122.80,1122.90,27843
1787642940000000000,1123.10,1124.20,1122.90,1123.70,11991
1787643000000000000,1123.90,1124.20,1123.70,1123.80,7034
1787643060000000000,1123.80,1123.80,1122.20,1123.30,19839
1787643120000000000,1123.30,1123.30,1122.50,1123.20,6526
1787643180000000000,1123.20,1123.70,1122.80,1123.50,5214
1787643240000000000,1123.50,1123.80,1123.20,1123.50,9223
1787643300000000000,1123.50,1123.60,1123.20,1123.50,6510
1787643360000000000,1123.50,1123.70,1123.20,1123.70,9166
1787643420000000000,1123.70,1124.10,1123.60,1124.00,11846
1787643480000000000,1124.10,1124.60,1123.60,1124.50,12042
1787643540000000000,1124.50,1124.60,1123.80,1124.40,11175
1787643600000000000,1124.40,1124.70,1124.00,1124.30,11609
1787643660000000000,1124.30,1124.70,1124.10,1124.50,5899
1787643720000000000,1124.60,1124.70,1123.80,1124.20,11217
1787643780000000000,1124.20,1124.40,1123.40,1123.90,10139
1787643840000000000,1123.90,1124.10,1123.60,1123.90,8137
1787643900000000000,1123.90,1124.40,1123.70,1124.40,7951
1787643960000000000,1124.40,1124.50,1124.00,1124.10,9545
1787644020000000000,1124.10,1124.40,1123.70,1124.40,12819
1787644080000000000,1124.30,1124.30,1123.90,1124.10,7896
1787644140000000000,1124.10,1124.10,1123.40,1123.80,6827
1787644200000000000,1123.70,1124.10,1123.30,1123.50,10857
1787644260000000000,1123.50,1123.90,1123.20,1123.40,8148
1787644320000000000,1123.70,1123.80,1123.40,1123.50,6030
1787644380000000000,1123.50,1123.90,1123.30,1123.30,7927
1787644440000000000,1123.60,1123.80,1123.00,1123.00,9761
1787644500000000000,1123.30,1123.30,1122.80,1122.90,7403
1787644560000000000,1122.90,1123.70,1122.80,1123.70,5798
1787644620000000000,1123.70,1123.80,1122.90,1123.50,11636
1787644680000000000,1123.50,1123.70,1123.10,1123.60,4630
1787644740000000000,1123.60,1123.80,1122.50,1122.50,11641
1787644800000000000,1123.00,1123.50,1122.50,1123.40,20299
1787644860000000000,1123.40,1123.50,1122.30,1122.70,44725
1787644920000000000,1122.70,1123.20,1122.60,1123.00,34970
1787644980000000000,1123.00,1123.20,1121.50,1121.70,45599
1787645040000000000,1121.70,1121.90,1121.60,1121.70,11570
1787645100000000000,1121.80,1122.00,1121.50,1121.80,13991
1787645160000000000,1121.80,1122.10,1121.50,1121.80,21227
1787645220000000000,1122.00,1122.10,1121.40,1121.80,17692
1787645280000000000,1121.80,1121.90,1121.00,1121.10,34754
1787645340000000000,1121.20,1121.80,1121.20,1121.60,13636
1787645400000000000,1121.70,1122.20,1121.60,1122.20,10089
1787645460000000000,1122.20,1122.20,1121.40,1121.90,20630
1787645520000000000,1121.90,1122.10,1121.80,1122.10,8363
1787645580000000000,1122.10,1122.60,1122.00,1122.60,9765
1787645640000000000,1122.60,1122.60,1121.40,1121.90,15917
1787645700000000000,1121.90,1122.30,1121.40,1122.00,11631
1787645760000000000,1122.00,1122.00,1121.40,1121.80,10251
1787645820000000000,1121.90,1122.00,1121.70,1121.80,11713
1787645880000000000,1121.90,1122.00,1121.30,1121.60,15816
1787645940000000000,1121.60,1121.70,1121.00,1121.40,25673
1787646000000000000,1121.40,1121.50,1120.50,1121.30,39799
1787646060000000000,1121.30,1122.70,1120.90,1122.40,101798
1787646120000000000,1122.70,1124.40,1122.60,1124.20,19361
1787646180000000000,1124.20,1125.40,1124.10,1125.20,26529
1787646240000000000,1125.30,1126.60,1124.70,1126.40,33811
1787646300000000000,1126.70,1126.90,1125.70,1126.40,18939
1787646360000000000,1126.40,1126.40,1124.20,1124.50,26224
1787646420000000000,1124.60,1124.70,1124.00,1124.60,10179
1787646480000000000,1124.70,1125.00,1123.90,1124.30,12750
1787646540000000000,1124.40,1124.60,1123.40,1124.30,17218
1787646600000000000,1124.40,1124.60,1124.30,1124.50,7849
1787646660000000000,1124.60,1124.80,1124.50,1124.70,8839
1787646720000000000,1124.80,1124.80,1124.50,1124.80,10556
1787646780000000000,1124.80,1124.80,1124.00,1124.40,18619
1787646840000000000,1124.50,1125.00,1124.40,1124.80,16036
1787646900000000000,1125.00,1125.40,1124.90,1125.10,17055
1787646960000000000,1125.20,1125.50,1124.90,1125.00,10446
1787647020000000000,1125.10,1125.40,1124.80,1124.90,9368
1787647080000000000,1125.00,1125.30,1123.80,1124.30,14679
1787647140000000000,1124.40,1124.90,1124.30,1124.80,8545
1787647200000000000,1124.90,1125.30,1124.80,1124.90,8206
1787647260000000000,1125.00,1125.00,1124.10,1124.20,12580
1787647320000000000,1124.50,1125.00,1124.30,1124.90,9566
1787647380000000000,1125.00,1125.00,1124.00,1124.10,14871
1787647440000000000,1124.20,1124.20,1123.40,1123.80,13218
1787647500000000000,1123.80,1123.80,1122.50,1123.80,15296
1787647560000000000,1123.80,1123.90,1122.00,1122.60,37889
1787647620000000000,1122.60,1123.00,1122.50,1123.00,9042
1787647680000000000,1123.00,1123.00,1122.60,1122.70,15688
1787647740000000000,1122.80,1123.00,1122.70,1123.00,16010
1787647800000000000,1123.00,1123.00,1122.90,1122.90,10242
1787647860000000000,1123.00,1123.00,1122.90,1123.00,12809
1787647920000000000,1123.00,1123.30,1122.90,1123.00,83499
1787647980000000000,1123.00,1124.10,1122.90,1124.00,65648
1787648040000000000,1124.00,1124.00,1123.60,1124.00,12197
1787648100000000000,1124.00,1124.50,1123.70,1124.00,30834
1787648160000000000,1124.00,1124.40,1123.90,1124.20,8597
1787648220000000000,1124.20,1124.90,1124.10,1124.90,10361
1787648280000000000,1124.90,1125.80,1124.90,1125.40,21697
1787648340000000000,1125.40,1125.70,1125.00,1125.50,12854
1787648400000000000,1125.50,1125.50,1124.60,1125.00,23399
1787648460000000000,1125.00,1128.00,1124.90,1127.90,53616
1787648520000000000,1128.00,1128.20,1127.40,1127.60,37660
1787648580000000000,1127.60,1127.80,1127.00,1127.30,11675
1787648640000000000,1127.30,1127.30,1125.70,1126.70,35138
1787648700000000000,1126.70,1127.20,1126.30,1126.40,15540
1787648760000000000,1126.80,1126.80,1125.30,1125.60,15810
1787648820000000000,1125.60,1126.00,1125.30,1126.00,12788
1787648880000000000,1126.00,1126.30,1125.60,1126.30,17090
1787648940000000000,1126.30,1126.90,1126.20,1126.40,16026
1787649000000000000,1126.40,1127.20,1126.30,1127.00,16278
1787649060000000000,1127.00,1127.50,1126.80,1127.20,25538
1787649120000000000,1127.20,1127.20,1126.60,1127.10,12484
1787649180000000000,1127.10,1127.10,1126.60,1126.80,9466
1787649240000000000,1126.80,1127.10,1126.30,1126.60,15372
1787649300000000000,1126.60,1127.30,1126.40,1127.20,19202
1787649360000000000,1127.20,1127.30,1126.80,1127.10,12179
1787649420000000000,1127.10,1127.40,1126.80,1127.20,11798
1787649480000000000,1127.40,1128.00,1127.20,1128.00,29937
1787649540000000000,1128.00,1129.10,1127.90,1128.80,24194
1787649600000000000,1128.70,1128.80,1127.70,1128.10,23738
1787649660000000000,1128.30,1128.60,1127.90,1128.50,14742
1787649720000000000,1128.40,1129.50,1128.20,1129.50,31134
1787649780000000000,1129.50,1129.50,1129.10,1129.10,11804
1787649840000000000,1129.30,1129.40,1128.70,1128.90,19102
1787649900000000000,1129.10,1129.40,1128.40,1129.30,24315
1787649960000000000,1129.30,1129.40,1128.90,1129.30,14185
1787650020000000000,1129.30,1129.40,1128.80,1129.20,14928
1787650080000000000,1129.20,1129.70,1128.50,1129.40,28170
1787650140000000000,1129.60,1130.00,1129.40,1129.80,28979
1787650200000000000,1129.80,1130.90,1129.30,1130.80,47514
1787650260000000000,1130.60,1130.70,1129.30,1130.00,22894
1787650320000000000,1129.70,1130.70,1129.50,1130.70,39960
1787650380000000000,1130.50,1131.00,1130.50,1130.90,22781
1787650440000000000,1130.80,1131.50,1130.60,1130.90,28468
1787650500000000000,1130.80,1130.90,1129.70,1130.70,40867
1787650560000000000,1130.50,1130.70,1130.00,1130.30,18076
1787650620000000000,1130.20,1130.50,1129.90,1130.30,24047
1787650680000000000,1130.20,1130.60,1130.00,1130.50,19902
1787650740000000000,1130.50,1130.50,1129.70,1130.30,25680
1787650800000000000,1130.00,1130.90,1129.70,1130.70,27400
1787650860000000000,1130.50,1131.00,1130.30,1130.50,38784
1787650920000000000,1130.50,1131.30,1130.10,1131.00,49932
1787650980000000000,1130.60,1131.30,1130.30,1131.10,37315
1787651040000000000,1131.10,1131.60,1130.80,1130.80,22523
1787651100000000000,1130.80,1130.80,1130.80,1130.80,0
1787651160000000000,1130.80,1130.80,1130.80,1130.80,0
1787651220000000000,1130.80,1130.80,1130.80,1130.80,0
1787651280000000000,1130.80,1130.80,1130.80,1130.80,0
1787651340000000000,1130.80,1130.80,1130.80,1130.80,0
1787651400000000000,1130.80,1130.80,1130.80,1130.80,0
1787651460000000000,1130.80,1130.80,1130.80,1130.80,0
1787651520000000000,1130.80,1130.80,1130.80,1130.80,0
1787651580000000000,1130.80,1130.80,1130.80,1130.80,0
1787651640000000000,1130.80,1130.80,1130.80,1130.80,0
1787651700000000000,1130.80,1130.80,1130.80,1130.80,0
1787651760000000000,1130.80,1130.80,1130.80,1130.80,0
1787651820000000000,1130.80,1130.80,1130.80,1130.80,0
1787651880000000000,1144.00,1144.00,1144.00,1144.00,418518
1787651940000000000,1144.00,1144.00,1144.00,1144.00,0
1787715900000000000,1142.00,1142.00,1132.50,1133.00,137695
1787715960000000000,1133.00,1133.70,1130.80,1132.40,76142
1787716020000000000,1132.40,1133.70,1131.70,1133.00,34797
1787716080000000000,1133.40,1134.60,1132.50,1133.40,49724
1787716140000000000,1133.40,1133.90,1132.30,1133.00,33928
1787716200000000000,1133.00,1135.20,1133.00,1134.50,64863
1787716260000000000,1134.50,1134.70,1133.10,1134.00,21566
1787716320000000000,1134.00,1134.60,1133.50,1134.60,10772
1787716380000000000,1134.50,1134.90,1133.30,1134.00,19486
1787716440000000000,1134.10,1136.20,1134.10,1135.60,21020
1787716500000000000,1135.70,1136.00,1134.60,1135.30,19974
1787716560000000000,1135.10,1135.30,1133.00,1133.30,20123
1787716620000000000,1133.10,1134.30,1133.10,1133.50,11856
1787716680000000000,1133.90,1133.90,1132.00,1133.00,35370
1787716740000000000,1133.00,1133.00,1132.00,1132.10,11701
1787716800000000000,1132.10,1132.30,1131.00,1131.30,17263
1787716860000000000,1131.20,1131.30,1130.00,1130.70,68078
1787716920000000000,1130.70,1131.00,1130.30,1130.90,10374
1787716980000000000,1130.90,1131.00,1130.00,1130.10,12877
1787717040000000000,1130.30,1132.00,1129.60,1131.90,50483
1787717100000000000,1132.00,1133.40,1131.70,1133.00,87186
1787717160000000000,1133.50,1133.70,1131.50,1131.80,18459
1787717220000000000,1131.50,1132.50,1131.50,1132.20,4121
1787717280000000000,1132.20,1132.50,1130.90,1131.80,33496
1787717340000000000,1131.80,1132.30,1131.60,1132.20,7072
1787717400000000000,1132.20,1132.30,1131.00,1131.40,13464
1787717460000000000,1131.00,1132.00,1130.30,1131.20,42683
1787717520000000000,1131.40,1132.50,1131.30,1131.50,66512
1787717580000000000,1131.50,1132.00,1131.20,1131.50,38315
1787717640000000000,1131.50,1132.30,1131.40,1132.20,38906
1787717700000000000,1132.30,1132.40,1132.10,1132.20,16647
1787717760000000000,1132.30,1132.40,1131.10,1131.50,31922
1787717820000000000,1131.40,1131.50,1131.00,1131.20,10016
1787717880000000000,1131.50,1131.50,1130.50,1131.20,18594
1787717940000000000,1131.00,1131.50,1131.00,1131.50,9520
1787718000000000000,1131.50,1131.50,1130.50,1130.90,16237
1787718060000000000,1130.90,1130.90,1130.30,1130.50,9334
1787718120000000000,1130.50,1130.90,1129.60,1129.80,31144
1787718180000000000,1129.80,1130.20,1129.70,1129.90,16056
1787718240000000000,1129.90,1130.10,1129.80,1130.00,6534
1787718300000000000,1130.10,1130.30,1129.90,1130.20,9754
1787718360000000000,1130.10,1130.50,1130.00,1130.30,9586
1787718420000000000,1130.40,1130.60,1130.10,1130.40,8844
1787718480000000000,1130.40,1130.40,1129.90,1130.30,14412
1787718540000000000,1130.20,1130.60,1130.20,1130.30,6044
1787718600000000000,1130.30,1130.70,1129.90,1129.90,8778
1787718660000000000,1130.00,1130.00,1129.90,1130.00,4111
1787718720000000000,1130.00,1130.00,1129.50,1129.70,11109
1787718780000000000,1129.80,1129.80,1129.70,1129.80,5409
1787718840000000000,1129.80,1129.80,1128.00,1129.70,113166
1787718900000000000,1129.70,1130.00,1128.10,1128.60,26363
1787718960000000000,1128.60,1128.90,1127.80,1127.90,29558
1787719020000000000,1128.00,1128.00,1127.40,1127.60,17278
1787719080000000000,1127.50,1127.70,1126.60,1127.50,108884
1787719140000000000,1127.50,1128.60,1127.40,1128.60,10424
1787719200000000000,1128.60,1128.60,1127.40,1128.00,15697
1787719260000000000,1127.80,1128.00,1127.50,1128.00,5166
1787719320000000000,1127.90,1128.80,1127.90,1128.10,9047
1787719380000000000,1128.20,1128.40,1128.00,1128.10,9144
1787719440000000000,1128.10,1128.50,1127.60,1128.00,10490
1787719500000000000,1128.00,1128.20,1127.90,1128.00,6272
1787719560000000000,1128.00,1128.20,1127.50,1127.80,16166
1787719620000000000,1127.60,1127.80,1126.10,1126.10,31547
1787719680000000000,1126.20,1126.70,1124.90,1126.30,129209
1787719740000000000,1126.30,1127.70,1126.30,1127.70,10413
1787719800000000000,1127.40,1127.80,1126.40,1126.90,8779
1787719860000000000,1126.70,1127.50,1126.70,1127.50,5078
1787719920000000000,1127.10,1128.00,1127.10,1127.70,6817
1787719980000000000,1127.70,1128.00,1127.10,1127.50,10031
1787720040000000000,1127.60,1128.40,1127.50,1128.40,6435
1787720100000000000,1128.30,1128.40,1127.70,1127.90,12042
1787720160000000000,1128.00,1128.00,1127.80,1127.90,4800
1787720220000000000,1127.90,1128.00,1127.50,1127.70,11964
1787720280000000000,1127.70,1127.70,1127.60,1127.70,3372
1787720340000000000,1127.70,1127.70,1127.60,1127.70,5678
1787720400000000000,1127.70,1129.20,1127.60,1128.80,85843
1787720460000000000,1128.80,1129.00,1128.50,1128.80,11947
1787720520000000000,1128.80,1128.80,1127.70,1128.40,8574
1787720580000000000,1128.60,1128.60,1127.70,1128.30,7982
1787720640000000000,1128.30,1128.80,1128.00,1128.50,5360
1787720700000000000,1128.10,1128.70,1128.10,1128.50,5309
1787720760000000000,1128.50,1129.30,1128.50,1129.20,7525
1787720820000000000,1129.00,1129.00,1127.90,1128.40,8470
1787720880000000000,1128.40,1129.00,1128.00,1128.50,6823
1787720940000000000,1128.50,1128.50,1128.00,1128.00,35880
1787721000000000000,1128.00,1129.20,1127.90,1128.80,41514
1787721060000000000,1128.70,1129.00,1128.50,1128.80,5647
1787721120000000000,1128.90,1129.50,1128.10,1128.40,510191
1787721180000000000,1128.40,1128.90,1127.40,1127.70,17505
1787721240000000000,1127.40,1127.90,1126.70,1127.20,63054
1787721300000000000,1127.20,1127.30,1125.70,1126.30,23926
1787721360000000000,1125.80,1126.90,1124.90,1126.30,61510
1787721420000000000,1126.40,1127.00,1126.30,1126.90,10232
1787721480000000000,1126.80,1127.10,1126.70,1127.10,4888
1787721540000000000,1127.10,1127.10,1126.30,1126.50,14548
1787721600000000000,1126.50,1126.50,1125.30,1125.80,36300
1787721660000000000,1125.50,1126.30,1125.50,1126.30,12197
1787721720000000000,1126.30,1126.50,1125.80,1126.30,21839
1787721780000000000,1126.00,1126.30,1125.90,1126.20,5899
1787721840000000000,1126.20,1126.30,1125.90,1126.00,8924
1787721900000000000,1126.20,1126.30,1126.00,1126.00,5862
1787721960000000000,1126.20,1126.20,1125.70,1125.90,18965
1787722020000000000,1125.80,1125.90,1125.60,1125.60,12496
1787722080000000000,1125.70,1126.00,1125.30,1125.30,18286
1787722140000000000,1125.40,1125.60,1125.30,1125.60,6642
1787722200000000000,1125.50,1125.60,1125.40,1125.60,10433
1787722260000000000,1125.60,1125.60,1125.20,1125.30,17324
1787722320000000000,1125.60,1125.80,1125.30,1125.70,14056
1787722380000000000,1125.70,1125.70,1125.30,1125.50,10663
1787722440000000000,1125.40,1125.90,1125.00,1125.90,13935
1787722500000000000,1125.90,1126.30,1125.60,1126.00,12398
1787722560000000000,1126.20,1126.30,1125.80,1125.90,10122
1787722620000000000,1125.90,1126.00,1125.80,1126.00,5204
1787722680000000000,1126.00,1126.30,1125.80,1126.00,20950
1787722740000000000,1126.00,1126.00,1125.40,1125.80,13714
1787722800000000000,1125.70,1126.00,1125.70,1125.80,6272
1787722860000000000,1125.80,1126.00,1125.60,1125.70,9037
1787722920000000000,1125.80,1126.00,1125.70,1125.90,9116
1787722980000000000,1126.00,1126.30,1125.70,1126.00,17461
1787723040000000000,1126.00,1126.10,1125.80,1125.80,9142
1787723100000000000,1125.90,1126.00,1124.20,1124.50,41673
1787723160000000000,1124.50,1124.80,1124.10,1124.80,9052
1787723220000000000,1124.80,1124.80,1124.60,1124.70,6995
1787723280000000000,1124.80,1124.80,1124.60,1124.80,9258
1787723340000000000,1124.80,1125.50,1124.70,1125.10,16534
1787723400000000000,1125.10,1125.20,1124.70,1125.00,11488
1787723460000000000,1125.00,1125.40,1124.90,1125.20,7420
1787723520000000000,1125.30,1125.40,1124.80,1125.00,11210
1787723580000000000,1124.90,1125.10,1124.70,1125.10,4775
1787723640000000000,1125.10,1125.30,1124.90,1125.20,14044
1787723700000000000,1125.10,1125.20,1124.30,1125.00,12665
1787723760000000000,1125.00,1125.00,1124.60,1124.80,9560
1787723820000000000,1124.80,1125.00,1123.50,1124.20,31117
1787723880000000000,1124.20,1124.50,1123.80,1124.50,5352
1787723940000000000,1124.50,1124.90,1123.70,1123.90,21031
1787724000000000000,1124.00,1124.00,1123.10,1123.50,9227
1787724060000000000,1123.50,1123.50,1122.30,1123.00,28206
1787724120000000000,1122.90,1123.80,1122.70,1123.50,6250
1787724180000000000,1123.30,1124.20,1123.30,1123.70,9753
1787724240000000000,1123.40,1124.00,1123.30,1123.90,7089
1787724300000000000,1123.60,1124.40,1123.40,1123.80,7890
1787724360000000000,1124.30,1124.80,1123.80,1124.80,8235
1787724420000000000,1124.70,1124.80,1124.20,1124.50,12693
1787724480000000000,1124.50,1124.60,1124.20,1124.40,2856
1787724540000000000,1124.40,1124.60,1124.00,1124.30,12007
1787724600000000000,1124.30,1124.60,1124.00,1124.50,4153
1787724660000000000,1124.30,1124.50,1124.10,1124.30,4754
1787724720000000000,1124.30,1124.50,1124.10,1124.50,5324
1787724780000000000,1124.50,1124.70,1124.30,1124.70,5407
1787724840000000000,1124.50,1124.90,1124.50,1124.50,6611
1787724900000000000,1124.50,1124.70,1124.50,1124.60,9230
1787724960000000000,1124.60,1124.90,1124.50,1124.80,8986
1787725020000000000,1124.80,1124.80,1124.50,1124.80,6701
1787725080000000000,1124.50,1124.70,1124.00,1124.00,10831
1787725140000000000,1124.10,1124.30,1124.00,1124.30,3592
1787725200000000000,1124.00,1124.40,1124.00,1124.30,9726
1787725260000000000,1124.30,1124.40,1123.90,1124.00,8436
1787725320000000000,1124.20,1124.50,1123.80,1124.30,7789
1787725380000000000,1124.30,1124.50,1124.00,1124.20,9492
1787725440000000000,1124.00,1124.20,1123.70,1123.70,10410
1787725500000000000,1123.70,1124.40,1123.50,1124.40,4546
1787725560000000000,1124.40,1124.40,1123.90,1124.00,9248
1787725620000000000,1124.00,1124.00,1123.50,1123.70,13970
1787725680000000000,1123.70,1123.70,1123.00,1123.30,11258
1787725740000000000,1123.20,1123.30,1123.00,1123.20,4331
1787725800000000000,1123.20,1123.50,1123.10,1123.20,8063
1787725860000000000,1123.30,1123.50,1122.70,1123.00,10908
1787725920000000000,1123.00,1123.60,1122.90,1123.50,6960
1787725980000000000,1123.50,1123.70,1123.10,1123.30,10110
1787726040000000000,1123.30,1123.30,1122.10,1122.50,21178
1787726100000000000,1122.40,1122.50,1122.10,1122.40,9529
1787726160000000000,1122.50,1123.00,1122.20,1122.60,44326
1787726220000000000,1122.60,1122.80,1122.50,1122.70,4670
1787726280000000000,1122.70,1123.00,1122.20,1122.40,12834
1787726340000000000,1122.40,1122.40,1122.00,1122.20,12100
1787726400000000000,1122.20,1122.60,1122.10,1122.60,4833
1787726460000000000,1122.60,1122.70,1122.30,1122.30,10732
1787726520000000000,1122.40,1122.50,1122.30,1122.50,5956
1787726580000000000,1122.50,1122.80,1122.30,1122.50,3304
1787726640000000000,1122.40,1122.60,1121.50,1121.80,43377
1787726700000000000,1122.00,1122.20,1121.50,1122.20,6726
1787726760000000000,1122.20,1122.60,1122.00,1122.40,3598
1787726820000000000,1122.40,1122.80,1122.00,1122.40,3974
1787726880000000000,1122.40,1122.80,1122.40,1122.80,5724
1787726940000000000,1122.70,1122.80,1122.40,1122.70,8462
1787727000000000000,1122.70,1122.90,1122.40,1122.50,6964
1787727060000000000,1122.50,1122.50,1122.40,1122.50,7782
1787727120000000000,1122.40,1122.50,1122.00,1122.30,5170
1787727180000000000,1122.20,1122.50,1122.10,1122.40,7815
1787727240000000000,1122.30,1122.70,1122.10,1122.50,11440
1787727300000000000,1122.50,1122.50,1122.00,1122.30,7217
1787727360000000000,1122.30,1122.30,1121.70,1121.70,19368
1787727420000000000,1121.60,1121.90,1121.40,1121.50,12955
1787727480000000000,1121.50,1121.80,1121.00,1121.50,17492
1787727540000000000,1121.70,1121.90,1120.60,1121.00,32611
1787727600000000000,1121.00,1121.00,1120.60,1120.90,5788
1787727660000000000,1121.00,1121.70,1120.60,1121.50,38630
1787727720000000000,1121.50,1121.50,1121.10,1121.30,7753
1787727780000000000,1121.30,1121.30,1121.00,1121.30,7254
1787727840000000000,1121.30,1121.80,1121.20,1121.70,4475
1787727900000000000,1121.70,1122.00,1121.40,1121.90,5406
1787727960000000000,1121.90,1122.50,1121.70,1122.40,17769
1787728020000000000,1122.40,1122.40,1121.80,1122.20,4579
1787728080000000000,1122.20,1122.20,1121.00,1121.80,13468
1787728140000000000,1121.70,1121.80,1121.00,1121.10,5625
1787728200000000000,1121.20,1121.20,1121.00,1121.10,5606
1787728260000000000,1121.00,1121.10,1120.70,1120.80,8697
1787728320000000000,1120.80,1121.20,1120.00,1121.00,31149
1787728380000000000,1121.10,1122.20,1121.00,1121.50,19126
1787728440000000000,1121.30,1121.50,1121.20,1121.40,6456
1787728500000000000,1121.40,1121.40,1120.50,1121.00,6912
1787728560000000000,1121.00,1121.10,1120.60,1121.10,5552
1787728620000000000,1120.80,1121.50,1120.80,1121.10,6934
1787728680000000000,1121.00,1121.70,1121.00,1121.50,14343
1787728740000000000,1121.50,1121.60,1120.80,1120.90,11151
1787728800000000000,1120.90,1120.90,1120.30,1120.60,5994
1787728860000000000,1120.60,1120.60,1120.30,1120.60,5006
1787728920000000000,1120.60,1120.80,1119.10,1120.00,55151
1787728980000000000,1120.00,1120.20,1119.80,1119.80,7838
1787729040000000000,1119.90,1120.00,1119.80,1120.00,4109
1787729100000000000,1120.00,1120.60,1119.60,1120.60,10990
1787729160000000000,1120.30,1120.60,1120.30,1120.40,6457
1787729220000000000,1120.40,1120.70,1120.20,1120.30,8847
1787729280000000000,1120.30,1120.30,1119.70,1119.70,10025
1787729340000000000,1120.00,1120.50,1119.60,1120.30,11086
1787729400000000000,1120.50,1120.90,1120.30,1120.60,5014
1787729460000000000,1120.80,1120.80,1120.20,1120.30,12831
1787729520000000000,1120.30,1120.40,1120.10,1120.20,3603
1787729580000000000,1120.20,1120.70,1120.10,1120.40,7025
1787729640000000000,1120.40,1121.00,1120.40,1120.90,6771
1787729700000000000,1121.00,1121.50,1120.80,1121.50,6790
1787729760000000000,1121.20,1121.90,1121.10,1121.60,8443
1787729820000000000,1121.70,1121.70,1121.00,1121.60,20137
1787729880000000000,1121.20,1121.70,1121.10,1121.30,3934
1787729940000000000,1121.10,1121.30,1120.50,1120.50,32041
1787730000000000000,1120.60,1120.80,1120.50,1120.70,6158
1787730060000000000,1120.70,1121.40,1120.60,1121.20,8029
1787730120000000000,1121.20,1121.40,1121.00,1121.10,6891
1787730180000000000,1121.10,1121.30,1121.00,1121.30,3698
1787730240000000000,1121.10,1121.40,1121.10,1121.10,4938
1787730300000000000,1121.20,1121.70,1121.10,1121.20,11462
1787730360000000000,1121.50,1121.50,1121.10,1121.40,29061
1787730420000000000,1121.40,1121.40,1121.00,1121.10,7742
1787730480000000000,1121.00,1121.20,1120.90,1120.90,6064
1787730540000000000,1121.00,1121.00,1120.80,1120.80,3456
1787730600000000000,1120.80,1121.00,1120.60,1121.00,10865
1787730660000000000,1120.60,1121.00,1119.70,1120.50,38850
1787730720000000000,1120.00,1120.40,1120.00,1120.40,2682
1787730780000000000,1120.40,1120.40,1119.60,1119.90,8269
1787730840000000000,1119.90,1120.00,1119.20,1119.90,13186
1787730900000000000,1119.70,1120.00,1119.50,1119.70,5197
1787730960000000000,1119.80,1120.30,1119.70,1120.20,2387
1787731020000000000,1120.10,1120.20,1120.00,1120.00,9891
1787731080000000000,1120.10,1120.10,1119.80,1119.80,12119
1787731140000000000,1119.90,1120.10,1119.80,1120.00,5309
1787731200000000000,1120.00,1120.30,1119.90,1120.00,7053
1787731260000000000,1120.00,1120.00,1119.40,1119.50,10848
1787731320000000000,1119.50,1119.80,1119.40,1119.50,7558
1787731380000000000,1119.40,1120.00,1119.30,1119.80,7361
1787731440000000000,1119.80,1119.90,1119.50,1119.70,5882
1787731500000000000,1119.70,1119.90,1119.50,1119.60,11432
1787731560000000000,1119.60,1119.90,1119.00,1119.30,23797
1787731620000000000,1119.30,1119.30,1119.00,1119.10,9202
1787731680000000000,1119.10,1119.20,1119.10,1119.20,5445
1787731740000000000,1119.20,1119.20,1119.10,1119.20,4615
1787731800000000000,1119.20,1119.20,1119.00,1119.10,12061
1787731860000000000,1119.10,1119.50,1119.00,1119.10,8452
1787731920000000000,1119.20,1119.20,1118.80,1119.00,13632
1787731980000000000,1119.00,1119.70,1118.90,1119.50,6062
1787732040000000000,1119.30,1119.50,1119.30,1119.40,6168
1787732100000000000,1119.40,1119.40,1118.90,1119.20,11352
1787732160000000000,1119.00,1119.20,1118.80,1118.90,6257
1787732220000000000,1118.80,1118.90,1118.30,1118.60,9614
1787732280000000000,1118.60,1119.20,1118.50,1119.00,8423
1787732340000000000,1119.00,1119.30,1118.80,1119.30,5246
1787732400000000000,1119.20,1119.50,1119.00,1119.30,8460
1787732460000000000,1119.20,1119.20,1118.90,1119.00,4742
1787732520000000000,1119.00,1119.30,1118.90,1119.30,4552
1787732580000000000,1119.10,1119.60,1119.10,1119.40,9022
1787732640000000000,1119.40,1119.50,1119.00,1119.10,11293
1787732700000000000,1119.00,1119.50,1119.00,1119.50,8439
1787732760000000000,1119.50,1119.50,1119.20,1119.20,2793
1787732820000000000,1119.30,1119.50,1119.20,1119.20,3323
1787732880000000000,1119.50,1119.90,1119.30,1119.90,9322
1787732940000000000,1119.90,1120.10,1118.60,1119.60,44181
1787733000000000000,1119.60,1120.00,1119.50,1120.00,7209
1787733060000000000,1120.00,1120.20,1119.90,1120.20,3422
1787733120000000000,1120.00,1120.40,1119.60,1120.40,15053
1787733180000000000,1120.40,1120.50,1120.10,1120.40,9367
1787733240000000000,1120.50,1120.50,1120.40,1120.50,3412
1787733300000000000,1120.40,1120.50,1120.40,1120.50,6620
1787733360000000000,1120.50,1120.50,1120.30,1120.40,11838
1787733420000000000,1120.40,1120.40,1119.80,1120.00,5391
1787733480000000000,1120.30,1120.40,1120.00,1120.30,12837
1787733540000000000,1120.30,1120.50,1119.60,1120.50,27848
1787733600000000000,1120.50,1120.90,1120.40,1120.80,33821
1787733660000000000,1120.80,1121.00,1120.80,1120.90,5198
1787733720000000000,1120.90,1121.50,1120.90,1121.50,13032
1787733780000000000,1121.50,1121.60,1121.40,1121.40,10972
1787733840000000000,1121.50,1121.70,1121.10,1121.10,17253
1787733900000000000,1121.20,1121.30,1121.10,1121.20,2582
1787733960000000000,1121.20,1121.60,1121.10,1121.40,6239
1787734020000000000,1121.50,1121.70,1121.40,1121.50,5072
1787734080000000000,1121.50,1121.80,1121.40,1121.70,3819
1787734140000000000,1121.60,1121.90,1121.60,1121.90,11042
1787734200000000000,1121.90,1122.60,1121.80,1122.50,15302
1787734260000000000,1122.50,1122.60,1122.30,1122.40,8166
1787734320000000000,1122.30,1122.40,1122.00,1122.00,9078
1787734380000000000,1122.30,1122.30,1121.30,1121.50,7189
1787734440000000000,1121.80,1121.80,1121.20,1121.50,6464
1787734500000000000,1121.20,1121.50,1121.20,1121.50,4345
1787734560000000000,1121.40,1121.50,1121.40,1121.50,3449
1787734620000000000,1121.50,1122.30,1121.50,1121.90,17701
1787734680000000000,1121.90,1122.50,1121.60,1122.40,15140
1787734740000000000,1122.10,1122.40,1122.00,1122.30,6554
1787734800000000000,1122.30,1122.30,1121.60,1121.60,9445
1787734860000000000,1121.90,1122.30,1121.60,1122.20,7004
1787734920000000000,1122.20,1122.40,1121.30,1121.70,13549
1787734980000000000,1121.70,1122.00,1121.40,1122.00,5399
1787735040000000000,1122.00,1122.50,1121.80,1122.40,15195
1787735100000000000,1122.10,1122.50,1122.10,1122.50,13996
1787735160000000000,1122.40,1122.50,1121.70,1122.20,7783
1787735220000000000,1121.80,1122.40,1121.80,1122.20,5280
1787735280000000000,1122.20,1122.40,1122.20,1122.30,4048
1787735340000000000,1122.30,1122.50,1122.30,1122.40,15084
1787735400000000000,1122.40,1122.50,1122.40,1122.50,11068
1787735460000000000,1122.40,1122.50,1122.40,1122.50,3825
1787735520000000000,1122.40,1122.50,1122.30,1122.40,9473
1787735580000000000,1122.40,1122.40,1122.30,1122.30,6772
1787735640000000000,1122.40,1122.40,1122.10,1122.30,5216
1787735700000000000,1122.30,1122.30,1122.20,1122.30,3853
1787735760000000000,1122.20,1122.50,1122.20,1122.50,35445
1787735820000000000,1122.50,1123.30,1122.50,1123.30,16302
1787735880000000000,1123.40,1123.50,1123.00,1123.00,15162
1787735940000000000,1123.10,1123.30,1122.80,1123.00,12196
1787736000000000000,1123.00,1123.10,1121.90,1122.30,14945
1787736060000000000,1122.20,1122.50,1121.90,1122.50,11236
1787736120000000000,1122.10,1123.00,1122.10,1122.50,17845
1787736180000000000,1122.50,1123.20,1122.50,1123.20,8948
1787736240000000000,1123.20,1123.20,1122.70,1122.90,8265
1787736300000000000,1122.90,1123.00,1122.20,1122.50,5759
1787736360000000000,1122.50,1122.90,1122.30,1122.90,11582
1787736420000000000,1122.70,1122.90,1122.70,1122.80,5568
1787736480000000000,1122.80,1122.90,1122.20,1122.20,13682
1787736540000000000,1122.40,1122.50,1122.00,1122.50,18737
1787736600000000000,1122.50,1122.50,1121.00,1121.80,49046
1787736660000000000,1121.80,1122.30,1121.50,1122.30,14564
1787736720000000000,1122.30,1122.50,1122.00,1122.30,15591
1787736780000000000,1122.20,1122.50,1121.60,1122.40,25668
1787736840000000000,1122.20,1122.50,1122.00,1122.40,19182
1787736900000000000,1122.40,1122.50,1121.00,1122.00,47257
1787736960000000000,1121.80,1122.10,1120.80,1121.50,30438
1787737020000000000,1121.00,1122.00,1121.00,1122.00,17480
1787737080000000000,1121.90,1122.00,1121.60,1121.70,34398
1787737140000000000,1121.60,1121.70,1120.50,1121.50,42549
1787737200000000000,1121.40,1122.40,1121.10,1122.40,40956
1787737260000000000,1122.10,1123.00,1122.10,1122.90,25181
1787737320000000000,1122.70,1123.00,1120.00,1122.30,96767
1787737380000000000,1122.20,1123.00,1122.00,1122.80,19308
1787737440000000000,1122.80,1123.00,1122.00,1122.90,13420
1787737500000000000,1122.90,1122.90,1122.90,1122.90,0
1787737560000000000,1122.90,1122.90,1122.90,1122.90,0
1787737620000000000,1122.90,1122.90,1122.90,1122.90,0
1787737680000000000,1122.90,1122.90,1122.90,1122.90,0
1787737740000000000,1122.90,1122.90,1122.90,1122.90,0
1787737800000000000,1122.90,1122.90,1122.90,1122.90,0
1787737860000000000,1122.90,1122.90,1122.90,1122.90,0
1787737920000000000,1122.90,1122.90,1122.90,1122.90,0
1787737980000000000,1122.90,1122.90,1122.90,1122.90,0
1787738040000000000,1122.90,1122.90,1122.90,1122.90,0
1787738100000000000,1122.90,1122.90,1122.90,1122.90,0
1787738160000000000,1122.90,1122.90,1122.90,1122.90,0
1787738220000000000,1122.90,1122.90,1122.90,1122.90,0
1787738280000000000,1120.00,1120.00,1120.00,1120.00,195380
1787738340000000000,1120.00,1120.00,1120.00,1120.00,0
1787802300000000000,1120.00,1130.70,1119.70,1129.20,301827
1787802360000000000,1129.70,1129.80,1123.20,1124.00,56845
1787802420000000000,1124.50,1124.70,1122.00,1123.10,30149
1787802480000000000,1123.00,1124.70,1122.20,1123.50,31001
1787802540000000000,1123.50,1123.50,1122.20,1122.50,16436
1787802600000000000,1122.70,1125.80,1122.10,1125.80,30819
1787802660000000000,1125.40,1126.20,1122.20,1123.90,57796
1787802720000000000,1123.90,1124.00,1121.50,1121.50,21545
1787802780000000000,1122.00,1122.30,1120.50,1121.10,29556
1787802840000000000,1121.30,1122.00,1120.80,1121.30,16266
1787802900000000000,1121.30,1121.40,1118.50,1118.70,62478
1787802960000000000,1118.80,1118.80,1117.10,1117.20,26183
1787803020000000000,1117.20,1117.60,1116.00,1116.60,24261
1787803080000000000,1116.60,1117.30,1116.00,1117.30,16731
1787803140000000000,1117.30,1117.50,1116.70,1116.90,11232
1787803200000000000,1117.00,1117.30,1116.20,1116.40,15734
1787803260000000000,1116.30,1118.10,1116.20,1116.60,21011
1787803320000000000,1116.60,1116.90,1115.00,1115.50,46905
1787803380000000000,1115.50,1117.30,1115.50,1117.30,15836
1787803440000000000,1116.90,1117.30,1116.00,1117.00,10859
1787803500000000000,1116.70,1118.90,1116.60,1117.60,22724
1787803560000000000,1117.50,1118.00,1117.30,1117.60,10645
1787803620000000000,1117.30,1118.00,1117.10,1117.90,10826
1787803680000000000,1117.60,1118.10,1117.30,1117.80,9688
1787803740000000000,1117.50,1118.30,1117.50,1117.70,10052
1787803800000000000,1117.70,1118.60,1117.70,1118.00,11745
1787803860000000000,1118.00,1118.50,1118.00,1118.30,6835
1787803920000000000,1118.30,1118.40,1118.10,1118.20,7975
1787803980000000000,1118.20,1118.60,1118.20,1118.30,13214
1787804040000000000,1118.30,1119.70,1118.20,1119.30,16748
1787804100000000000,1118.70,1120.90,1118.70,1120.60,19026
1787804160000000000,1120.50,1121.10,1120.50,1120.60,14074
1787804220000000000,1120.60,1120.80,1120.00,1120.60,12639
1787804280000000000,1120.30,1120.60,1118.70,1119.10,12364
1787804340000000000,1119.10,1120.00,1119.10,1120.00,8197
1787804400000000000,1119.50,1120.00,1119.50,1119.50,10053
1787804460000000000,1119.50,1119.80,1118.30,1118.90,10341
1787804520000000000,1118.50,1119.60,1118.50,1119.10,9640
1787804580000000000,1119.10,1119.40,1118.20,1118.50,11369
1787804640000000000,1118.20,1118.80,1117.50,1117.50,10560
1787804700000000000,1117.60,1117.60,1116.00,1116.30,34027
1787804760000000000,1116.30,1117.40,1116.00,1117.00,11391
1787804820000000000,1117.00,1117.80,1117.00,1117.60,8539
1787804880000000000,1117.40,1117.70,1116.10,1116.40,29979
1787804940000000000,1116.40,1117.10,1115.60,1116.80,14790
1787805000000000000,1116.40,1116.90,1116.40,1116.80,6869
1787805060000000000,1116.60,1117.00,1116.40,1116.50,7854
1787805120000000000,1116.50,1117.90,1116.50,1117.80,12119
1787805180000000000,1117.50,1118.30,1117.40,1118.00,11765
1787805240000000000,1118.00,1118.30,1117.70,1117.70,7579
1787805300000000000,1117.80,1118.00,1116.90,1117.30,9143
1787805360000000000,1117.30,1117.50,1116.70,1117.20,10013
1787805420000000000,1117.20,1118.60,1117.10,1118.40,10701
1787805480000000000,1118.30,1119.40,1118.00,1118.70,7613
1787805540000000000,1118.50,1119.50,1118.50,1118.80,13312
1787805600000000000,1118.60,1119.10,1118.10,1118.50,13827
1787805660000000000,1118.50,1118.90,1118.10,1118.20,7040
1787805720000000000,1118.10,1118.50,1118.10,1118.50,6783
1787805780000000000,1118.10,1118.60,1117.70,1117.90,9270
1787805840000000000,1117.80,1117.90,1115.70,1116.30,28035
1787805900000000000,1116.00,1117.30,1115.40,1117.30,17621
1787805960000000000,1117.00,1117.60,1117.00,1117.50,6033
1787806020000000000,1117.20,1117.60,1117.20,1117.20,7947
1787806080000000000,1117.20,1117.60,1116.10,1116.90,9865
1787806140000000000,1116.70,1116.90,1116.20,1116.40,6873
1787806200000000000,1116.20,1117.00,1116.20,1116.50,10595
1787806260000000000,1116.50,1117.20,1116.50,1117.10,7188
1787806320000000000,1116.80,1118.00,1116.70,1117.90,10832
1787806380000000000,1117.50,1118.00,1116.00,1116.00,25012
1787806440000000000,1116.10,1116.20,1115.50,1116.10,10131
1787806500000000000,1116.00,1116.10,1113.70,1115.00,151838
1787806560000000000,1114.60,1115.90,1114.60,1115.70,11248
1787806620000000000,1115.40,1115.80,1114.10,1114.10,10448
1787806680000000000,1114.40,1114.80,1113.00,1113.40,21865
1787806740000000000,1113.00,1113.50,1112.70,1112.80,15150
1787806800000000000,1112.70,1113.20,1109.90,1111.00,141019
1787806860000000000,1111.10,1113.10,1111.00,1112.40,16797
1787806920000000000,1112.00,1112.60,1111.60,1111.80,10857
1787806980000000000,1111.80,1112.40,1111.60,1111.90,15410
1787807040000000000,1111.90,1112.50,1111.80,1112.40,11792
1787807100000000000,1112.30,1112.90,1112.20,1112.90,10504
1787807160000000000,1112.70,1112.90,1112.50,1112.70,7550
1787807220000000000,1112.60,1113.20,1112.50,1112.70,8894
1787807280000000000,1112.70,1113.50,1112.50,1112.90,7582
1787807340000000000,1112.90,1113.30,1111.70,1112.00,13820
1787807400000000000,1112.00,1112.70,1112.00,1112.20,7629
1787807460000000000,1112.20,1112.50,1112.00,1112.40,12577
1787807520000000000,1112.00,1112.50,1111.90,1112.10,8164
1787807580000000000,1112.00,1112.40,1111.60,1111.80,9755
1787807640000000000,1111.80,1112.20,1110.30,1110.60,18774
1787807700000000000,1110.60,1111.00,1110.20,1110.20,11571
1787807760000000000,1110.20,1113.30,1110.20,1113.00,17664
1787807820000000000,1112.80,1113.50,1112.80,1113.30,8391
1787807880000000000,1113.10,1113.30,1112.30,1112.80,10541
1787807940000000000,1112.40,1113.00,1112.20,1112.80,9472
1787808000000000000,1112.90,1113.50,1112.90,1113.40,7808
1787808060000000000,1113.40,1113.80,1113.00,1113.10,11879
1787808120000000000,1113.10,1113.60,1113.10,1113.40,8172
1787808180000000000,1113.30,1113.50,1113.20,1113.50,7201
1787808240000000000,1113.40,1113.80,1113.20,1113.40,24984
1787808300000000000,1113.40,1114.10,1113.30,1114.10,19926
1787808360000000000,1113.90,1114.90,1113.80,1114.40,14686
1787808420000000000,1114.10,1115.00,1114.10,1114.80,9178
1787808480000000000,1114.80,1115.20,1114.50,1114.80,8548
1787808540000000000,1114.80,1115.10,1113.80,1114.50,8898
1787808600000000000,1114.10,1114.50,1113.60,1113.90,8202
1787808660000000000,1113.80,1114.20,1113.10,1113.40,9795
1787808720000000000,1113.10,1114.80,1113.10,1114.80,11000
1787808780000000000,1114.40,1114.90,1114.40,1114.90,8186
1787808840000000000,1114.50,1115.10,1114.50,1114.90,6531
1787808900000000000,1114.90,1115.50,1114.90,1115.20,9071
1787808960000000000,1115.20,1115.40,1114.10,1114.50,8241
1787809020000000000,1114.10,1115.20,1114.10,1114.80,11459
1787809080000000000,1114.40,1115.10,1114.40,1115.10,6358
1787809140000000000,1114.80,1115.50,1114.80,1115.00,8256
1787809200000000000,1114.90,1115.00,1114.10,1114.30,12876
1787809260000000000,1114.10,1114.60,1113.60,1113.70,8319
1787809320000000000,1113.50,1114.60,1113.50,1114.30,8006
1787809380000000000,1114.20,1114.60,1112.00,1112.00,21007
1787809440000000000,1112.00,1112.90,1112.00,1112.70,3679
1787809500000000000,1112.40,1112.90,1112.20,1112.70,7150
1787809560000000000,1112.30,1112.80,1112.20,1112.60,2675
1787809620000000000,1112.40,1113.20,1112.40,1113.10,4318
1787809680000000000,1112.90,1114.00,1112.90,1114.00,3895
1787809740000000000,1113.70,1114.70,1113.70,1114.50,3508
1787809800000000000,1114.10,1114.30,1113.60,1114.00,5533
1787809860000000000,1113.50,1114.00,1112.50,1113.00,5476
1787809920000000000,1113.00,1113.50,1112.50,1112.90,2956
1787809980000000000,1112.50,1112.90,1112.20,1112.90,4438
1787810040000000000,1112.80,1112.90,1112.00,1112.50,6975
1787810100000000000,1112.20,1112.50,1112.20,1112.20,2169
1787810160000000000,1112.20,1112.50,1111.50,1111.50,4387
1787810220000000000,1111.50,1112.20,1111.40,1111.50,3610
1787810280000000000,1111.50,1112.30,1111.50,1111.90,3101
1787810340000000000,1111.60,1112.20,1111.40,1112.20,3397
1787810400000000000,1112.00,1112.30,1111.60,1111.60,1688
1787810460000000000,1111.60,1112.40,1111.60,1111.80,2199
1787810520000000000,1111.80,1112.30,1111.70,1111.70,4215
1787810580000000000,1111.70,1112.40,1110.70,1110.90,24911
1787810640000000000,1110.90,1111.40,1110.50,1110.80,7161
1787810700000000000,1110.80,1111.40,1110.70,1111.10,4094
1787810760000000000,1111.00,1111.20,1110.60,1111.00,6628
1787810820000000000,1110.90,1111.80,1110.50,1111.30,25513
1787810880000000000,1111.00,1111.40,1110.50,1110.80,2852
1787810940000000000,1110.80,1111.20,1110.80,1111.10,2798
1787811000000000000,1111.00,1111.20,1110.70,1111.10,3010
1787811060000000000,1110.70,1111.10,1110.50,1110.70,3773
1787811120000000000,1110.70,1110.80,1109.20,1109.50,36236
1787811180000000000,1109.70,1110.30,1109.70,1110.00,8026
1787811240000000000,1109.80,1110.30,1109.80,1109.90,3157
1787811300000000000,1109.90,1110.00,1109.80,1110.00,3368
1787811360000000000,1109.90,1110.00,1109.80,1109.90,7549
1787811420000000000,1109.90,1110.50,1109.90,1110.40,13179
1787811480000000000,1110.30,1110.80,1110.30,1110.70,2639
1787811540000000000,1110.40,1110.70,1110.20,1110.40,3458
1787811600000000000,1110.40,1110.60,1109.60,1110.00,6748
1787811660000000000,1109.70,1110.00,1109.70,1109.80,5199
1787811720000000000,1109.80,1110.00,1109.70,1109.80,10052
1787811780000000000,1109.80,1110.10,1109.70,1110.00,7015
1787811840000000000,1109.90,1110.10,1109.80,1110.00,6574
1787811900000000000,1110.00,1110.10,1109.80,1109.90,4880
1787811960000000000,1109.90,1110.10,1109.10,1109.50,7834
1787812020000000000,1109.20,1109.50,1108.50,1108.80,43972
1787812080000000000,1108.80,1109.50,1108.80,1109.00,8116
1787812140000000000,1108.90,1109.80,1108.80,1109.10,31351
1787812200000000000,1108.90,1109.50,1108.80,1109.10,10173
1787812260000000000,1109.10,1109.50,1109.00,1109.00,5122
1787812320000000000,1109.00,1109.40,1108.30,1108.80,27210
1787812380000000000,1108.80,1109.30,1108.60,1109.00,10540
1787812440000000000,1109.00,1109.30,1108.80,1109.20,7464
1787812500000000000,1108.90,1109.40,1108.80,1109.20,10241
1787812560000000000,1108.90,1109.30,1108.80,1109.20,4673
1787812620000000000,1109.00,1109.30,1108.80,1109.20,4664
1787812680000000000,1109.00,1109.20,1108.40,1109.10,14019
1787812740000000000,1108.90,1109.90,1108.60,1108.80,44377
1787812800000000000,1108.80,1111.90,1108.60,1111.90,39293
1787812860000000000,1111.40,1111.90,1109.50,1110.00,8323
1787812920000000000,1109.60,1110.80,1109.60,1110.50,7978
1787812980000000000,1110.50,1111.30,1110.00,1110.80,22465
1787813040000000000,1110.50,1111.70,1110.00,1111.50,102502
1787813100000000000,1111.50,1112.80,1111.40,1111.50,52014
1787813160000000000,1111.50,1112.00,1111.00,1111.40,72728
1787813220000000000,1111.30,1112.30,1111.30,1111.50,15210
1787813280000000000,1111.60,1111.80,1110.00,1110.50,12640
1787813340000000000,1110.50,1111.00,1110.40,1110.50,4780
1787813400000000000,1110.60,1111.60,1110.60,1110.60,8843
1787813460000000000,1110.60,1111.50,1110.40,1111.00,5351
1787813520000000000,1111.00,1111.20,1110.30,1110.40,3214
1787813580000000000,1110.40,1111.20,1110.30,1110.50,11482
1787813640000000000,1110.50,1111.00,1110.50,1110.80,4003
1787813700000000000,1110.80,1111.60,1110.50,1110.50,13358
1787813760000000000,1110.50,1111.00,1110.00,1110.00,13024
1787813820000000000,1110.00,1110.40,1109.40,1109.50,9287
1787813880000000000,1109.40,1109.90,1109.00,1109.30,8940
1787813940000000000,1109.30,1110.50,1109.10,1110.00,7806
1787814000000000000,1110.00,1110.50,1109.60,1109.90,5548
1787814060000000000,1109.90,1110.40,1109.50,1109.50,8099
1787814120000000000,1109.50,1109.90,1109.10,1109.60,9986
1787814180000000000,1109.60,1110.20,1109.20,1109.60,12189
1787814240000000000,1109.60,1110.60,1109.60,1110.00,14975
1787814300000000000,1110.00,1110.20,1109.30,1109.30,14188
1787814360000000000,1109.30,1111.60,1109.30,1111.30,105661
1787814420000000000,1110.80,1111.80,1110.80,1110.90,23051
1787814480000000000,1110.90,1112.30,1110.70,1111.60,50901
1787814540000000000,1111.40,1112.30,1111.00,1112.00,24097
1787814600000000000,1112.00,1112.40,1111.00,1111.00,17649
1787814660000000000,1111.10,1111.40,1110.50,1111.10,9902
1787814720000000000,1111.10,1111.80,1111.10,1111.20,6415
1787814780000000000,1111.20,1111.50,1110.60,1110.60,10968
1787814840000000000,1110.60,1111.90,1110.60,1111.30,8929
1787814900000000000,1111.30,1111.90,1111.30,1111.50,6369
1787814960000000000,1111.40,1112.00,1111.30,1111.80,12394
1787815020000000000,1111.40,1111.80,1111.30,1111.40,6461
1787815080000000000,1111.40,1111.70,1111.30,1111.50,7012
1787815140000000000,1111.30,1112.20,1111.30,1112.00,14186
1787815200000000000,1111.70,1112.30,1111.20,1111.20,18334
1787815260000000000,1111.20,1111.90,1111.20,1111.80,14869
1787815320000000000,1111.40,1112.40,1111.40,1112.20,9531
1787815380000000000,1112.00,1112.80,1112.00,1112.50,10661
1787815440000000000,1112.20,1112.50,1111.30,1111.40,13620
1787815500000000000,1111.40,1111.50,1111.20,1111.30,5721
1787815560000000000,1111.20,1111.90,1111.20,1111.50,10407
1787815620000000000,1111.50,1111.90,1111.40,1111.60,5330
1787815680000000000,1111.50,1111.80,1111.20,1111.30,9842
1787815740000000000,1111.20,1111.50,1111.00,1111.00,6932
1787815800000000000,1111.00,1111.90,1111.00,1111.60,17098
1787815860000000000,1111.60,1111.90,1111.20,1111.30,6131
1787815920000000000,1111.20,1111.60,1111.20,1111.40,5715
1787815980000000000,1111.30,1111.90,1111.30,1111.50,5044
1787816040000000000,1111.50,1111.90,1111.20,1111.30,5820
1787816100000000000,1111.30,1111.70,1111.20,1111.20,7694
1787816160000000000,1111.20,1111.70,1111.20,1111.20,5270
1787816220000000000,1111.20,1111.60,1111.20,1111.30,5593
1787816280000000000,1111.30,1111.60,1111.20,1111.50,5028
1787816340000000000,1111.30,1111.60,1111.20,1111.50,5623
1787816400000000000,1111.40,1111.60,1111.20,1111.20,6780
1787816460000000000,1111.20,1111.50,1111.10,1111.20,5194
1787816520000000000,1111.10,1111.30,1110.70,1111.00,7228
1787816580000000000,1110.80,1111.00,1110.70,1111.00,10144
1787816640000000000,1110.90,1111.70,1110.90,1111.50,14008
1787816700000000000,1111.50,1112.00,1111.30,1111.80,6959
1787816760000000000,1111.70,1112.00,1110.90,1110.90,7032
1787816820000000000,1111.00,1111.90,1110.90,1111.70,7104
1787816880000000000,1111.70,1112.00,1111.50,1111.80,7200
1787816940000000000,1111.80,1112.20,1111.50,1112.20,6654
1787817000000000000,1112.00,1112.20,1111.80,1111.80,12440
1787817060000000000,1111.80,1111.90,1111.10,1111.40,6181
1787817120000000000,1111.30,1111.60,1111.10,1111.50,10978
1787817180000000000,1111.40,1112.80,1111.10,1112.60,67277
1787817240000000000,1112.60,1112.80,1111.60,1112.70,82576
1787817300000000000,1112.70,1112.80,1111.20,1111.50,81705
1787817360000000000,1111.10,1112.20,1110.70,1111.20,106880
1787817420000000000,1111.20,1111.40,1110.80,1111.00,10096
1787817480000000000,1110.90,1111.90,1110.90,1111.30,22634
1787817540000000000,1110.90,1111.50,1110.80,1110.90,21132
1787817600000000000,1110.90,1111.50,1110.70,1110.70,13676
1787817660000000000,1110.70,1111.00,1110.40,1110.70,5780
1787817720000000000,1110.70,1110.90,1110.40,1110.50,6744
1787817780000000000,1110.40,1111.00,1110.40,1111.00,15543
1787817840000000000,1110.80,1111.00,1110.50,1110.90,5700
1787817900000000000,1110.70,1110.90,1110.60,1110.80,9215
1787817960000000000,1110.80,1110.90,1110.50,1110.60,6321
1787818020000000000,1110.60,1111.90,1110.60,1111.60,16781
1787818080000000000,1111.80,1113.30,1111.60,1112.20,27682
1787818140000000000,1112.20,1112.60,1112.00,1112.00,9911
1787818200000000000,1112.00,1112.60,1111.80,1112.30,6400
1787818260000000000,1112.30,1112.40,1111.90,1111.90,6918
1787818320000000000,1111.90,1112.20,1111.60,1112.10,8641
1787818380000000000,1111.90,1112.10,1111.70,1111.70,5679
1787818440000000000,1111.80,1113.40,1111.70,1112.30,39740
1787818500000000000,1112.00,1112.30,1111.60,1111.80,8202
1787818560000000000,1111.60,1111.90,1110.80,1111.70,13434
1787818620000000000,1111.30,1111.70,1111.20,1111.40,7114
1787818680000000000,1111.20,1111.70,1111.00,1111.30,11571
1787818740000000000,1111.30,1111.50,1111.00,1111.10,5658
1787818800000000000,1111.10,1111.30,1110.40,1110.40,21729
1787818860000000000,1110.40,1111.00,1110.20,1110.20,30527
1787818920000000000,1110.30,1110.70,1110.10,1110.10,10764
1787818980000000000,1110.10,1110.20,1109.50,1109.90,22822
1787819040000000000,1109.70,1109.90,1109.50,1109.50,6136
1787819100000000000,1109.50,1109.70,1109.20,1109.50,5796
1787819160000000000,1109.40,1109.60,1109.00,1109.40,12812
1787819220000000000,1109.10,1109.90,1109.10,1109.90,6908
1787819280000000000,1109.60,1109.90,1109.30,1109.30,7373
1787819340000000000,1109.30,1109.70,1109.10,1109.30,8198
1787819400000000000,1109.10,1109.70,1108.70,1109.40,8276
1787819460000000000,1109.40,1109.50,1109.00,1109.00,8401
1787819520000000000,1109.00,1109.60,1108.90,1109.30,11005
1787819580000000000,1109.30,1109.70,1109.00,1109.40,8151
1787819640000000000,1109.70,1109.70,1109.30,1109.40,8072
1787819700000000000,1109.60,1109.80,1109.10,1109.60,7289
1787819760000000000,1109.90,1109.90,1109.40,1109.80,8335
1787819820000000000,1109.80,1109.80,1109.10,1109.40,5619
1787819880000000000,1109.40,1109.80,1109.30,1109.40,6619
1787819940000000000,1109.40,1109.80,1109.20,1109.40,5530
1787820000000000000,1109.50,1110.30,1109.30,1109.80,11564
1787820060000000000,1109.80,1110.50,1109.70,1110.20,8958
1787820120000000000,1110.50,1111.00,1110.20,1110.80,17896
1787820180000000000,1110.80,1111.00,1109.50,1109.80,68744
1787820240000000000,1109.90,1110.00,1109.70,1110.00,6503
1787820300000000000,1110.00,1110.00,1108.80,1109.10,26560
1787820360000000000,1109.20,1109.70,1109.10,1109.70,5976
1787820420000000000,1109.70,1109.70,1109.20,1109.20,7473
1787820480000000000,1109.20,1109.80,1109.10,1109.80,7779
1787820540000000000,1109.50,1109.80,1108.90,1109.20,13075
1787820600000000000,1109.30,1109.80,1109.20,1109.50,7593
1787820660000000000,1109.20,1109.50,1109.00,1109.30,5973
1787820720000000000,1109.30,1109.80,1109.00,1109.50,8069
1787820780000000000,1109.70,1109.80,1109.10,1109.30,8512
1787820840000000000,1109.30,1109.80,1109.20,1109.70,6798
1787820900000000000,1109.40,1109.60,1108.60,1108.70,7384
1787820960000000000,1108.60,1109.70,1108.60,1109.20,10019
1787821020000000000,1109.20,1109.60,1108.70,1109.10,13606
1787821080000000000,1109.10,1109.60,1109.00,1109.50,8018
1787821140000000000,1109.50,1109.60,1109.00,1109.40,20565
1787821200000000000,1109.50,1110.30,1109.30,1109.80,14421
1787821260000000000,1109.80,1110.00,1109.00,1109.00,13102
1787821320000000000,1109.00,1109.40,1108.90,1109.00,23582
1787821380000000000,1109.00,1110.00,1108.90,1109.50,31400
1787821440000000000,1109.60,1109.60,1109.00,1109.00,17428
1787821500000000000,1109.10,1109.40,1108.20,1108.30,35674
1787821560000000000,1108.30,1109.00,1107.70,1108.10,189872
1787821620000000000,1108.00,1108.90,1107.70,1107.80,25938
1787821680000000000,1107.90,1108.10,1107.60,1108.00,11274
1787821740000000000,1107.80,1108.80,1107.80,1108.40,15121
1787821800000000000,1108.80,1108.80,1108.10,1108.10,10403
1787821860000000000,1108.10,1108.50,1108.10,1108.10,6945
1787821920000000000,1108.10,1108.50,1107.80,1107.80,30606
1787821980000000000,1107.90,1108.20,1107.70,1108.00,12479
1787822040000000000,1108.20,1108.20,1108.00,1108.10,10345
1787822100000000000,1108.10,1109.00,1108.00,1108.60,26659
1787822160000000000,1108.60,1109.00,1107.90,1108.00,63633
1787822220000000000,1108.10,1108.70,1107.90,1108.40,24498
1787822280000000000,1108.40,1108.90,1108.20,1108.90,14173
1787822340000000000,1108.60,1109.00,1107.70,1108.80,53859
1787822400000000000,1108.70,1108.80,1108.00,1108.60,41554
1787822460000000000,1108.40,1109.00,1108.20,1108.80,28520
1787822520000000000,1108.90,1108.90,1108.10,1108.30,22597
1787822580000000000,1108.30,1108.80,1108.10,1108.40,20314
1787822640000000000,1108.40,1108.60,1107.20,1107.60,32828
1787822700000000000,1107.90,1108.50,1107.60,1108.40,30606
1787822760000000000,1108.30,1108.60,1108.00,1108.20,15559
1787822820000000000,1108.40,1108.60,1107.80,1108.20,48746
1787822880000000000,1108.30,1108.80,1108.10,1108.40,20525
1787822940000000000,1108.40,1109.20,1108.20,1109.10,47474
1787823000000000000,1109.10,1109.70,1109.10,1109.40,23872
1787823060000000000,1109.30,1109.70,1109.10,1109.40,27676
1787823120000000000,1109.30,1109.50,1109.00,1109.10,19680
1787823180000000000,1109.10,1109.20,1108.20,1108.50,32645
1787823240000000000,1108.40,1109.00,1108.10,1108.20,26233
1787823300000000000,1108.30,1108.80,1108.00,1108.40,60226
1787823360000000000,1108.60,1108.70,1108.00,1108.50,81601
1787823420000000000,1108.50,1109.20,1108.00,1108.90,63535
1787823480000000000,1109.10,1109.10,1108.10,1108.20,39435
1787823540000000000,1108.30,1108.70,1108.00,1108.20,41591
1787823600000000000,1108.10,1109.30,1107.50,1109.00,61305
1787823660000000000,1109.10,1109.70,1108.90,1109.70,38182
1787823720000000000,1109.70,1111.20,1109.20,1110.40,101111
1787823780000000000,1110.60,1111.40,1109.80,1110.90,55473
1787823840000000000,1110.90,1112.00,1110.00,1112.00,45826
1787823900000000000,1112.00,1112.00,1112.00,1112.00,0
1787823960000000000,1112.00,1112.00,1112.00,1112.00,0
1787824020000000000,1112.00,1112.00,1112.00,1112.00,0
1787824080000000000,1112.00,1112.00,1112.00,1112.00,0
1787824140000000000,1112.00,1112.00,1112.00,1112.00,0
1787824200000000000,1112.00,1112.00,1112.00,1112.00,0
1787824260000000000,1112.00,1112.00,1112.00,1112.00,0
1787824320000000000,1112.00,1112.00,1112.00,1112.00,0
1787824380000000000,1112.00,1112.00,1112.00,1112.00,0
1787824440000000000,1112.00,1112.00,1112.00,1112.00,0
1787824500000000000,1112.00,1112.00,1112.00,1112.00,0
1787824560000000000,1112.00,1112.00,1112.00,1112.00,0
1787824620000000000,1112.00,1112.00,1112.00,1112.00,0
1787824680000000000,1110.80,1110.80,1110.80,1110.80,308058
1787824740000000000,1110.80,1110.80,1110.80,1110.80,0
1787888700000000000,1123.60,1131.50,1123.30,1128.00,180209
1787888760000000000,1128.00,1130.30,1127.00,1130.10,89730
1787888820000000000,1129.90,1134.60,1129.50,1133.80,82584
1787888880000000000,1133.70,1135.80,1132.30,1134.40,137185
1787888940000000000,1134.00,1134.00,1130.90,1132.60,48021
1787889000000000000,1132.60,1135.80,1132.10,1135.60,71902
1787889060000000000,1135.50,1137.30,1134.30,1136.40,117699
1787889120000000000,1136.60,1140.90,1136.10,1139.90,138228
1787889180000000000,1140.30,1140.80,1139.10,1139.30,71227
1787889240000000000,1139.40,1139.70,1136.70,1137.60,42233
1787889300000000000,1137.60,1139.80,1137.20,1139.00,50205
1787889360000000000,1138.90,1139.00,1135.50,1138.00,72838
1787889420000000000,1138.00,1138.20,1136.10,1136.10,31249
1787889480000000000,1136.30,1138.20,1135.50,1137.60,29038
1787889540000000000,1137.60,1139.10,1136.20,1138.90,33423
1787889600000000000,1138.90,1140.80,1138.50,1139.50,77776
1787889660000000000,1139.50,1141.60,1139.00,1139.80,69109
1787889720000000000,1139.80,1141.70,1139.50,1141.30,59629
1787889780000000000,1141.50,1141.50,1140.20,1140.70,60061
1787889840000000000,1140.80,1142.00,1140.30,1141.70,47198
1787889900000000000,1141.90,1141.90,1140.00,1140.00,45113
1787889960000000000,1140.10,1140.80,1139.00,1139.10,37822
1787890020000000000,1139.50,1139.50,1136.50,1138.40,163544
1787890080000000000,1138.60,1140.00,1138.10,1139.60,27627
1787890140000000000,1139.70,1140.30,1139.00,1139.00,54257
1787890200000000000,1139.00,1139.20,1138.00,1138.00,29027
1787890260000000000,1138.20,1138.20,1137.10,1137.80,27546
1787890320000000000,1137.80,1139.00,1137.70,1139.00,22253
1787890380000000000,1139.00,1140.30,1139.00,1139.60,51990
1787890440000000000,1139.50,1140.00,1139.10,1139.70,27728
1787890500000000000,1139.70,1141.60,1139.20,1140.30,54609
1787890560000000000,1141.00,1141.10,1137.90,1138.30,35613
1787890620000000000,1138.40,1139.70,1138.20,1139.00,20765
1787890680000000000,1139.10,1140.70,1138.40,1140.70,40944
1787890740000000000,1140.60,1140.70,1139.00,1139.40,21591
1787890800000000000,1139.60,1139.80,1138.70,1139.00,27594
1787890860000000000,1139.10,1139.30,1138.20,1138.70,17111
1787890920000000000,1138.80,1139.00,1138.40,1138.80,21240
1787890980000000000,1138.90,1139.20,1138.30,1138.50,19601
1787891040000000000,1138.90,1139.20,1138.10,1138.10,41306
1787891100000000000,1138.30,1138.80,1138.10,1138.40,18849
1787891160000000000,1138.40,1140.00,1137.60,1138.90,53594
1787891220000000000,1139.00,1139.80,1138.60,1139.20,73548
1787891280000000000,1139.20,1139.30,1138.60,1138.90,28433
1787891340000000000,1139.00,1140.00,1138.70,1139.30,99049
1787891400000000000,1139.50,1140.90,1139.20,1140.50,52216
1787891460000000000,1140.50,1140.50,1139.20,1139.90,32662
1787891520000000000,1140.00,1140.00,1138.60,1139.30,17766
1787891580000000000,1139.50,1140.00,1138.70,1139.20,24861
1787891640000000000,1139.30,1139.40,1138.60,1139.00,8862
1787891700000000000,1139.00,1139.90,1138.90,1139.70,20415
1787891760000000000,1139.90,1140.00,1139.20,1139.20,32162
1787891820000000000,1139.50,1139.90,1138.70,1138.90,31768
1787891880000000000,1139.00,1139.90,1138.80,1139.50,45770
1787891940000000000,1139.50,1140.00,1139.30,1139.90,20569
1787892000000000000,1140.00,1140.00,1139.50,1139.50,22747
1787892060000000000,1140.00,1140.30,1139.40,1140.00,19662
1787892120000000000,1140.10,1144.50,1139.90,1144.20,158548
1787892180000000000,1144.40,1145.00,1141.10,1142.10,103395
1787892240000000000,1142.50,1142.50,1141.10,1141.90,38097
1787892300000000000,1141.90,1143.20,1141.80,1142.00,39532
1787892360000000000,1142.20,1144.40,1142.00,1143.70,83444
1787892420000000000,1143.90,1144.80,1143.50,1143.50,56832
1787892480000000000,1143.70,1144.10,1142.50,1142.60,22106
1787892540000000000,1142.60,1142.90,1141.00,1141.20,20779
1787892600000000000,1141.20,1143.00,1141.20,1142.40,40514
1787892660000000000,1142.40,1143.00,1141.90,1142.30,25049
1787892720000000000,1142.60,1143.00,1141.50,1142.90,46875
1787892780000000000,1142.90,1143.60,1142.20,1142.70,33978
1787892840000000000,1142.90,1143.00,1142.00,1143.00,29893
1787892900000000000,1143.00,1143.10,1141.70,1142.00,20191
1787892960000000000,1142.10,1142.30,1141.50,1141.90,23305
1787893020000000000,1142.00,1142.00,1141.40,1141.60,15565
1787893080000000000,1141.80,1142.50,1141.50,1142.00,14077
1787893140000000000,1142.30,1142.70,1141.70,1142.00,27523
1787893200000000000,1142.30,1143.00,1142.00,1142.20,14219
1787893260000000000,1142.30,1143.50,1142.10,1142.80,41272
1787893320000000000,1142.90,1143.50,1142.50,1143.00,41645
1787893380000000000,1143.10,1143.20,1142.60,1142.90,23136
1787893440000000000,1143.00,1143.00,1142.50,1142.90,22566
1787893500000000000,1142.80,1143.00,1142.10,1142.50,13525
1787893560000000000,1142.50,1143.10,1142.30,1142.90,18040
1787893620000000000,1142.90,1143.30,1142.40,1142.40,30232
1787893680000000000,1142.80,1142.80,1141.70,1142.00,26652
1787893740000000000,1142.20,1142.20,1140.20,1140.70,32396
1787893800000000000,1140.80,1140.80,1139.60,1139.60,32261
1787893860000000000,1140.00,1142.00,1139.60,1141.60,26096
1787893920000000000,1141.70,1141.90,1140.10,1141.30,33806
1787893980000000000,1141.40,1141.50,1140.70,1141.50,13976
1787894040000000000,1141.50,1141.80,1141.10,1141.40,10902
1787894100000000000,1141.50,1141.50,1140.60,1141.00,13701
1787894160000000000,1141.00,1141.00,1140.30,1140.50,9205
1787894220000000000,1140.60,1141.00,1140.40,1140.50,9165
1787894280000000000,1140.90,1141.30,1140.50,1141.00,10496
1787894340000000000,1141.10,1141.20,1140.50,1140.90,11918
1787894400000000000,1140.90,1141.00,1140.40,1140.70,10552
1787894460000000000,1140.70,1141.50,1140.60,1141.00,22627
1787894520000000000,1141.10,1141.30,1140.20,1141.20,19467
1787894580000000000,1141.30,1141.30,1140.10,1140.40,13981
1787894640000000000,1140.50,1141.20,1140.40,1140.60,15866
1787894700000000000,1141.00,1141.00,1140.50,1140.90,7127
1787894760000000000,1141.00,1141.00,1140.60,1140.90,7085
1787894820000000000,1141.00,1141.00,1140.70,1140.90,15929
1787894880000000000,1140.90,1141.00,1140.00,1140.70,20107
1787894940000000000,1140.60,1141.50,1140.30,1141.40,9884
1787895000000000000,1141.50,1141.90,1140.50,1140.70,22494
1787895060000000000,1140.90,1141.80,1140.70,1141.40,27489
1787895120000000000,1141.50,1142.00,1141.50,1141.60,16100
1787895180000000000,1141.60,1142.00,1141.40,1141.70,20094
1787895240000000000,1141.70,1143.20,1141.60,1142.90,44000
1787895300000000000,1143.00,1143.30,1141.90,1142.10,28598
1787895360000000000,1142.50,1142.60,1140.20,1141.00,38993
1787895420000000000,1141.10,1141.80,1140.90,1140.90,16560
1787895480000000000,1141.00,1141.00,1140.40,1140.90,13087
1787895540000000000,1140.90,1141.10,1140.40,1140.50,12211
1787895600000000000,1140.50,1141.00,1140.40,1140.80,8282
1787895660000000000,1140.90,1140.90,1140.20,1140.30,10232
1787895720000000000,1140.40,1141.90,1140.20,1141.40,14464
1787895780000000000,1141.80,1142.00,1141.30,1141.70,11497
1787895840000000000,1142.00,1142.00,1140.50,1140.90,76365
1787895900000000000,1141.10,1141.90,1141.00,1141.60,16984
1787895960000000000,1141.80,1142.40,1141.50,1142.40,13511
1787896020000000000,1142.40,1142.50,1142.10,1142.40,10403
1787896080000000000,1142.40,1142.40,1141.60,1141.80,20337
1787896140000000000,1142.20,1142.90,1141.90,1142.60,13012
1787896200000000000,1142.80,1143.50,1142.30,1142.60,26909
1787896260000000000,1142.80,1142.90,1141.90,1142.00,15027
1787896320000000000,1142.40,1142.50,1142.00,1142.50,8306
1787896380000000000,1142.50,1142.50,1141.50,1141.80,9931
1787896440000000000,1141.80,1141.90,1140.60,1140.60,11272
1787896500000000000,1140.90,1140.90,1140.60,1140.80,7007
1787896560000000000,1140.90,1141.60,1140.70,1141.10,24092
1787896620000000000,1141.20,1141.50,1140.40,1140.40,10302
1787896680000000000,1140.60,1140.80,1140.30,1140.50,8236
1787896740000000000,1140.50,1140.50,1139.60,1139.90,25643
1787896800000000000,1139.90,1140.80,1139.60,1140.50,19902
1787896860000000000,1140.50,1140.50,1140.00,1140.00,4464
1787896920000000000,1140.10,1140.30,1139.70,1140.20,8759
1787896980000000000,1140.20,1140.20,1139.20,1139.30,11106
1787897040000000000,1139.40,1140.20,1138.60,1139.80,24960
1787897100000000000,1140.00,1140.00,1139.10,1139.20,6572
1787897160000000000,1139.20,1139.50,1138.60,1138.70,10230
1787897220000000000,1139.00,1139.50,1138.60,1138.70,10546
1787897280000000000,1139.00,1139.00,1137.30,1137.90,19714
1787897340000000000,1137.90,1138.00,1136.50,1137.00,20812
1787897400000000000,1137.00,1137.50,1136.40,1136.90,12571
1787897460000000000,1137.30,1137.50,1136.70,1137.00,6309
1787897520000000000,1137.00,1137.40,1136.50,1136.90,11357
1787897580000000000,1137.00,1138.20,1136.90,1138.10,18635
1787897640000000000,1137.80,1138.20,1137.60,1137.90,4623
1787897700000000000,1138.10,1138.50,1137.50,1138.00,4429
1787897760000000000,1138.50,1138.50,1137.50,1137.80,5688
1787897820000000000,1137.80,1138.00,1137.50,1137.50,2951
1787897880000000000,1137.70,1138.00,1137.50,1137.50,5001
1787897940000000000,1137.60,1138.50,1137.40,1138.00,11476
1787898000000000000,1138.30,1138.90,1138.10,1138.30,5763
1787898060000000000,1138.60,1138.90,1138.00,1138.00,3828
1787898120000000000,1138.40,1139.00,1138.00,1138.50,6079
1787898180000000000,1138.70,1139.00,1138.20,1138.50,2122
1787898240000000000,1138.50,1138.60,1137.10,1137.10,8340
1787898300000000000,1137.50,1138.30,1137.10,1137.90,6179
1787898360000000000,1138.20,1138.50,1137.00,1137.00,8004
1787898420000000000,1137.30,1137.30,1136.60,1136.80,12703
1787898480000000000,1136.80,1137.90,1136.60,1137.50,7970
1787898540000000000,1137.60,1138.00,1136.70,1137.30,13673
1787898600000000000,1137.70,1138.00,1137.10,1137.90,14657
1787898660000000000,1137.90,1138.00,1137.60,1137.70,4169
1787898720000000000,1137.80,1138.00,1137.40,1137.80,5695
1787898780000000000,1137.80,1138.50,1137.70,1138.50,9439
1787898840000000000,1138.50,1138.60,1137.80,1138.00,8645
1787898900000000000,1138.20,1138.40,1137.20,1138.00,14728
1787898960000000000,1138.10,1138.60,1138.00,1138.60,6128
1787899020000000000,1138.60,1138.80,1138.30,1138.50,10633
1787899080000000000,1138.60,1139.20,1138.50,1138.80,10623
1787899140000000000,1139.00,1140.00,1138.70,1138.90,30892
1787899200000000000,1139.10,1139.50,1138.50,1138.80,15524
1787899260000000000,1138.80,1138.90,1138.00,1138.10,6075
1787899320000000000,1138.10,1138.60,1137.50,1137.80,9812
1787899380000000000,1137.80,1138.00,1137.50,1138.00,2807
1787899440000000000,1137.80,1138.80,1137.80,1138.10,10374
1787899500000000000,1138.10,1138.10,1137.10,1137.30,13341
1787899560000000000,1137.30,1138.40,1137.00,1137.90,15916
1787899620000000000,1137.90,1138.20,1137.40,1137.50,8839
1787899680000000000,1137.60,1138.10,1137.10,1137.30,11931
1787899740000000000,1137.30,1137.70,1137.10,1137.60,6510
1787899800000000000,1137.70,1139.00,1137.60,1138.90,15365
1787899860000000000,1138.90,1138.90,1138.10,1138.60,10616
1787899920000000000,1138.70,1139.00,1138.10,1138.40,22170
1787899980000000000,1138.50,1138.70,1138.00,1138.20,7792
1787900040000000000,1138.20,1138.90,1137.60,1138.50,8011
1787900100000000000,1138.50,1139.00,1138.20,1138.50,14116
1787900160000000000,1138.80,1139.00,1138.40,1138.90,8736
1787900220000000000,1138.70,1138.90,1138.50,1138.90,9386
1787900280000000000,1138.90,1139.20,1138.50,1139.10,21916
1787900340000000000,1139.10,1139.40,1138.60,1138.90,9571
1787900400000000000,1138.90,1139.40,1138.80,1139.10,5825
1787900460000000000,1139.10,1140.00,1138.50,1138.70,28692
1787900520000000000,1138.70,1139.40,1138.30,1139.00,8427
1787900580000000000,1139.30,1139.40,1138.00,1138.00,22896
1787900640000000000,1138.00,1138.50,1137.60,1137.60,14174
1787900700000000000,1137.80,1139.00,1137.60,1138.20,8564
1787900760000000000,1138.30,1138.80,1138.10,1138.30,5056
1787900820000000000,1138.50,1140.00,1138.20,1138.90,51227
1787900880000000000,1139.00,1139.00,1138.20,1138.50,12698
1787900940000000000,1138.60,1139.50,1138.60,1139.20,13490
1787901000000000000,1139.30,1139.50,1138.50,1139.40,16084
1787901060000000000,1139.50,1139.50,1139.00,1139.10,8491
1787901120000000000,1139.20,1140.00,1139.00,1139.90,21037
1787901180000000000,1140.00,1140.00,1139.50,1139.80,21012
1787901240000000000,1139.90,1140.00,1139.80,1139.90,10831
1787901300000000000,1140.00,1140.00,1139.50,1139.70,28229
1787901360000000000,1139.70,1140.00,1139.50,1139.70,4967
1787901420000000000,1139.80,1140.00,1139.50,1139.90,16499
1787901480000000000,1140.00,1140.00,1139.90,1140.00,28394
1787901540000000000,1140.00,1141.90,1139.90,1141.70,40013
1787901600000000000,1141.90,1142.50,1141.10,1142.20,18406
1787901660000000000,1142.20,1143.80,1142.00,1143.50,55403
1787901720000000000,1143.60,1144.20,1143.00,1143.90,74689
1787901780000000000,1144.00,1144.10,1143.40,1143.70,29454
1787901840000000000,1143.80,1143.90,1142.60,1142.90,45743
1787901900000000000,1142.90,1142.90,1142.20,1142.40,11463
1787901960000000000,1142.50,1142.80,1141.30,1142.00,15378
1787902020000000000,1142.20,1142.20,1141.50,1141.50,12863
1787902080000000000,1141.70,1141.70,1141.10,1141.30,5886
1787902140000000000,1141.40,1142.60,1141.40,1141.90,7718
1787902200000000000,1142.00,1142.70,1141.90,1142.50,21717
1787902260000000000,1142.60,1143.00,1141.60,1142.60,19446
1787902320000000000,1142.70,1142.70,1142.00,1142.30,19764
1787902380000000000,1142.40,1142.70,1141.30,1141.50,14856
1787902440000000000,1141.60,1141.90,1139.70,1140.80,148571
1787902500000000000,1141.00,1141.20,1140.30,1140.30,18884
1787902560000000000,1140.70,1141.60,1140.50,1140.90,14132
1787902620000000000,1140.90,1141.20,1140.60,1140.70,8209
1787902680000000000,1140.90,1141.40,1140.70,1141.00,10550
1787902740000000000,1141.00,1142.60,1140.80,1141.40,134730
1787902800000000000,1141.40,1144.00,1141.10,1143.30,122129
1787902860000000000,1143.40,1143.70,1143.10,1143.40,18992
1787902920000000000,1143.40,1143.50,1142.40,1142.80,13079
1787902980000000000,1142.80,1143.00,1142.70,1142.70,12667
1787903040000000000,1142.70,1142.90,1142.40,1142.60,6909
1787903100000000000,1142.80,1143.00,1142.00,1142.80,18513
1787903160000000000,1142.80,1143.30,1141.20,1141.40,17929
1787903220000000000,1141.40,1141.70,1141.10,1141.50,8685
1787903280000000000,1141.50,1142.50,1141.20,1142.00,8971
1787903340000000000,1142.00,1142.20,1141.10,1141.30,23930
1787903400000000000,1141.50,1141.90,1141.00,1141.20,9151
1787903460000000000,1141.30,1141.60,1140.60,1140.60,11675
1787903520000000000,1140.80,1140.80,1139.10,1139.10,22301
1787903580000000000,1139.20,1139.30,1137.50,1138.10,32567
1787903640000000000,1138.10,1139.00,1138.00,1138.50,8455
1787903700000000000,1139.00,1139.20,1138.10,1138.10,12295
1787903760000000000,1138.10,1139.00,1137.80,1137.90,16497
1787903820000000000,1137.80,1138.00,1135.90,1137.20,78678
1787903880000000000,1137.30,1137.90,1137.20,1137.30,12791
1787903940000000000,1137.50,1137.60,1137.20,1137.20,5259
1787904000000000000,1137.30,1137.60,1137.20,1137.40,6742
1787904060000000000,1137.50,1137.90,1136.60,1137.10,13201
1787904120000000000,1137.20,1137.90,1137.00,1137.50,7692
1787904180000000000,1137.60,1138.50,1137.50,1138.20,13300
1787904240000000000,1138.20,1138.70,1137.90,1138.00,9541
1787904300000000000,1138.20,1138.30,1138.00,1138.00,5385
1787904360000000000,1138.10,1138.90,1137.80,1138.60,11387
1787904420000000000,1138.60,1139.30,1138.40,1138.80,11257
1787904480000000000,1138.80,1138.90,1138.40,1138.70,3609
1787904540000000000,1138.80,1139.40,1138.70,1139.10,9900
1787904600000000000,1139.10,1139.40,1138.90,1139.30,4232
1787904660000000000,1139.30,1139.30,1138.10,1138.10,6842
1787904720000000000,1138.30,1138.30,1137.60,1138.10,7802
1787904780000000000,1138.20,1138.40,1137.90,1138.00,3807
1787904840000000000,1138.20,1138.30,1137.70,1137.70,7967
1787904900000000000,1137.80,1138.00,1137.60,1137.70,10142
1787904960000000000,1137.80,1137.80,1137.70,1137.80,7184
1787905020000000000,1137.80,1137.80,1137.70,1137.80,5599
1787905080000000000,1137.80,1137.80,1137.60,1137.60,6458
1787905140000000000,1137.70,1139.10,1137.50,1138.80,18228
1787905200000000000,1138.80,1138.90,1137.60,1137.70,19377
1787905260000000000,1137.80,1138.70,1137.70,1138.00,38231
1787905320000000000,1138.10,1138.80,1137.80,1138.70,33516
1787905380000000000,1138.60,1139.00,1138.00,1139.00,11099
1787905440000000000,1139.00,1139.30,1138.90,1139.30,10382
1787905500000000000,1139.30,1139.60,1139.20,1139.30,6677
1787905560000000000,1139.40,1139.50,1139.20,1139.40,4560
1787905620000000000,1139.40,1140.00,1139.20,1140.00,23859
1787905680000000000,1140.00,1140.90,1140.00,1140.80,22824
1787905740000000000,1140.90,1141.00,1139.90,1139.90,12853
1787905800000000000,1140.20,1140.30,1139.70,1139.90,3196
1787905860000000000,1139.90,1140.00,1139.60,1139.60,4077
1787905920000000000,1139.80,1140.00,1139.70,1139.90,4445
1787905980000000000,1139.90,1140.20,1139.70,1140.20,6719
1787906040000000000,1140.20,1140.60,1139.00,1139.00,32769
1787906100000000000,1139.10,1139.40,1138.80,1139.00,2882
1787906160000000000,1139.10,1139.50,1138.50,1138.70,8769
1787906220000000000,1138.70,1139.00,1138.00,1139.00,15828
1787906280000000000,1139.00,1139.00,1138.30,1138.30,6486
1787906340000000000,1138.40,1138.40,1137.30,1137.40,11305
1787906400000000000,1137.40,1138.00,1137.30,1138.00,4026
1787906460000000000,1138.00,1138.60,1137.80,1138.40,7483
1787906520000000000,1138.40,1138.80,1137.90,1138.10,5809
1787906580000000000,1138.20,1138.50,1138.00,1138.20,1611
1787906640000000000,1138.20,1138.70,1138.10,1138.40,3470
1787906700000000000,1138.30,1138.50,1138.00,1138.10,4863
1787906760000000000,1138.30,1138.50,1136.90,1138.00,44957
1787906820000000000,1138.00,1138.30,1137.70,1138.30,3768
1787906880000000000,1138.30,1138.80,1138.10,1138.30,5918
1787906940000000000,1138.40,1138.70,1137.40,1137.90,20241
1787907000000000000,1137.90,1137.90,1137.10,1137.30,7100
1787907060000000000,1137.30,1137.60,1136.60,1136.60,18599
1787907120000000000,1136.70,1137.20,1136.60,1136.90,7241
1787907180000000000,1136.90,1137.10,1136.50,1136.90,6744
1787907240000000000,1136.90,1137.40,1135.10,1137.40,82710
1787907300000000000,1137.40,1137.80,1137.00,1137.40,10195
1787907360000000000,1137.40,1137.40,1136.60,1136.90,10622
1787907420000000000,1136.90,1137.00,1136.70,1136.80,8209
1787907480000000000,1136.80,1137.20,1136.60,1137.00,8199
1787907540000000000,1137.00,1137.70,1136.80,1137.40,6100
1787907600000000000,1137.50,1137.50,1136.70,1136.90,18390
1787907660000000000,1136.90,1137.00,1136.50,1137.00,7954
1787907720000000000,1137.00,1137.30,1136.60,1136.80,5350
1787907780000000000,1136.80,1137.10,1136.10,1136.80,11827
1787907840000000000,1136.80,1136.90,1136.30,1136.60,5876
1787907900000000000,1136.60,1136.70,1136.30,1136.70,6982
1787907960000000000,1136.70,1137.10,1136.50,1136.80,10347
1787908020000000000,1136.80,1136.80,1136.00,1136.60,16632
1787908080000000000,1136.60,1136.70,1136.00,1136.70,12475
1787908140000000000,1136.70,1136.70,1136.10,1136.40,9296
1787908200000000000,1136.40,1136.40,1136.00,1136.10,12317
1787908260000000000,1136.10,1136.10,1135.10,1135.40,14549
1787908320000000000,1135.40,1136.20,1135.20,1135.90,18093
1787908380000000000,1135.90,1136.20,1135.70,1136.00,11615
1787908440000000000,1136.00,1136.00,1135.20,1135.30,18215
1787908500000000000,1135.30,1135.80,1135.20,1135.30,10431
1787908560000000000,1135.40,1135.90,1135.10,1135.50,20166
1787908620000000000,1135.60,1135.70,1135.40,1135.50,9530
1787908680000000000,1135.60,1136.00,1135.40,1135.70,10430
1787908740000000000,1135.70,1136.00,1135.50,1135.60,18617
1787908800000000000,1135.50,1136.80,1134.70,1136.40,123288
1787908860000000000,1136.40,1137.00,1135.60,1136.40,37422
1787908920000000000,1136.40,1137.10,1136.00,1137.10,34632
1787908980000000000,1137.10,1137.10,1136.00,1136.40,27615
1787909040000000000,1136.40,1137.00,1135.50,1136.20,49068
1787909100000000000,1136.20,1137.10,1136.00,1136.90,27242
1787909160000000000,1136.90,1136.90,1136.20,1136.80,28604
1787909220000000000,1136.80,1137.00,1136.50,1136.90,12925
1787909280000000000,1136.90,1137.00,1136.70,1136.90,11350
1787909340000000000,1136.90,1137.40,1136.50,1137.00,53421
1787909400000000000,1136.90,1136.90,1136.40,1136.90,37318
1787909460000000000,1136.70,1136.90,1136.40,1136.90,26563
1787909520000000000,1136.70,1136.90,1136.40,1136.70,16675
1787909580000000000,1136.50,1137.00,1136.50,1136.90,21133
1787909640000000000,1136.90,1137.80,1136.80,1137.60,34741
1787909700000000000,1137.30,1137.70,1136.60,1137.50,75670
1787909760000000000,1137.60,1138.00,1137.10,1137.90,48812
1787909820000000000,1137.90,1138.00,1137.10,1137.20,25912
1787909880000000000,1137.20,1139.00,1137.10,1138.80,68602
1787909940000000000,1138.90,1139.00,1138.10,1138.90,59787
1787910000000000000,1138.90,1140.00,1138.50,1139.80,91286
1787910060000000000,1139.80,1142.70,1139.60,1142.40,105182
1787910120000000000,1142.70,1144.90,1141.90,1144.00,133476
1787910180000000000,1144.00,1144.00,1143.30,1143.80,61084
1787910240000000000,1143.60,1143.90,1141.70,1143.00,117768
1787910300000000000,1143.00,1143.00,1143.00,1143.00,0
1787910360000000000,1143.00,1143.00,1143.00,1143.00,0
1787910420000000000,1143.00,1143.00,1143.00,1143.00,0
1787910480000000000,1143.00,1143.00,1143.00,1143.00,0
1787910540000000000,1143.00,1143.00,1143.00,1143.00,0
1787910600000000000,1143.00,1143.00,1143.00,1143.00,0
1787910660000000000,1143.00,1143.00,1143.00,1143.00,0
1787910720000000000,1143.00,1143.00,1143.00,1143.00,0
1787910780000000000,1143.00,1143.00,1143.00,1143.00,0
1787910840000000000,1143.00,1143.00,1143.00,1143.00,0
1787910900000000000,1143.00,1143.00,1143.00,1143.00,0
1787910960000000000,1143.00,1143.00,1143.00,1143.00,0
1787911020000000000,1143.00,1143.00,1143.00,1143.00,0
1787911080000000000,1143.00,1143.00,1143.00,1143.00,0
1787911140000000000,1144.00,1144.00,1144.00,1144.00,308992
1788147900000000000,1138.60,1143.90,1126.10,1127.60,149374
1788147960000000000,1127.60,1128.40,1123.00,1123.60,123209
1788148020000000000,1123.70,1124.50,1121.00,1121.30,79769
1788148080000000000,1121.30,1121.60,1117.00,1118.10,79199
1788148140000000000,1118.10,1119.40,1117.30,1118.60,119438
1788148200000000000,1118.70,1123.20,1118.00,1123.20,109414
1788148260000000000,1123.20,1123.60,1121.10,1121.60,62000
1788148320000000000,1121.60,1122.90,1120.60,1122.60,46343
1788148380000000000,1122.70,1122.80,1120.10,1120.70,26503
1788148440000000000,1120.70,1121.40,1120.50,1121.20,18506
1788148500000000000,1121.30,1121.70,1120.10,1120.40,32988
1788148560000000000,1120.40,1120.50,1120.00,1120.40,27190
1788148620000000000,1120.40,1121.50,1120.10,1121.00,43823
1788148680000000000,1121.00,1121.10,1119.00,1119.00,18391
1788148740000000000,1119.40,1119.50,1118.20,1118.30,20746
1788148800000000000,1118.30,1118.50,1116.00,1116.20,62423
1788148860000000000,1116.30,1116.40,1115.20,1115.80,25444
1788148920000000000,1115.80,1116.00,1115.20,1115.70,24140
1788148980000000000,1115.80,1115.90,1115.30,1115.80,29701
1788149040000000000,1115.80,1115.80,1113.60,1113.70,52489
1788149100000000000,1113.70,1113.80,1111.10,1112.10,53139
1788149160000000000,1112.10,1112.80,1111.70,1112.60,76820
1788149220000000000,1112.70,1114.00,1112.60,1114.00,23178
1788149280000000000,1114.00,1114.40,1113.10,1113.10,28862
1788149340000000000,1113.30,1113.70,1112.70,1113.00,16379
1788149400000000000,1113.20,1114.20,1112.90,1114.20,33331
1788149460000000000,1114.20,1114.30,1113.00,1113.40,21711
1788149520000000000,1113.40,1114.30,1112.70,1114.00,28256
1788149580000000000,1114.00,1114.50,1113.20,1113.90,33062
1788149640000000000,1113.90,1114.40,1113.70,1114.10,16628
1788149700000000000,1114.10,1114.70,1113.60,1114.00,26618
1788149760000000000,1114.00,1115.10,1114.00,1114.40,26779
1788149820000000000,1114.40,1114.40,1113.40,1113.50,18180
1788149880000000000,1113.50,1113.60,1113.00,1113.00,11859
1788149940000000000,1113.20,1114.10,1113.00,1113.80,29549
1788150000000000000,1113.80,1116.80,1113.50,1116.60,24488
1788150060000000000,1116.60,1117.80,1116.00,1117.10,22674
1788150120000000000,1117.20,1117.60,1116.40,1116.90,9584
1788150180000000000,1116.90,1117.70,1116.60,1117.40,20700
1788150240000000000,1117.40,1117.40,1115.70,1116.50,19779
1788150300000000000,1116.50,1117.00,1116.10,1116.70,7417
1788150360000000000,1116.70,1116.70,1116.00,1116.40,7126
1788150420000000000,1116.40,1117.40,1116.20,1117.40,17379
1788150480000000000,1117.40,1118.40,1117.00,1118.00,25089
1788150540000000000,1118.10,1118.70,1117.80,1118.10,17224
1788150600000000000,1118.10,1118.70,1117.40,1118.70,16463
1788150660000000000,1118.80,1118.90,1118.00,1118.10,19204
1788150720000000000,1118.10,1118.70,1118.00,1118.30,9112
1788150780000000000,1118.30,1118.70,1116.60,1118.50,43106
1788150840000000000,1118.70,1118.90,1118.60,1118.90,9295
1788150900000000000,1118.90,1119.00,1118.20,1118.40,10461
1788150960000000000,1118.40,1118.80,1118.00,1118.30,13657
1788151020000000000,1118.30,1118.30,1116.80,1117.30,11515
1788151080000000000,1117.30,1117.30,1116.60,1117.10,5448
1788151140000000000,1117.10,1117.90,1117.00,1117.70,18005
1788151200000000000,1117.90,1118.00,1117.30,1117.70,6984
1788151260000000000,1117.70,1117.80,1117.10,1117.50,6225
1788151320000000000,1117.60,1117.80,1117.10,1117.80,9911
1788151380000000000,1117.80,1118.40,1117.50,1118.40,12328
1788151440000000000,1118.40,1119.00,1118.30,1118.60,11452
1788151500000000000,1118.70,1118.70,1118.40,1118.60,4134
1788151560000000000,1118.60,1118.60,1118.00,1118.50,4008
1788151620000000000,1118.50,1118.50,1117.50,1117.90,9703
1788151680000000000,1117.90,1118.00,1117.60,1117.80,2318
1788151740000000000,1117.80,1118.10,1117.60,1118.00,4938
1788151800000000000,1118.00,1118.10,1117.80,1118.10,9107
1788151860000000000,1118.10,1118.50,1117.80,1117.80,31734
1788151920000000000,1118.00,1118.00,1117.50,1118.00,10476
1788151980000000000,1117.90,1117.90,1116.60,1116.60,11767
1788152040000000000,1116.90,1118.30,1116.60,1118.30,28446
1788152100000000000,1118.30,1119.80,1117.90,1119.60,48480
1788152160000000000,1119.80,1119.80,1118.00,1118.40,49413
1788152220000000000,1118.40,1118.70,1117.80,1118.70,11684
1788152280000000000,1118.70,1119.30,1118.60,1118.90,12888
1788152340000000000,1119.20,1119.50,1118.50,1118.90,21139
1788152400000000000,1119.00,1119.00,1118.60,1118.90,6284
1788152460000000000,1118.90,1119.00,1118.10,1118.30,21358
1788152520000000000,1118.30,1118.40,1116.30,1116.30,17044
1788152580000000000,1116.80,1116.80,1116.00,1116.60,14251
1788152640000000000,1116.70,1117.80,1116.60,1117.80,44263
1788152700000000000,1117.80,1118.50,1117.40,1118.00,14773
1788152760000000000,1118.00,1118.00,1117.40,1117.80,1774
1788152820000000000,1117.80,1118.00,1117.20,1118.00,4180
1788152880000000000,1118.00,1118.00,1117.10,1117.60,4807
1788152940000000000,1117.60,1117.90,1117.50,1117.90,2481
1788153000000000000,1117.90,1118.10,1117.50,1118.10,4896
1788153060000000000,1118.10,1118.70,1117.80,1118.60,9435
1788153120000000000,1118.70,1118.70,1118.30,1118.70,3388
1788153180000000000,1118.70,1119.00,1118.50,1119.00,2850
1788153240000000000,1119.00,1119.30,1118.40,1118.90,13159
1788153300000000000,1118.90,1119.00,1118.20,1118.70,2702
1788153360000000000,1118.70,1118.90,1118.20,1118.60,15664
1788153420000000000,1118.60,1118.70,1118.10,1118.60,10547
1788153480000000000,1118.60,1118.60,1118.30,1118.50,1957
1788153540000000000,1118.50,1118.70,1118.40,1118.60,4711
1788153600000000000,1118.60,1118.90,1118.50,1118.70,9803
1788153660000000000,1118.90,1119.00,1118.70,1119.00,2957
1788153720000000000,1119.00,1119.00,1118.80,1119.00,4519
1788153780000000000,1119.00,1119.60,1118.80,1119.60,21324
1788153840000000000,1119.60,1119.70,1118.90,1119.30,7641
1788153900000000000,1119.30,1119.40,1118.90,1119.20,7448
1788153960000000000,1119.30,1119.30,1118.50,1118.50,9553
1788154020000000000,1118.50,1118.90,1118.20,1118.90,9609
1788154080000000000,1118.90,1119.00,1118.60,1119.00,4370
1788154140000000000,1119.00,1119.00,1118.50,1118.80,9601
1788154200000000000,1118.90,1118.90,1117.50,1117.80,9225
1788154260000000000,1117.80,1117.90,1117.30,1117.30,3910
1788154320000000000,1117.40,1117.50,1116.40,1116.40,14312
1788154380000000000,1116.50,1116.50,1115.80,1115.80,10703
1788154440000000000,1115.90,1117.40,1115.90,1117.40,41282
1788154500000000000,1117.40,1118.30,1117.20,1117.90,10980
1788154560000000000,1117.90,1118.10,1117.60,1117.70,2001
1788154620000000000,1118.00,1118.10,1117.70,1118.00,2674
1788154680000000000,1118.00,1118.20,1117.60,1118.00,11981
1788154740000000000,1118.00,1118.40,1118.00,1118.30,2804
1788154800000000000,1118.30,1118.30,1117.60,1117.60,4116
1788154860000000000,1117.60,1117.70,1117.40,1117.50,3137
1788154920000000000,1117.70,1117.70,1117.20,1117.20,2201
1788154980000000000,1117.50,1118.00,1117.10,1118.00,18450
1788155040000000000,1118.00,1118.60,1117.90,1118.40,12734
1788155100000000000,1118.60,1119.30,1118.20,1118.70,16536
1788155160000000000,1118.70,1119.20,1118.50,1119.10,13141
1788155220000000000,1119.20,1119.50,1118.60,1119.40,15668
1788155280000000000,1119.50,1119.80,1119.10,1119.40,12174
1788155340000000000,1119.40,1119.40,1118.80,1119.40,10880
1788155400000000000,1119.40,1119.70,1119.10,1119.70,6391
1788155460000000000,1119.80,1120.30,1119.50,1120.30,28826
1788155520000000000,1120.30,1120.50,1119.90,1120.40,23121
1788155580000000000,1120.40,1120.60,1119.60,1119.70,14128
1788155640000000000,1119.70,1119.70,1118.20,1118.60,5449
1788155700000000000,1118.60,1119.20,1118.50,1119.20,9766
1788155760000000000,1119.20,1119.40,1119.00,1119.40,3722
1788155820000000000,1119.40,1119.40,1118.50,1119.20,5594
1788155880000000000,1119.20,1119.30,1119.00,1119.30,3748
1788155940000000000,1119.30,1119.30,1119.00,1119.30,12486
1788156000000000000,1119.30,1119.60,1119.10,1119.60,16896
1788156060000000000,1119.60,1119.60,1119.20,1119.60,7356
1788156120000000000,1119.50,1119.60,1119.30,1119.30,5706
1788156180000000000,1119.60,1120.20,1119.40,1120.00,16409
1788156240000000000,1120.10,1120.10,1119.70,1120.10,4186
1788156300000000000,1120.10,1120.10,1119.10,1119.70,13474
1788156360000000000,1119.70,1119.80,1119.20,1119.70,4609
1788156420000000000,1119.60,1120.00,1119.30,1120.00,5301
1788156480000000000,1120.00,1120.20,1119.50,1119.90,17783
1788156540000000000,1119.90,1119.90,1119.50,1119.90,3979
1788156600000000000,1119.90,1119.90,1119.30,1119.60,5512
1788156660000000000,1119.60,1119.70,1119.30,1119.70,3719
1788156720000000000,1119.70,1120.60,1119.60,1120.60,19826
1788156780000000000,1120.60,1120.60,1120.00,1120.40,5231
1788156840000000000,1120.40,1120.40,1120.00,1120.40,4568
1788156900000000000,1120.40,1120.80,1120.10,1120.70,10057
1788156960000000000,1120.70,1120.80,1120.20,1120.50,4139
1788157020000000000,1120.50,1120.70,1120.20,1120.30,4573
1788157080000000000,1120.70,1120.90,1120.20,1120.60,10661
1788157140000000000,1120.60,1121.00,1120.30,1121.00,12443
1788157200000000000,1121.00,1121.00,1120.40,1121.00,7868
1788157260000000000,1121.00,1121.00,1120.40,1120.70,6795
1788157320000000000,1121.00,1121.40,1120.70,1121.40,10213
1788157380000000000,1121.40,1121.50,1121.30,1121.50,4711
1788157440000000000,1121.50,1123.00,1121.40,1122.80,17015
1788157500000000000,1122.80,1122.80,1121.90,1122.50,19576
1788157560000000000,1122.50,1123.50,1121.80,1123.40,23781
1788157620000000000,1123.40,1124.00,1122.70,1123.20,35909
1788157680000000000,1123.20,1123.40,1122.00,1122.60,14509
1788157740000000000,1122.60,1122.70,1121.80,1122.40,6015
1788157800000000000,1122.40,1122.60,1121.70,1122.40,5803
1788157860000000000,1122.50,1122.50,1121.00,1121.30,9823
1788157920000000000,1121.30,1121.60,1120.80,1121.60,11763
1788157980000000000,1121.60,1121.60,1121.10,1121.50,4886
1788158040000000000,1121.50,1121.90,1121.40,1121.80,7250
1788158100000000000,1121.80,1122.00,1121.00,1121.40,21269
1788158160000000000,1121.40,1121.50,1120.90,1121.50,5227
1788158220000000000,1121.50,1121.50,1120.90,1121.30,3489
1788158280000000000,1121.30,1121.30,1120.00,1120.60,23251
1788158340000000000,1120.70,1121.00,1120.50,1121.00,8589
1788158400000000000,1121.00,1121.10,1120.50,1121.10,6969
1788158460000000000,1121.10,1121.10,1120.60,1121.00,5602
1788158520000000000,1121.10,1121.50,1120.80,1121.50,9973
1788158580000000000,1121.50,1121.50,1121.20,1121.50,4395
1788158640000000000,1121.50,1121.70,1121.40,1121.70,5949
1788158700000000000,1121.70,1121.70,1120.80,1121.20,9903
1788158760000000000,1121.20,1121.50,1121.00,1121.50,6635
1788158820000000000,1121.50,1121.60,1121.30,1121.50,3963
1788158880000000000,1121.60,1121.90,1121.30,1121.60,12859
1788158940000000000,1121.90,1122.10,1121.60,1122.00,6050
1788159000000000000,1122.00,1122.00,1121.40,1121.90,6675
1788159060000000000,1121.90,1122.40,1121.80,1122.30,13744
1788159120000000000,1122.30,1122.60,1121.50,1121.80,12776
1788159180000000000,1121.80,1121.80,1121.00,1121.70,10611
1788159240000000000,1121.70,1121.90,1121.40,1121.90,7543
1788159300000000000,1121.90,1122.20,1121.80,1122.10,5916
1788159360000000000,1122.20,1122.30,1121.80,1122.20,5980
1788159420000000000,1122.20,1122.60,1122.00,1122.60,9235
1788159480000000000,1122.60,1122.60,1122.10,1122.50,13127
1788159540000000000,1122.50,1122.70,1122.00,1122.30,5985
1788159600000000000,1122.30,1122.50,1121.80,1122.20,7579
1788159660000000000,1122.20,1122.30,1121.80,1122.00,4185
1788159720000000000,1122.00,1122.10,1121.80,1122.00,4818
1788159780000000000,1122.00,1122.00,1121.70,1121.90,5306
1788159840000000000,1121.90,1122.00,1121.30,1121.50,3999
1788159900000000000,1121.50,1121.80,1121.40,1121.80,4255
1788159960000000000,1121.80,1121.90,1121.70,1121.90,2875
1788160020000000000,1121.90,1122.10,1121.90,1122.00,7702
1788160080000000000,1122.10,1122.60,1121.90,1122.60,47519
1788160140000000000,1122.60,1122.80,1121.80,1122.40,50476
1788160200000000000,1122.40,1122.60,1122.20,1122.60,11458
1788160260000000000,1122.40,1123.00,1122.40,1122.60,17919
1788160320000000000,1122.60,1123.00,1122.50,1122.70,7196
1788160380000000000,1122.50,1122.80,1122.50,1122.60,5568
1788160440000000000,1122.70,1122.90,1122.40,1122.90,3512
1788160500000000000,1122.70,1122.90,1122.10,1122.70,8738
1788160560000000000,1122.50,1122.70,1121.80,1122.20,7456
1788160620000000000,1122.30,1122.50,1121.90,1122.50,9466
1788160680000000000,1122.50,1122.60,1122.20,1122.60,4921
1788160740000000000,1122.60,1122.90,1122.60,1122.90,9568
1788160800000000000,1122.90,1122.90,1122.60,1122.90,3900
1788160860000000000,1122.90,1123.00,1122.40,1122.90,6785
1788160920000000000,1122.90,1122.90,1122.10,1122.50,5261
1788160980000000000,1122.50,1122.60,1122.20,1122.60,4396
1788161040000000000,1122.60,1122.80,1122.00,1122.70,20104
1788161100000000000,1122.70,1122.80,1120.00,1121.00,46721
1788161160000000000,1121.00,1122.90,1120.90,1122.90,24360
1788161220000000000,1122.90,1122.90,1122.10,1122.80,8300
1788161280000000000,1122.80,1123.40,1122.60,1123.10,15609
1788161340000000000,1123.10,1123.50,1122.90,1123.20,7593
1788161400000000000,1123.20,1123.40,1122.90,1123.30,4921
1788161460000000000,1123.30,1123.60,1123.00,1123.60,11349
1788161520000000000,1123.60,1123.60,1123.00,1123.30,15139
1788161580000000000,1123.30,1123.50,1123.10,1123.30,4571
1788161640000000000,1123.30,1123.50,1123.00,1123.50,11766
1788161700000000000,1123.50,1123.60,1123.00,1123.10,5304
1788161760000000000,1123.40,1123.50,1123.10,1123.40,2859
1788161820000000000,1123.40,1123.50,1123.10,1123.40,3987
1788161880000000000,1123.40,1123.40,1123.10,1123.40,3589
1788161940000000000,1123.40,1123.40,1123.10,1123.30,3240
1788162000000000000,1123.30,1123.30,1122.60,1122.80,60144
1788162060000000000,1122.80,1122.90,1122.60,1122.70,5369
1788162120000000000,1122.70,1122.90,1122.40,1122.80,4385
1788162180000000000,1122.80,1122.80,1122.00,1122.30,14673
1788162240000000000,1122.80,1122.80,1121.60,1121.90,16019
1788162300000000000,1121.90,1122.10,1121.40,1122.10,5069
1788162360000000000,1122.10,1122.60,1122.00,1122.60,9438
1788162420000000000,1122.60,1122.80,1122.50,1122.80,5232
1788162480000000000,1122.80,1122.90,1122.50,1122.50,5549
1788162540000000000,1122.50,1122.50,1122.20,1122.50,9610
1788162600000000000,1122.50,1122.70,1122.00,1122.70,21222
1788162660000000000,1122.70,1122.90,1122.00,1122.80,15042
1788162720000000000,1122.80,1123.10,1122.50,1123.10,10739
1788162780000000000,1123.10,1123.40,1122.70,1122.80,6634
1788162840000000000,1122.80,1123.00,1122.70,1122.90,3219
1788162900000000000,1122.90,1123.00,1122.60,1123.00,8311
1788162960000000000,1123.00,1123.00,1122.50,1123.00,4008
1788163020000000000,1122.90,1122.90,1122.10,1122.40,6271
1788163080000000000,1122.40,1122.50,1122.10,1122.50,3321
1788163140000000000,1122.50,1122.60,1122.30,1122.60,3382
1788163200000000000,1122.60,1122.60,1122.20,1122.60,7051
1788163260000000000,1122.60,1122.70,1122.30,1122.70,7730
1788163320000000000,1122.70,1122.90,1122.30,1122.70,14791
1788163380000000000,1122.70,1123.00,1122.40,1123.00,8087
1788163440000000000,1123.00,1123.10,1122.90,1123.10,5034
1788163500000000000,1123.10,1123.30,1123.00,1123.20,2945
1788163560000000000,1123.20,1123.30,1122.80,1122.90,9561
1788163620000000000,1122.90,1123.10,1122.20,1123.10,11106
1788163680000000000,1123.10,1123.10,1122.70,1123.00,4563
1788163740000000000,1123.00,1123.00,1122.70,1122.80,5190
1788163800000000000,1122.80,1123.30,1122.70,1123.30,10458
1788163860000000000,1123.30,1123.50,1123.20,1123.40,13003
1788163920000000000,1123.50,1123.70,1123.30,1123.70,6800
1788163980000000000,1123.70,1123.70,1123.20,1123.30,4291
1788164040000000000,1123.30,1123.50,1123.00,1123.30,3454
1788164100000000000,1123.30,1123.40,1122.80,1123.10,11139
1788164160000000000,1123.10,1123.10,1122.60,1122.90,4452
1788164220000000000,1122.90,1123.00,1122.50,1123.00,4479
1788164280000000000,1123.00,1123.10,1122.50,1123.10,3866
1788164340000000000,1123.10,1123.30,1123.00,1123.30,2566
1788164400000000000,1123.30,1123.50,1122.90,1123.40,13356
1788164460000000000,1123.40,1123.60,1122.50,1123.00,12760
1788164520000000000,1123.00,1123.00,1122.40,1123.00,9916
1788164580000000000,1123.00,1123.10,1122.60,1123.00,3146
1788164640000000000,1123.00,1123.10,1122.60,1122.90,5078
1788164700000000000,1122.90,1123.00,1122.20,1122.60,6283
1788164760000000000,1122.60,1122.60,1122.10,1122.40,6063
1788164820000000000,1122.40,1122.40,1122.20,1122.30,3044
1788164880000000000,1122.30,1122.30,1122.20,1122.30,8300
1788164940000000000,1122.30,1122.30,1121.60,1121.90,14334
1788165000000000000,1121.90,1122.20,1121.60,1122.20,33815
1788165060000000000,1122.20,1122.30,1122.10,1122.30,4471
1788165120000000000,1122.30,1122.30,1121.70,1122.00,13449
1788165180000000000,1122.00,1122.30,1121.80,1122.00,17051
1788165240000000000,1122.00,1122.20,1121.90,1121.90,9783
1788165300000000000,1121.90,1121.90,1121.40,1121.80,12664
1788165360000000000,1121.80,1122.20,1121.60,1122.20,14870
1788165420000000000,1122.20,1122.80,1122.10,1122.80,26988
1788165480000000000,1122.80,1123.00,1122.60,1122.90,7240
1788165540000000000,1122.90,1122.90,1121.30,1122.10,22132
1788165600000000000,1122.10,1122.10,1121.60,1121.80,4242
1788165660000000000,1121.80,1121.80,1121.50,1121.80,3658
1788165720000000000,1121.80,1122.40,1121.10,1122.30,39139
1788165780000000000,1122.40,1123.10,1122.20,1122.80,23731
1788165840000000000,1123.10,1123.80,1122.80,1123.00,28680
1788165900000000000,1123.40,1123.90,1123.00,1123.50,12173
1788165960000000000,1123.60,1124.00,1123.40,1123.50,20646
1788166020000000000,1123.50,1123.50,1123.00,1123.40,8374
1788166080000000000,1123.40,1124.00,1123.00,1123.70,11775
1788166140000000000,1124.00,1124.00,1123.70,1124.00,9864
1788166200000000000,1124.00,1124.00,1123.40,1123.80,13149
1788166260000000000,1124.00,1124.30,1123.80,1124.30,9939
1788166320000000000,1124.30,1124.50,1123.30,1124.00,16777
1788166380000000000,1124.00,1124.30,1123.70,1124.00,9692
1788166440000000000,1124.30,1124.30,1123.10,1123.50,14875
1788166500000000000,1123.50,1123.80,1122.90,1123.50,12049
1788166560000000000,1123.50,1124.00,1123.20,1124.00,9484
1788166620000000000,1124.00,1124.00,1123.60,1124.00,7886
1788166680000000000,1124.00,1124.40,1123.80,1124.00,15172
1788166740000000000,1124.20,1124.30,1123.40,1124.10,16132
1788166800000000000,1124.10,1124.40,1123.60,1124.00,11248
1788166860000000000,1124.00,1124.60,1123.90,1124.00,14346
1788166920000000000,1124.40,1124.60,1124.00,1124.30,10842
1788166980000000000,1124.30,1124.40,1124.00,1124.00,12372
1788167040000000000,1124.00,1124.10,1123.30,1124.10,9392
1788167100000000000,1124.10,1124.60,1123.90,1124.60,14672
1788167160000000000,1124.60,1124.90,1124.20,1124.20,11940
1788167220000000000,1124.50,1124.60,1123.70,1124.00,26782
1788167280000000000,1124.40,1124.40,1123.50,1123.60,13372
1788167340000000000,1124.00,1124.00,1123.60,1124.00,9107
1788167400000000000,1124.00,1124.50,1123.70,1124.10,12420
1788167460000000000,1124.10,1124.50,1124.00,1124.30,15388
1788167520000000000,1124.30,1124.90,1124.00,1124.50,12740
1788167580000000000,1124.70,1125.00,1124.00,1124.40,16081
1788167640000000000,1124.40,1125.00,1124.30,1125.00,12957
1788167700000000000,1124.70,1125.20,1124.40,1125.20,27460
1788167760000000000,1125.10,1127.00,1125.00,1127.00,77081
1788167820000000000,1127.00,1127.00,1126.00,1126.30,18581
1788167880000000000,1126.20,1126.60,1126.00,1126.20,19734
1788167940000000000,1126.20,1126.70,1125.90,1126.50,15018
1788168000000000000,1126.20,1126.60,1126.00,1126.50,26262
1788168060000000000,1126.30,1127.30,1126.00,1126.90,21467
1788168120000000000,1126.90,1127.70,1126.90,1127.60,26290
1788168180000000000,1127.30,1128.30,1127.20,1128.00,24428
1788168240000000000,1128.10,1128.30,1127.20,1127.80,40753
1788168300000000000,1127.70,1127.70,1126.80,1127.00,18685
1788168360000000000,1127.20,1127.70,1127.00,1127.30,19634
1788168420000000000,1127.40,1127.50,1126.40,1127.10,34615
1788168480000000000,1127.00,1127.10,1124.50,1124.90,52654
1788168540000000000,1124.90,1125.90,1124.80,1125.60,28866
1788168600000000000,1125.60,1127.00,1125.50,1126.80,29930
1788168660000000000,1126.80,1128.20,1126.70,1127.50,48418
1788168720000000000,1127.50,1128.10,1126.80,1127.20,63611
1788168780000000000,1126.90,1127.30,1125.70,1127.10,92256
1788168840000000000,1127.10,1127.70,1126.10,1126.80,38264
1788168900000000000,1126.50,1126.80,1125.00,1125.50,92072
1788168960000000000,1125.20,1125.70,1125.10,1125.60,38089
1788169020000000000,1125.50,1125.90,1124.30,1125.10,109667
1788169080000000000,1124.80,1127.40,1124.80,1127.40,63406
1788169140000000000,1126.80,1128.60,1126.50,1128.40,118179
1788169200000000000,1128.00,1129.70,1127.70,1129.10,109962
1788169260000000000,1129.10,1130.00,1126.80,1127.70,137394
1788169320000000000,1127.60,1128.80,1127.30,1128.00,122907
1788169380000000000,1127.90,1128.10,1127.10,1127.30,33583
1788169440000000000,1127.20,1129.80,1123.50,1125.10,95871
1788169500000000000,1125.10,1125.10,1125.10,1125.10,0
1788169560000000000,1125.10,1125.10,1125.10,1125.10,0
1788169620000000000,1125.10,1125.10,1125.10,1125.10,0
1788169680000000000,1125.10,1125.10,1125.10,1125.10,0
1788169740000000000,1125.10,1125.10,1125.10,1125.10,0
1788169800000000000,1125.10,1125.10,1125.10,1125.10,0
1788169860000000000,1125.10,1125.10,1125.10,1125.10,0
1788169920000000000,1125.10,1125.10,1125.10,1125.10,0
1788169980000000000,1125.10,1125.10,1125.10,1125.10,0
1788170040000000000,1125.10,1125.10,1125.10,1125.10,0
1788170100000000000,1125.10,1125.10,1125.10,1125.10,0
1788170160000000000,1125.10,1125.10,1125.10,1125.10,0
1788170220000000000,1125.10,1125.10,1125.10,1125.10,0
1788170280000000000,1125.10,1125.10,1125.10,1125.10,0
1788170340000000000,1133.80,1133.80,1133.80,1133.80,2196093
1788234300000000000,1128.00,1132.00,1125.60,1127.00,77239
1788234360000000000,1127.30,1130.70,1126.30,1128.50,28367
1788234420000000000,1128.50,1132.50,1127.80,1132.50,28555
1788234480000000000,1132.50,1133.80,1129.80,1130.50,139634
1788234540000000000,1130.90,1131.70,1129.20,1130.90,90430
1788234600000000000,1131.50,1134.30,1131.10,1133.10,26756
1788234660000000000,1133.20,1137.70,1132.90,1137.40,28921
1788234720000000000,1137.40,1138.00,1133.80,1136.80,87364
1788234780000000000,1136.80,1138.60,1135.80,1137.60,19473
1788234840000000000,1137.90,1142.50,1137.30,1140.90,116209
1788234900000000000,1140.90,1143.60,1139.50,1141.70,106463
1788234960000000000,1142.00,1143.00,1141.40,1142.20,16348
1788235020000000000,1142.30,1144.50,1141.40,1142.00,87352
1788235080000000000,1142.00,1143.80,1141.60,1142.30,40767
1788235140000000000,1142.40,1143.00,1141.60,1142.60,16055
1788235200000000000,1142.80,1145.00,1141.70,1144.40,52792
1788235260000000000,1144.50,1146.00,1144.30,1145.40,43949
1788235320000000000,1145.70,1146.50,1145.00,1145.30,22058
1788235380000000000,1145.30,1147.90,1144.80,1146.30,57091
1788235440000000000,1146.00,1146.00,1143.70,1143.70,18175
1788235500000000000,1143.70,1144.10,1142.50,1142.80,54738
1788235560000000000,1142.90,1143.50,1142.50,1142.60,8957
1788235620000000000,1142.80,1142.80,1140.90,1141.30,26994
1788235680000000000,1141.10,1141.80,1140.60,1141.60,12227
1788235740000000000,1141.50,1141.90,1140.90,1141.30,8366
1788235800000000000,1141.60,1141.60,1139.30,1139.90,39000
1788235860000000000,1139.90,1139.90,1139.20,1139.70,39972
1788235920000000000,1139.70,1140.70,1139.60,1140.20,16620
1788235980000000000,1140.10,1140.40,1139.00,1139.40,8280
1788236040000000000,1139.40,1139.80,1138.20,1139.60,21745
1788236100000000000,1139.60,1140.70,1139.10,1140.20,13047
1788236160000000000,1140.20,1140.50,1140.00,1140.50,5504
1788236220000000000,1140.50,1141.70,1139.90,1141.00,16640
1788236280000000000,1141.00,1141.50,1140.50,1141.00,5930
1788236340000000000,1141.00,1141.00,1140.00,1140.10,12996
1788236400000000000,1140.70,1141.00,1140.10,1140.70,5563
1788236460000000000,1140.70,1140.90,1140.50,1140.50,5966
1788236520000000000,1140.90,1141.00,1140.50,1140.70,3402
1788236580000000000,1140.90,1140.90,1140.10,1140.50,4160
1788236640000000000,1140.50,1140.90,1140.00,1140.70,13388
1788236700000000000,1140.60,1141.00,1140.00,1140.50,7199
1788236760000000000,1140.50,1140.50,1139.60,1140.00,13132
1788236820000000000,1140.00,1141.00,1139.50,1140.30,9808
1788236880000000000,1140.30,1141.00,1140.10,1140.10,7375
1788236940000000000,1140.00,1140.10,1139.10,1139.40,8845
1788237000000000000,1139.40,1139.70,1139.00,1139.10,5063
1788237060000000000,1139.40,1139.50,1138.60,1138.60,8961
1788237120000000000,1138.90,1139.20,1137.60,1137.90,11731
1788237180000000000,1138.50,1139.20,1138.30,1139.00,4954
1788237240000000000,1139.00,1139.40,1138.50,1138.90,4518
1788237300000000000,1138.90,1139.30,1138.60,1139.10,4531
1788237360000000000,1139.10,1139.20,1138.60,1138.60,4264
1788237420000000000,1138.90,1139.20,1138.50,1138.50,8773
1788237480000000000,1138.70,1138.80,1137.90,1138.00,13085
1788237540000000000,1138.00,1139.80,1137.90,1139.80,16151
1788237600000000000,1139.80,1141.10,1139.80,1141.00,15081
1788237660000000000,1141.00,1141.50,1140.30,1140.80,13521
1788237720000000000,1141.00,1141.10,1140.50,1141.10,5901
1788237780000000000,1141.10,1141.40,1140.30,1140.40,10451
1788237840000000000,1140.40,1140.50,1140.00,1140.10,3788
1788237900000000000,1140.10,1141.00,1140.00,1140.70,14356
1788237960000000000,1140.60,1141.40,1140.50,1141.20,6823
1788238020000000000,1141.40,1143.60,1141.40,1143.60,17651
1788238080000000000,1143.30,1143.70,1142.90,1143.20,8494
1788238140000000000,1143.20,1143.30,1141.60,1141.80,7713
1788238200000000000,1141.80,1142.00,1140.70,1141.90,9639
1788238260000000000,1141.90,1142.20,1141.50,1142.00,5001
1788238320000000000,1142.00,1142.00,1141.30,1142.00,2369
1788238380000000000,1142.00,1142.00,1141.10,1141.20,2746
1788238440000000000,1141.20,1141.90,1140.80,1141.90,4917
1788238500000000000,1141.90,1142.20,1141.30,1142.00,7470
1788238560000000000,1142.00,1142.50,1141.70,1141.80,5497
1788238620000000000,1142.20,1142.40,1141.30,1142.40,7720
1788238680000000000,1142.40,1142.80,1142.30,1142.50,5290
1788238740000000000,1142.50,1142.60,1141.90,1142.00,6354
1788238800000000000,1142.00,1142.10,1141.50,1142.00,4295
1788238860000000000,1142.00,1142.30,1141.50,1142.30,4357
1788238920000000000,1142.20,1142.50,1141.70,1142.50,5211
1788238980000000000,1142.50,1142.80,1142.30,1142.70,2321
1788239040000000000,1142.70,1143.10,1142.60,1143.10,8565
1788239100000000000,1143.10,1143.30,1142.70,1142.90,6746
1788239160000000000,1143.10,1143.50,1142.90,1143.50,4294
1788239220000000000,1143.50,1144.50,1143.20,1144.10,21956
1788239280000000000,1144.20,1144.20,1142.50,1142.80,9094
1788239340000000000,1142.80,1143.10,1142.40,1143.00,3166
1788239400000000000,1143.00,1143.30,1142.70,1143.10,4718
1788239460000000000,1143.10,1144.00,1142.70,1144.00,6511
1788239520000000000,1144.00,1144.30,1143.60,1144.10,4365
1788239580000000000,1144.10,1144.30,1143.80,1144.30,4350
1788239640000000000,1144.20,1144.70,1143.90,1144.30,23047
1788239700000000000,1144.30,1144.70,1143.50,1143.60,9772
1788239760000000000,1143.90,1144.30,1143.20,1143.60,9906
1788239820000000000,1144.00,1144.00,1142.80,1143.50,6353
1788239880000000000,1143.50,1143.90,1143.20,1143.50,5006
1788239940000000000,1143.70,1144.00,1143.50,1144.00,2797
1788240000000000000,1144.00,1144.70,1143.60,1144.70,21917
1788240060000000000,1144.70,1146.50,1144.50,1146.40,51924
1788240120000000000,1146.40,1146.50,1144.80,1145.00,28112
1788240180000000000,1145.00,1145.00,1144.50,1145.00,6656
1788240240000000000,1145.00,1145.00,1144.40,1144.70,6948
1788240300000000000,1145.00,1145.40,1144.50,1144.90,11717
1788240360000000000,1144.90,1145.10,1143.30,1143.30,23380
1788240420000000000,1143.40,1143.60,1142.80,1143.60,5181
1788240480000000000,1143.60,1143.90,1143.20,1143.20,3532
1788240540000000000,1143.50,1143.50,1142.40,1142.80,14297
1788240600000000000,1143.00,1143.80,1142.50,1143.80,4843
1788240660000000000,1143.80,1144.50,1143.00,1143.70,13482
1788240720000000000,1143.90,1144.00,1141.90,1142.50,75300
1788240780000000000,1142.50,1142.60,1141.00,1141.60,34247
1788240840000000000,1141.60,1142.30,1141.00,1142.00,14942
1788240900000000000,1142.00,1142.90,1141.60,1142.90,6980
1788240960000000000,1142.90,1143.40,1142.60,1143.00,4180
1788241020000000000,1143.00,1143.00,1142.30,1142.50,4763
1788241080000000000,1142.50,1143.80,1142.10,1143.50,4980
1788241140000000000,1143.50,1143.70,1142.50,1143.10,2090
1788241200000000000,1143.10,1143.10,1142.40,1143.00,3235
1788241260000000000,1143.00,1143.40,1142.70,1142.80,5583
1788241320000000000,1142.80,1143.50,1142.60,1143.50,14153
1788241380000000000,1143.50,1144.00,1143.50,1144.00,5111
1788241440000000000,1144.00,1144.50,1143.60,1143.90,12433
1788241500000000000,1143.90,1143.90,1143.10,1143.30,4944
1788241560000000000,1143.30,1143.50,1142.90,1143.20,3789
1788241620000000000,1143.20,1143.80,1142.60,1142.60,9332
1788241680000000000,1142.70,1143.50,1142.60,1143.10,2909
1788241740000000000,1143.20,1143.50,1142.80,1143.00,4011
1788241800000000000,1143.30,1143.60,1143.00,1143.50,2336
1788241860000000000,1143.50,1144.00,1143.30,1144.00,7912
1788241920000000000,1144.00,1144.00,1143.60,1143.90,3275
1788241980000000000,1143.90,1144.20,1143.70,1144.20,7993
1788242040000000000,1144.20,1144.20,1143.30,1143.70,6391
1788242100000000000,1143.70,1144.10,1143.70,1144.10,3607
1788242160000000000,1144.00,1144.10,1143.60,1144.00,7907
1788242220000000000,1144.00,1144.10,1143.30,1143.60,6187
1788242280000000000,1143.60,1143.80,1143.20,1143.70,2876
1788242340000000000,1143.70,1144.00,1143.40,1143.70,5590
1788242400000000000,1143.70,1144.00,1143.40,1143.50,18254
1788242460000000000,1143.50,1143.60,1142.10,1142.20,12748
1788242520000000000,1142.20,1142.40,1141.50,1141.70,12645
1788242580000000000,1141.70,1142.00,1141.50,1141.90,7691
1788242640000000000,1141.90,1142.10,1141.50,1142.00,12322
1788242700000000000,1142.00,1142.30,1141.30,1141.80,7191
1788242760000000000,1141.80,1142.30,1141.60,1141.60,6221
1788242820000000000,1141.70,1142.20,1141.60,1142.20,6481
1788242880000000000,1142.20,1142.30,1141.70,1142.00,5783
1788242940000000000,1142.00,1143.00,1141.90,1142.90,8534
1788243000000000000,1142.90,1142.90,1141.60,1142.40,8692
1788243060000000000,1142.40,1143.70,1142.10,1143.50,10397
1788243120000000000,1143.50,1143.70,1143.00,1143.40,11578
1788243180000000000,1143.40,1143.40,1142.50,1143.00,6552
1788243240000000000,1143.00,1143.20,1142.50,1142.70,7658
1788243300000000000,1142.70,1144.50,1142.40,1144.50,28731
1788243360000000000,1144.50,1145.00,1144.30,1144.90,8503
1788243420000000000,1144.90,1145.30,1144.60,1144.90,24356
1788243480000000000,1144.90,1145.70,1144.70,1145.30,13608
1788243540000000000,1145.50,1145.60,1145.20,1145.50,8124
1788243600000000000,1145.50,1147.00,1145.50,1146.90,32585
1788243660000000000,1147.00,1148.90,1147.00,1148.90,60409
1788243720000000000,1148.90,1148.90,1147.30,1148.00,30470
1788243780000000000,1148.00,1149.00,1147.00,1148.00,80141
1788243840000000000,1148.10,1149.00,1147.70,1149.00,23097
1788243900000000000,1149.00,1151.90,1148.50,1151.00,119852
1788243960000000000,1150.90,1151.00,1149.10,1149.60,59988
1788244020000000000,1149.60,1150.80,1149.00,1150.00,34917
1788244080000000000,1149.90,1150.30,1148.10,1148.30,33909
1788244140000000000,1148.30,1148.30,1147.00,1147.80,29619
1788244200000000000,1147.90,1148.50,1146.00,1146.50,136194
1788244260000000000,1146.80,1147.90,1146.50,1147.30,16790
1788244320000000000,1147.30,1148.00,1146.60,1147.40,32941
1788244380000000000,1147.40,1147.70,1146.80,1147.60,21786
1788244440000000000,1147.60,1147.70,1146.60,1146.60,12725
1788244500000000000,1147.00,1147.80,1146.80,1147.80,9162
1788244560000000000,1147.80,1149.00,1147.50,1148.70,14930
1788244620000000000,1148.80,1148.80,1147.50,1148.00,8123
1788244680000000000,1148.20,1148.20,1147.40,1147.90,11259
1788244740000000000,1147.90,1148.00,1147.40,1148.00,17130
1788244800000000000,1148.00,1148.30,1147.60,1148.30,10210
1788244860000000000,1148.30,1148.70,1148.00,1148.60,8185
1788244920000000000,1148.60,1149.40,1148.30,1149.20,16028
1788244980000000000,1149.10,1149.20,1147.80,1148.10,18172
1788245040000000000,1148.10,1148.90,1147.80,1148.70,6323
1788245100000000000,1148.40,1149.20,1148.40,1148.90,14338
1788245160000000000,1148.90,1149.10,1148.30,1148.80,9794
1788245220000000000,1148.80,1148.80,1148.10,1148.50,7896
1788245280000000000,1148.50,1149.20,1148.10,1148.70,12912
1788245340000000000,1148.70,1148.80,1148.00,1148.40,8294
1788245400000000000,1148.40,1148.60,1147.80,1148.60,7589
1788245460000000000,1148.60,1149.60,1148.50,1149.20,13938
1788245520000000000,1149.20,1150.50,1149.20,1149.80,25963
1788245580000000000,1149.80,1150.20,1149.20,1149.90,10165
1788245640000000000,1149.90,1150.00,1148.70,1149.10,17801
1788245700000000000,1149.10,1149.40,1148.60,1149.10,10315
1788245760000000000,1149.10,1149.20,1147.90,1148.70,31045
1788245820000000000,1148.70,1149.30,1148.50,1149.10,13827
1788245880000000000,1149.10,1150.60,1148.80,1150.40,35388
1788245940000000000,1150.40,1151.00,1149.80,1150.90,25182
1788246000000000000,1150.90,1151.30,1150.20,1150.90,24659
1788246060000000000,1150.90,1151.30,1150.00,1150.30,13421
1788246120000000000,1150.30,1150.40,1148.90,1148.90,14481
1788246180000000000,1148.90,1149.80,1148.60,1149.80,16718
1788246240000000000,1149.80,1152.00,1149.80,1151.70,45420
1788246300000000000,1151.70,1152.50,1151.30,1152.50,28772
1788246360000000000,1152.50,1152.60,1149.90,1150.00,101950
1788246420000000000,1150.40,1151.70,1149.50,1149.70,59218
1788246480000000000,1149.70,1151.40,1149.50,1150.20,33856
1788246540000000000,1150.10,1151.10,1149.90,1150.90,48812
1788246600000000000,1150.90,1151.10,1149.70,1150.00,15902
1788246660000000000,1150.00,1150.80,1149.90,1150.20,8613
1788246720000000000,1150.20,1150.70,1149.70,1150.20,14110
1788246780000000000,1150.30,1151.10,1149.80,1149.80,33235
1788246840000000000,1150.00,1150.50,1149.80,1150.50,13021
1788246900000000000,1150.50,1151.00,1150.20,1150.90,10214
1788246960000000000,1150.90,1151.50,1150.50,1150.90,23032
1788247020000000000,1150.90,1151.00,1150.60,1150.60,8562
1788247080000000000,1151.00,1151.00,1150.60,1150.90,8635
1788247140000000000,1150.90,1151.30,1150.60,1151.00,17657
1788247200000000000,1151.00,1151.10,1150.40,1150.50,10651
1788247260000000000,1150.80,1150.80,1149.90,1150.00,19638
1788247320000000000,1150.40,1151.20,1149.90,1150.90,63338
1788247380000000000,1151.20,1151.20,1149.90,1149.90,18821
1788247440000000000,1149.90,1150.20,1149.60,1149.90,10089
1788247500000000000,1149.90,1150.10,1149.50,1149.50,14950
1788247560000000000,1149.60,1149.90,1149.30,1149.70,7009
1788247620000000000,1149.70,1150.70,1149.30,1150.10,13143
1788247680000000000,1150.10,1150.30,1149.70,1150.10,20769
1788247740000000000,1150.10,1150.20,1149.60,1150.00,7192
1788247800000000000,1150.00,1150.00,1149.40,1149.80,7900
1788247860000000000,1149.80,1150.00,1149.40,1149.50,17004
1788247920000000000,1149.50,1150.20,1149.00,1149.60,23097
1788247980000000000,1149.60,1149.80,1149.30,1149.80,8255
1788248040000000000,1149.80,1150.40,1149.40,1150.00,23119
1788248100000000000,1150.00,1150.10,1149.30,1150.00,11133
1788248160000000000,1150.00,1150.00,1149.20,1149.40,11244
1788248220000000000,1149.40,1149.70,1148.80,1148.90,17779
1788248280000000000,1149.30,1149.50,1149.00,1149.30,5655
1788248340000000000,1149.30,1149.80,1149.10,1149.70,9144
1788248400000000000,1149.70,1149.80,1149.10,1149.60,8771
1788248460000000000,1149.60,1149.80,1149.20,1149.50,8340
1788248520000000000,1149.50,1149.60,1148.00,1148.10,112482
1788248580000000000,1148.50,1148.80,1147.90,1148.80,9103
1788248640000000000,1148.80,1149.00,1148.00,1148.00,8350
1788248700000000000,1148.30,1148.60,1148.00,1148.30,9474
1788248760000000000,1148.30,1148.30,1147.20,1147.50,72012
1788248820000000000,1147.50,1147.70,1147.40,1147.70,14845
1788248880000000000,1147.70,1148.80,1147.60,1148.70,57954
1788248940000000000,1148.70,1149.20,1148.20,1149.20,14458
1788249000000000000,1149.20,1149.50,1149.10,1149.50,7121
1788249060000000000,1149.50,1150.30,1149.20,1150.30,46741
1788249120000000000,1150.30,1150.70,1150.00,1150.10,21757
1788249180000000000,1150.10,1150.30,1149.90,1150.00,9510
1788249240000000000,1150.00,1151.00,1150.00,1151.00,15241
1788249300000000000,1151.00,1151.30,1150.90,1151.30,23265
1788249360000000000,1151.30,1151.50,1150.20,1150.60,22842
1788249420000000000,1150.60,1151.20,1149.90,1150.00,131968
1788249480000000000,1150.00,1150.80,1149.00,1150.00,79256
1788249540000000000,1150.00,1150.50,1149.50,1150.00,46765
1788249600000000000,1150.00,1150.00,1149.40,1150.00,8456
1788249660000000000,1150.00,1154.20,1149.80,1154.00,60883
1788249720000000000,1154.00,1154.00,1153.30,1153.80,16326
1788249780000000000,1153.80,1153.80,1153.00,1153.60,17996
1788249840000000000,1153.60,1153.70,1152.40,1153.50,18351
1788249900000000000,1153.50,1153.80,1152.50,1153.50,88278
1788249960000000000,1153.50,1153.50,1152.40,1152.90,15647
1788250020000000000,1152.90,1152.90,1151.30,1152.20,16794
1788250080000000000,1152.20,1152.40,1151.50,1151.60,10088
1788250140000000000,1151.60,1152.00,1151.10,1151.70,11146
1788250200000000000,1151.60,1151.80,1151.10,1151.60,7642
1788250260000000000,1151.60,1151.60,1150.40,1151.00,14130
1788250320000000000,1151.00,1151.80,1150.90,1151.80,15700
1788250380000000000,1151.80,1152.30,1151.70,1152.10,13459
1788250440000000000,1152.10,1152.30,1150.60,1151.10,51134
1788250500000000000,1151.30,1151.30,1150.30,1150.60,24419
1788250560000000000,1150.80,1151.20,1150.60,1151.00,10457
1788250620000000000,1151.20,1151.30,1149.80,1150.10,23550
1788250680000000000,1150.40,1151.20,1150.10,1151.00,9370
1788250740000000000,1151.00,1151.30,1150.40,1150.80,12150
1788250800000000000,1150.80,1150.80,1149.90,1150.00,9233
1788250860000000000,1150.00,1150.00,1148.80,1149.50,46148
1788250920000000000,1149.50,1150.50,1149.00,1149.90,88479
1788250980000000000,1149.80,1150.20,1149.40,1149.90,31916
1788251040000000000,1150.00,1150.60,1149.70,1150.00,42453
1788251100000000000,1150.00,1150.30,1149.00,1149.70,10694
1788251160000000000,1149.60,1150.20,1149.00,1150.00,59738
1788251220000000000,1149.60,1150.60,1149.30,1150.60,155374
1788251280000000000,1150.60,1150.90,1150.50,1150.80,15946
1788251340000000000,1150.80,1150.80,1149.60,1149.80,8900
1788251400000000000,1149.80,1149.80,1148.80,1149.00,17224
1788251460000000000,1149.00,1149.20,1148.00,1148.50,21558
1788251520000000000,1148.10,1149.00,1147.90,1147.90,15154
1788251580000000000,1148.00,1148.00,1147.50,1147.60,14378
1788251640000000000,1147.60,1147.80,1147.10,1147.20,18186
1788251700000000000,1147.30,1148.20,1147.00,1147.90,21275
1788251760000000000,1148.00,1148.20,1146.70,1147.00,33819
1788251820000000000,1147.00,1147.50,1146.30,1146.70,23633
1788251880000000000,1146.70,1146.80,1145.50,1146.00,23614
1788251940000000000,1146.00,1146.20,1144.60,1145.00,40091
1788252000000000000,1145.00,1146.00,1144.80,1145.70,99248
1788252060000000000,1145.70,1146.70,1145.70,1146.00,18644
1788252120000000000,1146.00,1146.00,1144.20,1144.30,52677
1788252180000000000,1144.30,1144.70,1144.10,1144.30,10142
1788252240000000000,1144.30,1145.70,1144.20,1145.50,15658
1788252300000000000,1145.50,1147.40,1145.40,1146.60,143710
1788252360000000000,1146.70,1146.90,1146.60,1146.80,26632
1788252420000000000,1146.80,1146.80,1145.90,1146.10,37498
1788252480000000000,1146.20,1146.20,1145.70,1145.90,68855
1788252540000000000,1145.90,1147.10,1145.40,1147.10,81641
1788252600000000000,1147.10,1147.80,1145.50,1145.80,97115
1788252660000000000,1145.80,1145.80,1144.00,1144.30,58353
1788252720000000000,1144.30,1145.40,1144.20,1144.90,69885
1788252780000000000,1144.90,1145.10,1144.70,1145.00,37111
1788252840000000000,1145.00,1145.00,1144.70,1144.80,34530
1788252900000000000,1144.80,1144.80,1144.50,1144.70,54325
1788252960000000000,1144.80,1145.40,1144.70,1145.00,40578
1788253020000000000,1145.00,1145.50,1144.90,1145.30,37126
1788253080000000000,1145.40,1146.00,1145.30,1146.00,53237
1788253140000000000,1146.00,1147.60,1145.90,1147.00,70217
1788253200000000000,1147.00,1147.50,1145.00,1145.70,90538
1788253260000000000,1145.70,1147.00,1145.30,1146.90,89265
1788253320000000000,1147.00,1147.00,1146.50,1146.60,58077
1788253380000000000,1146.60,1146.60,1145.70,1146.20,69517
1788253440000000000,1146.30,1146.40,1144.80,1145.00,177017
1788253500000000000,1145.00,1145.20,1144.90,1144.90,118647
1788253560000000000,1145.00,1145.00,1144.60,1144.90,59634
1788253620000000000,1144.90,1144.90,1144.20,1144.30,56033
1788253680000000000,1144.30,1144.30,1143.70,1143.90,191051
1788253740000000000,1143.90,1143.90,1143.00,1143.20,51701
1788253800000000000,1143.20,1143.20,1142.90,1143.10,56499
1788253860000000000,1143.10,1143.20,1142.90,1143.00,93086
1788253920000000000,1143.10,1143.10,1142.50,1142.80,44571
1788253980000000000,1142.80,1142.80,1141.90,1142.40,62674
1788254040000000000,1142.40,1142.40,1139.90,1141.10,378234
1788254100000000000,1141.10,1142.90,1140.30,1141.50,145724
1788254160000000000,1141.50,1143.00,1141.20,1142.50,103749
1788254220000000000,1142.50,1143.30,1141.90,1143.10,145817
1788254280000000000,1143.10,1143.10,1142.10,1142.10,75522
1788254340000000000,1142.20,1143.90,1142.00,1143.60,152472
1788254400000000000,1143.50,1143.60,1143.00,1143.00,97621
1788254460000000000,1143.10,1144.10,1142.80,1143.50,86137
1788254520000000000,1143.30,1143.70,1142.50,1143.40,154486
1788254580000000000,1143.40,1144.20,1143.30,1144.20,50632
1788254640000000000,1144.20,1144.30,1142.80,1143.00,123160
1788254700000000000,1143.00,1143.80,1142.90,1143.80,86847
1788254760000000000,1143.80,1144.10,1143.70,1143.80,74090
1788254820000000000,1143.90,1143.90,1142.70,1143.50,102440
1788254880000000000,1143.50,1144.80,1143.40,1143.80,104788
1788254940000000000,1143.80,1143.90,1143.00,1143.60,87011
1788255000000000000,1143.50,1143.60,1143.00,1143.30,139079
1788255060000000000,1143.40,1143.40,1142.90,1143.30,198056
1788255120000000000,1143.40,1144.10,1142.90,1143.00,196148
1788255180000000000,1143.00,1143.60,1142.90,1143.40,106311
1788255240000000000,1143.40,1144.00,1142.90,1144.00,184078
1788255300000000000,1143.90,1144.90,1143.40,1144.70,213677
1788255360000000000,1144.70,1147.10,1144.60,1146.70,138652
1788255420000000000,1146.70,1147.70,1144.20,1145.20,193156
1788255480000000000,1145.20,1145.20,1144.10,1144.90,120414
1788255540000000000,1144.90,1145.90,1144.70,1145.90,112868
1788255600000000000,1145.90,1147.00,1145.70,1146.90,127010
1788255660000000000,1147.00,1147.00,1144.80,1145.80,191249
1788255720000000000,1145.80,1149.00,1144.30,1147.20,457561
1788255780000000000,1147.20,1147.90,1145.60,1147.50,45512
1788255840000000000,1147.50,1149.20,1147.30,1147.60,21222
1788255900000000000,1147.60,1147.60,1147.60,1147.60,0
1788255960000000000,1147.60,1147.60,1147.60,1147.60,0
1788256020000000000,1147.60,1147.60,1147.60,1147.60,0
1788256080000000000,1147.60,1147.60,1147.60,1147.60,0
1788256140000000000,1147.60,1147.60,1147.60,1147.60,0
1788256200000000000,1147.60,1147.60,1147.60,1147.60,0
1788256260000000000,1147.60,1147.60,1147.60,1147.60,0
1788256320000000000,1147.60,1147.60,1147.60,1147.60,0
1788256380000000000,1147.60,1147.60,1147.60,1147.60,0
1788256440000000000,1147.60,1147.60,1147.60,1147.60,0
1788256500000000000,1147.60,1147.60,1147.60,1147.60,0
1788256560000000000,1147.60,1147.60,1147.60,1147.60,0
1788256620000000000,1147.60,1147.60,1147.60,1147.60,0
1788256680000000000,1147.60,1147.60,1147.60,1147.60,0
1788256740000000000,1156.00,1156.00,1156.00,1156.00,414141
1788320700000000000,1137.70,1142.90,1131.40,1133.00,319794
1788320760000000000,1133.00,1133.00,1128.00,1128.10,90438
1788320820000000000,1128.00,1129.80,1125.10,1125.60,87598
1788320880000000000,1125.50,1125.50,1122.40,1123.40,100120
1788320940000000000,1123.50,1123.60,1119.00,1119.60,130450
1788321000000000000,1119.50,1122.40,1118.60,1122.40,58313
1788321060000000000,1122.00,1123.20,1120.10,1121.00,74642
1788321120000000000,1121.00,1122.80,1120.40,1122.50,45738
1788321180000000000,1122.80,1123.00,1119.90,1121.50,83238
1788321240000000000,1121.00,1121.30,1119.90,1120.40,53094
1788321300000000000,1120.40,1121.00,1120.00,1120.70,31388
1788321360000000000,1120.70,1123.60,1120.30,1122.90,42080
1788321420000000000,1122.90,1124.50,1122.70,1123.90,58367
1788321480000000000,1124.10,1126.00,1123.60,1125.90,97941
1788321540000000000,1125.80,1130.50,1125.50,1129.90,88365
1788321600000000000,1129.90,1133.90,1129.60,1133.70,67547
1788321660000000000,1133.30,1136.00,1132.30,1134.20,83443
1788321720000000000,1134.40,1136.80,1133.60,1135.60,79650
1788321780000000000,1135.60,1136.50,1135.00,1136.40,45232
1788321840000000000,1136.20,1139.50,1135.80,1138.40,61414
1788321900000000000,1138.60,1140.20,1135.50,1137.40,75099
1788321960000000000,1137.40,1139.00,1136.20,1139.00,40212
1788322020000000000,1139.00,1139.70,1138.40,1138.60,30906
1788322080000000000,1138.70,1140.00,1137.50,1138.10,48802
1788322140000000000,1138.40,1138.60,1136.60,1136.80,28366
1788322200000000000,1137.10,1139.90,1136.90,1139.90,58292
1788322260000000000,1139.60,1141.60,1139.50,1140.60,39670
1788322320000000000,1140.50,1140.60,1138.50,1139.20,23324
1788322380000000000,1139.20,1140.70,1138.90,1140.40,20743
1788322440000000000,1140.40,1140.40,1138.50,1139.10,41767
1788322500000000000,1139.10,1140.40,1138.50,1140.30,22314
1788322560000000000,1140.40,1140.80,1139.30,1139.70,20169
1788322620000000000,1139.60,1140.00,1137.80,1138.80,50213
1788322680000000000,1138.70,1140.20,1138.00,1139.90,23107
1788322740000000000,1140.00,1140.40,1139.10,1139.50,16116
1788322800000000000,1139.50,1140.20,1138.10,1139.10,22943
1788322860000000000,1139.00,1139.80,1138.00,1139.20,52040
1788322920000000000,1139.10,1140.20,1138.60,1140.20,16139
1788322980000000000,1140.20,1140.30,1139.90,1139.90,15183
1788323040000000000,1140.10,1140.20,1139.90,1140.20,10285
1788323100000000000,1140.20,1141.90,1139.50,1141.10,55434
1788323160000000000,1141.40,1141.90,1140.20,1141.20,35530
1788323220000000000,1141.10,1142.00,1140.00,1140.30,23662
1788323280000000000,1140.30,1142.60,1140.10,1142.60,23360
1788323340000000000,1142.50,1144.50,1142.30,1143.50,32981
1788323400000000000,1143.60,1144.70,1143.50,1144.50,26100
1788323460000000000,1144.40,1145.00,1143.10,1143.50,30553
1788323520000000000,1143.40,1143.50,1142.00,1142.90,33345
1788323580000000000,1143.20,1146.30,1142.80,1145.50,28131
1788323640000000000,1145.30,1145.60,1144.60,1144.80,23698
1788323700000000000,1144.90,1145.00,1143.00,1143.40,16459
1788323760000000000,1143.60,1143.70,1143.10,1143.30,13912
1788323820000000000,1143.30,1143.30,1142.00,1142.00,19575
1788323880000000000,1142.30,1142.40,1140.40,1140.80,22386
1788323940000000000,1140.70,1140.90,1139.20,1140.70,24329
1788324000000000000,1140.70,1142.40,1140.60,1141.90,17724
1788324060000000000,1141.80,1142.50,1141.60,1141.80,9797
1788324120000000000,1141.80,1142.90,1140.50,1142.70,19760
1788324180000000000,1142.70,1143.00,1141.90,1142.30,9167
1788324240000000000,1142.40,1142.50,1141.10,1142.00,12859
1788324300000000000,1142.10,1142.70,1141.70,1142.20,10225
1788324360000000000,1142.20,1142.80,1142.10,1142.70,14546
1788324420000000000,1142.80,1143.50,1142.00,1142.70,31389
1788324480000000000,1142.70,1142.90,1142.50,1142.90,8113
1788324540000000000,1142.90,1144.20,1141.70,1143.60,95882
1788324600000000000,1143.60,1147.80,1143.60,1145.10,175730
1788324660000000000,1145.20,1146.40,1144.40,1146.00,23859
1788324720000000000,1145.90,1146.20,1145.00,1145.30,30340
1788324780000000000,1145.20,1146.00,1144.90,1146.00,24184
1788324840000000000,1146.00,1146.90,1145.20,1146.50,16484
1788324900000000000,1146.40,1146.50,1145.70,1145.70,10149
1788324960000000000,1145.90,1145.90,1145.30,1145.50,4617
1788325020000000000,1145.60,1145.60,1145.00,1145.00,31213
1788325080000000000,1145.10,1145.10,1144.70,1145.00,25862
1788325140000000000,1145.10,1145.10,1144.60,1145.10,21641
1788325200000000000,1145.10,1145.10,1144.30,1145.10,84235
1788325260000000000,1145.10,1145.10,1142.40,1142.60,88199
1788325320000000000,1142.80,1144.60,1142.00,1143.70,44576
1788325380000000000,1144.10,1144.40,1143.30,1143.70,6913
1788325440000000000,1143.50,1143.70,1142.60,1143.00,4598
1788325500000000000,1142.60,1143.00,1139.30,1139.80,27461
1788325560000000000,1139.70,1140.00,1138.80,1139.10,16696
1788325620000000000,1138.90,1139.50,1138.50,1138.90,12216
1788325680000000000,1138.80,1138.90,1138.20,1138.40,14974
1788325740000000000,1138.60,1139.20,1138.50,1138.70,6410
1788325800000000000,1138.50,1138.70,1137.20,1137.90,18182
1788325860000000000,1137.70,1137.80,1137.00,1137.80,24517
1788325920000000000,1137.80,1139.10,1137.80,1138.50,16404
1788325980000000000,1138.30,1139.20,1138.00,1138.60,16183
1788326040000000000,1138.60,1139.10,1138.30,1139.00,8714
1788326100000000000,1138.70,1140.00,1138.70,1139.80,11558
1788326160000000000,1139.70,1140.10,1139.60,1140.00,8475
1788326220000000000,1139.80,1140.20,1139.50,1139.70,5996
1788326280000000000,1139.70,1140.50,1139.50,1140.50,10548
1788326340000000000,1140.20,1141.40,1140.20,1140.50,11871
1788326400000000000,1140.50,1141.90,1140.50,1141.90,9531
1788326460000000000,1141.50,1142.50,1141.50,1141.70,10665
1788326520000000000,1141.90,1142.00,1140.60,1140.60,7843
1788326580000000000,1140.60,1141.00,1140.50,1140.70,11628
1788326640000000000,1140.50,1141.90,1140.50,1141.50,7625
1788326700000000000,1141.50,1142.80,1141.10,1142.40,12583
1788326760000000000,1142.20,1142.50,1142.00,1142.30,7542
1788326820000000000,1142.30,1142.80,1142.20,1142.50,5916
1788326880000000000,1142.20,1142.50,1141.00,1141.20,5827
1788326940000000000,1141.20,1141.80,1140.90,1141.50,13825
1788327000000000000,1141.60,1141.90,1141.50,1141.60,4613
1788327060000000000,1141.50,1141.60,1140.60,1141.10,4469
1788327120000000000,1141.10,1141.50,1140.20,1141.20,15690
1788327180000000000,1141.20,1141.30,1140.80,1140.90,6798
1788327240000000000,1140.80,1140.90,1140.10,1140.40,6047
1788327300000000000,1140.40,1140.50,1140.00,1140.00,3788
1788327360000000000,1140.00,1140.10,1139.90,1140.00,3415
1788327420000000000,1140.00,1140.90,1139.20,1140.40,22118
1788327480000000000,1140.40,1141.30,1140.20,1140.70,4951
1788327540000000000,1140.60,1140.60,1139.80,1140.20,4029
1788327600000000000,1140.00,1140.50,1140.00,1140.40,4656
1788327660000000000,1140.30,1140.40,1140.10,1140.30,3101
1788327720000000000,1140.20,1140.30,1140.20,1140.20,4660
1788327780000000000,1140.20,1140.80,1139.80,1140.60,14911
1788327840000000000,1140.60,1140.60,1140.20,1140.20,3536
1788327900000000000,1140.20,1140.40,1138.30,1138.30,9511
1788327960000000000,1138.30,1139.50,1137.90,1138.00,27637
1788328020000000000,1138.00,1138.90,1137.60,1138.10,11801
1788328080000000000,1138.30,1139.30,1138.00,1138.50,7807
1788328140000000000,1138.60,1138.80,1138.20,1138.40,7779
1788328200000000000,1138.50,1138.70,1138.10,1138.10,9209
1788328260000000000,1138.10,1138.40,1138.00,1138.00,12145
1788328320000000000,1138.00,1138.20,1138.00,1138.20,7259
1788328380000000000,1138.10,1139.10,1138.00,1138.50,9490
1788328440000000000,1138.70,1138.80,1138.20,1138.40,4580
1788328500000000000,1138.30,1138.40,1138.10,1138.30,7518
1788328560000000000,1138.10,1139.20,1137.30,1138.00,20560
1788328620000000000,1138.10,1138.90,1137.70,1138.40,9201
1788328680000000000,1138.50,1140.00,1138.30,1139.10,12873
1788328740000000000,1139.10,1139.40,1138.60,1139.10,11372
1788328800000000000,1139.20,1140.00,1138.90,1139.50,9606
1788328860000000000,1139.50,1140.70,1139.40,1140.50,17391
1788328920000000000,1140.60,1141.50,1139.50,1139.50,15059
1788328980000000000,1139.60,1139.60,1139.10,1139.10,14516
1788329040000000000,1139.30,1140.30,1139.20,1139.90,10175
1788329100000000000,1140.00,1140.60,1139.00,1139.30,18574
1788329160000000000,1139.10,1140.30,1139.00,1139.50,10876
1788329220000000000,1139.50,1139.80,1138.90,1139.20,14006
1788329280000000000,1139.40,1140.00,1138.80,1139.10,12074
1788329340000000000,1139.30,1140.60,1139.10,1140.50,11452
1788329400000000000,1140.50,1141.00,1139.30,1139.30,11755
1788329460000000000,1139.40,1140.00,1139.20,1139.70,9625
1788329520000000000,1139.80,1139.80,1139.00,1139.00,7974
1788329580000000000,1139.00,1140.00,1139.00,1139.00,28036
1788329640000000000,1139.30,1139.30,1137.50,1137.80,14874
1788329700000000000,1137.70,1138.00,1137.20,1137.40,34298
1788329760000000000,1137.40,1137.50,1137.00,1137.30,19080
1788329820000000000,1137.50,1137.50,1136.50,1136.90,17426
1788329880000000000,1136.80,1136.90,1136.10,1136.30,16916
1788329940000000000,1136.50,1136.90,1136.10,1136.90,13519
1788330000000000000,1137.00,1137.60,1136.90,1136.90,7122
1788330060000000000,1136.90,1137.10,1136.70,1136.80,10055
1788330120000000000,1136.70,1137.00,1136.70,1136.70,4028
1788330180000000000,1136.70,1136.80,1136.50,1136.50,7897
1788330240000000000,1136.50,1136.70,1136.50,1136.60,12596
1788330300000000000,1136.60,1136.70,1136.60,1136.60,7641
1788330360000000000,1136.60,1136.70,1135.70,1135.80,21330
1788330420000000000,1135.80,1136.00,1135.40,1135.80,21479
1788330480000000000,1135.80,1135.90,1135.50,1135.60,11612
1788330540000000000,1135.60,1135.80,1135.40,1135.40,6964
1788330600000000000,1135.40,1135.80,1135.40,1135.80,13845
1788330660000000000,1135.70,1137.10,1135.70,1136.50,17106
1788330720000000000,1136.80,1136.80,1135.90,1136.00,6656
1788330780000000000,1136.20,1136.20,1135.80,1135.80,7746
1788330840000000000,1135.80,1137.00,1135.80,1137.00,14660
1788330900000000000,1136.90,1137.00,1136.10,1136.30,11988
1788330960000000000,1136.30,1137.50,1136.30,1137.00,14743
1788331020000000000,1136.90,1137.00,1136.60,1136.80,6984
1788331080000000000,1136.70,1136.90,1136.00,1136.00,9154
1788331140000000000,1136.00,1136.10,1135.00,1135.00,16498
1788331200000000000,1135.00,1135.20,1135.00,1135.10,23015
1788331260000000000,1135.20,1136.40,1135.10,1135.80,20053
1788331320000000000,1135.80,1135.90,1135.70,1135.70,8553
1788331380000000000,1135.80,1135.90,1135.00,1135.10,13177
1788331440000000000,1135.20,1135.30,1135.00,1135.10,15225
1788331500000000000,1135.10,1135.90,1135.10,1135.20,13008
1788331560000000000,1135.30,1135.30,1135.10,1135.10,5692
1788331620000000000,1135.10,1136.20,1135.10,1136.00,14724
1788331680000000000,1136.00,1136.10,1135.60,1135.60,7223
1788331740000000000,1135.60,1135.70,1135.50,1135.50,7417
1788331800000000000,1135.50,1135.60,1135.00,1135.00,6818
1788331860000000000,1135.00,1135.20,1134.70,1135.10,21215
1788331920000000000,1135.10,1137.40,1135.10,1137.00,12836
1788331980000000000,1136.90,1136.90,1136.20,1136.40,5545
1788332040000000000,1136.40,1136.70,1136.40,1136.70,6478
1788332100000000000,1136.60,1137.00,1136.60,1137.00,9676
1788332160000000000,1136.90,1137.00,1136.90,1136.90,6150
1788332220000000000,1136.90,1138.50,1136.90,1137.40,19037
1788332280000000000,1137.30,1138.10,1137.30,1137.60,9399
1788332340000000000,1137.50,1138.10,1137.50,1138.10,9723
1788332400000000000,1137.90,1138.40,1137.50,1138.30,11320
1788332460000000000,1138.30,1138.90,1138.00,1138.20,15544
1788332520000000000,1138.10,1138.20,1137.60,1137.60,15957
1788332580000000000,1137.60,1137.70,1137.10,1137.30,10867
1788332640000000000,1137.40,1137.40,1137.30,1137.30,9253
1788332700000000000,1137.30,1138.20,1137.30,1137.40,14640
1788332760000000000,1137.40,1138.50,1137.30,1138.20,18632
1788332820000000000,1138.30,1138.80,1136.80,1136.90,44597
1788332880000000000,1136.90,1137.00,1135.70,1136.10,25685
1788332940000000000,1136.00,1136.10,1135.10,1135.10,11037
1788333000000000000,1135.00,1135.10,1134.40,1134.80,13097
1788333060000000000,1134.80,1135.00,1134.70,1134.80,19977
1788333120000000000,1134.90,1134.90,1133.40,1133.70,22133
1788333180000000000,1133.40,1133.70,1133.00,1133.20,24502
1788333240000000000,1133.30,1133.40,1133.00,1133.00,9500
1788333300000000000,1133.00,1133.10,1132.40,1132.60,19134
1788333360000000000,1132.80,1133.70,1132.60,1133.70,10862
1788333420000000000,1133.70,1133.90,1132.10,1132.40,16067
1788333480000000000,1132.50,1132.50,1132.10,1132.30,16391
1788333540000000000,1132.50,1132.50,1132.30,1132.40,7785
1788333600000000000,1132.50,1133.20,1132.40,1132.60,15090
1788333660000000000,1132.90,1132.90,1132.60,1132.80,11303
1788333720000000000,1133.00,1133.10,1132.80,1133.10,10377
1788333780000000000,1133.10,1133.20,1133.00,1133.00,9575
1788333840000000000,1133.10,1133.10,1133.00,1133.00,7943
1788333900000000000,1133.10,1133.20,1133.00,1133.00,8069
1788333960000000000,1133.10,1133.20,1133.00,1133.10,14372
1788334020000000000,1133.10,1134.00,1133.00,1133.60,11375
1788334080000000000,1133.80,1133.80,1133.70,1133.70,6520
1788334140000000000,1133.80,1133.90,1133.70,1133.80,10351
1788334200000000000,1133.90,1134.00,1133.50,1133.60,11785
1788334260000000000,1133.60,1133.90,1133.60,1133.60,8191
1788334320000000000,1133.70,1133.70,1133.60,1133.60,9494
1788334380000000000,1133.70,1133.80,1133.60,1133.80,9588
1788334440000000000,1133.80,1133.80,1133.70,1133.70,7995
1788334500000000000,1133.80,1134.60,1133.70,1134.10,12432
1788334560000000000,1134.10,1134.40,1133.40,1133.50,8826
1788334620000000000,1133.50,1134.10,1133.40,1133.40,14577
1788334680000000000,1133.60,1134.80,1133.40,1134.20,16617
1788334740000000000,1134.20,1134.30,1133.50,1133.50,6247
1788334800000000000,1133.60,1133.80,1133.50,1133.70,11120
1788334860000000000,1133.70,1134.10,1133.60,1133.70,9830
1788334920000000000,1133.80,1134.10,1133.70,1133.80,5930
1788334980000000000,1133.90,1133.90,1133.60,1133.60,8643
1788335040000000000,1133.70,1133.70,1133.50,1133.60,8573
1788335100000000000,1133.60,1133.60,1133.50,1133.50,12496
1788335160000000000,1133.60,1133.90,1133.00,1133.80,15442
1788335220000000000,1133.80,1133.80,1133.20,1133.30,8082
1788335280000000000,1133.70,1133.70,1133.20,1133.40,5724
1788335340000000000,1133.50,1133.50,1133.00,1133.10,7462
1788335400000000000,1133.10,1133.10,1132.90,1132.90,10991
1788335460000000000,1133.00,1134.50,1132.90,1134.20,33776
1788335520000000000,1134.30,1134.40,1134.30,1134.30,6843
1788335580000000000,1134.30,1134.50,1134.00,1134.10,5717
1788335640000000000,1134.40,1134.40,1133.70,1134.00,9336
1788335700000000000,1134.00,1134.50,1133.90,1134.20,7383
1788335760000000000,1134.20,1134.30,1134.10,1134.10,6188
1788335820000000000,1134.20,1134.40,1134.00,1134.20,14828
1788335880000000000,1134.20,1134.20,1133.60,1133.60,12452
1788335940000000000,1133.70,1133.70,1133.40,1133.50,24310
1788336000000000000,1133.50,1134.70,1133.30,1133.90,39794
1788336060000000000,1133.90,1134.00,1133.70,1133.90,7346
1788336120000000000,1133.90,1134.00,1133.80,1133.90,24304
1788336180000000000,1134.20,1134.20,1133.10,1133.20,11584
1788336240000000000,1133.40,1133.60,1133.20,1133.60,10789
1788336300000000000,1133.60,1134.00,1133.40,1133.80,8904
1788336360000000000,1134.00,1134.20,1133.50,1133.70,9977
1788336420000000000,1133.70,1133.70,1133.10,1133.10,8087
1788336480000000000,1133.30,1133.30,1133.10,1133.10,5943
1788336540000000000,1133.20,1133.20,1132.60,1132.60,7886
1788336600000000000,1132.70,1132.70,1131.20,1132.00,40297
1788336660000000000,1131.90,1132.10,1131.80,1132.00,8727
1788336720000000000,1132.10,1132.20,1132.00,1132.20,5870
1788336780000000000,1132.20,1132.60,1132.10,1132.50,15584
1788336840000000000,1132.60,1132.60,1132.10,1132.10,29288
1788336900000000000,1132.20,1132.50,1132.00,1132.30,22843
1788336960000000000,1132.30,1132.50,1131.70,1131.70,14503
1788337020000000000,1131.80,1132.30,1131.60,1132.20,20396
1788337080000000000,1132.20,1132.30,1131.80,1131.80,4125
1788337140000000000,1131.90,1131.90,1131.20,1131.40,5133
1788337200000000000,1131.40,1131.40,1131.00,1131.10,7475
1788337260000000000,1131.20,1131.20,1130.30,1130.40,16842
1788337320000000000,1130.40,1130.40,1130.00,1130.20,71738
1788337380000000000,1130.30,1130.30,1130.20,1130.20,7006
1788337440000000000,1130.30,1130.80,1130.10,1130.70,27883
1788337500000000000,1130.70,1131.20,1130.60,1131.20,34188
1788337560000000000,1131.20,1132.50,1131.10,1132.40,12229
1788337620000000000,1132.40,1132.40,1132.10,1132.10,6068
1788337680000000000,1132.20,1132.90,1132.00,1132.90,19402
1788337740000000000,1133.00,1133.30,1132.90,1133.10,6487
1788337800000000000,1133.20,1133.20,1133.10,1133.20,6616
1788337860000000000,1133.20,1134.00,1133.10,1133.90,15821
1788337920000000000,1134.00,1134.50,1133.80,1134.00,15579
1788337980000000000,1133.90,1134.00,1133.60,1133.80,8044
1788338040000000000,1133.80,1133.80,1133.40,1133.40,6656
1788338100000000000,1133.50,1133.50,1133.40,1133.40,4275
1788338160000000000,1133.50,1133.50,1133.40,1133.40,6816
1788338220000000000,1133.50,1134.30,1133.40,1133.90,28962
1788338280000000000,1134.30,1134.40,1133.70,1133.70,8113
1788338340000000000,1133.80,1133.90,1133.70,1133.80,6489
1788338400000000000,1133.90,1133.90,1133.80,1133.90,5760
1788338460000000000,1133.90,1133.90,1133.30,1133.30,14010
1788338520000000000,1133.40,1133.40,1133.30,1133.40,3656
1788338580000000000,1133.40,1133.40,1133.10,1133.20,5608
1788338640000000000,1133.30,1133.30,1133.20,1133.30,9269
1788338700000000000,1133.30,1133.30,1133.00,1133.00,8229
1788338760000000000,1133.10,1133.10,1133.00,1133.00,10320
1788338820000000000,1133.10,1133.10,1132.80,1132.80,10147
1788338880000000000,1132.90,1132.90,1132.50,1132.70,8793
1788338940000000000,1132.80,1132.80,1132.70,1132.70,7557
1788339000000000000,1132.80,1132.80,1132.50,1132.60,8074
1788339060000000000,1132.70,1132.70,1132.50,1132.60,10648
1788339120000000000,1132.70,1132.80,1132.50,1132.50,35124
1788339180000000000,1132.50,1132.50,1132.00,1132.10,13752
1788339240000000000,1132.20,1132.20,1131.00,1131.40,25117
1788339300000000000,1131.40,1131.60,1131.30,1131.40,8420
1788339360000000000,1131.50,1131.70,1131.20,1131.50,23209
1788339420000000000,1131.60,1132.50,1131.50,1132.30,9894
1788339480000000000,1132.40,1133.80,1132.30,1133.50,21309
1788339540000000000,1133.50,1133.90,1133.20,1133.50,13131
1788339600000000000,1133.50,1134.00,1133.40,1133.50,14867
1788339660000000000,1133.60,1134.00,1133.50,1133.60,12917
1788339720000000000,1133.70,1134.00,1133.60,1133.90,13271
1788339780000000000,1133.90,1134.10,1133.50,1134.00,16102
1788339840000000000,1134.10,1134.30,1133.60,1133.90,19365
1788339900000000000,1134.00,1134.70,1133.90,1134.70,21112
1788339960000000000,1134.70,1134.80,1134.30,1134.50,33766
1788340020000000000,1134.50,1134.70,1134.20,1134.50,17034
1788340080000000000,1134.60,1134.60,1134.00,1134.20,18470
1788340140000000000,1134.30,1134.80,1134.20,1134.80,16114
1788340200000000000,1134.70,1135.20,1134.70,1135.20,35139
1788340260000000000,1135.20,1135.20,1134.40,1134.40,50023
1788340320000000000,1134.50,1134.50,1133.90,1133.90,15651
1788340380000000000,1134.00,1134.00,1133.60,1133.60,12529
1788340440000000000,1133.70,1133.70,1132.50,1132.60,24301
1788340500000000000,1132.70,1132.80,1131.50,1131.60,25691
1788340560000000000,1131.70,1132.30,1131.40,1132.30,37243
1788340620000000000,1132.40,1133.00,1131.80,1131.80,23570
1788340680000000000,1131.90,1131.90,1131.10,1131.80,25918
1788340740000000000,1131.80,1131.80,1131.10,1131.30,21279
1788340800000000000,1131.20,1131.50,1129.80,1130.40,128750
1788340860000000000,1130.60,1131.40,1130.50,1130.90,31495
1788340920000000000,1130.90,1131.90,1130.60,1131.20,46204
1788340980000000000,1131.20,1131.20,1130.80,1131.00,25084
1788341040000000000,1131.10,1131.40,1130.70,1131.20,44834
1788341100000000000,1131.40,1131.40,1130.20,1131.00,39395
1788341160000000000,1131.10,1131.20,1131.00,1131.10,17492
1788341220000000000,1131.10,1131.30,1130.70,1131.00,30850
1788341280000000000,1131.10,1131.40,1131.00,1131.10,25888
1788341340000000000,1131.20,1132.00,1130.70,1131.60,68764
1788341400000000000,1131.50,1131.70,1130.10,1130.60,52324
1788341460000000000,1130.60,1130.90,1130.40,1130.90,33194
1788341520000000000,1130.90,1130.90,1130.00,1130.20,39111
1788341580000000000,1130.30,1130.30,1129.40,1129.60,38455
1788341640000000000,1129.70,1129.70,1129.30,1129.50,42805
1788341700000000000,1129.50,1130.00,1128.70,1129.80,89793
1788341760000000000,1129.80,1129.80,1129.30,1129.50,38013
1788341820000000000,1129.40,1129.60,1129.00,1129.50,57102
1788341880000000000,1129.50,1129.50,1129.30,1129.50,29989
1788341940000000000,1129.50,1129.90,1129.30,1129.80,32913
1788342000000000000,1129.70,1132.40,1129.50,1132.40,78300
1788342060000000000,1132.40,1133.80,1132.30,1133.10,38722
1788342120000000000,1133.20,1135.00,1133.10,1134.80,74736
1788342180000000000,1134.70,1135.00,1133.80,1134.60,48760
1788342240000000000,1134.60,1134.80,1132.80,1134.50,36243
1788342300000000000,1134.50,1134.50,1134.50,1134.50,0
1788342360000000000,1134.50,1134.50,1134.50,1134.50,0
1788342420000000000,1134.50,1134.50,1134.50,1134.50,0
1788342480000000000,1134.50,1134.50,1134.50,1134.50,0
1788342540000000000,1134.50,1134.50,1134.50,1134.50,0
1788342600000000000,1134.50,1134.50,1134.50,1134.50,0
1788342660000000000,1134.50,1134.50,1134.50,1134.50,0
1788342720000000000,1134.50,1134.50,1134.50,1134.50,0
1788342780000000000,1134.50,1134.50,1134.50,1134.50,0
1788342840000000000,1134.50,1134.50,1134.50,1134.50,0
1788342900000000000,1134.50,1134.50,1134.50,1134.50,0
1788342960000000000,1134.50,1134.50,1134.50,1134.50,0
1788343020000000000,1134.50,1134.50,1134.50,1134.50,0
1788343080000000000,1134.50,1134.50,1134.50,1134.50,0
1788343140000000000,1140.00,1140.00,1140.00,1140.00,340436
1788407100000000000,1144.00,1144.00,1132.00,1134.70,170556
1788407160000000000,1134.30,1135.00,1130.70,1131.00,54165
1788407220000000000,1131.20,1132.10,1128.90,1132.10,45292
1788407280000000000,1132.60,1134.80,1132.10,1133.20,30044
1788407340000000000,1133.60,1133.70,1132.00,1132.50,21872
1788407400000000000,1132.90,1133.50,1131.80,1133.50,12832
1788407460000000000,1133.60,1134.20,1133.50,1134.00,10956
1788407520000000000,1134.00,1134.00,1133.30,1133.60,6141
1788407580000000000,1133.40,1133.40,1128.50,1128.50,42046
1788407640000000000,1128.70,1129.20,1125.20,1125.80,53795
1788407700000000000,1125.80,1126.10,1122.60,1124.20,66651
1788407760000000000,1124.20,1124.90,1122.50,1124.20,51315
1788407820000000000,1124.10,1126.20,1124.10,1125.70,19462
1788407880000000000,1126.00,1127.00,1125.70,1127.00,10252
1788407940000000000,1126.90,1128.50,1126.80,1128.50,12843
1788408000000000000,1128.50,1128.80,1127.50,1128.20,36250
1788408060000000000,1128.80,1129.00,1127.60,1127.60,10731
1788408120000000000,1128.20,1128.40,1127.90,1128.20,11988
1788408180000000000,1128.20,1128.60,1127.70,1127.80,11913
1788408240000000000,1127.70,1127.80,1127.20,1127.30,11482
1788408300000000000,1127.30,1128.10,1127.30,1128.10,5191
1788408360000000000,1128.30,1128.50,1128.00,1128.20,12583
1788408420000000000,1128.10,1128.30,1127.60,1128.00,8724
1788408480000000000,1128.30,1128.30,1127.00,1127.00,15252
1788408540000000000,1127.30,1128.00,1127.30,1127.70,7955
1788408600000000000,1128.00,1128.40,1127.50,1128.00,7175
1788408660000000000,1128.10,1128.10,1127.00,1127.40,7691
1788408720000000000,1127.20,1127.90,1126.70,1126.70,9787
1788408780000000000,1126.80,1127.90,1126.80,1127.90,9822
1788408840000000000,1128.00,1128.30,1127.00,1127.20,11417
1788408900000000000,1127.20,1127.30,1127.00,1127.00,5474
1788408960000000000,1127.00,1127.60,1127.00,1127.10,8340
1788409020000000000,1126.80,1127.00,1126.50,1127.00,14737
1788409080000000000,1126.90,1127.50,1126.90,1126.90,10543
1788409140000000000,1126.90,1127.70,1126.80,1127.60,5573
1788409200000000000,1127.20,1127.40,1126.90,1126.90,46631
1788409260000000000,1127.00,1127.10,1126.70,1126.90,6030
1788409320000000000,1126.90,1127.40,1126.80,1126.80,13442
1788409380000000000,1126.90,1127.40,1126.80,1127.30,29475
1788409440000000000,1127.40,1127.40,1126.60,1127.10,15583
1788409500000000000,1127.00,1127.60,1127.00,1127.60,8356
1788409560000000000,1127.60,1127.60,1127.00,1127.20,14627
1788409620000000000,1127.30,1128.50,1127.20,1128.50,16129
1788409680000000000,1128.80,1128.80,1128.00,1128.20,19731
1788409740000000000,1128.50,1129.20,1127.70,1127.70,16989
1788409800000000000,1127.70,1128.00,1125.80,1126.90,25957
1788409860000000000,1126.90,1126.90,1125.90,1125.90,11631
1788409920000000000,1125.60,1126.80,1125.60,1126.70,9342
1788409980000000000,1126.70,1126.70,1126.00,1126.30,11697
1788410040000000000,1126.60,1126.60,1125.40,1125.50,14716
1788410100000000000,1125.50,1126.40,1125.20,1125.90,13606
1788410160000000000,1125.90,1126.10,1125.40,1125.60,11998
1788410220000000000,1125.50,1126.50,1124.60,1126.30,28243
1788410280000000000,1126.30,1126.80,1126.10,1126.80,2790
1788410340000000000,1127.00,1127.10,1126.80,1127.00,4853
1788410400000000000,1126.80,1127.20,1126.60,1126.70,3403
1788410460000000000,1127.10,1127.80,1127.10,1127.60,3100
1788410520000000000,1127.80,1128.00,1127.50,1128.00,6156
1788410580000000000,1127.80,1127.80,1126.70,1127.00,4881
1788410640000000000,1127.20,1127.50,1126.70,1127.50,4048
1788410700000000000,1127.00,1127.50,1127.00,1127.40,7590
1788410760000000000,1127.40,1127.90,1127.10,1127.90,5460
1788410820000000000,1127.70,1128.00,1127.00,1127.00,4668
1788410880000000000,1127.30,1127.80,1127.30,1127.60,3372
1788410940000000000,1127.80,1127.90,1127.60,1127.60,4607
1788411000000000000,1127.60,1128.40,1127.60,1128.30,8149
1788411060000000000,1128.30,1128.90,1128.30,1128.30,6576
1788411120000000000,1128.20,1128.60,1127.90,1128.30,5074
1788411180000000000,1128.20,1128.30,1127.50,1127.90,3499
1788411240000000000,1127.90,1128.40,1127.80,1128.10,4332
1788411300000000000,1128.10,1128.40,1128.10,1128.20,3707
1788411360000000000,1128.40,1128.50,1128.00,1128.10,5769
1788411420000000000,1128.00,1128.50,1128.00,1128.50,4146
1788411480000000000,1128.50,1128.90,1128.50,1128.70,3838
1788411540000000000,1128.80,1128.80,1128.10,1128.20,7658
1788411600000000000,1128.30,1128.50,1128.00,1128.50,6023
1788411660000000000,1128.20,1128.50,1128.00,1128.50,5600
1788411720000000000,1128.50,1128.50,1128.20,1128.50,3956
1788411780000000000,1128.40,1130.60,1128.20,1130.60,19277
1788411840000000000,1130.50,1131.00,1130.10,1130.10,13055
1788411900000000000,1130.10,1130.40,1129.60,1129.90,5935
1788411960000000000,1129.90,1130.40,1129.60,1129.60,4959
1788412020000000000,1129.80,1130.00,1129.00,1129.90,11832
1788412080000000000,1129.90,1130.50,1129.90,1130.40,8890
1788412140000000000,1130.40,1130.40,1130.00,1130.10,4644
1788412200000000000,1130.40,1130.40,1129.90,1130.00,6345
1788412260000000000,1130.10,1130.20,1129.70,1129.80,4785
1788412320000000000,1130.30,1130.60,1129.80,1130.00,12793
1788412380000000000,1129.90,1130.30,1129.50,1130.00,4979
1788412440000000000,1129.90,1130.00,1129.50,1129.90,5108
1788412500000000000,1130.00,1130.00,1129.00,1129.10,6705
1788412560000000000,1129.20,1129.40,1129.00,1129.00,4817
1788412620000000000,1129.20,1129.40,1129.00,1129.40,3014
1788412680000000000,1129.50,1129.80,1128.80,1128.80,11850
1788412740000000000,1128.70,1128.90,1128.40,1128.60,3887
1788412800000000000,1128.70,1128.70,1128.30,1128.30,4597
1788412860000000000,1128.30,1128.30,1127.10,1127.60,17921
1788412920000000000,1127.60,1127.70,1127.10,1127.50,8047
1788412980000000000,1127.60,1127.60,1127.00,1127.10,7337
1788413040000000000,1127.10,1127.50,1126.80,1126.80,11959
1788413100000000000,1127.00,1127.00,1126.30,1126.80,6416
1788413160000000000,1126.70,1127.50,1126.70,1127.50,5244
1788413220000000000,1128.00,1128.00,1127.20,1127.60,5760
1788413280000000000,1127.70,1128.00,1127.70,1127.70,3465
1788413340000000000,1127.80,1128.50,1127.70,1128.20,7985
1788413400000000000,1128.30,1128.40,1127.60,1127.90,7587
1788413460000000000,1128.10,1128.80,1128.10,1128.70,3944
1788413520000000000,1128.80,1129.00,1128.30,1129.00,3931
1788413580000000000,1129.10,1129.30,1128.60,1128.80,4242
1788413640000000000,1128.80,1129.20,1128.00,1128.20,5797
1788413700000000000,1128.30,1128.50,1127.60,1127.90,6985
1788413760000000000,1128.10,1128.40,1127.90,1128.30,4614
1788413820000000000,1128.30,1129.00,1128.30,1128.90,6271
1788413880000000000,1128.90,1129.00,1128.40,1128.40,4975
1788413940000000000,1128.40,1129.40,1128.40,1128.60,9541
1788414000000000000,1128.90,1129.10,1128.40,1128.50,5699
1788414060000000000,1128.50,1129.20,1127.60,1127.90,25167
1788414120000000000,1127.80,1128.20,1127.50,1127.80,3252
1788414180000000000,1127.90,1128.00,1127.30,1127.50,4094
1788414240000000000,1127.50,1127.90,1126.00,1126.70,23065
1788414300000000000,1126.90,1127.40,1125.70,1126.30,12986
1788414360000000000,1126.60,1127.10,1126.20,1126.60,4311
1788414420000000000,1126.60,1128.00,1126.60,1127.90,4780
1788414480000000000,1127.90,1128.40,1127.50,1128.10,3411
1788414540000000000,1128.20,1128.80,1127.80,1128.50,5933
1788414600000000000,1128.50,1128.50,1128.10,1128.30,2324
1788414660000000000,1128.10,1128.50,1128.10,1128.30,4369
1788414720000000000,1128.30,1129.60,1128.30,1129.50,7809
1788414780000000000,1129.10,1129.50,1128.90,1129.10,7461
1788414840000000000,1129.40,1129.40,1128.50,1129.20,20732
1788414900000000000,1129.10,1129.50,1128.70,1129.20,7917
1788414960000000000,1129.20,1129.50,1129.20,1129.40,4443
1788415020000000000,1129.60,1129.90,1129.60,1129.80,4804
1788415080000000000,1129.70,1129.80,1129.50,1129.70,13377
1788415140000000000,1129.60,1129.80,1129.50,1129.80,12801
1788415200000000000,1129.80,1130.90,1129.50,1130.80,38090
1788415260000000000,1130.90,1130.90,1130.00,1130.30,27594
1788415320000000000,1130.20,1131.20,1129.60,1131.20,33240
1788415380000000000,1130.80,1131.30,1130.60,1131.20,14081
1788415440000000000,1131.30,1131.80,1131.20,1131.60,11297
1788415500000000000,1131.60,1131.80,1131.20,1131.80,5782
1788415560000000000,1131.70,1131.80,1131.10,1131.60,4717
1788415620000000000,1131.60,1131.70,1131.00,1131.40,5205
1788415680000000000,1131.50,1131.50,1130.70,1131.30,6235
1788415740000000000,1131.30,1131.30,1130.80,1130.80,4384
1788415800000000000,1131.00,1131.70,1130.50,1131.20,26781
1788415860000000000,1131.20,1131.20,1130.10,1130.70,15642
1788415920000000000,1130.70,1131.50,1130.50,1131.20,6465
1788415980000000000,1131.30,1131.50,1130.10,1130.60,6590
1788416040000000000,1130.90,1131.70,1130.60,1131.50,8949
1788416100000000000,1131.60,1131.90,1131.40,1131.90,4787
1788416160000000000,1131.60,1131.60,1130.90,1130.90,8447
1788416220000000000,1131.00,1131.00,1130.50,1130.50,10613
1788416280000000000,1130.60,1131.20,1130.40,1131.20,5444
1788416340000000000,1131.10,1131.40,1131.00,1131.20,10395
1788416400000000000,1131.30,1131.70,1131.30,1131.60,72869
1788416460000000000,1131.70,1132.40,1131.70,1132.40,9286
1788416520000000000,1132.40,1132.40,1131.70,1132.20,7976
1788416580000000000,1132.10,1132.60,1132.10,1132.50,3354
1788416640000000000,1132.40,1132.60,1132.20,1132.40,3703
1788416700000000000,1132.30,1132.40,1132.10,1132.20,3012
1788416760000000000,1132.20,1132.90,1132.20,1132.90,5402
1788416820000000000,1132.90,1132.90,1132.10,1132.10,4049
1788416880000000000,1132.10,1132.20,1132.00,1132.10,7355
1788416940000000000,1132.00,1132.10,1132.00,1132.10,2736
1788417000000000000,1132.10,1132.60,1131.30,1132.60,63425
1788417060000000000,1132.00,1132.50,1131.80,1132.40,29161
1788417120000000000,1132.40,1132.80,1132.10,1132.10,5637
1788417180000000000,1132.20,1133.90,1131.40,1133.40,28388
1788417240000000000,1133.50,1133.80,1132.00,1132.80,151631
1788417300000000000,1133.00,1133.30,1131.30,1131.60,76645
1788417360000000000,1131.80,1131.90,1131.00,1131.60,74914
1788417420000000000,1131.50,1131.90,1131.30,1131.80,6954
1788417480000000000,1132.00,1132.00,1131.80,1132.00,8622
1788417540000000000,1132.30,1132.30,1131.00,1131.10,38882
1788417600000000000,1131.10,1131.40,1131.00,1131.00,3910
1788417660000000000,1131.10,1131.10,1129.00,1129.60,45470
1788417720000000000,1129.50,1130.30,1129.50,1130.10,10105
1788417780000000000,1130.10,1130.10,1129.00,1129.40,27001
1788417840000000000,1129.40,1129.80,1129.20,1129.50,15411
1788417900000000000,1129.50,1129.50,1129.10,1129.10,12446
1788417960000000000,1129.00,1129.10,1128.40,1129.10,16267
1788418020000000000,1129.20,1129.20,1128.50,1128.60,12144
1788418080000000000,1128.60,1128.60,1128.30,1128.60,16654
1788418140000000000,1128.50,1129.00,1128.50,1128.90,7425
1788418200000000000,1128.80,1128.90,1128.50,1128.90,5452
1788418260000000000,1129.50,1129.50,1129.10,1129.50,3346
1788418320000000000,1129.70,1129.70,1129.00,1129.20,6779
1788418380000000000,1129.00,1129.40,1129.00,1129.00,6958
1788418440000000000,1129.10,1129.80,1129.10,1129.70,14539
1788418500000000000,1129.80,1129.90,1129.50,1129.90,6428
1788418560000000000,1130.60,1130.60,1130.00,1130.30,5071
1788418620000000000,1130.30,1130.80,1129.50,1130.50,5962
1788418680000000000,1130.50,1130.70,1130.00,1130.20,6206
1788418740000000000,1130.40,1130.40,1130.00,1130.00,4575
1788418800000000000,1130.10,1130.30,1130.00,1130.30,4134
1788418860000000000,1130.00,1130.40,1130.00,1130.30,2910
1788418920000000000,1130.70,1130.90,1130.10,1130.10,5837
1788418980000000000,1130.00,1130.40,1130.00,1130.00,6437
1788419040000000000,1130.00,1130.40,1130.00,1130.10,3657
1788419100000000000,1130.40,1130.40,1129.50,1129.60,39914
1788419160000000000,1129.70,1129.80,1129.50,1129.60,6407
1788419220000000000,1129.80,1130.10,1129.40,1129.90,15139
1788419280000000000,1130.00,1130.70,1130.00,1130.50,4934
1788419340000000000,1130.50,1130.90,1130.50,1130.90,7493
1788419400000000000,1130.60,1131.00,1130.50,1130.70,6085
1788419460000000000,1130.80,1131.00,1130.10,1130.10,20257
1788419520000000000,1130.20,1130.40,1129.80,1130.00,39309
1788419580000000000,1130.00,1131.00,1130.00,1130.80,9873
1788419640000000000,1130.80,1131.00,1130.60,1131.00,3849
1788419700000000000,1130.80,1131.30,1130.80,1131.00,3066
1788419760000000000,1131.10,1131.60,1131.10,1131.50,4727
1788419820000000000,1131.50,1131.80,1131.50,1131.50,6899
1788419880000000000,1131.10,1131.40,1131.00,1131.20,8717
1788419940000000000,1131.10,1131.50,1131.00,1131.10,2598
1788420000000000000,1131.50,1131.70,1131.00,1131.70,4911
1788420060000000000,1131.20,1131.80,1131.20,1131.50,2555
1788420120000000000,1131.50,1132.50,1131.50,1132.50,10854
1788420180000000000,1132.50,1133.00,1131.60,1131.90,168396
1788420240000000000,1131.90,1132.60,1131.90,1132.00,3615
1788420300000000000,1132.00,1132.30,1131.10,1131.60,124024
1788420360000000000,1131.80,1131.90,1130.90,1131.70,59105
1788420420000000000,1131.70,1132.40,1131.60,1132.00,22476
1788420480000000000,1132.10,1132.40,1131.60,1132.10,5848
1788420540000000000,1132.20,1132.20,1132.00,1132.00,2303
1788420600000000000,1132.00,1132.10,1131.50,1131.50,4280
1788420660000000000,1131.50,1131.70,1131.00,1131.50,6490
1788420720000000000,1131.60,1131.90,1131.50,1131.50,3307
1788420780000000000,1131.60,1132.00,1131.60,1132.00,6725
1788420840000000000,1131.90,1132.00,1131.90,1132.00,3068
1788420900000000000,1132.00,1132.10,1131.60,1132.00,4757
1788420960000000000,1132.20,1132.30,1132.00,1132.10,1958
1788421020000000000,1132.30,1132.30,1131.90,1131.90,25137
1788421080000000000,1131.90,1132.30,1131.90,1132.30,4509
1788421140000000000,1132.10,1132.30,1131.90,1132.20,6042
1788421200000000000,1132.20,1132.20,1132.10,1132.10,1602
1788421260000000000,1132.20,1132.40,1132.10,1132.30,1429
1788421320000000000,1132.50,1133.10,1132.50,1133.10,25408
1788421380000000000,1132.80,1132.90,1132.00,1132.10,12946
1788421440000000000,1132.10,1132.30,1132.10,1132.10,1599
1788421500000000000,1132.10,1132.40,1132.00,1132.10,4057
1788421560000000000,1132.40,1132.40,1131.70,1132.10,5409
1788421620000000000,1132.10,1132.50,1132.10,1132.50,2115
1788421680000000000,1132.30,1132.80,1132.10,1132.20,5619
1788421740000000000,1132.10,1132.30,1131.10,1131.60,178548
1788421800000000000,1131.70,1131.80,1130.60,1130.70,27545
1788421860000000000,1130.70,1131.60,1130.70,1131.20,13650
1788421920000000000,1131.20,1131.60,1131.10,1131.60,2216
1788421980000000000,1131.50,1131.60,1131.00,1131.30,4987
1788422040000000000,1131.10,1131.40,1130.90,1131.20,4781
1788422100000000000,1131.20,1131.40,1131.00,1131.30,3868
1788422160000000000,1131.30,1131.50,1131.30,1131.40,2581
1788422220000000000,1131.40,1131.50,1131.20,1131.50,1843
1788422280000000000,1131.20,1131.50,1131.20,1131.30,1752
1788422340000000000,1131.40,1131.60,1131.40,1131.50,2982
1788422400000000000,1131.90,1132.00,1131.60,1131.90,5658
1788422460000000000,1131.90,1132.00,1131.00,1131.60,48272
1788422520000000000,1131.60,1131.60,1131.00,1131.50,6520
1788422580000000000,1131.50,1131.70,1131.40,1131.70,5113
1788422640000000000,1131.70,1131.80,1130.70,1130.90,72401
1788422700000000000,1131.30,1131.90,1131.30,1131.70,4330
1788422760000000000,1131.70,1132.00,1131.50,1131.80,29232
1788422820000000000,1131.20,1131.70,1131.20,1131.30,10799
1788422880000000000,1131.30,1131.70,1131.30,1131.40,5612
1788422940000000000,1131.60,1131.80,1131.00,1131.00,9908
1788423000000000000,1131.10,1131.30,1131.00,1131.30,12940
1788423060000000000,1131.40,1131.60,1131.00,1131.00,11739
1788423120000000000,1131.20,1131.40,1130.50,1130.50,18039
1788423180000000000,1130.70,1130.90,1130.50,1130.60,11961
1788423240000000000,1130.50,1130.60,1130.10,1130.40,23382
1788423300000000000,1130.50,1130.50,1130.00,1130.00,3426
1788423360000000000,1130.20,1130.40,1130.10,1130.40,2314
1788423420000000000,1130.50,1130.50,1130.00,1130.00,11211
1788423480000000000,1130.20,1130.40,1130.00,1130.20,8160
1788423540000000000,1130.30,1130.50,1130.00,1130.30,4001
1788423600000000000,1130.40,1130.60,1130.10,1130.60,21526
1788423660000000000,1130.60,1130.80,1130.10,1130.60,3307
1788423720000000000,1130.70,1130.90,1130.00,1130.10,18000
1788423780000000000,1130.10,1130.30,1130.00,1130.20,6314
1788423840000000000,1130.30,1130.50,1130.00,1130.10,3813
1788423900000000000,1130.10,1130.30,1130.00,1130.00,6445
1788423960000000000,1130.30,1130.50,1130.20,1130.30,2621
1788424020000000000,1130.40,1130.80,1130.40,1130.60,11627
1788424080000000000,1130.60,1130.80,1130.00,1130.00,14638
1788424140000000000,1130.10,1130.80,1130.00,1130.50,9973
1788424200000000000,1130.40,1130.80,1130.30,1130.70,6049
1788424260000000000,1130.50,1130.50,1130.30,1130.30,4964
1788424320000000000,1130.30,1130.30,1130.00,1130.00,21309
1788424380000000000,1130.20,1130.30,1130.00,1130.30,20846
1788424440000000000,1130.40,1130.40,1130.00,1130.20,6571
1788424500000000000,1130.50,1130.80,1130.40,1130.40,6521
1788424560000000000,1130.40,1130.70,1130.30,1130.40,4015
1788424620000000000,1130.70,1130.80,1130.20,1130.60,1917
1788424680000000000,1130.60,1130.80,1130.10,1130.80,43082
1788424740000000000,1130.70,1130.80,1130.50,1130.80,5177
1788424800000000000,1130.80,1131.00,1130.80,1130.90,1896
1788424860000000000,1131.00,1131.50,1131.00,1131.50,6111
1788424920000000000,1131.50,1132.00,1131.50,1132.00,2963
1788424980000000000,1132.00,1132.00,1131.90,1132.00,4308
1788425040000000000,1132.00,1132.00,1131.80,1132.00,4333
1788425100000000000,1132.00,1132.20,1131.50,1131.80,9654
1788425160000000000,1131.50,1131.90,1131.50,1131.90,2135
1788425220000000000,1131.80,1131.90,1131.50,1131.70,7737
1788425280000000000,1131.70,1132.00,1131.50,1131.50,4891
1788425340000000000,1131.60,1132.10,1131.50,1131.50,7522
1788425400000000000,1131.90,1132.40,1131.90,1132.40,5638
1788425460000000000,1132.40,1132.50,1132.00,1132.50,25984
1788425520000000000,1132.40,1132.50,1131.70,1132.00,30967
1788425580000000000,1132.10,1132.40,1132.00,1132.00,6732
1788425640000000000,1132.00,1132.90,1132.00,1132.90,13312
1788425700000000000,1132.90,1133.00,1132.50,1132.50,4902
1788425760000000000,1132.60,1132.80,1132.20,1132.80,3183
1788425820000000000,1132.80,1132.80,1132.30,1132.30,4698
1788425880000000000,1132.40,1132.80,1132.30,1132.70,2317
1788425940000000000,1132.70,1133.00,1132.00,1132.00,39342
1788426000000000000,1132.00,1132.40,1131.30,1131.30,27114
1788426060000000000,1131.10,1131.70,1131.00,1131.50,12669
1788426120000000000,1131.50,1132.00,1131.40,1131.90,11982
1788426180000000000,1131.90,1132.00,1131.70,1132.00,4755
1788426240000000000,1132.00,1132.00,1131.90,1132.00,4679
1788426300000000000,1131.90,1131.90,1131.50,1131.50,8744
1788426360000000000,1131.60,1132.00,1131.50,1131.90,2998
1788426420000000000,1131.90,1132.10,1131.50,1131.50,7771
1788426480000000000,1131.60,1131.80,1131.50,1131.80,7771
1788426540000000000,1131.80,1131.90,1131.60,1131.70,3293
1788426600000000000,1131.80,1131.80,1131.00,1131.20,9585
1788426660000000000,1131.40,1131.40,1131.00,1131.30,7649
1788426720000000000,1131.20,1131.70,1131.00,1131.60,7842
1788426780000000000,1131.50,1131.90,1131.00,1131.70,9125
1788426840000000000,1131.80,1131.90,1131.50,1131.70,2516
1788426900000000000,1131.70,1132.00,1131.70,1131.90,23319
1788426960000000000,1131.80,1131.80,1131.40,1131.50,19458
1788427020000000000,1131.50,1131.80,1131.50,1131.80,5835
1788427080000000000,1131.70,1132.00,1131.50,1131.60,4864
1788427140000000000,1131.90,1131.90,1131.50,1131.60,2672
1788427200000000000,1131.70,1132.10,1131.60,1131.70,26579
1788427260000000000,1131.80,1132.00,1131.40,1131.40,83709
1788427320000000000,1130.90,1131.60,1130.90,1131.50,47632
1788427380000000000,1131.40,1132.00,1131.20,1131.90,7759
1788427440000000000,1131.70,1131.90,1131.70,1131.90,10798
1788427500000000000,1131.60,1131.90,1131.30,1131.90,12503
1788427560000000000,1131.70,1131.80,1131.20,1131.70,23658
1788427620000000000,1131.50,1131.70,1131.00,1131.60,20535
1788427680000000000,1131.60,1132.00,1130.90,1131.80,31601
1788427740000000000,1131.90,1132.00,1131.50,1131.50,18008
1788427800000000000,1131.60,1131.90,1131.30,1131.90,26801
1788427860000000000,1131.60,1132.00,1131.60,1132.00,17571
1788427920000000000,1132.00,1132.00,1131.60,1132.00,24955
1788427980000000000,1131.80,1131.80,1130.50,1130.80,43235
1788428040000000000,1130.80,1131.10,1129.00,1129.00,15391
1788428100000000000,1129.10,1130.50,1129.00,1130.40,33706
1788428160000000000,1130.50,1130.80,1129.90,1130.20,33549
1788428220000000000,1130.10,1130.90,1130.10,1130.40,19394
1788428280000000000,1130.40,1130.60,1129.90,1130.00,28989
1788428340000000000,1130.00,1130.40,1129.50,1130.00,26769
1788428400000000000,1130.00,1131.60,1130.00,1131.30,28843
1788428460000000000,1131.30,1132.00,1131.30,1131.90,25763
1788428520000000000,1131.90,1132.00,1131.30,1131.80,52020
1788428580000000000,1131.90,1132.00,1130.70,1131.90,42796
1788428640000000000,1132.00,1132.50,1131.70,1132.50,83370
1788428700000000000,1132.50,1132.50,1132.50,1132.50,0
1788428760000000000,1132.50,1132.50,1132.50,1132.50,0
1788428820000000000,1132.50,1132.50,1132.50,1132.50,0
1788428880000000000,1132.50,1132.50,1132.50,1132.50,0
1788428940000000000,1132.50,1132.50,1132.50,1132.50,0
1788429000000000000,1132.50,1132.50,1132.50,1132.50,0
1788429060000000000,1132.50,1132.50,1132.50,1132.50,0
1788429120000000000,1132.50,1132.50,1132.50,1132.50,0
1788429180000000000,1132.50,1132.50,1132.50,1132.50,0
1788429240000000000,1132.50,1132.50,1132.50,1132.50,0
1788429300000000000,1132.50,1132.50,1132.50,1132.50,0
1788429360000000000,1132.50,1132.50,1132.50,1132.50,0
1788429420000000000,1132.50,1132.50,1132.50,1132.50,0
1788429480000000000,1130.30,1130.30,1130.30,1130.30,306526
1788429540000000000,1130.30,1130.30,1130.30,1130.30,0
1788493500000000000,1133.00,1142.60,1133.00,1140.50,166439
1788493560000000000,1140.70,1144.00,1140.70,1143.30,92961
1788493620000000000,1143.50,1146.70,1143.40,1145.40,74977
1788493680000000000,1145.10,1146.50,1143.40,1143.60,26538
1788493740000000000,1144.40,1145.00,1143.10,1143.50,17340
1788493800000000000,1143.00,1143.10,1142.50,1142.70,18647
1788493860000000000,1142.60,1142.60,1139.80,1139.80,24045
1788493920000000000,1139.00,1139.00,1136.80,1137.50,36768
1788493980000000000,1138.00,1139.30,1137.70,1139.00,11456
1788494040000000000,1139.30,1139.30,1138.70,1139.00,10147
1788494100000000000,1139.00,1139.10,1138.30,1138.30,11753
1788494160000000000,1138.60,1139.20,1138.60,1139.20,15590
1788494220000000000,1139.80,1141.10,1139.80,1141.10,19535
1788494280000000000,1141.60,1142.80,1141.60,1142.60,17371
1788494340000000000,1143.00,1144.00,1142.10,1142.10,23143
1788494400000000000,1142.30,1142.50,1140.90,1141.00,16983
1788494460000000000,1141.00,1141.00,1140.10,1140.30,11106
1788494520000000000,1140.20,1141.50,1140.20,1141.50,3744
1788494580000000000,1141.80,1142.00,1141.20,1141.20,12568
1788494640000000000,1141.50,1141.50,1140.70,1140.70,7740
1788494700000000000,1140.50,1140.50,1139.20,1139.20,12870
1788494760000000000,1139.00,1139.20,1138.80,1139.00,11143
1788494820000000000,1139.00,1139.00,1138.50,1138.60,8848
1788494880000000000,1139.00,1139.00,1137.70,1137.70,16952
1788494940000000000,1137.70,1138.00,1137.70,1138.00,8884
1788495000000000000,1139.50,1140.00,1139.50,1139.80,30704
1788495060000000000,1139.90,1140.20,1139.90,1140.00,14172
1788495120000000000,1139.90,1141.10,1139.90,1140.90,19892
1788495180000000000,1141.30,1141.50,1140.80,1140.80,9495
1788495240000000000,1141.30,1141.60,1141.20,1141.60,3663
1788495300000000000,1141.60,1141.60,1141.00,1141.00,4590
1788495360000000000,1141.00,1141.00,1140.30,1140.30,10946
1788495420000000000,1140.50,1140.50,1140.30,1140.40,7142
1788495480000000000,1140.40,1140.50,1139.20,1139.70,7882
1788495540000000000,1139.30,1139.60,1138.80,1138.80,7237
1788495600000000000,1138.50,1139.30,1138.50,1139.30,5212
1788495660000000000,1139.40,1139.50,1139.00,1139.00,5301
1788495720000000000,1139.00,1139.00,1138.50,1138.50,5660
1788495780000000000,1138.80,1138.80,1138.10,1138.40,11359
1788495840000000000,1138.70,1139.00,1138.60,1139.00,7536
1788495900000000000,1139.00,1139.40,1138.90,1139.20,5079
1788495960000000000,1139.40,1139.50,1139.20,1139.40,4735
1788496020000000000,1139.60,1139.60,1137.90,1137.90,10510
1788496080000000000,1137.90,1138.00,1137.70,1138.00,4857
1788496140000000000,1138.00,1138.00,1136.00,1136.30,21986
1788496200000000000,1136.30,1136.70,1136.00,1136.70,6256
1788496260000000000,1136.90,1137.20,1136.80,1136.80,10787
1788496320000000000,1137.30,1137.90,1137.20,1137.90,17784
1788496380000000000,1137.90,1138.80,1137.90,1138.20,10826
1788496440000000000,1138.30,1139.00,1137.50,1139.00,14546
1788496500000000000,1139.00,1139.10,1137.70,1138.30,16489
1788496560000000000,1138.40,1138.50,1136.80,1137.50,13704
1788496620000000000,1137.60,1137.70,1137.30,1137.40,6574
1788496680000000000,1137.90,1138.00,1137.70,1138.00,7141
1788496740000000000,1138.00,1138.00,1137.60,1137.70,11958
1788496800000000000,1138.10,1138.10,1136.70,1136.70,13266
1788496860000000000,1136.90,1137.10,1136.60,1136.60,8893
1788496920000000000,1137.10,1137.40,1136.10,1136.30,9251
1788496980000000000,1136.20,1136.40,1136.00,1136.30,19807
1788497040000000000,1136.10,1136.10,1135.60,1135.80,9979
1788497100000000000,1135.80,1136.00,1135.70,1136.00,9761
1788497160000000000,1135.60,1136.00,1135.60,1135.70,8674
1788497220000000000,1136.00,1136.00,1135.60,1135.60,11023
1788497280000000000,1135.60,1136.00,1135.20,1135.80,9514
1788497340000000000,1136.00,1136.00,1135.40,1135.40,11537
1788497400000000000,1135.70,1135.70,1135.40,1135.70,8363
1788497460000000000,1136.00,1136.00,1135.70,1136.00,10490
1788497520000000000,1135.90,1136.00,1135.90,1136.00,5534
1788497580000000000,1136.00,1136.00,1135.90,1135.90,7816
1788497640000000000,1135.90,1136.00,1135.50,1135.50,11567
1788497700000000000,1135.50,1135.80,1135.10,1135.50,10073
1788497760000000000,1135.50,1135.50,1135.10,1135.20,7661
1788497820000000000,1135.50,1136.00,1135.00,1136.00,11183
1788497880000000000,1136.00,1136.10,1135.70,1135.70,9419
1788497940000000000,1135.90,1136.00,1135.40,1135.80,8100
1788498000000000000,1135.80,1136.00,1135.50,1135.50,6315
1788498060000000000,1135.50,1135.50,1135.00,1135.30,14514
1788498120000000000,1135.30,1135.40,1135.30,1135.30,3863
1788498180000000000,1135.40,1135.50,1134.40,1134.40,18166
1788498240000000000,1134.60,1134.60,1133.30,1133.50,12299
1788498300000000000,1133.80,1133.80,1132.10,1132.10,20809
1788498360000000000,1132.10,1132.20,1131.20,1132.00,23825
1788498420000000000,1131.70,1132.00,1131.50,1131.70,7567
1788498480000000000,1131.70,1132.30,1131.70,1132.30,12070
1788498540000000000,1132.30,1132.40,1130.60,1130.70,24101
1788498600000000000,1131.00,1131.00,1130.60,1130.80,9740
1788498660000000000,1130.80,1130.80,1129.00,1130.00,42361
1788498720000000000,1130.00,1130.60,1128.90,1129.10,82670
1788498780000000000,1129.30,1130.00,1129.10,1130.00,12858
1788498840000000000,1129.90,1130.00,1129.90,1130.00,12312
1788498900000000000,1130.00,1130.00,1129.90,1130.00,15281
1788498960000000000,1129.90,1130.00,1129.40,1129.90,27177
1788499020000000000,1129.90,1130.00,1129.80,1130.00,6545
1788499080000000000,1130.00,1130.00,1129.90,1130.00,20467
1788499140000000000,1130.00,1130.00,1129.50,1129.60,13554
1788499200000000000,1129.60,1129.90,1129.60,1129.90,7298
1788499260000000000,1130.00,1130.00,1129.60,1129.60,22618
1788499320000000000,1129.70,1129.70,1129.10,1129.40,11663
1788499380000000000,1129.50,1129.70,1129.30,1129.50,9751
1788499440000000000,1129.50,1129.80,1129.50,1129.80,5753
1788499500000000000,1129.80,1129.90,1129.70,1129.70,8891
1788499560000000000,1129.70,1129.80,1129.30,1129.70,6893
1788499620000000000,1129.90,1129.90,1129.80,1129.80,4094
1788499680000000000,1129.80,1130.00,1129.80,1130.00,13380
1788499740000000000,1130.00,1130.00,1129.90,1130.00,42841
1788499800000000000,1130.00,1130.00,1129.60,1130.00,6204
1788499860000000000,1129.90,1129.90,1129.30,1129.50,11243
1788499920000000000,1129.50,1129.50,1128.30,1129.00,28336
1788499980000000000,1129.30,1129.50,1129.10,1129.50,12135
1788500040000000000,1129.50,1130.00,1129.40,1130.00,10717
1788500100000000000,1130.00,1131.90,1129.90,1131.90,57553
1788500160000000000,1131.90,1131.90,1131.10,1131.90,17746
1788500220000000000,1131.90,1132.20,1131.60,1131.90,12861
1788500280000000000,1131.90,1132.20,1131.70,1132.20,8292
1788500340000000000,1132.20,1132.20,1130.60,1130.80,12208
1788500400000000000,1130.80,1130.90,1130.50,1130.70,4371
1788500460000000000,1130.80,1130.90,1130.60,1130.60,7269
1788500520000000000,1130.70,1130.90,1130.60,1130.60,3032
1788500580000000000,1130.60,1130.90,1130.60,1130.70,18352
1788500640000000000,1130.60,1131.00,1130.60,1131.00,7489
1788500700000000000,1131.00,1131.00,1130.90,1130.90,6889
1788500760000000000,1130.80,1132.00,1130.80,1132.00,76309
1788500820000000000,1131.90,1132.20,1131.90,1132.20,11979
1788500880000000000,1132.20,1132.20,1131.80,1131.80,9152
1788500940000000000,1131.90,1132.00,1131.90,1132.00,5156
1788501000000000000,1132.00,1132.00,1131.60,1131.80,11015
1788501060000000000,1131.80,1132.00,1131.80,1131.90,7489
1788501120000000000,1131.20,1131.20,1130.80,1131.00,16975
1788501180000000000,1131.00,1131.00,1130.20,1130.50,14304
1788501240000000000,1130.50,1130.60,1130.20,1130.50,15176
1788501300000000000,1130.60,1130.60,1129.70,1130.30,30455
1788501360000000000,1130.30,1131.40,1130.10,1131.40,14259
1788501420000000000,1131.40,1131.60,1131.30,1131.60,100245
1788501480000000000,1131.60,1131.60,1131.20,1131.20,10125
1788501540000000000,1131.30,1131.80,1131.20,1131.80,4305
1788501600000000000,1131.70,1131.90,1131.30,1131.30,9648
1788501660000000000,1132.00,1132.90,1132.00,1132.40,170568
1788501720000000000,1132.50,1132.90,1132.30,1132.90,10455
1788501780000000000,1132.90,1132.90,1132.60,1132.60,5896
1788501840000000000,1132.70,1132.90,1132.60,1132.80,8090
1788501900000000000,1132.90,1133.00,1132.50,1132.50,11696
1788501960000000000,1132.70,1132.90,1132.40,1132.90,6018
1788502020000000000,1132.90,1132.90,1132.70,1132.70,9671
1788502080000000000,1132.70,1132.80,1131.90,1132.00,11548
1788502140000000000,1132.00,1132.00,1131.50,1131.90,5346
1788502200000000000,1131.90,1131.90,1131.70,1131.90,3258
1788502260000000000,1131.80,1132.00,1131.50,1132.00,22450
1788502320000000000,1132.00,1132.00,1131.90,1131.90,15727
1788502380000000000,1131.90,1132.00,1131.90,1132.00,11715
1788502440000000000,1132.00,1132.00,1131.90,1132.00,12981
1788502500000000000,1132.00,1132.60,1132.00,1132.60,44059
1788502560000000000,1132.50,1132.80,1132.50,1132.80,7805
1788502620000000000,1132.90,1132.90,1132.30,1132.90,23490
1788502680000000000,1132.90,1133.00,1131.20,1131.30,27357
1788502740000000000,1131.70,1132.40,1131.70,1132.20,11072
1788502800000000000,1132.40,1133.10,1132.20,1133.10,31418
1788502860000000000,1133.00,1133.20,1132.50,1132.80,19332
1788502920000000000,1132.80,1133.20,1132.80,1133.00,17415
1788502980000000000,1133.00,1133.00,1132.20,1132.70,11956
1788503040000000000,1132.70,1132.80,1132.00,1132.00,20125
1788503100000000000,1132.00,1132.70,1131.90,1131.90,11859
1788503160000000000,1132.10,1132.20,1131.40,1131.60,7505
1788503220000000000,1131.60,1132.50,1131.50,1132.20,12179
1788503280000000000,1132.00,1132.40,1131.90,1132.00,13310
1788503340000000000,1132.20,1132.80,1132.00,1132.20,9532
1788503400000000000,1132.60,1132.60,1132.00,1132.40,7567
1788503460000000000,1132.40,1132.70,1132.30,1132.50,7600
1788503520000000000,1132.60,1132.80,1132.40,1132.70,7688
1788503580000000000,1132.70,1132.80,1132.40,1132.40,12690
1788503640000000000,1132.30,1132.60,1132.10,1132.30,14647
1788503700000000000,1132.30,1132.50,1131.60,1132.00,10324
1788503760000000000,1132.00,1132.20,1131.70,1132.10,5713
1788503820000000000,1132.10,1132.10,1131.50,1131.90,7748
1788503880000000000,1132.00,1132.10,1131.90,1132.00,7773
1788503940000000000,1132.00,1132.20,1131.90,1132.20,9734
1788504000000000000,1132.00,1132.70,1131.70,1131.90,21170
1788504060000000000,1131.90,1132.80,1131.50,1132.60,10104
1788504120000000000,1132.90,1133.00,1132.60,1132.60,17808
1788504180000000000,1132.90,1133.40,1132.60,1133.40,12683
1788504240000000000,1133.20,1133.30,1132.90,1133.30,15137
1788504300000000000,1133.30,1133.30,1132.70,1133.00,17064
1788504360000000000,1133.20,1133.20,1132.70,1132.90,7218
1788504420000000000,1133.30,1133.40,1133.20,1133.30,8464
1788504480000000000,1133.30,1133.40,1133.10,1133.20,9224
1788504540000000000,1133.00,1133.00,1131.60,1131.80,26256
1788504600000000000,1132.00,1132.20,1131.90,1131.90,9135
1788504660000000000,1131.90,1132.30,1131.90,1132.30,6074
1788504720000000000,1132.40,1132.40,1132.00,1132.00,7656
1788504780000000000,1132.00,1132.00,1131.60,1132.00,5963
1788504840000000000,1131.90,1132.50,1131.90,1132.00,10262
1788504900000000000,1131.80,1132.10,1131.80,1132.00,4871
1788504960000000000,1132.10,1132.10,1131.70,1132.00,6171
1788505020000000000,1132.10,1132.10,1131.50,1131.90,5525
1788505080000000000,1132.00,1132.00,1131.60,1132.00,6362
1788505140000000000,1132.00,1132.00,1131.30,1131.30,7563
1788505200000000000,1131.30,1131.40,1131.00,1131.40,6819
1788505260000000000,1131.50,1131.70,1131.30,1131.70,5054
1788505320000000000,1131.30,1131.70,1131.00,1131.00,6512
1788505380000000000,1131.20,1131.40,1131.00,1131.00,6189
1788505440000000000,1131.00,1131.60,1131.00,1131.10,4727
1788505500000000000,1131.10,1131.70,1131.10,1131.70,9865
1788505560000000000,1131.70,1131.70,1131.00,1131.50,4143
1788505620000000000,1131.30,1131.50,1131.00,1131.50,4851
1788505680000000000,1131.40,1131.50,1131.00,1131.50,7590
1788505740000000000,1131.40,1131.70,1131.40,1131.70,3318
1788505800000000000,1131.70,1132.00,1131.60,1132.00,11549
1788505860000000000,1132.00,1132.00,1131.70,1132.00,5933
1788505920000000000,1132.00,1132.00,1131.80,1131.80,6273
1788505980000000000,1132.00,1132.00,1131.80,1131.80,5090
1788506040000000000,1131.50,1131.80,1131.50,1131.70,9207
1788506100000000000,1131.80,1131.80,1131.50,1131.60,6201
1788506160000000000,1131.80,1131.90,1131.60,1131.90,5083
1788506220000000000,1131.70,1131.90,1131.30,1131.80,8243
1788506280000000000,1131.90,1132.00,1131.70,1131.80,5278
1788506340000000000,1132.00,1132.00,1131.50,1131.90,7663
1788506400000000000,1132.00,1132.00,1131.80,1132.00,6292
1788506460000000000,1132.00,1132.10,1131.80,1131.90,7166
1788506520000000000,1132.10,1132.20,1131.70,1131.70,8886
1788506580000000000,1131.90,1132.00,1131.90,1132.00,4942
1788506640000000000,1131.90,1132.00,1131.50,1131.50,14689
1788506700000000000,1131.50,1131.80,1131.40,1131.70,5206
1788506760000000000,1131.70,1132.00,1131.70,1132.00,7223
1788506820000000000,1132.10,1132.10,1131.60,1131.90,4884
1788506880000000000,1131.60,1132.00,1131.60,1132.00,4417
1788506940000000000,1131.80,1132.20,1131.80,1132.00,6846
1788507000000000000,1132.20,1132.30,1132.00,1132.20,8685
1788507060000000000,1132.10,1132.30,1132.00,1132.00,10601
1788507120000000000,1132.10,1132.30,1132.00,1132.00,8614
1788507180000000000,1132.20,1132.30,1132.00,1132.00,9209
1788507240000000000,1132.10,1132.20,1131.50,1131.80,10526
1788507300000000000,1131.80,1131.90,1131.50,1131.90,3598
1788507360000000000,1131.90,1132.30,1131.90,1132.30,8404
1788507420000000000,1132.30,1132.30,1132.10,1132.10,9508
1788507480000000000,1132.20,1132.20,1131.60,1132.00,4972
1788507540000000000,1132.00,1132.00,1131.70,1132.00,5644
1788507600000000000,1132.10,1132.30,1132.00,1132.00,7390
1788507660000000000,1131.50,1131.90,1131.50,1131.50,14095
1788507720000000000,1131.80,1131.80,1131.20,1131.20,8370
1788507780000000000,1131.60,1131.70,1131.00,1131.20,42263
1788507840000000000,1131.20,1132.00,1131.00,1131.30,18283
1788507900000000000,1131.70,1131.70,1131.00,1131.30,6220
1788507960000000000,1131.60,1131.60,1131.00,1131.30,10697
1788508020000000000,1131.60,1131.70,1131.30,1131.70,4568
1788508080000000000,1131.80,1131.80,1131.40,1131.40,7325
1788508140000000000,1131.50,1131.60,1131.20,1131.60,5854
1788508200000000000,1131.30,1131.70,1131.20,1131.70,9044
1788508260000000000,1131.10,1131.50,1131.10,1131.50,7025
1788508320000000000,1131.40,1131.50,1131.00,1131.50,9918
1788508380000000000,1131.40,1131.40,1129.80,1129.80,35603
1788508440000000000,1130.20,1130.70,1129.70,1130.70,40246
1788508500000000000,1130.70,1130.80,1130.00,1130.50,11950
1788508560000000000,1130.50,1130.90,1130.30,1130.40,16215
1788508620000000000,1130.70,1130.90,1130.30,1130.50,7571
1788508680000000000,1130.60,1130.70,1129.30,1129.70,29659
1788508740000000000,1129.80,1129.80,1129.10,1129.50,12154
1788508800000000000,1129.50,1129.90,1129.10,1129.70,8667
1788508860000000000,1129.70,1129.90,1128.40,1128.40,20199
1788508920000000000,1128.80,1128.80,1128.00,1128.00,18403
1788508980000000000,1128.40,1129.10,1128.10,1129.10,15640
1788509040000000000,1129.10,1129.10,1128.50,1129.00,7794
1788509100000000000,1129.10,1129.30,1129.00,1129.20,6893
1788509160000000000,1129.00,1129.40,1129.00,1129.00,6885
1788509220000000000,1129.00,1129.40,1129.00,1129.30,6904
1788509280000000000,1129.40,1129.40,1129.00,1129.30,4408
1788509340000000000,1129.30,1129.50,1129.00,1129.50,6104
1788509400000000000,1129.40,1129.50,1128.80,1128.80,18895
1788509460000000000,1128.80,1129.00,1128.50,1129.00,13004
1788509520000000000,1129.00,1129.00,1128.20,1128.60,14941
1788509580000000000,1129.00,1129.30,1128.60,1128.60,18975
1788509640000000000,1129.10,1129.60,1129.00,1129.60,6783
1788509700000000000,1129.40,1129.80,1129.30,1129.30,13636
1788509760000000000,1129.70,1129.80,1129.40,1129.80,7552
1788509820000000000,1129.70,1130.00,1129.60,1130.00,8495
1788509880000000000,1129.70,1130.00,1129.70,1129.90,6181
1788509940000000000,1130.00,1130.00,1129.70,1129.90,6796
1788510000000000000,1129.80,1130.00,1129.30,1129.60,23010
1788510060000000000,1129.90,1129.90,1129.10,1129.70,19606
1788510120000000000,1129.70,1130.00,1129.20,1129.90,5768
1788510180000000000,1130.00,1130.00,1129.60,1129.80,4778
1788510240000000000,1129.80,1129.80,1129.10,1129.50,13972
1788510300000000000,1129.50,1129.50,1129.10,1129.10,2993
1788510360000000000,1129.10,1129.30,1128.60,1129.00,5763
1788510420000000000,1129.00,1129.20,1129.00,1129.20,8407
1788510480000000000,1129.10,1129.30,1128.50,1128.60,14911
1788510540000000000,1128.60,1128.90,1128.30,1128.50,12172
1788510600000000000,1128.90,1129.20,1128.50,1128.80,6989
1788510660000000000,1129.20,1129.40,1128.80,1129.40,6217
1788510720000000000,1129.40,1129.60,1128.90,1129.60,6758
1788510780000000000,1129.60,1129.70,1129.40,1129.70,5831
1788510840000000000,1129.70,1129.70,1129.30,1129.30,9845
1788510900000000000,1129.10,1129.60,1129.00,1129.40,6657
1788510960000000000,1129.40,1129.50,1129.10,1129.50,7614
1788511020000000000,1129.70,1129.70,1129.20,1129.60,9759
1788511080000000000,1129.30,1129.40,1128.50,1129.40,16551
1788511140000000000,1129.40,1129.60,1129.00,1129.10,5161
1788511200000000000,1129.50,1129.60,1129.00,1129.40,11351
1788511260000000000,1129.40,1129.50,1129.00,1129.40,10291
1788511320000000000,1129.50,1129.60,1128.90,1129.50,8850
1788511380000000000,1129.50,1129.50,1128.90,1129.30,8824
1788511440000000000,1129.30,1129.30,1128.50,1129.10,11276
1788511500000000000,1129.10,1129.30,1128.80,1129.30,10455
1788511560000000000,1129.00,1129.50,1129.00,1129.40,2850
1788511620000000000,1129.40,1129.40,1128.50,1128.90,7341
1788511680000000000,1128.90,1129.00,1128.40,1128.70,9913
1788511740000000000,1128.40,1128.90,1128.30,1128.40,6208
1788511800000000000,1128.60,1129.00,1128.40,1128.80,10775
1788511860000000000,1128.90,1129.30,1128.60,1129.30,13613
1788511920000000000,1129.20,1129.30,1129.00,1129.10,3568
1788511980000000000,1129.10,1129.30,1128.70,1129.20,14761
1788512040000000000,1128.80,1129.20,1128.60,1129.10,12914
1788512100000000000,1129.10,1129.50,1128.50,1129.30,29321
1788512160000000000,1129.50,1129.60,1129.10,1129.50,15478
1788512220000000000,1129.60,1129.90,1128.80,1129.90,16073
1788512280000000000,1129.90,1130.00,1129.30,1129.90,7667
1788512340000000000,1130.00,1130.00,1129.80,1129.80,12112
1788512400000000000,1129.90,1130.00,1129.40,1130.00,13284
1788512460000000000,1130.00,1130.10,1129.60,1130.00,13874
1788512520000000000,1129.90,1130.30,1129.90,1130.00,7758
1788512580000000000,1130.20,1130.20,1129.50,1129.80,22299
1788512640000000000,1129.50,1129.90,1129.20,1129.30,14547
1788512700000000000,1129.60,1129.90,1129.30,1129.90,15370
1788512760000000000,1129.90,1129.90,1129.30,1129.30,13084
1788512820000000000,1129.60,1129.60,1129.10,1129.50,8493
1788512880000000000,1129.60,1129.90,1129.40,1129.60,8200
1788512940000000000,1129.80,1129.80,1129.20,1129.30,15770
1788513000000000000,1129.50,1129.70,1129.00,1129.00,14510
1788513060000000000,1129.50,1129.50,1128.90,1129.40,8763
1788513120000000000,1129.40,1129.40,1128.60,1128.70,16769
1788513180000000000,1128.70,1129.20,1128.40,1128.40,9601
1788513240000000000,1128.40,1128.80,1128.30,1128.60,8718
1788513300000000000,1128.60,1128.60,1127.20,1127.20,38193
1788513360000000000,1127.50,1128.00,1127.50,1127.90,14792
1788513420000000000,1127.90,1128.00,1127.50,1128.00,9753
1788513480000000000,1127.80,1128.40,1127.80,1127.80,15295
1788513540000000000,1127.60,1127.90,1127.40,1127.90,18143
1788513600000000000,1127.40,1127.90,1127.00,1127.20,20945
1788513660000000000,1127.20,1127.90,1127.00,1127.30,14467
1788513720000000000,1127.30,1127.70,1126.80,1126.80,28898
1788513780000000000,1126.80,1127.70,1126.80,1127.60,10615
1788513840000000000,1127.60,1128.00,1127.10,1128.00,15824
1788513900000000000,1128.00,1128.10,1127.50,1128.10,20721
1788513960000000000,1127.70,1128.30,1127.70,1128.20,9691
1788514020000000000,1128.20,1128.50,1128.20,1128.50,10260
1788514080000000000,1128.50,1128.50,1128.10,1128.10,21997
1788514140000000000,1128.10,1128.50,1127.90,1128.40,25973
1788514200000000000,1128.00,1128.70,1127.90,1128.70,20201
1788514260000000000,1128.90,1128.90,1128.40,1128.80,25963
1788514320000000000,1128.80,1129.00,1128.40,1128.90,21378
1788514380000000000,1128.80,1129.00,1128.50,1128.90,20349
1788514440000000000,1128.80,1128.80,1128.60,1128.60,23948
1788514500000000000,1128.70,1128.70,1128.10,1128.30,49900
1788514560000000000,1128.20,1128.50,1127.90,1128.00,39495
1788514620000000000,1128.20,1128.20,1127.50,1127.80,26480
1788514680000000000,1127.80,1128.50,1127.80,1128.40,34901
1788514740000000000,1128.50,1128.50,1128.20,1128.20,72470
1788514800000000000,1128.20,1128.50,1128.20,1128.50,76090
1788514860000000000,1128.50,1129.20,1128.30,1128.50,106819
1788514920000000000,1128.40,1129.20,1125.40,1128.30,160572
1788514980000000000,1128.50,1129.30,1128.00,1128.40,119170
1788515040000000000,1128.50,1129.00,1127.30,1128.50,59784
1788515100000000000,1128.50,1128.50,1128.50,1128.50,0
1788515160000000000,1128.50,1128.50,1128.50,1128.50,0
1788515220000000000,1128.50,1128.50,1128.50,1128.50,0
1788515280000000000,1128.50,1128.50,1128.50,1128.50,0
1788515340000000000,1128.50,1128.50,1128.50,1128.50,0
1788515400000000000,1128.50,1128.50,1128.50,1128.50,0
1788515460000000000,1128.50,1128.50,1128.50,1128.50,0
1788515520000000000,1128.50,1128.50,1128.50,1128.50,0
1788515580000000000,1128.50,1128.50,1128.50,1128.50,0
1788515640000000000,1128.50,1128.50,1128.50,1128.50,0
1788515700000000000,1128.50,1128.50,1128.50,1128.50,0
1788515760000000000,1128.50,1128.50,1128.50,1128.50,0
1788515820000000000,1128.50,1128.50,1128.50,1128.50,0
1788515880000000000,1130.00,1130.00,1130.00,1130.00,184379
1788515940000000000,1130.00,1130.00,1130.00,1130.00,0
1788752700000000000,1109.50,1109.50,1102.10,1104.60,280534
1788752760000000000,1104.40,1104.90,1100.50,1102.80,139201
1788752820000000000,1102.80,1105.80,1102.40,1105.10,74842
1788752880000000000,1105.50,1108.70,1105.10,1107.00,81583
1788752940000000000,1107.70,1109.90,1107.00,1109.90,51304
1788753000000000000,1109.90,1109.90,1105.50,1108.00,64280
1788753060000000000,1108.00,1108.50,1107.20,1107.70,34502
1788753120000000000,1107.70,1108.50,1107.50,1108.50,20323
1788753180000000000,1108.50,1108.50,1106.50,1106.50,44618
1788753240000000000,1106.90,1106.90,1104.10,1104.50,52964
1788753300000000000,1104.50,1104.50,1102.50,1103.50,69897
1788753360000000000,1103.90,1104.70,1103.00,1104.60,38407
1788753420000000000,1104.70,1105.70,1104.20,1104.50,38017
1788753480000000000,1104.50,1105.10,1104.00,1105.00,44410
1788753540000000000,1105.00,1105.60,1104.60,1105.50,21811
1788753600000000000,1105.10,1105.40,1104.00,1104.00,74950
1788753660000000000,1104.10,1104.60,1102.10,1102.60,84103
1788753720000000000,1102.50,1103.40,1102.50,1103.00,21435
1788753780000000000,1103.20,1103.20,1101.60,1102.20,69802
1788753840000000000,1102.20,1102.50,1101.50,1102.40,32429
1788753900000000000,1102.40,1102.80,1101.10,1101.60,35335
1788753960000000000,1101.70,1102.50,1101.50,1102.10,33440
1788754020000000000,1101.70,1102.40,1100.10,1100.70,88540
1788754080000000000,1100.80,1100.80,1100.20,1100.40,34839
1788754140000000000,1100.40,1100.70,1099.20,1099.90,113027
1788754200000000000,1100.30,1101.00,1099.90,1101.00,23522
1788754260000000000,1101.00,1101.00,1100.20,1100.90,22208
1788754320000000000,1100.90,1101.80,1100.70,1101.00,27415
1788754380000000000,1101.00,1101.40,1100.00,1101.40,23566
1788754440000000000,1101.30,1101.40,1100.00,1100.60,22601
1788754500000000000,1100.60,1101.60,1100.50,1101.30,26223
1788754560000000000,1101.30,1101.40,1100.50,1100.90,20694
1788754620000000000,1100.90,1101.50,1100.50,1101.40,21023
1788754680000000000,1101.40,1101.50,1100.20,1100.30,21593
1788754740000000000,1100.30,1100.70,1100.10,1100.70,16486
1788754800000000000,1100.70,1101.10,1100.60,1101.10,13979
1788754860000000000,1101.10,1102.10,1101.10,1102.00,18313
1788754920000000000,1101.90,1102.10,1101.60,1101.80,12785
1788754980000000000,1101.90,1102.00,1101.50,1101.80,8032
1788755040000000000,1101.80,1101.80,1101.00,1101.40,9191
1788755100000000000,1101.40,1102.90,1101.00,1102.20,25147
1788755160000000000,1102.20,1102.30,1101.30,1101.80,14079
1788755220000000000,1101.80,1102.40,1101.40,1102.00,16241
1788755280000000000,1102.00,1102.10,1101.50,1101.90,12458
1788755340000000000,1101.90,1102.10,1101.50,1102.10,16286
1788755400000000000,1102.10,1102.30,1101.60,1101.70,10010
1788755460000000000,1101.70,1101.80,1100.40,1100.40,32847
1788755520000000000,1100.50,1101.10,1100.20,1100.70,40085
1788755580000000000,1100.70,1101.10,1100.30,1100.80,13388
1788755640000000000,1100.80,1101.00,1100.40,1100.60,10858
1788755700000000000,1100.80,1100.80,1098.00,1098.50,111262
1788755760000000000,1098.80,1099.00,1098.50,1098.80,20020
1788755820000000000,1098.80,1101.00,1098.50,1101.00,26118
1788755880000000000,1101.00,1101.40,1100.70,1101.30,18031
1788755940000000000,1101.30,1101.30,1100.20,1100.40,22077
1788756000000000000,1100.40,1100.50,1100.20,1100.40,8753
1788756060000000000,1100.40,1100.90,1100.00,1100.50,15066
1788756120000000000,1100.70,1100.90,1099.40,1099.80,35446
1788756180000000000,1099.80,1100.20,1099.40,1100.20,7637
1788756240000000000,1100.00,1100.20,1099.70,1099.80,7355
1788756300000000000,1099.90,1099.90,1099.20,1099.40,15051
1788756360000000000,1099.50,1099.70,1098.10,1098.50,35498
1788756420000000000,1098.50,1098.50,1097.20,1097.40,54876
1788756480000000000,1097.40,1097.40,1096.30,1096.80,32007
1788756540000000000,1096.80,1097.00,1096.60,1096.90,15182
1788756600000000000,1096.90,1097.50,1096.70,1097.20,13424
1788756660000000000,1097.20,1097.80,1097.10,1097.80,13642
1788756720000000000,1097.80,1098.50,1097.70,1098.50,15077
1788756780000000000,1098.50,1098.50,1098.10,1098.30,10108
1788756840000000000,1098.30,1098.40,1097.50,1097.70,10529
1788756900000000000,1097.70,1097.90,1097.00,1097.30,14874
1788756960000000000,1097.30,1097.30,1097.00,1097.20,11064
1788757020000000000,1097.20,1097.30,1097.00,1097.10,8079
1788757080000000000,1097.10,1097.10,1096.50,1096.60,28585
1788757140000000000,1096.60,1097.20,1096.00,1096.20,19476
1788757200000000000,1096.20,1096.20,1095.50,1095.90,30285
1788757260000000000,1095.90,1096.20,1095.40,1095.70,25172
1788757320000000000,1095.70,1096.60,1095.50,1096.50,24688
1788757380000000000,1096.50,1096.80,1096.40,1096.60,10355
1788757440000000000,1096.70,1096.70,1096.60,1096.70,5413
1788757500000000000,1096.70,1096.70,1096.40,1096.60,12524
1788757560000000000,1096.70,1096.70,1096.40,1096.50,9882
1788757620000000000,1096.50,1097.90,1096.40,1097.90,21422
1788757680000000000,1097.90,1097.90,1097.10,1097.10,11698
1788757740000000000,1097.20,1097.40,1097.00,1097.20,6176
1788757800000000000,1097.20,1097.20,1095.80,1096.00,17422
1788757860000000000,1096.00,1096.30,1095.70,1096.30,23433
1788757920000000000,1096.30,1096.60,1096.10,1096.50,6083
1788757980000000000,1096.60,1097.00,1096.30,1096.50,17574
1788758040000000000,1096.50,1096.50,1095.60,1095.70,26951
1788758100000000000,1095.70,1095.70,1095.50,1095.60,7800
1788758160000000000,1095.70,1096.00,1095.50,1096.00,22650
1788758220000000000,1096.00,1096.00,1095.70,1095.90,6966
1788758280000000000,1096.00,1096.50,1095.80,1096.10,10134
1788758340000000000,1096.20,1096.30,1095.80,1096.00,10813
1788758400000000000,1096.00,1096.20,1095.60,1096.20,14032
1788758460000000000,1096.20,1096.40,1096.00,1096.20,8424
1788758520000000000,1096.20,1096.20,1096.00,1096.20,3106
1788758580000000000,1096.20,1096.20,1095.60,1095.60,9200
1788758640000000000,1095.70,1095.70,1095.50,1095.50,11729
1788758700000000000,1095.70,1095.70,1095.50,1095.60,5922
1788758760000000000,1095.60,1095.70,1095.50,1095.60,8574
1788758820000000000,1095.70,1095.70,1095.40,1095.70,9340
1788758880000000000,1095.70,1095.70,1095.50,1095.50,8454
1788758940000000000,1095.70,1095.70,1095.50,1095.60,6465
1788759000000000000,1095.60,1095.60,1094.10,1094.70,80672
1788759060000000000,1094.70,1094.70,1094.20,1094.60,14395
1788759120000000000,1094.60,1094.60,1094.20,1094.60,13375
1788759180000000000,1094.60,1094.60,1094.30,1094.50,6292
1788759240000000000,1094.50,1094.90,1094.20,1094.40,18592
1788759300000000000,1094.40,1094.40,1094.00,1094.00,19545
1788759360000000000,1094.20,1094.20,1093.10,1093.40,23904
1788759420000000000,1093.40,1093.60,1093.00,1093.30,21720
1788759480000000000,1093.30,1093.30,1093.00,1093.00,13279
1788759540000000000,1093.10,1093.10,1092.30,1092.70,38025
1788759600000000000,1092.70,1093.80,1092.60,1093.50,14688
1788759660000000000,1093.60,1093.70,1092.80,1093.00,26878
1788759720000000000,1093.20,1093.40,1092.80,1093.40,11416
1788759780000000000,1093.40,1093.40,1093.00,1093.00,11090
1788759840000000000,1093.20,1093.40,1092.80,1093.10,26571
1788759900000000000,1093.40,1093.40,1093.00,1093.30,10441
1788759960000000000,1093.40,1093.40,1092.50,1092.60,23663
1788760020000000000,1092.80,1092.80,1092.40,1092.50,26760
1788760080000000000,1092.80,1093.00,1092.50,1092.90,10472
1788760140000000000,1093.00,1093.40,1092.80,1093.10,11279
1788760200000000000,1093.20,1093.50,1093.00,1093.10,6905
1788760260000000000,1093.10,1093.60,1093.00,1093.40,6886
1788760320000000000,1093.40,1093.40,1092.60,1093.40,17011
1788760380000000000,1093.40,1093.40,1092.90,1092.90,7598
1788760440000000000,1093.00,1093.00,1092.50,1092.60,11818
1788760500000000000,1092.60,1092.60,1091.40,1092.00,59894
1788760560000000000,1092.00,1092.40,1091.60,1092.00,13227
1788760620000000000,1092.00,1092.00,1091.50,1091.90,9774
1788760680000000000,1091.90,1092.20,1091.70,1092.00,18503
1788760740000000000,1092.20,1092.20,1091.70,1091.80,5460
1788760800000000000,1091.80,1092.10,1091.60,1092.00,7456
1788760860000000000,1092.00,1092.80,1091.90,1092.10,17381
1788760920000000000,1092.10,1092.30,1091.80,1091.90,12482
1788760980000000000,1091.90,1091.90,1091.60,1091.80,9733
1788761040000000000,1091.90,1091.90,1091.70,1091.90,6310
1788761100000000000,1091.90,1091.90,1091.50,1091.70,8237
1788761160000000000,1091.80,1092.00,1091.60,1091.80,5064
1788761220000000000,1091.90,1092.00,1091.80,1091.90,8637
1788761280000000000,1091.90,1092.60,1091.80,1092.50,11107
1788761340000000000,1092.50,1092.50,1092.00,1092.10,4767
1788761400000000000,1092.10,1092.10,1092.00,1092.10,5933
1788761460000000000,1092.10,1092.10,1091.70,1092.00,12484
1788761520000000000,1092.00,1092.10,1091.80,1092.10,5491
1788761580000000000,1092.10,1092.30,1091.90,1092.10,6121
1788761640000000000,1092.10,1092.90,1092.00,1092.50,10294
1788761700000000000,1092.50,1092.60,1092.00,1092.00,7254
1788761760000000000,1092.30,1092.30,1091.50,1091.60,14303
1788761820000000000,1091.70,1091.70,1090.10,1090.20,50530
1788761880000000000,1090.20,1090.80,1090.00,1090.50,57546
1788761940000000000,1090.80,1090.80,1090.10,1090.50,12758
1788762000000000000,1090.60,1091.00,1090.10,1090.60,19397
1788762060000000000,1090.60,1090.90,1090.30,1090.70,7898
1788762120000000000,1090.70,1090.80,1090.50,1090.60,7337
1788762180000000000,1090.60,1090.60,1090.00,1090.10,33295
1788762240000000000,1090.10,1090.10,1089.00,1089.10,55953
1788762300000000000,1089.20,1089.80,1088.60,1089.20,55957
1788762360000000000,1089.20,1089.50,1089.00,1089.30,9704
1788762420000000000,1089.30,1089.70,1089.10,1089.70,10783
1788762480000000000,1089.70,1091.00,1089.60,1090.00,17153
1788762540000000000,1090.10,1090.50,1090.00,1090.10,5221
1788762600000000000,1090.50,1090.80,1089.70,1090.80,22752
1788762660000000000,1090.80,1091.10,1090.70,1090.80,11848
1788762720000000000,1090.90,1091.70,1090.60,1091.20,12348
1788762780000000000,1091.20,1091.20,1091.10,1091.20,4472
1788762840000000000,1091.20,1091.20,1090.40,1090.60,6361
1788762900000000000,1090.50,1090.80,1090.40,1090.70,15038
1788762960000000000,1090.80,1090.80,1090.30,1090.40,8677
1788763020000000000,1090.50,1090.60,1090.00,1090.40,6643
1788763080000000000,1090.40,1090.50,1089.90,1090.00,14251
1788763140000000000,1090.00,1090.50,1089.70,1090.30,7258
1788763200000000000,1090.30,1090.70,1089.90,1090.60,11488
1788763260000000000,1090.60,1090.70,1090.00,1090.30,8523
1788763320000000000,1090.10,1090.50,1090.10,1090.50,5431
1788763380000000000,1090.50,1090.60,1090.30,1090.50,5572
1788763440000000000,1090.60,1091.20,1090.50,1091.00,10870
1788763500000000000,1091.20,1091.50,1091.00,1091.40,7071
1788763560000000000,1091.40,1091.40,1090.60,1090.80,19857
1788763620000000000,1090.80,1091.10,1090.60,1090.80,8676
1788763680000000000,1090.90,1091.30,1090.80,1091.10,6264
1788763740000000000,1091.10,1091.40,1091.00,1091.20,10820
1788763800000000000,1091.30,1091.70,1091.10,1091.70,9130
1788763860000000000,1091.70,1091.70,1091.10,1091.10,7878
1788763920000000000,1091.10,1091.20,1090.70,1090.70,10599
1788763980000000000,1090.90,1091.20,1090.70,1091.10,7908
1788764040000000000,1091.20,1091.20,1091.00,1091.10,4168
1788764100000000000,1091.10,1091.20,1091.00,1091.10,3603
1788764160000000000,1091.10,1091.20,1090.80,1091.20,9308
1788764220000000000,1091.20,1091.50,1091.00,1091.30,8165
1788764280000000000,1091.30,1091.40,1090.80,1091.00,9236
1788764340000000000,1091.00,1091.00,1090.90,1090.90,4743
1788764400000000000,1091.00,1091.10,1090.60,1091.00,8861
1788764460000000000,1091.00,1091.00,1090.60,1091.00,5232
1788764520000000000,1091.00,1091.00,1090.60,1090.70,4131
1788764580000000000,1090.70,1091.00,1090.60,1091.00,36731
1788764640000000000,1091.00,1091.00,1090.50,1090.50,10076
1788764700000000000,1090.60,1091.50,1090.50,1091.20,15780
1788764760000000000,1091.50,1091.70,1091.00,1091.40,9109
1788764820000000000,1091.40,1091.60,1091.10,1091.30,15570
1788764880000000000,1091.30,1091.50,1090.50,1090.50,15481
1788764940000000000,1090.80,1090.80,1090.20,1090.30,13550
1788765000000000000,1090.50,1091.20,1090.50,1091.20,12385
1788765060000000000,1091.20,1091.40,1090.60,1091.30,14168
1788765120000000000,1091.30,1091.30,1090.20,1090.40,19078
1788765180000000000,1090.60,1090.70,1090.40,1090.40,5115
1788765240000000000,1090.70,1090.70,1090.40,1090.70,4783
1788765300000000000,1090.70,1090.70,1090.50,1090.50,2905
1788765360000000000,1090.70,1090.70,1090.50,1090.70,3187
1788765420000000000,1090.70,1090.70,1090.50,1090.60,3870
1788765480000000000,1090.60,1090.60,1090.40,1090.50,6776
1788765540000000000,1090.50,1090.50,1090.20,1090.40,8662
1788765600000000000,1090.40,1090.50,1090.20,1090.30,7248
1788765660000000000,1090.30,1090.30,1088.70,1088.70,99029
1788765720000000000,1088.90,1088.90,1088.20,1088.60,19500
1788765780000000000,1088.60,1088.60,1088.00,1088.20,20697
1788765840000000000,1088.40,1088.40,1088.10,1088.30,7260
1788765900000000000,1088.30,1088.30,1088.00,1088.00,12482
1788765960000000000,1088.10,1088.30,1087.50,1087.60,37778
1788766020000000000,1087.70,1088.00,1087.20,1088.00,29541
1788766080000000000,1087.90,1087.90,1087.50,1087.80,4116
1788766140000000000,1087.90,1088.00,1087.80,1088.00,6303
1788766200000000000,1088.00,1088.40,1087.90,1088.40,14996
1788766260000000000,1088.30,1089.10,1088.30,1088.50,19154
1788766320000000000,1088.50,1088.60,1088.10,1088.20,11417
1788766380000000000,1088.20,1088.30,1088.10,1088.10,5472
1788766440000000000,1088.20,1088.30,1088.00,1088.30,7853
1788766500000000000,1088.30,1088.30,1088.10,1088.10,5167
1788766560000000000,1088.20,1088.40,1088.10,1088.40,4944
1788766620000000000,1088.40,1088.40,1087.40,1087.70,47538
1788766680000000000,1087.90,1089.40,1087.70,1089.20,41753
1788766740000000000,1089.40,1089.50,1089.10,1089.30,6440
1788766800000000000,1089.40,1089.50,1089.20,1089.20,5798
1788766860000000000,1089.30,1089.40,1089.00,1089.20,9433
1788766920000000000,1089.20,1089.30,1089.00,1089.10,5546
1788766980000000000,1089.20,1090.30,1089.10,1090.30,16360
1788767040000000000,1090.30,1090.30,1089.20,1089.30,11042
1788767100000000000,1089.40,1089.90,1089.30,1089.60,10075
1788767160000000000,1089.70,1089.80,1089.40,1089.70,5423
1788767220000000000,1089.70,1089.80,1089.20,1089.50,10903
1788767280000000000,1089.50,1089.50,1088.40,1088.50,10042
1788767340000000000,1088.80,1088.80,1088.50,1088.80,3058
1788767400000000000,1088.80,1088.80,1088.50,1088.60,3449
1788767460000000000,1088.80,1088.80,1088.50,1088.80,6516
1788767520000000000,1088.80,1088.90,1088.50,1088.90,10257
1788767580000000000,1088.90,1088.90,1088.60,1088.70,3889
1788767640000000000,1088.80,1088.80,1088.50,1088.50,6990
1788767700000000000,1088.70,1088.80,1088.40,1088.50,13192
1788767760000000000,1088.60,1088.60,1088.30,1088.60,8842
1788767820000000000,1088.60,1088.60,1088.40,1088.50,5525
1788767880000000000,1088.50,1088.60,1088.40,1088.50,3676
1788767940000000000,1088.50,1088.50,1088.00,1088.10,9436
1788768000000000000,1088.10,1088.10,1087.90,1088.00,7904
1788768060000000000,1088.00,1088.00,1087.40,1087.50,10241
1788768120000000000,1087.70,1087.80,1087.50,1087.60,10444
1788768180000000000,1087.80,1087.90,1087.50,1087.70,6077
1788768240000000000,1087.70,1087.90,1087.30,1087.30,13190
1788768300000000000,1087.40,1087.60,1087.20,1087.60,10404
1788768360000000000,1087.60,1087.80,1087.50,1087.80,6396
1788768420000000000,1087.80,1087.80,1087.60,1087.80,5057
1788768480000000000,1087.80,1087.90,1087.70,1087.80,6122
1788768540000000000,1087.90,1088.00,1087.80,1088.00,6538
1788768600000000000,1088.00,1088.10,1087.90,1088.00,7150
1788768660000000000,1088.00,1088.10,1087.90,1088.10,5254
1788768720000000000,1088.10,1088.10,1088.00,1088.10,5221
1788768780000000000,1088.00,1088.10,1088.00,1088.10,6143
1788768840000000000,1088.10,1088.30,1088.00,1088.20,13783
1788768900000000000,1088.30,1088.40,1088.00,1088.30,7521
1788768960000000000,1088.30,1088.50,1088.30,1088.40,6424
1788769020000000000,1088.50,1089.20,1088.40,1088.80,11400
1788769080000000000,1088.80,1088.90,1088.50,1088.70,7626
1788769140000000000,1088.70,1088.80,1088.60,1088.60,4526
1788769200000000000,1088.70,1088.70,1088.10,1088.20,8391
1788769260000000000,1088.40,1088.70,1088.20,1088.70,13871
1788769320000000000,1088.70,1088.90,1088.50,1088.90,4423
1788769380000000000,1088.90,1090.00,1088.80,1089.70,12973
1788769440000000000,1089.80,1089.80,1089.60,1089.80,8199
1788769500000000000,1089.80,1089.80,1089.60,1089.70,5782
1788769560000000000,1089.70,1089.70,1089.20,1089.50,9776
1788769620000000000,1089.50,1089.60,1089.00,1089.10,6303
1788769680000000000,1089.30,1089.30,1089.00,1089.10,6517
1788769740000000000,1089.10,1089.30,1089.00,1089.10,4338
1788769800000000000,1089.20,1089.20,1089.00,1089.20,7253
1788769860000000000,1089.20,1089.20,1089.00,1089.10,4515
1788769920000000000,1089.10,1089.30,1089.00,1089.20,7893
1788769980000000000,1089.30,1089.80,1089.20,1089.70,7129
1788770040000000000,1089.60,1089.70,1089.10,1089.10,9862
1788770100000000000,1089.10,1089.40,1089.00,1089.30,5234
1788770160000000000,1089.30,1089.30,1088.00,1088.00,30364
1788770220000000000,1088.30,1088.40,1088.00,1088.10,6456
1788770280000000000,1088.30,1088.50,1088.00,1088.50,15229
1788770340000000000,1088.50,1089.10,1088.20,1089.00,9246
1788770400000000000,1089.00,1089.20,1088.90,1089.20,3617
1788770460000000000,1089.20,1089.20,1088.90,1088.90,5244
1788770520000000000,1089.00,1089.20,1088.50,1088.80,14565
1788770580000000000,1088.80,1088.90,1088.60,1088.80,5049
1788770640000000000,1088.80,1089.30,1088.60,1089.30,10782
1788770700000000000,1089.30,1089.30,1088.90,1089.00,9506
1788770760000000000,1089.00,1089.00,1088.00,1088.20,56255
1788770820000000000,1088.30,1088.50,1088.10,1088.10,13239
1788770880000000000,1088.20,1088.20,1087.50,1088.00,24618
1788770940000000000,1088.00,1088.60,1087.80,1088.50,15106
1788771000000000000,1088.60,1088.90,1088.30,1088.50,3748
1788771060000000000,1088.80,1088.80,1088.50,1088.70,2623
1788771120000000000,1088.70,1089.10,1088.50,1088.90,13703
1788771180000000000,1089.00,1089.10,1088.50,1089.10,11314
1788771240000000000,1089.10,1089.60,1088.80,1088.90,10755
1788771300000000000,1088.90,1089.30,1088.50,1088.90,8090
1788771360000000000,1089.00,1089.50,1088.80,1089.20,13701
1788771420000000000,1089.30,1090.80,1089.10,1089.90,41027
1788771480000000000,1089.70,1089.90,1089.50,1089.50,9652
1788771540000000000,1089.60,1089.80,1089.50,1089.80,10760
1788771600000000000,1089.80,1089.90,1089.20,1089.50,15280
1788771660000000000,1089.50,1089.90,1089.40,1089.50,12624
1788771720000000000,1089.60,1089.70,1089.30,1089.50,10848
1788771780000000000,1089.50,1089.70,1089.00,1089.10,23793
1788771840000000000,1089.10,1089.20,1088.10,1088.70,23898
1788771900000000000,1088.70,1089.00,1088.40,1088.40,9144
1788771960000000000,1088.50,1088.70,1088.40,1088.50,13599
1788772020000000000,1088.50,1088.50,1088.20,1088.30,10704
1788772080000000000,1088.40,1088.40,1088.00,1088.20,18465
1788772140000000000,1088.30,1088.30,1088.00,1088.00,22526
1788772200000000000,1088.10,1088.20,1087.90,1087.90,12666
1788772260000000000,1088.10,1088.10,1087.50,1087.50,12758
1788772320000000000,1087.60,1087.60,1087.50,1087.50,11911
1788772380000000000,1087.60,1087.60,1087.50,1087.60,10371
1788772440000000000,1087.60,1087.60,1087.20,1087.20,15967
1788772500000000000,1087.40,1087.40,1087.20,1087.20,11760
1788772560000000000,1087.30,1087.60,1087.00,1087.20,32851
1788772620000000000,1087.20,1087.40,1087.10,1087.40,12521
1788772680000000000,1087.40,1087.70,1087.20,1087.70,15568
1788772740000000000,1087.70,1087.80,1087.30,1087.40,12915
1788772800000000000,1087.30,1087.50,1087.00,1087.30,28499
1788772860000000000,1087.30,1087.90,1087.30,1087.90,17150
1788772920000000000,1087.80,1087.90,1087.50,1087.90,14642
1788772980000000000,1087.80,1087.90,1087.60,1087.70,13489
1788773040000000000,1087.80,1087.90,1087.60,1087.80,15479
1788773100000000000,1087.80,1087.90,1087.50,1087.60,21049
1788773160000000000,1087.70,1088.20,1087.60,1087.60,32888
1788773220000000000,1087.80,1088.00,1087.60,1087.80,17334
1788773280000000000,1087.90,1088.00,1087.60,1087.80,27073
1788773340000000000,1087.90,1087.90,1087.10,1087.20,39620
1788773400000000000,1087.30,1087.70,1087.10,1087.60,39867
1788773460000000000,1087.60,1088.40,1087.50,1087.80,67167
1788773520000000000,1087.70,1087.80,1087.40,1087.60,34613
1788773580000000000,1087.50,1087.60,1087.00,1087.10,49181
1788773640000000000,1087.10,1087.10,1086.60,1086.80,51715
1788773700000000000,1086.80,1086.90,1085.40,1086.20,129797
1788773760000000000,1086.20,1086.90,1085.10,1086.30,73714
1788773820000000000,1086.30,1086.50,1086.00,1086.40,34657
1788773880000000000,1086.40,1086.60,1086.20,1086.60,27405
1788773940000000000,1086.60,1086.60,1085.80,1086.30,63245
1788774000000000000,1086.20,1086.50,1086.10,1086.40,63816
1788774060000000000,1086.50,1087.00,1086.40,1086.80,69176
1788774120000000000,1086.80,1087.60,1085.00,1086.60,340220
1788774180000000000,1086.60,1087.20,1086.20,1087.10,49367
1788774240000000000,1087.10,1087.50,1086.50,1087.30,21718
1788774300000000000,1087.30,1087.30,1087.30,1087.30,0
1788774360000000000,1087.30,1087.30,1087.30,1087.30,0
1788774420000000000,1087.30,1087.30,1087.30,1087.30,0
1788774480000000000,1087.30,1087.30,1087.30,1087.30,0
1788774540000000000,1087.30,1087.30,1087.30,1087.30,0
1788774600000000000,1087.30,1087.30,1087.30,1087.30,0
1788774660000000000,1087.30,1087.30,1087.30,1087.30,0
1788774720000000000,1087.30,1087.30,1087.30,1087.30,0
1788774780000000000,1087.30,1087.30,1087.30,1087.30,0
1788774840000000000,1087.30,1087.30,1087.30,1087.30,0
1788774900000000000,1087.30,1087.30,1087.30,1087.30,0
1788774960000000000,1087.30,1087.30,1087.30,1087.30,0
1788775020000000000,1087.30,1087.30,1087.30,1087.30,0
1788775080000000000,1087.30,1087.30,1087.30,1087.30,0
1788775140000000000,1087.50,1087.50,1087.50,1087.50,161157
1788839100000000000,1095.00,1095.00,1083.00,1084.00,243230
1788839160000000000,1084.00,1084.20,1078.90,1081.10,99277
1788839220000000000,1081.30,1082.00,1080.30,1081.00,54460
1788839280000000000,1081.10,1082.50,1080.70,1081.60,20206
1788839340000000000,1081.80,1082.40,1081.10,1081.20,36782
1788839400000000000,1081.10,1081.50,1079.40,1081.00,62678
1788839460000000000,1080.90,1081.50,1080.50,1080.80,13804
1788839520000000000,1080.80,1084.10,1080.50,1083.50,26773
1788839580000000000,1083.40,1083.50,1081.00,1081.00,26352
1788839640000000000,1081.10,1081.60,1080.20,1080.40,35532
1788839700000000000,1080.40,1082.20,1080.20,1081.80,14921
1788839760000000000,1081.60,1083.00,1081.30,1082.80,15420
1788839820000000000,1082.70,1083.50,1082.10,1082.50,15432
1788839880000000000,1082.60,1082.60,1081.10,1082.00,13935
1788839940000000000,1081.80,1082.20,1081.30,1081.90,9439
1788840000000000000,1081.80,1082.10,1081.10,1081.40,10650
1788840060000000000,1081.70,1082.50,1081.40,1082.10,13162
1788840120000000000,1082.10,1082.20,1081.00,1081.30,9966
1788840180000000000,1081.20,1081.70,1081.00,1081.70,7626
1788840240000000000,1081.70,1082.00,1081.10,1082.00,11723
1788840300000000000,1082.00,1084.80,1081.90,1084.10,15871
1788840360000000000,1084.30,1085.50,1084.00,1085.00,41793
1788840420000000000,1084.80,1086.40,1084.60,1086.40,14285
1788840480000000000,1086.20,1086.30,1085.10,1086.30,27197
1788840540000000000,1086.30,1086.30,1085.50,1086.00,11165
1788840600000000000,1086.00,1087.50,1085.50,1086.60,22125
1788840660000000000,1086.60,1088.60,1086.60,1088.00,29899
1788840720000000000,1088.00,1088.30,1086.40,1087.00,25394
1788840780000000000,1087.00,1087.30,1085.70,1085.70,11001
1788840840000000000,1086.20,1087.00,1085.90,1086.80,14525
1788840900000000000,1086.90,1087.50,1086.00,1087.50,15839
1788840960000000000,1087.40,1090.80,1087.20,1089.00,94957
1788841020000000000,1088.80,1089.00,1088.00,1088.60,18515
1788841080000000000,1088.60,1089.60,1088.10,1089.50,32261
1788841140000000000,1089.50,1091.40,1089.10,1090.50,37885
1788841200000000000,1090.30,1091.00,1090.00,1090.00,23939
1788841260000000000,1090.00,1090.30,1088.60,1089.30,27293
1788841320000000000,1089.30,1089.30,1088.00,1088.20,8433
1788841380000000000,1088.40,1088.90,1088.00,1088.90,10675
1788841440000000000,1088.90,1089.00,1088.50,1088.80,7672
1788841500000000000,1088.90,1089.00,1088.00,1088.30,11970
1788841560000000000,1088.30,1088.30,1088.00,1088.30,4421
1788841620000000000,1088.30,1088.30,1087.20,1087.70,18387
1788841680000000000,1088.00,1088.00,1086.60,1086.90,6940
1788841740000000000,1086.90,1087.60,1086.40,1087.30,11998
1788841800000000000,1087.30,1088.40,1086.80,1087.60,13722
1788841860000000000,1087.60,1088.30,1087.50,1088.00,7293
1788841920000000000,1087.90,1088.70,1087.80,1088.00,5716
1788841980000000000,1088.10,1088.30,1088.00,1088.10,3856
1788842040000000000,1088.10,1088.20,1087.50,1087.60,12696
1788842100000000000,1087.90,1088.50,1087.40,1088.30,5716
1788842160000000000,1088.40,1089.00,1088.30,1089.00,6937
1788842220000000000,1089.00,1091.30,1088.90,1090.90,18336
1788842280000000000,1090.90,1091.70,1090.00,1091.30,20917
1788842340000000000,1091.20,1091.60,1091.00,1091.10,12639
1788842400000000000,1091.20,1091.50,1090.20,1090.20,25389
1788842460000000000,1090.40,1090.60,1089.00,1089.30,16353
1788842520000000000,1089.40,1090.00,1089.20,1090.00,5582
1788842580000000000,1089.70,1090.50,1089.70,1090.30,6150
1788842640000000000,1090.10,1090.50,1089.80,1090.00,7473
1788842700000000000,1090.20,1091.50,1090.00,1090.50,21226
1788842760000000000,1090.50,1090.80,1090.20,1090.70,7114
1788842820000000000,1090.60,1090.60,1090.00,1090.00,10476
1788842880000000000,1090.00,1090.00,1089.20,1090.00,16590
1788842940000000000,1090.00,1090.00,1089.30,1090.00,8834
1788843000000000000,1090.00,1090.00,1089.50,1089.60,7474
1788843060000000000,1089.80,1090.30,1089.60,1090.20,4361
1788843120000000000,1090.30,1090.30,1089.50,1089.60,7807
1788843180000000000,1089.80,1090.10,1089.50,1089.50,6526
1788843240000000000,1089.70,1089.90,1089.50,1089.80,6666
1788843300000000000,1089.90,1089.90,1088.10,1088.80,32666
1788843360000000000,1088.70,1089.00,1088.60,1088.80,2978
1788843420000000000,1088.90,1089.30,1088.80,1089.00,6642
1788843480000000000,1089.10,1089.30,1088.70,1089.10,4723
1788843540000000000,1089.20,1089.20,1088.70,1088.80,5421
1788843600000000000,1088.80,1088.90,1088.00,1088.00,13366
1788843660000000000,1088.00,1088.50,1087.90,1088.00,7679
1788843720000000000,1087.90,1087.90,1087.00,1087.40,11828
1788843780000000000,1087.40,1087.40,1087.10,1087.30,7316
1788843840000000000,1087.20,1087.50,1086.20,1086.80,14713
1788843900000000000,1087.00,1087.00,1086.30,1086.70,5056
1788843960000000000,1086.50,1087.00,1086.00,1086.10,14692
1788844020000000000,1086.10,1086.10,1085.40,1085.50,15634
1788844080000000000,1085.70,1085.90,1085.40,1085.60,9025
1788844140000000000,1085.80,1086.00,1085.50,1085.50,5080
1788844200000000000,1085.60,1085.70,1085.20,1085.70,9657
1788844260000000000,1085.50,1086.80,1085.40,1086.60,10513
1788844320000000000,1086.50,1086.50,1085.90,1086.30,9346
1788844380000000000,1086.20,1086.50,1085.90,1086.00,2981
1788844440000000000,1086.20,1086.30,1085.70,1086.30,7834
1788844500000000000,1086.30,1087.00,1086.00,1086.80,7889
1788844560000000000,1086.90,1087.00,1086.70,1086.80,3006
1788844620000000000,1086.80,1086.80,1086.10,1086.40,4160
1788844680000000000,1086.50,1086.50,1086.40,1086.40,1986
1788844740000000000,1086.50,1086.90,1086.40,1086.60,8277
1788844800000000000,1086.80,1086.90,1086.50,1086.50,7136
1788844860000000000,1086.50,1086.70,1086.20,1086.20,7561
1788844920000000000,1086.30,1086.30,1085.90,1086.00,7790
1788844980000000000,1086.10,1086.10,1085.60,1085.90,6149
1788845040000000000,1086.00,1086.00,1085.40,1085.90,6200
1788845100000000000,1085.80,1086.00,1085.30,1086.00,8845
1788845160000000000,1086.00,1086.10,1085.50,1086.10,7562
1788845220000000000,1086.10,1086.10,1085.20,1085.30,6231
1788845280000000000,1085.30,1085.50,1083.70,1083.70,41590
1788845340000000000,1083.80,1084.40,1083.70,1084.30,12332
1788845400000000000,1084.20,1084.30,1083.80,1084.30,4731
1788845460000000000,1084.30,1084.30,1084.10,1084.20,3539
1788845520000000000,1084.20,1084.40,1083.80,1084.00,8049
1788845580000000000,1084.20,1085.30,1084.00,1085.30,8301
1788845640000000000,1085.30,1085.50,1084.40,1084.60,22185
1788845700000000000,1084.70,1085.20,1084.60,1084.70,5158
1788845760000000000,1084.90,1085.20,1084.50,1084.90,5276
1788845820000000000,1085.00,1085.70,1084.90,1085.60,9157
1788845880000000000,1085.70,1087.00,1085.60,1087.00,11698
1788845940000000000,1087.00,1087.00,1086.10,1086.40,5814
1788846000000000000,1086.50,1086.50,1086.20,1086.20,7296
1788846060000000000,1086.30,1086.30,1085.70,1085.80,4096
1788846120000000000,1085.80,1085.80,1085.20,1085.50,4646
1788846180000000000,1085.50,1085.50,1085.20,1085.40,2123
1788846240000000000,1085.50,1085.70,1085.40,1085.60,3715
1788846300000000000,1085.60,1085.80,1084.50,1084.50,8150
1788846360000000000,1084.60,1084.90,1084.40,1084.50,4736
1788846420000000000,1084.50,1085.00,1084.40,1084.80,1359
1788846480000000000,1085.00,1085.00,1084.90,1084.90,1753
1788846540000000000,1085.00,1086.00,1084.50,1085.00,23055
1788846600000000000,1084.90,1084.90,1083.80,1084.40,10561
1788846660000000000,1084.40,1084.50,1083.80,1084.40,7540
1788846720000000000,1084.60,1084.90,1084.00,1084.20,6713
1788846780000000000,1084.20,1084.90,1084.10,1084.90,2789
1788846840000000000,1084.90,1084.90,1083.90,1084.00,9795
1788846900000000000,1084.10,1085.00,1084.00,1085.00,4010
1788846960000000000,1084.90,1085.00,1084.10,1084.10,3165
1788847020000000000,1084.30,1084.40,1084.10,1084.30,2555
1788847080000000000,1084.40,1084.90,1084.30,1084.90,2908
1788847140000000000,1084.90,1085.00,1084.50,1084.60,4498
1788847200000000000,1084.60,1084.90,1084.00,1084.70,12077
1788847260000000000,1084.50,1084.70,1084.20,1084.50,6857
1788847320000000000,1084.50,1085.00,1084.20,1084.80,3133
1788847380000000000,1084.80,1084.90,1084.10,1084.40,9507
1788847440000000000,1084.40,1085.00,1084.00,1085.00,8196
1788847500000000000,1084.90,1085.00,1084.60,1084.60,8217
1788847560000000000,1084.70,1085.30,1084.50,1085.20,6760
1788847620000000000,1085.20,1086.00,1085.00,1085.80,7328
1788847680000000000,1085.90,1086.00,1085.40,1085.50,6990
1788847740000000000,1085.40,1085.40,1084.40,1085.00,28594
1788847800000000000,1084.90,1085.70,1084.60,1085.30,9268
1788847860000000000,1085.30,1085.50,1085.10,1085.50,2451
1788847920000000000,1085.50,1086.00,1085.30,1086.00,2305
1788847980000000000,1086.00,1086.00,1085.00,1085.10,5607
1788848040000000000,1085.10,1085.90,1084.70,1085.50,11778
1788848100000000000,1085.50,1086.00,1085.10,1085.10,6732
1788848160000000000,1085.10,1085.40,1084.60,1085.00,11343
1788848220000000000,1085.10,1085.40,1084.60,1084.70,9411
1788848280000000000,1084.70,1085.20,1084.60,1084.70,4306
1788848340000000000,1084.70,1085.00,1084.10,1084.30,10493
1788848400000000000,1084.60,1084.70,1084.10,1084.30,5312
1788848460000000000,1084.20,1084.60,1084.10,1084.30,2503
1788848520000000000,1084.30,1084.60,1084.00,1084.40,4899
1788848580000000000,1084.50,1084.60,1084.00,1084.30,5653
1788848640000000000,1084.30,1084.30,1083.30,1083.50,13842
1788848700000000000,1083.70,1083.90,1083.40,1083.60,11266
1788848760000000000,1083.60,1083.70,1082.50,1083.00,41610
1788848820000000000,1082.90,1083.80,1082.90,1083.60,6848
1788848880000000000,1083.50,1083.70,1083.10,1083.30,5791
1788848940000000000,1083.40,1083.70,1083.00,1083.10,5859
1788849000000000000,1083.20,1083.30,1082.60,1082.80,6931
1788849060000000000,1083.00,1083.00,1082.40,1082.40,14498
1788849120000000000,1082.50,1083.00,1082.30,1082.60,7302
1788849180000000000,1082.70,1083.30,1082.40,1083.00,20337
1788849240000000000,1082.80,1083.10,1082.30,1082.70,9227
1788849300000000000,1082.60,1082.70,1082.00,1082.50,15067
1788849360000000000,1082.60,1082.90,1082.40,1082.80,3965
1788849420000000000,1082.60,1083.10,1082.50,1082.70,4114
1788849480000000000,1082.60,1082.70,1082.30,1082.50,11245
1788849540000000000,1082.50,1082.50,1082.10,1082.30,5896
1788849600000000000,1082.30,1082.60,1082.30,1082.60,4464
1788849660000000000,1082.60,1083.00,1082.50,1082.70,1278
1788849720000000000,1082.80,1082.90,1082.30,1082.50,13231
1788849780000000000,1082.70,1082.80,1081.60,1082.00,22823
1788849840000000000,1082.00,1082.10,1081.70,1081.70,5043
1788849900000000000,1082.00,1082.00,1081.10,1082.00,7589
1788849960000000000,1081.90,1083.30,1081.20,1083.20,46863
1788850020000000000,1083.30,1084.60,1082.90,1084.50,7179
1788850080000000000,1084.40,1085.10,1084.00,1085.10,17524
1788850140000000000,1085.20,1085.40,1085.00,1085.40,7947
1788850200000000000,1085.30,1085.40,1084.40,1085.00,19459
1788850260000000000,1085.00,1085.40,1084.90,1085.40,4919
1788850320000000000,1085.40,1085.60,1085.00,1085.60,8308
1788850380000000000,1085.60,1085.60,1084.70,1085.50,13532
1788850440000000000,1085.60,1085.60,1085.30,1085.50,5569
1788850500000000000,1085.60,1085.70,1085.40,1085.40,4988
1788850560000000000,1085.50,1085.50,1084.80,1084.80,6651
1788850620000000000,1084.90,1085.40,1084.70,1085.30,3351
1788850680000000000,1085.40,1085.70,1085.20,1085.50,3634
1788850740000000000,1085.50,1085.90,1085.40,1085.90,3527
1788850800000000000,1085.80,1085.90,1085.50,1085.60,4953
1788850860000000000,1085.80,1085.80,1085.30,1085.30,8688
1788850920000000000,1085.40,1085.70,1085.00,1085.20,7342
1788850980000000000,1085.20,1085.70,1085.10,1085.70,4357
1788851040000000000,1085.70,1085.90,1085.60,1085.90,1807
1788851100000000000,1085.90,1086.00,1085.80,1085.80,7079
1788851160000000000,1085.90,1086.00,1085.80,1086.00,4078
1788851220000000000,1086.00,1086.40,1085.90,1086.20,6420
1788851280000000000,1086.20,1086.40,1085.10,1086.20,35832
1788851340000000000,1086.20,1086.20,1085.90,1085.90,5040
1788851400000000000,1086.00,1086.30,1085.40,1085.50,10375
1788851460000000000,1085.50,1085.60,1085.00,1085.10,19653
1788851520000000000,1085.20,1086.00,1085.00,1085.90,19390
1788851580000000000,1085.80,1086.20,1085.20,1085.20,57469
1788851640000000000,1085.40,1085.50,1085.10,1085.30,2504
1788851700000000000,1085.30,1085.30,1084.70,1084.90,10363
1788851760000000000,1085.00,1085.10,1084.80,1084.90,3202
1788851820000000000,1085.00,1085.00,1084.70,1084.70,10327
1788851880000000000,1084.90,1084.90,1084.70,1084.90,3098
1788851940000000000,1084.90,1085.50,1084.50,1085.40,6706
1788852000000000000,1085.50,1085.50,1085.40,1085.50,2057
1788852060000000000,1085.50,1085.50,1085.30,1085.30,6694
1788852120000000000,1085.40,1085.50,1084.80,1084.80,11827
1788852180000000000,1084.90,1085.30,1084.80,1085.10,8842
1788852240000000000,1085.00,1085.50,1085.00,1085.40,4981
1788852300000000000,1085.50,1085.50,1085.30,1085.40,4619
1788852360000000000,1085.50,1085.50,1085.30,1085.40,5302
1788852420000000000,1085.50,1085.50,1085.40,1085.50,23425
1788852480000000000,1085.50,1085.50,1085.40,1085.50,5029
1788852540000000000,1085.50,1085.50,1085.40,1085.50,9448
1788852600000000000,1085.50,1085.90,1085.40,1085.80,33290
1788852660000000000,1085.80,1085.80,1085.70,1085.80,2163
1788852720000000000,1085.80,1085.80,1085.50,1085.70,4210
1788852780000000000,1085.70,1085.90,1085.50,1085.70,5878
1788852840000000000,1085.70,1085.80,1085.50,1085.50,6729
1788852900000000000,1085.60,1085.90,1085.60,1085.80,3608
1788852960000000000,1085.90,1086.30,1085.80,1086.30,8003
1788853020000000000,1086.40,1086.70,1086.20,1086.50,12459
1788853080000000000,1086.50,1086.80,1086.00,1086.40,7206
1788853140000000000,1086.30,1086.50,1086.00,1086.10,6573
1788853200000000000,1086.20,1086.50,1086.20,1086.50,2743
1788853260000000000,1086.50,1086.60,1086.40,1086.50,7087
1788853320000000000,1086.50,1086.90,1086.40,1086.60,5708
1788853380000000000,1086.50,1087.80,1086.50,1087.10,15587
1788853440000000000,1086.90,1087.30,1086.70,1087.20,6084
1788853500000000000,1087.30,1087.90,1087.20,1087.60,9501
1788853560000000000,1087.60,1087.70,1087.20,1087.60,13938
1788853620000000000,1087.70,1087.90,1087.10,1087.20,55185
1788853680000000000,1087.20,1087.80,1086.90,1087.50,12132
1788853740000000000,1087.40,1088.50,1087.20,1088.40,15474
1788853800000000000,1088.50,1088.50,1087.40,1087.40,12887
1788853860000000000,1087.50,1087.70,1087.40,1087.40,3560
1788853920000000000,1087.60,1087.70,1087.30,1087.40,3640
1788853980000000000,1087.40,1087.70,1087.20,1087.70,5725
1788854040000000000,1087.70,1087.80,1087.20,1087.60,4896
1788854100000000000,1087.70,1087.70,1087.20,1087.40,3269
1788854160000000000,1087.50,1087.50,1087.10,1087.10,5284
1788854220000000000,1087.30,1087.40,1087.10,1087.10,4716
1788854280000000000,1087.20,1087.50,1087.10,1087.50,3972
1788854340000000000,1087.50,1087.60,1087.30,1087.30,5227
1788854400000000000,1087.40,1087.60,1087.20,1087.40,3136
1788854460000000000,1087.40,1087.80,1087.00,1087.30,16131
1788854520000000000,1087.40,1087.50,1086.40,1086.60,9305
1788854580000000000,1086.60,1086.70,1086.20,1086.60,7443
1788854640000000000,1086.60,1086.80,1085.90,1085.90,12324
1788854700000000000,1086.00,1086.40,1085.90,1086.20,3331
1788854760000000000,1086.20,1086.30,1086.00,1086.10,8519
1788854820000000000,1086.20,1086.90,1086.20,1086.30,7658
1788854880000000000,1086.30,1086.30,1085.80,1085.90,11491
1788854940000000000,1086.20,1086.30,1085.50,1085.90,9177
1788855000000000000,1086.00,1086.10,1084.50,1085.80,48135
1788855060000000000,1085.70,1086.00,1085.20,1085.50,13493
1788855120000000000,1085.60,1086.00,1085.30,1085.80,5284
1788855180000000000,1085.80,1086.10,1085.20,1085.20,7170
1788855240000000000,1085.30,1085.50,1084.90,1085.00,9121
1788855300000000000,1085.10,1085.50,1084.70,1084.90,7615
1788855360000000000,1085.00,1085.20,1084.90,1085.00,7185
1788855420000000000,1085.10,1085.10,1084.70,1084.70,4910
1788855480000000000,1084.80,1085.00,1084.50,1084.50,2358
1788855540000000000,1084.60,1084.60,1084.50,1084.50,2851
1788855600000000000,1084.60,1084.60,1084.20,1084.20,4546
1788855660000000000,1084.30,1084.30,1083.40,1083.50,14480
1788855720000000000,1083.60,1084.40,1083.50,1084.10,7766
1788855780000000000,1084.20,1084.50,1083.40,1084.30,14547
1788855840000000000,1084.30,1084.40,1083.80,1083.90,6678
1788855900000000000,1084.00,1084.30,1083.70,1083.90,12052
1788855960000000000,1084.00,1084.00,1083.00,1083.30,17261
1788856020000000000,1083.30,1083.90,1083.00,1083.50,21359
1788856080000000000,1083.50,1083.80,1083.10,1083.30,13388
1788856140000000000,1083.40,1083.70,1083.10,1083.40,12743
1788856200000000000,1083.50,1083.90,1082.70,1083.60,17428
1788856260000000000,1083.80,1084.20,1083.30,1083.40,13555
1788856320000000000,1083.50,1083.60,1082.90,1083.10,8823
1788856380000000000,1083.20,1083.50,1082.80,1083.20,12230
1788856440000000000,1083.30,1084.00,1083.00,1083.20,17296
1788856500000000000,1083.30,1084.00,1083.00,1083.30,58056
1788856560000000000,1083.40,1084.00,1083.20,1083.60,34796
1788856620000000000,1083.70,1083.80,1083.00,1083.00,65463
1788856680000000000,1083.10,1083.40,1082.60,1083.00,12391
1788856740000000000,1083.10,1083.20,1082.70,1082.90,15546
1788856800000000000,1083.00,1083.10,1082.60,1082.80,10310
1788856860000000000,1083.00,1083.50,1082.80,1083.10,10376
1788856920000000000,1083.50,1083.50,1083.00,1083.10,9480
1788856980000000000,1083.10,1083.50,1082.90,1083.30,10688
1788857040000000000,1083.20,1083.30,1082.70,1083.20,22548
1788857100000000000,1083.20,1083.70,1082.60,1083.60,18368
1788857160000000000,1083.50,1083.80,1083.20,1083.70,8333
1788857220000000000,1083.70,1084.50,1083.30,1084.20,13289
1788857280000000000,1084.20,1084.50,1083.90,1084.20,10626
1788857340000000000,1084.20,1084.70,1083.70,1084.30,17139
1788857400000000000,1084.40,1084.70,1083.90,1084.50,9281
1788857460000000000,1084.60,1084.90,1084.50,1084.60,8671
1788857520000000000,1084.70,1084.80,1084.20,1084.30,8473
1788857580000000000,1084.40,1084.60,1084.10,1084.20,9893
1788857640000000000,1084.30,1084.30,1083.30,1083.90,14914
1788857700000000000,1084.00,1084.00,1083.10,1083.40,11822
1788857760000000000,1083.40,1083.70,1083.00,1083.20,15382
1788857820000000000,1083.30,1083.70,1082.90,1083.40,20741
1788857880000000000,1083.10,1083.90,1083.00,1083.40,15519
1788857940000000000,1083.40,1083.80,1083.10,1083.60,7336
1788858000000000000,1083.60,1083.90,1083.10,1083.30,16601
1788858060000000000,1083.50,1083.70,1083.20,1083.50,11371
1788858120000000000,1083.50,1084.00,1083.30,1083.60,11888
1788858180000000000,1083.80,1084.10,1083.40,1083.50,11477
1788858240000000000,1083.50,1084.40,1083.30,1083.90,12508
1788858300000000000,1084.30,1084.60,1083.00,1083.20,14323
1788858360000000000,1083.20,1083.50,1082.70,1083.10,10183
1788858420000000000,1083.10,1083.70,1082.60,1083.10,16500
1788858480000000000,1083.30,1083.50,1082.60,1083.10,12222
1788858540000000000,1083.10,1083.50,1082.70,1083.20,11129
1788858600000000000,1083.20,1083.20,1082.50,1082.90,14084
1788858660000000000,1083.00,1083.90,1082.40,1083.90,25152
1788858720000000000,1083.90,1084.00,1083.20,1083.20,17091
1788858780000000000,1083.30,1083.40,1082.90,1083.30,9779
1788858840000000000,1083.20,1083.40,1082.40,1082.80,26245
1788858900000000000,1083.00,1083.00,1082.40,1082.50,9859
1788858960000000000,1082.60,1082.70,1081.50,1082.00,220119
1788859020000000000,1082.10,1082.70,1082.10,1082.50,30367
1788859080000000000,1082.50,1082.60,1081.90,1082.00,19136
1788859140000000000,1082.10,1082.40,1081.10,1081.60,41105
1788859200000000000,1081.60,1081.90,1081.20,1081.70,17754
1788859260000000000,1081.80,1081.80,1081.10,1081.60,14850
1788859320000000000,1081.50,1081.60,1081.10,1081.20,17886
1788859380000000000,1081.40,1082.00,1081.30,1082.00,16735
1788859440000000000,1082.00,1082.00,1081.20,1081.90,21009
1788859500000000000,1081.90,1082.10,1081.50,1081.50,17548
1788859560000000000,1081.70,1081.90,1081.30,1081.30,17513
1788859620000000000,1081.40,1081.90,1081.10,1081.60,23274
1788859680000000000,1081.70,1082.20,1081.50,1082.00,24273
1788859740000000000,1082.10,1082.30,1081.80,1082.10,22022
1788859800000000000,1082.20,1082.40,1081.00,1081.90,52964
1788859860000000000,1081.80,1082.40,1081.70,1082.20,41510
1788859920000000000,1082.00,1082.20,1081.30,1081.40,26088
1788859980000000000,1081.40,1081.50,1081.20,1081.30,22228
1788860040000000000,1081.20,1081.50,1081.20,1081.40,33994
1788860100000000000,1081.40,1082.00,1081.20,1081.80,42688
1788860160000000000,1081.80,1082.00,1081.00,1081.90,54461
1788860220000000000,1081.90,1082.00,1081.30,1081.70,26815
1788860280000000000,1081.70,1081.80,1081.60,1081.80,19377
1788860340000000000,1081.70,1083.40,1081.70,1083.40,56330
1788860400000000000,1083.40,1083.40,1082.40,1082.50,103629
1788860460000000000,1082.50,1083.50,1081.90,1082.30,52527
1788860520000000000,1082.30,1083.00,1080.30,1082.30,210853
1788860580000000000,1082.70,1082.70,1081.30,1082.50,99742
1788860640000000000,1082.50,1082.50,1081.00,1081.50,70682
1788860700000000000,1081.50,1081.50,1081.50,1081.50,0
1788860760000000000,1081.50,1081.50,1081.50,1081.50,0
1788860820000000000,1081.50,1081.50,1081.50,1081.50,0
1788860880000000000,1081.50,1081.50,1081.50,1081.50,0
1788860940000000000,1081.50,1081.50,1081.50,1081.50,0
1788861000000000000,1081.50,1081.50,1081.50,1081.50,0
1788861060000000000,1081.50,1081.50,1081.50,1081.50,0
1788861120000000000,1081.50,1081.50,1081.50,1081.50,0
1788861180000000000,1081.50,1081.50,1081.50,1081.50,0
1788861240000000000,1081.50,1081.50,1081.50,1081.50,0
1788861300000000000,1081.50,1081.50,1081.50,1081.50,0
1788861360000000000,1081.50,1081.50,1081.50,1081.50,0
1788861420000000000,1081.50,1081.50,1081.50,1081.50,0
1788861480000000000,1081.50,1081.50,1081.50,1081.50,0
1788861540000000000,1082.00,1082.00,1082.00,1082.00,520939
1788925500000000000,1059.00,1059.00,1040.60,1041.80,484211
1788925560000000000,1041.70,1045.60,1035.20,1044.20,239975
1788925620000000000,1044.20,1051.90,1043.60,1051.30,230366
1788925680000000000,1051.30,1057.00,1051.00,1053.00,251064
1788925740000000000,1053.20,1053.20,1048.70,1048.80,95844
1788925800000000000,1049.50,1049.70,1044.30,1046.50,120471
1788925860000000000,1046.40,1048.20,1045.70,1046.50,86440
1788925920000000000,1046.80,1048.50,1045.60,1047.50,83904
1788925980000000000,1047.50,1047.90,1045.60,1046.70,66218
1788926040000000000,1046.70,1046.90,1044.30,1046.30,87804
1788926100000000000,1046.30,1046.90,1044.40,1045.40,59482
1788926160000000000,1045.40,1047.20,1045.20,1045.80,81219
1788926220000000000,1045.80,1046.00,1044.40,1045.50,39867
1788926280000000000,1045.50,1046.80,1045.10,1045.60,47318
1788926340000000000,1045.60,1045.60,1044.60,1044.80,54249
1788926400000000000,1044.80,1047.80,1044.60,1046.70,66770
1788926460000000000,1046.70,1047.90,1046.30,1046.70,37375
1788926520000000000,1046.70,1047.50,1046.20,1046.70,29641
1788926580000000000,1046.60,1046.80,1045.60,1046.70,35091
1788926640000000000,1046.70,1047.60,1046.30,1047.20,19509
1788926700000000000,1047.30,1047.80,1046.60,1047.50,40357
1788926760000000000,1047.50,1048.00,1047.10,1047.30,13455
1788926820000000000,1047.30,1053.00,1047.10,1052.20,78294
1788926880000000000,1052.20,1053.60,1050.60,1053.20,47224
1788926940000000000,1053.20,1053.80,1052.40,1052.80,42465
1788927000000000000,1052.80,1053.00,1050.30,1051.50,49047
1788927060000000000,1051.50,1052.00,1051.10,1051.30,21471
1788927120000000000,1051.50,1051.80,1050.30,1051.40,40267
1788927180000000000,1051.40,1052.00,1050.80,1051.10,26861
1788927240000000000,1051.10,1051.40,1050.70,1051.00,21808
1788927300000000000,1051.00,1051.10,1049.20,1049.80,37488
1788927360000000000,1049.80,1049.80,1045.10,1045.70,62316
1788927420000000000,1045.70,1045.70,1043.10,1043.60,122720
1788927480000000000,1043.60,1044.00,1043.10,1043.70,34754
1788927540000000000,1043.90,1043.90,1042.90,1043.20,41723
1788927600000000000,1043.20,1044.40,1043.00,1043.70,112592
1788927660000000000,1044.00,1044.10,1043.50,1044.00,31665
1788927720000000000,1044.00,1045.00,1043.90,1044.90,25059
1788927780000000000,1044.90,1044.90,1044.30,1044.50,19314
1788927840000000000,1044.40,1044.70,1043.60,1043.70,31649
1788927900000000000,1043.70,1043.70,1042.50,1043.00,43308
1788927960000000000,1043.00,1043.00,1042.50,1042.90,35237
1788928020000000000,1042.80,1043.50,1042.70,1043.20,61663
1788928080000000000,1043.20,1044.00,1042.90,1044.00,19162
1788928140000000000,1044.00,1044.00,1042.80,1043.10,15515
1788928200000000000,1043.10,1043.30,1042.80,1043.00,12080
1788928260000000000,1043.00,1043.10,1042.10,1042.20,26845
1788928320000000000,1042.20,1042.50,1042.00,1042.50,39892
1788928380000000000,1042.30,1042.50,1042.10,1042.30,35869
1788928440000000000,1042.30,1043.40,1042.20,1043.10,35492
1788928500000000000,1043.10,1043.10,1042.60,1042.90,13795
1788928560000000000,1043.00,1043.80,1042.80,1043.10,39441
1788928620000000000,1043.10,1043.20,1042.80,1043.00,11812
1788928680000000000,1043.00,1043.00,1042.70,1042.70,12626
1788928740000000000,1042.80,1044.80,1042.80,1043.80,64247
1788928800000000000,1043.80,1044.10,1043.10,1043.80,17231
1788928860000000000,1043.80,1043.80,1043.40,1043.70,16317
1788928920000000000,1043.70,1044.00,1043.30,1043.50,14906
1788928980000000000,1043.50,1044.90,1043.30,1044.80,45406
1788929040000000000,1044.80,1044.80,1043.80,1044.00,30491
1788929100000000000,1044.00,1044.50,1043.80,1044.20,19819
1788929160000000000,1044.20,1044.50,1043.90,1044.50,16144
1788929220000000000,1044.50,1044.60,1044.30,1044.60,20779
1788929280000000000,1044.60,1045.70,1044.20,1044.40,55896
1788929340000000000,1044.50,1044.50,1043.70,1043.90,25356
1788929400000000000,1043.90,1044.20,1043.60,1043.70,19092
1788929460000000000,1043.70,1043.80,1043.10,1043.40,13666
1788929520000000000,1043.40,1043.40,1042.60,1043.00,38779
1788929580000000000,1043.00,1043.00,1042.50,1042.80,22839
1788929640000000000,1042.80,1043.40,1042.80,1043.30,56710
1788929700000000000,1043.30,1043.70,1043.10,1043.60,19153
1788929760000000000,1043.60,1044.10,1043.50,1044.10,25441
1788929820000000000,1044.10,1044.20,1043.40,1043.90,25139
1788929880000000000,1043.90,1043.90,1042.50,1042.80,40087
1788929940000000000,1042.80,1042.80,1042.50,1042.60,13038
1788930000000000000,1042.60,1042.60,1041.20,1041.60,80260
1788930060000000000,1041.60,1041.60,1041.00,1041.00,21416
1788930120000000000,1041.10,1041.80,1040.60,1041.80,64228
1788930180000000000,1041.70,1041.90,1041.40,1041.90,11040
1788930240000000000,1041.90,1042.10,1041.40,1041.40,18385
1788930300000000000,1041.50,1041.50,1041.00,1041.20,12580
1788930360000000000,1041.20,1041.20,1041.10,1041.20,10137
1788930420000000000,1041.20,1041.20,1040.60,1041.00,27927
1788930480000000000,1041.00,1041.30,1040.70,1040.80,29155
1788930540000000000,1040.80,1040.80,1040.50,1040.70,10546
1788930600000000000,1040.70,1040.70,1038.60,1039.70,165651
1788930660000000000,1039.80,1039.90,1039.10,1039.80,18953
1788930720000000000,1039.80,1040.00,1039.20,1040.00,17116
1788930780000000000,1040.00,1041.90,1039.90,1041.40,36547
1788930840000000000,1041.40,1041.70,1040.50,1041.50,22833
1788930900000000000,1041.50,1041.50,1040.00,1040.10,19444
1788930960000000000,1040.10,1040.20,1040.00,1040.00,19505
1788931020000000000,1040.10,1040.60,1040.00,1040.40,25735
1788931080000000000,1040.40,1041.20,1040.30,1041.00,16677
1788931140000000000,1041.00,1041.20,1040.70,1041.00,18581
1788931200000000000,1041.00,1041.00,1040.30,1040.30,12411
1788931260000000000,1040.50,1040.50,1040.00,1040.20,11127
1788931320000000000,1040.20,1040.30,1040.00,1040.30,7819
1788931380000000000,1040.30,1041.30,1040.30,1040.70,31503
1788931440000000000,1040.90,1040.90,1040.30,1040.50,8464
1788931500000000000,1040.50,1040.70,1040.20,1040.50,10088
1788931560000000000,1040.50,1040.50,1040.40,1040.50,13064
1788931620000000000,1040.50,1040.60,1040.40,1040.50,9968
1788931680000000000,1040.50,1040.80,1040.40,1040.70,8899
1788931740000000000,1040.80,1041.50,1040.70,1041.00,11689
1788931800000000000,1041.20,1041.20,1040.50,1040.70,16901
1788931860000000000,1040.60,1040.90,1040.60,1040.80,12329
1788931920000000000,1040.80,1040.90,1040.60,1040.80,8160
1788931980000000000,1040.80,1040.80,1040.50,1040.60,8350
1788932040000000000,1040.60,1040.60,1040.00,1040.20,17037
1788932100000000000,1040.10,1040.40,1039.90,1040.30,48474
1788932160000000000,1040.20,1040.30,1040.00,1040.20,8833
1788932220000000000,1040.10,1040.20,1039.60,1040.00,22105
1788932280000000000,1040.00,1040.00,1039.70,1039.80,9755
1788932340000000000,1039.80,1039.80,1039.50,1039.70,13859
1788932400000000000,1039.70,1039.70,1039.00,1039.00,14874
1788932460000000000,1039.20,1039.20,1039.00,1039.10,9417
1788932520000000000,1039.10,1039.90,1039.00,1039.70,87068
1788932580000000000,1039.70,1039.80,1038.80,1039.00,19167
1788932640000000000,1039.00,1039.10,1038.60,1039.00,7145
1788932700000000000,1039.00,1039.50,1038.60,1039.50,15022
1788932760000000000,1039.50,1040.10,1039.10,1039.70,20724
1788932820000000000,1039.70,1039.90,1039.20,1039.50,10887
1788932880000000000,1039.50,1039.80,1039.30,1039.50,6727
1788932940000000000,1039.50,1040.00,1038.70,1039.70,35378
1788933000000000000,1040.00,1040.00,1038.80,1039.00,31489
1788933060000000000,1039.00,1039.00,1037.60,1038.30,65579
1788933120000000000,1038.30,1038.40,1037.70,1037.70,19731
1788933180000000000,1037.90,1038.60,1037.40,1038.50,89337
1788933240000000000,1038.60,1038.90,1038.20,1038.80,14062
1788933300000000000,1038.80,1038.90,1037.40,1037.40,28666
1788933360000000000,1037.60,1037.70,1036.70,1037.00,48221
1788933420000000000,1037.00,1037.30,1036.90,1036.90,66753
1788933480000000000,1037.00,1037.50,1036.90,1037.30,69024
1788933540000000000,1037.20,1038.70,1036.90,1038.70,55898
1788933600000000000,1038.70,1038.70,1038.00,1038.10,11691
1788933660000000000,1038.10,1039.60,1038.00,1039.30,32040
1788933720000000000,1039.50,1039.50,1038.00,1038.60,68502
1788933780000000000,1038.60,1038.70,1037.70,1038.00,46764
1788933840000000000,1038.00,1038.00,1037.00,1037.70,70663
1788933900000000000,1037.70,1037.90,1037.60,1037.80,8275
1788933960000000000,1037.80,1038.20,1037.80,1037.80,17552
1788934020000000000,1037.90,1038.10,1037.70,1037.90,7987
1788934080000000000,1037.90,1038.00,1037.50,1037.70,9908
1788934140000000000,1037.90,1038.20,1037.60,1038.20,19536
1788934200000000000,1038.20,1038.80,1037.90,1038.00,83271
1788934260000000000,1038.00,1038.90,1037.80,1038.90,122542
1788934320000000000,1038.90,1039.30,1038.10,1039.20,31661
1788934380000000000,1039.20,1039.70,1038.80,1039.40,19646
1788934440000000000,1039.40,1039.70,1039.30,1039.70,13982
1788934500000000000,1039.70,1039.70,1038.80,1038.90,12934
1788934560000000000,1038.90,1039.70,1038.80,1039.70,35129
1788934620000000000,1039.70,1040.70,1039.70,1040.40,35819
1788934680000000000,1040.40,1040.40,1039.30,1039.70,15450
1788934740000000000,1039.60,1039.60,1039.10,1039.30,9562
1788934800000000000,1039.40,1039.40,1038.50,1038.90,12823
1788934860000000000,1038.90,1038.90,1038.50,1038.80,18900
1788934920000000000,1038.90,1038.90,1038.50,1038.70,7099
1788934980000000000,1038.70,1038.90,1038.60,1038.60,8713
1788935040000000000,1038.80,1038.80,1038.50,1038.50,10341
1788935100000000000,1038.60,1038.60,1037.70,1037.70,33953
1788935160000000000,1037.90,1038.00,1037.70,1037.80,15362
1788935220000000000,1037.80,1037.80,1037.70,1037.70,12305
1788935280000000000,1037.80,1037.80,1037.50,1037.50,13054
1788935340000000000,1037.60,1037.60,1037.00,1037.10,36308
1788935400000000000,1037.10,1037.20,1036.60,1036.90,28046
1788935460000000000,1036.90,1037.00,1036.50,1037.00,14704
1788935520000000000,1037.00,1038.40,1037.00,1037.70,50531
1788935580000000000,1037.70,1038.00,1037.30,1037.70,22781
1788935640000000000,1037.80,1037.80,1037.00,1037.50,14364
1788935700000000000,1037.50,1037.60,1037.10,1037.20,7339
1788935760000000000,1037.20,1037.20,1036.90,1037.20,14879
1788935820000000000,1037.20,1037.30,1036.80,1037.10,15330
1788935880000000000,1037.10,1037.10,1036.80,1036.90,8032
1788935940000000000,1036.90,1037.00,1036.70,1037.00,13846
1788936000000000000,1037.00,1037.00,1036.80,1037.00,14779
1788936060000000000,1036.90,1037.00,1036.30,1036.30,26847
1788936120000000000,1036.30,1036.60,1036.20,1036.60,16110
1788936180000000000,1036.60,1036.80,1036.40,1036.50,9847
1788936240000000000,1036.70,1036.80,1036.00,1036.10,22922
1788936300000000000,1036.30,1036.30,1035.50,1035.70,85894
1788936360000000000,1035.80,1035.90,1035.60,1035.60,17316
1788936420000000000,1035.60,1035.80,1035.50,1035.60,19069
1788936480000000000,1035.60,1035.90,1035.50,1035.60,29177
1788936540000000000,1035.60,1035.70,1035.20,1035.40,19128
1788936600000000000,1035.50,1035.50,1035.00,1035.10,87032
1788936660000000000,1035.10,1035.10,1034.40,1034.60,25116
1788936720000000000,1034.80,1034.80,1034.30,1034.80,23925
1788936780000000000,1034.80,1034.80,1034.40,1034.70,14837
1788936840000000000,1034.70,1035.20,1034.40,1035.20,68000
1788936900000000000,1035.20,1035.20,1034.60,1035.10,12685
1788936960000000000,1035.10,1035.20,1034.90,1035.10,12673
1788937020000000000,1035.20,1035.50,1035.00,1035.30,16407
1788937080000000000,1035.40,1035.50,1035.20,1035.30,12598
1788937140000000000,1035.30,1035.30,1035.00,1035.10,17644
1788937200000000000,1035.10,1035.10,1035.00,1035.10,15292
1788937260000000000,1035.10,1035.90,1035.00,1035.50,39048
1788937320000000000,1035.50,1036.00,1035.40,1035.90,20846
1788937380000000000,1035.90,1036.90,1035.60,1036.50,31674
1788937440000000000,1036.30,1036.40,1035.60,1036.00,16337
1788937500000000000,1036.00,1036.20,1035.50,1036.10,15487
1788937560000000000,1036.10,1036.10,1035.20,1035.60,39856
1788937620000000000,1035.60,1035.80,1035.30,1035.30,28151
1788937680000000000,1035.60,1035.60,1035.00,1035.30,31281
1788937740000000000,1035.30,1035.60,1035.10,1035.60,32403
1788937800000000000,1035.60,1035.80,1035.30,1035.40,22442
1788937860000000000,1035.50,1035.50,1035.00,1035.30,38270
1788937920000000000,1035.30,1035.30,1035.00,1035.30,17638
1788937980000000000,1035.30,1036.00,1035.10,1036.00,41229
1788938040000000000,1035.90,1036.20,1035.40,1036.20,24541
1788938100000000000,1036.20,1036.20,1035.40,1035.80,24541
1788938160000000000,1035.80,1035.90,1035.60,1035.90,19501
1788938220000000000,1035.90,1036.20,1035.60,1036.20,18698
1788938280000000000,1036.20,1036.70,1035.90,1036.70,35230
1788938340000000000,1036.70,1036.70,1036.20,1036.40,16667
1788938400000000000,1036.40,1036.40,1036.00,1036.20,21126
1788938460000000000,1036.20,1036.20,1036.00,1036.20,17640
1788938520000000000,1036.20,1036.90,1036.00,1036.80,37417
1788938580000000000,1036.70,1036.80,1035.80,1036.10,20762
1788938640000000000,1036.10,1036.10,1035.50,1035.80,32789
1788938700000000000,1035.80,1035.90,1035.60,1035.80,18220
1788938760000000000,1035.80,1036.00,1035.50,1035.80,21617
1788938820000000000,1035.80,1036.30,1035.60,1036.10,51455
1788938880000000000,1036.10,1036.40,1036.00,1036.20,20047
1788938940000000000,1036.20,1036.30,1036.00,1036.30,15160
1788939000000000000,1036.30,1036.40,1036.00,1036.10,14370
1788939060000000000,1036.10,1036.20,1035.50,1035.70,19284
1788939120000000000,1035.70,1035.70,1035.10,1035.30,16256
1788939180000000000,1035.30,1035.40,1035.00,1035.10,29271
1788939240000000000,1035.10,1035.10,1034.70,1034.90,32735
1788939300000000000,1034.90,1035.20,1034.60,1035.20,35664
1788939360000000000,1035.20,1035.40,1035.00,1035.30,19890
1788939420000000000,1035.40,1036.20,1035.20,1036.20,21013
1788939480000000000,1036.20,1036.40,1035.50,1035.80,16531
1788939540000000000,1035.80,1035.90,1035.20,1035.30,12445
1788939600000000000,1035.40,1035.40,1035.00,1035.10,14174
1788939660000000000,1035.10,1035.30,1034.90,1035.10,23131
1788939720000000000,1035.10,1035.10,1034.20,1034.60,35347
1788939780000000000,1034.60,1034.70,1034.30,1034.60,10859
1788939840000000000,1034.60,1034.70,1034.30,1034.70,14709
1788939900000000000,1034.70,1034.70,1034.20,1034.40,13489
1788939960000000000,1034.40,1034.50,1034.20,1034.50,18857
1788940020000000000,1034.50,1034.70,1034.30,1034.70,32460
1788940080000000000,1034.70,1035.40,1034.60,1035.40,29207
1788940140000000000,1035.40,1035.50,1035.00,1035.30,20122
1788940200000000000,1035.30,1035.30,1034.80,1035.30,14808
1788940260000000000,1035.30,1035.30,1035.00,1035.20,11618
1788940320000000000,1035.30,1035.30,1035.00,1035.20,20489
1788940380000000000,1035.20,1035.30,1034.90,1035.00,14627
1788940440000000000,1035.00,1035.30,1034.70,1035.30,19996
1788940500000000000,1035.30,1035.60,1035.10,1035.50,25929
1788940560000000000,1035.60,1035.60,1035.10,1035.50,14562
1788940620000000000,1035.50,1035.50,1035.20,1035.30,10084
1788940680000000000,1035.30,1035.30,1035.00,1035.30,22383
1788940740000000000,1035.30,1036.00,1035.20,1035.90,44223
1788940800000000000,1035.90,1036.00,1035.20,1035.70,12759
1788940860000000000,1035.70,1036.40,1035.60,1036.00,28717
1788940920000000000,1036.30,1036.30,1035.60,1035.80,20820
1788940980000000000,1035.80,1035.80,1035.10,1035.20,12818
1788941040000000000,1035.20,1035.90,1035.00,1035.30,49285
1788941100000000000,1035.30,1035.60,1035.00,1035.20,24151
1788941160000000000,1035.20,1035.20,1034.40,1034.70,43764
1788941220000000000,1034.70,1035.10,1034.50,1035.10,25577
1788941280000000000,1035.10,1035.70,1035.00,1035.30,16738
1788941340000000000,1035.30,1035.60,1035.20,1035.40,13427
1788941400000000000,1035.40,1035.70,1035.30,1035.40,13137
1788941460000000000,1035.40,1035.40,1035.10,1035.30,15481
1788941520000000000,1035.30,1035.40,1035.00,1035.20,16841
1788941580000000000,1035.20,1035.30,1035.00,1035.20,14012
1788941640000000000,1035.20,1035.30,1034.60,1034.90,24768
1788941700000000000,1034.90,1035.10,1034.70,1035.00,13521
1788941760000000000,1035.00,1035.10,1034.70,1034.90,8210
1788941820000000000,1034.90,1035.10,1034.70,1035.10,25761
1788941880000000000,1035.10,1035.10,1034.80,1035.00,9883
1788941940000000000,1035.00,1035.10,1034.90,1035.10,12748
1788942000000000000,1035.10,1035.10,1035.00,1035.10,10854
1788942060000000000,1035.10,1035.10,1034.80,1034.90,17132
1788942120000000000,1034.90,1035.10,1034.80,1035.10,28046
1788942180000000000,1035.10,1035.10,1034.50,1034.60,33799
1788942240000000000,1034.60,1034.70,1034.00,1034.00,46897
1788942300000000000,1034.20,1034.30,1034.00,1034.20,32735
1788942360000000000,1034.20,1034.20,1033.20,1033.80,57044
1788942420000000000,1033.80,1033.80,1033.20,1033.50,29936
1788942480000000000,1033.50,1033.50,1033.20,1033.50,39724
1788942540000000000,1033.50,1033.50,1033.30,1033.40,25547
1788942600000000000,1033.40,1033.50,1033.20,1033.30,37273
1788942660000000000,1033.30,1033.30,1033.00,1033.10,29325
1788942720000000000,1033.10,1033.20,1033.00,1033.10,64918
1788942780000000000,1033.10,1033.90,1033.00,1033.50,67262
1788942840000000000,1033.50,1033.50,1033.10,1033.20,17356
1788942900000000000,1033.20,1033.20,1033.00,1033.00,23167
1788942960000000000,1033.10,1033.10,1032.60,1033.00,28815
1788943020000000000,1033.00,1033.00,1032.30,1032.70,79991
1788943080000000000,1032.70,1033.10,1032.60,1033.00,40731
1788943140000000000,1033.00,1033.90,1032.70,1033.00,68833
1788943200000000000,1033.00,1033.00,1032.60,1032.70,26465
1788943260000000000,1032.70,1033.20,1032.60,1033.10,36376
1788943320000000000,1033.10,1033.10,1032.70,1032.80,29847
1788943380000000000,1032.80,1033.00,1032.50,1032.50,41754
1788943440000000000,1032.70,1032.70,1032.40,1032.50,21014
1788943500000000000,1032.60,1032.70,1032.20,1032.70,70886
1788943560000000000,1032.70,1033.00,1032.50,1032.70,26488
1788943620000000000,1032.70,1033.00,1032.50,1032.90,44100
1788943680000000000,1032.90,1032.90,1032.50,1032.70,26311
1788943740000000000,1032.70,1032.70,1032.20,1032.50,30726
1788943800000000000,1032.50,1033.10,1032.30,1032.60,80874
1788943860000000000,1032.60,1032.90,1032.30,1032.60,30719
1788943920000000000,1032.80,1032.90,1032.50,1032.60,22537
1788943980000000000,1032.60,1032.60,1032.00,1032.30,50188
1788944040000000000,1032.30,1032.30,1032.10,1032.30,32571
1788944100000000000,1032.30,1032.70,1031.30,1032.70,105734
1788944160000000000,1032.80,1033.00,1031.70,1032.50,59651
1788944220000000000,1032.50,1032.50,1031.90,1032.20,25371
1788944280000000000,1032.20,1032.70,1031.50,1032.60,85855
1788944340000000000,1032.60,1032.70,1032.00,1032.70,29263
1788944400000000000,1032.70,1032.70,1031.90,1032.10,21619
1788944460000000000,1032.30,1032.40,1032.00,1032.10,16363
1788944520000000000,1032.20,1032.60,1032.00,1032.20,21142
1788944580000000000,1032.20,1032.30,1031.50,1031.50,24379
1788944640000000000,1032.00,1032.20,1031.60,1031.80,14462
1788944700000000000,1031.80,1032.00,1031.50,1032.00,23130
1788944760000000000,1032.00,1032.00,1031.30,1031.70,20966
1788944820000000000,1031.60,1031.70,1031.20,1031.50,22634
1788944880000000000,1031.50,1031.60,1031.10,1031.40,24861
1788944940000000000,1031.30,1031.40,1030.50,1030.90,58990
1788945000000000000,1030.90,1031.10,1030.60,1031.00,25374
1788945060000000000,1031.00,1031.40,1030.70,1031.30,28714
1788945120000000000,1031.30,1031.40,1031.00,1031.30,21293
1788945180000000000,1031.30,1031.30,1030.90,1031.10,23060
1788945240000000000,1031.10,1031.30,1030.60,1030.60,33999
1788945300000000000,1031.00,1031.10,1030.20,1030.50,32729
1788945360000000000,1030.50,1030.70,1030.20,1030.40,29565
1788945420000000000,1030.40,1030.50,1030.00,1030.10,48994
1788945480000000000,1030.20,1030.50,1030.00,1030.20,52344
1788945540000000000,1030.40,1030.40,1030.00,1030.20,26645
1788945600000000000,1030.20,1030.30,1029.50,1030.10,147147
1788945660000000000,1030.10,1030.30,1029.80,1030.20,45220
1788945720000000000,1030.20,1030.60,1030.00,1030.10,54093
1788945780000000000,1030.20,1030.50,1030.00,1030.30,32359
1788945840000000000,1030.40,1030.50,1030.10,1030.20,22340
1788945900000000000,1030.20,1030.40,1029.70,1030.00,28456
1788945960000000000,1030.00,1030.10,1029.80,1030.00,34450
1788946020000000000,1030.00,1030.30,1029.90,1030.10,33701
1788946080000000000,1030.20,1030.50,1030.00,1030.20,32360
1788946140000000000,1030.20,1030.60,1030.00,1030.60,40905
1788946200000000000,1030.60,1030.60,1030.20,1030.30,28958
1788946260000000000,1030.30,1030.40,1029.80,1029.90,62300
1788946320000000000,1029.90,1030.00,1029.50,1029.70,37847
1788946380000000000,1029.70,1029.70,1028.60,1028.80,75453
1788946440000000000,1029.10,1029.20,1027.60,1028.00,71479
1788946500000000000,1028.10,1028.10,1026.80,1027.40,114820
1788946560000000000,1027.40,1028.50,1026.50,1028.40,126232
1788946620000000000,1028.40,1029.40,1028.00,1029.30,104986
1788946680000000000,1029.30,1030.10,1029.00,1029.40,116600
1788946740000000000,1029.40,1030.60,1028.10,1030.60,122050
1788946800000000000,1030.60,1030.60,1030.00,1030.50,73192
1788946860000000000,1030.50,1032.00,1030.30,1032.00,77289
1788946920000000000,1032.00,1032.00,1030.00,1031.70,166991
1788946980000000000,1031.70,1032.60,1030.80,1032.00,103858
1788947040000000000,1032.00,1033.00,1031.90,1032.80,33461
1788947100000000000,1032.80,1032.80,1032.80,1032.80,0
1788947160000000000,1032.80,1032.80,1032.80,1032.80,0
1788947220000000000,1032.80,1032.80,1032.80,1032.80,0
1788947280000000000,1032.80,1032.80,1032.80,1032.80,0
1788947340000000000,1032.80,1032.80,1032.80,1032.80,0
1788947400000000000,1032.80,1032.80,1032.80,1032.80,0
1788947460000000000,1032.80,1032.80,1032.80,1032.80,0
1788947520000000000,1032.80,1032.80,1032.80,1032.80,0
1788947580000000000,1032.80,1032.80,1032.80,1032.80,0
1788947640000000000,1032.80,1032.80,1032.80,1032.80,0
1788947700000000000,1032.80,1032.80,1032.80,1032.80,0
1788947760000000000,1032.80,1032.80,1032.80,1032.80,0
1788947820000000000,1032.80,1032.80,1032.80,1032.80,0
1788947880000000000,1035.00,1035.00,1035.00,1035.00,336121
1788947940000000000,1035.00,1035.00,1035.00,1035.00,0
1789011900000000000,1039.60,1040.00,1030.20,1030.60,319624
1789011960000000000,1030.60,1030.60,1027.30,1029.40,171844
1789012020000000000,1029.40,1036.90,1029.30,1036.00,124282
1789012080000000000,1036.00,1036.90,1035.10,1036.80,88973
1789012140000000000,1036.80,1037.70,1036.40,1037.70,67947
1789012200000000000,1037.70,1037.80,1034.20,1034.60,113902
1789012260000000000,1034.60,1036.50,1034.40,1036.00,65843
1789012320000000000,1036.00,1036.00,1033.40,1034.20,98428
1789012380000000000,1034.20,1038.70,1033.60,1037.20,114688
1789012440000000000,1037.20,1038.90,1037.00,1038.50,52496
1789012500000000000,1038.60,1038.60,1036.50,1037.90,56330
1789012560000000000,1037.90,1038.00,1036.20,1037.40,45115
1789012620000000000,1037.50,1038.20,1037.30,1037.50,36584
1789012680000000000,1037.50,1039.00,1037.40,1038.70,18417
1789012740000000000,1038.90,1039.60,1038.60,1038.90,48850
1789012800000000000,1038.90,1040.40,1038.50,1039.40,69466
1789012860000000000,1039.40,1039.60,1037.80,1038.20,35555
1789012920000000000,1038.10,1039.80,1037.70,1039.50,63350
1789012980000000000,1039.70,1041.90,1039.50,1041.20,147472
1789013040000000000,1041.20,1044.90,1041.10,1042.80,157344
1789013100000000000,1042.90,1043.80,1042.60,1042.70,48951
1789013160000000000,1042.80,1043.30,1042.40,1042.80,59048
1789013220000000000,1042.70,1044.50,1042.00,1044.50,87497
1789013280000000000,1044.50,1045.30,1043.30,1043.50,150041
1789013340000000000,1043.60,1043.60,1041.10,1041.20,35611
1789013400000000000,1041.20,1045.90,1041.10,1045.80,117527
1789013460000000000,1045.80,1046.40,1045.00,1045.70,60150
1789013520000000000,1045.70,1046.60,1044.10,1044.40,53602
1789013580000000000,1044.30,1044.30,1042.80,1042.90,30375
1789013640000000000,1043.40,1044.00,1042.80,1043.40,44280
1789013700000000000,1043.50,1044.40,1042.90,1043.50,34669
1789013760000000000,1043.50,1043.50,1041.00,1041.00,49064
1789013820000000000,1041.30,1041.30,1040.00,1040.20,49322
1789013880000000000,1040.20,1041.10,1040.00,1040.70,51246
1789013940000000000,1040.80,1042.00,1040.50,1041.80,28642
1789014000000000000,1041.80,1042.60,1041.50,1042.60,19963
1789014060000000000,1042.60,1042.60,1041.80,1042.30,20351
1789014120000000000,1042.30,1042.40,1041.30,1041.60,12776
1789014180000000000,1041.60,1042.30,1041.30,1041.80,26892
1789014240000000000,1041.80,1042.30,1041.60,1042.00,11463
1789014300000000000,1042.00,1042.30,1041.30,1041.80,29820
1789014360000000000,1041.80,1041.90,1041.20,1041.80,14948
1789014420000000000,1041.80,1041.80,1040.30,1040.40,17387
1789014480000000000,1040.40,1040.40,1039.30,1039.70,24612
1789014540000000000,1039.70,1040.00,1039.30,1039.50,29759
1789014600000000000,1039.50,1039.50,1039.00,1039.30,18041
1789014660000000000,1039.30,1039.30,1038.20,1038.20,17206
1789014720000000000,1038.30,1038.50,1037.80,1037.90,26662
1789014780000000000,1037.90,1039.20,1037.70,1039.20,32914
1789014840000000000,1039.20,1039.80,1039.10,1039.70,13827
1789014900000000000,1039.80,1039.80,1038.80,1039.00,20029
1789014960000000000,1039.00,1039.30,1038.80,1039.10,19658
1789015020000000000,1039.10,1039.20,1038.50,1038.70,12674
1789015080000000000,1038.70,1038.70,1038.20,1038.20,15094
1789015140000000000,1038.50,1038.80,1038.30,1038.70,18540
1789015200000000000,1038.80,1038.80,1038.20,1038.30,10893
1789015260000000000,1038.40,1038.40,1037.10,1037.80,23195
1789015320000000000,1037.40,1037.80,1037.30,1037.60,12417
1789015380000000000,1037.70,1038.00,1037.70,1038.00,12916
1789015440000000000,1038.00,1038.00,1037.30,1037.30,16397
1789015500000000000,1037.50,1037.50,1037.20,1037.20,7214
1789015560000000000,1037.30,1037.30,1037.10,1037.20,33742
1789015620000000000,1037.30,1037.50,1037.10,1037.50,7364
1789015680000000000,1037.50,1037.50,1036.80,1037.20,19533
1789015740000000000,1037.20,1037.50,1036.80,1037.10,15917
1789015800000000000,1037.20,1037.20,1036.30,1036.60,15806
1789015860000000000,1036.60,1037.10,1036.50,1037.00,8732
1789015920000000000,1037.00,1037.00,1036.80,1036.90,3178
1789015980000000000,1036.90,1036.90,1036.80,1036.90,5473
1789016040000000000,1036.90,1036.90,1035.70,1035.90,25137
1789016100000000000,1035.90,1036.90,1035.70,1036.50,31021
1789016160000000000,1036.90,1038.00,1036.60,1038.00,17906
1789016220000000000,1038.00,1038.10,1037.00,1037.10,18717
1789016280000000000,1037.20,1037.30,1036.60,1036.90,8041
1789016340000000000,1036.90,1037.60,1036.80,1036.90,12057
1789016400000000000,1036.90,1037.10,1036.30,1037.10,67258
1789016460000000000,1037.10,1037.50,1036.90,1037.10,21155
1789016520000000000,1037.10,1037.50,1037.00,1037.50,4495
1789016580000000000,1037.50,1037.70,1037.30,1037.50,6216
1789016640000000000,1037.50,1037.80,1037.30,1037.80,6475
1789016700000000000,1037.80,1037.80,1036.30,1036.50,22191
1789016760000000000,1036.50,1036.60,1035.80,1036.20,11847
1789016820000000000,1036.20,1036.80,1035.80,1036.80,9949
1789016880000000000,1036.60,1037.00,1036.60,1037.00,4392
1789016940000000000,1037.00,1037.00,1036.80,1036.90,5165
1789017000000000000,1037.00,1037.00,1036.90,1037.00,5780
1789017060000000000,1037.00,1037.00,1036.60,1036.80,18945
1789017120000000000,1036.80,1036.80,1036.60,1036.60,6976
1789017180000000000,1036.70,1036.70,1036.10,1036.30,8793
1789017240000000000,1036.30,1036.50,1036.10,1036.50,25844
1789017300000000000,1036.50,1036.50,1036.20,1036.50,6977
1789017360000000000,1036.50,1036.60,1036.40,1036.40,8059
1789017420000000000,1036.50,1037.00,1036.40,1036.80,15946
1789017480000000000,1036.80,1036.80,1036.10,1036.30,12267
1789017540000000000,1036.30,1036.30,1036.10,1036.20,2078
1789017600000000000,1036.20,1036.20,1036.10,1036.10,9347
1789017660000000000,1036.20,1036.20,1035.50,1035.60,15701
1789017720000000000,1035.60,1036.00,1035.20,1035.50,23103
1789017780000000000,1035.70,1035.70,1035.40,1035.60,7539
1789017840000000000,1035.60,1036.30,1035.50,1035.90,13247
1789017900000000000,1036.00,1036.00,1035.80,1035.90,3223
1789017960000000000,1035.90,1035.90,1035.60,1035.70,11470
1789018020000000000,1035.70,1035.80,1035.20,1035.80,19590
1789018080000000000,1035.80,1035.80,1035.50,1035.80,3379
1789018140000000000,1035.80,1036.20,1035.70,1036.20,12501
1789018200000000000,1036.20,1036.30,1036.00,1036.30,3210
1789018260000000000,1036.30,1036.80,1036.30,1036.80,5648
1789018320000000000,1036.80,1036.80,1035.40,1035.40,26048
1789018380000000000,1035.50,1035.80,1035.40,1035.70,12162
1789018440000000000,1035.70,1035.80,1034.30,1034.40,37198
1789018500000000000,1034.50,1034.60,1033.90,1034.10,29431
1789018560000000000,1034.10,1034.50,1032.60,1032.90,53905
1789018620000000000,1033.20,1033.20,1032.00,1032.50,49914
1789018680000000000,1032.50,1032.80,1031.70,1032.40,77340
1789018740000000000,1032.50,1032.50,1032.20,1032.30,38605
1789018800000000000,1032.50,1032.80,1032.30,1032.50,44833
1789018860000000000,1032.50,1034.20,1032.50,1032.80,80343
1789018920000000000,1032.80,1033.00,1032.70,1032.90,16283
1789018980000000000,1032.90,1033.70,1032.70,1033.00,39173
1789019040000000000,1033.00,1033.00,1032.90,1033.00,24985
1789019100000000000,1033.00,1033.10,1032.90,1033.00,78013
1789019160000000000,1033.00,1033.00,1032.90,1033.00,15199
1789019220000000000,1033.00,1033.00,1032.80,1033.00,17288
1789019280000000000,1033.00,1033.20,1032.90,1033.00,55540
1789019340000000000,1032.90,1033.90,1032.80,1033.70,118106
1789019400000000000,1033.70,1033.70,1032.30,1032.50,29735
1789019460000000000,1032.50,1032.50,1031.30,1031.30,48855
1789019520000000000,1031.50,1032.00,1031.30,1032.00,17528
1789019580000000000,1032.00,1033.00,1031.80,1033.00,45705
1789019640000000000,1033.00,1033.00,1032.00,1032.30,16382
1789019700000000000,1032.30,1032.80,1032.20,1032.40,6281
1789019760000000000,1032.40,1032.80,1032.30,1032.60,6899
1789019820000000000,1032.80,1032.80,1031.90,1032.00,18274
1789019880000000000,1032.00,1032.00,1031.90,1032.00,7378
1789019940000000000,1032.00,1032.80,1031.90,1032.60,24545
1789020000000000000,1032.70,1033.20,1032.60,1033.00,35728
1789020060000000000,1033.00,1034.40,1032.90,1034.30,25330
1789020120000000000,1034.30,1034.50,1032.70,1033.00,32324
1789020180000000000,1033.00,1033.00,1032.00,1032.40,13066
1789020240000000000,1032.40,1033.00,1032.30,1032.90,7185
1789020300000000000,1032.90,1032.90,1032.10,1032.30,11841
1789020360000000000,1032.30,1032.60,1032.30,1032.60,9249
1789020420000000000,1032.60,1032.70,1031.80,1032.00,34729
1789020480000000000,1032.00,1032.60,1031.90,1032.50,6885
1789020540000000000,1032.50,1032.50,1031.10,1031.10,20683
1789020600000000000,1031.30,1031.30,1029.90,1030.60,100426
1789020660000000000,1030.60,1031.20,1030.00,1031.20,52143
1789020720000000000,1031.20,1031.80,1030.80,1031.20,19923
1789020780000000000,1031.40,1031.50,1030.70,1031.00,10174
1789020840000000000,1031.10,1032.50,1031.10,1032.40,17618
1789020900000000000,1032.40,1032.40,1032.00,1032.00,9399
1789020960000000000,1032.20,1032.30,1031.90,1032.00,14886
1789021020000000000,1032.00,1032.90,1031.90,1032.70,13863
1789021080000000000,1032.90,1032.90,1032.60,1032.70,7743
1789021140000000000,1032.90,1033.00,1032.70,1032.70,10433
1789021200000000000,1032.80,1032.80,1032.30,1032.30,13044
1789021260000000000,1032.50,1032.50,1032.30,1032.40,3289
1789021320000000000,1032.50,1032.50,1032.30,1032.40,3694
1789021380000000000,1032.40,1032.40,1032.30,1032.30,15169
1789021440000000000,1032.40,1032.40,1032.30,1032.40,5137
1789021500000000000,1032.40,1032.40,1031.70,1031.80,24434
1789021560000000000,1031.80,1031.80,1031.70,1031.70,1982
1789021620000000000,1031.80,1031.80,1031.40,1031.40,9157
1789021680000000000,1031.50,1031.50,1031.40,1031.50,4848
1789021740000000000,1031.50,1031.50,1031.40,1031.50,5160
1789021800000000000,1031.50,1032.70,1031.50,1032.70,38519
1789021860000000000,1032.70,1032.70,1032.40,1032.40,5989
1789021920000000000,1032.50,1032.70,1032.40,1032.70,3275
1789021980000000000,1032.70,1032.70,1032.50,1032.50,4609
1789022040000000000,1032.60,1032.90,1032.10,1032.50,30724
1789022100000000000,1032.50,1032.50,1031.80,1032.00,11931
1789022160000000000,1032.00,1032.00,1031.70,1031.80,6778
1789022220000000000,1031.80,1032.70,1031.70,1032.70,15041
1789022280000000000,1032.70,1032.80,1032.60,1032.70,4476
1789022340000000000,1032.80,1032.90,1032.70,1032.80,11493
1789022400000000000,1032.90,1033.40,1032.80,1033.30,9229
1789022460000000000,1033.30,1033.30,1033.20,1033.20,6093
1789022520000000000,1033.30,1034.50,1033.20,1034.50,34209
1789022580000000000,1034.50,1036.10,1034.10,1036.10,139016
1789022640000000000,1036.20,1036.40,1035.30,1036.30,31034
1789022700000000000,1036.30,1037.00,1035.00,1035.40,36345
1789022760000000000,1035.40,1035.40,1034.90,1035.20,6546
1789022820000000000,1035.30,1036.30,1035.20,1035.70,18183
1789022880000000000,1035.80,1035.90,1035.20,1035.40,8174
1789022940000000000,1035.40,1035.40,1035.00,1035.10,7147
1789023000000000000,1035.20,1035.80,1035.00,1035.50,15187
1789023060000000000,1035.50,1035.60,1035.10,1035.10,5840
1789023120000000000,1035.20,1035.20,1035.10,1035.20,5853
1789023180000000000,1035.20,1035.20,1034.80,1034.90,11948
1789023240000000000,1034.90,1034.90,1033.60,1033.60,17671
1789023300000000000,1033.70,1034.50,1033.60,1034.50,12643
1789023360000000000,1034.50,1034.90,1034.40,1034.80,4094
1789023420000000000,1034.80,1035.00,1034.60,1034.90,8813
1789023480000000000,1034.90,1034.90,1034.70,1034.80,5621
1789023540000000000,1034.80,1034.80,1034.70,1034.70,2408
1789023600000000000,1034.80,1035.00,1034.70,1035.00,6521
1789023660000000000,1035.00,1035.00,1034.60,1034.70,13382
1789023720000000000,1034.70,1035.70,1034.70,1035.40,18166
1789023780000000000,1035.50,1035.80,1035.30,1035.60,8937
1789023840000000000,1035.60,1035.60,1034.60,1034.60,11970
1789023900000000000,1034.70,1034.70,1034.60,1034.70,2592
1789023960000000000,1034.70,1034.70,1033.80,1033.90,10397
1789024020000000000,1034.00,1034.00,1033.90,1034.00,2542
1789024080000000000,1034.00,1034.00,1033.60,1033.70,8331
1789024140000000000,1033.70,1033.70,1033.60,1033.60,7273
1789024200000000000,1033.60,1033.90,1033.60,1033.80,34292
1789024260000000000,1033.90,1034.00,1033.80,1033.80,8293
1789024320000000000,1033.90,1034.20,1033.60,1033.80,17137
1789024380000000000,1033.80,1034.10,1033.70,1034.00,6753
1789024440000000000,1034.00,1034.20,1033.80,1033.80,5608
1789024500000000000,1033.90,1034.10,1033.60,1034.10,9609
1789024560000000000,1034.10,1034.40,1033.80,1034.20,9013
1789024620000000000,1034.40,1034.40,1034.00,1034.20,5810
1789024680000000000,1034.20,1034.20,1034.00,1034.00,4617
1789024740000000000,1034.10,1034.10,1034.00,1034.10,3789
1789024800000000000,1034.10,1034.10,1034.00,1034.10,5432
1789024860000000000,1034.10,1034.40,1034.10,1034.40,12399
1789024920000000000,1034.40,1034.70,1034.10,1034.10,14967
1789024980000000000,1034.30,1034.30,1033.90,1034.00,7315
1789025040000000000,1034.10,1034.10,1033.70,1034.00,5390
1789025100000000000,1034.10,1034.10,1033.20,1033.50,9413
1789025160000000000,1033.50,1033.50,1033.10,1033.10,4739
1789025220000000000,1033.30,1033.30,1033.10,1033.30,1864
1789025280000000000,1033.30,1033.30,1033.20,1033.30,3618
1789025340000000000,1033.30,1033.30,1033.10,1033.30,7905
1789025400000000000,1033.30,1033.30,1033.20,1033.20,3476
1789025460000000000,1033.30,1033.30,1032.80,1032.80,16191
1789025520000000000,1032.90,1033.20,1032.60,1033.20,44338
1789025580000000000,1033.20,1033.20,1033.10,1033.10,6245
1789025640000000000,1033.20,1033.20,1032.40,1032.60,14353
1789025700000000000,1032.70,1032.70,1032.10,1032.40,11047
1789025760000000000,1032.40,1032.40,1031.40,1031.50,18755
1789025820000000000,1031.60,1031.90,1031.50,1031.80,3293
1789025880000000000,1031.90,1031.90,1031.80,1031.80,3387
1789025940000000000,1031.90,1032.30,1031.80,1032.00,17810
1789026000000000000,1032.00,1032.00,1031.60,1031.90,13658
1789026060000000000,1031.90,1032.00,1031.70,1031.90,6511
1789026120000000000,1031.90,1032.00,1031.80,1031.80,9416
1789026180000000000,1031.90,1031.90,1031.80,1031.80,5315
1789026240000000000,1031.90,1032.00,1031.80,1032.00,11062
1789026300000000000,1032.00,1032.70,1032.00,1032.00,20768
1789026360000000000,1032.20,1032.20,1032.00,1032.00,2931
1789026420000000000,1032.10,1032.30,1032.00,1032.20,8998
1789026480000000000,1032.30,1032.30,1032.10,1032.10,6342
1789026540000000000,1032.20,1032.20,1031.90,1031.90,11107
1789026600000000000,1032.00,1032.00,1031.20,1031.20,20361
1789026660000000000,1031.40,1031.50,1031.20,1031.50,7031
1789026720000000000,1031.50,1031.50,1031.40,1031.40,2833
1789026780000000000,1031.50,1031.50,1031.40,1031.50,5355
1789026840000000000,1031.50,1031.50,1031.40,1031.50,3517
1789026900000000000,1031.50,1031.50,1031.40,1031.50,4235
1789026960000000000,1031.50,1031.50,1031.40,1031.50,4613
1789027020000000000,1031.50,1031.50,1030.60,1030.70,55217
1789027080000000000,1030.80,1030.80,1030.20,1030.50,18296
1789027140000000000,1030.50,1030.50,1030.40,1030.50,12188
1789027200000000000,1030.50,1030.70,1030.40,1030.50,9770
1789027260000000000,1030.50,1030.90,1030.40,1030.80,15917
1789027320000000000,1030.90,1031.00,1030.80,1030.90,11090
1789027380000000000,1031.00,1031.30,1030.90,1031.20,9689
1789027440000000000,1031.20,1031.20,1031.00,1031.10,9941
1789027500000000000,1031.20,1032.10,1031.10,1031.70,12748
1789027560000000000,1032.00,1032.10,1031.60,1031.70,10647
1789027620000000000,1031.80,1031.80,1031.70,1031.70,4691
1789027680000000000,1031.80,1032.20,1031.70,1032.20,8032
1789027740000000000,1032.20,1032.40,1032.00,1032.30,13197
1789027800000000000,1032.30,1032.50,1032.10,1032.40,9713
1789027860000000000,1032.50,1032.70,1032.40,1032.70,13030
1789027920000000000,1032.70,1032.90,1032.50,1032.70,9513
1789027980000000000,1032.70,1032.70,1031.60,1032.30,26124
1789028040000000000,1032.30,1032.30,1031.80,1031.90,4765
1789028100000000000,1031.90,1031.90,1031.70,1031.80,3577
1789028160000000000,1031.80,1031.80,1031.70,1031.70,6988
1789028220000000000,1031.80,1032.00,1031.70,1031.70,16491
1789028280000000000,1031.90,1031.90,1031.70,1031.80,3934
1789028340000000000,1031.90,1032.00,1031.70,1031.90,9137
1789028400000000000,1031.90,1032.00,1031.70,1032.00,5011
1789028460000000000,1032.00,1032.40,1031.90,1032.40,11855
1789028520000000000,1032.40,1032.50,1032.20,1032.40,7215
1789028580000000000,1032.50,1032.50,1031.90,1032.10,21280
1789028640000000000,1032.20,1032.20,1031.90,1032.10,6072
1789028700000000000,1032.10,1032.30,1031.90,1032.20,8343
1789028760000000000,1032.20,1032.40,1032.00,1032.40,8188
1789028820000000000,1032.40,1032.50,1032.30,1032.40,8336
1789028880000000000,1032.40,1032.40,1032.10,1032.20,6548
1789028940000000000,1032.30,1032.30,1032.00,1032.00,7220
1789029000000000000,1032.10,1032.10,1031.70,1031.70,21941
1789029060000000000,1032.00,1032.00,1031.70,1032.00,6726
1789029120000000000,1032.00,1032.00,1031.80,1031.80,9245
1789029180000000000,1031.90,1031.90,1031.40,1031.60,12404
1789029240000000000,1031.70,1031.70,1031.20,1031.20,6050
1789029300000000000,1031.30,1031.30,1031.10,1031.20,13126
1789029360000000000,1031.20,1031.20,1031.00,1031.20,5912
1789029420000000000,1031.20,1031.20,1031.00,1031.10,5169
1789029480000000000,1031.10,1031.10,1031.00,1031.00,5313
1789029540000000000,1031.10,1031.40,1031.00,1031.40,25696
1789029600000000000,1031.40,1031.50,1031.30,1031.40,5835
1789029660000000000,1031.50,1031.80,1031.40,1031.80,10387
1789029720000000000,1031.80,1031.80,1031.40,1031.40,16383
1789029780000000000,1031.70,1031.70,1031.30,1031.60,7101
1789029840000000000,1031.60,1031.60,1031.40,1031.60,3110
1789029900000000000,1031.60,1031.60,1031.40,1031.50,8731
1789029960000000000,1031.50,1031.50,1031.40,1031.40,5434
1789030020000000000,1031.50,1031.50,1031.40,1031.50,6481
1789030080000000000,1031.50,1031.50,1031.40,1031.40,4337
1789030140000000000,1031.50,1031.50,1031.40,1031.50,4315
1789030200000000000,1031.50,1031.50,1031.40,1031.50,5735
1789030260000000000,1031.50,1031.80,1031.40,1031.70,31103
1789030320000000000,1031.80,1031.90,1031.40,1031.70,16299
1789030380000000000,1031.70,1031.80,1031.60,1031.80,4049
1789030440000000000,1031.90,1031.90,1031.60,1031.60,4158
1789030500000000000,1031.70,1031.90,1031.60,1031.90,7248
1789030560000000000,1031.90,1031.90,1031.50,1031.50,16389
1789030620000000000,1031.60,1031.60,1031.50,1031.60,6574
1789030680000000000,1031.60,1031.60,1030.70,1030.90,29207
1789030740000000000,1030.90,1031.30,1030.80,1031.30,24174
1789030800000000000,1031.30,1031.60,1031.20,1031.60,10549
1789030860000000000,1031.60,1031.80,1031.20,1031.30,19311
1789030920000000000,1031.30,1031.80,1031.20,1031.80,16164
1789030980000000000,1031.80,1032.40,1031.70,1032.40,10102
1789031040000000000,1032.40,1032.40,1032.10,1032.40,12752
1789031100000000000,1032.40,1032.50,1031.80,1031.80,23765
1789031160000000000,1031.90,1032.00,1031.80,1031.80,9064
1789031220000000000,1031.90,1031.90,1031.70,1031.80,8670
1789031280000000000,1031.80,1032.00,1031.60,1031.80,25132
1789031340000000000,1032.00,1032.00,1031.80,1031.90,4074
1789031400000000000,1031.90,1031.90,1031.00,1031.40,14951
1789031460000000000,1031.40,1031.90,1031.30,1031.80,22323
1789031520000000000,1031.80,1031.90,1031.80,1031.80,6889
1789031580000000000,1031.90,1031.90,1031.80,1031.90,4526
1789031640000000000,1031.90,1031.90,1031.80,1031.90,4549
1789031700000000000,1031.90,1031.90,1031.50,1031.60,21945
1789031760000000000,1031.70,1031.70,1031.30,1031.50,18340
1789031820000000000,1031.50,1031.50,1031.30,1031.40,17442
1789031880000000000,1031.50,1031.50,1030.40,1030.60,45666
1789031940000000000,1030.80,1031.30,1030.60,1031.30,12685
1789032000000000000,1031.10,1031.40,1030.70,1031.40,24389
1789032060000000000,1031.40,1031.60,1031.30,1031.50,10871
1789032120000000000,1031.50,1031.70,1031.40,1031.50,14384
1789032180000000000,1031.60,1031.60,1031.50,1031.60,14535
1789032240000000000,1031.60,1031.60,1031.50,1031.50,20721
1789032300000000000,1031.50,1031.70,1031.50,1031.60,17925
1789032360000000000,1031.70,1031.70,1031.50,1031.70,19976
1789032420000000000,1031.70,1031.70,1031.40,1031.50,22788
1789032480000000000,1031.50,1031.50,1031.20,1031.40,21694
1789032540000000000,1031.40,1031.40,1031.10,1031.20,14614
1789032600000000000,1031.10,1031.20,1029.80,1029.90,73916
1789032660000000000,1029.80,1030.50,1029.30,1030.40,72366
1789032720000000000,1030.30,1030.40,1029.20,1029.70,36216
1789032780000000000,1029.50,1029.70,1029.30,1029.50,25776
1789032840000000000,1029.50,1029.50,1029.40,1029.50,21385
1789032900000000000,1029.50,1029.50,1029.20,1029.30,32398
1789032960000000000,1029.20,1029.50,1029.00,1029.50,128711
1789033020000000000,1029.50,1029.70,1029.40,1029.40,24784
1789033080000000000,1029.40,1029.50,1029.40,1029.50,23016
1789033140000000000,1029.40,1029.70,1029.40,1029.70,50536
1789033200000000000,1029.60,1029.70,1029.60,1029.60,22435
1789033260000000000,1029.60,1029.70,1029.50,1029.70,102630
1789033320000000000,1029.70,1031.60,1029.60,1031.10,109181
1789033380000000000,1031.20,1033.10,1031.00,1032.00,75728
1789033440000000000,1031.60,1032.50,1031.40,1032.50,22037
1789033500000000000,1032.50,1032.50,1032.50,1032.50,0
1789033560000000000,1032.50,1032.50,1032.50,1032.50,0
1789033620000000000,1032.50,1032.50,1032.50,1032.50,0
1789033680000000000,1032.50,1032.50,1032.50,1032.50,0
1789033740000000000,1032.50,1032.50,1032.50,1032.50,0
1789033800000000000,1032.50,1032.50,1032.50,1032.50,0
1789033860000000000,1032.50,1032.50,1032.50,1032.50,0
1789033920000000000,1032.50,1032.50,1032.50,1032.50,0
1789033980000000000,1032.50,1032.50,1032.50,1032.50,0
1789034040000000000,1032.50,1032.50,1032.50,1032.50,0
1789034100000000000,1032.50,1032.50,1032.50,1032.50,0
1789034160000000000,1032.50,1032.50,1032.50,1032.50,0
1789034220000000000,1032.50,1032.50,1032.50,1032.50,0
1789034280000000000,1032.50,1032.50,1032.50,1032.50,0
1789034340000000000,1036.50,1036.50,1036.50,1036.50,423141
1789098300000000000,1032.00,1039.60,1029.70,1039.20,237936
1789098360000000000,1039.50,1041.70,1036.70,1037.10,87775
1789098420000000000,1037.20,1042.50,1035.90,1042.00,66055
1789098480000000000,1042.00,1044.90,1041.80,1043.30,94479
1789098540000000000,1043.30,1046.00,1042.20,1045.40,100223
1789098600000000000,1045.40,1046.50,1044.70,1045.30,72914
1789098660000000000,1045.30,1047.20,1045.00,1046.20,79089
1789098720000000000,1046.20,1047.30,1045.40,1046.10,60691
1789098780000000000,1046.00,1046.30,1041.10,1041.50,52375
1789098840000000000,1041.80,1044.00,1041.20,1042.30,35782
1789098900000000000,1042.30,1042.50,1038.10,1038.10,63388
1789098960000000000,1038.40,1038.40,1036.70,1037.30,31101
1789099020000000000,1037.40,1039.40,1036.70,1039.20,24551
1789099080000000000,1039.30,1040.40,1038.20,1039.90,28358
1789099140000000000,1040.20,1041.20,1039.30,1040.90,30463
1789099200000000000,1041.20,1041.60,1039.70,1041.00,24509
1789099260000000000,1041.40,1041.90,1040.00,1040.10,14282
1789099320000000000,1040.10,1041.50,1037.80,1037.80,32274
1789099380000000000,1038.20,1041.00,1037.50,1040.90,21093
1789099440000000000,1040.90,1041.50,1039.10,1040.00,19655
1789099500000000000,1040.40,1041.50,1040.00,1040.80,11205
1789099560000000000,1041.00,1041.70,1040.50,1041.00,15638
1789099620000000000,1041.30,1041.90,1040.90,1041.00,12534
1789099680000000000,1041.30,1042.90,1041.00,1042.60,25460
1789099740000000000,1042.50,1043.00,1042.10,1042.70,17411
1789099800000000000,1042.80,1043.00,1042.20,1042.50,16076
1789099860000000000,1042.30,1042.60,1041.30,1041.80,16620
1789099920000000000,1041.80,1043.00,1041.80,1042.30,25672
1789099980000000000,1042.50,1042.70,1042.00,1042.40,9350
1789100040000000000,1042.30,1042.50,1042.00,1042.20,4887
1789100100000000000,1042.40,1043.50,1042.10,1042.80,27245
1789100160000000000,1043.00,1043.00,1042.70,1042.70,6744
1789100220000000000,1042.90,1042.90,1041.20,1041.20,14857
1789100280000000000,1041.70,1041.90,1041.20,1041.60,9836
1789100340000000000,1041.60,1042.40,1041.20,1041.80,12550
1789100400000000000,1042.00,1042.00,1041.50,1041.60,10133
1789100460000000000,1041.60,1041.70,1040.90,1041.20,11958
1789100520000000000,1041.40,1041.70,1040.80,1041.10,13622
1789100580000000000,1041.30,1041.30,1040.40,1040.40,5940
1789100640000000000,1040.60,1041.00,1039.70,1040.70,15359
1789100700000000000,1040.70,1040.90,1039.60,1039.60,20926
1789100760000000000,1039.70,1040.30,1039.20,1039.80,16513
1789100820000000000,1039.90,1040.00,1039.60,1039.80,10358
1789100880000000000,1040.00,1041.10,1039.80,1041.00,9003
1789100940000000000,1041.00,1041.40,1040.70,1040.80,9449
1789101000000000000,1040.80,1041.30,1040.00,1041.00,7543
1789101060000000000,1041.00,1041.80,1040.80,1041.80,7880
1789101120000000000,1041.80,1042.00,1041.50,1041.90,9250
1789101180000000000,1042.00,1042.80,1041.90,1042.50,11359
1789101240000000000,1042.70,1042.80,1041.80,1041.90,10775
1789101300000000000,1042.00,1042.20,1041.10,1041.20,27980
1789101360000000000,1041.50,1041.60,1041.20,1041.40,3733
1789101420000000000,1041.50,1041.50,1041.10,1041.10,6761
1789101480000000000,1041.10,1041.10,1039.00,1039.70,21045
1789101540000000000,1040.00,1040.40,1039.00,1039.60,10576
1789101600000000000,1039.60,1040.10,1038.80,1040.10,21763
1789101660000000000,1040.10,1040.20,1039.40,1039.50,12388
1789101720000000000,1039.50,1040.00,1039.10,1039.40,14356
1789101780000000000,1039.30,1039.70,1039.00,1039.40,4000
1789101840000000000,1039.70,1039.90,1039.30,1039.60,23137
1789101900000000000,1039.60,1039.60,1038.80,1038.80,10271
1789101960000000000,1038.90,1038.90,1037.40,1037.90,22629
1789102020000000000,1037.90,1038.40,1037.70,1038.20,4456
1789102080000000000,1038.40,1039.00,1038.40,1038.80,4375
1789102140000000000,1038.90,1039.50,1038.50,1039.00,9031
1789102200000000000,1039.40,1040.00,1039.30,1039.80,8419
1789102260000000000,1039.90,1040.30,1039.20,1039.30,23709
1789102320000000000,1039.50,1039.70,1039.00,1039.70,4005
1789102380000000000,1039.70,1039.70,1038.70,1038.80,11569
1789102440000000000,1039.00,1039.40,1038.00,1038.80,11676
1789102500000000000,1038.90,1039.00,1038.50,1039.00,5302
1789102560000000000,1039.00,1039.60,1038.80,1039.20,5543
1789102620000000000,1039.50,1039.70,1038.80,1038.80,13405
1789102680000000000,1039.00,1039.30,1037.80,1037.80,11236
1789102740000000000,1038.00,1038.50,1037.60,1038.20,7226
1789102800000000000,1038.50,1039.90,1038.10,1038.90,24207
1789102860000000000,1039.40,1040.00,1038.50,1038.90,24639
1789102920000000000,1038.90,1039.20,1038.50,1038.90,10545
1789102980000000000,1039.20,1039.40,1038.90,1038.90,11687
1789103040000000000,1038.90,1039.20,1038.70,1038.80,4373
1789103100000000000,1038.90,1039.00,1038.10,1038.80,19506
1789103160000000000,1038.60,1039.00,1037.70,1037.90,16995
1789103220000000000,1038.00,1039.10,1037.70,1038.20,30281
1789103280000000000,1038.20,1038.40,1037.90,1038.40,6910
1789103340000000000,1038.40,1038.50,1037.90,1037.90,8586
1789103400000000000,1038.00,1038.10,1037.90,1038.10,11022
1789103460000000000,1038.10,1038.30,1037.00,1037.10,19892
1789103520000000000,1037.30,1037.90,1037.00,1037.60,10321
1789103580000000000,1037.70,1038.70,1037.60,1038.40,11726
1789103640000000000,1038.10,1040.00,1038.10,1039.70,15998
1789103700000000000,1039.70,1041.00,1038.80,1039.10,69411
1789103760000000000,1039.10,1039.80,1039.10,1039.40,3792
1789103820000000000,1039.60,1039.70,1038.30,1038.40,12140
1789103880000000000,1038.50,1038.60,1037.60,1037.80,15856
1789103940000000000,1037.80,1038.00,1037.50,1037.90,4644
1789104000000000000,1037.90,1038.20,1037.10,1037.20,13559
1789104060000000000,1037.50,1037.80,1037.20,1037.40,6870
1789104120000000000,1037.70,1037.70,1037.20,1037.40,3373
1789104180000000000,1037.50,1038.00,1037.40,1037.70,6910
1789104240000000000,1037.90,1038.10,1037.70,1038.00,2152
1789104300000000000,1038.00,1038.40,1037.90,1038.40,3813
1789104360000000000,1038.40,1038.50,1037.80,1038.10,7859
1789104420000000000,1038.50,1038.90,1038.10,1038.60,4311
1789104480000000000,1038.80,1038.90,1038.50,1038.80,5566
1789104540000000000,1038.80,1039.00,1038.00,1038.40,7820
1789104600000000000,1038.40,1038.50,1037.80,1037.80,7295
1789104660000000000,1037.90,1038.60,1037.90,1038.40,3585
1789104720000000000,1038.40,1038.70,1037.70,1038.30,46781
1789104780000000000,1038.60,1038.90,1038.30,1038.60,4338
1789104840000000000,1038.90,1039.50,1038.80,1039.00,3911
1789104900000000000,1039.40,1039.90,1039.00,1039.90,4948
1789104960000000000,1039.90,1040.40,1039.60,1039.70,15343
1789105020000000000,1039.90,1039.90,1039.40,1039.50,4979
1789105080000000000,1039.80,1039.90,1039.50,1039.80,3528
1789105140000000000,1039.80,1040.00,1039.20,1039.80,13751
1789105200000000000,1039.80,1040.00,1039.40,1039.90,8804
1789105260000000000,1039.90,1040.10,1039.80,1040.00,7567
1789105320000000000,1040.00,1040.40,1039.50,1040.00,10096
1789105380000000000,1039.80,1040.10,1039.50,1039.90,4958
1789105440000000000,1040.10,1040.90,1039.80,1040.00,58126
1789105500000000000,1040.20,1040.70,1039.90,1039.90,44656
1789105560000000000,1040.10,1040.30,1039.80,1039.80,12040
1789105620000000000,1040.00,1041.10,1039.80,1040.80,21551
1789105680000000000,1041.00,1041.00,1039.80,1040.00,21428
1789105740000000000,1040.00,1040.40,1039.60,1040.10,14910
1789105800000000000,1040.40,1040.70,1040.00,1040.10,14782
1789105860000000000,1040.20,1040.50,1039.70,1039.70,10064
1789105920000000000,1039.80,1040.00,1039.60,1039.60,7534
1789105980000000000,1039.70,1039.70,1039.00,1039.40,8240
1789106040000000000,1039.30,1039.90,1039.30,1039.30,10609
1789106100000000000,1039.40,1039.90,1038.60,1038.60,20126
1789106160000000000,1038.90,1039.40,1038.60,1039.20,9564
1789106220000000000,1039.30,1039.50,1039.10,1039.30,16173
1789106280000000000,1039.40,1039.50,1039.20,1039.20,6871
1789106340000000000,1039.30,1039.50,1039.20,1039.40,10978
1789106400000000000,1039.50,1039.60,1039.30,1039.40,12795
1789106460000000000,1039.50,1040.10,1039.20,1039.30,134850
1789106520000000000,1039.40,1041.00,1039.30,1040.70,18392
1789106580000000000,1040.90,1041.60,1040.80,1040.80,28192
1789106640000000000,1040.90,1040.90,1040.10,1040.30,15234
1789106700000000000,1040.30,1040.70,1039.50,1039.60,22521
1789106760000000000,1039.80,1041.30,1039.60,1040.90,15202
1789106820000000000,1041.20,1041.80,1041.10,1041.80,9717
1789106880000000000,1041.80,1042.00,1041.40,1041.80,15284
1789106940000000000,1041.80,1043.00,1041.70,1043.00,24311
1789107000000000000,1043.00,1044.60,1042.50,1044.10,43875
1789107060000000000,1044.20,1044.40,1042.50,1042.60,28338
1789107120000000000,1042.70,1043.60,1042.30,1042.60,15579
1789107180000000000,1042.70,1042.70,1041.20,1041.90,26194
1789107240000000000,1041.90,1042.30,1041.30,1041.30,16852
1789107300000000000,1041.60,1042.30,1041.00,1041.00,18716
1789107360000000000,1041.10,1041.60,1040.80,1041.00,17228
1789107420000000000,1041.20,1041.70,1041.00,1041.50,7993
1789107480000000000,1041.60,1041.80,1040.90,1041.00,14692
1789107540000000000,1041.10,1041.20,1040.90,1041.00,6310
1789107600000000000,1041.00,1041.20,1040.90,1040.90,6839
1789107660000000000,1041.00,1041.70,1040.90,1041.20,9568
1789107720000000000,1041.40,1041.40,1040.70,1041.00,15621
1789107780000000000,1041.00,1041.00,1040.80,1040.90,2895
1789107840000000000,1041.00,1041.30,1040.90,1041.10,8739
1789107900000000000,1041.20,1041.60,1041.00,1041.20,6833
1789107960000000000,1041.40,1041.80,1041.20,1041.40,9772
1789108020000000000,1041.40,1042.10,1041.30,1041.40,14015
1789108080000000000,1041.60,1042.00,1041.30,1041.60,8097
1789108140000000000,1041.80,1042.00,1041.60,1041.90,5673
1789108200000000000,1042.00,1042.00,1041.10,1041.40,22621
1789108260000000000,1041.50,1041.50,1040.40,1040.70,10204
1789108320000000000,1040.70,1040.70,1040.20,1040.20,4776
1789108380000000000,1040.40,1040.40,1039.20,1039.60,17128
1789108440000000000,1039.80,1040.70,1039.60,1040.30,5465
1789108500000000000,1040.70,1040.80,1040.50,1040.60,6892
1789108560000000000,1040.70,1040.70,1040.40,1040.40,5904
1789108620000000000,1040.50,1040.70,1040.40,1040.50,5109
1789108680000000000,1040.70,1040.70,1039.80,1040.00,17527
1789108740000000000,1040.00,1040.70,1039.80,1040.00,14987
1789108800000000000,1040.30,1040.40,1039.90,1040.20,11058
1789108860000000000,1040.20,1040.50,1039.90,1040.00,10480
1789108920000000000,1040.10,1040.10,1039.80,1039.90,8557
1789108980000000000,1040.00,1040.10,1039.90,1040.00,7992
1789109040000000000,1040.10,1040.80,1040.00,1040.80,6813
1789109100000000000,1040.80,1040.80,1039.90,1040.20,28015
1789109160000000000,1040.20,1040.30,1039.80,1040.00,9183
1789109220000000000,1040.00,1040.30,1039.90,1040.20,4226
1789109280000000000,1040.30,1040.50,1040.10,1040.40,5551
1789109340000000000,1040.50,1040.50,1040.10,1040.30,8812
1789109400000000000,1040.40,1040.40,1040.20,1040.20,4021
1789109460000000000,1040.40,1040.60,1040.30,1040.40,7640
1789109520000000000,1040.50,1040.60,1040.30,1040.60,4798
1789109580000000000,1040.60,1041.00,1040.50,1040.80,8051
1789109640000000000,1041.00,1041.00,1040.40,1040.40,6150
1789109700000000000,1040.60,1040.60,1040.30,1040.30,4478
1789109760000000000,1040.40,1040.90,1040.30,1040.70,6765
1789109820000000000,1040.90,1041.00,1040.70,1040.90,5138
1789109880000000000,1041.00,1041.00,1040.50,1040.50,10054
1789109940000000000,1040.60,1040.60,1040.20,1040.30,5486
1789110000000000000,1040.40,1040.40,1040.20,1040.30,3772
1789110060000000000,1040.30,1040.50,1040.20,1040.40,6811
1789110120000000000,1040.50,1040.60,1040.40,1040.60,9704
1789110180000000000,1040.60,1040.60,1039.90,1040.00,8716
1789110240000000000,1040.10,1040.20,1039.90,1040.10,7055
1789110300000000000,1040.20,1040.60,1040.10,1040.50,5509
1789110360000000000,1040.60,1040.80,1039.60,1040.00,13216
1789110420000000000,1040.00,1040.30,1039.70,1040.20,5905
1789110480000000000,1040.30,1040.70,1040.00,1040.00,8183
1789110540000000000,1040.10,1040.20,1040.00,1040.10,3364
1789110600000000000,1040.20,1040.20,1039.80,1040.00,6749
1789110660000000000,1040.00,1040.40,1039.90,1040.40,12498
1789110720000000000,1040.40,1040.40,1039.90,1040.00,5765
1789110780000000000,1040.20,1040.30,1039.70,1039.70,14017
1789110840000000000,1039.70,1039.90,1039.50,1039.90,5500
1789110900000000000,1039.90,1039.90,1039.60,1039.60,5373
1789110960000000000,1039.80,1039.80,1039.50,1039.60,9223
1789111020000000000,1039.80,1040.00,1039.60,1040.00,6912
1789111080000000000,1040.00,1040.00,1038.80,1039.30,25846
1789111140000000000,1039.30,1039.40,1038.90,1038.90,7805
1789111200000000000,1039.20,1039.30,1038.90,1039.10,11096
1789111260000000000,1039.10,1039.60,1038.90,1039.00,44672
1789111320000000000,1039.30,1040.20,1039.00,1040.20,9565
1789111380000000000,1040.20,1040.70,1040.10,1040.70,5524
1789111440000000000,1040.50,1042.30,1040.50,1042.00,8480
1789111500000000000,1042.30,1042.90,1042.00,1042.90,10596
1789111560000000000,1042.90,1042.90,1042.20,1042.20,13088
1789111620000000000,1042.70,1042.80,1042.20,1042.50,4674
1789111680000000000,1042.50,1042.70,1042.30,1042.40,8814
1789111740000000000,1042.50,1042.60,1042.40,1042.50,6850
1789111800000000000,1042.60,1042.70,1042.50,1042.70,3871
1789111860000000000,1042.70,1042.70,1041.50,1042.20,14342
1789111920000000000,1042.20,1042.20,1042.00,1042.00,3442
1789111980000000000,1042.10,1042.10,1041.90,1041.90,6382
1789112040000000000,1042.00,1042.00,1041.90,1042.00,4109
1789112100000000000,1042.00,1042.00,1041.50,1041.70,9938
1789112160000000000,1041.70,1041.70,1041.50,1041.50,4834
1789112220000000000,1041.60,1041.80,1041.50,1041.80,8249
1789112280000000000,1041.80,1042.30,1041.70,1042.20,8243
1789112340000000000,1042.20,1042.20,1040.60,1041.10,16176
1789112400000000000,1041.20,1041.20,1040.70,1040.70,8921
1789112460000000000,1041.00,1042.00,1040.60,1042.00,15688
1789112520000000000,1042.00,1042.30,1041.70,1042.00,5397
1789112580000000000,1042.30,1042.30,1042.00,1042.10,6261
1789112640000000000,1042.20,1042.20,1041.20,1041.50,12309
1789112700000000000,1041.50,1041.50,1041.10,1041.20,2775
1789112760000000000,1041.20,1041.30,1041.10,1041.20,2848
1789112820000000000,1041.30,1041.40,1041.20,1041.20,4941
1789112880000000000,1041.30,1041.30,1040.60,1040.60,12670
1789112940000000000,1040.80,1040.90,1040.50,1040.80,5471
1789113000000000000,1040.90,1041.20,1040.60,1041.00,7757
1789113060000000000,1041.10,1041.30,1041.00,1041.10,2949
1789113120000000000,1041.20,1041.20,1040.70,1040.80,8030
1789113180000000000,1040.80,1041.00,1040.70,1041.00,6667
1789113240000000000,1041.00,1041.00,1040.70,1040.80,6426
1789113300000000000,1040.80,1040.80,1040.60,1040.70,7132
1789113360000000000,1040.70,1040.70,1040.60,1040.70,3666
1789113420000000000,1040.70,1040.70,1040.50,1040.70,8178
1789113480000000000,1040.60,1040.70,1040.00,1040.20,12636
1789113540000000000,1040.20,1040.20,1039.70,1039.80,8509
1789113600000000000,1039.80,1039.90,1039.60,1039.90,5321
1789113660000000000,1039.90,1040.20,1039.80,1040.10,6890
1789113720000000000,1040.10,1040.70,1040.00,1040.50,5898
1789113780000000000,1040.50,1040.70,1040.00,1040.10,11910
1789113840000000000,1040.10,1040.10,1040.00,1040.10,2776
1789113900000000000,1040.10,1040.10,1039.80,1039.80,3236
1789113960000000000,1040.00,1040.00,1039.40,1039.80,17089
1789114020000000000,1039.80,1039.80,1039.50,1039.80,4334
1789114080000000000,1039.80,1040.50,1039.70,1040.40,18531
1789114140000000000,1040.30,1040.50,1040.00,1040.20,5629
1789114200000000000,1040.40,1040.70,1040.20,1040.30,9046
1789114260000000000,1040.30,1040.60,1038.60,1039.00,20338
1789114320000000000,1039.40,1039.50,1039.00,1039.50,3142
1789114380000000000,1039.50,1039.60,1039.40,1039.60,3376
1789114440000000000,1039.60,1039.70,1039.50,1039.70,3446
1789114500000000000,1039.70,1039.80,1039.60,1039.80,6766
1789114560000000000,1039.80,1039.80,1039.00,1039.10,7658
1789114620000000000,1039.10,1039.80,1038.80,1039.50,102884
1789114680000000000,1039.50,1039.50,1038.80,1038.80,8426
1789114740000000000,1039.30,1039.30,1038.80,1038.80,5688
1789114800000000000,1039.20,1039.20,1038.80,1038.90,7002
1789114860000000000,1038.90,1039.10,1037.70,1038.40,33629
1789114920000000000,1038.40,1038.40,1037.90,1038.10,5698
1789114980000000000,1038.30,1038.60,1037.90,1038.60,8891
1789115040000000000,1038.60,1039.80,1038.00,1038.30,23400
1789115100000000000,1038.30,1039.30,1038.00,1039.10,12961
1789115160000000000,1039.10,1039.70,1038.70,1039.70,14689
1789115220000000000,1039.70,1039.70,1038.70,1038.80,12932
1789115280000000000,1038.90,1038.90,1038.70,1038.80,9777
1789115340000000000,1038.80,1038.80,1038.70,1038.70,7688
1789115400000000000,1038.80,1039.90,1038.70,1039.60,24041
1789115460000000000,1039.60,1039.60,1038.80,1038.90,12894
1789115520000000000,1039.00,1039.90,1038.90,1039.60,8617
1789115580000000000,1039.90,1040.60,1039.50,1039.90,21626
1789115640000000000,1040.00,1040.30,1039.30,1039.30,11062
1789115700000000000,1039.60,1039.60,1039.10,1039.40,20633
1789115760000000000,1039.20,1039.80,1039.00,1039.70,7473
1789115820000000000,1039.80,1039.80,1039.30,1039.50,7483
1789115880000000000,1039.60,1039.80,1039.50,1039.80,11398
1789115940000000000,1039.80,1039.90,1039.10,1039.20,14660
1789116000000000000,1039.30,1039.40,1039.00,1039.30,7112
1789116060000000000,1039.30,1039.70,1039.20,1039.60,5549
1789116120000000000,1039.70,1039.80,1039.40,1039.60,5437
1789116180000000000,1039.70,1039.90,1039.60,1039.70,7530
1789116240000000000,1039.80,1039.80,1039.60,1039.70,6375
1789116300000000000,1039.70,1039.80,1039.60,1039.70,5536
1789116360000000000,1039.70,1039.70,1039.60,1039.70,4768
1789116420000000000,1039.70,1040.00,1039.30,1039.60,19853
1789116480000000000,1039.90,1040.10,1039.60,1039.80,9403
1789116540000000000,1039.90,1039.90,1039.30,1039.30,7886
1789116600000000000,1039.40,1039.50,1039.30,1039.50,4962
1789116660000000000,1039.50,1039.60,1039.40,1039.50,7059
1789116720000000000,1039.60,1039.80,1039.00,1039.50,18195
1789116780000000000,1039.70,1039.70,1039.50,1039.60,5863
1789116840000000000,1039.60,1039.60,1039.40,1039.40,4644
1789116900000000000,1039.50,1039.50,1039.30,1039.30,6793
1789116960000000000,1039.40,1039.40,1039.00,1039.10,13073
1789117020000000000,1039.10,1039.10,1038.80,1039.10,8133
1789117080000000000,1039.10,1039.10,1038.80,1039.00,8689
1789117140000000000,1039.00,1039.30,1038.90,1039.10,12466
1789117200000000000,1039.10,1039.50,1038.70,1038.80,51790
1789117260000000000,1039.00,1039.10,1038.80,1038.90,9455
1789117320000000000,1039.00,1039.10,1038.90,1038.90,11700
1789117380000000000,1039.00,1039.50,1038.90,1039.40,8697
1789117440000000000,1039.40,1039.40,1038.10,1038.20,21053
1789117500000000000,1038.30,1038.60,1037.50,1038.20,33020
1789117560000000000,1038.30,1038.50,1038.20,1038.50,4233
1789117620000000000,1038.50,1038.50,1038.20,1038.40,8972
1789117680000000000,1038.40,1038.60,1038.30,1038.40,13194
1789117740000000000,1038.50,1038.60,1038.30,1038.60,8086
1789117800000000000,1038.60,1038.60,1038.40,1038.40,5844
1789117860000000000,1038.50,1038.50,1038.10,1038.10,11699
1789117920000000000,1038.10,1038.30,1038.00,1038.20,9204
1789117980000000000,1038.20,1038.50,1038.10,1038.30,6390
1789118040000000000,1038.40,1038.40,1037.30,1038.00,30914
1789118100000000000,1038.00,1038.00,1037.30,1037.60,11171
1789118160000000000,1037.60,1037.70,1037.30,1037.70,4286
1789118220000000000,1037.70,1037.70,1037.40,1037.70,8046
1789118280000000000,1037.70,1037.80,1037.50,1037.70,12635
1789118340000000000,1037.70,1037.90,1037.50,1037.80,8203
1789118400000000000,1037.80,1037.90,1037.50,1037.60,21165
1789118460000000000,1037.80,1038.10,1037.20,1038.00,27031
1789118520000000000,1038.00,1038.40,1037.80,1038.00,33011
1789118580000000000,1038.40,1038.80,1038.00,1038.50,14975
1789118640000000000,1038.70,1038.70,1037.90,1038.00,27248
1789118700000000000,1038.20,1038.20,1037.40,1037.40,20218
1789118760000000000,1037.70,1038.20,1036.90,1038.00,91016
1789118820000000000,1038.10,1038.30,1037.90,1038.10,24923
1789118880000000000,1038.00,1038.10,1037.90,1038.10,7895
1789118940000000000,1038.00,1038.00,1037.90,1037.90,7698
1789119000000000000,1038.00,1038.00,1037.50,1037.60,27161
1789119060000000000,1037.60,1037.60,1036.90,1037.10,35874
1789119120000000000,1037.10,1037.90,1036.80,1037.60,33447
1789119180000000000,1037.80,1038.00,1037.60,1037.90,13338
1789119240000000000,1038.00,1038.00,1037.50,1037.60,21514
1789119300000000000,1037.60,1037.60,1037.00,1037.30,21727
1789119360000000000,1037.30,1037.30,1037.00,1037.20,20354
1789119420000000000,1037.20,1037.20,1037.00,1037.10,12113
1789119480000000000,1037.10,1037.20,1037.10,1037.20,20803
1789119540000000000,1037.20,1037.30,1037.00,1037.20,20443
1789119600000000000,1037.20,1037.30,1037.20,1037.30,35660
1789119660000000000,1037.30,1037.50,1037.30,1037.50,38242
1789119720000000000,1037.50,1038.90,1037.40,1038.10,87349
1789119780000000000,1038.10,1038.50,1037.00,1038.00,67999
1789119840000000000,1037.90,1038.70,1037.80,1038.70,27265
1789119900000000000,1038.70,1038.70,1038.70,1038.70,0
1789119960000000000,1038.70,1038.70,1038.70,1038.70,0
1789120020000000000,1038.70,1038.70,1038.70,1038.70,0
1789120080000000000,1038.70,1038.70,1038.70,1038.70,0
1789120140000000000,1038.70,1038.70,1038.70,1038.70,0
1789120200000000000,1038.70,1038.70,1038.70,1038.70,0
1789120260000000000,1038.70,1038.70,1038.70,1038.70,0
1789120320000000000,1038.70,1038.70,1038.70,1038.70,0
1789120380000000000,1038.70,1038.70,1038.70,1038.70,0
1789120440000000000,1038.70,1038.70,1038.70,1038.70,0
1789120500000000000,1038.70,1038.70,1038.70,1038.70,0
1789120560000000000,1038.70,1038.70,1038.70,1038.70,0
1789120620000000000,1038.70,1038.70,1038.70,1038.70,0
1789120680000000000,1038.70,1038.70,1038.70,1038.70,0
1789120740000000000,1037.70,1037.70,1037.70,1037.70,357127
