timestamp_ns,open,high,low,close,volume
1787888700000000000,269.00,269.00,267.20,267.80,184674
1787888760000000000,267.80,267.85,267.40,267.65,39175
1787888820000000000,267.75,267.95,267.65,267.90,38092
1787888880000000000,267.90,267.90,267.70,267.85,21064
1787888940000000000,267.85,267.85,267.65,267.65,15011
1787889000000000000,267.70,267.70,267.35,267.45,64182
1787889060000000000,267.55,267.95,267.50,267.85,40531
1787889120000000000,267.95,268.50,267.85,268.10,86951
1787889180000000000,268.15,268.20,268.00,268.10,12890
1787889240000000000,268.15,268.40,268.15,268.40,17750
1787889300000000000,268.30,268.40,268.10,268.20,9827
1787889360000000000,268.20,268.20,267.95,268.20,41908
1787889420000000000,268.10,268.30,268.10,268.25,9588
1787889480000000000,268.30,268.30,268.20,268.30,9305
1787889540000000000,268.30,268.30,268.15,268.25,18654
1787889600000000000,268.30,268.30,268.05,268.15,13183
1787889660000000000,268.15,268.15,268.00,268.15,17749
1787889720000000000,268.10,268.25,268.05,268.20,25527
1787889780000000000,268.25,268.25,268.10,268.20,14020
1787889840000000000,268.20,268.40,268.10,268.30,47260
1787889900000000000,268.30,268.40,268.25,268.35,10191
1787889960000000000,268.35,268.40,268.30,268.40,9709
1787890020000000000,268.35,268.40,268.25,268.35,9398
1787890080000000000,268.40,268.40,268.25,268.35,7471
1787890140000000000,268.35,268.40,268.25,268.40,9642
1787890200000000000,268.40,268.40,268.15,268.25,29846
1787890260000000000,268.25,268.25,268.10,268.10,18837
1787890320000000000,268.20,268.30,268.10,268.30,14629
1787890380000000000,268.25,268.35,268.15,268.25,10364
1787890440000000000,268.25,268.30,268.20,268.25,7554
1787890500000000000,268.30,268.30,268.10,268.20,7563
1787890560000000000,268.20,268.25,268.15,268.25,12745
1787890620000000000,268.20,268.25,268.10,268.15,21528
1787890680000000000,268.15,268.20,268.10,268.15,7699
1787890740000000000,268.10,268.15,268.05,268.10,13062
1787890800000000000,268.15,268.15,268.00,268.10,10326
1787890860000000000,268.10,268.15,267.85,267.95,31166
1787890920000000000,267.95,267.95,267.85,267.90,8364
1787890980000000000,267.95,267.95,267.85,267.90,10856
1787891040000000000,267.95,268.10,267.90,268.10,15171
1787891100000000000,268.05,268.25,268.05,268.15,9519
1787891160000000000,268.25,268.30,268.15,268.25,8804
1787891220000000000,268.25,268.25,268.10,268.10,7589
1787891280000000000,268.20,268.25,268.05,268.05,12889
1787891340000000000,268.10,268.15,268.00,268.05,8517
1787891400000000000,268.05,268.15,268.05,268.10,5413
1787891460000000000,268.10,268.15,268.00,268.05,13741
1787891520000000000,268.05,268.10,267.90,268.00,16244
1787891580000000000,268.00,268.05,267.80,268.00,15648
1787891640000000000,268.00,268.05,267.80,268.00,20057
1787891700000000000,268.00,268.05,267.90,268.00,13989
1787891760000000000,268.05,268.10,267.95,268.00,14123
1787891820000000000,268.10,268.10,267.90,268.00,14538
1787891880000000000,268.05,268.10,268.00,268.10,5896
1787891940000000000,268.10,268.10,267.90,268.10,17433
1787892000000000000,268.10,268.15,268.00,268.15,6790
1787892060000000000,268.05,268.15,267.95,268.10,9351
1787892120000000000,268.10,268.15,268.00,268.15,10216
1787892180000000000,268.15,268.15,268.05,268.15,7155
1787892240000000000,268.15,268.30,268.00,268.10,51435
1787892300000000000,268.10,268.10,267.95,268.05,21310
1787892360000000000,268.10,268.25,268.05,268.25,15697
1787892420000000000,268.25,268.40,268.15,268.30,15198
1787892480000000000,268.35,268.45,268.30,268.40,14378
1787892540000000000,268.45,268.50,268.15,268.25,22153
1787892600000000000,268.25,268.25,268.10,268.25,7114
1787892660000000000,268.25,268.25,268.15,268.25,8284
1787892720000000000,268.25,268.30,268.05,268.20,8964
1787892780000000000,268.20,268.20,268.10,268.20,7369
1787892840000000000,268.20,268.20,268.15,268.20,5043
1787892900000000000,268.20,268.30,268.15,268.25,5629
1787892960000000000,268.30,268.40,267.85,268.40,59536
1787893020000000000,268.40,268.40,268.25,268.40,11910
1787893080000000000,268.40,268.40,268.30,268.30,10454
1787893140000000000,268.40,268.50,268.30,268.50,14256
1787893200000000000,268.50,268.50,268.35,268.50,8958
1787893260000000000,268.50,268.50,268.35,268.50,8011
1787893320000000000,268.50,268.50,268.30,268.40,8169
1787893380000000000,268.40,268.45,268.30,268.45,5731
1787893440000000000,268.45,268.45,268.30,268.40,16081
1787893500000000000,268.45,268.45,268.30,268.45,7963
1787893560000000000,268.45,268.45,268.35,268.40,7741
1787893620000000000,268.45,268.45,268.35,268.45,6943
1787893680000000000,268.45,268.45,268.35,268.45,8347
1787893740000000000,268.45,268.45,268.35,268.40,6444
1787893800000000000,268.45,268.45,268.35,268.35,7350
1787893860000000000,268.40,268.45,268.35,268.40,6788
1787893920000000000,268.45,268.45,268.35,268.35,8548
1787893980000000000,268.45,268.45,268.30,268.35,5217
1787894040000000000,268.40,268.45,268.30,268.35,9948
1787894100000000000,268.35,268.40,268.30,268.35,7849
1787894160000000000,268.35,268.35,267.95,268.05,62297
1787894220000000000,268.10,268.20,267.90,267.95,15863
1787894280000000000,267.95,268.00,267.90,267.90,5618
1787894340000000000,268.00,268.10,267.90,268.10,12070
1787894400000000000,268.10,268.15,268.00,268.15,18606
1787894460000000000,268.10,268.20,268.10,268.15,6602
1787894520000000000,268.20,268.20,268.10,268.15,6603
1787894580000000000,268.15,268.15,268.05,268.10,10293
1787894640000000000,268.10,268.15,268.00,268.15,11349
1787894700000000000,268.15,268.15,268.05,268.05,4742
1787894760000000000,268.15,268.15,268.05,268.15,9493
1787894820000000000,268.15,268.20,268.05,268.05,9248
1787894880000000000,268.15,268.25,268.05,268.25,5343
1787894940000000000,268.25,268.30,268.05,268.10,6314
1787895000000000000,268.20,268.20,268.05,268.20,4074
1787895060000000000,268.20,268.25,268.10,268.15,13146
1787895120000000000,268.20,268.30,268.10,268.30,5151
1787895180000000000,268.25,268.30,268.15,268.20,6176
1787895240000000000,268.30,268.35,268.20,268.20,7479
1787895300000000000,268.25,268.35,268.15,268.15,9196
1787895360000000000,268.25,268.30,268.15,268.25,4406
1787895420000000000,268.20,268.30,268.10,268.15,5621
1787895480000000000,268.15,268.20,268.05,268.15,6034
1787895540000000000,268.15,268.15,268.00,268.10,9021
1787895600000000000,268.10,268.15,268.05,268.05,7338
1787895660000000000,268.10,268.20,268.00,268.15,7978
1787895720000000000,268.15,268.15,267.75,267.90,52086
1787895780000000000,268.00,268.10,267.90,268.05,13293
1787895840000000000,268.00,268.20,267.95,268.15,11014
1787895900000000000,268.15,268.15,268.00,268.00,8850
1787895960000000000,268.10,268.15,268.00,268.15,5351
1787896020000000000,268.15,268.15,268.00,268.10,5548
1787896080000000000,268.10,268.25,268.05,268.10,13174
1787896140000000000,268.10,268.20,268.10,268.20,6665
1787896200000000000,268.20,268.20,267.60,267.70,83940
1787896260000000000,267.80,267.80,267.65,267.75,19885
1787896320000000000,267.75,267.85,267.65,267.85,8341
1787896380000000000,267.85,267.90,267.75,267.90,7613
1787896440000000000,267.90,267.90,267.75,267.90,9601
1787896500000000000,267.90,267.90,267.80,267.90,4644
1787896560000000000,267.90,267.90,267.75,267.85,17749
1787896620000000000,267.85,267.90,267.75,267.80,17446
1787896680000000000,267.80,267.85,267.75,267.80,6992
1787896740000000000,267.75,267.80,267.75,267.75,10649
1787896800000000000,267.80,267.80,267.55,267.55,42122
1787896860000000000,267.60,267.60,267.25,267.35,62779
1787896920000000000,267.35,267.45,267.25,267.25,25387
1787896980000000000,267.35,267.40,267.05,267.10,30383
1787897040000000000,267.10,267.10,267.00,267.00,50944
1787897100000000000,267.10,267.15,267.00,267.05,12359
1787897160000000000,267.15,267.15,266.70,266.90,164400
1787897220000000000,267.00,267.10,266.80,266.85,43975
1787897280000000000,267.00,267.00,266.80,266.85,24800
1787897340000000000,266.90,267.05,266.90,267.05,9794
1787897400000000000,267.05,267.10,266.95,267.00,9163
1787897460000000000,267.10,267.20,267.05,267.20,9571
1787897520000000000,267.20,267.25,267.00,267.20,17440
1787897580000000000,267.15,267.20,266.60,266.80,84851
1787897640000000000,266.80,266.85,266.55,266.70,33581
1787897700000000000,266.70,266.75,266.50,266.60,44256
1787897760000000000,266.65,266.85,266.60,266.85,7311
1787897820000000000,266.85,266.95,266.75,266.95,11437
1787897880000000000,266.95,267.00,266.80,266.90,19732
1787897940000000000,266.90,267.00,266.85,266.85,11107
1787898000000000000,266.95,267.00,266.85,266.95,10678
1787898060000000000,266.95,267.05,266.90,267.00,7347
1787898120000000000,267.05,267.05,266.85,266.85,24924
1787898180000000000,266.95,266.95,266.80,266.90,9034
1787898240000000000,266.90,266.90,266.40,266.70,95231
1787898300000000000,266.60,266.80,266.45,266.65,31077
1787898360000000000,266.75,266.80,266.65,266.70,7326
1787898420000000000,266.70,266.90,266.65,266.80,27929
1787898480000000000,266.80,266.85,266.60,266.65,26826
1787898540000000000,266.70,266.75,266.50,266.60,29126
1787898600000000000,266.65,266.75,266.60,266.75,7072
1787898660000000000,266.75,266.80,266.65,266.70,12805
1787898720000000000,266.70,266.80,266.50,266.50,23906
1787898780000000000,266.55,266.65,266.50,266.55,6630
1787898840000000000,266.65,266.70,266.55,266.60,18196
1787898900000000000,266.60,266.60,266.50,266.60,10378
1787898960000000000,266.60,266.65,266.50,266.50,20967
1787899020000000000,266.50,266.60,266.40,266.40,21690
1787899080000000000,266.45,266.50,266.40,266.50,10895
1787899140000000000,266.50,266.55,266.40,266.50,15888
1787899200000000000,266.50,266.50,266.30,266.30,23421
1787899260000000000,266.35,266.40,266.25,266.40,10581
1787899320000000000,266.40,266.40,266.25,266.35,20916
1787899380000000000,266.35,266.40,266.20,266.25,22044
1787899440000000000,266.25,266.40,266.20,266.35,16596
1787899500000000000,266.35,266.45,266.25,266.30,11629
1787899560000000000,266.35,266.45,266.30,266.40,13265
1787899620000000000,266.45,266.50,266.30,266.50,15186
1787899680000000000,266.50,266.50,266.35,266.45,13357
1787899740000000000,266.50,266.65,266.35,266.55,29283
1787899800000000000,266.55,266.65,266.50,266.65,7318
1787899860000000000,266.65,266.70,266.55,266.65,8366
1787899920000000000,266.70,266.75,266.65,266.75,12421
1787899980000000000,266.75,266.85,265.95,266.25,599330
1787900040000000000,266.25,266.40,266.15,266.35,11547
1787900100000000000,266.35,266.35,266.25,266.35,3665
1787900160000000000,266.35,266.40,266.20,266.30,9220
1787900220000000000,266.40,266.55,266.30,266.45,8240
1787900280000000000,266.50,266.55,266.40,266.50,10045
1787900340000000000,266.50,266.55,266.40,266.50,5356
1787900400000000000,266.50,266.70,266.45,266.65,6678
1787900460000000000,266.65,266.65,265.85,266.20,618549
1787900520000000000,266.25,266.35,265.85,266.00,102186
1787900580000000000,266.00,266.20,265.95,266.15,39811
1787900640000000000,266.15,266.20,266.10,266.15,6795
1787900700000000000,266.20,266.30,266.15,266.30,15705
1787900760000000000,266.30,266.40,266.25,266.35,10711
1787900820000000000,266.35,266.40,266.20,266.35,9211
1787900880000000000,266.35,266.40,266.30,266.35,4053
1787900940000000000,266.40,266.45,266.35,266.35,5144
1787901000000000000,266.40,266.45,266.30,266.35,8290
1787901060000000000,266.40,266.45,266.35,266.45,6490
1787901120000000000,266.45,266.50,266.40,266.45,4682
1787901180000000000,266.45,266.55,266.40,266.50,14143
1787901240000000000,266.50,266.55,266.45,266.55,4640
1787901300000000000,266.55,266.65,266.50,266.60,15749
1787901360000000000,266.55,266.60,266.40,266.50,17706
1787901420000000000,266.60,266.65,266.50,266.60,5928
1787901480000000000,266.60,266.65,265.90,266.20,399483
1787901540000000000,266.20,266.20,266.15,266.15,11613
1787901600000000000,266.20,266.35,266.15,266.35,13382
1787901660000000000,266.35,266.45,266.30,266.40,14075
1787901720000000000,266.40,266.40,266.25,266.35,13917
1787901780000000000,266.35,266.55,266.30,266.40,34320
1787901840000000000,266.35,266.50,266.35,266.45,13787
1787901900000000000,266.45,266.45,266.25,266.40,12666
1787901960000000000,266.40,266.50,266.35,266.50,11774
1787902020000000000,266.50,266.50,265.65,266.10,254261
1787902080000000000,266.10,266.25,266.00,266.25,18867
1787902140000000000,266.25,266.25,266.20,266.20,7878
1787902200000000000,266.25,266.40,266.20,266.40,13310
1787902260000000000,266.40,266.50,266.30,266.45,14622
1787902320000000000,266.45,266.45,266.30,266.45,10819
1787902380000000000,266.45,266.45,266.30,266.45,10366
1787902440000000000,266.45,266.55,266.30,266.40,19837
1787902500000000000,266.40,266.45,266.10,266.25,23957
1787902560000000000,266.25,266.30,266.20,266.30,10817
1787902620000000000,266.30,266.30,266.20,266.20,18177
1787902680000000000,266.30,266.30,265.40,265.85,542550
1787902740000000000,265.85,266.05,265.80,266.00,14920
1787902800000000000,266.00,266.10,265.85,265.95,19776
1787902860000000000,265.95,266.00,265.80,265.90,16189
1787902920000000000,265.90,265.95,265.80,265.95,14694
1787902980000000000,265.90,266.00,265.80,265.85,22618
1787903040000000000,265.90,266.00,265.85,265.90,27080
1787903100000000000,265.90,265.95,265.80,265.90,20621
1787903160000000000,265.90,265.90,265.10,265.30,735410
1787903220000000000,265.40,265.55,265.35,265.55,29251
1787903280000000000,265.60,265.65,265.50,265.60,18922
1787903340000000000,265.60,265.75,265.55,265.70,15938
1787903400000000000,265.70,265.80,265.60,265.70,16383
1787903460000000000,265.75,265.80,265.55,265.65,32312
1787903520000000000,265.60,265.80,265.50,265.75,30685
1787903580000000000,265.75,265.75,265.50,265.60,48871
1787903640000000000,265.70,265.70,265.35,265.60,73285
1787903700000000000,265.60,265.70,265.55,265.60,11691
1787903760000000000,265.70,265.85,265.60,265.85,6259
1787903820000000000,265.85,266.00,265.80,265.90,13513
1787903880000000000,265.90,265.95,265.80,265.80,12187
1787903940000000000,265.85,265.90,265.70,265.75,20881
1787904000000000000,265.80,265.95,265.75,265.90,8001
1787904060000000000,265.95,265.95,265.85,265.85,14195
1787904120000000000,265.90,266.00,265.80,265.90,25784
1787904180000000000,266.00,266.10,265.90,266.00,12079
1787904240000000000,266.10,266.10,265.90,265.90,22653
1787904300000000000,266.00,266.05,265.85,265.90,15061
1787904360000000000,265.95,266.00,265.20,265.60,219009
1787904420000000000,265.65,265.70,265.60,265.65,17199
1787904480000000000,265.70,265.75,265.60,265.65,15823
1787904540000000000,265.70,265.80,265.65,265.70,16247
1787904600000000000,265.70,265.80,265.65,265.70,11531
1787904660000000000,265.80,265.80,265.60,265.70,18247
1787904720000000000,265.70,265.75,265.65,265.70,13078
1787904780000000000,265.75,265.85,265.70,265.70,13661
1787904840000000000,265.75,265.80,265.70,265.75,21270
1787904900000000000,265.75,265.85,265.70,265.75,10125
1787904960000000000,265.80,265.85,265.75,265.80,17555
1787905020000000000,265.80,265.90,265.75,265.85,12964
1787905080000000000,265.85,265.90,264.85,265.15,1484673
1787905140000000000,265.20,265.25,265.05,265.20,39722
1787905200000000000,265.25,265.25,265.15,265.20,18774
1787905260000000000,265.20,265.35,265.15,265.35,30016
1787905320000000000,265.35,265.60,265.30,265.55,27587
1787905380000000000,265.55,265.60,265.50,265.60,29953
1787905440000000000,265.60,265.65,265.55,265.55,22581
1787905500000000000,265.60,265.70,265.55,265.60,18507
1787905560000000000,265.65,265.70,265.55,265.70,13375
1787905620000000000,265.70,265.75,265.65,265.70,12545
1787905680000000000,265.70,265.80,265.65,265.70,12136
1787905740000000000,265.75,265.80,265.65,265.65,19480
1787905800000000000,265.70,265.70,265.50,265.60,24968
1787905860000000000,265.60,265.70,265.50,265.60,17345
1787905920000000000,265.60,265.65,265.20,265.45,42550
1787905980000000000,265.45,265.50,265.40,265.50,21157
1787906040000000000,265.50,265.60,265.40,265.45,22598
1787906100000000000,265.50,265.55,264.80,265.15,261313
1787906160000000000,265.20,265.35,265.15,265.30,17064
1787906220000000000,265.30,265.35,265.25,265.25,15836
1787906280000000000,265.35,265.40,265.20,265.30,20013
1787906340000000000,265.40,265.40,265.20,265.30,19149
1787906400000000000,265.30,265.40,265.25,265.40,8700
1787906460000000000,265.40,265.40,265.25,265.30,17057
1787906520000000000,265.40,265.40,265.30,265.40,15495
1787906580000000000,265.40,265.40,265.30,265.40,15574
1787906640000000000,265.40,265.45,265.30,265.35,14428
1787906700000000000,265.45,265.45,265.30,265.30,23557
1787906760000000000,265.40,265.45,265.30,265.40,11920
1787906820000000000,265.40,265.50,265.25,265.45,22083
1787906880000000000,265.45,265.50,265.30,265.40,20234
1787906940000000000,265.40,265.45,264.95,265.30,218501
1787907000000000000,265.30,265.30,265.15,265.15,16357
1787907060000000000,265.25,265.25,265.15,265.20,18548
1787907120000000000,265.20,265.25,265.10,265.20,23328
1787907180000000000,265.20,265.25,265.05,265.10,26584
1787907240000000000,265.20,265.25,265.05,265.20,29468
1787907300000000000,265.20,265.20,265.05,265.05,19518
1787907360000000000,265.20,265.30,265.15,265.30,24551
1787907420000000000,265.30,265.30,265.20,265.25,22756
1787907480000000000,265.30,265.30,265.10,265.25,31639
1787907540000000000,265.25,265.30,265.10,265.15,28726
1787907600000000000,265.25,265.30,265.10,265.25,24999
1787907660000000000,265.20,265.20,265.05,265.15,29793
1787907720000000000,265.15,265.30,265.10,265.30,15452
1787907780000000000,265.30,265.40,265.25,265.40,13797
1787907840000000000,265.40,265.45,265.30,265.40,12154
1787907900000000000,265.45,265.50,264.90,265.05,239900
1787907960000000000,265.15,265.30,265.05,265.30,15417
1787908020000000000,265.30,265.35,265.15,265.30,17892
1787908080000000000,265.30,265.35,265.25,265.25,20652
1787908140000000000,265.30,265.35,265.15,265.20,13206
1787908200000000000,265.30,265.30,265.15,265.25,21762
1787908260000000000,265.20,265.30,265.10,265.20,31052
1787908320000000000,265.20,265.30,265.20,265.30,10546
1787908380000000000,265.30,265.30,265.20,265.25,12749
1787908440000000000,265.30,265.30,265.05,265.15,60088
1787908500000000000,265.15,265.20,265.05,265.15,23228
1787908560000000000,265.15,265.20,265.05,265.10,23193
1787908620000000000,265.15,265.25,265.10,265.25,19060
1787908680000000000,265.25,265.40,265.20,265.30,28355
1787908740000000000,265.30,265.35,264.90,265.20,136829
1787908800000000000,265.20,265.25,265.05,265.25,34153
1787908860000000000,265.25,265.35,265.20,265.25,25043
1787908920000000000,265.25,265.35,265.20,265.35,14135
1787908980000000000,265.35,265.35,264.90,265.20,133966
1787909040000000000,265.20,265.35,264.85,265.15,225711
1787909100000000000,265.15,265.30,265.10,265.25,25890
1787909160000000000,265.25,265.30,264.90,265.15,187909
1787909220000000000,265.20,265.25,265.15,265.20,34294
1787909280000000000,265.15,265.20,265.05,265.10,55745
1787909340000000000,265.10,265.15,264.95,265.00,95433
1787909400000000000,265.05,265.10,264.80,264.95,141244
1787909460000000000,264.90,265.05,264.90,265.05,100514
1787909520000000000,265.05,265.25,265.00,265.05,127573
1787909580000000000,265.10,265.20,265.00,265.10,62853
1787909640000000000,265.20,265.20,265.05,265.10,65674
1787909700000000000,265.05,265.10,265.00,265.05,102907
1787909760000000000,265.05,265.20,264.95,265.10,123746
1787909820000000000,265.05,265.20,264.95,265.10,78562
1787909880000000000,265.05,265.15,265.05,265.10,33835
1787909940000000000,265.10,265.20,265.05,265.15,90270
1787910000000000000,265.20,265.20,264.85,265.10,225622
1787910060000000000,265.10,265.60,265.00,265.55,180128
1787910120000000000,265.60,265.60,265.30,265.55,206621
1787910180000000000,265.60,265.65,264.90,265.25,461940
1787910240000000000,265.25,265.50,264.95,265.50,349693
1787910300000000000,265.50,265.50,265.50,265.50,0
1787910360000000000,265.50,265.50,265.50,265.50,0
1787910420000000000,265.50,265.50,265.50,265.50,0
1787910480000000000,265.50,265.50,265.50,265.50,0
1787910540000000000,265.50,265.50,265.50,265.50,0
1787910600000000000,265.50,265.50,265.50,265.50,0
1787910660000000000,265.50,265.50,265.50,265.50,0
1787910720000000000,265.50,265.50,265.50,265.50,0
1787910780000000000,265.50,265.50,265.50,265.50,0
1787910840000000000,265.50,265.50,265.50,265.50,0
1787910900000000000,265.50,265.50,265.50,265.50,0
1787910960000000000,265.50,265.50,265.50,265.50,0
1787911020000000000,265.50,265.50,265.50,265.50,0
1787911080000000000,265.50,265.50,265.50,265.50,0
1787911140000000000,266.00,266.00,266.00,266.00,202191
1788147900000000000,266.00,266.55,264.80,264.85,180884
1788147960000000000,264.85,265.30,264.75,265.10,78381
1788148020000000000,265.10,265.25,264.95,265.10,28314
1788148080000000000,265.10,265.15,264.85,265.15,62693
1788148140000000000,265.15,265.25,265.00,265.20,28155
1788148200000000000,265.20,265.20,264.95,265.20,69073
1788148260000000000,265.20,265.25,265.00,265.20,22985
1788148320000000000,265.25,265.35,265.15,265.25,17806
1788148380000000000,265.30,265.30,265.10,265.30,14018
1788148440000000000,265.30,265.30,265.10,265.15,20820
1788148500000000000,265.15,265.30,265.00,265.20,21106
1788148560000000000,265.20,265.20,265.05,265.15,14061
1788148620000000000,265.15,265.20,265.05,265.10,12576
1788148680000000000,265.10,265.20,265.05,265.15,13879
1788148740000000000,265.20,265.40,265.05,265.40,37146
1788148800000000000,265.40,265.60,265.30,265.50,13744
1788148860000000000,265.50,265.60,265.35,265.60,21452
1788148920000000000,265.60,265.70,265.45,265.60,28406
1788148980000000000,265.60,265.90,265.50,265.90,22767
1788149040000000000,265.90,266.10,265.80,266.00,67724
1788149100000000000,265.90,266.00,265.80,265.85,21310
1788149160000000000,265.90,266.00,265.75,265.75,10863
1788149220000000000,265.85,265.90,265.75,265.80,12213
1788149280000000000,265.80,265.80,265.30,265.30,21349
1788149340000000000,265.40,265.45,265.30,265.35,7955
1788149400000000000,265.35,265.50,265.30,265.50,8126
1788149460000000000,265.50,265.50,265.35,265.45,6729
1788149520000000000,265.45,265.45,265.30,265.40,11030
1788149580000000000,265.40,265.45,264.85,264.85,158471
1788149640000000000,265.00,265.00,264.60,264.75,54673
1788149700000000000,264.75,264.85,264.60,264.70,21105
1788149760000000000,264.75,264.85,264.60,264.85,12105
1788149820000000000,264.85,265.00,264.80,265.00,20658
1788149880000000000,264.85,265.00,264.70,264.90,16944
1788149940000000000,264.90,264.95,264.80,264.90,15486
1788150000000000000,264.90,265.00,264.85,265.00,11801
1788150060000000000,265.00,265.15,264.90,265.10,12726
1788150120000000000,265.10,265.25,265.05,265.25,17928
1788150180000000000,265.25,265.35,265.10,265.30,17960
1788150240000000000,265.30,265.35,265.15,265.35,7037
1788150300000000000,265.35,265.35,265.15,265.35,6248
1788150360000000000,265.35,265.40,265.15,265.15,7376
1788150420000000000,265.30,265.30,265.15,265.15,5652
1788150480000000000,265.25,265.30,265.15,265.30,6607
1788150540000000000,265.30,265.40,265.15,265.40,16844
1788150600000000000,265.40,265.45,265.35,265.35,6013
1788150660000000000,265.40,265.45,265.30,265.40,10799
1788150720000000000,265.45,265.45,265.30,265.35,6181
1788150780000000000,265.35,265.40,264.25,264.55,786736
1788150840000000000,264.65,264.75,264.50,264.65,32571
1788150900000000000,264.65,264.75,264.60,264.65,9860
1788150960000000000,264.75,264.85,264.65,264.80,8067
1788151020000000000,264.80,264.85,264.65,264.70,12223
1788151080000000000,264.85,264.90,264.70,264.90,7051
1788151140000000000,264.90,264.95,264.75,264.90,14383
1788151200000000000,264.90,264.90,264.70,264.70,15658
1788151260000000000,264.80,264.85,264.65,264.80,8434
1788151320000000000,264.80,264.85,264.65,264.70,6780
1788151380000000000,264.75,264.85,264.65,264.80,19397
1788151440000000000,264.80,264.80,264.60,264.80,23797
1788151500000000000,264.80,265.20,264.70,265.15,40317
1788151560000000000,265.15,265.15,265.00,265.15,9437
1788151620000000000,265.15,265.15,264.45,264.90,546315
1788151680000000000,265.00,265.00,264.85,264.90,7056
1788151740000000000,264.95,265.00,264.20,264.25,278406
1788151800000000000,264.30,264.30,264.10,264.25,18972
1788151860000000000,264.25,264.40,264.15,264.40,22719
1788151920000000000,264.40,264.45,264.30,264.45,16864
1788151980000000000,264.45,264.50,264.30,264.40,15700
1788152040000000000,264.40,264.50,264.30,264.50,20330
1788152100000000000,264.50,264.50,264.35,264.45,10292
1788152160000000000,264.45,264.55,264.30,264.50,53787
1788152220000000000,264.50,264.55,264.40,264.55,9067
1788152280000000000,264.55,264.55,264.45,264.55,10159
1788152340000000000,264.55,264.55,264.50,264.55,10130
1788152400000000000,264.50,264.55,264.45,264.55,36630
1788152460000000000,264.55,264.80,264.45,264.70,117035
1788152520000000000,264.70,264.80,264.60,264.70,70285
1788152580000000000,264.70,264.75,264.60,264.60,7870
1788152640000000000,264.70,264.75,264.60,264.70,7069
1788152700000000000,264.70,264.75,264.60,264.60,16540
1788152760000000000,264.70,264.70,264.60,264.65,5278
1788152820000000000,264.65,264.70,264.60,264.70,9606
1788152880000000000,264.70,264.80,264.60,264.70,11366
1788152940000000000,264.70,264.70,264.60,264.65,8251
1788153000000000000,264.65,264.65,264.60,264.65,6624
1788153060000000000,264.65,264.75,264.60,264.75,7987
1788153120000000000,264.75,264.80,264.65,264.70,8501
1788153180000000000,264.75,264.85,264.70,264.85,8320
1788153240000000000,264.85,264.90,264.80,264.90,4666
1788153300000000000,264.90,264.90,264.85,264.90,5024
1788153360000000000,264.90,265.00,264.45,264.70,501216
1788153420000000000,264.80,264.85,264.65,264.80,12946
1788153480000000000,264.80,264.80,264.70,264.75,6780
1788153540000000000,264.75,264.90,264.70,264.85,10138
1788153600000000000,264.90,264.90,264.75,264.90,8286
1788153660000000000,264.90,264.90,264.65,264.70,8971
1788153720000000000,264.75,264.75,264.60,264.75,13363
1788153780000000000,264.75,264.90,264.60,264.85,18868
1788153840000000000,264.90,264.95,264.80,264.95,6693
1788153900000000000,264.95,264.95,264.75,264.85,7407
1788153960000000000,264.85,264.90,264.65,264.80,7830
1788154020000000000,264.80,264.85,264.75,264.85,7130
1788154080000000000,264.85,264.90,264.80,264.80,5971
1788154140000000000,264.90,264.95,264.80,264.85,8734
1788154200000000000,264.90,264.95,264.80,264.95,8449
1788154260000000000,264.95,265.00,264.85,265.00,6439
1788154320000000000,265.00,265.00,264.85,265.00,7690
1788154380000000000,265.00,265.05,264.90,265.00,8157
1788154440000000000,265.00,265.00,264.80,264.95,7486
1788154500000000000,265.00,265.00,264.85,265.00,5783
1788154560000000000,265.00,265.00,264.85,265.00,4725
1788154620000000000,265.00,265.00,264.85,264.85,2468
1788154680000000000,264.95,264.95,264.65,264.75,13424
1788154740000000000,264.70,264.75,264.50,264.55,17773
1788154800000000000,264.70,264.70,264.55,264.70,4307
1788154860000000000,264.70,264.70,264.60,264.70,5185
1788154920000000000,264.70,264.70,264.55,264.55,10242
1788154980000000000,264.60,264.60,264.50,264.50,7961
1788155040000000000,264.60,264.60,264.50,264.50,4989
1788155100000000000,264.60,264.65,264.50,264.65,4521
1788155160000000000,264.65,264.95,264.60,264.90,18876
1788155220000000000,264.90,264.95,264.80,264.80,2567
1788155280000000000,264.85,264.95,264.80,264.85,4678
1788155340000000000,264.90,264.90,264.80,264.85,5358
1788155400000000000,264.90,264.90,264.85,264.85,9381
1788155460000000000,264.90,264.90,264.85,264.90,5333
1788155520000000000,264.90,264.90,264.85,264.85,5601
1788155580000000000,264.90,264.95,264.80,264.95,9241
1788155640000000000,264.95,264.95,264.90,264.95,4602
1788155700000000000,264.95,264.95,264.80,264.90,12324
1788155760000000000,264.90,264.95,264.85,264.95,3472
1788155820000000000,264.95,264.95,264.80,264.90,6274
1788155880000000000,264.90,264.95,264.80,264.90,2876
1788155940000000000,264.95,264.95,264.90,264.95,2905
1788156000000000000,264.95,264.95,264.90,264.95,4270
1788156060000000000,264.95,264.95,264.85,264.95,7961
1788156120000000000,264.95,264.95,264.80,264.95,5838
1788156180000000000,264.95,265.00,264.85,264.90,7656
1788156240000000000,265.00,265.00,264.90,264.95,6005
1788156300000000000,265.00,265.05,264.95,265.05,8497
1788156360000000000,265.10,265.10,264.95,265.10,6167
1788156420000000000,265.10,265.15,265.00,265.15,4594
1788156480000000000,265.15,265.25,265.10,265.25,15072
1788156540000000000,265.25,265.25,265.05,265.20,12028
1788156600000000000,265.20,265.20,265.10,265.20,4687
1788156660000000000,265.20,265.25,265.10,265.10,8141
1788156720000000000,265.20,265.20,265.10,265.20,5528
1788156780000000000,265.20,265.25,265.10,265.15,2575
1788156840000000000,265.25,265.25,265.00,265.10,13512
1788156900000000000,265.10,265.20,265.00,265.20,6779
1788156960000000000,265.20,265.20,265.10,265.10,4546
1788157020000000000,265.20,265.20,265.10,265.10,5218
1788157080000000000,265.20,265.20,265.10,265.20,3798
1788157140000000000,265.20,265.35,265.05,265.30,47632
1788157200000000000,265.30,265.30,264.90,265.05,40619
1788157260000000000,265.05,265.10,264.95,264.95,8697
1788157320000000000,265.05,265.05,264.00,264.60,307683
1788157380000000000,264.60,264.85,264.50,264.85,10290
1788157440000000000,264.85,265.05,264.80,264.90,17056
1788157500000000000,265.05,265.05,264.90,265.05,9163
1788157560000000000,265.05,265.10,264.85,265.00,26545
1788157620000000000,265.00,265.05,264.90,264.90,11271
1788157680000000000,265.05,265.05,264.80,264.90,11116
1788157740000000000,264.90,265.05,264.85,265.05,10573
1788157800000000000,265.05,265.05,264.90,265.00,9101
1788157860000000000,265.00,265.10,264.95,265.10,8520
1788157920000000000,265.10,265.15,265.00,265.15,5790
1788157980000000000,265.15,265.25,265.05,265.10,11366
1788158040000000000,265.20,265.25,265.05,265.10,12785
1788158100000000000,265.25,265.30,265.10,265.20,8992
1788158160000000000,265.20,265.25,265.05,265.15,5678
1788158220000000000,265.15,265.30,265.10,265.25,24311
1788158280000000000,265.25,265.30,265.10,265.20,4743
1788158340000000000,265.20,265.25,265.10,265.20,4936
1788158400000000000,265.20,265.20,265.10,265.20,3253
1788158460000000000,265.20,265.25,265.10,265.20,4568
1788158520000000000,265.20,265.25,265.05,265.25,14224
1788158580000000000,265.25,265.25,265.10,265.25,4798
1788158640000000000,265.25,265.25,265.10,265.10,4978
1788158700000000000,265.25,265.25,265.10,265.20,3764
1788158760000000000,265.20,265.30,265.10,265.30,11961
1788158820000000000,265.30,265.40,265.20,265.40,6470
1788158880000000000,265.40,265.45,265.00,265.15,35242
1788158940000000000,265.10,265.25,265.05,265.15,7233
1788159000000000000,265.25,265.25,265.05,265.20,13620
1788159060000000000,265.20,265.20,265.05,265.10,5360
1788159120000000000,265.20,265.20,264.90,265.00,33057
1788159180000000000,265.00,265.00,264.80,264.85,17022
1788159240000000000,264.95,265.00,264.70,264.75,26255
1788159300000000000,264.80,264.90,264.65,264.65,23315
1788159360000000000,264.80,264.85,264.65,264.85,10865
1788159420000000000,264.85,264.85,264.60,264.80,25010
1788159480000000000,264.80,264.85,264.65,264.70,12640
1788159540000000000,264.85,264.85,264.70,264.70,6769
1788159600000000000,264.85,264.85,264.70,264.85,15938
1788159660000000000,264.85,264.90,264.70,264.85,14602
1788159720000000000,264.85,264.85,264.80,264.85,17633
1788159780000000000,264.85,264.85,264.75,264.85,11975
1788159840000000000,264.85,264.85,264.75,264.75,9337
1788159900000000000,264.85,264.85,264.70,264.75,7340
1788159960000000000,264.85,264.90,264.75,264.80,41674
1788160020000000000,264.85,264.95,264.60,264.85,71879
1788160080000000000,264.85,265.00,264.80,265.00,18057
1788160140000000000,265.00,265.00,264.80,265.00,14489
1788160200000000000,265.00,265.20,264.90,265.15,7139
1788160260000000000,265.15,265.25,264.90,265.10,39478
1788160320000000000,265.20,265.30,265.10,265.20,4964
1788160380000000000,265.30,265.30,265.10,265.20,7125
1788160440000000000,265.25,265.35,265.20,265.25,5188
1788160500000000000,265.35,265.40,265.20,265.35,12363
1788160560000000000,265.35,265.35,264.95,264.95,239617
1788160620000000000,265.10,265.15,264.95,265.05,21738
1788160680000000000,265.10,265.10,264.95,265.10,14949
1788160740000000000,265.10,265.20,264.95,265.10,170157
1788160800000000000,265.10,265.15,264.95,265.10,33439
1788160860000000000,265.10,265.20,264.95,265.10,446567
1788160920000000000,265.10,265.15,265.00,265.10,8660
1788160980000000000,265.15,265.20,264.95,265.05,13993
1788161040000000000,265.05,265.05,264.95,265.05,6685
1788161100000000000,265.05,265.05,264.90,265.00,15533
1788161160000000000,265.00,265.05,264.90,265.05,15527
1788161220000000000,265.05,265.10,264.95,265.05,19432
1788161280000000000,265.05,265.10,264.95,265.00,6672
1788161340000000000,265.05,265.05,264.90,264.90,7653
1788161400000000000,264.90,265.05,264.90,265.00,6853
1788161460000000000,265.05,265.15,264.95,265.10,41367
1788161520000000000,265.10,265.10,264.95,265.05,12010
1788161580000000000,265.05,265.10,264.90,265.05,8230
1788161640000000000,265.05,265.05,264.90,265.00,9406
1788161700000000000,265.00,265.00,264.90,265.00,4912
1788161760000000000,265.00,265.00,264.90,264.95,6564
1788161820000000000,264.95,265.00,264.90,264.90,3850
1788161880000000000,265.00,265.00,264.90,265.00,5932
1788161940000000000,265.00,265.00,264.90,264.90,8524
1788162000000000000,264.95,265.05,264.90,265.05,15189
1788162060000000000,265.05,265.05,264.90,265.00,13088
1788162120000000000,265.00,265.00,264.90,265.00,14593
1788162180000000000,265.00,265.00,264.85,265.00,7013
1788162240000000000,265.00,265.05,264.85,265.00,5600
1788162300000000000,265.00,265.00,264.85,264.90,8180
1788162360000000000,265.00,265.00,264.90,265.00,2421
1788162420000000000,265.00,265.00,264.85,264.95,13538
1788162480000000000,264.95,265.00,264.85,264.95,10833
1788162540000000000,264.95,265.05,264.90,264.90,7425
1788162600000000000,265.00,265.00,264.90,264.95,6764
1788162660000000000,264.95,265.00,264.90,265.00,4203
1788162720000000000,265.00,265.00,264.80,264.80,5906
1788162780000000000,264.80,264.95,264.80,264.95,4559
1788162840000000000,264.95,264.95,264.85,264.95,28764
1788162900000000000,264.95,264.95,264.85,264.90,9679
1788162960000000000,264.90,264.95,264.80,264.95,9388
1788163020000000000,264.90,264.95,264.80,264.95,16118
1788163080000000000,264.95,264.95,264.85,264.90,6887
1788163140000000000,264.95,264.95,264.85,264.85,10522
1788163200000000000,264.95,264.95,264.85,264.85,6636
1788163260000000000,264.95,264.95,264.65,264.75,60551
1788163320000000000,264.75,264.80,264.65,264.75,22776
1788163380000000000,264.75,264.80,264.65,264.75,14081
1788163440000000000,264.80,264.80,264.70,264.75,4656
1788163500000000000,264.80,264.90,264.70,264.90,27039
1788163560000000000,264.90,264.90,264.70,264.80,26847
1788163620000000000,264.80,264.85,264.70,264.80,6336
1788163680000000000,264.85,264.85,264.70,264.80,12383
1788163740000000000,264.80,264.85,264.65,264.80,12750
1788163800000000000,264.80,264.90,264.70,264.90,6244
1788163860000000000,264.90,264.90,264.80,264.90,10813
1788163920000000000,264.90,264.90,264.75,264.90,10970
1788163980000000000,264.90,264.90,264.80,264.90,10343
1788164040000000000,264.90,264.90,264.80,264.80,11128
1788164100000000000,264.85,264.90,264.80,264.90,14498
1788164160000000000,264.90,264.90,264.75,264.75,10174
1788164220000000000,264.85,264.85,264.70,264.85,6160
1788164280000000000,264.85,264.90,264.75,264.75,13480
1788164340000000000,264.90,264.95,264.75,264.85,7366
1788164400000000000,264.90,265.00,264.80,264.85,10506
1788164460000000000,265.00,265.00,264.85,264.90,12333
1788164520000000000,265.00,265.00,264.90,264.90,6239
1788164580000000000,264.95,265.10,264.90,265.10,17136
1788164640000000000,265.10,265.15,265.00,265.15,10763
1788164700000000000,265.15,265.15,265.00,265.15,21318
1788164760000000000,265.15,265.15,265.00,265.10,6698
1788164820000000000,265.10,265.15,265.00,265.05,7991
1788164880000000000,265.15,265.20,265.05,265.05,4152
1788164940000000000,265.15,265.20,265.05,265.20,14650
1788165000000000000,265.20,265.20,265.00,265.15,7489
1788165060000000000,265.15,265.20,264.90,264.90,28870
1788165120000000000,265.05,265.05,264.85,264.90,8595
1788165180000000000,265.00,265.05,264.90,264.95,8518
1788165240000000000,265.00,265.00,264.80,264.90,9784
1788165300000000000,264.90,264.90,264.70,264.70,13118
1788165360000000000,264.80,264.85,264.70,264.85,8536
1788165420000000000,264.85,264.85,264.70,264.80,6857
1788165480000000000,264.85,264.85,264.75,264.85,9057
1788165540000000000,264.85,264.85,264.70,264.75,9586
1788165600000000000,264.85,264.85,264.70,264.75,6845
1788165660000000000,264.85,264.90,264.75,264.80,14429
1788165720000000000,264.90,264.90,264.75,264.90,4618
1788165780000000000,264.90,264.95,264.80,264.80,5323
1788165840000000000,264.85,264.90,264.75,264.90,7379
1788165900000000000,264.80,264.90,264.80,264.80,7473
1788165960000000000,264.90,264.95,264.70,264.95,39656
1788166020000000000,264.95,264.95,264.80,264.80,6379
1788166080000000000,264.95,264.95,264.80,264.95,10678
1788166140000000000,264.95,265.00,264.80,265.00,21315
1788166200000000000,265.00,265.05,264.90,265.05,16968
1788166260000000000,265.05,265.05,264.85,265.05,16741
1788166320000000000,265.05,265.10,264.90,265.05,19163
1788166380000000000,265.10,265.10,264.90,265.00,35997
1788166440000000000,265.00,265.10,264.85,264.90,38497
1788166500000000000,265.00,265.00,264.80,264.90,40486
1788166560000000000,264.90,264.90,264.75,264.80,17711
1788166620000000000,264.80,264.85,264.70,264.85,25729
1788166680000000000,264.85,264.90,264.75,264.80,19748
1788166740000000000,264.75,264.90,264.75,264.85,11550
1788166800000000000,264.85,264.90,264.70,264.75,45222
1788166860000000000,264.70,264.85,264.65,264.85,33379
1788166920000000000,264.85,264.85,264.65,264.75,21220
1788166980000000000,264.65,264.75,264.60,264.65,25903
1788167040000000000,264.65,264.70,264.55,264.60,27373
1788167100000000000,264.60,264.70,264.50,264.60,28835
1788167160000000000,264.65,264.65,264.50,264.60,53668
1788167220000000000,264.60,264.60,264.50,264.55,28176
1788167280000000000,264.55,264.60,264.40,264.55,30757
1788167340000000000,264.55,264.60,264.45,264.55,32630
1788167400000000000,264.50,264.80,264.50,264.75,59053
1788167460000000000,264.75,264.75,264.55,264.65,26958
1788167520000000000,264.60,264.90,264.55,264.80,58972
1788167580000000000,264.80,264.85,264.65,264.75,28544
1788167640000000000,264.65,264.85,264.65,264.85,51263
1788167700000000000,264.80,265.00,264.70,265.00,67484
1788167760000000000,264.90,265.15,264.75,264.95,439042
1788167820000000000,265.05,265.10,264.90,264.90,43741
1788167880000000000,264.90,265.00,264.80,264.95,47086
1788167940000000000,264.95,265.05,264.85,264.95,43113
1788168000000000000,264.95,265.10,264.85,264.90,54485
1788168060000000000,264.90,265.05,264.85,265.00,74739
1788168120000000000,264.95,265.10,264.40,264.65,550581
1788168180000000000,264.65,264.70,264.10,264.55,1593130
1788168240000000000,264.60,264.80,264.55,264.70,44814
1788168300000000000,264.75,264.75,264.60,264.75,37348
1788168360000000000,264.70,264.75,263.85,264.20,405927
1788168420000000000,264.15,264.20,263.90,264.05,360917
1788168480000000000,264.00,264.05,263.90,264.00,105739
1788168540000000000,263.95,264.15,263.90,263.95,104296
1788168600000000000,264.05,264.05,263.90,264.00,192803
1788168660000000000,263.95,264.30,263.90,264.30,144803
1788168720000000000,264.20,264.40,264.15,264.30,140146
1788168780000000000,264.30,264.35,264.10,264.20,104129
1788168840000000000,264.20,264.35,264.10,264.35,112946
1788168900000000000,264.35,264.35,263.90,264.00,330713
1788168960000000000,263.95,264.10,263.85,264.00,179754
1788169020000000000,263.95,264.05,263.90,263.95,182133
1788169080000000000,263.95,264.00,263.85,263.95,140670
1788169140000000000,264.00,264.00,262.80,263.00,1848679
1788169200000000000,263.05,263.25,262.90,262.95,1934973
1788169260000000000,262.95,263.20,262.85,263.20,937401
1788169320000000000,263.15,264.45,263.15,264.35,174349
1788169380000000000,264.30,264.50,264.15,264.40,63217
1788169440000000000,264.25,264.45,264.15,264.40,76700
1788169500000000000,264.40,264.40,264.40,264.40,0
1788169560000000000,264.40,264.40,264.40,264.40,0
1788169620000000000,264.40,264.40,264.40,264.40,0
1788169680000000000,264.40,264.40,264.40,264.40,0
1788169740000000000,264.40,264.40,264.40,264.40,0
1788169800000000000,264.40,264.40,264.40,264.40,0
1788169860000000000,264.40,264.40,264.40,264.40,0
1788169920000000000,264.40,264.40,264.40,264.40,0
1788169980000000000,264.40,264.40,264.40,264.40,0
1788170040000000000,264.40,264.40,264.40,264.40,0
1788170100000000000,264.40,264.40,264.40,264.40,0
1788170160000000000,264.40,264.40,264.40,264.40,0
1788170220000000000,264.40,264.40,264.40,264.40,0
1788170280000000000,264.40,264.40,264.40,264.40,0
1788170340000000000,255.50,255.50,255.50,255.50,5464435
1788234300000000000,261.50,265.10,261.50,264.90,727182
1788234360000000000,264.85,266.35,264.60,265.90,593365
1788234420000000000,266.00,266.90,265.55,266.55,719345
1788234480000000000,266.55,267.50,266.30,266.50,717378
1788234540000000000,266.60,266.90,266.00,266.15,316807
1788234600000000000,266.15,266.25,265.15,265.70,545379
1788234660000000000,265.70,265.70,265.20,265.35,143418
1788234720000000000,265.40,265.50,264.80,264.80,331290
1788234780000000000,264.95,265.25,264.80,264.90,180172
1788234840000000000,264.90,264.95,264.30,264.40,186507
1788234900000000000,264.45,264.80,264.35,264.65,214414
1788234960000000000,264.65,264.75,263.75,263.95,221352
1788235020000000000,263.90,264.20,263.85,264.15,89269
1788235080000000000,264.15,264.15,263.70,264.10,144813
1788235140000000000,264.10,264.30,263.75,264.25,162999
1788235200000000000,264.30,264.75,264.20,264.50,131744
1788235260000000000,264.50,264.65,264.10,264.60,82920
1788235320000000000,264.60,264.60,264.15,264.25,99280
1788235380000000000,264.30,264.45,264.10,264.10,46489
1788235440000000000,264.20,264.35,263.90,264.35,97772
1788235500000000000,264.35,264.60,264.15,264.40,76521
1788235560000000000,264.50,264.55,263.90,263.90,58015
1788235620000000000,263.95,263.95,263.70,263.85,82697
1788235680000000000,263.85,263.90,263.65,263.85,45972
1788235740000000000,263.70,263.80,263.50,263.65,86082
1788235800000000000,263.65,263.65,263.10,263.20,112597
1788235860000000000,263.20,263.40,263.05,263.25,108706
1788235920000000000,263.30,263.50,263.20,263.50,51546
1788235980000000000,263.50,263.55,263.20,263.35,45008
1788236040000000000,263.30,263.35,263.00,263.00,48418
1788236100000000000,263.10,263.20,262.90,263.20,85639
1788236160000000000,263.20,263.30,263.00,263.25,28959
1788236220000000000,263.20,263.25,263.10,263.25,31865
1788236280000000000,263.25,263.45,263.15,263.45,24677
1788236340000000000,263.30,263.55,263.30,263.40,39584
1788236400000000000,263.50,263.50,263.10,263.30,33049
1788236460000000000,263.30,263.30,262.80,262.90,71500
1788236520000000000,262.90,262.95,262.65,262.85,65495
1788236580000000000,262.85,262.85,262.55,262.70,64122
1788236640000000000,262.70,262.80,262.35,262.45,74030
1788236700000000000,262.60,262.70,262.45,262.65,49331
1788236760000000000,262.70,262.70,262.30,262.40,136034
1788236820000000000,262.50,262.70,262.45,262.60,26637
1788236880000000000,262.70,262.70,262.25,262.25,49426
1788236940000000000,262.30,262.90,262.20,262.80,127227
1788237000000000000,262.80,262.80,262.25,262.25,46926
1788237060000000000,262.25,262.35,262.20,262.25,42938
1788237120000000000,262.25,262.25,262.10,262.20,54701
1788237180000000000,262.20,262.45,262.10,262.20,89617
1788237240000000000,262.30,262.50,262.20,262.40,94357
1788237300000000000,262.50,262.50,262.35,262.45,21258
1788237360000000000,262.50,262.50,262.00,262.10,76979
1788237420000000000,262.10,262.10,261.70,262.00,91064
1788237480000000000,262.00,262.00,261.85,261.95,32162
1788237540000000000,261.95,262.00,261.85,261.95,39462
1788237600000000000,261.95,262.05,261.85,262.00,71874
1788237660000000000,262.05,262.10,261.80,262.00,103183
1788237720000000000,262.00,262.05,261.90,262.00,45038
1788237780000000000,262.00,262.00,261.90,262.00,16432
1788237840000000000,262.00,262.45,261.90,262.35,39834
1788237900000000000,262.35,262.40,262.25,262.35,19630
1788237960000000000,262.35,262.35,262.20,262.30,22462
1788238020000000000,262.30,262.35,262.20,262.25,26592
1788238080000000000,262.25,262.45,262.20,262.45,19393
1788238140000000000,262.35,262.45,262.25,262.25,16917
1788238200000000000,262.35,262.80,262.25,262.75,66594
1788238260000000000,262.75,262.90,262.60,262.75,53042
1788238320000000000,262.90,263.05,262.75,263.00,73772
1788238380000000000,263.00,263.20,262.90,263.20,37542
1788238440000000000,263.20,263.35,263.00,263.05,51053
1788238500000000000,263.10,263.15,263.00,263.15,17748
1788238560000000000,263.15,263.20,263.05,263.20,11648
1788238620000000000,263.20,263.20,263.05,263.05,21546
1788238680000000000,263.10,263.40,263.05,263.35,35223
1788238740000000000,263.35,263.45,263.20,263.45,35031
1788238800000000000,263.45,263.50,263.30,263.45,52419
1788238860000000000,263.45,263.50,263.25,263.50,31260
1788238920000000000,263.50,263.85,263.45,263.80,59508
1788238980000000000,263.80,263.85,263.60,263.80,52425
1788239040000000000,263.80,263.95,263.70,263.90,45886
1788239100000000000,263.90,264.40,263.85,264.30,150640
1788239160000000000,264.30,264.50,264.15,264.40,50518
1788239220000000000,264.35,264.50,264.20,264.30,71039
1788239280000000000,264.30,264.30,264.00,264.00,44544
1788239340000000000,264.10,264.10,263.85,264.05,33586
1788239400000000000,264.05,264.05,263.50,263.50,55168
1788239460000000000,263.60,263.70,263.40,263.65,40518
1788239520000000000,263.65,263.80,263.45,263.65,43905
1788239580000000000,263.50,263.65,263.50,263.60,8008
1788239640000000000,263.60,263.65,263.50,263.60,11725
1788239700000000000,263.65,263.65,263.30,263.40,23958
1788239760000000000,263.40,263.55,263.35,263.45,14779
1788239820000000000,263.55,263.65,263.40,263.60,13082
1788239880000000000,263.60,263.70,263.50,263.55,20053
1788239940000000000,263.65,263.65,263.50,263.60,13222
1788240000000000000,263.60,263.70,263.50,263.55,10425
1788240060000000000,263.55,263.65,263.50,263.60,9572
1788240120000000000,263.60,263.70,263.50,263.70,24652
1788240180000000000,263.70,263.75,263.55,263.55,17068
1788240240000000000,263.65,263.80,263.55,263.80,22410
1788240300000000000,263.80,263.95,263.40,263.80,128335
1788240360000000000,263.90,263.95,263.70,263.80,9981
1788240420000000000,263.80,264.20,263.70,264.10,84072
1788240480000000000,264.10,264.15,264.05,264.15,35368
1788240540000000000,264.20,264.20,264.10,264.20,41728
1788240600000000000,264.20,264.50,264.20,264.25,53169
1788240660000000000,264.35,264.45,264.25,264.35,13464
1788240720000000000,264.40,264.45,264.15,264.20,27699
1788240780000000000,264.25,264.30,264.00,264.10,12391
1788240840000000000,264.10,264.25,264.00,264.15,18692
1788240900000000000,264.25,264.30,264.15,264.30,16787
1788240960000000000,264.30,264.35,264.25,264.30,9960
1788241020000000000,264.30,264.35,264.15,264.30,18678
1788241080000000000,264.30,264.40,264.20,264.40,15692
1788241140000000000,264.40,264.50,264.30,264.40,19920
1788241200000000000,264.50,264.50,264.25,264.30,24606
1788241260000000000,264.40,264.50,264.25,264.35,56594
1788241320000000000,264.35,264.40,264.20,264.25,25652
1788241380000000000,264.25,264.25,263.90,264.00,30605
1788241440000000000,264.00,264.00,263.80,263.95,21370
1788241500000000000,263.95,263.95,263.75,263.80,38904
1788241560000000000,263.90,263.90,263.75,263.90,26736
1788241620000000000,263.90,264.15,263.80,264.10,24791
1788241680000000000,264.15,265.00,264.05,264.75,151245
1788241740000000000,264.80,265.50,264.70,265.25,711102
1788241800000000000,265.30,265.30,264.15,264.30,164844
1788241860000000000,264.35,264.65,264.30,264.60,33080
1788241920000000000,264.60,264.70,264.40,264.60,20301
1788241980000000000,264.60,264.65,264.40,264.45,12995
1788242040000000000,264.50,264.60,264.40,264.55,17513
1788242100000000000,264.55,264.60,264.50,264.60,7968
1788242160000000000,264.60,264.60,264.50,264.50,12269
1788242220000000000,264.60,264.75,264.50,264.70,24368
1788242280000000000,264.70,264.80,264.55,264.75,29452
1788242340000000000,264.80,264.90,264.50,264.60,29441
1788242400000000000,264.60,264.65,264.50,264.65,20635
1788242460000000000,264.65,264.65,264.35,264.60,24216
1788242520000000000,264.60,264.60,264.40,264.55,10747
1788242580000000000,264.55,264.70,264.50,264.70,14928
1788242640000000000,264.70,264.70,264.50,264.55,12302
1788242700000000000,264.70,264.70,264.30,264.40,31282
1788242760000000000,264.40,264.40,264.10,264.20,42211
1788242820000000000,264.20,264.25,263.60,263.95,207594
1788242880000000000,263.95,264.00,263.80,263.80,23242
1788242940000000000,263.90,263.90,263.75,263.90,14342
1788243000000000000,263.90,263.95,263.55,263.70,22466
1788243060000000000,263.70,263.85,263.65,263.80,29178
1788243120000000000,263.85,263.90,263.60,263.65,44401
1788243180000000000,263.60,263.65,263.45,263.60,29532
1788243240000000000,263.65,263.70,263.50,263.55,9724
1788243300000000000,263.60,263.65,263.50,263.60,13025
1788243360000000000,263.60,263.70,263.55,263.60,18028
1788243420000000000,263.65,263.75,263.60,263.75,15005
1788243480000000000,263.75,263.75,263.55,263.60,19655
1788243540000000000,263.55,263.60,263.55,263.60,9171
1788243600000000000,263.60,263.60,263.40,263.50,15565
1788243660000000000,263.55,263.60,263.20,263.30,52632
1788243720000000000,263.40,263.55,263.20,263.40,103388
1788243780000000000,263.55,263.55,263.30,263.50,39619
1788243840000000000,263.50,263.50,263.35,263.50,17943
1788243900000000000,263.50,263.60,263.40,263.60,18977
1788243960000000000,263.60,263.75,263.55,263.60,13524
1788244020000000000,263.70,263.75,263.60,263.75,18315
1788244080000000000,263.75,264.20,263.35,263.90,1058640
1788244140000000000,264.00,264.45,263.85,264.45,41704
1788244200000000000,264.35,264.45,264.30,264.30,17383
1788244260000000000,264.40,264.40,264.10,264.10,17430
1788244320000000000,264.20,265.45,264.10,265.35,1357841
1788244380000000000,265.40,266.30,265.35,265.90,343481
1788244440000000000,265.90,266.55,265.50,266.50,235547
1788244500000000000,266.55,267.40,266.45,266.85,336233
1788244560000000000,266.95,266.95,266.50,266.60,54885
1788244620000000000,266.60,266.65,266.35,266.35,51070
1788244680000000000,266.50,266.50,266.30,266.35,49730
1788244740000000000,266.45,266.45,266.20,266.40,49542
1788244800000000000,266.40,266.40,266.15,266.15,27794
1788244860000000000,266.25,266.30,266.05,266.30,53032
1788244920000000000,266.30,266.40,266.15,266.25,35158
1788244980000000000,266.35,266.35,266.10,266.30,37410
1788245040000000000,266.35,266.40,266.25,266.25,22481
1788245100000000000,266.30,266.65,266.30,266.55,53637
1788245160000000000,266.55,266.55,266.30,266.45,26165
1788245220000000000,266.45,266.45,266.25,266.25,33463
1788245280000000000,266.30,266.30,266.15,266.15,20015
1788245340000000000,266.25,266.25,266.10,266.15,17703
1788245400000000000,266.15,266.35,265.95,266.30,60608
1788245460000000000,266.30,266.30,266.15,266.25,9981
1788245520000000000,266.25,266.35,266.15,266.25,20499
1788245580000000000,266.25,266.25,266.10,266.10,18085
1788245640000000000,266.15,266.25,266.10,266.10,17987
1788245700000000000,266.20,266.20,266.05,266.10,20638
1788245760000000000,266.15,266.20,266.05,266.10,14464
1788245820000000000,266.15,266.20,266.00,266.10,22581
1788245880000000000,266.15,266.35,266.10,266.30,53681
1788245940000000000,266.30,266.30,266.00,266.10,15854
1788246000000000000,266.10,266.10,265.90,265.95,39036
1788246060000000000,266.00,266.10,265.90,266.00,13515
1788246120000000000,266.10,266.10,265.90,265.90,17105
1788246180000000000,266.05,266.10,265.90,266.10,42116
1788246240000000000,266.10,266.10,265.95,266.10,14188
1788246300000000000,266.10,266.20,265.95,266.00,27571
1788246360000000000,266.10,266.20,266.00,266.00,9453
1788246420000000000,266.10,266.20,266.05,266.10,30533
1788246480000000000,266.10,266.20,266.00,266.00,15799
1788246540000000000,266.05,266.15,265.95,266.10,13943
1788246600000000000,266.10,266.10,265.95,266.10,32925
1788246660000000000,266.10,266.10,265.95,266.10,13311
1788246720000000000,266.10,266.15,265.95,266.00,15901
1788246780000000000,266.00,266.00,265.95,266.00,18640
1788246840000000000,266.00,266.15,265.95,266.05,24576
1788246900000000000,266.10,266.15,265.95,266.10,14633
1788246960000000000,266.10,266.15,266.00,266.00,26492
1788247020000000000,266.10,266.10,265.95,266.10,19017
1788247080000000000,266.10,266.20,265.95,266.05,23882
1788247140000000000,266.05,266.10,265.95,266.00,16806
1788247200000000000,266.00,266.00,265.70,265.80,29668
1788247260000000000,265.80,265.95,265.70,265.70,48025
1788247320000000000,265.80,265.80,265.70,265.70,16753
1788247380000000000,265.75,265.80,265.70,265.70,6905
1788247440000000000,265.80,265.80,265.60,265.80,37494
1788247500000000000,265.80,265.80,265.65,265.75,5735
1788247560000000000,265.80,265.80,265.55,265.55,11522
1788247620000000000,265.65,265.70,265.55,265.65,12335
1788247680000000000,265.70,265.75,265.55,265.70,13475
1788247740000000000,265.70,265.75,265.55,265.60,13406
1788247800000000000,265.70,265.70,265.60,265.70,7357
1788247860000000000,265.70,265.70,265.40,265.40,33010
1788247920000000000,265.50,265.55,265.40,265.40,21856
1788247980000000000,265.55,265.60,265.40,265.40,31361
1788248040000000000,265.55,265.55,265.25,265.30,13890
1788248100000000000,265.35,265.40,265.20,265.40,34602
1788248160000000000,265.40,265.40,265.25,265.40,16003
1788248220000000000,265.40,265.45,265.25,265.45,16991
1788248280000000000,265.45,265.50,265.40,265.45,12254
1788248340000000000,265.45,265.50,265.40,265.45,10245
1788248400000000000,265.50,265.50,265.25,265.35,21078
1788248460000000000,265.35,265.35,265.15,265.20,21443
1788248520000000000,265.20,265.25,265.05,265.25,36931
1788248580000000000,265.25,265.25,265.10,265.20,13839
1788248640000000000,265.25,265.25,265.20,265.20,6569
1788248700000000000,265.25,265.25,265.10,265.10,21203
1788248760000000000,265.20,266.45,265.10,266.20,1078703
1788248820000000000,266.35,267.40,266.20,267.20,702962
1788248880000000000,267.15,267.30,266.95,267.10,66126
1788248940000000000,267.05,267.70,266.85,267.45,201238
1788249000000000000,267.45,267.60,267.30,267.45,135472
1788249060000000000,267.50,267.60,267.40,267.50,60257
1788249120000000000,267.55,267.60,267.20,267.25,46024
1788249180000000000,267.25,267.30,267.05,267.05,43719
1788249240000000000,267.10,267.20,267.00,267.15,39474
1788249300000000000,267.15,267.20,267.00,267.10,72759
1788249360000000000,267.20,267.55,267.10,267.45,549266
1788249420000000000,267.35,267.55,267.25,267.50,530722
1788249480000000000,267.50,267.55,267.20,267.50,477612
1788249540000000000,267.55,267.65,267.35,267.50,109631
1788249600000000000,267.55,267.55,267.40,267.55,139549
1788249660000000000,267.55,268.15,267.50,267.95,701802
1788249720000000000,267.90,268.05,267.70,267.70,172988
1788249780000000000,267.75,268.20,267.60,267.90,633399
1788249840000000000,267.90,268.00,267.80,267.95,50520
1788249900000000000,267.95,268.15,267.85,268.00,82274
1788249960000000000,268.00,268.00,267.50,267.55,82879
1788250020000000000,267.50,267.55,267.30,267.45,76219
1788250080000000000,267.45,267.55,267.30,267.30,52706
1788250140000000000,267.40,267.40,267.20,267.20,32999
1788250200000000000,267.25,267.40,267.10,267.25,85279
1788250260000000000,267.25,267.40,267.20,267.25,35973
1788250320000000000,267.25,267.35,267.10,267.30,95737
1788250380000000000,267.35,267.45,267.30,267.30,23030
1788250440000000000,267.40,267.55,267.30,267.50,23885
1788250500000000000,267.50,267.80,267.45,267.60,62454
1788250560000000000,267.65,267.65,267.40,267.40,44238
1788250620000000000,267.45,267.45,267.30,267.30,21886
1788250680000000000,267.30,267.40,267.05,267.25,55798
1788250740000000000,267.25,267.40,267.00,267.40,251872
1788250800000000000,267.40,267.60,267.10,267.10,54796
1788250860000000000,267.15,267.30,267.05,267.20,51607
1788250920000000000,267.20,267.40,267.10,267.25,45579
1788250980000000000,267.25,267.45,267.10,267.35,54359
1788251040000000000,267.35,267.40,267.30,267.35,20648
1788251100000000000,267.35,267.35,267.10,267.20,36722
1788251160000000000,267.20,267.35,267.10,267.25,27424
1788251220000000000,267.35,267.65,267.25,267.65,74286
1788251280000000000,267.65,267.75,267.55,267.60,31458
1788251340000000000,267.60,267.65,267.30,267.40,37986
1788251400000000000,267.30,267.55,267.30,267.35,34495
1788251460000000000,267.45,267.45,267.25,267.35,24142
1788251520000000000,267.35,267.45,267.15,267.25,50500
1788251580000000000,267.25,267.35,267.15,267.25,32728
1788251640000000000,267.30,267.45,267.20,267.35,36961
1788251700000000000,267.35,267.40,267.25,267.40,43869
1788251760000000000,267.40,267.45,267.30,267.45,39525
1788251820000000000,267.45,267.45,267.30,267.35,20682
1788251880000000000,267.35,267.35,267.15,267.25,18368
1788251940000000000,267.25,267.40,267.15,267.30,39908
1788252000000000000,267.30,267.45,267.20,267.45,35365
1788252060000000000,267.45,267.45,267.30,267.35,28746
1788252120000000000,267.40,267.40,267.10,267.10,52486
1788252180000000000,267.20,267.35,267.05,267.15,51598
1788252240000000000,267.30,267.30,267.15,267.20,13391
1788252300000000000,267.25,267.25,267.05,267.10,48013
1788252360000000000,267.15,267.15,267.00,267.05,69479
1788252420000000000,267.05,267.10,267.00,267.00,30462
1788252480000000000,267.05,267.05,267.00,267.05,40666
1788252540000000000,267.05,267.05,266.95,267.00,36839
1788252600000000000,267.00,267.00,266.40,266.90,275135
1788252660000000000,266.95,267.10,266.90,267.05,31534
1788252720000000000,267.05,267.10,266.80,266.90,81608
1788252780000000000,266.90,267.00,266.50,266.80,215350
1788252840000000000,266.95,267.05,266.70,266.80,128594
1788252900000000000,266.95,267.05,266.80,267.00,68834
1788252960000000000,267.05,267.05,267.00,267.05,17457
1788253020000000000,267.05,267.10,267.00,267.05,49988
1788253080000000000,267.00,267.05,266.75,266.85,198291
1788253140000000000,266.95,267.10,266.85,267.05,43466
1788253200000000000,267.10,267.10,266.90,266.95,62471
1788253260000000000,266.95,266.95,266.65,266.80,95052
1788253320000000000,266.90,267.00,266.75,266.85,48022
1788253380000000000,266.85,266.90,266.75,266.80,32424
1788253440000000000,266.80,267.00,266.75,267.00,64822
1788253500000000000,267.00,267.10,266.90,267.05,108094
1788253560000000000,267.05,267.05,266.85,267.05,86193
1788253620000000000,267.05,267.05,266.90,266.90,40735
1788253680000000000,266.95,267.00,266.80,266.85,42348
1788253740000000000,266.85,266.85,266.70,266.70,65949
1788253800000000000,266.75,266.75,266.50,266.60,84812
1788253860000000000,266.60,266.65,266.50,266.60,44459
1788253920000000000,266.60,266.60,266.50,266.50,56235
1788253980000000000,266.55,266.60,266.45,266.50,46763
1788254040000000000,266.55,266.70,266.50,266.55,36417
1788254100000000000,266.55,266.70,266.50,266.60,30963
1788254160000000000,266.60,266.70,266.55,266.60,41091
1788254220000000000,266.60,266.75,266.55,266.60,32296
1788254280000000000,266.65,266.70,266.55,266.55,37114
1788254340000000000,266.60,266.75,266.50,266.65,92338
1788254400000000000,266.70,266.75,266.65,266.70,66850
1788254460000000000,266.75,267.00,266.70,266.70,138949
1788254520000000000,266.75,266.80,266.65,266.70,43907
1788254580000000000,266.70,266.75,266.50,266.70,69786
1788254640000000000,266.70,266.75,266.60,266.65,39770
1788254700000000000,266.70,266.75,266.55,266.65,68211
1788254760000000000,266.60,266.70,266.55,266.65,57037
1788254820000000000,266.65,266.65,266.50,266.55,56232
1788254880000000000,266.55,266.65,266.45,266.60,61783
1788254940000000000,266.65,266.65,266.50,266.55,56840
1788255000000000000,266.55,266.70,266.45,266.65,105928
1788255060000000000,266.65,266.90,266.55,266.90,76518
1788255120000000000,266.80,266.95,266.55,266.75,139833
1788255180000000000,266.80,266.90,266.70,266.75,85485
1788255240000000000,266.80,266.95,266.75,266.80,134600
1788255300000000000,266.90,267.10,266.60,266.95,303266
1788255360000000000,266.95,267.20,266.75,266.80,146903
1788255420000000000,266.80,266.90,266.60,266.80,116863
1788255480000000000,266.80,266.85,266.50,266.60,129136
1788255540000000000,266.70,266.80,266.50,266.60,124639
1788255600000000000,266.55,266.75,266.55,266.70,62753
1788255660000000000,266.70,266.90,266.50,266.65,177705
1788255720000000000,266.70,266.85,266.10,266.15,458574
1788255780000000000,266.20,267.00,266.05,266.15,97982
1788255840000000000,266.15,266.50,265.80,266.30,89396
1788255900000000000,266.30,266.30,266.30,266.30,0
1788255960000000000,266.30,266.30,266.30,266.30,0
1788256020000000000,266.30,266.30,266.30,266.30,0
1788256080000000000,266.30,266.30,266.30,266.30,0
1788256140000000000,266.30,266.30,266.30,266.30,0
1788256200000000000,266.30,266.30,266.30,266.30,0
1788256260000000000,266.30,266.30,266.30,266.30,0
1788256320000000000,266.30,266.30,266.30,266.30,0
1788256380000000000,266.30,266.30,266.30,266.30,0
1788256440000000000,266.30,266.30,266.30,266.30,0
1788256500000000000,266.30,266.30,266.30,266.30,0
1788256560000000000,266.30,266.30,266.30,266.30,0
1788256620000000000,266.30,266.30,266.30,266.30,0
1788256680000000000,266.30,266.30,266.30,266.30,0
1788256740000000000,266.60,266.60,266.60,266.60,373247
1788320700000000000,266.00,266.00,264.85,265.05,236007
1788320760000000000,265.10,265.45,264.30,264.40,101495
1788320820000000000,264.40,264.50,263.85,264.05,145778
1788320880000000000,264.15,264.15,263.70,263.85,70975
1788320940000000000,263.90,264.00,263.10,263.25,124129
1788321000000000000,263.25,263.65,263.10,263.55,69672
1788321060000000000,263.60,263.60,263.00,263.05,88909
1788321120000000000,263.15,263.55,263.10,263.40,86150
1788321180000000000,263.40,263.60,263.20,263.40,55075
1788321240000000000,263.40,263.50,262.80,263.35,144823
1788321300000000000,263.45,263.75,263.35,263.65,62749
1788321360000000000,263.65,264.15,263.55,264.10,78655
1788321420000000000,264.00,264.15,263.80,264.15,31031
1788321480000000000,264.05,264.15,263.75,263.90,20221
1788321540000000000,263.75,264.00,263.70,263.90,46581
1788321600000000000,263.80,264.00,263.75,263.85,35201
1788321660000000000,263.85,264.25,263.75,264.25,61686
1788321720000000000,264.25,264.30,264.10,264.30,21313
1788321780000000000,264.30,264.50,264.15,264.45,76709
1788321840000000000,264.45,264.85,264.35,264.60,45418
1788321900000000000,264.55,264.85,264.50,264.85,49705
1788321960000000000,264.85,264.85,264.60,264.85,32478
1788322020000000000,264.85,264.85,264.70,264.85,24601
1788322080000000000,264.85,264.85,264.70,264.80,19473
1788322140000000000,264.80,264.80,264.70,264.80,16692
1788322200000000000,264.75,264.85,264.70,264.85,16934
1788322260000000000,264.85,264.95,264.80,264.85,30172
1788322320000000000,264.95,265.05,264.70,264.70,47320
1788322380000000000,264.85,265.90,264.70,265.10,421894
1788322440000000000,264.95,265.20,264.90,265.00,27597
1788322500000000000,265.00,265.20,264.90,265.15,29990
1788322560000000000,265.15,265.25,265.00,265.15,31488
1788322620000000000,265.15,265.20,264.75,264.75,19695
1788322680000000000,264.85,264.95,264.75,264.90,18219
1788322740000000000,264.95,265.25,264.95,265.15,18233
1788322800000000000,265.25,265.30,265.05,265.25,17893
1788322860000000000,265.25,265.30,265.00,265.10,19301
1788322920000000000,265.10,265.15,264.85,264.90,30874
1788322980000000000,265.00,265.20,264.90,264.90,12638
1788323040000000000,265.05,265.10,264.85,265.00,10791
1788323100000000000,265.00,265.00,264.85,265.00,9335
1788323160000000000,265.00,265.10,264.90,265.10,18363
1788323220000000000,265.10,265.15,265.00,265.15,12122
1788323280000000000,265.15,265.25,265.05,265.20,18973
1788323340000000000,265.20,265.25,264.80,264.95,34974
1788323400000000000,264.95,264.95,264.65,264.90,30770
1788323460000000000,264.90,265.00,264.80,264.90,21589
1788323520000000000,264.90,264.95,264.65,264.65,16638
1788323580000000000,264.65,264.80,264.50,264.65,20434
1788323640000000000,264.60,264.65,264.50,264.60,9961
1788323700000000000,264.60,264.65,264.35,264.55,34588
1788323760000000000,264.50,264.65,264.40,264.60,15542
1788323820000000000,264.60,264.60,264.45,264.60,17888
1788323880000000000,264.60,264.60,264.30,264.40,18128
1788323940000000000,264.35,264.80,264.30,264.70,87255
1788324000000000000,264.70,264.85,264.60,264.75,21773
1788324060000000000,264.75,264.75,264.50,264.55,12685
1788324120000000000,264.50,264.75,264.35,264.70,136635
1788324180000000000,264.65,264.90,264.60,264.80,16263
1788324240000000000,264.80,264.80,264.55,264.70,16879
1788324300000000000,264.70,264.70,264.55,264.60,9559
1788324360000000000,264.70,264.70,264.55,264.70,7887
1788324420000000000,264.70,264.70,264.60,264.70,8321
1788324480000000000,264.70,264.90,264.60,264.75,18753
1788324540000000000,264.75,265.00,264.75,264.90,37033
1788324600000000000,264.95,265.20,264.90,265.15,12082
1788324660000000000,265.15,265.20,265.00,265.20,14612
1788324720000000000,265.15,265.25,265.15,265.20,10741
1788324780000000000,265.25,265.30,265.15,265.30,18452
1788324840000000000,265.25,265.30,265.15,265.20,6478
1788324900000000000,265.25,265.35,265.15,265.35,11850
1788324960000000000,265.35,265.70,265.20,265.65,78537
1788325020000000000,265.65,265.80,265.50,265.65,30687
1788325080000000000,265.65,265.80,265.55,265.80,66514
1788325140000000000,265.80,265.85,265.65,265.80,13365
1788325200000000000,265.80,265.80,265.60,265.70,18465
1788325260000000000,265.75,266.35,265.65,266.00,216583
1788325320000000000,266.00,266.40,265.85,266.20,42623
1788325380000000000,266.15,266.40,266.15,266.35,23175
1788325440000000000,266.30,266.40,266.10,266.40,85449
1788325500000000000,266.25,266.45,266.20,266.30,32064
1788325560000000000,266.20,266.35,266.10,266.10,11815
1788325620000000000,266.05,266.40,266.05,266.40,63655
1788325680000000000,266.40,266.50,266.30,266.35,21106
1788325740000000000,266.30,266.45,266.20,266.30,18338
1788325800000000000,266.30,266.30,266.15,266.15,19269
1788325860000000000,266.30,266.30,266.10,266.10,11230
1788325920000000000,266.10,266.30,266.05,266.05,24664
1788325980000000000,266.10,266.20,266.00,266.15,19372
1788326040000000000,266.15,266.30,266.05,266.30,23150
1788326100000000000,266.20,266.80,266.20,266.70,33604
1788326160000000000,266.70,266.85,266.60,266.85,27513
1788326220000000000,266.75,267.25,266.70,266.90,112015
1788326280000000000,266.90,267.00,266.75,266.90,25274
1788326340000000000,266.75,266.95,266.75,266.85,17204
1788326400000000000,266.85,267.45,266.85,267.35,72654
1788326460000000000,267.20,267.35,267.00,267.00,30351
1788326520000000000,267.10,267.15,266.80,266.85,54474
1788326580000000000,266.95,267.00,266.80,266.90,25071
1788326640000000000,266.95,267.10,266.90,267.10,31195
1788326700000000000,267.10,267.50,267.05,267.50,56818
1788326760000000000,267.50,267.50,267.30,267.50,37834
1788326820000000000,267.45,267.90,267.35,267.80,104210
1788326880000000000,267.80,268.50,267.75,268.50,137611
1788326940000000000,268.45,268.75,268.20,268.60,198442
1788327000000000000,268.55,268.80,268.20,268.35,93895
1788327060000000000,268.35,268.35,267.70,267.90,53598
1788327120000000000,267.90,268.35,267.60,268.10,111318
1788327180000000000,268.10,268.30,267.95,268.20,39492
1788327240000000000,268.30,268.30,268.00,268.00,24904
1788327300000000000,268.00,268.15,267.70,267.85,26155
1788327360000000000,267.75,267.90,267.70,267.80,30529
1788327420000000000,267.80,267.85,267.70,267.70,45043
1788327480000000000,267.80,267.80,267.50,267.75,41191
1788327540000000000,267.75,267.85,267.60,267.75,50723
1788327600000000000,267.75,267.85,267.65,267.70,37595
1788327660000000000,267.65,267.75,267.50,267.60,18809
1788327720000000000,267.60,267.65,267.50,267.50,18767
1788327780000000000,267.60,267.60,267.45,267.60,29684
1788327840000000000,267.60,267.60,267.35,267.55,29381
1788327900000000000,267.55,267.65,267.35,267.65,38903
1788327960000000000,267.50,267.90,267.15,267.15,98770
1788328020000000000,267.30,267.35,267.10,267.20,42067
1788328080000000000,267.20,267.40,267.00,267.25,54246
1788328140000000000,267.40,267.40,267.10,267.30,31689
1788328200000000000,267.30,267.35,267.15,267.25,25802
1788328260000000000,267.25,267.30,267.00,267.10,28699
1788328320000000000,267.10,267.20,266.85,266.95,61229
1788328380000000000,266.95,267.25,266.85,267.10,49082
1788328440000000000,267.20,267.35,267.05,267.10,40691
1788328500000000000,267.15,267.25,267.05,267.10,17935
1788328560000000000,267.20,267.25,267.00,267.20,72651
1788328620000000000,267.20,267.20,267.10,267.10,17297
1788328680000000000,267.20,267.20,267.05,267.20,17147
1788328740000000000,267.20,267.25,267.00,267.10,29492
1788328800000000000,267.05,267.25,267.00,267.05,66374
1788328860000000000,267.05,267.20,267.00,267.05,26498
1788328920000000000,267.15,267.20,267.00,267.00,23124
1788328980000000000,267.10,267.15,266.85,267.00,44890
1788329040000000000,267.10,267.15,266.95,267.10,26558
1788329100000000000,267.15,267.75,267.10,267.75,62705
1788329160000000000,267.70,267.80,267.60,267.60,39732
1788329220000000000,267.70,267.85,267.60,267.80,36896
1788329280000000000,267.80,267.85,267.70,267.85,17577
1788329340000000000,267.80,268.00,267.75,267.90,73205
1788329400000000000,268.00,268.05,267.85,267.85,33079
1788329460000000000,267.95,268.00,267.80,267.85,24141
1788329520000000000,267.95,268.20,267.85,268.05,121464
1788329580000000000,268.15,268.25,267.65,267.85,90812
1788329640000000000,267.85,267.90,267.50,267.60,60298
1788329700000000000,267.60,267.60,267.40,267.50,62207
1788329760000000000,267.45,267.65,267.40,267.45,22962
1788329820000000000,267.60,267.70,267.45,267.60,22069
1788329880000000000,267.60,267.75,267.55,267.75,37127
1788329940000000000,267.70,267.75,267.45,267.55,18852
1788330000000000000,267.55,267.60,267.45,267.60,24081
1788330060000000000,267.60,267.65,267.50,267.65,13158
1788330120000000000,267.65,267.70,267.55,267.70,11355
1788330180000000000,267.70,267.70,267.50,267.65,22336
1788330240000000000,267.65,267.70,267.55,267.60,18606
1788330300000000000,267.70,267.95,267.60,267.90,68957
1788330360000000000,267.90,267.95,267.70,267.75,23400
1788330420000000000,267.80,267.90,267.70,267.85,18315
1788330480000000000,267.85,267.85,267.60,267.60,22102
1788330540000000000,267.60,267.75,267.60,267.75,13056
1788330600000000000,267.75,267.75,267.45,267.50,37415
1788330660000000000,267.60,267.60,267.40,267.60,24059
1788330720000000000,267.60,267.60,267.40,267.50,18498
1788330780000000000,267.40,267.50,267.30,267.40,13115
1788330840000000000,267.25,267.40,267.20,267.30,19674
1788330900000000000,267.30,267.40,267.20,267.30,18187
1788330960000000000,267.30,267.75,267.25,267.60,203397
1788331020000000000,267.75,267.75,267.40,267.45,12555
1788331080000000000,267.60,267.60,267.45,267.55,30632
1788331140000000000,267.55,267.60,267.45,267.60,8175
1788331200000000000,267.60,267.65,267.45,267.65,12276
1788331260000000000,267.65,267.90,267.30,267.60,98314
1788331320000000000,267.60,267.90,267.60,267.75,14434
1788331380000000000,267.90,267.90,267.75,267.75,15634
1788331440000000000,267.90,268.00,267.75,267.85,42118
1788331500000000000,268.00,268.00,267.80,267.90,19098
1788331560000000000,267.90,267.95,267.75,267.80,22900
1788331620000000000,267.90,267.90,267.80,267.85,14992
1788331680000000000,267.80,267.90,267.65,267.65,28337
1788331740000000000,267.65,267.90,267.65,267.80,34505
1788331800000000000,267.90,268.10,267.80,268.00,91845
1788331860000000000,268.00,268.05,267.85,268.05,62805
1788331920000000000,268.00,268.10,267.90,267.95,41808
1788331980000000000,268.10,268.10,267.90,268.00,49203
1788332040000000000,268.00,268.00,267.90,268.00,17836
1788332100000000000,268.00,268.00,267.65,267.75,26700
1788332160000000000,267.80,267.95,267.75,267.85,18188
1788332220000000000,267.85,268.00,267.85,268.00,15257
1788332280000000000,268.00,268.95,267.90,268.95,227086
1788332340000000000,268.95,269.00,268.50,268.90,165779
1788332400000000000,268.90,269.00,268.75,268.95,126973
1788332460000000000,268.95,268.95,268.70,268.75,108602
1788332520000000000,268.80,268.90,268.65,268.80,29994
1788332580000000000,268.80,268.80,268.65,268.75,19732
1788332640000000000,268.75,268.90,268.40,268.50,93438
1788332700000000000,268.50,268.65,268.40,268.50,44069
1788332760000000000,268.50,268.55,268.35,268.50,35233
1788332820000000000,268.50,268.50,268.25,268.45,36086
1788332880000000000,268.45,268.45,268.30,268.45,36840
1788332940000000000,268.45,268.45,268.05,268.25,48387
1788333000000000000,268.25,268.50,268.20,268.45,67271
1788333060000000000,268.30,268.45,268.20,268.35,19449
1788333120000000000,268.35,268.35,268.20,268.25,18392
1788333180000000000,268.25,268.35,268.20,268.35,10168
1788333240000000000,268.35,268.35,268.15,268.15,28114
1788333300000000000,268.25,268.35,268.15,268.30,23483
1788333360000000000,268.20,268.35,268.10,268.35,38547
1788333420000000000,268.35,268.40,268.15,268.35,20321
1788333480000000000,268.35,268.40,268.25,268.40,19057
1788333540000000000,268.40,268.40,268.25,268.40,17841
1788333600000000000,268.40,268.50,268.30,268.45,42879
1788333660000000000,268.45,268.45,268.30,268.40,17618
1788333720000000000,268.40,268.45,268.30,268.45,14653
1788333780000000000,268.45,268.45,268.15,268.35,20967
1788333840000000000,268.35,268.35,268.15,268.30,10322
1788333900000000000,268.25,268.30,268.10,268.20,7591
1788333960000000000,268.15,268.30,267.85,268.05,98383
1788334020000000000,267.90,268.15,267.90,268.05,30951
1788334080000000000,268.15,268.15,268.05,268.15,9590
1788334140000000000,268.05,268.20,268.05,268.10,17390
1788334200000000000,268.20,268.20,268.00,268.15,16551
1788334260000000000,268.15,268.15,267.80,267.95,30543
1788334320000000000,267.95,267.95,267.85,267.90,20400
1788334380000000000,267.85,267.90,267.80,267.90,18323
1788334440000000000,267.85,267.90,267.75,267.90,29195
1788334500000000000,267.90,267.90,267.75,267.90,11622
1788334560000000000,267.90,267.95,267.70,267.70,17400
1788334620000000000,267.70,267.85,267.70,267.80,25864
1788334680000000000,267.80,267.90,267.70,267.85,28392
1788334740000000000,267.85,267.85,267.75,267.85,6297
1788334800000000000,267.85,267.85,267.65,267.80,14837
1788334860000000000,267.80,267.85,267.70,267.85,15788
1788334920000000000,267.80,267.90,267.75,267.75,11775
1788334980000000000,267.85,267.95,267.75,267.95,20962
1788335040000000000,267.80,267.95,267.75,267.85,10837
1788335100000000000,267.90,267.90,267.70,267.70,9748
1788335160000000000,267.80,267.85,267.65,267.80,12701
1788335220000000000,267.80,267.85,267.70,267.85,9051
1788335280000000000,267.85,267.85,267.70,267.75,9727
1788335340000000000,267.85,267.95,267.70,267.75,13033
1788335400000000000,267.85,267.90,267.75,267.85,21706
1788335460000000000,267.85,267.95,267.75,267.95,20277
1788335520000000000,267.95,267.95,267.75,267.75,14678
1788335580000000000,267.85,268.40,267.75,268.25,427942
1788335640000000000,268.25,268.40,268.10,268.40,122576
1788335700000000000,268.40,268.70,268.20,268.50,184722
1788335760000000000,268.60,268.65,268.50,268.60,19199
1788335820000000000,268.60,268.65,268.25,268.40,51314
1788335880000000000,268.40,268.45,268.10,268.20,24488
1788335940000000000,268.15,268.25,268.05,268.25,9557
1788336000000000000,268.25,268.25,268.05,268.15,15883
1788336060000000000,268.05,268.15,268.00,268.00,26773
1788336120000000000,268.05,268.15,268.00,268.10,13409
1788336180000000000,268.15,268.15,268.00,268.10,6891
1788336240000000000,268.05,268.20,268.00,268.15,14182
1788336300000000000,268.15,268.20,268.05,268.20,8177
1788336360000000000,268.20,268.25,268.10,268.25,9590
1788336420000000000,268.25,268.25,268.15,268.20,6366
1788336480000000000,268.25,268.25,268.15,268.25,6596
1788336540000000000,268.15,268.25,268.05,268.20,10479
1788336600000000000,268.05,268.20,268.05,268.20,8831
1788336660000000000,268.10,268.20,268.05,268.20,9350
1788336720000000000,268.15,268.20,268.10,268.20,11490
1788336780000000000,268.20,268.20,268.00,268.15,19328
1788336840000000000,268.15,268.15,268.00,268.15,6971
1788336900000000000,268.15,268.15,268.00,268.00,8058
1788336960000000000,268.15,268.15,268.00,268.05,13240
1788337020000000000,268.05,268.15,268.00,268.15,7907
1788337080000000000,268.15,268.15,267.90,267.95,19723
1788337140000000000,267.95,268.00,267.80,267.85,24437
1788337200000000000,267.80,267.85,267.65,267.70,31358
1788337260000000000,267.75,267.80,267.65,267.65,16938
1788337320000000000,267.75,267.75,267.55,267.70,15237
1788337380000000000,267.65,268.05,267.50,268.05,248738
1788337440000000000,268.05,268.15,267.95,268.15,41883
1788337500000000000,268.15,268.40,268.10,268.15,60221
1788337560000000000,268.15,268.15,267.90,268.05,12265
1788337620000000000,268.05,268.10,267.95,268.00,9828
1788337680000000000,268.00,268.05,267.95,267.95,9071
1788337740000000000,267.95,268.00,267.95,268.00,4559
1788337800000000000,268.00,268.05,267.95,267.95,5011
1788337860000000000,268.00,268.05,267.95,267.95,7735
1788337920000000000,268.05,268.10,267.95,267.95,10684
1788337980000000000,268.05,268.20,267.95,268.05,14346
1788338040000000000,268.15,268.15,268.00,268.10,10070
1788338100000000000,268.10,268.10,267.85,267.90,24011
1788338160000000000,267.90,267.95,267.85,267.90,4639
1788338220000000000,267.90,268.00,267.80,268.00,22609
1788338280000000000,268.00,268.05,267.85,267.85,6923
1788338340000000000,267.95,268.00,267.85,268.00,6419
1788338400000000000,268.00,268.00,267.85,267.85,6382
1788338460000000000,267.90,267.95,267.80,267.85,9570
1788338520000000000,267.90,267.90,267.80,267.90,8077
1788338580000000000,267.90,268.00,267.80,267.80,26247
1788338640000000000,267.90,267.90,267.65,267.80,26148
1788338700000000000,267.80,267.80,267.65,267.65,6969
1788338760000000000,267.70,267.70,267.60,267.65,10679
1788338820000000000,267.65,267.70,267.35,267.40,34802
1788338880000000000,267.40,267.50,267.35,267.45,14316
1788338940000000000,267.45,267.45,267.35,267.40,15611
1788339000000000000,267.40,267.70,267.40,267.55,50938
1788339060000000000,267.55,267.55,267.35,267.50,20614
1788339120000000000,267.50,267.50,267.30,267.45,8180
1788339180000000000,267.45,267.45,267.30,267.45,10624
1788339240000000000,267.40,267.45,267.30,267.40,13660
1788339300000000000,267.30,267.40,267.30,267.30,24093
1788339360000000000,267.40,267.40,267.20,267.30,20497
1788339420000000000,267.30,267.35,267.20,267.30,36915
1788339480000000000,267.35,267.45,267.30,267.40,7891
1788339540000000000,267.40,267.55,267.35,267.45,32294
1788339600000000000,267.45,267.45,267.35,267.40,9059
1788339660000000000,267.35,267.45,267.30,267.40,14347
1788339720000000000,267.40,267.45,267.35,267.45,13055
1788339780000000000,267.40,267.45,267.40,267.45,6524
1788339840000000000,267.40,267.50,267.40,267.45,13065
1788339900000000000,267.40,267.50,267.35,267.45,18016
1788339960000000000,267.50,267.50,267.35,267.45,11181
1788340020000000000,267.40,267.45,267.30,267.35,18572
1788340080000000000,267.35,267.40,267.15,267.25,46462
1788340140000000000,267.25,267.30,267.15,267.30,26490
1788340200000000000,267.30,267.40,267.20,267.20,15853
1788340260000000000,267.20,267.40,267.20,267.40,16483
1788340320000000000,267.40,267.40,267.25,267.40,16975
1788340380000000000,267.40,267.40,267.20,267.25,22932
1788340440000000000,267.20,267.30,267.15,267.25,33092
1788340500000000000,267.15,267.45,267.15,267.40,47152
1788340560000000000,267.40,267.40,267.30,267.40,12821
1788340620000000000,267.40,267.60,267.30,267.50,57115
1788340680000000000,267.40,267.65,267.40,267.60,37964
1788340740000000000,267.55,267.65,267.55,267.65,25330
1788340800000000000,267.65,268.05,267.60,267.70,186313
1788340860000000000,267.65,267.75,267.50,267.65,22348
1788340920000000000,267.65,267.65,267.55,267.60,16468
1788340980000000000,267.60,267.70,267.50,267.55,35538
1788341040000000000,267.50,267.65,267.45,267.60,23860
1788341100000000000,267.55,267.60,267.45,267.55,28831
1788341160000000000,267.55,267.60,267.45,267.50,29460
1788341220000000000,267.55,267.60,267.45,267.50,51592
1788341280000000000,267.55,267.75,267.50,267.75,45202
1788341340000000000,267.75,267.75,267.55,267.70,22210
1788341400000000000,267.65,267.70,267.55,267.60,39165
1788341460000000000,267.55,267.65,267.40,267.45,33954
1788341520000000000,267.50,267.55,267.45,267.50,36492
1788341580000000000,267.50,267.60,267.45,267.55,50203
1788341640000000000,267.55,267.60,267.35,267.35,61333
1788341700000000000,267.50,267.60,267.35,267.60,119405
1788341760000000000,267.60,267.70,267.20,267.25,155599
1788341820000000000,267.35,267.35,267.15,267.25,67593
1788341880000000000,267.30,267.35,267.15,267.35,51847
1788341940000000000,267.30,267.40,267.20,267.25,52185
1788342000000000000,267.20,267.45,267.20,267.45,65458
1788342060000000000,267.45,267.50,267.35,267.40,36850
1788342120000000000,267.45,267.55,267.20,267.20,123597
1788342180000000000,267.25,267.35,267.10,267.20,72978
1788342240000000000,267.20,267.45,267.00,267.20,70769
1788342300000000000,267.20,267.20,267.20,267.20,0
1788342360000000000,267.20,267.20,267.20,267.20,0
1788342420000000000,267.20,267.20,267.20,267.20,0
1788342480000000000,267.20,267.20,267.20,267.20,0
1788342540000000000,267.20,267.20,267.20,267.20,0
1788342600000000000,267.20,267.20,267.20,267.20,0
1788342660000000000,267.20,267.20,267.20,267.20,0
1788342720000000000,267.20,267.20,267.20,267.20,0
1788342780000000000,267.20,267.20,267.20,267.20,0
1788342840000000000,267.20,267.20,267.20,267.20,0
1788342900000000000,267.20,267.20,267.20,267.20,0
1788342960000000000,267.20,267.20,267.20,267.20,0
1788343020000000000,267.20,267.20,267.20,267.20,0
1788343080000000000,267.20,267.20,267.20,267.20,0
1788343140000000000,266.30,266.30,266.30,266.30,301300
1788407100000000000,266.50,267.60,266.30,266.50,136117
1788407160000000000,266.60,266.65,266.45,266.55,55756
1788407220000000000,266.45,266.45,265.90,266.00,120541
1788407280000000000,265.90,265.90,265.60,265.75,57058
1788407340000000000,265.75,265.75,265.60,265.60,24599
1788407400000000000,265.65,265.65,265.20,265.40,67815
1788407460000000000,265.40,265.55,265.35,265.55,42945
1788407520000000000,265.55,265.55,265.05,265.25,51103
1788407580000000000,265.30,265.35,265.15,265.15,24221
1788407640000000000,265.25,265.45,265.25,265.45,20053
1788407700000000000,265.45,265.50,265.35,265.40,28649
1788407760000000000,265.35,265.50,265.35,265.50,10675
1788407820000000000,265.50,265.50,265.45,265.50,22395
1788407880000000000,265.50,265.50,265.35,265.45,18463
1788407940000000000,265.45,265.70,265.45,265.70,11640
1788408000000000000,265.75,265.80,265.70,265.70,27606
1788408060000000000,265.70,265.70,265.25,265.30,110579
1788408120000000000,265.30,265.40,265.30,265.40,40766
1788408180000000000,265.40,265.40,265.30,265.30,20154
1788408240000000000,265.25,265.40,265.25,265.30,17681
1788408300000000000,265.35,265.45,265.35,265.45,17280
1788408360000000000,265.45,265.55,265.45,265.45,17944
1788408420000000000,265.50,265.55,265.40,265.50,15086
1788408480000000000,265.55,265.60,265.55,265.60,14136
1788408540000000000,265.70,265.70,265.65,265.70,13479
1788408600000000000,265.75,265.75,265.60,265.70,26097
1788408660000000000,265.75,265.75,265.65,265.75,8185
1788408720000000000,265.55,265.60,265.45,265.60,45264
1788408780000000000,265.60,265.75,265.55,265.70,40016
1788408840000000000,265.75,265.85,265.65,265.85,14938
1788408900000000000,265.90,265.95,265.65,265.65,23642
1788408960000000000,265.80,265.90,265.80,265.90,26877
1788409020000000000,265.85,265.90,265.80,265.90,12605
1788409080000000000,265.75,265.75,265.55,265.60,45253
1788409140000000000,265.65,265.70,265.60,265.65,9680
1788409200000000000,265.70,265.80,265.60,265.65,18367
1788409260000000000,265.75,265.75,265.65,265.65,10393
1788409320000000000,265.65,265.70,265.60,265.70,19483
1788409380000000000,265.70,265.70,265.60,265.70,20234
1788409440000000000,265.60,265.70,265.60,265.65,11464
1788409500000000000,265.75,265.90,265.75,265.90,14916
1788409560000000000,265.90,266.00,265.90,266.00,17020
1788409620000000000,266.00,266.00,265.90,265.90,32285
1788409680000000000,265.95,266.10,265.85,266.10,58095
1788409740000000000,266.10,266.10,265.80,265.80,45640
1788409800000000000,265.80,265.90,265.75,265.85,18382
1788409860000000000,265.80,265.80,265.65,265.65,14512
1788409920000000000,265.60,265.75,265.50,265.75,64349
1788409980000000000,265.70,265.85,265.70,265.85,8206
1788410040000000000,265.85,265.90,265.75,265.90,10191
1788410100000000000,265.90,265.90,265.80,265.90,6990
1788410160000000000,265.95,266.00,265.90,266.00,9464
1788410220000000000,266.00,266.05,266.00,266.00,12726
1788410280000000000,266.05,266.05,265.95,266.05,9909
1788410340000000000,266.00,266.00,265.55,265.70,32658
1788410400000000000,265.75,265.85,265.65,265.80,9647
1788410460000000000,265.80,265.80,265.70,265.70,7727
1788410520000000000,265.80,265.80,265.50,265.60,20169
1788410580000000000,265.60,265.60,265.55,265.55,7766
1788410640000000000,265.55,265.65,265.50,265.55,7142
1788410700000000000,265.55,265.65,265.35,265.35,36203
1788410760000000000,265.30,265.40,265.20,265.40,38832
1788410820000000000,265.40,265.40,265.30,265.30,9310
1788410880000000000,265.35,265.45,265.30,265.35,10845
1788410940000000000,265.45,265.45,265.30,265.45,14391
1788411000000000000,265.40,265.40,265.35,265.40,9195
1788411060000000000,265.40,265.45,265.30,265.45,11262
1788411120000000000,265.45,265.50,265.40,265.50,12006
1788411180000000000,265.50,265.50,265.45,265.50,8745
1788411240000000000,265.50,265.50,265.45,265.50,8329
1788411300000000000,265.45,265.60,265.45,265.60,11083
1788411360000000000,265.60,265.60,265.50,265.50,10529
1788411420000000000,265.60,265.65,265.50,265.50,9229
1788411480000000000,265.60,265.60,265.50,265.55,15316
1788411540000000000,265.60,265.65,265.50,265.60,19441
1788411600000000000,265.60,265.60,265.50,265.60,5782
1788411660000000000,265.60,265.60,265.55,265.60,4309
1788411720000000000,265.60,265.65,265.55,265.65,5855
1788411780000000000,265.65,265.80,265.55,265.70,26140
1788411840000000000,265.70,266.00,265.70,265.95,56195
1788411900000000000,266.00,266.00,265.90,265.95,15158
1788411960000000000,265.90,266.00,265.85,265.85,10085
1788412020000000000,265.85,265.85,265.70,265.70,12502
1788412080000000000,265.80,265.95,265.80,265.85,7838
1788412140000000000,265.90,265.95,265.85,265.95,7904
1788412200000000000,265.95,265.95,265.75,265.85,5230
1788412260000000000,265.85,265.90,265.75,265.80,5469
1788412320000000000,265.75,265.85,265.65,265.65,8645
1788412380000000000,265.70,265.80,265.65,265.65,9456
1788412440000000000,265.60,265.75,265.60,265.60,9709
1788412500000000000,265.60,265.70,265.60,265.70,8583
1788412560000000000,265.65,265.75,265.65,265.70,7636
1788412620000000000,265.65,265.80,265.65,265.75,8770
1788412680000000000,265.75,265.90,265.75,265.90,10972
1788412740000000000,265.90,265.90,265.70,265.85,17904
1788412800000000000,265.80,265.80,265.75,265.75,4604
1788412860000000000,265.80,265.90,265.80,265.85,6927
1788412920000000000,265.80,265.80,265.65,265.75,13024
1788412980000000000,265.70,265.80,265.60,265.60,10077
1788413040000000000,265.70,265.70,265.55,265.55,19393
1788413100000000000,265.50,265.55,265.40,265.50,23091
1788413160000000000,265.50,265.60,265.45,265.60,7120
1788413220000000000,265.50,265.60,265.50,265.50,4067
1788413280000000000,265.60,265.65,265.50,265.50,12640
1788413340000000000,265.45,265.65,265.45,265.55,8680
1788413400000000000,265.65,265.65,265.60,265.60,7599
1788413460000000000,265.60,265.70,265.50,265.65,10682
1788413520000000000,265.70,265.70,265.60,265.70,7130
1788413580000000000,265.70,265.70,265.40,265.45,10119
1788413640000000000,265.45,265.50,265.40,265.40,5407
1788413700000000000,265.50,265.50,265.00,265.10,90827
1788413760000000000,265.05,265.15,265.05,265.05,13097
1788413820000000000,265.15,265.25,265.05,265.10,16416
1788413880000000000,265.15,265.25,265.10,265.10,12801
1788413940000000000,265.20,265.20,265.10,265.20,7972
1788414000000000000,265.20,265.30,265.20,265.30,19447
1788414060000000000,265.20,265.30,265.20,265.25,8215
1788414120000000000,265.25,265.30,265.20,265.25,5834
1788414180000000000,265.30,265.30,265.20,265.20,8594
1788414240000000000,265.30,265.30,265.15,265.20,38739
1788414300000000000,265.25,265.25,265.15,265.15,12862
1788414360000000000,265.15,265.30,265.15,265.20,12738
1788414420000000000,265.20,265.40,265.20,265.35,13598
1788414480000000000,265.30,265.35,265.20,265.25,9551
1788414540000000000,265.25,265.25,265.15,265.20,9397
1788414600000000000,265.20,265.25,265.15,265.20,9840
1788414660000000000,265.20,265.30,265.15,265.30,11765
1788414720000000000,265.35,265.35,265.25,265.30,5453
1788414780000000000,265.35,265.40,265.30,265.35,6116
1788414840000000000,265.30,265.40,265.30,265.40,5434
1788414900000000000,265.40,265.45,265.35,265.45,11518
1788414960000000000,265.45,265.50,265.40,265.50,4575
1788415020000000000,265.50,265.50,265.35,265.35,6117
1788415080000000000,265.40,265.45,265.35,265.35,13094
1788415140000000000,265.35,265.45,265.30,265.40,7720
1788415200000000000,265.45,265.50,265.40,265.50,15260
1788415260000000000,265.55,265.55,265.35,265.35,13711
1788415320000000000,265.45,265.50,265.35,265.40,9179
1788415380000000000,265.50,265.50,265.40,265.50,7284
1788415440000000000,265.40,265.55,265.40,265.50,4962
1788415500000000000,265.55,265.60,265.45,265.50,6195
1788415560000000000,265.60,265.70,265.55,265.60,8270
1788415620000000000,265.55,265.70,265.45,265.55,17065
1788415680000000000,265.55,265.70,265.50,265.50,24459
1788415740000000000,265.45,265.65,265.45,265.55,21625
1788415800000000000,265.60,265.75,265.60,265.75,13881
1788415860000000000,265.75,265.75,265.60,265.65,4118
1788415920000000000,265.60,265.75,265.60,265.70,10535
1788415980000000000,265.55,265.70,265.55,265.70,3981
1788416040000000000,265.60,265.80,265.60,265.80,12837
1788416100000000000,265.80,265.85,265.55,265.80,20331
1788416160000000000,265.80,265.85,265.70,265.70,21219
1788416220000000000,265.65,265.75,265.65,265.70,9353
1788416280000000000,265.70,265.75,265.65,265.75,6761
1788416340000000000,265.75,265.75,265.55,265.60,5556
1788416400000000000,265.55,265.70,265.55,265.70,13689
1788416460000000000,265.55,265.70,265.55,265.70,3744
1788416520000000000,265.65,265.75,265.60,265.75,15158
1788416580000000000,265.65,265.75,265.65,265.75,15436
1788416640000000000,265.60,265.70,265.55,265.60,13053
1788416700000000000,265.75,265.75,265.55,265.55,8172
1788416760000000000,265.60,265.70,265.45,265.50,35928
1788416820000000000,265.65,265.70,265.55,265.65,14104
1788416880000000000,265.60,265.75,265.60,265.70,5518
1788416940000000000,265.65,265.75,265.60,265.60,9294
1788417000000000000,265.60,265.70,265.60,265.65,8031
1788417060000000000,265.70,265.70,265.55,265.55,11622
1788417120000000000,265.60,265.70,265.35,265.35,19217
1788417180000000000,265.45,265.45,265.20,265.25,51196
1788417240000000000,265.25,265.25,264.80,264.85,247551
1788417300000000000,264.85,265.05,264.80,264.95,20951
1788417360000000000,264.95,264.95,264.80,264.90,13875
1788417420000000000,264.90,265.00,264.85,264.95,13213
1788417480000000000,264.90,265.00,264.80,264.85,7923
1788417540000000000,264.90,264.95,264.65,264.75,34801
1788417600000000000,264.80,264.90,264.75,264.90,15975
1788417660000000000,264.95,264.95,264.85,264.85,4665
1788417720000000000,264.85,264.90,264.80,264.80,16224
1788417780000000000,264.85,264.85,264.75,264.80,12330
1788417840000000000,264.85,264.90,264.80,264.90,10222
1788417900000000000,264.90,264.90,264.80,264.85,9828
1788417960000000000,264.85,264.90,264.75,264.75,8649
1788418020000000000,264.90,264.90,264.75,264.85,9051
1788418080000000000,264.85,264.85,264.55,264.70,17003
1788418140000000000,264.50,264.60,264.40,264.40,52512
1788418200000000000,264.45,264.50,264.40,264.50,6414
1788418260000000000,264.45,264.60,264.45,264.50,6348
1788418320000000000,264.60,264.60,264.40,264.50,11175
1788418380000000000,264.45,264.50,264.40,264.45,8306
1788418440000000000,264.40,264.55,264.25,264.40,26865
1788418500000000000,264.30,264.30,264.10,264.20,39724
1788418560000000000,264.05,264.05,263.65,263.70,127960
1788418620000000000,263.75,263.90,263.65,263.75,26874
1788418680000000000,263.80,263.90,263.75,263.90,21560
1788418740000000000,263.90,263.90,263.60,263.70,28758
1788418800000000000,263.75,263.75,263.70,263.75,30213
1788418860000000000,263.70,263.80,263.65,263.75,29452
1788418920000000000,263.80,263.90,263.75,263.80,34438
1788418980000000000,263.75,263.85,263.70,263.70,32541
1788419040000000000,263.70,263.75,263.70,263.70,16462
1788419100000000000,263.75,263.75,263.55,263.65,18400
1788419160000000000,263.55,263.70,263.55,263.70,33545
1788419220000000000,263.60,263.65,263.55,263.60,17005
1788419280000000000,263.70,263.85,263.60,263.85,22989
1788419340000000000,263.85,263.85,263.65,263.75,10193
1788419400000000000,263.75,263.80,263.70,263.75,13167
1788419460000000000,263.75,263.80,263.65,263.80,11957
1788419520000000000,263.75,263.75,263.60,263.60,20330
1788419580000000000,263.75,263.75,263.60,263.70,11536
1788419640000000000,263.65,263.70,263.60,263.70,13130
1788419700000000000,263.70,263.70,263.60,263.70,11708
1788419760000000000,263.70,263.75,263.70,263.70,19752
1788419820000000000,263.70,263.85,263.70,263.85,18448
1788419880000000000,263.85,264.20,263.80,264.15,73185
1788419940000000000,264.15,264.15,264.00,264.00,24293
1788420000000000000,264.00,264.30,264.00,264.20,21682
1788420060000000000,264.25,264.25,264.20,264.25,4287
1788420120000000000,264.20,264.30,264.20,264.30,7836
1788420180000000000,264.25,264.30,264.20,264.20,14574
1788420240000000000,264.30,264.35,264.20,264.20,17959
1788420300000000000,264.30,264.30,264.20,264.20,5765
1788420360000000000,264.20,264.30,264.15,264.25,13454
1788420420000000000,264.25,264.30,264.25,264.30,5215
1788420480000000000,264.25,264.35,264.25,264.35,6184
1788420540000000000,264.30,264.40,264.25,264.30,4024
1788420600000000000,264.30,264.40,264.25,264.35,4599
1788420660000000000,264.35,264.35,264.20,264.30,5169
1788420720000000000,264.20,264.30,264.20,264.25,9057
1788420780000000000,264.30,264.40,264.30,264.30,11323
1788420840000000000,264.30,264.45,264.30,264.30,15318
1788420900000000000,264.35,264.35,264.25,264.35,4924
1788420960000000000,264.40,264.40,264.20,264.25,4791
1788421020000000000,264.30,264.35,264.20,264.30,5825
1788421080000000000,264.30,264.30,264.15,264.15,8588
1788421140000000000,264.20,264.20,264.10,264.15,7680
1788421200000000000,264.15,264.15,264.10,264.15,3597
1788421260000000000,264.15,264.25,264.10,264.25,17503
1788421320000000000,264.25,264.35,264.20,264.35,7451
1788421380000000000,264.30,264.40,264.30,264.35,5859
1788421440000000000,264.35,264.40,264.05,264.05,29784
1788421500000000000,264.00,264.15,264.00,264.00,9421
1788421560000000000,264.15,264.15,264.00,264.05,5925
1788421620000000000,264.00,264.15,264.00,264.15,11324
1788421680000000000,264.10,264.15,264.00,264.05,10867
1788421740000000000,264.10,264.10,264.00,264.05,8010
1788421800000000000,264.00,264.05,264.00,264.05,8447
1788421860000000000,264.00,264.10,264.00,264.05,7571
1788421920000000000,264.00,264.10,264.00,264.10,12323
1788421980000000000,264.10,264.10,263.90,263.90,61432
1788422040000000000,263.90,264.00,263.85,263.95,11929
1788422100000000000,263.95,264.00,263.80,264.00,56397
1788422160000000000,264.20,264.40,264.20,264.40,96247
1788422220000000000,264.40,264.55,264.25,264.45,26893
1788422280000000000,264.40,264.60,264.40,264.50,18081
1788422340000000000,264.50,264.55,264.30,264.50,37860
1788422400000000000,264.50,264.55,264.35,264.45,18039
1788422460000000000,264.35,264.45,264.30,264.30,21466
1788422520000000000,264.35,264.40,264.30,264.35,8518
1788422580000000000,264.45,264.60,264.35,264.55,30753
1788422640000000000,264.60,264.60,264.50,264.55,17101
1788422700000000000,264.55,264.70,264.50,264.55,13762
1788422760000000000,264.55,264.70,264.50,264.60,8900
1788422820000000000,264.55,264.55,264.50,264.55,7106
1788422880000000000,264.55,264.60,264.50,264.55,7624
1788422940000000000,264.55,264.55,264.50,264.55,37958
1788423000000000000,264.55,264.55,264.50,264.50,22707
1788423060000000000,264.50,264.55,264.50,264.50,55858
1788423120000000000,264.55,264.55,264.10,264.20,88400
1788423180000000000,264.05,264.35,264.05,264.25,35368
1788423240000000000,264.25,264.35,264.25,264.35,7571
1788423300000000000,264.30,264.35,264.25,264.25,10227
1788423360000000000,264.35,264.40,264.20,264.20,21330
1788423420000000000,264.30,264.55,264.30,264.50,36879
1788423480000000000,264.55,264.55,264.40,264.45,21011
1788423540000000000,264.45,264.55,264.45,264.55,11662
1788423600000000000,264.60,264.70,264.55,264.60,25026
1788423660000000000,264.55,264.60,264.50,264.50,11714
1788423720000000000,264.55,264.55,264.50,264.50,8241
1788423780000000000,264.50,264.60,264.50,264.55,14545
1788423840000000000,264.60,264.65,264.50,264.55,32466
1788423900000000000,264.55,264.55,264.45,264.50,8160
1788423960000000000,264.40,264.40,264.30,264.40,22106
1788424020000000000,264.40,264.45,264.35,264.45,12347
1788424080000000000,264.40,264.40,264.30,264.40,7399
1788424140000000000,264.35,264.55,264.35,264.50,16618
1788424200000000000,264.50,264.55,264.50,264.55,9297
1788424260000000000,264.55,264.60,264.50,264.55,5914
1788424320000000000,264.55,264.55,264.25,264.30,55192
1788424380000000000,264.30,264.55,264.25,264.50,61001
1788424440000000000,264.55,264.60,264.45,264.45,24461
1788424500000000000,264.45,264.60,264.45,264.50,11838
1788424560000000000,264.50,264.60,264.35,264.50,17733
1788424620000000000,264.65,264.65,264.45,264.45,7180
1788424680000000000,264.45,264.65,264.45,264.60,34141
1788424740000000000,264.60,264.60,264.45,264.60,11815
1788424800000000000,264.60,264.60,264.45,264.55,6895
1788424860000000000,264.50,264.60,264.45,264.60,7518
1788424920000000000,264.45,264.60,264.45,264.45,9282
1788424980000000000,264.55,264.60,264.40,264.50,10830
1788425040000000000,264.50,264.50,264.35,264.35,8867
1788425100000000000,264.45,264.50,264.30,264.45,11414
1788425160000000000,264.40,264.55,264.40,264.40,12165
1788425220000000000,264.50,264.60,264.40,264.60,29914
1788425280000000000,264.60,264.70,264.50,264.50,10082
1788425340000000000,264.65,264.70,264.50,264.65,8467
1788425400000000000,264.70,264.75,264.60,264.75,12762
1788425460000000000,264.80,264.90,264.80,264.90,63942
1788425520000000000,264.85,264.90,264.65,264.65,46056
1788425580000000000,264.65,264.75,264.55,264.65,22957
1788425640000000000,264.70,264.80,264.25,264.25,8435877
1788425700000000000,264.30,264.50,264.25,264.45,179791
1788425760000000000,264.50,264.50,264.05,264.15,64748
1788425820000000000,264.15,264.15,263.80,263.85,48101
1788425880000000000,263.80,264.20,263.80,264.10,220804
1788425940000000000,264.10,264.20,263.85,264.00,81396
1788426000000000000,264.10,264.20,263.95,264.10,37419
1788426060000000000,264.10,264.10,263.80,263.85,51415
1788426120000000000,263.85,263.95,263.80,263.95,16359
1788426180000000000,263.90,263.95,263.70,263.70,35271
1788426240000000000,263.80,263.80,263.50,263.60,111996
1788426300000000000,263.60,263.65,263.50,263.60,78334
1788426360000000000,263.50,263.65,263.50,263.60,15565
1788426420000000000,263.60,263.65,263.45,263.50,31399
1788426480000000000,263.60,263.60,263.40,263.40,17496
1788426540000000000,263.40,263.40,263.30,263.40,23525
1788426600000000000,263.40,263.40,263.25,263.35,38100
1788426660000000000,263.35,263.40,263.25,263.40,26899
1788426720000000000,263.40,263.40,263.30,263.40,31930
1788426780000000000,263.40,263.40,263.25,263.25,15323
1788426840000000000,263.30,263.40,263.25,263.35,18818
1788426900000000000,263.35,263.40,263.15,263.35,133133
1788426960000000000,263.25,263.50,263.25,263.50,20723
1788427020000000000,263.45,263.50,263.35,263.45,37681
1788427080000000000,263.45,263.50,263.35,263.50,40028
1788427140000000000,263.45,263.55,263.40,263.50,38248
1788427200000000000,263.50,263.65,263.45,263.55,55188
1788427260000000000,263.55,263.60,263.40,263.45,42534
1788427320000000000,263.45,263.70,263.40,263.50,42700
1788427380000000000,263.45,263.60,263.45,263.50,38156
1788427440000000000,263.50,263.60,263.40,263.40,31350
1788427500000000000,263.40,263.50,263.30,263.30,61197
1788427560000000000,263.30,263.45,263.30,263.30,45308
1788427620000000000,263.30,263.45,263.30,263.45,28349
1788427680000000000,263.35,263.45,263.30,263.35,53006
1788427740000000000,263.35,263.55,263.35,263.40,70542
1788427800000000000,263.40,263.55,263.35,263.35,69375
1788427860000000000,263.35,263.50,263.30,263.45,83339
1788427920000000000,263.40,263.45,263.20,263.25,78936
1788427980000000000,263.20,263.40,263.20,263.35,81307
1788428040000000000,263.35,263.35,263.15,263.30,27541
1788428100000000000,263.30,263.30,263.15,263.20,40801
1788428160000000000,263.20,263.25,263.05,263.15,48584
1788428220000000000,263.15,263.20,263.10,263.20,69011
1788428280000000000,263.20,263.20,263.10,263.10,60700
1788428340000000000,263.05,263.10,263.00,263.00,70595
1788428400000000000,263.00,263.10,263.00,263.10,75459
1788428460000000000,263.05,263.10,263.00,263.00,52722
1788428520000000000,263.10,263.10,262.40,262.65,177876
1788428580000000000,262.55,262.95,262.35,262.90,21852
1788428640000000000,262.90,263.10,262.75,263.10,60638
1788428700000000000,263.10,263.10,263.10,263.10,0
1788428760000000000,263.10,263.10,263.10,263.10,0
1788428820000000000,263.10,263.10,263.10,263.10,0
1788428880000000000,263.10,263.10,263.10,263.10,0
1788428940000000000,263.10,263.10,263.10,263.10,0
1788429000000000000,263.10,263.10,263.10,263.10,0
1788429060000000000,263.10,263.10,263.10,263.10,0
1788429120000000000,263.10,263.10,263.10,263.10,0
1788429180000000000,263.10,263.10,263.10,263.10,0
1788429240000000000,263.10,263.10,263.10,263.10,0
1788429300000000000,263.10,263.10,263.10,263.10,0
1788429360000000000,263.10,263.10,263.10,263.10,0
1788429420000000000,263.10,263.10,263.10,263.10,0
1788429480000000000,263.00,263.00,263.00,263.00,272369
1788429540000000000,263.00,263.00,263.00,263.00,0
1788493500000000000,264.00,264.00,262.65,263.15,153216
1788493560000000000,263.20,263.50,263.10,263.50,50453
1788493620000000000,263.50,263.60,263.45,263.45,39050
1788493680000000000,263.40,263.60,263.40,263.50,23239
1788493740000000000,263.60,263.60,263.45,263.45,20401
1788493800000000000,263.50,263.55,263.40,263.40,17284
1788493860000000000,263.40,263.65,263.40,263.50,22849
1788493920000000000,263.65,263.65,263.30,263.50,26335
1788493980000000000,263.50,263.80,263.50,263.80,17973
1788494040000000000,263.70,263.85,263.70,263.70,45233
1788494100000000000,263.70,263.95,263.65,263.95,30666
1788494160000000000,263.95,263.95,263.65,263.65,26210
1788494220000000000,263.75,263.75,263.45,263.50,20883
1788494280000000000,263.60,263.65,263.50,263.50,10186
1788494340000000000,263.65,263.65,263.55,263.60,22957
1788494400000000000,263.70,263.70,263.55,263.55,6762
1788494460000000000,263.50,263.60,263.40,263.40,16118
1788494520000000000,263.35,263.45,263.30,263.30,18468
1788494580000000000,263.35,263.45,263.30,263.45,7310
1788494640000000000,263.40,263.50,263.30,263.50,14906
1788494700000000000,263.50,263.50,263.35,263.45,8999
1788494760000000000,263.45,263.60,263.40,263.60,20126
1788494820000000000,263.60,263.80,263.60,263.80,4771
1788494880000000000,263.65,263.80,263.55,263.55,27236
1788494940000000000,263.55,263.70,263.55,263.60,14153
1788495000000000000,263.60,263.65,263.55,263.65,9512
1788495060000000000,263.65,263.70,263.55,263.60,16442
1788495120000000000,263.50,263.65,263.50,263.55,11667
1788495180000000000,263.30,263.60,263.30,263.55,31050
1788495240000000000,263.60,263.70,263.55,263.70,16894
1788495300000000000,263.70,264.40,263.70,264.35,96669
1788495360000000000,264.30,264.30,264.05,264.10,40806
1788495420000000000,264.05,264.15,264.00,264.10,17128
1788495480000000000,264.10,264.20,264.05,264.10,35705
1788495540000000000,264.10,264.15,264.00,264.00,26341
1788495600000000000,264.15,264.20,264.15,264.15,9275
1788495660000000000,264.10,264.10,263.75,263.90,16477
1788495720000000000,263.90,264.10,263.90,264.00,13077
1788495780000000000,264.00,264.00,263.90,263.90,16550
1788495840000000000,263.90,263.90,263.80,263.90,61136
1788495900000000000,263.95,264.00,263.90,263.95,11187
1788495960000000000,263.90,264.10,263.80,263.95,76397
1788496020000000000,263.95,264.00,263.85,263.90,8265
1788496080000000000,264.00,264.00,263.85,264.00,11909
1788496140000000000,264.00,264.00,263.75,263.80,39148
1788496200000000000,263.95,264.00,263.85,264.00,8137
1788496260000000000,264.00,264.15,264.00,264.05,12704
1788496320000000000,264.15,264.15,264.05,264.05,7355
1788496380000000000,264.15,264.40,264.05,264.40,39427
1788496440000000000,264.25,264.50,264.25,264.35,26628
1788496500000000000,264.30,264.40,264.25,264.25,13781
1788496560000000000,264.20,264.25,264.10,264.15,10443
1788496620000000000,264.25,264.25,264.15,264.20,14546
1788496680000000000,264.15,264.35,264.15,264.25,23071
1788496740000000000,264.30,264.35,264.25,264.35,6965
1788496800000000000,264.35,264.35,264.25,264.25,7300
1788496860000000000,264.30,264.30,264.15,264.15,43886
1788496920000000000,264.25,264.25,264.10,264.10,20464
1788496980000000000,264.10,264.10,263.90,264.00,28285
1788497040000000000,264.00,264.00,263.90,263.90,8133
1788497100000000000,264.00,264.25,264.00,264.15,48884
1788497160000000000,264.30,264.40,264.25,264.30,11560
1788497220000000000,264.35,264.40,264.15,264.25,9583
1788497280000000000,264.15,264.35,264.15,264.35,5751
1788497340000000000,264.35,264.35,264.15,264.30,19407
1788497400000000000,264.30,264.50,264.15,264.50,9506
1788497460000000000,264.40,264.50,264.40,264.45,12629
1788497520000000000,264.50,264.55,264.50,264.55,13772
1788497580000000000,264.55,264.55,264.45,264.45,18811
1788497640000000000,264.50,264.55,264.50,264.55,10590
1788497700000000000,264.45,264.50,264.45,264.45,15111
1788497760000000000,264.50,264.55,264.45,264.45,23230
1788497820000000000,264.50,264.55,264.40,264.45,13571
1788497880000000000,264.40,264.55,264.40,264.55,17795
1788497940000000000,264.55,264.60,264.40,264.55,12453
1788498000000000000,264.60,264.65,264.55,264.55,7630
1788498060000000000,264.60,264.65,264.55,264.65,17132
1788498120000000000,264.65,264.65,264.50,264.50,9302
1788498180000000000,264.60,264.65,264.50,264.50,13371
1788498240000000000,264.60,264.60,264.45,264.45,12262
1788498300000000000,264.40,264.45,264.15,264.20,12116
1788498360000000000,264.20,264.20,264.15,264.20,11335
1788498420000000000,264.20,265.00,264.15,264.50,281526
1788498480000000000,264.95,265.45,264.95,265.45,168209
1788498540000000000,265.45,265.55,265.30,265.30,107721
1788498600000000000,265.40,265.40,265.15,265.15,18494
1788498660000000000,265.20,265.20,265.10,265.20,19370
1788498720000000000,265.20,265.20,265.10,265.20,7697
1788498780000000000,265.15,265.20,265.15,265.20,10582
1788498840000000000,265.10,265.30,265.10,265.30,29919
1788498900000000000,265.30,265.30,265.15,265.30,13499
1788498960000000000,265.30,265.35,265.20,265.20,29775
1788499020000000000,265.30,265.35,265.20,265.35,17260
1788499080000000000,265.35,265.35,265.25,265.30,59841
1788499140000000000,265.25,265.30,265.25,265.30,5372
1788499200000000000,265.35,265.35,265.20,265.35,12366
1788499260000000000,265.35,265.35,265.15,265.25,56097
1788499320000000000,265.25,265.25,265.10,265.25,15733
1788499380000000000,265.10,265.25,265.10,265.20,3466
1788499440000000000,265.15,265.45,265.15,265.45,18053
1788499500000000000,265.40,265.45,265.30,265.45,13237
1788499560000000000,265.45,265.45,265.30,265.40,9487
1788499620000000000,265.40,265.40,265.35,265.40,6196
1788499680000000000,265.35,265.40,265.30,265.35,5360
1788499740000000000,265.40,265.40,265.30,265.40,32225
1788499800000000000,265.40,265.50,265.40,265.50,20088
1788499860000000000,265.50,265.50,265.25,265.25,21945
1788499920000000000,265.25,265.25,265.05,265.10,25558
1788499980000000000,265.05,265.20,265.05,265.15,6697
1788500040000000000,265.15,265.20,265.10,265.10,6746
1788500100000000000,265.15,265.30,265.10,265.30,6837
1788500160000000000,265.30,265.30,265.25,265.25,5296
1788500220000000000,265.10,265.25,264.90,264.95,14942
1788500280000000000,264.90,265.00,264.90,265.00,12785
1788500340000000000,265.00,265.00,264.90,264.90,7529
1788500400000000000,265.00,265.05,264.95,265.05,8440
1788500460000000000,265.05,265.10,265.00,265.00,8817
1788500520000000000,265.05,265.05,264.90,265.00,20691
1788500580000000000,265.00,265.00,264.90,264.95,14020
1788500640000000000,264.95,265.00,264.90,265.00,8144
1788500700000000000,265.00,265.00,264.95,265.00,5921
1788500760000000000,264.95,265.00,264.70,264.75,18905
1788500820000000000,264.75,264.75,264.70,264.70,15023
1788500880000000000,264.60,264.70,264.60,264.65,6456
1788500940000000000,264.65,264.70,264.60,264.65,5725
1788501000000000000,264.60,264.70,264.60,264.70,11813
1788501060000000000,264.70,265.05,264.70,265.05,67808
1788501120000000000,265.05,265.40,265.00,265.40,153600
1788501180000000000,265.35,265.55,265.30,265.35,159559
1788501240000000000,265.35,265.55,265.15,265.50,145769
1788501300000000000,265.55,265.60,265.40,265.60,37083
1788501360000000000,265.60,265.65,265.55,265.65,10908
1788501420000000000,265.60,265.60,265.45,265.55,20525
1788501480000000000,265.85,266.10,265.60,265.60,268823
1788501540000000000,265.70,266.10,265.60,266.00,59171
1788501600000000000,266.10,266.25,266.00,266.10,50441
1788501660000000000,266.10,266.10,266.00,266.00,16748
1788501720000000000,266.05,266.05,265.90,266.00,10971
1788501780000000000,266.00,266.00,265.95,266.00,22617
1788501840000000000,266.00,266.00,265.90,266.00,18564
1788501900000000000,266.00,266.10,265.90,266.05,26430
1788501960000000000,266.00,266.05,266.00,266.05,13003
1788502020000000000,266.00,266.10,266.00,266.00,11673
1788502080000000000,266.00,266.05,266.00,266.05,9672
1788502140000000000,266.05,266.05,265.70,265.75,66814
1788502200000000000,265.75,265.95,265.50,265.60,183353
1788502260000000000,265.60,265.70,265.55,265.70,7992
1788502320000000000,265.70,265.70,265.45,265.50,7251
1788502380000000000,265.45,265.50,265.30,265.50,121839
1788502440000000000,265.40,265.45,265.20,265.35,6892
1788502500000000000,265.20,265.40,265.20,265.40,4720
1788502560000000000,265.30,265.40,265.30,265.35,3310
1788502620000000000,265.35,265.35,265.25,265.35,5252
1788502680000000000,265.35,265.50,265.25,265.50,30349
1788502740000000000,265.50,265.55,265.45,265.55,144725
1788502800000000000,265.55,265.60,265.35,265.45,69111
1788502860000000000,265.55,265.60,265.35,265.40,111574
1788502920000000000,265.40,265.40,265.30,265.30,5889
1788502980000000000,265.25,265.40,265.25,265.30,8559
1788503040000000000,265.30,265.65,265.25,265.60,94389
1788503100000000000,265.50,265.70,265.50,265.70,32422
1788503160000000000,265.65,265.65,265.50,265.60,117346
1788503220000000000,265.60,265.65,265.50,265.55,54110
1788503280000000000,265.65,265.65,265.30,265.35,48358
1788503340000000000,265.30,265.35,265.15,265.15,15380
1788503400000000000,265.15,265.20,265.10,265.15,13774
1788503460000000000,265.20,265.30,265.15,265.15,14263
1788503520000000000,265.20,265.25,265.15,265.20,4064
1788503580000000000,265.20,265.20,265.00,265.05,31798
1788503640000000000,265.05,265.05,264.80,264.90,29084
1788503700000000000,264.85,264.90,264.85,264.90,4706
1788503760000000000,264.85,264.90,264.80,264.80,9743
1788503820000000000,264.85,264.85,264.70,264.75,27396
1788503880000000000,264.85,264.85,264.75,264.85,4471
1788503940000000000,264.75,264.85,264.75,264.80,9311
1788504000000000000,264.80,264.80,264.60,264.60,22496
1788504060000000000,264.60,264.60,264.40,264.40,22801
1788504120000000000,264.50,264.70,264.40,264.70,25441
1788504180000000000,264.55,264.70,264.55,264.60,5542
1788504240000000000,264.55,264.60,264.55,264.55,3468
1788504300000000000,264.55,264.60,264.40,264.40,15540
1788504360000000000,264.55,264.65,264.50,264.55,22667
1788504420000000000,264.50,264.60,264.50,264.50,4791
1788504480000000000,264.55,264.55,264.50,264.50,6582
1788504540000000000,264.55,264.55,264.50,264.55,2902
1788504600000000000,264.55,264.55,264.30,264.30,19236
1788504660000000000,264.30,264.35,264.25,264.30,22204
1788504720000000000,264.35,264.35,264.30,264.35,6390
1788504780000000000,264.30,264.35,264.20,264.35,27600
1788504840000000000,264.35,264.45,264.25,264.25,17802
1788504900000000000,264.35,264.35,264.25,264.30,11487
1788504960000000000,264.25,264.30,264.25,264.30,5424
1788505020000000000,264.30,264.35,264.25,264.35,8178
1788505080000000000,264.30,264.35,264.25,264.25,13823
1788505140000000000,264.30,264.35,264.25,264.30,18738
1788505200000000000,264.30,264.30,264.20,264.25,5092
1788505260000000000,264.25,264.25,264.20,264.20,4219
1788505320000000000,264.25,264.25,264.20,264.20,4607
1788505380000000000,264.20,264.30,264.20,264.30,17781
1788505440000000000,264.30,264.30,264.20,264.25,9130
1788505500000000000,264.30,264.30,264.25,264.25,15309
1788505560000000000,264.25,264.30,264.20,264.25,8001
1788505620000000000,264.25,264.25,264.20,264.25,7016
1788505680000000000,264.25,264.25,264.10,264.20,16929
1788505740000000000,264.20,264.20,264.10,264.20,8111
1788505800000000000,264.20,264.20,264.10,264.20,12294
1788505860000000000,264.20,264.20,264.10,264.20,2595
1788505920000000000,264.10,264.20,264.10,264.20,8819
1788505980000000000,264.20,264.20,264.10,264.15,3480
1788506040000000000,264.15,264.15,264.05,264.15,10169
1788506100000000000,264.10,264.15,264.05,264.05,4167
1788506160000000000,264.05,264.15,264.05,264.10,6584
1788506220000000000,264.10,264.15,264.05,264.10,9679
1788506280000000000,264.10,264.10,264.05,264.10,5127
1788506340000000000,264.05,264.15,264.05,264.15,21425
1788506400000000000,264.15,264.25,264.15,264.20,23609
1788506460000000000,264.15,264.20,264.15,264.20,3246
1788506520000000000,264.25,264.25,264.15,264.25,4939
1788506580000000000,264.25,264.25,264.15,264.15,4459
1788506640000000000,264.15,264.20,264.15,264.15,4045
1788506700000000000,264.15,264.15,264.05,264.10,21709
1788506760000000000,264.10,264.10,264.05,264.10,10330
1788506820000000000,264.10,264.10,263.90,264.00,62199
1788506880000000000,264.00,264.10,263.90,264.05,6002
1788506940000000000,264.05,264.10,264.00,264.00,9195
1788507000000000000,264.10,264.15,264.00,264.05,4816
1788507060000000000,264.05,264.15,264.00,264.00,4645
1788507120000000000,264.10,264.10,264.00,264.05,4903
1788507180000000000,264.05,264.10,264.05,264.10,4253
1788507240000000000,264.10,264.10,264.00,264.05,4561
1788507300000000000,264.05,264.20,264.05,264.20,56901
1788507360000000000,264.05,264.20,264.05,264.05,4297
1788507420000000000,264.05,264.20,264.05,264.10,5367
1788507480000000000,264.20,264.20,264.10,264.20,7328
1788507540000000000,264.20,264.35,264.10,264.35,55791
1788507600000000000,264.25,264.40,264.25,264.35,7434
1788507660000000000,264.35,264.40,264.25,264.30,7659
1788507720000000000,264.25,264.35,264.25,264.25,4757
1788507780000000000,264.25,264.25,264.20,264.25,14994
1788507840000000000,264.25,264.70,264.15,264.60,20220
1788507900000000000,264.70,264.75,264.55,264.55,4633
1788507960000000000,264.70,264.70,264.50,264.65,4534
1788508020000000000,264.55,264.65,264.50,264.60,3196
1788508080000000000,264.50,264.60,264.50,264.60,1700
1788508140000000000,264.50,264.55,264.45,264.55,4867
1788508200000000000,264.50,264.55,264.40,264.40,3857
1788508260000000000,264.40,264.50,264.40,264.50,3699
1788508320000000000,264.55,264.55,264.35,264.35,9779
1788508380000000000,264.50,264.55,264.40,264.50,6344
1788508440000000000,264.50,264.90,264.50,264.80,45752
1788508500000000000,264.85,264.85,264.60,264.60,43857
1788508560000000000,264.75,264.75,264.50,264.60,10615
1788508620000000000,264.60,264.70,264.40,264.65,21463
1788508680000000000,264.60,264.65,264.60,264.65,6420
1788508740000000000,264.65,264.70,264.60,264.70,5577
1788508800000000000,264.70,264.70,264.60,264.65,27908
1788508860000000000,264.60,264.65,264.55,264.65,9929
1788508920000000000,264.60,264.60,264.40,264.45,15517
1788508980000000000,264.45,264.50,264.35,264.35,4877
1788509040000000000,264.40,264.40,264.30,264.35,5604
1788509100000000000,264.30,264.35,264.25,264.30,3829
1788509160000000000,264.35,264.40,264.30,264.35,10138
1788509220000000000,264.35,264.35,264.25,264.35,12101
1788509280000000000,264.30,264.35,264.25,264.25,1710
1788509340000000000,264.30,264.30,264.25,264.25,2401
1788509400000000000,264.30,264.35,264.20,264.35,9416
1788509460000000000,264.30,264.35,264.15,264.20,5228
1788509520000000000,264.20,264.35,264.15,264.25,15486
1788509580000000000,264.25,264.30,264.15,264.15,8769
1788509640000000000,264.15,264.25,264.15,264.15,5570
1788509700000000000,264.20,264.25,264.15,264.25,8843
1788509760000000000,264.15,264.25,264.15,264.25,4054
1788509820000000000,264.20,264.30,264.20,264.20,11279
1788509880000000000,264.30,264.30,264.20,264.20,6232
1788509940000000000,264.20,264.30,264.20,264.20,4183
1788510000000000000,264.25,264.25,264.15,264.15,4832
1788510060000000000,264.15,264.25,264.15,264.15,12797
1788510120000000000,264.20,264.25,264.15,264.20,11142
1788510180000000000,264.25,264.25,264.15,264.15,7962
1788510240000000000,264.15,264.20,264.10,264.20,4194
1788510300000000000,264.20,264.20,264.15,264.15,3994
1788510360000000000,264.15,264.20,264.10,264.10,4494
1788510420000000000,264.20,264.20,264.10,264.20,2251
1788510480000000000,264.10,264.25,264.10,264.15,9978
1788510540000000000,264.20,264.20,264.10,264.10,3682
1788510600000000000,264.15,264.20,264.15,264.15,4973
1788510660000000000,264.15,264.25,264.15,264.15,5180
1788510720000000000,264.20,264.20,264.05,264.05,24953
1788510780000000000,264.20,264.20,264.10,264.10,3938
1788510840000000000,264.10,264.20,264.10,264.20,5155
1788510900000000000,264.20,264.20,264.10,264.10,6181
1788510960000000000,264.10,264.20,264.10,264.20,4273
1788511020000000000,264.20,264.25,264.10,264.20,8919
1788511080000000000,264.25,264.25,264.05,264.15,10641
1788511140000000000,264.15,264.15,264.10,264.10,5981
1788511200000000000,264.10,264.20,264.10,264.10,6876
1788511260000000000,264.20,264.20,264.05,264.05,10659
1788511320000000000,264.05,264.15,264.05,264.05,8204
1788511380000000000,264.05,264.15,264.05,264.15,10558
1788511440000000000,264.15,264.25,264.15,264.15,18290
1788511500000000000,264.20,264.25,264.15,264.25,6387
1788511560000000000,264.30,264.30,264.20,264.20,3173
1788511620000000000,264.30,264.30,264.15,264.20,9776
1788511680000000000,264.15,264.20,264.05,264.20,7786
1788511740000000000,264.20,264.35,264.10,264.35,58478
1788511800000000000,264.35,264.35,264.20,264.20,4851
1788511860000000000,264.30,264.30,264.20,264.30,2195
1788511920000000000,264.30,264.45,264.15,264.30,62787
1788511980000000000,264.20,264.30,264.15,264.30,7795
1788512040000000000,264.30,264.30,264.15,264.15,20159
1788512100000000000,264.10,264.40,264.10,264.25,68262
1788512160000000000,264.10,264.35,264.10,264.35,5906
1788512220000000000,264.30,264.35,264.20,264.30,5991
1788512280000000000,264.25,264.30,264.25,264.25,2787
1788512340000000000,264.25,264.30,264.25,264.25,3837
1788512400000000000,264.25,264.50,264.25,264.50,17819
1788512460000000000,264.40,264.55,264.35,264.50,20510
1788512520000000000,264.40,264.55,264.40,264.40,12230
1788512580000000000,264.45,264.55,264.40,264.40,3862
1788512640000000000,264.50,264.50,264.35,264.40,8116
1788512700000000000,264.45,264.45,264.25,264.35,11837
1788512760000000000,264.40,264.45,264.20,264.20,17024
1788512820000000000,264.20,264.35,264.15,264.30,10925
1788512880000000000,264.30,264.30,264.10,264.20,12806
1788512940000000000,264.20,264.30,264.10,264.25,18699
1788513000000000000,264.20,264.30,264.15,264.30,8702
1788513060000000000,264.30,264.30,264.20,264.30,7786
1788513120000000000,264.15,264.25,264.10,264.10,15310
1788513180000000000,264.25,264.25,264.10,264.20,21788
1788513240000000000,264.20,264.20,264.05,264.20,12630
1788513300000000000,264.05,264.20,264.05,264.20,33891
1788513360000000000,264.20,264.20,264.05,264.15,12441
1788513420000000000,264.20,264.20,264.10,264.10,11479
1788513480000000000,264.20,264.30,264.10,264.30,26804
1788513540000000000,264.25,264.70,264.25,264.60,263290
1788513600000000000,264.75,264.75,264.40,264.55,28195
1788513660000000000,264.50,264.75,264.50,264.65,40090
1788513720000000000,264.70,264.90,264.65,264.80,175286
1788513780000000000,264.75,264.80,264.45,264.55,70588
1788513840000000000,264.55,264.65,264.55,264.60,10500
1788513900000000000,264.55,264.65,264.45,264.65,55467
1788513960000000000,264.65,264.65,264.55,264.65,22325
1788514020000000000,264.65,264.90,264.60,264.85,40074
1788514080000000000,264.85,264.95,264.85,264.85,23861
1788514140000000000,265.00,265.00,264.90,265.00,68152
1788514200000000000,264.90,265.00,264.90,265.00,24192
1788514260000000000,265.00,265.00,264.95,264.95,90423
1788514320000000000,264.90,265.00,264.90,265.00,46578
1788514380000000000,265.00,265.00,264.85,264.90,43444
1788514440000000000,264.90,264.90,264.85,264.85,43701
1788514500000000000,264.95,264.95,264.90,264.95,49624
1788514560000000000,264.95,265.00,264.90,265.00,31250
1788514620000000000,264.95,265.00,264.95,264.95,49356
1788514680000000000,264.95,265.00,264.95,265.00,33400
1788514740000000000,264.95,265.05,264.80,264.90,52226
1788514800000000000,265.05,265.10,265.00,265.05,150420
1788514860000000000,265.10,265.15,265.05,265.05,133496
1788514920000000000,264.90,265.00,264.65,264.65,138946
1788514980000000000,264.50,264.50,264.25,264.45,296185
1788515040000000000,264.45,264.75,264.00,264.75,53770
1788515100000000000,264.75,264.75,264.75,264.75,0
1788515160000000000,264.75,264.75,264.75,264.75,0
1788515220000000000,264.75,264.75,264.75,264.75,0
1788515280000000000,264.75,264.75,264.75,264.75,0
1788515340000000000,264.75,264.75,264.75,264.75,0
1788515400000000000,264.75,264.75,264.75,264.75,0
1788515460000000000,264.75,264.75,264.75,264.75,0
1788515520000000000,264.75,264.75,264.75,264.75,0
1788515580000000000,264.75,264.75,264.75,264.75,0
1788515640000000000,264.75,264.75,264.75,264.75,0
1788515700000000000,264.75,264.75,264.75,264.75,0
1788515760000000000,264.75,264.75,264.75,264.75,0
1788515820000000000,264.75,264.75,264.75,264.75,0
1788515880000000000,264.10,264.10,264.10,264.10,139631
1788515940000000000,264.10,264.10,264.10,264.10,0
1788752700000000000,264.10,264.70,263.05,263.15,106931
1788752760000000000,263.05,263.50,263.05,263.50,30828
1788752820000000000,263.50,263.55,263.35,263.35,16681
1788752880000000000,263.40,263.65,263.35,263.55,17008
1788752940000000000,263.65,263.75,263.35,263.45,26357
1788753000000000000,263.45,263.70,263.35,263.60,16000
1788753060000000000,263.60,263.70,263.50,263.60,14362
1788753120000000000,263.60,263.90,263.50,263.90,18246
1788753180000000000,263.90,263.90,263.75,263.80,7739
1788753240000000000,263.80,263.95,263.60,263.65,17500
1788753300000000000,263.65,263.75,263.45,263.70,35459
1788753360000000000,263.70,263.70,263.45,263.50,13599
1788753420000000000,263.60,263.65,263.40,263.60,13114
1788753480000000000,263.60,263.60,263.35,263.50,12862
1788753540000000000,263.50,263.50,263.35,263.40,10884
1788753600000000000,263.50,263.65,263.40,263.50,11971
1788753660000000000,263.50,263.65,263.45,263.65,5690
1788753720000000000,263.65,263.80,263.50,263.75,16051
1788753780000000000,263.70,263.75,263.50,263.65,17476
1788753840000000000,263.65,263.65,263.30,263.40,19060
1788753900000000000,263.45,263.50,263.30,263.50,10715
1788753960000000000,263.50,263.50,263.30,263.40,13469
1788754020000000000,263.40,263.45,263.25,263.45,15699
1788754080000000000,263.45,263.45,263.30,263.40,8439
1788754140000000000,263.40,263.80,263.30,263.75,28925
1788754200000000000,263.80,264.00,263.75,263.90,14970
1788754260000000000,263.95,264.35,263.90,264.35,29527
1788754320000000000,264.35,264.55,264.25,264.55,24300
1788754380000000000,264.55,264.70,264.40,264.65,30316
1788754440000000000,264.70,264.90,264.65,264.90,13408
1788754500000000000,264.80,264.90,264.55,264.55,19651
1788754560000000000,264.70,264.70,264.40,264.50,53221
1788754620000000000,264.60,264.80,264.50,264.70,26649
1788754680000000000,264.70,264.70,264.55,264.70,8091
1788754740000000000,264.70,264.75,264.60,264.65,7053
1788754800000000000,264.75,264.75,264.50,264.70,33747
1788754860000000000,264.70,264.75,264.60,264.70,8809
1788754920000000000,264.70,264.75,264.60,264.60,11269
1788754980000000000,264.70,264.90,264.60,264.90,21018
1788755040000000000,264.90,264.95,264.50,264.55,27632
1788755100000000000,264.60,264.60,264.20,264.40,23279
1788755160000000000,264.30,264.45,264.25,264.45,9238
1788755220000000000,264.45,264.60,264.35,264.45,16606
1788755280000000000,264.55,264.55,264.20,264.30,18882
1788755340000000000,264.30,264.35,264.20,264.35,5103
1788755400000000000,264.30,264.40,264.10,264.10,20923
1788755460000000000,264.20,264.20,264.05,264.10,11251
1788755520000000000,264.10,264.30,264.10,264.15,29478
1788755580000000000,264.15,264.45,264.05,264.10,29435
1788755640000000000,264.10,264.15,263.90,264.05,54467
1788755700000000000,264.00,264.20,263.85,264.05,20776
1788755760000000000,263.95,264.10,263.95,263.95,3863
1788755820000000000,264.00,264.10,263.95,263.95,4408
1788755880000000000,264.00,264.05,263.90,263.95,11531
1788755940000000000,263.90,264.15,263.90,264.00,26960
1788756000000000000,264.00,264.10,263.90,264.10,4374
1788756060000000000,264.00,264.15,263.90,264.10,16225
1788756120000000000,264.00,264.15,263.95,264.10,8989
1788756180000000000,264.05,264.10,263.90,263.90,18148
1788756240000000000,263.90,264.00,263.65,263.80,18524
1788756300000000000,263.65,263.85,263.65,263.80,11485
1788756360000000000,263.65,263.80,263.50,263.65,19759
1788756420000000000,263.65,263.70,263.55,263.65,11096
1788756480000000000,263.55,263.65,263.55,263.60,13152
1788756540000000000,263.65,263.70,263.55,263.70,7897
1788756600000000000,263.65,264.05,263.55,264.05,28706
1788756660000000000,264.00,264.10,263.50,263.95,81074
1788756720000000000,263.85,264.10,263.85,264.00,5326
1788756780000000000,264.00,264.25,264.00,264.10,5823
1788756840000000000,264.05,264.20,263.95,264.00,5946
1788756900000000000,264.00,264.15,263.95,264.05,8039
1788756960000000000,264.05,264.15,263.95,264.10,5727
1788757020000000000,264.05,264.10,263.85,264.05,15172
1788757080000000000,263.95,264.10,263.90,264.10,5472
1788757140000000000,264.00,264.10,263.95,263.95,7261
1788757200000000000,263.95,264.75,263.95,264.65,48442
1788757260000000000,264.55,264.70,264.15,264.30,51814
1788757320000000000,264.20,264.30,264.05,264.10,7614
1788757380000000000,264.05,264.10,264.05,264.05,3653
1788757440000000000,264.05,264.15,264.05,264.05,7258
1788757500000000000,264.05,264.15,263.85,263.85,16383
1788757560000000000,263.85,264.05,263.85,263.95,4731
1788757620000000000,263.95,264.15,263.90,264.05,5889
1788757680000000000,264.00,264.10,264.00,264.00,5023
1788757740000000000,264.00,264.15,264.00,264.00,5295
1788757800000000000,264.00,264.10,264.00,264.10,3905
1788757860000000000,264.00,264.10,264.00,264.10,11379
1788757920000000000,264.00,264.10,264.00,264.10,6747
1788757980000000000,264.00,264.10,264.00,264.10,4189
1788758040000000000,264.00,264.10,264.00,264.05,5345
1788758100000000000,264.05,264.20,264.05,264.10,17578
1788758160000000000,264.05,264.15,264.00,264.05,12255
1788758220000000000,264.00,264.15,264.00,264.10,5672
1788758280000000000,264.05,264.10,263.90,264.00,9394
1788758340000000000,263.90,264.10,263.90,264.05,9750
1788758400000000000,264.05,264.10,264.00,264.10,9286
1788758460000000000,264.05,264.20,264.00,264.05,36116
1788758520000000000,264.05,264.25,264.05,264.10,37129
1788758580000000000,264.05,264.30,264.05,264.10,32186
1788758640000000000,264.05,264.15,263.90,264.10,17364
1788758700000000000,264.05,264.15,263.95,264.05,9702
1788758760000000000,264.05,264.15,263.95,264.10,14989
1788758820000000000,264.00,264.10,264.00,264.00,2672
1788758880000000000,264.00,264.10,263.95,264.10,12574
1788758940000000000,264.00,264.10,263.95,264.00,5649
1788759000000000000,264.00,264.25,263.95,264.05,33339
1788759060000000000,264.05,264.20,264.00,264.10,11998
1788759120000000000,264.05,264.10,263.95,264.00,5991
1788759180000000000,263.95,264.10,263.65,264.00,121683
1788759240000000000,264.00,264.10,263.25,263.70,285083
1788759300000000000,263.70,263.90,263.70,263.80,6049
1788759360000000000,263.80,263.95,263.80,263.90,7802
1788759420000000000,263.80,263.90,263.60,263.65,13597
1788759480000000000,263.60,263.65,263.25,263.45,29466
1788759540000000000,263.35,263.45,263.00,263.35,129175
1788759600000000000,263.25,263.35,263.00,263.10,204459
1788759660000000000,263.10,263.60,263.10,263.60,36057
1788759720000000000,263.50,263.65,263.50,263.65,4114
1788759780000000000,263.55,263.65,263.20,263.45,229342
1788759840000000000,263.40,263.65,263.35,263.60,138614
1788759900000000000,263.50,263.55,263.40,263.40,9684
1788759960000000000,263.40,263.60,263.40,263.45,9936
1788760020000000000,263.50,263.60,263.10,263.55,99240
1788760080000000000,263.40,263.60,263.05,263.50,109165
1788760140000000000,263.50,263.65,263.50,263.55,6743
1788760200000000000,263.55,263.90,263.55,263.85,53374
1788760260000000000,263.70,263.90,263.70,263.80,8927
1788760320000000000,263.75,263.90,263.65,263.75,10993
1788760380000000000,263.65,263.75,263.60,263.60,6532
1788760440000000000,263.60,263.70,263.55,263.65,3953
1788760500000000000,263.55,263.65,263.50,263.60,4470
1788760560000000000,263.50,263.60,263.50,263.60,1951
1788760620000000000,263.50,263.60,263.40,263.45,9184
1788760680000000000,263.40,263.55,263.35,263.55,10999
1788760740000000000,263.50,263.60,263.45,263.55,6464
1788760800000000000,263.45,263.55,263.45,263.55,7277
1788760860000000000,263.50,263.60,263.45,263.55,3441
1788760920000000000,263.50,263.60,263.45,263.55,3779
1788760980000000000,263.45,263.60,263.45,263.50,5889
1788761040000000000,263.50,263.60,263.45,263.55,4023
1788761100000000000,263.50,263.60,262.95,263.35,211725
1788761160000000000,263.25,263.35,263.25,263.30,7733
1788761220000000000,263.25,263.35,263.25,263.25,5795
1788761280000000000,263.25,263.30,263.20,263.30,9540
1788761340000000000,263.20,263.30,263.20,263.30,6329
1788761400000000000,263.20,263.30,263.15,263.15,6070
1788761460000000000,263.15,263.35,263.15,263.35,3174
1788761520000000000,263.30,263.40,263.30,263.40,7324
1788761580000000000,263.35,263.40,263.35,263.40,4363
1788761640000000000,263.35,263.45,263.35,263.45,2089
1788761700000000000,263.40,263.50,263.40,263.50,2378
1788761760000000000,263.45,263.50,263.35,263.45,6908
1788761820000000000,263.40,263.45,262.95,263.10,88162
1788761880000000000,263.10,263.20,263.10,263.20,6603
1788761940000000000,263.15,263.30,263.15,263.30,4149
1788762000000000000,263.20,263.30,263.20,263.25,3113
1788762060000000000,263.25,263.35,263.25,263.30,2373
1788762120000000000,263.30,263.35,263.30,263.30,1541
1788762180000000000,263.30,263.40,263.30,263.35,6362
1788762240000000000,263.30,263.40,263.20,263.30,12813
1788762300000000000,263.20,263.30,263.15,263.30,6308
1788762360000000000,263.20,263.30,263.20,263.30,4873
1788762420000000000,263.20,263.30,263.20,263.25,2127
1788762480000000000,263.25,263.35,263.25,263.30,5312
1788762540000000000,263.30,263.35,263.25,263.35,4113
1788762600000000000,263.25,263.40,263.25,263.25,13175
1788762660000000000,263.25,263.35,263.15,263.20,19798
1788762720000000000,263.15,263.25,263.10,263.10,7357
1788762780000000000,263.10,263.20,263.05,263.20,3068
1788762840000000000,263.15,263.20,263.05,263.10,5804
1788762900000000000,263.05,263.15,263.05,263.15,5563
1788762960000000000,263.10,263.20,263.05,263.10,7834
1788763020000000000,263.10,263.20,263.10,263.15,2289
1788763080000000000,263.10,263.25,263.10,263.20,6971
1788763140000000000,263.25,263.25,263.15,263.25,8257
1788763200000000000,263.20,263.25,263.15,263.25,1777
1788763260000000000,263.20,263.35,263.20,263.30,6169
1788763320000000000,263.30,263.40,263.25,263.40,3848
1788763380000000000,263.35,263.50,263.30,263.30,28044
1788763440000000000,263.30,263.45,263.30,263.35,5730
1788763500000000000,263.40,263.45,263.35,263.40,2932
1788763560000000000,263.40,263.50,263.30,263.35,7396
1788763620000000000,263.35,263.45,263.30,263.40,3283
1788763680000000000,263.35,263.45,263.35,263.35,3361
1788763740000000000,263.35,263.45,263.35,263.40,3348
1788763800000000000,263.40,263.60,263.40,263.55,12995
1788763860000000000,263.45,263.55,263.40,263.45,5957
1788763920000000000,263.45,263.55,263.25,263.45,16962
1788763980000000000,263.40,263.50,263.35,263.45,2888
1788764040000000000,263.40,263.45,263.35,263.45,3877
1788764100000000000,263.40,263.45,263.35,263.45,2489
1788764160000000000,263.35,263.45,263.25,263.45,12100
1788764220000000000,263.35,263.45,263.25,263.35,5536
1788764280000000000,263.25,263.35,263.25,263.25,7857
1788764340000000000,263.25,263.40,263.25,263.35,6871
1788764400000000000,263.30,263.45,263.25,263.30,5811
1788764460000000000,263.30,263.40,263.30,263.30,6504
1788764520000000000,263.30,263.40,263.30,263.40,6953
1788764580000000000,263.40,263.40,263.30,263.30,4609
1788764640000000000,263.30,263.40,263.30,263.30,2754
1788764700000000000,263.30,263.40,263.20,263.30,24264
1788764760000000000,263.25,263.35,263.20,263.25,13057
1788764820000000000,263.25,263.45,263.10,263.35,27630
1788764880000000000,263.35,263.45,263.35,263.40,2826
1788764940000000000,263.40,263.45,263.30,263.35,6593
1788765000000000000,263.35,263.45,263.30,263.45,2906
1788765060000000000,263.35,263.45,263.35,263.45,3369
1788765120000000000,263.45,263.60,263.35,263.60,6729
1788765180000000000,263.50,263.60,263.50,263.50,11678
1788765240000000000,263.50,263.65,263.50,263.50,3679
1788765300000000000,263.50,263.65,263.40,263.50,9432
1788765360000000000,263.40,263.60,263.40,263.40,3465
1788765420000000000,263.40,263.55,263.40,263.50,2492
1788765480000000000,263.40,263.50,263.40,263.50,5387
1788765540000000000,263.45,263.65,263.45,263.60,11684
1788765600000000000,263.55,263.60,263.40,263.60,7783
1788765660000000000,263.45,263.55,263.35,263.45,11111
1788765720000000000,263.45,263.55,263.35,263.40,5445
1788765780000000000,263.50,263.55,263.40,263.50,6022
1788765840000000000,263.40,263.50,263.35,263.50,4608
1788765900000000000,263.40,263.50,263.40,263.50,1976
1788765960000000000,263.40,263.50,263.40,263.40,3595
1788766020000000000,263.40,263.50,263.35,263.40,11352
1788766080000000000,263.40,263.55,263.40,263.55,5370
1788766140000000000,263.50,263.55,263.40,263.55,3982
1788766200000000000,263.55,263.55,263.40,263.55,6804
1788766260000000000,263.50,263.55,263.40,263.50,7463
1788766320000000000,263.50,263.55,263.45,263.50,4082
1788766380000000000,263.50,263.55,263.40,263.40,2872
1788766440000000000,263.40,263.55,263.40,263.50,11177
1788766500000000000,263.55,263.55,263.45,263.50,6618
1788766560000000000,263.50,263.65,263.50,263.60,12191
1788766620000000000,263.60,263.65,263.55,263.60,6846
1788766680000000000,263.60,263.65,263.55,263.65,2875
1788766740000000000,263.65,263.65,263.55,263.60,3627
1788766800000000000,263.55,263.65,263.50,263.60,4839
1788766860000000000,263.55,263.65,263.50,263.60,3967
1788766920000000000,263.50,263.65,263.50,263.65,2981
1788766980000000000,263.50,263.65,263.50,263.65,9368
1788767040000000000,263.55,263.65,263.55,263.65,6565
1788767100000000000,263.60,263.70,263.55,263.70,3993
1788767160000000000,263.70,263.70,263.60,263.70,3661
1788767220000000000,263.60,263.75,263.60,263.65,5253
1788767280000000000,263.65,263.75,263.65,263.75,4399
1788767340000000000,263.70,263.75,263.40,263.50,25717
1788767400000000000,263.45,263.60,263.40,263.45,7203
1788767460000000000,263.40,263.55,263.40,263.55,3375
1788767520000000000,263.45,263.70,263.45,263.65,5672
1788767580000000000,263.60,263.70,263.50,263.55,3075
1788767640000000000,263.55,263.60,263.50,263.50,2441
1788767700000000000,263.50,263.65,263.50,263.65,6197
1788767760000000000,263.55,263.70,263.50,263.60,11265
1788767820000000000,263.65,263.70,263.60,263.60,5022
1788767880000000000,263.60,263.75,263.60,263.70,10451
1788767940000000000,263.60,263.70,263.60,263.70,9059
1788768000000000000,263.70,263.70,263.60,263.60,6478
1788768060000000000,263.60,263.70,263.60,263.70,4508
1788768120000000000,263.60,263.70,263.55,263.70,15114
1788768180000000000,263.60,263.70,263.50,263.50,6554
1788768240000000000,263.60,263.65,263.15,263.30,49444
1788768300000000000,263.30,263.35,263.20,263.25,5654
1788768360000000000,263.35,263.35,263.20,263.35,9510
1788768420000000000,263.20,263.40,263.20,263.30,13543
1788768480000000000,263.30,263.40,263.25,263.35,10928
1788768540000000000,263.25,263.40,263.20,263.30,17217
1788768600000000000,263.20,263.35,263.20,263.30,5979
1788768660000000000,263.20,263.35,263.15,263.35,8837
1788768720000000000,263.30,263.35,263.20,263.20,6054
1788768780000000000,263.20,263.30,263.15,263.15,12864
1788768840000000000,263.15,263.30,263.10,263.15,32976
1788768900000000000,263.25,263.30,263.15,263.20,10197
1788768960000000000,263.20,263.40,263.20,263.35,9364
1788769020000000000,263.35,263.40,263.20,263.20,7590
1788769080000000000,263.25,263.40,263.20,263.40,7669
1788769140000000000,263.35,263.45,263.35,263.40,9584
1788769200000000000,263.40,263.50,263.40,263.40,6878
1788769260000000000,263.40,263.55,263.35,263.50,11258
1788769320000000000,263.40,263.55,263.35,263.40,8283
1788769380000000000,263.40,263.70,263.40,263.60,15212
1788769440000000000,263.60,263.70,263.55,263.65,8000
1788769500000000000,263.55,263.70,263.50,263.55,7483
1788769560000000000,263.55,263.70,263.45,263.50,12831
1788769620000000000,263.60,263.60,263.45,263.50,6410
1788769680000000000,263.50,263.60,263.45,263.50,4346
1788769740000000000,263.55,263.60,263.45,263.50,4027
1788769800000000000,263.50,263.65,263.45,263.50,4356
1788769860000000000,263.60,263.60,263.50,263.60,8093
1788769920000000000,263.50,263.65,263.45,263.45,11171
1788769980000000000,263.50,263.65,263.45,263.50,10393
1788770040000000000,263.50,263.60,263.45,263.55,11865
1788770100000000000,263.55,263.65,263.50,263.55,4886
1788770160000000000,263.55,263.65,263.55,263.65,6248
1788770220000000000,263.65,263.65,263.50,263.50,6849
1788770280000000000,263.50,263.55,263.50,263.55,4988
1788770340000000000,263.50,263.65,263.50,263.65,9823
1788770400000000000,263.60,263.65,263.55,263.55,7218
1788770460000000000,263.55,263.70,263.55,263.65,10702
1788770520000000000,263.70,263.75,263.60,263.65,8967
1788770580000000000,263.65,263.75,263.65,263.65,7277
1788770640000000000,263.65,263.75,263.65,263.65,6302
1788770700000000000,263.65,263.75,263.55,263.55,13174
1788770760000000000,263.55,263.65,263.55,263.65,5905
1788770820000000000,263.55,263.70,263.55,263.60,8552
1788770880000000000,263.60,263.75,263.60,263.70,7746
1788770940000000000,263.70,263.75,263.65,263.65,5555
1788771000000000000,263.65,263.85,263.65,263.75,19545
1788771060000000000,263.75,263.85,263.70,263.75,15578
1788771120000000000,263.75,263.90,263.70,263.90,37421
1788771180000000000,263.80,263.95,263.75,263.90,18771
1788771240000000000,263.80,263.95,263.80,263.85,8744
1788771300000000000,263.85,263.95,263.80,263.90,11975
1788771360000000000,263.80,263.90,263.75,263.85,14369
1788771420000000000,263.75,263.90,263.75,263.80,7677
1788771480000000000,263.80,263.95,263.80,263.85,11436
1788771540000000000,263.85,263.95,263.85,263.95,14619
1788771600000000000,263.95,263.95,263.90,263.90,8834
1788771660000000000,263.95,263.95,263.85,263.95,10601
1788771720000000000,263.95,263.95,263.85,263.90,14237
1788771780000000000,263.95,263.95,263.80,263.95,20888
1788771840000000000,263.95,263.95,263.80,263.90,12248
1788771900000000000,263.90,263.95,263.80,263.90,17900
1788771960000000000,263.95,263.95,263.75,263.90,12926
1788772020000000000,263.90,263.95,263.80,263.85,9250
1788772080000000000,263.90,263.90,263.80,263.80,12092
1788772140000000000,263.85,263.90,263.80,263.85,9397
1788772200000000000,263.85,263.85,263.55,263.55,25045
1788772260000000000,263.70,263.70,263.55,263.60,14382
1788772320000000000,263.70,263.75,263.60,263.70,10042
1788772380000000000,263.60,263.75,263.60,263.60,12208
1788772440000000000,263.60,263.80,263.60,263.70,23997
1788772500000000000,263.75,263.80,263.55,263.65,29240
1788772560000000000,263.60,263.70,263.55,263.70,16008
1788772620000000000,263.65,263.75,263.60,263.70,16686
1788772680000000000,263.70,263.75,263.60,263.60,21740
1788772740000000000,263.70,263.75,263.60,263.60,24055
1788772800000000000,263.65,263.75,263.60,263.70,22632
1788772860000000000,263.75,263.80,263.65,263.75,20466
1788772920000000000,263.75,263.75,263.50,263.60,37599
1788772980000000000,263.60,263.65,263.50,263.65,31434
1788773040000000000,263.65,263.65,263.50,263.60,23322
1788773100000000000,263.60,263.70,263.55,263.60,32272
1788773160000000000,263.65,263.70,263.55,263.65,18857
1788773220000000000,263.55,263.70,263.55,263.70,19825
1788773280000000000,263.65,263.80,263.55,263.75,34430
1788773340000000000,263.70,263.80,263.60,263.75,34207
1788773400000000000,263.70,263.75,263.45,263.55,57190
1788773460000000000,263.55,263.95,263.55,263.90,60478
1788773520000000000,263.85,264.00,263.80,263.95,43239
1788773580000000000,263.95,264.10,263.85,263.90,58688
1788773640000000000,263.85,264.00,263.65,263.80,42738
1788773700000000000,263.70,263.80,263.55,263.65,29439
1788773760000000000,263.65,263.70,263.60,263.65,29605
1788773820000000000,263.65,263.65,263.50,263.60,39169
1788773880000000000,263.60,263.80,263.50,263.75,31294
1788773940000000000,263.75,263.75,263.55,263.65,33081
1788774000000000000,263.70,263.70,263.55,263.65,39257
1788774060000000000,263.65,263.65,263.50,263.55,40819
1788774120000000000,263.55,263.75,263.20,263.65,163400
1788774180000000000,263.65,263.80,263.60,263.70,32904
1788774240000000000,263.65,263.95,263.10,263.60,32399
1788774300000000000,263.60,263.60,263.60,263.60,0
1788774360000000000,263.60,263.60,263.60,263.60,0
1788774420000000000,263.60,263.60,263.60,263.60,0
1788774480000000000,263.60,263.60,263.60,263.60,0
1788774540000000000,263.60,263.60,263.60,263.60,0
1788774600000000000,263.60,263.60,263.60,263.60,0
1788774660000000000,263.60,263.60,263.60,263.60,0
1788774720000000000,263.60,263.60,263.60,263.60,0
1788774780000000000,263.60,263.60,263.60,263.60,0
1788774840000000000,263.60,263.60,263.60,263.60,0
1788774900000000000,263.60,263.60,263.60,263.60,0
1788774960000000000,263.60,263.60,263.60,263.60,0
1788775020000000000,263.60,263.60,263.60,263.60,0
1788775080000000000,263.60,263.60,263.60,263.60,0
1788775140000000000,263.50,263.50,263.50,263.50,159889
1788839100000000000,263.50,264.00,262.70,263.05,75958
1788839160000000000,263.05,263.85,262.90,263.55,62132
1788839220000000000,263.65,264.20,263.45,264.10,58860
1788839280000000000,264.10,264.15,263.85,264.00,18331
1788839340000000000,264.00,264.40,263.95,264.25,30993
1788839400000000000,264.25,264.25,263.80,263.90,24017
1788839460000000000,263.90,263.90,263.65,263.70,13336
1788839520000000000,263.65,263.90,263.45,263.85,24997
1788839580000000000,263.85,263.85,263.50,263.65,16735
1788839640000000000,263.65,263.90,263.60,263.80,16173
1788839700000000000,263.65,263.90,263.65,263.85,6757
1788839760000000000,263.80,263.95,263.50,263.55,35884
1788839820000000000,263.55,263.65,263.15,263.25,69511
1788839880000000000,263.25,263.35,263.15,263.30,10384
1788839940000000000,263.30,263.35,263.15,263.30,11314
1788840000000000000,263.25,263.35,263.15,263.25,15578
1788840060000000000,263.25,263.40,263.15,263.20,14416
1788840120000000000,263.25,263.40,263.15,263.30,8211
1788840180000000000,263.35,263.45,263.15,263.25,10972
1788840240000000000,263.20,263.30,263.15,263.25,12484
1788840300000000000,263.25,263.30,263.15,263.20,19974
1788840360000000000,263.25,263.35,263.20,263.35,10975
1788840420000000000,263.35,263.40,263.25,263.30,8568
1788840480000000000,263.35,263.50,263.25,263.30,15972
1788840540000000000,263.35,263.45,263.30,263.40,11302
1788840600000000000,263.40,263.40,263.20,263.20,13440
1788840660000000000,263.25,263.55,263.20,263.40,12605
1788840720000000000,263.35,263.50,263.20,263.45,17284
1788840780000000000,263.50,263.60,263.40,263.55,6704
1788840840000000000,263.50,263.60,263.30,263.40,10343
1788840900000000000,263.35,263.50,263.25,263.30,18715
1788840960000000000,263.35,263.50,263.30,263.40,6466
1788841020000000000,263.40,263.55,263.30,263.30,9980
1788841080000000000,263.35,263.50,263.30,263.40,3522
1788841140000000000,263.45,263.60,263.40,263.50,17575
1788841200000000000,263.50,263.60,263.40,263.40,15013
1788841260000000000,263.45,263.50,263.30,263.45,16413
1788841320000000000,263.45,263.55,263.35,263.35,7548
1788841380000000000,263.45,263.50,263.35,263.40,3465
1788841440000000000,263.45,263.50,263.30,263.40,5358
1788841500000000000,263.35,263.50,263.30,263.35,57010
1788841560000000000,263.40,263.50,263.30,263.40,11554
1788841620000000000,263.40,263.50,263.35,263.45,3435
1788841680000000000,263.35,263.45,263.35,263.45,3216
1788841740000000000,263.40,263.50,263.30,263.40,7920
1788841800000000000,263.30,263.45,263.30,263.40,6762
1788841860000000000,263.30,263.45,263.25,263.30,11684
1788841920000000000,263.35,263.50,263.25,263.30,9207
1788841980000000000,263.30,263.30,263.10,263.15,18329
1788842040000000000,263.10,263.25,263.05,263.10,6859
1788842100000000000,263.15,263.20,263.00,263.10,16143
1788842160000000000,263.00,263.20,263.00,263.20,11901
1788842220000000000,263.15,263.45,263.15,263.35,16872
1788842280000000000,263.35,263.50,263.30,263.45,4318
1788842340000000000,263.45,263.60,263.40,263.40,5802
1788842400000000000,263.45,263.65,263.40,263.60,5349
1788842460000000000,263.55,263.85,263.55,263.80,30196
1788842520000000000,263.85,263.95,263.80,263.90,9464
1788842580000000000,263.90,264.30,263.90,264.20,56308
1788842640000000000,264.20,264.30,264.15,264.30,3711
1788842700000000000,264.25,264.50,264.25,264.50,15881
1788842760000000000,264.50,264.50,264.35,264.40,7728
1788842820000000000,264.40,264.45,264.35,264.40,6817
1788842880000000000,264.40,264.45,264.20,264.30,6576
1788842940000000000,264.25,264.50,264.25,264.50,10348
1788843000000000000,264.50,264.70,264.45,264.65,36810
1788843060000000000,264.60,264.70,264.55,264.60,18862
1788843120000000000,264.60,264.75,264.55,264.70,15009
1788843180000000000,264.70,264.75,264.65,264.70,9925
1788843240000000000,264.70,264.70,264.55,264.65,13785
1788843300000000000,264.55,264.65,264.40,264.45,14697
1788843360000000000,264.45,264.65,264.45,264.55,16782
1788843420000000000,264.55,264.70,264.50,264.60,4272
1788843480000000000,264.60,264.70,264.40,264.45,14917
1788843540000000000,264.55,264.60,264.35,264.45,14784
1788843600000000000,264.50,264.55,264.40,264.50,6552
1788843660000000000,264.50,264.55,264.40,264.50,6600
1788843720000000000,264.50,264.55,264.35,264.40,7570
1788843780000000000,264.35,264.45,264.30,264.35,9764
1788843840000000000,264.35,264.45,264.30,264.35,10643
1788843900000000000,264.40,264.40,264.30,264.40,4096
1788843960000000000,264.35,264.40,264.15,264.15,17484
1788844020000000000,264.15,264.35,264.15,264.30,6722
1788844080000000000,264.30,264.35,264.20,264.30,4393
1788844140000000000,264.30,264.35,264.15,264.20,6016
1788844200000000000,264.25,264.35,264.10,264.15,9184
1788844260000000000,264.15,264.30,264.10,264.30,4064
1788844320000000000,264.30,264.35,264.10,264.10,7988
1788844380000000000,264.15,264.25,263.85,263.95,44207
1788844440000000000,263.95,264.10,263.90,264.00,8314
1788844500000000000,264.05,264.15,264.00,264.05,7488
1788844560000000000,264.00,264.30,264.00,264.25,13591
1788844620000000000,264.30,264.30,264.10,264.20,8397
1788844680000000000,264.25,264.25,264.10,264.15,5110
1788844740000000000,264.20,264.75,264.15,264.70,111445
1788844800000000000,264.70,265.55,264.70,265.55,227608
1788844860000000000,265.55,265.60,265.35,265.50,155049
1788844920000000000,265.55,265.65,265.50,265.50,24057
1788844980000000000,265.55,265.55,265.05,265.10,48378
1788845040000000000,265.15,265.35,265.10,265.20,22844
1788845100000000000,265.20,265.25,265.00,265.10,21945
1788845160000000000,265.15,265.35,265.00,265.10,48894
1788845220000000000,265.15,265.20,264.85,265.05,11020
1788845280000000000,265.10,265.15,264.90,264.95,9479
1788845340000000000,265.00,265.00,264.90,264.95,5276
1788845400000000000,264.95,264.95,264.90,264.95,8773
1788845460000000000,264.95,264.95,264.75,264.85,10907
1788845520000000000,264.90,264.95,264.80,264.95,15334
1788845580000000000,264.95,265.00,264.85,264.90,16869
1788845640000000000,264.95,265.00,264.90,264.90,6043
1788845700000000000,264.95,264.95,264.90,264.95,8917
1788845760000000000,264.90,265.00,264.90,264.95,19812
1788845820000000000,265.00,265.20,264.90,265.10,18035
1788845880000000000,265.15,265.20,265.05,265.15,14619
1788845940000000000,265.20,265.20,265.05,265.15,9594
1788846000000000000,265.10,265.20,265.05,265.10,9277
1788846060000000000,265.10,265.20,265.05,265.10,4403
1788846120000000000,265.10,265.20,264.95,265.05,11972
1788846180000000000,265.10,265.10,264.95,265.00,9259
1788846240000000000,265.00,265.10,264.95,265.10,6590
1788846300000000000,265.10,265.10,265.00,265.00,5905
1788846360000000000,265.05,265.10,265.00,265.00,6612
1788846420000000000,265.10,265.15,264.95,265.05,12066
1788846480000000000,265.10,265.10,265.00,265.00,8125
1788846540000000000,265.10,265.20,265.00,265.20,11205
1788846600000000000,265.15,265.20,265.05,265.10,13621
1788846660000000000,265.15,265.20,265.05,265.10,5677
1788846720000000000,265.10,265.20,265.05,265.15,9982
1788846780000000000,265.10,265.15,265.00,265.05,12828
1788846840000000000,265.10,265.15,265.05,265.10,1378
1788846900000000000,265.15,265.20,265.10,265.20,7814
1788846960000000000,265.20,265.20,265.10,265.10,6575
1788847020000000000,265.10,265.20,265.05,265.20,6839
1788847080000000000,265.20,265.20,265.05,265.10,4376
1788847140000000000,265.15,265.20,265.10,265.20,4479
1788847200000000000,265.15,265.30,265.10,265.15,19497
1788847260000000000,265.15,265.25,265.10,265.20,10079
1788847320000000000,265.20,265.25,265.10,265.20,7460
1788847380000000000,265.20,265.25,265.10,265.20,10761
1788847440000000000,265.25,265.30,265.10,265.20,10667
1788847500000000000,265.30,265.40,265.20,265.20,12512
1788847560000000000,265.20,265.30,265.10,265.15,19113
1788847620000000000,265.20,265.25,265.10,265.25,12366
1788847680000000000,265.25,265.35,265.20,265.25,7663
1788847740000000000,265.25,265.30,265.20,265.25,3126
1788847800000000000,265.30,265.30,265.20,265.25,7108
1788847860000000000,265.25,265.30,265.15,265.15,4545
1788847920000000000,265.20,265.30,265.10,265.15,14489
1788847980000000000,265.15,265.20,265.15,265.20,2707
1788848040000000000,265.15,265.30,265.15,265.20,14991
1788848100000000000,265.25,265.25,265.10,265.20,9813
1788848160000000000,265.20,265.30,265.10,265.20,18432
1788848220000000000,265.25,265.60,265.15,265.55,39857
1788848280000000000,265.45,265.55,265.40,265.50,9024
1788848340000000000,265.45,265.45,265.25,265.35,21174
1788848400000000000,265.40,265.45,265.25,265.40,12847
1788848460000000000,265.40,265.45,265.30,265.30,15356
1788848520000000000,265.35,265.45,265.25,265.35,4751
1788848580000000000,265.40,265.40,265.25,265.25,14900
1788848640000000000,265.30,265.40,265.15,265.30,11749
1788848700000000000,265.30,265.40,265.15,265.30,13940
1788848760000000000,265.30,265.40,265.15,265.25,9014
1788848820000000000,265.25,265.35,265.15,265.25,6122
1788848880000000000,265.20,265.35,265.10,265.25,13826
1788848940000000000,265.20,265.35,265.15,265.25,13937
1788849000000000000,265.25,265.35,265.15,265.20,3481
1788849060000000000,265.20,265.30,265.20,265.25,7343
1788849120000000000,265.20,265.40,265.20,265.20,12530
1788849180000000000,265.20,265.30,265.05,265.15,21840
1788849240000000000,265.15,265.20,265.00,265.10,5809
1788849300000000000,265.15,265.35,264.90,265.35,68043
1788849360000000000,265.35,265.35,265.15,265.20,4383
1788849420000000000,265.15,265.25,265.10,265.20,9378
1788849480000000000,265.25,265.25,265.10,265.10,5401
1788849540000000000,265.15,265.15,265.00,265.10,19372
1788849600000000000,265.05,265.20,265.00,265.05,15090
1788849660000000000,265.10,265.25,265.05,265.20,17577
1788849720000000000,265.20,265.20,265.10,265.15,6009
1788849780000000000,265.20,265.25,265.15,265.25,10470
1788849840000000000,265.25,265.30,265.20,265.20,2444
1788849900000000000,265.25,265.30,265.20,265.25,5459
1788849960000000000,265.25,265.30,265.20,265.25,14832
1788850020000000000,265.25,265.30,265.20,265.20,2166
1788850080000000000,265.20,265.50,265.05,265.40,73489
1788850140000000000,265.45,265.45,265.20,265.35,26721
1788850200000000000,265.40,265.50,265.35,265.45,9173
1788850260000000000,265.50,265.50,265.35,265.45,19151
1788850320000000000,265.45,265.50,265.40,265.45,3059
1788850380000000000,265.50,265.90,265.45,265.85,49577
1788850440000000000,265.85,265.90,265.65,265.70,19701
1788850500000000000,265.70,265.75,265.50,265.55,9111
1788850560000000000,265.60,265.70,265.55,265.60,10983
1788850620000000000,265.65,265.70,265.50,265.50,9509
1788850680000000000,265.50,265.60,265.45,265.50,4643
1788850740000000000,265.50,265.70,265.45,265.70,9506
1788850800000000000,265.70,265.70,265.60,265.70,5025
1788850860000000000,265.70,265.75,265.55,265.65,8900
1788850920000000000,265.60,265.75,265.55,265.55,16549
1788850980000000000,265.55,265.65,265.50,265.60,7168
1788851040000000000,265.55,265.65,265.50,265.60,3269
1788851100000000000,265.60,265.75,265.50,265.65,12131
1788851160000000000,265.65,265.80,265.60,265.70,19103
1788851220000000000,265.60,265.75,265.60,265.70,4879
1788851280000000000,265.70,265.80,265.65,265.75,7231
1788851340000000000,265.75,265.80,265.60,265.60,11245
1788851400000000000,265.60,265.70,265.55,265.65,5963
1788851460000000000,265.65,265.65,265.45,265.55,12831
1788851520000000000,265.60,265.60,265.30,265.40,41772
1788851580000000000,265.40,265.45,265.30,265.35,5883
1788851640000000000,265.30,265.45,265.30,265.35,12031
1788851700000000000,265.35,265.45,265.25,265.45,6373
1788851760000000000,265.45,265.45,265.30,265.40,4668
1788851820000000000,265.40,265.50,265.35,265.40,2970
1788851880000000000,265.45,265.45,265.30,265.35,6436
1788851940000000000,265.40,265.40,265.30,265.35,11642
1788852000000000000,265.40,265.40,265.30,265.30,11037
1788852060000000000,265.30,265.40,265.30,265.40,9271
1788852120000000000,265.40,265.45,265.25,265.30,7158
1788852180000000000,265.30,265.40,265.30,265.30,11847
1788852240000000000,265.35,265.40,265.30,265.40,9176
1788852300000000000,265.35,265.50,265.35,265.50,10966
1788852360000000000,265.50,265.55,265.45,265.45,3922
1788852420000000000,265.50,265.60,265.45,265.50,4795
1788852480000000000,265.50,265.60,265.40,265.45,14965
1788852540000000000,265.45,265.55,265.35,265.40,7205
1788852600000000000,265.45,265.55,265.40,265.45,3029
1788852660000000000,265.50,265.50,265.30,265.40,15529
1788852720000000000,265.40,265.45,265.35,265.35,7459
1788852780000000000,265.35,265.45,265.35,265.40,1429
1788852840000000000,265.40,265.45,265.35,265.40,4571
1788852900000000000,265.40,265.40,265.35,265.35,5998
1788852960000000000,265.40,265.40,265.30,265.40,5672
1788853020000000000,265.40,265.50,265.30,265.40,20346
1788853080000000000,265.45,265.60,265.40,265.45,14315
1788853140000000000,265.45,265.50,265.35,265.40,22116
1788853200000000000,265.45,265.50,265.30,265.35,30620
1788853260000000000,265.35,265.45,265.30,265.35,3609
1788853320000000000,265.35,265.40,265.30,265.40,5802
1788853380000000000,265.40,265.45,265.35,265.35,3070
1788853440000000000,265.40,265.45,265.30,265.45,6247
1788853500000000000,265.40,265.45,265.30,265.30,6645
1788853560000000000,265.35,265.40,265.25,265.30,8923
1788853620000000000,265.35,265.40,265.30,265.35,3314
1788853680000000000,265.40,265.40,265.35,265.40,3673
1788853740000000000,265.40,265.45,265.30,265.45,9765
1788853800000000000,265.40,265.50,265.40,265.45,2975
1788853860000000000,265.45,265.50,265.40,265.40,2873
1788853920000000000,265.45,265.50,265.40,265.45,3758
1788853980000000000,265.40,265.60,265.35,265.60,16509
1788854040000000000,265.60,265.65,265.50,265.60,6749
1788854100000000000,265.55,265.65,265.55,265.55,4463
1788854160000000000,265.60,265.65,265.55,265.60,4220
1788854220000000000,265.60,265.65,265.55,265.55,4369
1788854280000000000,265.65,265.65,265.35,265.50,16552
1788854340000000000,265.50,265.50,265.40,265.50,2726
1788854400000000000,265.40,265.50,265.30,265.45,6016
1788854460000000000,265.45,265.50,265.30,265.40,5095
1788854520000000000,265.40,265.45,265.30,265.30,4317
1788854580000000000,265.30,265.45,265.05,265.10,18605
1788854640000000000,265.05,265.25,265.05,265.10,13220
1788854700000000000,265.10,265.15,265.05,265.10,7245
1788854760000000000,265.10,265.20,265.05,265.10,7282
1788854820000000000,265.10,265.25,265.05,265.05,12894
1788854880000000000,265.15,265.15,264.70,264.80,55007
1788854940000000000,264.80,264.95,264.70,264.95,10435
1788855000000000000,264.95,265.00,264.80,265.00,20822
1788855060000000000,264.95,265.00,264.70,264.70,24095
1788855120000000000,264.80,264.90,264.70,264.90,9640
1788855180000000000,264.85,264.95,264.75,264.95,5255
1788855240000000000,264.90,265.00,264.85,264.90,5727
1788855300000000000,264.90,265.00,264.85,264.85,7944
1788855360000000000,264.85,264.95,264.80,264.90,3954
1788855420000000000,264.85,264.90,264.80,264.90,2972
1788855480000000000,264.85,265.00,264.85,264.90,3236
1788855540000000000,264.90,265.00,264.85,264.95,10149
1788855600000000000,264.95,265.10,264.90,265.05,33932
1788855660000000000,265.05,265.10,264.80,264.80,6959
1788855720000000000,264.85,264.95,264.80,264.90,17847
1788855780000000000,264.90,265.00,264.85,264.90,3780
1788855840000000000,265.00,265.00,264.85,264.90,7893
1788855900000000000,264.95,265.00,264.90,265.00,5574
1788855960000000000,264.95,265.00,264.90,265.00,11600
1788856020000000000,265.00,265.05,264.90,265.00,6648
1788856080000000000,265.00,265.05,264.90,264.95,3803
1788856140000000000,265.00,265.05,264.95,264.95,5640
1788856200000000000,265.00,265.05,264.95,264.95,18026
1788856260000000000,264.95,265.00,264.85,264.90,9898
1788856320000000000,264.85,264.95,264.80,264.90,4328
1788856380000000000,264.90,264.95,264.85,264.85,5625
1788856440000000000,264.90,265.00,264.85,264.90,4026
1788856500000000000,264.85,265.05,264.80,265.00,65358
1788856560000000000,265.05,265.10,264.95,264.95,9428
1788856620000000000,265.00,265.05,264.95,265.00,6382
1788856680000000000,264.95,265.10,264.95,265.05,12311
1788856740000000000,264.95,265.15,264.95,265.15,6803
1788856800000000000,265.15,265.15,265.00,265.10,8701
1788856860000000000,265.05,265.20,265.00,265.10,9851
1788856920000000000,265.10,265.20,265.05,265.10,9632
1788856980000000000,265.10,265.20,265.05,265.15,11901
1788857040000000000,265.15,265.20,265.10,265.15,6507
1788857100000000000,265.15,265.25,265.05,265.15,11110
1788857160000000000,265.15,265.25,265.10,265.15,6383
1788857220000000000,265.10,265.25,265.10,265.20,6089
1788857280000000000,265.15,265.25,265.00,265.05,11184
1788857340000000000,265.10,265.20,265.00,265.00,6186
1788857400000000000,265.05,265.20,265.00,265.10,12977
1788857460000000000,265.15,265.25,265.05,265.15,13232
1788857520000000000,265.20,265.30,265.15,265.25,18215
1788857580000000000,265.25,265.30,265.20,265.20,16559
1788857640000000000,265.30,265.30,264.80,264.80,50719
1788857700000000000,264.95,264.95,264.70,264.75,25986
1788857760000000000,264.75,264.80,264.35,264.55,95783
1788857820000000000,264.55,264.75,264.55,264.70,21373
1788857880000000000,264.60,264.75,264.50,264.50,21821
1788857940000000000,264.50,264.65,264.15,264.50,95714
1788858000000000000,264.40,264.65,264.05,264.40,144646
1788858060000000000,264.50,264.55,264.05,264.40,137650
1788858120000000000,264.30,264.45,264.25,264.40,13920
1788858180000000000,264.45,264.50,264.40,264.50,6801
1788858240000000000,264.50,264.65,264.45,264.65,6363
1788858300000000000,264.55,264.65,263.95,264.25,154979
1788858360000000000,264.25,264.25,264.15,264.25,27048
1788858420000000000,264.25,264.30,264.20,264.25,12440
1788858480000000000,264.25,264.25,264.05,264.20,43848
1788858540000000000,264.20,264.20,264.10,264.20,9095
1788858600000000000,264.15,264.25,264.05,264.10,47245
1788858660000000000,264.20,264.30,264.05,264.15,58218
1788858720000000000,264.15,264.25,264.05,264.25,12459
1788858780000000000,264.25,264.30,264.15,264.30,6250
1788858840000000000,264.30,264.35,264.05,264.15,20546
1788858900000000000,264.05,264.15,264.00,264.05,8704
1788858960000000000,264.15,264.15,264.05,264.05,14802
1788859020000000000,264.10,264.15,264.05,264.10,10650
1788859080000000000,264.15,264.25,264.05,264.10,24989
1788859140000000000,264.20,264.30,264.10,264.20,14353
1788859200000000000,264.20,264.35,264.20,264.30,9540
1788859260000000000,264.35,264.45,264.20,264.20,104117
1788859320000000000,264.30,264.30,264.00,264.10,37009
1788859380000000000,264.20,264.25,264.10,264.20,18173
1788859440000000000,264.20,264.25,264.00,264.25,48243
1788859500000000000,264.25,264.30,264.05,264.15,41666
1788859560000000000,264.10,264.20,263.95,264.00,32819
1788859620000000000,264.00,264.00,263.95,264.00,37301
1788859680000000000,263.95,264.00,263.95,263.95,26926
1788859740000000000,264.00,264.00,263.95,264.00,22050
1788859800000000000,264.00,264.00,263.90,264.00,41298
1788859860000000000,264.00,264.00,263.75,263.85,41604
1788859920000000000,263.80,263.90,263.60,263.70,36881
1788859980000000000,263.60,263.75,263.60,263.70,23849
1788860040000000000,263.65,263.70,263.60,263.65,35503
1788860100000000000,263.65,263.75,263.55,263.65,43663
1788860160000000000,263.65,263.70,263.50,263.65,79919
1788860220000000000,263.70,263.85,263.50,263.75,55982
1788860280000000000,263.75,263.85,263.60,263.85,47459
1788860340000000000,263.85,264.15,263.75,264.10,62860
1788860400000000000,264.00,264.30,263.95,264.20,95020
1788860460000000000,264.15,264.20,264.00,264.05,52368
1788860520000000000,264.05,264.05,263.55,263.90,133811
1788860580000000000,263.80,263.90,263.60,263.85,37909
1788860640000000000,263.80,264.00,263.50,263.95,45616
1788860700000000000,263.95,263.95,263.95,263.95,0
1788860760000000000,263.95,263.95,263.95,263.95,0
1788860820000000000,263.95,263.95,263.95,263.95,0
1788860880000000000,263.95,263.95,263.95,263.95,0
1788860940000000000,263.95,263.95,263.95,263.95,0
1788861000000000000,263.95,263.95,263.95,263.95,0
1788861060000000000,263.95,263.95,263.95,263.95,0
1788861120000000000,263.95,263.95,263.95,263.95,0
1788861180000000000,263.95,263.95,263.95,263.95,0
1788861240000000000,263.95,263.95,263.95,263.95,0
1788861300000000000,263.95,263.95,263.95,263.95,0
1788861360000000000,263.95,263.95,263.95,263.95,0
1788861420000000000,263.95,263.95,263.95,263.95,0
1788861480000000000,263.95,263.95,263.95,263.95,0
1788861540000000000,263.50,263.50,263.50,263.50,652376
1788925500000000000,263.65,264.50,263.30,263.40,124314
1788925560000000000,263.40,263.45,262.85,263.05,41493
1788925620000000000,263.05,263.05,262.60,262.80,24642
1788925680000000000,262.80,262.95,262.65,262.65,35696
1788925740000000000,262.75,262.90,262.60,262.65,44655
1788925800000000000,262.65,262.80,262.55,262.55,21388
1788925860000000000,262.70,262.85,262.40,262.50,58888
1788925920000000000,262.50,262.65,262.35,262.45,24152
1788925980000000000,262.45,262.55,262.35,262.50,21513
1788926040000000000,262.50,262.50,262.15,262.35,35574
1788926100000000000,262.35,262.50,262.30,262.50,11068
1788926160000000000,262.50,262.55,262.40,262.45,8009
1788926220000000000,262.50,262.50,262.45,262.50,7427
1788926280000000000,262.50,262.55,262.30,262.40,24525
1788926340000000000,262.50,262.50,262.35,262.45,17885
1788926400000000000,262.45,262.80,262.35,262.60,61456
1788926460000000000,262.60,262.65,262.45,262.50,21189
1788926520000000000,262.60,262.80,262.50,262.75,21941
1788926580000000000,262.80,262.95,262.70,262.75,18425
1788926640000000000,262.75,262.85,262.70,262.75,10924
1788926700000000000,262.80,262.80,262.50,262.65,15035
1788926760000000000,262.55,262.80,262.55,262.80,17811
1788926820000000000,262.75,262.75,262.65,262.75,6635
1788926880000000000,262.75,263.00,262.65,262.85,34956
1788926940000000000,262.85,263.00,262.75,262.80,9575
1788927000000000000,262.90,262.90,262.80,262.90,5570
1788927060000000000,262.90,263.00,262.70,262.80,13506
1788927120000000000,262.85,262.85,262.65,262.70,7107
1788927180000000000,262.70,262.75,262.60,262.70,12803
1788927240000000000,262.70,262.75,262.35,262.40,25941
1788927300000000000,262.50,262.55,262.40,262.50,6298
1788927360000000000,262.50,262.60,262.40,262.50,13002
1788927420000000000,262.60,262.85,262.50,262.65,36454
1788927480000000000,262.65,262.75,262.50,262.70,29963
1788927540000000000,262.70,262.70,262.40,262.40,12621
1788927600000000000,262.50,262.65,262.30,262.40,41574
1788927660000000000,262.30,262.40,262.20,262.20,14236
1788927720000000000,262.25,262.40,262.15,262.20,23232
1788927780000000000,262.20,262.40,262.15,262.25,10722
1788927840000000000,262.30,262.50,262.15,262.50,22206
1788927900000000000,262.50,262.50,262.30,262.40,11166
1788927960000000000,262.40,262.50,262.30,262.40,5414
1788928020000000000,262.50,262.50,262.30,262.40,6338
1788928080000000000,262.40,262.45,262.25,262.40,13256
1788928140000000000,262.40,262.40,262.10,262.15,18324
1788928200000000000,262.25,262.25,261.80,261.85,108326
1788928260000000000,261.90,262.00,261.85,261.90,15085
1788928320000000000,261.95,262.05,261.85,261.90,39795
1788928380000000000,261.90,261.90,261.75,261.80,22225
1788928440000000000,261.90,261.90,261.75,261.90,10815
1788928500000000000,261.90,261.90,261.70,261.85,11195
1788928560000000000,261.85,261.85,261.70,261.75,7741
1788928620000000000,261.75,261.85,261.70,261.85,7581
1788928680000000000,261.85,261.90,261.75,261.75,4742
1788928740000000000,261.80,261.80,261.65,261.75,17241
1788928800000000000,261.75,261.80,261.60,261.80,14426
1788928860000000000,261.80,261.80,261.65,261.70,8073
1788928920000000000,261.70,261.80,261.65,261.75,7890
1788928980000000000,261.75,261.90,261.65,261.85,7981
1788929040000000000,261.85,261.90,261.80,261.90,6735
1788929100000000000,261.90,261.90,261.75,261.85,13855
1788929160000000000,261.85,262.25,261.75,262.20,69902
1788929220000000000,262.20,262.40,262.05,262.30,32772
1788929280000000000,262.30,262.30,262.10,262.15,10610
1788929340000000000,262.20,262.35,262.15,262.35,9035
1788929400000000000,262.35,262.45,262.30,262.30,7864
1788929460000000000,262.35,262.40,262.30,262.40,5121
1788929520000000000,262.40,262.60,262.30,262.40,12489
1788929580000000000,262.55,262.60,262.40,262.50,8821
1788929640000000000,262.50,262.60,262.40,262.45,11566
1788929700000000000,262.55,262.60,262.45,262.60,10798
1788929760000000000,262.60,262.65,262.50,262.60,10051
1788929820000000000,262.60,262.60,262.40,262.50,11008
1788929880000000000,262.50,262.60,262.40,262.40,13162
1788929940000000000,262.50,262.65,262.40,262.45,11802
1788930000000000000,262.60,262.60,262.45,262.60,4475
1788930060000000000,262.50,262.60,262.40,262.40,10832
1788930120000000000,262.50,262.50,262.30,262.30,8013
1788930180000000000,262.40,262.45,262.30,262.40,13814
1788930240000000000,262.40,262.40,262.30,262.35,4432
1788930300000000000,262.35,262.35,262.15,262.30,17306
1788930360000000000,262.30,262.30,262.10,262.20,4214
1788930420000000000,262.20,262.20,261.95,261.95,33572
1788930480000000000,262.00,262.10,261.90,261.95,4966
1788930540000000000,262.00,262.00,261.95,261.95,5862
1788930600000000000,262.00,262.10,261.90,261.95,10625
1788930660000000000,262.00,262.00,261.90,262.00,4315
1788930720000000000,261.90,262.00,261.85,261.95,4350
1788930780000000000,261.95,261.95,261.75,261.85,8569
1788930840000000000,261.85,262.00,261.70,261.95,19559
1788930900000000000,261.95,261.95,261.75,261.85,20183
1788930960000000000,261.85,262.00,261.80,262.00,7096
1788931020000000000,261.85,262.20,261.85,262.00,25909
1788931080000000000,262.00,262.15,261.85,262.10,23761
1788931140000000000,262.15,262.15,262.00,262.15,6113
1788931200000000000,262.15,262.25,262.05,262.20,9640
1788931260000000000,262.20,262.20,261.90,261.95,6822
1788931320000000000,261.95,262.00,261.85,262.00,5568
1788931380000000000,262.00,262.10,261.95,262.00,5111
1788931440000000000,262.00,262.00,261.95,261.95,7236
1788931500000000000,262.00,262.00,261.65,261.75,54422
1788931560000000000,261.75,261.75,261.65,261.75,10573
1788931620000000000,261.75,261.75,261.65,261.70,13732
1788931680000000000,261.70,261.70,261.45,261.50,78431
1788931740000000000,261.50,262.15,261.45,261.80,153806
1788931800000000000,261.80,261.80,261.50,261.70,63773
1788931860000000000,261.70,261.70,261.60,261.60,15904
1788931920000000000,261.65,261.80,261.60,261.70,13940
1788931980000000000,261.70,261.80,261.60,261.70,21679
1788932040000000000,261.75,261.80,261.70,261.80,7559
1788932100000000000,261.80,261.85,261.30,261.45,70629
1788932160000000000,261.45,261.45,260.95,261.35,320720
1788932220000000000,261.40,261.45,261.30,261.40,8155
1788932280000000000,261.45,261.50,261.35,261.50,10202
1788932340000000000,261.50,261.55,261.35,261.45,7022
1788932400000000000,261.45,261.50,261.35,261.45,8905
1788932460000000000,261.45,261.50,261.35,261.45,8037
1788932520000000000,261.45,261.45,260.85,261.00,148221
1788932580000000000,261.00,261.25,260.90,261.05,242578
1788932640000000000,261.05,261.20,261.00,261.05,22285
1788932700000000000,261.05,261.05,260.65,260.75,109814
1788932760000000000,260.75,260.75,260.70,260.70,67625
1788932820000000000,260.75,260.75,260.70,260.75,29957
1788932880000000000,260.75,260.75,260.70,260.75,88308
1788932940000000000,260.75,260.75,260.70,260.75,13203
1788933000000000000,260.75,260.75,260.70,260.70,13948
1788933060000000000,260.75,260.75,260.70,260.75,12894
1788933120000000000,260.75,260.75,260.70,260.75,16642
1788933180000000000,260.75,260.75,260.70,260.70,15277
1788933240000000000,260.75,260.75,260.70,260.70,11949
1788933300000000000,260.75,260.95,260.70,260.85,56402
1788933360000000000,260.90,260.90,260.85,260.90,6464
1788933420000000000,260.90,261.00,260.85,261.00,15730
1788933480000000000,261.00,261.00,260.90,260.95,9472
1788933540000000000,260.95,261.10,260.90,260.95,19735
1788933600000000000,261.05,261.10,260.95,261.00,8723
1788933660000000000,261.10,261.10,261.00,261.00,4823
1788933720000000000,261.10,261.10,261.00,261.05,9394
1788933780000000000,261.05,261.10,261.00,261.05,10410
1788933840000000000,261.10,261.20,261.05,261.05,25268
1788933900000000000,261.05,261.20,261.05,261.15,5987
1788933960000000000,261.15,261.25,261.05,261.20,18067
1788934020000000000,261.20,261.25,261.10,261.25,4410
1788934080000000000,261.25,261.25,261.15,261.25,11300
1788934140000000000,261.25,261.45,261.15,261.40,25166
1788934200000000000,261.40,261.70,261.30,261.70,29577
1788934260000000000,261.70,261.70,261.45,261.55,38298
1788934320000000000,261.55,261.65,261.50,261.55,10131
1788934380000000000,261.60,261.65,261.55,261.65,9785
1788934440000000000,261.65,261.75,261.60,261.70,12017
1788934500000000000,261.75,261.75,261.40,261.50,33109
1788934560000000000,261.50,261.50,261.45,261.45,6188
1788934620000000000,261.50,261.65,261.45,261.55,18539
1788934680000000000,261.60,261.75,261.55,261.75,8420
1788934740000000000,261.75,261.80,261.60,261.65,8490
1788934800000000000,261.70,261.70,261.50,261.60,15656
1788934860000000000,261.60,261.60,261.50,261.60,5901
1788934920000000000,261.60,261.60,261.50,261.50,23851
1788934980000000000,261.60,261.70,261.55,261.60,11205
1788935040000000000,261.60,261.65,261.55,261.60,10537
1788935100000000000,261.65,261.65,261.45,261.50,15511
1788935160000000000,261.50,261.50,261.40,261.45,13542
1788935220000000000,261.50,261.55,261.30,261.45,20911
1788935280000000000,261.45,261.50,261.30,261.45,12785
1788935340000000000,261.45,261.45,261.15,261.25,11093
1788935400000000000,261.25,261.25,261.05,261.05,12317
1788935460000000000,261.10,261.10,260.85,260.85,56130
1788935520000000000,260.90,260.90,260.80,260.85,18882
1788935580000000000,260.85,260.85,260.20,260.80,243757
1788935640000000000,260.80,260.90,260.70,260.85,22245
1788935700000000000,260.85,261.00,260.80,260.90,19704
1788935760000000000,260.95,260.95,260.85,260.85,12790
1788935820000000000,260.90,260.90,260.75,260.80,16448
1788935880000000000,260.80,260.95,260.75,260.85,19617
1788935940000000000,260.90,261.00,260.85,261.00,9872
1788936000000000000,261.00,261.05,260.90,261.00,9816
1788936060000000000,261.00,261.00,260.85,260.85,11220
1788936120000000000,260.90,260.90,260.75,260.75,58319
1788936180000000000,260.80,261.10,260.75,261.10,86828
1788936240000000000,261.10,261.15,261.05,261.05,10412
1788936300000000000,261.10,261.20,261.05,261.05,15702
1788936360000000000,261.10,261.10,260.95,261.05,13745
1788936420000000000,261.05,261.10,261.00,261.10,6400
1788936480000000000,261.10,261.10,261.05,261.05,8203
1788936540000000000,261.10,261.10,261.05,261.10,7608
1788936600000000000,261.10,261.15,261.05,261.10,12672
1788936660000000000,261.15,261.20,261.10,261.15,8858
1788936720000000000,261.15,261.15,261.05,261.15,21987
1788936780000000000,261.10,261.15,261.00,261.15,21503
1788936840000000000,261.10,261.55,261.10,261.55,30820
1788936900000000000,261.55,261.70,261.45,261.70,13181
1788936960000000000,261.70,261.75,261.55,261.70,40805
1788937020000000000,261.75,261.75,261.65,261.65,14424
1788937080000000000,261.70,261.75,261.65,261.75,22811
1788937140000000000,261.75,261.75,261.65,261.75,11983
1788937200000000000,261.75,261.75,261.70,261.75,27985
1788937260000000000,261.75,261.90,261.70,261.85,19019
1788937320000000000,261.85,261.85,261.75,261.80,13523
1788937380000000000,261.85,262.25,261.80,262.10,86948
1788937440000000000,262.05,262.10,261.90,261.90,19513
1788937500000000000,261.95,262.05,261.85,262.05,18910
1788937560000000000,262.05,262.20,261.95,262.00,48085
1788937620000000000,262.05,262.15,261.95,262.15,31047
1788937680000000000,262.15,262.20,262.10,262.20,10166
1788937740000000000,262.15,262.25,262.15,262.20,15274
1788937800000000000,262.25,262.30,262.20,262.25,12837
1788937860000000000,262.30,262.45,262.20,262.35,28567
1788937920000000000,262.35,262.45,262.25,262.45,10278
1788937980000000000,262.45,262.50,262.20,262.30,20447
1788938040000000000,262.35,262.40,262.30,262.40,11933
1788938100000000000,262.40,262.40,262.20,262.20,21052
1788938160000000000,262.25,262.50,262.20,262.40,33962
1788938220000000000,262.45,262.50,262.25,262.50,27407
1788938280000000000,262.50,262.50,262.40,262.45,17402
1788938340000000000,262.50,262.50,262.40,262.50,30946
1788938400000000000,262.50,262.65,262.35,262.50,52321
1788938460000000000,262.55,262.70,262.50,262.65,38226
1788938520000000000,262.65,262.70,262.55,262.60,16592
1788938580000000000,262.65,262.65,262.30,262.45,36581
1788938640000000000,262.40,262.50,262.35,262.45,24197
1788938700000000000,262.45,262.50,262.20,262.50,53616
1788938760000000000,262.50,262.60,262.35,262.55,25820
1788938820000000000,262.60,262.65,262.50,262.65,14814
1788938880000000000,262.65,262.65,262.55,262.65,13162
1788938940000000000,262.65,262.70,262.60,262.70,25780
1788939000000000000,262.70,262.75,262.60,262.70,25896
1788939060000000000,262.75,262.75,262.50,262.55,30438
1788939120000000000,262.65,262.65,262.40,262.45,18923
1788939180000000000,262.45,262.45,262.40,262.45,12536
1788939240000000000,262.45,262.60,262.40,262.55,16869
1788939300000000000,262.60,262.60,262.40,262.55,13847
1788939360000000000,262.60,262.65,262.40,262.55,19819
1788939420000000000,262.60,262.60,262.10,262.25,70199
1788939480000000000,262.25,262.25,262.10,262.15,9369
1788939540000000000,262.15,262.25,262.10,262.20,16133
1788939600000000000,262.25,262.30,262.20,262.20,12784
1788939660000000000,262.25,262.30,262.15,262.15,11748
1788939720000000000,262.20,262.30,261.95,262.00,27658
1788939780000000000,262.05,262.10,261.95,262.00,11180
1788939840000000000,262.05,262.05,261.95,262.00,10495
1788939900000000000,262.00,262.05,261.95,262.05,10814
1788939960000000000,262.00,262.15,262.00,262.15,11175
1788940020000000000,262.15,262.20,262.05,262.10,27028
1788940080000000000,262.10,262.10,262.05,262.10,8689
1788940140000000000,262.10,262.10,262.05,262.05,11067
1788940200000000000,262.10,262.10,262.05,262.10,12500
1788940260000000000,262.10,262.20,262.05,262.15,15751
1788940320000000000,262.15,262.15,261.95,262.00,14124
1788940380000000000,262.00,262.10,261.95,262.00,8483
1788940440000000000,262.05,262.05,261.95,261.95,11555
1788940500000000000,262.00,262.00,261.95,262.00,14285
1788940560000000000,262.00,262.20,261.95,262.10,34613
1788940620000000000,262.10,262.10,262.00,262.05,12531
1788940680000000000,262.05,262.05,262.00,262.05,11212
1788940740000000000,262.05,262.20,262.00,262.20,11843
1788940800000000000,262.15,262.20,262.00,262.05,8870
1788940860000000000,262.10,262.25,262.05,262.25,33408
1788940920000000000,262.20,262.35,262.15,262.35,59797
1788940980000000000,262.35,262.35,262.00,262.10,130237
1788941040000000000,262.10,262.20,262.05,262.20,17926
1788941100000000000,262.20,262.20,262.05,262.15,8857
1788941160000000000,262.15,262.15,262.10,262.15,9436
1788941220000000000,262.15,262.30,262.10,262.30,12096
1788941280000000000,262.30,262.30,262.10,262.15,12161
1788941340000000000,262.20,262.25,262.15,262.25,9341
1788941400000000000,262.25,262.25,262.10,262.25,9930
1788941460000000000,262.25,262.30,262.10,262.25,11726
1788941520000000000,262.25,262.30,262.00,262.20,21200
1788941580000000000,262.20,262.20,262.10,262.20,14587
1788941640000000000,262.20,262.20,262.10,262.20,11693
1788941700000000000,262.20,262.35,262.10,262.20,17346
1788941760000000000,262.20,262.25,262.15,262.20,11305
1788941820000000000,262.20,262.20,262.10,262.15,9215
1788941880000000000,262.15,262.25,262.05,262.25,16532
1788941940000000000,262.25,262.25,262.15,262.25,11305
1788942000000000000,262.25,262.25,262.10,262.20,19109
1788942060000000000,262.20,262.25,262.15,262.20,11702
1788942120000000000,262.20,262.35,262.20,262.30,18224
1788942180000000000,262.30,262.30,262.15,262.20,16906
1788942240000000000,262.20,262.20,262.00,262.10,32407
1788942300000000000,262.10,262.10,261.95,262.10,9736
1788942360000000000,262.10,262.20,262.00,262.15,15073
1788942420000000000,262.20,262.20,262.00,262.15,60991
1788942480000000000,262.15,262.15,261.90,262.05,35591
1788942540000000000,262.05,262.30,262.00,262.30,26476
1788942600000000000,262.30,262.35,262.20,262.20,29009
1788942660000000000,262.20,262.40,262.20,262.40,10364
1788942720000000000,262.40,262.45,262.30,262.40,15680
1788942780000000000,262.45,262.45,262.30,262.45,9745
1788942840000000000,262.45,262.45,262.35,262.40,21484
1788942900000000000,262.40,262.55,262.30,262.50,38046
1788942960000000000,262.55,262.60,262.40,262.60,22649
1788943020000000000,262.55,262.60,262.30,262.35,18241
1788943080000000000,262.35,262.40,262.30,262.40,20602
1788943140000000000,262.40,262.50,262.30,262.35,25546
1788943200000000000,262.35,262.55,262.30,262.50,22962
1788943260000000000,262.55,262.55,262.50,262.50,21272
1788943320000000000,262.55,262.70,262.50,262.65,26549
1788943380000000000,262.70,262.70,262.50,262.50,25444
1788943440000000000,262.55,262.75,262.50,262.65,34968
1788943500000000000,262.65,262.75,262.60,262.75,30887
1788943560000000000,262.75,262.85,262.55,262.80,43862
1788943620000000000,262.85,262.85,262.60,262.75,38051
1788943680000000000,262.80,262.85,262.60,262.65,33153
1788943740000000000,262.65,262.70,262.55,262.60,20576
1788943800000000000,262.70,262.70,262.50,262.60,22956
1788943860000000000,262.60,262.80,262.50,262.80,32009
1788943920000000000,262.80,262.80,262.70,262.80,24708
1788943980000000000,262.80,262.90,262.75,262.85,28602
1788944040000000000,262.80,262.90,262.50,262.60,28114
1788944100000000000,262.60,262.60,262.50,262.55,20469
1788944160000000000,262.55,262.60,262.45,262.55,37898
1788944220000000000,262.60,262.70,262.55,262.60,30384
1788944280000000000,262.60,262.70,262.60,262.65,19992
1788944340000000000,262.65,262.65,262.60,262.65,16989
1788944400000000000,262.65,262.65,262.55,262.55,27501
1788944460000000000,262.60,262.60,262.55,262.60,22379
1788944520000000000,262.60,262.65,262.50,262.55,19572
1788944580000000000,262.60,262.60,262.50,262.50,30016
1788944640000000000,262.55,262.60,262.50,262.55,24678
1788944700000000000,262.60,262.60,262.40,262.50,28299
1788944760000000000,262.50,262.50,262.35,262.45,30240
1788944820000000000,262.45,262.50,262.30,262.40,25924
1788944880000000000,262.45,262.50,262.30,262.40,22943
1788944940000000000,262.40,262.50,262.30,262.40,27356
1788945000000000000,262.40,262.50,262.35,262.45,19629
1788945060000000000,262.45,262.55,262.40,262.50,30429
1788945120000000000,262.50,262.65,262.45,262.60,23389
1788945180000000000,262.60,262.70,262.50,262.60,17100
1788945240000000000,262.70,262.70,262.60,262.65,16725
1788945300000000000,262.65,262.65,262.50,262.50,25816
1788945360000000000,262.60,262.70,262.50,262.55,21804
1788945420000000000,262.60,262.70,262.50,262.60,26485
1788945480000000000,262.60,262.75,262.50,262.70,57715
1788945540000000000,262.70,262.75,262.65,262.75,32463
1788945600000000000,262.75,262.80,262.65,262.80,23471
1788945660000000000,262.75,262.85,262.75,262.75,29612
1788945720000000000,262.75,262.85,262.70,262.75,18285
1788945780000000000,262.80,262.90,262.75,262.85,42388
1788945840000000000,262.85,262.90,262.75,262.75,35599
1788945900000000000,262.80,262.95,262.75,262.90,41315
1788945960000000000,262.95,263.00,262.90,262.95,87489
1788946020000000000,262.95,263.10,262.90,263.05,55073
1788946080000000000,263.05,263.10,263.00,263.00,63129
1788946140000000000,263.05,263.05,262.80,262.90,42781
1788946200000000000,262.90,262.95,262.70,262.80,90452
1788946260000000000,262.85,262.95,262.70,262.85,76420
1788946320000000000,262.85,262.85,262.80,262.85,29876
1788946380000000000,262.85,262.85,262.80,262.85,33986
1788946440000000000,262.85,262.85,262.65,262.70,40411
1788946500000000000,262.70,262.80,262.55,262.80,72879
1788946560000000000,262.80,262.80,262.50,262.65,72192
1788946620000000000,262.65,262.75,262.50,262.70,40738
1788946680000000000,262.70,262.80,262.60,262.80,41370
1788946740000000000,262.75,262.85,262.70,262.80,39013
1788946800000000000,262.75,262.80,262.55,262.55,54837
1788946860000000000,262.60,262.60,262.50,262.60,39684
1788946920000000000,262.60,262.60,262.05,262.15,116871
1788946980000000000,262.15,262.45,262.10,262.40,58313
1788947040000000000,262.40,262.60,262.20,262.50,47708
1788947100000000000,262.50,262.50,262.50,262.50,0
1788947160000000000,262.50,262.50,262.50,262.50,0
1788947220000000000,262.50,262.50,262.50,262.50,0
1788947280000000000,262.50,262.50,262.50,262.50,0
1788947340000000000,262.50,262.50,262.50,262.50,0
1788947400000000000,262.50,262.50,262.50,262.50,0
1788947460000000000,262.50,262.50,262.50,262.50,0
1788947520000000000,262.50,262.50,262.50,262.50,0
1788947580000000000,262.50,262.50,262.50,262.50,0
1788947640000000000,262.50,262.50,262.50,262.50,0
1788947700000000000,262.50,262.50,262.50,262.50,0
1788947760000000000,262.50,262.50,262.50,262.50,0
1788947820000000000,262.50,262.50,262.50,262.50,0
1788947880000000000,260.80,260.80,260.80,260.80,534834
1788947940000000000,260.80,260.80,260.80,260.80,0
1789011900000000000,261.00,262.20,261.00,261.55,142506
1789011960000000000,261.50,262.35,261.50,262.20,36137
1789012020000000000,262.25,263.20,262.20,263.00,115268
1789012080000000000,263.10,263.15,262.60,262.65,40433
1789012140000000000,262.65,262.75,262.50,262.65,17303
1789012200000000000,262.65,262.70,262.50,262.70,32220
1789012260000000000,262.70,263.45,262.65,263.40,41073
1789012320000000000,263.40,263.45,263.10,263.20,54618
1789012380000000000,263.20,263.20,262.80,262.85,32988
1789012440000000000,262.85,263.00,262.80,262.95,11172
1789012500000000000,262.95,263.00,262.85,262.85,10214
1789012560000000000,262.90,263.20,262.90,263.05,17502
1789012620000000000,263.10,263.30,263.05,263.20,32364
1789012680000000000,263.30,263.35,263.15,263.25,17081
1789012740000000000,263.25,263.25,263.10,263.20,9969
1789012800000000000,263.20,263.20,262.95,263.00,20149
1789012860000000000,263.00,263.05,262.85,262.95,13547
1789012920000000000,262.95,263.00,262.85,262.95,10776
1789012980000000000,262.95,263.90,262.90,263.40,115514
1789013040000000000,263.40,263.45,263.25,263.30,21530
1789013100000000000,263.30,263.35,263.10,263.20,27846
1789013160000000000,263.20,263.20,263.10,263.20,9226
1789013220000000000,263.20,263.20,262.95,263.00,47312
1789013280000000000,263.00,263.00,262.90,262.95,14276
1789013340000000000,262.95,263.00,262.85,262.95,11881
1789013400000000000,262.95,262.95,262.85,262.90,16957
1789013460000000000,262.95,262.95,262.80,262.95,8594
1789013520000000000,262.95,263.00,262.85,262.90,11854
1789013580000000000,262.90,262.95,262.85,262.90,6064
1789013640000000000,262.90,262.95,262.85,262.90,9237
1789013700000000000,262.90,263.00,262.85,262.90,18292
1789013760000000000,262.90,262.90,262.60,262.90,24190
1789013820000000000,262.90,263.00,262.80,262.90,14653
1789013880000000000,262.90,262.90,262.80,262.90,9720
1789013940000000000,262.90,262.95,262.80,262.85,8159
1789014000000000000,262.85,262.85,262.80,262.80,3523
1789014060000000000,262.85,262.85,262.75,262.75,14181
1789014120000000000,262.80,262.85,262.70,262.85,8330
1789014180000000000,262.85,262.85,262.70,262.80,13539
1789014240000000000,262.80,262.85,262.70,262.75,4862
1789014300000000000,262.75,262.90,262.70,262.75,18949
1789014360000000000,262.80,262.90,262.70,262.80,23550
1789014420000000000,262.80,263.05,262.75,262.85,77899
1789014480000000000,262.85,262.90,262.75,262.75,11857
1789014540000000000,262.80,262.80,262.65,262.80,15468
1789014600000000000,262.80,262.90,262.60,262.70,40195
1789014660000000000,262.70,262.75,262.50,262.60,25410
1789014720000000000,262.60,262.70,262.55,262.60,10102
1789014780000000000,262.60,262.65,262.55,262.55,8538
1789014840000000000,262.60,262.65,262.55,262.60,12761
1789014900000000000,262.60,262.75,262.55,262.60,162121
1789014960000000000,262.60,262.75,262.55,262.60,52947
1789015020000000000,262.60,262.70,260.25,261.70,5296803
1789015080000000000,261.80,262.30,261.65,262.20,683663
1789015140000000000,262.20,262.30,261.80,261.95,192113
1789015200000000000,262.00,262.25,261.65,261.65,209616
1789015260000000000,261.80,261.80,261.35,261.50,36862
1789015320000000000,261.50,261.50,261.15,261.40,36774
1789015380000000000,261.40,261.80,261.30,261.75,81105
1789015440000000000,261.80,261.80,261.60,261.80,30296
1789015500000000000,261.80,261.90,261.70,261.85,37125
1789015560000000000,261.85,261.85,261.65,261.80,14331
1789015620000000000,261.80,261.80,261.65,261.75,4435
1789015680000000000,261.75,261.75,261.60,261.70,61444
1789015740000000000,261.70,261.70,261.20,261.50,97036
1789015800000000000,261.45,261.50,261.30,261.45,8750
1789015860000000000,261.45,261.50,261.25,261.30,21591
1789015920000000000,261.30,261.30,261.00,261.05,83690
1789015980000000000,261.15,261.40,261.05,261.40,10826
1789016040000000000,261.40,261.40,261.20,261.30,12213
1789016100000000000,261.30,261.30,261.10,261.15,12254
1789016160000000000,261.15,261.15,261.05,261.15,18514
1789016220000000000,261.15,261.25,260.95,260.95,46070
1789016280000000000,261.00,261.25,260.90,261.15,65792
1789016340000000000,261.15,261.25,261.00,261.20,15969
1789016400000000000,261.20,261.25,261.15,261.20,11242
1789016460000000000,261.20,261.25,261.15,261.20,8531
1789016520000000000,261.20,261.30,261.15,261.20,9320
1789016580000000000,261.25,261.60,261.25,261.45,33027
1789016640000000000,261.45,261.50,261.35,261.45,17723
1789016700000000000,261.50,261.50,261.40,261.50,7932
1789016760000000000,261.50,261.50,261.40,261.50,3904
1789016820000000000,261.50,261.50,261.35,261.45,7250
1789016880000000000,261.45,261.45,261.35,261.40,8165
1789016940000000000,261.45,261.45,261.30,261.40,20448
1789017000000000000,261.45,261.45,261.35,261.40,4937
1789017060000000000,261.40,261.40,261.15,261.30,34638
1789017120000000000,261.30,261.35,261.15,261.35,34936
1789017180000000000,261.35,261.35,261.20,261.25,5202
1789017240000000000,261.30,261.45,261.20,261.45,19765
1789017300000000000,261.45,261.50,261.15,261.25,19705
1789017360000000000,261.25,261.30,261.20,261.20,7351
1789017420000000000,261.25,261.30,261.20,261.30,12484
1789017480000000000,261.30,261.30,261.25,261.30,2030
1789017540000000000,261.30,261.30,261.15,261.20,21340
1789017600000000000,261.20,261.20,261.00,261.15,13824
1789017660000000000,261.15,261.15,261.00,261.05,13432
1789017720000000000,261.10,261.15,260.95,261.10,68848
1789017780000000000,261.10,261.20,261.00,261.15,23220
1789017840000000000,261.15,261.15,261.05,261.05,10023
1789017900000000000,261.15,261.20,261.05,261.20,8773
1789017960000000000,261.20,261.25,261.10,261.25,8980
1789018020000000000,261.25,261.25,261.15,261.25,10989
1789018080000000000,261.25,261.25,261.15,261.15,13400
1789018140000000000,261.20,261.20,261.10,261.15,14592
1789018200000000000,261.20,261.25,261.10,261.25,14341
1789018260000000000,261.25,261.25,261.15,261.25,14169
1789018320000000000,261.25,261.35,261.20,261.25,15722
1789018380000000000,261.30,261.30,261.25,261.25,11891
1789018440000000000,261.30,261.35,261.20,261.30,14913
1789018500000000000,261.30,261.30,261.20,261.25,11838
1789018560000000000,261.25,261.30,261.20,261.30,14480
1789018620000000000,261.30,261.30,261.20,261.30,8153
1789018680000000000,261.30,261.30,261.20,261.25,10277
1789018740000000000,261.25,261.30,261.20,261.30,17140
1789018800000000000,261.30,261.30,260.95,261.00,130473
1789018860000000000,261.00,261.05,260.80,260.95,118429
1789018920000000000,261.00,261.00,260.95,261.00,12924
1789018980000000000,261.00,261.10,260.95,261.00,90014
1789019040000000000,261.00,261.00,260.90,261.00,25527
1789019100000000000,261.00,261.00,260.80,260.80,55209
1789019160000000000,260.85,260.85,260.55,260.70,139593
1789019220000000000,260.70,260.80,260.60,260.80,9329
1789019280000000000,260.80,260.85,260.75,260.85,8778
1789019340000000000,260.85,260.90,260.75,260.85,9492
1789019400000000000,260.90,260.90,260.80,260.85,18241
1789019460000000000,260.85,260.90,260.10,260.30,440413
1789019520000000000,260.35,260.45,259.95,260.25,408652
1789019580000000000,260.25,260.35,260.20,260.30,18095
1789019640000000000,260.30,260.30,259.90,260.00,84631
1789019700000000000,260.00,260.00,259.90,259.95,20239
1789019760000000000,259.95,260.00,259.80,259.90,33980
1789019820000000000,259.90,259.90,259.50,259.65,83293
1789019880000000000,259.65,259.75,259.55,259.75,24671
1789019940000000000,259.75,259.80,259.60,259.60,28607
1789020000000000000,259.65,259.65,259.60,259.60,18477
1789020060000000000,259.65,259.65,259.60,259.60,24362
1789020120000000000,259.65,259.65,259.55,259.65,21328
1789020180000000000,259.65,259.65,259.50,259.55,32545
1789020240000000000,259.55,259.55,259.50,259.55,14048
1789020300000000000,259.55,259.55,259.50,259.55,17777
1789020360000000000,259.55,259.70,259.45,259.65,96603
1789020420000000000,259.65,259.65,259.60,259.65,29880
1789020480000000000,259.65,259.80,259.60,259.65,57013
1789020540000000000,259.65,259.65,259.60,259.65,17545
1789020600000000000,259.65,259.65,259.60,259.60,15122
1789020660000000000,259.65,259.75,259.60,259.65,22038
1789020720000000000,259.65,259.75,259.45,259.65,346148
1789020780000000000,259.65,259.90,259.60,259.85,32163
1789020840000000000,259.85,259.95,259.80,259.95,8923
1789020900000000000,259.95,260.10,259.85,260.10,20369
1789020960000000000,260.10,260.15,260.05,260.15,15029
1789021020000000000,260.15,260.15,260.05,260.05,20976
1789021080000000000,260.15,260.20,260.05,260.20,6240
1789021140000000000,260.20,260.25,259.85,259.90,74226
1789021200000000000,259.95,260.00,259.90,260.00,14638
1789021260000000000,260.00,260.00,259.90,260.00,5828
1789021320000000000,260.00,260.00,259.95,260.00,19323
1789021380000000000,260.00,260.00,259.90,260.00,11012
1789021440000000000,260.00,260.40,259.95,260.35,216451
1789021500000000000,260.35,260.50,260.20,260.30,29948
1789021560000000000,260.30,260.40,260.05,260.15,25436
1789021620000000000,260.15,260.30,260.10,260.30,5470
1789021680000000000,260.30,260.35,260.25,260.30,7165
1789021740000000000,260.35,260.50,260.30,260.35,37045
1789021800000000000,260.40,260.50,260.35,260.45,14091
1789021860000000000,260.45,260.45,260.35,260.45,12577
1789021920000000000,260.45,260.50,260.35,260.50,5895
1789021980000000000,260.50,260.55,260.35,260.40,28007
1789022040000000000,260.40,260.45,260.30,260.30,7180
1789022100000000000,260.35,260.40,260.30,260.40,6468
1789022160000000000,260.40,260.45,260.20,260.30,31444
1789022220000000000,260.30,260.40,260.25,260.35,9017
1789022280000000000,260.40,260.40,260.25,260.35,8649
1789022340000000000,260.35,260.35,260.25,260.30,8830
1789022400000000000,260.30,260.50,260.25,260.50,29725
1789022460000000000,260.50,260.60,260.50,260.60,11523
1789022520000000000,260.60,260.80,260.55,260.70,29879
1789022580000000000,260.70,260.70,260.55,260.60,20109
1789022640000000000,260.60,260.70,260.55,260.55,8762
1789022700000000000,260.60,260.70,260.60,260.70,7295
1789022760000000000,260.70,260.75,260.65,260.75,6634
1789022820000000000,260.75,260.75,260.55,260.55,33007
1789022880000000000,260.60,260.65,260.55,260.65,4318
1789022940000000000,260.65,260.70,260.60,260.60,6821
1789023000000000000,260.65,260.70,260.60,260.65,7414
1789023060000000000,260.65,260.70,260.60,260.70,8497
1789023120000000000,260.70,260.75,260.55,260.65,23817
1789023180000000000,260.65,260.65,260.30,260.35,24099
1789023240000000000,260.35,260.55,260.35,260.45,10091
1789023300000000000,260.55,260.55,260.40,260.45,12658
1789023360000000000,260.45,260.55,260.40,260.55,19525
1789023420000000000,260.55,260.55,260.40,260.55,10005
1789023480000000000,260.55,260.60,260.45,260.55,7721
1789023540000000000,260.55,260.60,260.50,260.60,6408
1789023600000000000,260.60,260.60,260.55,260.60,8844
1789023660000000000,260.60,260.60,260.35,260.40,23226
1789023720000000000,260.45,260.55,260.40,260.45,6388
1789023780000000000,260.50,260.70,260.45,260.65,11659
1789023840000000000,260.70,260.70,260.50,260.55,23919
1789023900000000000,260.55,260.60,260.50,260.60,6220
1789023960000000000,260.60,260.60,260.50,260.55,7921
1789024020000000000,260.55,260.60,260.35,260.45,18478
1789024080000000000,260.45,260.50,260.40,260.40,8358
1789024140000000000,260.50,260.50,260.40,260.50,9780
1789024200000000000,260.50,260.55,260.45,260.55,4204
1789024260000000000,260.55,260.60,260.50,260.60,10035
1789024320000000000,260.60,260.65,260.55,260.65,8306
1789024380000000000,260.65,260.90,260.60,260.85,52022
1789024440000000000,260.90,260.95,260.65,260.70,30188
1789024500000000000,260.80,260.85,260.60,260.70,9913
1789024560000000000,260.75,260.75,260.65,260.70,9902
1789024620000000000,260.70,260.75,260.65,260.70,6682
1789024680000000000,260.70,260.80,260.65,260.70,12786
1789024740000000000,260.70,260.80,260.65,260.80,7354
1789024800000000000,260.80,260.80,260.70,260.75,14324
1789024860000000000,260.80,260.80,260.70,260.80,11369
1789024920000000000,260.80,260.85,260.65,260.70,38404
1789024980000000000,260.70,260.75,260.60,260.75,6005
1789025040000000000,260.75,260.80,260.70,260.80,5851
1789025100000000000,260.80,260.80,260.70,260.75,8961
1789025160000000000,260.75,260.80,260.65,260.65,17471
1789025220000000000,260.65,260.70,260.60,260.65,9766
1789025280000000000,260.70,260.75,260.65,260.75,4154
1789025340000000000,260.75,260.80,260.60,260.65,25541
1789025400000000000,260.65,260.70,260.60,260.70,5517
1789025460000000000,260.70,260.70,260.55,260.65,10067
1789025520000000000,260.65,260.70,260.55,260.60,6256
1789025580000000000,260.70,260.70,260.50,260.55,20694
1789025640000000000,260.55,260.60,260.50,260.60,6974
1789025700000000000,260.60,260.60,260.40,260.50,11307
1789025760000000000,260.50,260.50,260.35,260.35,16146
1789025820000000000,260.45,260.45,260.35,260.45,4376
1789025880000000000,260.45,260.50,260.40,260.50,4928
1789025940000000000,260.50,260.55,260.35,260.45,31490
1789026000000000000,260.45,260.50,260.35,260.45,11874
1789026060000000000,260.45,260.50,260.35,260.45,9714
1789026120000000000,260.45,260.50,260.35,260.50,7436
1789026180000000000,260.50,260.55,260.40,260.55,5629
1789026240000000000,260.55,260.70,260.50,260.65,9138
1789026300000000000,260.65,260.70,260.60,260.70,13053
1789026360000000000,260.70,260.70,260.55,260.60,14621
1789026420000000000,260.65,260.70,260.60,260.70,6120
1789026480000000000,260.70,260.75,260.65,260.75,7682
1789026540000000000,260.75,260.75,260.60,260.65,23959
1789026600000000000,260.65,260.70,260.55,260.70,14522
1789026660000000000,260.70,260.75,260.65,260.75,7095
1789026720000000000,260.75,260.75,260.40,260.40,27610
1789026780000000000,260.45,260.55,260.40,260.50,6390
1789026840000000000,260.50,260.50,260.40,260.50,7038
1789026900000000000,260.50,260.55,260.40,260.40,15796
1789026960000000000,260.45,260.55,260.40,260.50,6158
1789027020000000000,260.50,260.55,260.40,260.50,7330
1789027080000000000,260.50,260.50,260.40,260.50,4787
1789027140000000000,260.50,260.50,260.40,260.45,20375
1789027200000000000,260.45,260.50,260.40,260.45,12974
1789027260000000000,260.50,260.55,260.40,260.50,13892
1789027320000000000,260.50,260.60,260.45,260.50,18628
1789027380000000000,260.50,260.55,260.40,260.50,10369
1789027440000000000,260.50,260.50,260.45,260.50,5753
1789027500000000000,260.50,260.60,260.45,260.50,20063
1789027560000000000,260.50,260.55,260.40,260.50,29449
1789027620000000000,260.50,260.50,260.40,260.50,5875
1789027680000000000,260.50,260.60,260.45,260.50,13473
1789027740000000000,260.50,260.60,260.45,260.50,12646
1789027800000000000,260.50,260.60,260.45,260.50,13661
1789027860000000000,260.50,260.60,260.45,260.45,11108
1789027920000000000,260.50,260.60,260.45,260.50,13980
1789027980000000000,260.50,260.55,260.40,260.50,28981
1789028040000000000,260.50,260.50,260.40,260.50,6793
1789028100000000000,260.50,260.50,260.40,260.50,7515
1789028160000000000,260.50,260.55,260.40,260.50,12662
1789028220000000000,260.50,260.50,260.40,260.50,7809
1789028280000000000,260.50,260.50,260.40,260.45,25818
1789028340000000000,260.45,260.50,260.30,260.35,31426
1789028400000000000,260.40,260.45,260.30,260.40,8449
1789028460000000000,260.40,260.50,260.30,260.45,11441
1789028520000000000,260.50,260.50,260.45,260.50,11885
1789028580000000000,260.50,260.50,260.40,260.45,13637
1789028640000000000,260.45,260.50,260.35,260.40,27914
1789028700000000000,260.40,260.45,260.35,260.40,7631
1789028760000000000,260.40,260.45,260.35,260.40,9764
1789028820000000000,260.40,260.45,260.30,260.35,41579
1789028880000000000,260.35,260.35,260.25,260.30,12811
1789028940000000000,260.30,260.30,260.00,260.00,149642
1789029000000000000,260.10,260.10,259.95,259.95,28740
1789029060000000000,260.00,260.30,259.95,260.15,23273
1789029120000000000,260.25,260.30,260.05,260.25,21304
1789029180000000000,260.25,260.25,260.10,260.20,10082
1789029240000000000,260.20,260.20,260.10,260.15,5190
1789029300000000000,260.20,260.20,260.10,260.20,13010
1789029360000000000,260.20,260.25,260.15,260.25,15657
1789029420000000000,260.25,260.35,260.20,260.30,12634
1789029480000000000,260.30,260.35,260.25,260.30,12565
1789029540000000000,260.30,260.35,260.20,260.30,29291
1789029600000000000,260.30,260.35,260.25,260.30,14122
1789029660000000000,260.30,260.30,260.25,260.30,14269
1789029720000000000,260.30,260.35,260.20,260.25,20271
1789029780000000000,260.30,260.30,260.20,260.30,10298
1789029840000000000,260.30,260.35,260.25,260.30,9019
1789029900000000000,260.30,260.35,260.20,260.25,29083
1789029960000000000,260.25,260.30,260.20,260.25,7823
1789030020000000000,260.25,260.30,260.20,260.25,7255
1789030080000000000,260.25,260.30,260.20,260.25,18969
1789030140000000000,260.25,260.30,260.20,260.30,6541
1789030200000000000,260.30,260.40,260.20,260.20,38209
1789030260000000000,260.30,260.35,260.20,260.30,11162
1789030320000000000,260.30,260.35,260.20,260.25,25013
1789030380000000000,260.25,260.30,260.10,260.20,17084
1789030440000000000,260.20,260.30,260.10,260.20,15838
1789030500000000000,260.20,260.30,260.15,260.20,19740
1789030560000000000,260.20,260.25,260.15,260.20,13942
1789030620000000000,260.20,260.30,260.15,260.20,15020
1789030680000000000,260.20,260.30,260.15,260.20,18560
1789030740000000000,260.20,260.25,260.15,260.20,14031
1789030800000000000,260.20,260.25,260.10,260.15,30181
1789030860000000000,260.15,260.15,259.95,260.00,69440
1789030920000000000,260.00,260.10,259.95,259.95,13151
1789030980000000000,260.00,260.10,259.90,260.00,23253
1789031040000000000,260.00,260.05,259.95,260.00,9431
1789031100000000000,260.00,260.00,259.95,260.00,11525
1789031160000000000,260.00,260.05,259.95,260.00,54022
1789031220000000000,260.00,260.10,259.95,260.00,39734
1789031280000000000,260.00,260.10,259.95,260.00,30722
1789031340000000000,260.00,260.25,259.95,260.25,20144
1789031400000000000,260.20,260.30,260.10,260.15,43577
1789031460000000000,260.15,260.15,260.00,260.15,11609
1789031520000000000,260.15,260.25,260.00,260.15,35740
1789031580000000000,260.25,260.30,260.10,260.30,15143
1789031640000000000,260.30,260.30,260.25,260.30,7588
1789031700000000000,260.30,260.30,260.20,260.30,16468
1789031760000000000,260.30,260.30,260.20,260.30,7482
1789031820000000000,260.30,260.35,260.15,260.30,31462
1789031880000000000,260.30,260.30,260.15,260.25,19047
1789031940000000000,260.25,260.30,260.10,260.30,19182
1789032000000000000,260.30,260.35,260.20,260.30,17436
1789032060000000000,260.30,260.30,260.20,260.30,18038
1789032120000000000,260.30,260.30,260.20,260.20,31033
1789032180000000000,260.25,260.25,260.15,260.25,18027
1789032240000000000,260.25,260.25,260.05,260.10,60305
1789032300000000000,260.20,260.25,260.10,260.15,38806
1789032360000000000,260.20,260.30,260.15,260.15,21478
1789032420000000000,260.15,260.20,260.10,260.20,25433
1789032480000000000,260.15,260.20,260.10,260.15,54179
1789032540000000000,260.15,260.25,260.10,260.25,47133
1789032600000000000,260.20,260.25,259.90,259.90,131131
1789032660000000000,259.95,259.95,259.85,259.90,36177
1789032720000000000,259.85,259.90,259.80,259.85,55220
1789032780000000000,259.85,259.85,259.75,259.80,52890
1789032840000000000,259.80,259.90,259.75,259.85,46335
1789032900000000000,259.85,259.85,259.35,259.65,271269
1789032960000000000,259.55,259.65,259.20,259.50,112829
1789033020000000000,259.45,259.50,259.40,259.50,37544
1789033080000000000,259.50,259.50,259.45,259.45,71113
1789033140000000000,259.50,259.55,259.45,259.55,64858
1789033200000000000,259.50,259.55,259.25,259.40,203473
1789033260000000000,259.30,259.60,259.25,259.50,108519
1789033320000000000,259.50,259.55,259.10,259.45,206591
1789033380000000000,259.50,259.60,259.45,259.60,84041
1789033440000000000,259.55,260.00,259.20,259.30,164511
1789033500000000000,259.30,259.30,259.30,259.30,0
1789033560000000000,259.30,259.30,259.30,259.30,0
1789033620000000000,259.30,259.30,259.30,259.30,0
1789033680000000000,259.30,259.30,259.30,259.30,0
1789033740000000000,259.30,259.30,259.30,259.30,0
1789033800000000000,259.30,259.30,259.30,259.30,0
1789033860000000000,259.30,259.30,259.30,259.30,0
1789033920000000000,259.30,259.30,259.30,259.30,0
1789033980000000000,259.30,259.30,259.30,259.30,0
1789034040000000000,259.30,259.30,259.30,259.30,0
1789034100000000000,259.30,259.30,259.30,259.30,0
1789034160000000000,259.30,259.30,259.30,259.30,0
1789034220000000000,259.30,259.30,259.30,259.30,0
1789034280000000000,259.30,259.30,259.30,259.30,0
1789034340000000000,259.30,259.30,259.30,259.30,433869
1789098300000000000,258.00,258.50,257.70,258.30,209336
1789098360000000000,258.35,259.00,258.20,258.85,99151
1789098420000000000,258.85,259.15,258.75,259.00,63615
1789098480000000000,259.00,259.95,258.75,259.85,87764
1789098540000000000,259.80,260.15,259.80,260.15,69522
1789098600000000000,260.15,260.50,260.00,260.40,32515
1789098660000000000,260.45,260.45,260.05,260.10,53411
1789098720000000000,260.10,260.30,260.00,260.10,39784
1789098780000000000,260.10,260.30,259.85,260.25,91515
1789098840000000000,260.25,260.40,260.20,260.40,35253
1789098900000000000,260.40,260.40,259.70,259.70,63260
1789098960000000000,259.80,259.85,259.65,259.70,31422
1789099020000000000,259.70,259.70,259.15,259.35,108972
1789099080000000000,259.40,259.40,259.20,259.30,35672
1789099140000000000,259.30,259.40,259.20,259.40,28138
1789099200000000000,259.35,259.65,259.30,259.50,56471
1789099260000000000,259.50,260.00,259.40,259.65,46055
1789099320000000000,259.70,259.80,259.50,259.50,80298
1789099380000000000,259.55,259.80,259.40,259.70,47069
1789099440000000000,259.80,259.90,259.55,259.75,62951
1789099500000000000,259.75,260.00,259.70,260.00,51564
1789099560000000000,260.00,260.20,259.90,260.00,77133
1789099620000000000,260.05,260.15,259.85,259.85,30606
1789099680000000000,259.95,260.05,259.85,260.00,14911
1789099740000000000,260.00,260.05,259.90,260.05,22321
1789099800000000000,260.05,260.15,260.00,260.10,23121
1789099860000000000,260.10,260.15,260.05,260.15,8076
1789099920000000000,260.15,260.15,260.00,260.15,37203
1789099980000000000,260.10,260.45,260.00,260.20,60615
1789100040000000000,260.30,260.40,260.15,260.35,20808
1789100100000000000,260.35,260.70,260.20,260.70,93163
1789100160000000000,260.70,260.75,260.30,260.50,62580
1789100220000000000,260.50,260.50,260.30,260.35,21724
1789100280000000000,260.35,260.45,260.20,260.45,32594
1789100340000000000,260.45,260.55,260.40,260.55,30989
1789100400000000000,260.55,260.60,260.45,260.45,24371
1789100460000000000,260.50,260.55,260.20,260.35,30096
1789100520000000000,260.35,260.60,260.30,260.60,20037
1789100580000000000,260.60,260.60,260.45,260.55,17890
1789100640000000000,260.55,260.55,260.45,260.55,29541
1789100700000000000,260.55,260.65,260.40,260.55,55927
1789100760000000000,260.55,260.65,260.50,260.60,19682
1789100820000000000,260.60,260.65,260.55,260.65,15286
1789100880000000000,260.65,260.65,260.50,260.55,27072
1789100940000000000,260.60,260.60,260.30,260.30,28274
1789101000000000000,260.35,260.45,260.30,260.40,17128
1789101060000000000,260.40,260.40,260.20,260.30,39250
1789101120000000000,260.35,260.40,260.20,260.30,47709
1789101180000000000,260.30,260.40,260.20,260.40,17652
1789101240000000000,260.40,260.60,260.25,260.60,39292
1789101300000000000,260.60,260.60,260.15,260.30,185758
1789101360000000000,260.35,260.40,260.30,260.40,11915
1789101420000000000,260.40,260.50,260.35,260.50,12434
1789101480000000000,260.50,260.65,260.45,260.65,38558
1789101540000000000,260.65,260.65,260.55,260.65,19065
1789101600000000000,260.65,260.75,260.50,260.60,35879
1789101660000000000,260.60,260.60,260.50,260.55,14950
1789101720000000000,260.60,260.65,260.55,260.60,7624
1789101780000000000,260.60,260.65,260.30,260.55,29277
1789101840000000000,260.55,260.60,260.45,260.60,17159
1789101900000000000,260.55,260.60,260.35,260.50,29509
1789101960000000000,260.45,260.50,260.25,260.35,12715
1789102020000000000,260.35,260.50,260.25,260.50,21350
1789102080000000000,260.50,260.50,260.40,260.50,10815
1789102140000000000,260.50,260.50,260.40,260.50,10475
1789102200000000000,260.50,260.60,260.45,260.50,20832
1789102260000000000,260.60,260.60,260.50,260.60,12044
1789102320000000000,260.60,260.70,260.55,260.65,22422
1789102380000000000,260.70,260.85,260.65,260.75,25820
1789102440000000000,260.80,260.80,260.60,260.75,20618
1789102500000000000,260.75,260.80,260.60,260.70,16366
1789102560000000000,260.75,260.85,260.70,260.80,9083
1789102620000000000,260.75,260.85,260.65,260.65,18066
1789102680000000000,260.75,260.75,260.55,260.55,27567
1789102740000000000,260.60,260.60,260.50,260.60,9811
1789102800000000000,260.60,260.60,260.35,260.35,29028
1789102860000000000,260.45,260.55,260.35,260.45,11960
1789102920000000000,260.55,260.65,260.45,260.50,22809
1789102980000000000,260.55,260.60,260.45,260.50,17799
1789103040000000000,260.55,260.60,260.50,260.55,6703
1789103100000000000,260.55,260.65,260.50,260.60,15356
1789103160000000000,260.65,260.75,260.65,260.75,15676
1789103220000000000,260.75,260.80,260.60,260.65,22637
1789103280000000000,260.65,260.70,260.50,260.55,14989
1789103340000000000,260.55,260.60,260.45,260.50,15111
1789103400000000000,260.50,260.65,260.45,260.65,12527
1789103460000000000,260.65,260.70,260.65,260.70,9727
1789103520000000000,260.70,260.75,260.65,260.65,9757
1789103580000000000,260.70,260.80,260.65,260.80,11099
1789103640000000000,260.80,260.80,260.65,260.80,15412
1789103700000000000,260.80,260.85,260.75,260.85,15780
1789103760000000000,260.85,260.95,260.80,260.90,20026
1789103820000000000,260.95,261.00,260.90,261.00,27219
1789103880000000000,261.00,261.00,260.80,260.90,36089
1789103940000000000,260.90,260.90,260.65,260.85,32267
1789104000000000000,260.85,260.85,260.65,260.75,13465
1789104060000000000,260.80,260.85,260.70,260.80,12757
1789104120000000000,260.80,260.80,260.60,260.60,25406
1789104180000000000,260.65,260.70,260.55,260.60,5881
1789104240000000000,260.70,260.70,260.60,260.70,5442
1789104300000000000,260.70,260.70,260.50,260.50,21731
1789104360000000000,260.55,260.60,260.50,260.50,9665
1789104420000000000,260.55,260.60,260.50,260.60,16370
1789104480000000000,260.60,260.75,260.55,260.70,21254
1789104540000000000,260.70,260.75,260.65,260.75,7896
1789104600000000000,260.75,260.85,260.70,260.85,11798
1789104660000000000,260.85,260.90,260.75,260.85,13994
1789104720000000000,260.90,260.90,260.05,260.40,395567
1789104780000000000,260.40,260.45,260.35,260.45,27760
1789104840000000000,260.45,260.60,260.35,260.60,25508
1789104900000000000,260.60,260.75,260.55,260.75,8800
1789104960000000000,260.75,260.80,260.70,260.75,15515
1789105020000000000,260.80,260.80,260.70,260.75,8399
1789105080000000000,260.80,260.80,260.70,260.70,14736
1789105140000000000,260.75,260.85,260.40,260.40,84451
1789105200000000000,260.40,260.50,259.95,260.25,314277
1789105260000000000,260.25,260.25,260.20,260.25,7677
1789105320000000000,260.25,260.50,260.15,260.45,28370
1789105380000000000,260.50,260.65,260.40,260.65,12464
1789105440000000000,260.65,260.65,260.45,260.55,29032
1789105500000000000,260.55,260.55,260.45,260.50,5924
1789105560000000000,260.50,260.55,260.40,260.50,8366
1789105620000000000,260.40,260.70,260.40,260.65,21226
1789105680000000000,260.65,260.75,260.50,260.50,25395
1789105740000000000,260.55,260.55,260.40,260.50,9702
1789105800000000000,260.50,260.55,260.40,260.45,13758
1789105860000000000,260.45,260.45,260.25,260.30,9325
1789105920000000000,260.40,260.50,260.30,260.50,7138
1789105980000000000,260.50,260.55,260.40,260.45,9907
1789106040000000000,260.55,260.65,260.45,260.65,9591
1789106100000000000,260.65,260.70,260.55,260.65,20287
1789106160000000000,260.65,260.70,260.55,260.60,7585
1789106220000000000,260.70,260.70,260.55,260.60,15820
1789106280000000000,260.60,260.60,260.45,260.50,28190
1789106340000000000,260.50,260.65,260.50,260.60,12104
1789106400000000000,260.60,260.65,260.55,260.65,4196
1789106460000000000,260.65,260.70,260.60,260.60,12704
1789106520000000000,260.65,260.70,260.60,260.65,13024
1789106580000000000,260.65,260.80,260.60,260.80,15401
1789106640000000000,260.75,260.85,260.75,260.85,29044
1789106700000000000,260.85,260.85,260.75,260.80,6542
1789106760000000000,260.80,260.85,260.75,260.85,11981
1789106820000000000,260.85,260.95,260.75,260.95,12091
1789106880000000000,260.95,260.95,260.85,260.90,21672
1789106940000000000,260.90,260.90,260.85,260.85,5655
1789107000000000000,260.90,260.90,260.80,260.85,14734
1789107060000000000,260.85,260.95,260.80,260.85,10222
1789107120000000000,260.90,260.90,260.80,260.85,12624
1789107180000000000,260.85,260.95,260.80,260.95,12875
1789107240000000000,260.95,261.05,260.90,261.05,106381
1789107300000000000,261.05,261.20,261.00,261.20,27555
1789107360000000000,261.20,261.20,261.00,261.10,65533
1789107420000000000,261.10,261.15,261.05,261.10,18411
1789107480000000000,261.10,261.10,260.90,260.95,28448
1789107540000000000,260.95,261.00,260.85,260.90,15407
1789107600000000000,260.95,260.95,260.85,260.95,5325
1789107660000000000,260.95,260.95,260.85,260.85,20932
1789107720000000000,260.95,260.95,260.75,260.75,15550
1789107780000000000,260.80,260.85,260.75,260.85,5520
1789107840000000000,260.85,260.95,260.80,260.90,8084
1789107900000000000,260.90,261.00,260.85,260.95,17461
1789107960000000000,260.95,261.00,259.95,260.40,391045
1789108020000000000,260.40,260.40,260.25,260.35,21311
1789108080000000000,260.35,260.40,260.30,260.40,7305
1789108140000000000,260.40,260.45,260.35,260.45,9111
1789108200000000000,260.45,260.45,260.35,260.40,10070
1789108260000000000,260.40,260.45,260.35,260.35,7668
1789108320000000000,260.35,260.50,260.35,260.50,8099
1789108380000000000,260.50,260.55,260.40,260.45,17923
1789108440000000000,260.45,260.65,260.40,260.60,14459
1789108500000000000,260.60,260.65,260.50,260.55,17408
1789108560000000000,260.55,260.70,260.50,260.65,6378
1789108620000000000,260.65,260.70,260.60,260.70,10805
1789108680000000000,260.70,260.75,260.60,260.70,18334
1789108740000000000,260.70,260.80,260.65,260.80,12189
1789108800000000000,260.80,260.80,260.70,260.75,20124
1789108860000000000,260.75,260.80,260.70,260.70,9359
1789108920000000000,260.75,260.75,260.60,260.60,24985
1789108980000000000,260.65,260.70,260.60,260.60,13505
1789109040000000000,260.70,260.70,260.60,260.70,8844
1789109100000000000,260.70,260.75,260.65,260.70,11212
1789109160000000000,260.70,260.75,260.60,260.65,10967
1789109220000000000,260.70,260.75,260.60,260.75,11431
1789109280000000000,260.75,260.95,260.70,260.85,22854
1789109340000000000,260.90,261.00,260.85,260.90,20940
1789109400000000000,260.90,260.95,260.85,260.90,13992
1789109460000000000,260.90,261.00,260.85,260.90,10112
1789109520000000000,261.00,261.00,260.90,261.00,19074
1789109580000000000,261.00,261.05,260.90,261.00,12278
1789109640000000000,261.00,261.00,260.95,261.00,7938
1789109700000000000,261.00,261.10,260.95,261.10,12537
1789109760000000000,261.10,261.15,261.00,261.15,16823
1789109820000000000,261.15,261.20,260.95,261.10,37299
1789109880000000000,261.10,261.10,261.00,261.00,13744
1789109940000000000,261.10,261.10,260.80,260.90,35035
1789110000000000000,260.95,261.05,260.90,261.00,8066
1789110060000000000,261.00,261.05,260.95,261.00,9325
1789110120000000000,261.00,261.10,261.00,261.10,9246
1789110180000000000,261.10,261.15,261.00,261.05,9742
1789110240000000000,261.05,261.05,261.00,261.00,16211
1789110300000000000,261.05,261.15,261.00,261.15,11097
1789110360000000000,261.15,261.15,261.00,261.05,20063
1789110420000000000,261.05,261.10,261.00,261.10,16191
1789110480000000000,261.10,261.15,260.95,261.05,31338
1789110540000000000,261.05,261.10,261.00,261.05,10925
1789110600000000000,261.05,261.10,260.00,260.55,223650
1789110660000000000,260.55,260.70,259.95,260.60,216412
1789110720000000000,260.65,260.70,260.60,260.70,7564
1789110780000000000,260.70,260.70,260.60,260.70,13005
1789110840000000000,260.70,260.70,260.45,260.50,22972
1789110900000000000,260.50,260.60,260.30,260.50,19391
1789110960000000000,260.50,260.55,260.40,260.50,5771
1789111020000000000,260.50,260.60,260.45,260.55,31712
1789111080000000000,260.55,260.60,260.35,260.40,19236
1789111140000000000,260.40,260.45,260.35,260.35,7150
1789111200000000000,260.40,260.50,260.35,260.50,7809
1789111260000000000,260.50,260.50,260.45,260.50,8917
1789111320000000000,260.50,260.50,259.95,260.05,173948
1789111380000000000,260.15,260.25,259.95,260.05,177613
1789111440000000000,260.15,260.20,259.95,260.05,43772
1789111500000000000,260.05,260.15,260.00,260.15,5767
1789111560000000000,260.15,260.30,260.10,260.25,14459
1789111620000000000,260.25,260.30,260.05,260.10,29209
1789111680000000000,260.15,260.25,260.10,260.25,17371
1789111740000000000,260.25,260.30,260.15,260.20,12508
1789111800000000000,260.25,260.30,260.20,260.30,6911
1789111860000000000,260.30,260.40,260.25,260.40,15563
1789111920000000000,260.40,260.40,260.30,260.40,9364
1789111980000000000,260.40,260.40,260.30,260.40,12317
1789112040000000000,260.40,260.40,260.30,260.35,17123
1789112100000000000,260.40,260.40,260.30,260.35,10430
1789112160000000000,260.40,260.45,260.35,260.40,13320
1789112220000000000,260.45,260.55,260.40,260.50,11704
1789112280000000000,260.50,260.55,260.25,260.40,28964
1789112340000000000,260.35,260.45,260.30,260.45,4953
1789112400000000000,260.45,260.50,260.35,260.45,13326
1789112460000000000,260.45,260.50,260.40,260.50,11694
1789112520000000000,260.50,260.55,260.50,260.55,9510
1789112580000000000,260.55,260.60,260.45,260.50,25813
1789112640000000000,260.50,260.50,260.40,260.40,11304
1789112700000000000,260.50,260.50,260.40,260.50,11293
1789112760000000000,260.50,260.50,260.45,260.45,11701
1789112820000000000,260.50,260.50,260.45,260.50,11257
1789112880000000000,260.50,260.55,260.00,260.20,52651
1789112940000000000,260.25,260.30,259.95,259.95,43341
1789113000000000000,260.00,260.20,259.85,260.00,86933
1789113060000000000,260.00,260.10,259.95,260.10,14917
1789113120000000000,260.10,260.45,260.00,260.45,104776
1789113180000000000,260.45,260.55,260.35,260.50,8710
1789113240000000000,260.50,260.55,260.45,260.50,7699
1789113300000000000,260.55,260.65,260.50,260.60,10077
1789113360000000000,260.60,260.70,260.55,260.60,10059
1789113420000000000,260.65,260.70,260.60,260.65,15761
1789113480000000000,260.65,260.70,260.60,260.60,12820
1789113540000000000,260.65,260.65,260.45,260.50,30473
1789113600000000000,260.50,260.60,260.45,260.60,6381
1789113660000000000,260.60,260.60,260.50,260.55,8604
1789113720000000000,260.60,260.75,260.55,260.75,7183
1789113780000000000,260.75,260.80,260.65,260.75,12515
1789113840000000000,260.75,260.75,260.65,260.75,15790
1789113900000000000,260.75,260.80,260.65,260.75,8448
1789113960000000000,260.80,260.85,260.70,260.80,17916
1789114020000000000,260.80,260.80,260.70,260.75,10626
1789114080000000000,260.80,260.85,260.70,260.85,16530
1789114140000000000,260.85,260.85,260.75,260.85,18637
1789114200000000000,260.85,260.85,260.75,260.80,12444
1789114260000000000,260.80,260.80,260.30,260.60,44026
1789114320000000000,260.65,260.65,260.50,260.50,8797
1789114380000000000,260.60,260.65,260.55,260.60,5570
1789114440000000000,260.60,260.70,260.55,260.70,7834
1789114500000000000,260.70,260.70,260.40,260.40,28824
1789114560000000000,260.45,260.55,260.30,260.40,20597
1789114620000000000,260.50,260.70,260.40,260.70,7323
1789114680000000000,260.70,260.70,260.60,260.65,5296
1789114740000000000,260.70,260.80,260.65,260.80,9530
1789114800000000000,260.80,260.85,260.75,260.80,11467
1789114860000000000,260.80,260.85,260.55,260.60,48353
1789114920000000000,260.70,260.75,260.50,260.70,15183
1789114980000000000,260.70,260.80,260.65,260.80,10446
1789115040000000000,260.80,260.95,260.70,260.75,19683
1789115100000000000,260.85,261.00,260.75,261.00,17250
1789115160000000000,261.00,261.00,260.75,260.85,27101
1789115220000000000,260.90,260.95,260.80,260.90,18763
1789115280000000000,260.90,260.95,260.70,260.70,22554
1789115340000000000,260.75,260.80,260.70,260.75,13391
1789115400000000000,260.75,260.90,260.60,260.90,25190
1789115460000000000,260.90,260.95,260.80,260.95,10968
1789115520000000000,260.95,261.15,260.85,261.10,31840
1789115580000000000,261.15,261.25,261.10,261.25,24839
1789115640000000000,261.25,261.35,261.20,261.30,34133
1789115700000000000,261.30,261.35,261.20,261.25,12882
1789115760000000000,261.25,261.25,261.00,261.10,30392
1789115820000000000,261.10,261.15,261.00,261.10,13582
1789115880000000000,261.10,261.15,261.05,261.10,10127
1789115940000000000,261.15,261.15,261.05,261.15,7726
1789116000000000000,261.15,261.25,261.10,261.20,7254
1789116060000000000,261.20,261.30,261.15,261.20,20526
1789116120000000000,261.25,261.30,261.20,261.25,11469
1789116180000000000,261.25,261.30,260.95,261.05,46091
1789116240000000000,261.05,261.25,261.00,261.20,10221
1789116300000000000,261.20,261.25,261.15,261.25,7944
1789116360000000000,261.20,261.25,261.15,261.25,14733
1789116420000000000,261.25,261.30,261.20,261.20,11429
1789116480000000000,261.25,261.30,261.20,261.25,7964
1789116540000000000,261.30,261.40,261.20,261.25,39772
1789116600000000000,261.25,261.45,261.15,261.45,14833
1789116660000000000,261.40,261.45,261.30,261.30,9601
1789116720000000000,261.40,261.40,261.30,261.30,18243
1789116780000000000,261.35,261.45,261.30,261.35,11392
1789116840000000000,261.40,261.45,261.30,261.45,13536
1789116900000000000,261.45,261.50,261.40,261.45,29860
1789116960000000000,261.45,261.55,261.40,261.50,8253
1789117020000000000,261.50,261.50,261.30,261.40,33537
1789117080000000000,261.45,261.50,261.35,261.45,8117
1789117140000000000,261.45,261.50,261.30,261.35,34018
1789117200000000000,261.35,261.45,261.30,261.40,5997
1789117260000000000,261.40,261.45,261.35,261.40,6545
1789117320000000000,261.40,261.45,261.25,261.40,33612
1789117380000000000,261.40,261.45,261.25,261.40,12788
1789117440000000000,261.40,261.40,261.30,261.30,6052
1789117500000000000,261.40,261.45,261.30,261.45,7004
1789117560000000000,261.45,261.50,261.40,261.40,10128
1789117620000000000,261.45,261.50,261.35,261.45,17462
1789117680000000000,261.45,261.50,261.35,261.35,30800
1789117740000000000,261.40,261.45,261.35,261.45,6805
1789117800000000000,261.45,261.50,261.35,261.40,15224
1789117860000000000,261.45,261.50,261.40,261.50,22093
1789117920000000000,261.50,261.55,261.45,261.55,16117
1789117980000000000,261.55,261.60,261.50,261.55,15009
1789118040000000000,261.60,261.65,261.45,261.50,42763
1789118100000000000,261.50,261.50,261.30,261.35,23013
1789118160000000000,261.35,261.45,261.30,261.40,9456
1789118220000000000,261.45,261.45,261.35,261.40,20990
1789118280000000000,261.40,261.45,261.35,261.40,19199
1789118340000000000,261.40,261.40,261.20,261.30,101219
1789118400000000000,261.35,261.45,261.30,261.45,14327
1789118460000000000,261.45,261.45,261.35,261.35,33488
1789118520000000000,261.40,261.45,261.35,261.45,16946
1789118580000000000,261.45,261.50,261.40,261.45,19569
1789118640000000000,261.45,261.55,261.40,261.55,23788
1789118700000000000,261.55,261.60,261.35,261.35,56878
1789118760000000000,261.40,261.50,261.35,261.45,28341
1789118820000000000,261.50,261.55,261.45,261.50,8384
1789118880000000000,261.55,261.55,261.40,261.45,54407
1789118940000000000,261.45,261.55,261.40,261.45,30384
1789119000000000000,261.45,261.50,261.30,261.35,51297
1789119060000000000,261.35,261.35,261.15,261.20,40737
1789119120000000000,261.20,261.25,261.15,261.15,15523
1789119180000000000,261.20,261.20,261.10,261.15,26924
1789119240000000000,261.15,261.15,260.85,260.85,89400
1789119300000000000,260.95,261.00,260.85,260.85,49780
1789119360000000000,260.90,260.90,260.80,260.85,33125
1789119420000000000,260.85,261.00,260.80,260.95,30630
1789119480000000000,261.00,261.00,260.90,260.95,42828
1789119540000000000,260.90,261.10,260.90,261.00,68457
1789119600000000000,260.95,261.00,260.55,260.90,155739
1789119660000000000,260.90,261.50,260.80,261.25,127998
1789119720000000000,261.25,261.40,260.80,260.95,150269
1789119780000000000,260.95,261.20,260.95,260.95,50956
1789119840000000000,260.95,261.50,260.25,261.45,88904
1789119900000000000,261.45,261.45,261.45,261.45,0
1789119960000000000,261.45,261.45,261.45,261.45,0
1789120020000000000,261.45,261.45,261.45,261.45,0
1789120080000000000,261.45,261.45,261.45,261.45,0
1789120140000000000,261.45,261.45,261.45,261.45,0
1789120200000000000,261.45,261.45,261.45,261.45,0
1789120260000000000,261.45,261.45,261.45,261.45,0
1789120320000000000,261.45,261.45,261.45,261.45,0
1789120380000000000,261.45,261.45,261.45,261.45,0
1789120440000000000,261.45,261.45,261.45,261.45,0
1789120500000000000,261.45,261.45,261.45,261.45,0
1789120560000000000,261.45,261.45,261.45,261.45,0
1789120620000000000,261.45,261.45,261.45,261.45,0
1789120680000000000,261.45,261.45,261.45,261.45,0
1789120740000000000,259.85,259.85,259.85,259.85,395433
