timestamp_ns,open,high,low,close,volume
1787888700000000000,4045.00,4060.00,4043.50,4047.50,18095
1787888760000000000,4049.20,4055.40,4046.10,4049.30,6236
1787888820000000000,4050.00,4054.40,4049.10,4052.40,5554
1787888880000000000,4052.40,4054.40,4046.60,4049.00,4786
1787888940000000000,4049.90,4051.60,4046.30,4047.60,2371
1787889000000000000,4048.60,4048.60,4045.10,4047.00,2507
1787889060000000000,4047.00,4048.00,4043.30,4045.60,3000
1787889120000000000,4046.00,4046.40,4041.80,4042.00,4060
1787889180000000000,4042.50,4044.40,4041.00,4041.50,1725
1787889240000000000,4041.50,4048.40,4041.40,4047.50,4701
1787889300000000000,4048.40,4057.50,4047.50,4056.00,3769
1787889360000000000,4057.50,4059.20,4053.20,4056.00,2923
1787889420000000000,4056.40,4058.30,4054.10,4058.00,2664
1787889480000000000,4057.90,4058.00,4051.80,4051.80,2718
1787889540000000000,4052.00,4054.20,4050.50,4054.20,1507
1787889600000000000,4053.10,4054.10,4051.00,4054.10,1946
1787889660000000000,4054.10,4054.50,4052.00,4052.50,511
1787889720000000000,4053.10,4055.90,4052.90,4054.40,1922
1787889780000000000,4054.40,4055.90,4053.60,4055.50,1084
1787889840000000000,4055.50,4056.00,4053.60,4053.80,2854
1787889900000000000,4054.50,4055.90,4053.60,4054.00,1009
1787889960000000000,4054.90,4054.90,4052.20,4052.90,2048
1787890020000000000,4052.90,4053.00,4050.20,4053.00,1060
1787890080000000000,4053.00,4053.30,4050.00,4050.40,1258
1787890140000000000,4050.40,4053.50,4050.00,4051.70,563
1787890200000000000,4051.50,4053.90,4050.00,4053.30,914
1787890260000000000,4053.20,4053.60,4051.00,4052.00,918
1787890320000000000,4052.20,4052.80,4051.00,4051.70,350
1787890380000000000,4052.20,4053.70,4048.40,4049.00,3756
1787890440000000000,4049.30,4049.70,4048.20,4048.20,588
1787890500000000000,4049.00,4049.70,4048.00,4048.20,488
1787890560000000000,4048.70,4049.10,4048.00,4049.10,699
1787890620000000000,4048.90,4048.90,4047.30,4047.30,630
1787890680000000000,4047.90,4049.10,4047.80,4048.80,282
1787890740000000000,4048.80,4048.80,4045.70,4048.20,770
1787890800000000000,4047.70,4048.80,4046.00,4048.00,614
1787890860000000000,4047.40,4047.90,4046.00,4047.00,481
1787890920000000000,4046.90,4048.00,4045.50,4047.60,830
1787890980000000000,4048.00,4049.90,4047.30,4048.70,710
1787891040000000000,4049.00,4053.20,4048.50,4052.40,1268
1787891100000000000,4052.90,4052.90,4051.10,4051.30,296
1787891160000000000,4051.70,4051.80,4050.40,4050.50,418
1787891220000000000,4050.50,4050.50,4047.60,4047.80,998
1787891280000000000,4047.80,4050.00,4047.80,4049.30,406
1787891340000000000,4049.70,4050.30,4049.00,4049.80,526
1787891400000000000,4049.70,4049.80,4048.00,4048.00,509
1787891460000000000,4048.50,4050.00,4048.00,4048.00,731
1787891520000000000,4049.40,4049.40,4046.60,4047.80,1052
1787891580000000000,4047.80,4049.60,4047.30,4048.60,394
1787891640000000000,4048.60,4049.10,4047.50,4047.50,387
1787891700000000000,4047.70,4048.00,4046.30,4047.00,215
1787891760000000000,4047.10,4048.40,4045.70,4046.90,1083
1787891820000000000,4047.90,4050.00,4046.60,4049.20,241
1787891880000000000,4050.00,4051.10,4048.30,4050.80,485
1787891940000000000,4051.00,4051.20,4049.40,4050.00,255
1787892000000000000,4050.00,4050.00,4048.20,4048.20,580
1787892060000000000,4050.00,4050.10,4049.50,4050.10,270
1787892120000000000,4050.10,4051.70,4048.90,4048.90,561
1787892180000000000,4048.70,4050.50,4048.00,4049.60,223
1787892240000000000,4049.60,4051.50,4048.80,4051.50,449
1787892300000000000,4051.50,4053.10,4050.70,4052.00,1117
1787892360000000000,4051.90,4052.40,4049.90,4052.40,1774
1787892420000000000,4052.10,4053.00,4050.00,4050.40,825
1787892480000000000,4050.40,4050.40,4047.80,4047.80,804
1787892540000000000,4047.80,4048.00,4045.30,4045.30,821
1787892600000000000,4046.00,4048.00,4045.10,4048.00,499
1787892660000000000,4047.30,4047.30,4045.90,4045.90,286
1787892720000000000,4046.90,4047.00,4045.10,4046.90,624
1787892780000000000,4046.90,4048.40,4045.10,4046.00,932
1787892840000000000,4048.20,4048.50,4045.30,4046.40,608
1787892900000000000,4046.80,4046.80,4044.20,4044.80,1508
1787892960000000000,4045.60,4046.00,4044.20,4045.00,620
1787893020000000000,4045.70,4046.00,4044.00,4045.00,527
1787893080000000000,4045.00,4045.50,4044.00,4045.50,498
1787893140000000000,4045.00,4045.50,4044.00,4045.40,300
1787893200000000000,4045.40,4045.40,4042.70,4042.70,559
1787893260000000000,4043.70,4044.20,4042.00,4042.60,666
1787893320000000000,4043.10,4044.00,4042.20,4043.00,643
1787893380000000000,4043.00,4043.00,4042.00,4043.00,477
1787893440000000000,4043.00,4043.00,4042.00,4043.00,429
1787893500000000000,4043.00,4043.00,4041.10,4042.40,519
1787893560000000000,4042.40,4043.00,4041.00,4042.80,1330
1787893620000000000,4043.00,4043.00,4041.80,4042.70,554
1787893680000000000,4043.00,4043.60,4041.10,4042.20,498
1787893740000000000,4042.80,4044.30,4041.50,4043.10,846
1787893800000000000,4043.50,4044.20,4041.30,4043.20,769
1787893860000000000,4043.30,4044.40,4041.50,4042.50,439
1787893920000000000,4043.00,4043.20,4041.10,4042.00,667
1787893980000000000,4041.70,4042.70,4041.00,4042.70,559
1787894040000000000,4041.90,4043.10,4041.00,4042.40,516
1787894100000000000,4042.40,4043.10,4041.00,4042.50,756
1787894160000000000,4042.50,4042.50,4040.00,4040.60,1228
1787894220000000000,4040.40,4043.80,4040.40,4043.10,481
1787894280000000000,4043.10,4044.20,4040.40,4040.40,1088
1787894340000000000,4042.30,4045.00,4041.60,4045.00,621
1787894400000000000,4044.40,4046.90,4043.60,4046.40,6245
1787894460000000000,4045.90,4050.10,4044.80,4045.00,20434
1787894520000000000,4044.90,4045.60,4039.70,4042.00,12100
1787894580000000000,4041.30,4042.40,4038.90,4038.90,2070
1787894640000000000,4038.80,4038.90,4037.50,4037.50,505
1787894700000000000,4038.40,4038.60,4037.00,4037.90,498
1787894760000000000,4037.50,4038.00,4035.40,4036.00,3015
1787894820000000000,4035.90,4043.90,4035.00,4040.00,15138
1787894880000000000,4039.60,4046.20,4039.60,4045.70,2692
1787894940000000000,4045.00,4045.30,4041.60,4043.00,1465
1787895000000000000,4043.40,4044.00,4041.00,4041.60,600
1787895060000000000,4041.60,4042.00,4036.60,4039.90,2010
1787895120000000000,4039.20,4040.00,4037.10,4037.70,345
1787895180000000000,4037.90,4039.30,4036.60,4037.90,479
1787895240000000000,4037.30,4038.80,4036.50,4038.80,754
1787895300000000000,4038.30,4039.10,4037.70,4039.00,398
1787895360000000000,4038.40,4040.00,4037.70,4038.50,419
1787895420000000000,4038.10,4038.50,4037.00,4037.10,1065
1787895480000000000,4037.10,4038.10,4036.00,4036.30,492
1787895540000000000,4036.80,4037.50,4035.10,4035.40,445
1787895600000000000,4035.40,4037.60,4035.10,4036.00,583
1787895660000000000,4037.30,4037.90,4035.40,4037.50,423
1787895720000000000,4037.60,4038.30,4035.90,4038.30,352
1787895780000000000,4038.40,4039.90,4037.10,4037.90,2144
1787895840000000000,4038.30,4040.00,4037.20,4037.80,1096
1787895900000000000,4038.50,4039.10,4036.80,4038.60,1256
1787895960000000000,4038.60,4038.60,4036.00,4038.00,291
1787896020000000000,4038.10,4038.20,4036.10,4037.20,346
1787896080000000000,4037.20,4037.80,4036.00,4037.20,437
1787896140000000000,4037.00,4040.00,4036.80,4038.90,12699
1787896200000000000,4038.90,4039.10,4035.00,4035.00,3081
1787896260000000000,4035.10,4036.00,4035.00,4036.00,477
1787896320000000000,4036.00,4036.00,4031.70,4035.50,2211
1787896380000000000,4036.00,4037.90,4034.50,4036.40,673
1787896440000000000,4035.90,4038.90,4035.10,4038.90,1080
1787896500000000000,4038.90,4039.90,4037.20,4039.20,857
1787896560000000000,4039.20,4040.00,4037.10,4038.20,1179
1787896620000000000,4038.20,4039.60,4037.20,4038.00,551
1787896680000000000,4039.00,4039.80,4037.80,4039.50,892
1787896740000000000,4039.30,4042.00,4038.70,4039.50,12292
1787896800000000000,4039.50,4041.90,4037.70,4041.40,688
1787896860000000000,4041.40,4041.50,4038.00,4039.80,655
1787896920000000000,4039.70,4041.00,4037.00,4039.40,493
1787896980000000000,4039.20,4039.50,4035.00,4035.30,792
1787897040000000000,4035.30,4039.30,4033.90,4038.90,4954
1787897100000000000,4039.20,4040.30,4033.60,4033.60,19823
1787897160000000000,4035.30,4035.30,4033.50,4034.70,508
1787897220000000000,4034.70,4036.80,4033.80,4036.50,839
1787897280000000000,4036.40,4036.70,4034.40,4036.00,372
1787897340000000000,4036.10,4036.50,4032.00,4034.10,1255
1787897400000000000,4034.10,4034.60,4032.00,4034.40,500
1787897460000000000,4034.40,4036.10,4033.10,4035.40,504
1787897520000000000,4035.30,4036.00,4032.90,4034.80,1124
1787897580000000000,4034.70,4034.70,4032.60,4033.00,878
1787897640000000000,4033.30,4035.00,4032.80,4034.40,563
1787897700000000000,4034.40,4034.40,4032.00,4032.00,561
1787897760000000000,4033.20,4035.90,4031.60,4035.60,1055
1787897820000000000,4035.60,4036.40,4035.00,4036.20,588
1787897880000000000,4036.40,4036.80,4035.00,4036.40,713
1787897940000000000,4036.20,4036.80,4036.00,4036.70,1010
1787898000000000000,4036.70,4037.80,4036.00,4037.50,2401
1787898060000000000,4037.50,4037.50,4036.20,4036.50,602
1787898120000000000,4036.70,4036.80,4036.50,4036.80,410
1787898180000000000,4036.80,4037.10,4036.50,4037.00,1712
1787898240000000000,4037.10,4037.50,4035.00,4036.00,3505
1787898300000000000,4036.40,4036.40,4035.50,4036.20,6895
1787898360000000000,4036.20,4037.00,4035.00,4036.00,5650
1787898420000000000,4036.00,4036.40,4031.30,4031.60,3784
1787898480000000000,4032.00,4033.80,4031.60,4032.80,874
1787898540000000000,4033.00,4033.00,4030.60,4031.00,2279
1787898600000000000,4031.40,4031.40,4030.00,4030.60,1189
1787898660000000000,4030.60,4032.90,4030.60,4031.00,682
1787898720000000000,4032.70,4032.90,4031.00,4031.10,915
1787898780000000000,4032.20,4032.20,4030.00,4030.60,1631
1787898840000000000,4031.70,4033.80,4030.20,4033.10,1686
1787898900000000000,4033.10,4033.80,4030.00,4031.20,2215
1787898960000000000,4031.20,4033.20,4030.40,4033.00,514
1787899020000000000,4033.00,4033.80,4031.70,4033.50,547
1787899080000000000,4033.30,4034.70,4030.80,4032.40,119259
1787899140000000000,4032.40,4033.50,4031.30,4032.00,626
1787899200000000000,4032.00,4032.90,4031.10,4032.40,1055
1787899260000000000,4032.40,4033.20,4031.00,4031.30,373
1787899320000000000,4031.30,4033.00,4031.00,4033.00,441
1787899380000000000,4032.90,4033.00,4031.40,4033.00,279
1787899440000000000,4033.00,4033.00,4031.60,4033.00,396
1787899500000000000,4033.00,4033.40,4032.00,4033.40,459
1787899560000000000,4034.40,4034.50,4032.50,4033.60,529
1787899620000000000,4033.60,4034.70,4032.50,4034.70,617
1787899680000000000,4034.60,4036.00,4033.50,4036.00,1137
1787899740000000000,4036.00,4037.90,4035.50,4036.00,2729
1787899800000000000,4036.00,4038.20,4035.30,4038.00,2030
1787899860000000000,4038.00,4041.00,4035.40,4040.00,10469
1787899920000000000,4040.90,4040.90,4035.60,4037.60,18303
1787899980000000000,4037.90,4039.90,4035.90,4037.10,2329
1787900040000000000,4037.10,4037.10,4034.30,4035.00,569
1787900100000000000,4035.00,4037.60,4033.80,4037.20,854
1787900160000000000,4037.20,4038.90,4036.00,4038.30,698
1787900220000000000,4038.30,4038.70,4036.60,4038.50,648
1787900280000000000,4038.50,4038.70,4036.60,4037.40,418
1787900340000000000,4037.40,4038.10,4036.60,4037.00,516
1787900400000000000,4038.10,4038.70,4036.40,4038.10,1012
1787900460000000000,4037.90,4039.10,4036.80,4039.10,762
1787900520000000000,4039.10,4040.00,4038.00,4040.00,804
1787900580000000000,4040.00,4040.00,4038.50,4039.50,672
1787900640000000000,4039.40,4040.00,4038.50,4039.60,1530
1787900700000000000,4040.00,4040.60,4038.30,4040.00,1494
1787900760000000000,4040.00,4042.00,4038.70,4040.00,9289
1787900820000000000,4040.00,4041.90,4039.00,4039.50,782
1787900880000000000,4039.50,4041.50,4039.00,4040.00,386
1787900940000000000,4041.10,4041.30,4039.70,4039.70,449
1787901000000000000,4040.30,4042.20,4039.80,4039.90,1018
1787901060000000000,4041.60,4042.10,4040.00,4041.20,972
1787901120000000000,4041.40,4041.40,4039.80,4039.90,502
1787901180000000000,4040.00,4040.00,4039.00,4039.10,1508
1787901240000000000,4040.00,4040.40,4039.10,4040.00,333
1787901300000000000,4039.90,4040.20,4038.50,4038.70,765
1787901360000000000,4040.00,4040.50,4039.50,4040.30,894
1787901420000000000,4040.50,4040.50,4038.60,4040.00,531
1787901480000000000,4040.50,4040.50,4038.70,4039.80,435
1787901540000000000,4040.00,4040.20,4039.00,4040.20,361
1787901600000000000,4040.20,4040.40,4038.70,4040.00,692
1787901660000000000,4040.20,4040.50,4038.60,4039.60,560
1787901720000000000,4039.80,4040.30,4038.50,4038.90,729
1787901780000000000,4040.20,4040.50,4039.00,4040.50,675
1787901840000000000,4040.50,4040.50,4038.70,4040.50,562
1787901900000000000,4040.50,4040.50,4038.50,4040.00,557
1787901960000000000,4040.00,4040.50,4038.60,4040.00,1112
1787902020000000000,4040.00,4040.50,4038.50,4040.50,2571
1787902080000000000,4040.00,4040.50,4038.50,4040.30,700
1787902140000000000,4040.30,4040.40,4038.50,4038.70,767
1787902200000000000,4040.00,4040.50,4038.60,4040.00,1063
1787902260000000000,4040.00,4040.50,4027.00,4028.70,9850
1787902320000000000,4028.60,4033.10,4027.00,4028.20,3546
1787902380000000000,4028.20,4033.20,4026.60,4031.90,5164
1787902440000000000,4031.00,4032.60,4027.40,4028.40,2600
1787902500000000000,4028.40,4028.80,4021.30,4024.80,25930
1787902560000000000,4024.80,4029.40,4024.20,4028.10,6277
1787902620000000000,4028.50,4030.50,4028.00,4030.50,1225
1787902680000000000,4030.50,4031.50,4028.80,4030.40,1874
1787902740000000000,4030.50,4034.70,4029.20,4033.40,986
1787902800000000000,4033.40,4034.00,4031.80,4033.50,799
1787902860000000000,4033.50,4033.80,4031.80,4033.80,653
1787902920000000000,4034.60,4034.70,4030.90,4033.00,851
1787902980000000000,4033.00,4034.20,4032.00,4033.00,558
1787903040000000000,4033.00,4033.00,4031.90,4031.90,553
1787903100000000000,4032.00,4032.60,4030.60,4032.40,971
1787903160000000000,4032.40,4032.50,4031.00,4031.90,786
1787903220000000000,4031.90,4031.90,4029.20,4030.00,4455
1787903280000000000,4030.00,4030.50,4026.00,4026.80,3317
1787903340000000000,4028.30,4028.90,4027.20,4028.00,706
1787903400000000000,4028.30,4028.90,4026.90,4028.90,531
1787903460000000000,4028.90,4028.90,4027.40,4028.90,413
1787903520000000000,4029.00,4030.00,4027.80,4030.00,535
1787903580000000000,4030.00,4031.10,4028.00,4030.00,1402
1787903640000000000,4030.50,4035.00,4029.10,4030.30,41744
1787903700000000000,4031.70,4031.80,4029.20,4030.00,2317
1787903760000000000,4030.00,4030.00,4028.60,4029.80,559
1787903820000000000,4030.00,4030.00,4028.70,4029.40,610
1787903880000000000,4029.40,4030.00,4028.00,4029.70,888
1787903940000000000,4029.70,4030.00,4028.00,4029.90,584
1787904000000000000,4029.90,4030.00,4028.20,4030.00,1623
1787904060000000000,4030.00,4031.20,4028.10,4028.70,668
1787904120000000000,4029.00,4030.00,4028.10,4030.00,1018
1787904180000000000,4030.00,4030.00,4028.80,4029.50,747
1787904240000000000,4030.00,4037.60,4029.50,4035.30,22014
1787904300000000000,4036.10,4036.10,4033.30,4034.90,435
1787904360000000000,4034.80,4035.00,4032.90,4033.90,321
1787904420000000000,4034.30,4035.00,4033.20,4035.00,725
1787904480000000000,4035.00,4035.00,4033.80,4035.00,515
1787904540000000000,4035.00,4036.80,4034.00,4036.60,1630
1787904600000000000,4036.60,4038.00,4036.00,4037.10,551
1787904660000000000,4037.10,4038.50,4036.00,4037.30,760
1787904720000000000,4037.20,4038.00,4035.70,4037.20,447
1787904780000000000,4037.20,4037.80,4036.20,4036.60,723
1787904840000000000,4036.70,4037.60,4036.00,4037.60,457
1787904900000000000,4037.60,4037.60,4035.30,4037.00,315
1787904960000000000,4037.00,4040.70,4035.70,4039.00,11913
1787905020000000000,4039.00,4040.00,4036.10,4036.90,4299
1787905080000000000,4037.50,4037.70,4032.80,4034.50,4900
1787905140000000000,4034.70,4034.90,4031.20,4033.00,987
1787905200000000000,4031.70,4033.00,4031.10,4033.00,858
1787905260000000000,4033.00,4033.00,4030.10,4031.40,1120
1787905320000000000,4031.40,4032.40,4030.00,4031.00,741
1787905380000000000,4031.00,4031.00,4029.50,4030.90,601
1787905440000000000,4030.30,4031.00,4029.60,4031.00,612
1787905500000000000,4031.00,4031.90,4029.70,4031.00,783
1787905560000000000,4031.90,4032.50,4029.80,4031.50,512
1787905620000000000,4031.50,4033.00,4030.10,4032.70,614
1787905680000000000,4032.70,4032.90,4030.60,4030.70,480
1787905740000000000,4031.10,4032.50,4030.40,4030.60,583
1787905800000000000,4031.90,4032.00,4028.90,4028.90,716
1787905860000000000,4029.80,4030.90,4028.60,4030.90,505
1787905920000000000,4030.30,4032.20,4030.00,4031.70,749
1787905980000000000,4031.60,4032.60,4029.20,4030.00,664
1787906040000000000,4030.00,4031.00,4026.40,4026.80,2059
1787906100000000000,4027.40,4028.10,4026.00,4026.30,790
1787906160000000000,4027.10,4028.20,4025.10,4025.20,2834
1787906220000000000,4025.20,4029.10,4025.20,4027.90,5275
1787906280000000000,4027.90,4029.20,4026.90,4026.90,1245
1787906340000000000,4027.20,4027.90,4026.20,4027.90,4868
1787906400000000000,4027.60,4030.00,4027.30,4030.00,612
1787906460000000000,4030.00,4030.40,4029.50,4029.80,310
1787906520000000000,4029.80,4031.00,4029.80,4030.30,573
1787906580000000000,4030.20,4030.90,4029.70,4030.00,1002
1787906640000000000,4030.10,4030.10,4029.20,4029.40,689
1787906700000000000,4030.00,4030.90,4029.70,4030.00,1388
1787906760000000000,4030.00,4031.80,4030.00,4031.10,763
1787906820000000000,4031.10,4031.10,4030.00,4030.00,792
1787906880000000000,4030.50,4036.10,4029.00,4035.00,21788
1787906940000000000,4034.90,4034.90,4029.40,4030.00,2903
1787907000000000000,4030.00,4030.30,4029.20,4029.30,1668
1787907060000000000,4029.60,4030.10,4029.00,4029.00,754
1787907120000000000,4029.10,4029.50,4026.30,4028.90,1323
1787907180000000000,4028.60,4031.20,4027.20,4028.10,3789
1787907240000000000,4029.20,4029.60,4027.40,4028.50,457
1787907300000000000,4028.40,4029.60,4028.00,4029.00,351
1787907360000000000,4028.70,4030.80,4028.70,4029.70,429
1787907420000000000,4029.90,4030.00,4029.00,4029.40,398
1787907480000000000,4029.10,4030.00,4028.40,4029.10,757
1787907540000000000,4029.80,4034.70,4029.80,4032.90,1847
1787907600000000000,4034.00,4034.90,4032.90,4033.70,903
1787907660000000000,4034.20,4034.30,4033.50,4033.60,501
1787907720000000000,4033.60,4033.80,4033.50,4033.60,614
1787907780000000000,4033.70,4034.90,4033.70,4034.30,923
1787907840000000000,4034.80,4037.00,4034.00,4035.90,3062
1787907900000000000,4035.00,4035.30,4032.20,4032.50,2174
1787907960000000000,4032.80,4035.20,4032.40,4033.50,1438
1787908020000000000,4033.80,4038.00,4033.50,4037.00,8694
1787908080000000000,4037.40,4038.00,4035.60,4037.30,1931
1787908140000000000,4037.30,4037.30,4035.70,4035.90,877
1787908200000000000,4037.00,4037.20,4035.40,4037.00,599
1787908260000000000,4036.50,4038.00,4036.00,4038.00,1547
1787908320000000000,4037.80,4038.00,4036.10,4037.70,957
1787908380000000000,4037.80,4038.00,4036.90,4037.20,314
1787908440000000000,4037.70,4038.00,4037.20,4037.50,561
1787908500000000000,4037.70,4039.50,4037.70,4038.70,1238
1787908560000000000,4038.70,4039.50,4038.00,4038.00,879
1787908620000000000,4038.70,4040.00,4037.20,4039.30,2699
1787908680000000000,4039.30,4039.30,4037.50,4038.50,803
1787908740000000000,4038.50,4038.50,4038.00,4038.40,385
1787908800000000000,4038.50,4040.00,4037.30,4039.80,5454
1787908860000000000,4039.80,4040.00,4036.70,4037.10,4372
1787908920000000000,4037.10,4039.00,4036.40,4038.80,997
1787908980000000000,4038.80,4039.30,4037.20,4039.00,778
1787909040000000000,4039.00,4039.90,4037.70,4038.10,883
1787909100000000000,4038.40,4040.00,4037.70,4038.70,1950
1787909160000000000,4039.00,4039.00,4036.50,4037.90,1167
1787909220000000000,4038.00,4038.30,4036.20,4038.00,1405
1787909280000000000,4038.40,4038.40,4035.10,4035.10,3047
1787909340000000000,4037.30,4038.50,4036.00,4037.00,5885
1787909400000000000,4037.60,4038.10,4035.20,4035.80,2543
1787909460000000000,4035.90,4037.70,4035.00,4036.00,2650
1787909520000000000,4036.30,4037.00,4035.10,4035.30,2392
1787909580000000000,4035.30,4035.50,4033.50,4034.70,2008
1787909640000000000,4034.60,4035.90,4033.70,4034.00,1711
1787909700000000000,4034.00,4036.00,4032.70,4033.50,4381
1787909760000000000,4033.50,4034.80,4025.00,4028.50,15135
1787909820000000000,4027.80,4030.80,4026.60,4029.20,1748
1787909880000000000,4029.60,4033.10,4029.30,4032.10,2554
1787909940000000000,4031.30,4033.20,4030.70,4031.70,3532
1787910000000000000,4031.60,4033.00,4030.00,4030.10,2788
1787910060000000000,4030.10,4035.00,4026.70,4033.70,8153
1787910120000000000,4035.00,4039.40,4030.10,4035.90,9746
1787910180000000000,4035.90,4037.90,4033.90,4035.00,1959
1787910240000000000,4035.00,4038.00,4034.00,4038.00,1743
1787910300000000000,4038.00,4038.00,4038.00,4038.00,0
1787910360000000000,4038.00,4038.00,4038.00,4038.00,0
1787910420000000000,4038.00,4038.00,4038.00,4038.00,0
1787910480000000000,4038.00,4038.00,4038.00,4038.00,0
1787910540000000000,4038.00,4038.00,4038.00,4038.00,0
1787910600000000000,4038.00,4038.00,4038.00,4038.00,0
1787910660000000000,4038.00,4038.00,4038.00,4038.00,0
1787910720000000000,4038.00,4038.00,4038.00,4038.00,0
1787910780000000000,4038.00,4038.00,4038.00,4038.00,0
1787910840000000000,4038.00,4038.00,4038.00,4038.00,0
1787910900000000000,4038.00,4038.00,4038.00,4038.00,0
1787910960000000000,4038.00,4038.00,4038.00,4038.00,0
1787911020000000000,4038.00,4038.00,4038.00,4038.00,0
1787911080000000000,4038.00,4038.00,4038.00,4038.00,0
1787911140000000000,4045.80,4045.80,4045.80,4045.80,10271
1788147900000000000,4035.10,4037.00,4007.00,4007.80,14970
1788147960000000000,4008.00,4008.00,4000.60,4002.70,7727
1788148020000000000,4003.10,4003.80,4000.00,4002.00,7349
1788148080000000000,4002.00,4002.60,3996.50,4001.90,11408
1788148140000000000,4001.90,4003.00,4000.00,4001.10,5922
1788148200000000000,4001.10,4002.30,3997.60,4000.70,6011
1788148260000000000,4000.90,4004.60,3998.40,4003.50,3981
1788148320000000000,4003.60,4008.00,4003.50,4008.00,3052
1788148380000000000,4007.10,4008.00,4004.00,4006.00,4384
1788148440000000000,4006.00,4006.60,4000.70,4002.40,4639
1788148500000000000,4002.80,4003.00,4000.00,4002.00,3461
1788148560000000000,4002.00,4002.20,3997.00,3999.70,3805
1788148620000000000,3999.70,4005.00,3999.70,4003.10,2297
1788148680000000000,4003.10,4003.40,3998.00,3998.10,4060
1788148740000000000,3999.40,4005.00,3998.90,4005.00,2295
1788148800000000000,4005.00,4008.00,4004.20,4005.40,1917
1788148860000000000,4006.70,4007.90,4004.00,4007.00,1300
1788148920000000000,4007.80,4009.70,4006.30,4008.00,2465
1788148980000000000,4008.30,4008.50,4006.30,4008.50,2135
1788149040000000000,4008.50,4008.50,4006.10,4007.00,1283
1788149100000000000,4007.00,4007.40,4005.90,4006.90,1672
1788149160000000000,4006.50,4007.60,4005.40,4006.30,2975
1788149220000000000,4006.70,4006.80,4004.70,4005.00,1210
1788149280000000000,4005.00,4005.30,4001.10,4004.10,2586
1788149340000000000,4004.10,4005.00,4001.60,4003.80,1300
1788149400000000000,4003.80,4004.70,4001.90,4003.10,1448
1788149460000000000,4003.10,4004.80,4002.00,4004.80,1250
1788149520000000000,4004.60,4004.70,4001.60,4003.60,690
1788149580000000000,4003.10,4004.70,4001.20,4001.80,1245
1788149640000000000,4001.80,4003.10,4000.00,4001.70,2192
1788149700000000000,4001.70,4005.60,4000.70,4005.60,2326
1788149760000000000,4006.00,4009.30,4005.30,4007.50,3383
1788149820000000000,4008.00,4008.60,4005.70,4006.30,756
1788149880000000000,4006.00,4006.40,4002.00,4005.60,1526
1788149940000000000,4005.70,4006.00,4002.80,4006.00,1972
1788150000000000000,4006.00,4006.60,4004.50,4005.00,885
1788150060000000000,4006.10,4007.50,4005.00,4006.50,1270
1788150120000000000,4007.30,4007.40,4002.80,4004.50,2277
1788150180000000000,4004.40,4006.60,4003.10,4006.00,1046
1788150240000000000,4006.00,4006.00,4004.30,4005.90,648
1788150300000000000,4005.90,4005.90,4003.00,4004.80,2063
1788150360000000000,4004.60,4004.80,3997.00,3997.70,7716
1788150420000000000,3997.70,3998.90,3996.30,3998.80,2123
1788150480000000000,3998.80,3999.70,3997.30,3998.80,1272
1788150540000000000,3998.80,3999.90,3997.20,3999.90,2348
1788150600000000000,3999.90,4003.90,3999.00,4001.40,2884
1788150660000000000,4002.60,4002.80,4000.00,4000.80,1375
1788150720000000000,4000.80,4001.40,3998.60,4000.00,856
1788150780000000000,4000.00,4000.00,3997.30,3999.50,1570
1788150840000000000,3999.50,4001.40,3998.00,3999.60,1703
1788150900000000000,4001.10,4001.50,3999.00,4000.40,1094
1788150960000000000,4000.40,4002.00,3999.20,4002.00,863
1788151020000000000,4002.00,4004.90,4001.00,4003.60,1041
1788151080000000000,4003.60,4004.00,4002.30,4003.00,667
1788151140000000000,4003.60,4004.00,4002.60,4003.80,565
1788151200000000000,4003.80,4004.20,3998.40,3998.80,2035
1788151260000000000,3999.60,4001.00,3997.00,3999.10,1323
1788151320000000000,4000.50,4000.90,3994.60,3994.60,6241
1788151380000000000,3994.60,3997.50,3993.40,3996.00,2704
1788151440000000000,3996.00,3996.90,3995.30,3996.70,864
1788151500000000000,3996.70,3997.00,3994.30,3997.00,1396
1788151560000000000,3997.00,3997.90,3996.20,3997.00,754
1788151620000000000,3997.90,3998.90,3997.00,3998.90,1244
1788151680000000000,3998.90,3998.90,3997.20,3998.80,1278
1788151740000000000,3998.80,4000.00,3998.30,3999.40,845
1788151800000000000,3999.40,3999.40,3997.00,3998.20,833
1788151860000000000,3998.20,3998.60,3994.10,3995.40,1477
1788151920000000000,3995.40,3999.00,3994.10,3999.00,970
1788151980000000000,3998.80,3998.90,3996.10,3997.00,712
1788152040000000000,3997.00,3999.10,3995.90,3998.00,533
1788152100000000000,3998.00,3998.00,3996.80,3996.80,707
1788152160000000000,3997.90,3998.00,3996.80,3998.00,2470
1788152220000000000,3998.00,4000.00,3997.80,3999.00,829
1788152280000000000,4000.00,4001.60,3998.70,3999.60,1274
1788152340000000000,3999.60,4000.00,3999.00,4000.00,398
1788152400000000000,4000.00,4002.00,3999.50,4001.40,755
1788152460000000000,4001.40,4001.50,3999.40,4000.60,1102
1788152520000000000,4000.60,4001.70,3999.40,3999.60,598
1788152580000000000,4000.00,4000.80,3999.40,3999.40,671
1788152640000000000,4000.00,4000.50,3999.20,3999.50,955
1788152700000000000,4000.00,4001.10,3999.40,4000.80,1024
1788152760000000000,4000.00,4001.40,3999.10,4000.70,945
1788152820000000000,4000.70,4001.70,3999.20,3999.50,495
1788152880000000000,3999.50,4000.00,3996.50,3999.50,2124
1788152940000000000,3999.50,4001.10,3997.50,3999.90,1305
1788153000000000000,3999.90,4000.00,3997.30,3999.20,853
1788153060000000000,3999.20,3999.50,3996.00,3997.50,1176
1788153120000000000,3997.70,3998.00,3995.20,3997.60,1141
1788153180000000000,3997.70,3999.90,3996.50,3999.00,869
1788153240000000000,3999.00,4000.00,3998.00,4000.00,658
1788153300000000000,4000.00,4000.00,3996.70,3997.00,2486
1788153360000000000,3998.50,3999.10,3996.10,3996.30,1411
1788153420000000000,3996.30,3998.30,3996.00,3996.20,1682
1788153480000000000,3996.20,3998.00,3996.00,3996.40,1429
1788153540000000000,3996.40,3997.60,3996.00,3996.10,1589
1788153600000000000,3996.10,3997.70,3995.10,3995.10,11434
1788153660000000000,3995.10,3995.40,3994.80,3994.80,1870
1788153720000000000,3994.80,3997.40,3994.20,3995.30,1264
1788153780000000000,3995.30,3997.70,3994.80,3997.10,2003
1788153840000000000,3997.10,3997.10,3993.00,3993.20,2950
1788153900000000000,3993.20,3994.70,3992.50,3992.60,2073
1788153960000000000,3992.80,3994.00,3991.10,3991.50,2911
1788154020000000000,3991.50,3993.00,3990.00,3990.00,5705
1788154080000000000,3990.20,3990.20,3985.60,3988.10,11672
1788154140000000000,3988.10,3990.00,3988.00,3988.70,2446
1788154200000000000,3988.70,3989.40,3988.00,3988.30,1490
1788154260000000000,3988.30,3988.70,3988.00,3988.50,2077
1788154320000000000,3988.50,3989.40,3988.00,3988.30,1752
1788154380000000000,3988.30,3988.30,3985.60,3986.10,1736
1788154440000000000,3986.10,3986.70,3985.00,3986.00,2629
1788154500000000000,3986.00,3987.60,3985.60,3985.80,1925
1788154560000000000,3985.80,3986.40,3985.00,3985.80,1376
1788154620000000000,3985.80,3987.20,3983.50,3987.20,2756
1788154680000000000,3986.20,3987.10,3984.50,3984.50,1410
1788154740000000000,3984.50,3985.00,3984.00,3984.00,1588
1788154800000000000,3984.00,3984.20,3983.50,3983.50,2005
1788154860000000000,3983.50,3983.50,3981.50,3981.50,2026
1788154920000000000,3982.10,3983.80,3981.70,3981.70,1653
1788154980000000000,3981.80,3983.50,3980.00,3980.10,4336
1788155040000000000,3981.20,3982.40,3980.00,3982.40,2062
1788155100000000000,3982.40,3982.70,3981.20,3982.20,1469
1788155160000000000,3982.20,3984.40,3982.10,3983.50,2442
1788155220000000000,3983.50,3985.30,3982.30,3984.00,2201
1788155280000000000,3984.00,3985.20,3982.70,3983.60,1699
1788155340000000000,3983.60,3983.80,3982.40,3982.60,2232
1788155400000000000,3983.80,3984.80,3983.00,3983.70,1694
1788155460000000000,3983.70,3984.80,3983.00,3983.40,2127
1788155520000000000,3984.20,3985.00,3983.20,3983.60,2639
1788155580000000000,3983.60,3985.60,3982.80,3984.10,2870
1788155640000000000,3984.80,3985.00,3982.00,3982.40,1810
1788155700000000000,3983.40,3983.90,3977.00,3977.50,9324
1788155760000000000,3977.50,3979.90,3977.00,3978.30,1699
1788155820000000000,3979.00,3980.00,3976.00,3979.90,4713
1788155880000000000,3979.40,3980.00,3977.00,3978.40,1677
1788155940000000000,3978.40,3982.20,3978.00,3980.60,2091
1788156000000000000,3980.60,3983.40,3980.60,3981.80,1421
1788156060000000000,3981.80,3983.80,3981.30,3981.90,2398
1788156120000000000,3982.00,3984.00,3981.30,3983.20,1877
1788156180000000000,3983.10,3983.60,3980.70,3981.20,2448
1788156240000000000,3982.80,3984.60,3981.30,3983.10,1312
1788156300000000000,3983.10,3983.50,3982.10,3983.20,1447
1788156360000000000,3983.20,3984.40,3982.70,3983.30,1691
1788156420000000000,3983.30,3984.70,3982.10,3982.10,1731
1788156480000000000,3982.10,3983.70,3982.00,3983.40,1895
1788156540000000000,3983.40,3984.80,3982.50,3984.30,1748
1788156600000000000,3984.30,3984.50,3982.60,3984.00,1331
1788156660000000000,3984.00,3984.20,3982.60,3982.90,1924
1788156720000000000,3982.90,3985.00,3982.60,3983.50,3981
1788156780000000000,3983.50,3984.90,3982.20,3982.30,1461
1788156840000000000,3982.30,3985.00,3982.20,3982.20,2381
1788156900000000000,3982.20,3984.20,3981.70,3984.20,2605
1788156960000000000,3984.20,3985.00,3982.90,3982.90,2946
1788157020000000000,3982.90,3983.50,3981.70,3982.60,3486
1788157080000000000,3983.20,3984.80,3982.00,3983.60,2260
1788157140000000000,3984.00,3987.90,3983.80,3985.20,4593
1788157200000000000,3985.20,3986.80,3984.10,3985.30,1796
1788157260000000000,3985.30,3988.20,3985.30,3987.50,2635
1788157320000000000,3988.00,3988.20,3986.40,3986.70,2304
1788157380000000000,3987.70,3988.80,3986.00,3988.00,1839
1788157440000000000,3988.00,3994.90,3987.50,3992.60,27409
1788157500000000000,3993.00,3994.20,3991.70,3993.60,3043
1788157560000000000,3993.60,3997.80,3992.70,3995.10,4019
1788157620000000000,3995.10,3996.00,3994.60,3995.50,3227
1788157680000000000,3995.50,3995.50,3992.10,3992.10,3804
1788157740000000000,3992.10,3992.80,3990.80,3990.80,1895
1788157800000000000,3992.00,3992.60,3990.00,3990.50,1767
1788157860000000000,3990.70,3991.00,3987.70,3989.90,2591
1788157920000000000,3989.70,3989.90,3988.00,3988.40,1323
1788157980000000000,3988.40,3990.00,3987.30,3989.00,2262
1788158040000000000,3989.00,3994.00,3988.40,3993.60,4982
1788158100000000000,3993.60,3993.90,3985.00,3990.10,19915
1788158160000000000,3991.90,3997.50,3990.40,3995.00,12560
1788158220000000000,3995.00,3999.80,3994.30,3995.20,14338
1788158280000000000,3995.20,3996.80,3995.00,3996.30,1465
1788158340000000000,3996.30,3998.00,3994.50,3996.50,1327
1788158400000000000,3996.50,3997.30,3995.50,3996.30,1532
1788158460000000000,3996.30,3996.60,3995.00,3995.00,2148
1788158520000000000,3995.50,3996.10,3994.50,3995.20,1191
1788158580000000000,3995.20,3996.70,3994.50,3995.90,2064
1788158640000000000,3995.80,3995.80,3994.00,3995.00,2489
1788158700000000000,3995.10,3996.80,3995.00,3996.30,2376
1788158760000000000,3996.30,3999.90,3996.20,3998.70,3355
1788158820000000000,3998.70,4001.00,3998.40,4000.00,4385
1788158880000000000,4000.00,4000.50,3999.90,4000.50,2997
1788158940000000000,4000.50,4002.50,4000.00,4001.60,1962
1788159000000000000,4001.60,4002.30,4000.10,4000.50,3015
1788159060000000000,4000.50,4002.30,4000.50,4002.00,4602
1788159120000000000,4002.30,4004.80,4002.00,4003.70,2576
1788159180000000000,4003.70,4004.00,4002.00,4003.00,1796
1788159240000000000,4003.70,4004.00,4000.00,4002.00,10379
1788159300000000000,4002.10,4002.90,4001.90,4002.20,3772
1788159360000000000,4002.60,4002.80,4000.80,4001.00,2858
1788159420000000000,4001.10,4002.00,3998.00,3999.50,3209
1788159480000000000,4000.30,4001.10,3999.50,4001.00,1491
1788159540000000000,4001.00,4002.50,4000.00,4000.70,1816
1788159600000000000,4000.70,4002.00,3999.30,4000.00,3667
1788159660000000000,4000.00,4002.00,4000.00,4001.70,1705
1788159720000000000,4001.70,4002.50,4000.40,4002.00,1691
1788159780000000000,4002.30,4002.30,4000.00,4000.00,2215
1788159840000000000,4000.60,4002.00,3998.70,3998.70,2852
1788159900000000000,4000.00,4002.00,3999.40,4000.90,1848
1788159960000000000,4001.90,4002.00,4001.00,4001.40,1369
1788160020000000000,4001.40,4001.90,4000.80,4001.90,1565
1788160080000000000,4001.90,4003.50,4000.80,4002.00,2481
1788160140000000000,4002.00,4002.80,4001.90,4002.40,1504
1788160200000000000,4002.40,4003.40,4001.90,4002.30,2146
1788160260000000000,4002.30,4005.50,4001.60,4005.50,3841
1788160320000000000,4005.20,4005.90,4002.70,4002.90,1613
1788160380000000000,4002.90,4004.00,4001.60,4002.10,1659
1788160440000000000,4002.20,4003.00,4001.70,4002.50,1460
1788160500000000000,4002.50,4003.00,4002.00,4002.10,1161
1788160560000000000,4002.10,4003.00,4001.00,4001.00,1535
1788160620000000000,4001.00,4003.00,4000.50,4000.80,3357
1788160680000000000,4000.80,4003.60,4000.40,4002.90,2532
1788160740000000000,4003.00,4003.90,3999.70,4000.60,4567
1788160800000000000,4002.00,4003.90,4001.50,4002.50,2126
1788160860000000000,4003.70,4003.70,4002.10,4002.50,1581
1788160920000000000,4002.50,4004.00,4002.00,4003.50,4121
1788160980000000000,4003.50,4004.00,4002.70,4002.70,1456
1788161040000000000,4002.70,4003.20,4002.30,4002.40,1164
1788161100000000000,4002.40,4003.50,4002.10,4003.00,1855
1788161160000000000,4003.00,4003.10,4001.30,4002.00,2361
1788161220000000000,4002.00,4002.00,3998.50,3999.20,2811
1788161280000000000,3999.20,4000.80,3998.00,3999.60,2485
1788161340000000000,4000.10,4000.80,3999.10,3999.10,1285
1788161400000000000,4000.00,4001.90,3999.10,4000.60,1540
1788161460000000000,4000.70,4004.50,4000.70,4002.70,2250
1788161520000000000,4002.70,4004.90,4002.60,4003.10,2559
1788161580000000000,4003.20,4004.90,4002.20,4003.30,2671
1788161640000000000,4003.30,4005.00,4002.90,4004.00,2531
1788161700000000000,4004.00,4005.00,4003.00,4003.30,1846
1788161760000000000,4003.30,4004.00,4002.40,4002.40,1314
1788161820000000000,4003.00,4003.30,4002.00,4002.50,1923
1788161880000000000,4003.20,4003.20,4001.00,4001.10,1602
1788161940000000000,4001.10,4002.10,4000.70,4001.00,1295
1788162000000000000,4001.00,4003.20,4000.70,4002.80,2171
1788162060000000000,4002.80,4007.00,4001.80,4001.80,5715
1788162120000000000,4001.80,4003.50,4001.80,4003.00,1703
1788162180000000000,4003.20,4004.10,4002.20,4003.50,2185
1788162240000000000,4003.00,4005.70,4003.00,4005.10,3437
1788162300000000000,4005.10,4005.60,4003.60,4005.00,7947
1788162360000000000,4005.10,4005.10,4003.40,4003.70,7471
1788162420000000000,4003.70,4003.70,4002.70,4002.70,2979
1788162480000000000,4002.90,4006.40,4002.40,4005.90,3843
1788162540000000000,4005.90,4005.90,4003.20,4003.70,1282
1788162600000000000,4003.70,4005.00,4003.00,4003.10,1178
1788162660000000000,4003.40,4005.60,4003.00,4005.00,2097
1788162720000000000,4005.00,4005.90,4003.90,4005.00,2364
1788162780000000000,4005.30,4007.90,4005.00,4007.10,3472
1788162840000000000,4007.10,4007.10,4006.20,4007.10,3663
1788162900000000000,4007.10,4007.10,4005.50,4005.70,1383
1788162960000000000,4005.70,4008.00,4005.30,4007.00,2757
1788163020000000000,4007.50,4008.00,4006.20,4007.00,2351
1788163080000000000,4007.50,4007.50,4007.00,4007.00,1425
1788163140000000000,4007.50,4008.10,4007.00,4008.00,2861
1788163200000000000,4008.40,4008.90,4007.80,4008.00,1720
1788163260000000000,4008.50,4010.00,4007.60,4007.60,5173
1788163320000000000,4008.00,4009.70,4007.60,4008.30,1768
1788163380000000000,4008.30,4009.60,4008.30,4008.60,1217
1788163440000000000,4008.60,4008.60,4008.00,4008.00,1431
1788163500000000000,4008.00,4008.60,4007.70,4008.00,1454
1788163560000000000,4008.00,4008.60,4007.00,4007.10,1442
1788163620000000000,4007.90,4008.60,4007.20,4007.90,1621
1788163680000000000,4007.90,4010.00,4007.50,4009.60,3809
1788163740000000000,4009.80,4009.80,4007.20,4007.30,1736
1788163800000000000,4007.30,4009.40,4007.10,4007.20,1687
1788163860000000000,4007.20,4009.10,4007.20,4007.50,1648
1788163920000000000,4008.50,4009.10,4007.00,4007.90,1963
1788163980000000000,4007.80,4007.80,4005.10,4005.50,3037
1788164040000000000,4005.50,4006.90,4004.10,4004.30,1670
1788164100000000000,4004.30,4005.00,4003.60,4004.50,1727
1788164160000000000,4004.50,4005.80,4003.80,4003.80,1327
1788164220000000000,4003.80,4005.00,4003.00,4003.00,1602
1788164280000000000,4003.50,4006.00,4003.30,4004.80,1992
1788164340000000000,4004.80,4007.70,4004.80,4005.20,2275
1788164400000000000,4005.20,4006.50,4005.00,4005.90,2223
1788164460000000000,4005.90,4006.80,4004.60,4004.70,1352
1788164520000000000,4004.70,4005.80,4004.00,4004.60,1935
1788164580000000000,4005.20,4006.90,4004.70,4004.70,1847
1788164640000000000,4005.30,4006.00,4004.70,4004.70,1326
1788164700000000000,4006.00,4006.00,4004.10,4004.50,1549
1788164760000000000,4004.50,4009.00,4004.50,4008.00,5605
1788164820000000000,4008.80,4010.00,4005.90,4006.20,13835
1788164880000000000,4006.20,4007.10,4004.90,4005.20,1724
1788164940000000000,4005.20,4005.70,4004.70,4004.70,1767
1788165000000000000,4004.80,4006.80,4004.80,4005.90,1574
1788165060000000000,4005.90,4008.10,4005.80,4008.10,5730
1788165120000000000,4008.70,4010.00,4008.30,4009.00,9480
1788165180000000000,4009.10,4009.20,4006.20,4006.20,5798
1788165240000000000,4006.60,4008.20,4004.90,4005.00,7252
1788165300000000000,4006.50,4006.50,4004.00,4004.00,5762
1788165360000000000,4005.50,4010.00,4004.10,4008.20,22299
1788165420000000000,4008.80,4009.70,4006.90,4009.00,4475
1788165480000000000,4009.00,4009.90,4007.10,4007.50,3480
1788165540000000000,4007.50,4010.10,4007.20,4010.00,3934
1788165600000000000,4010.10,4012.00,4010.00,4010.80,2063
1788165660000000000,4010.80,4011.40,4010.00,4011.40,2652
1788165720000000000,4011.60,4013.10,4010.00,4010.00,3716
1788165780000000000,4010.10,4012.00,4009.80,4012.00,5602
1788165840000000000,4011.00,4013.20,4011.00,4011.30,6449
1788165900000000000,4011.30,4011.30,4010.00,4010.30,3565
1788165960000000000,4010.30,4012.00,4010.30,4011.00,2267
1788166020000000000,4011.10,4012.00,4010.70,4010.70,2085
1788166080000000000,4010.70,4013.70,4010.00,4013.70,4467
1788166140000000000,4014.00,4017.00,4013.60,4016.00,4904
1788166200000000000,4016.50,4019.10,4015.50,4015.50,3674
1788166260000000000,4015.50,4018.20,4015.40,4018.20,3345
1788166320000000000,4018.60,4020.50,4018.30,4020.00,5612
1788166380000000000,4020.30,4020.50,4018.60,4020.00,17674
1788166440000000000,4020.10,4020.30,4020.00,4020.00,5650
1788166500000000000,4020.20,4020.30,4018.70,4018.70,4903
1788166560000000000,4018.70,4020.00,4018.30,4018.50,1474
1788166620000000000,4018.50,4019.40,4015.00,4017.00,4696
1788166680000000000,4016.90,4018.90,4013.90,4015.20,4240
1788166740000000000,4015.20,4019.00,4014.80,4014.80,3551
1788166800000000000,4014.90,4017.80,4013.40,4015.00,2019
1788166860000000000,4015.00,4016.00,4014.30,4014.70,2382
1788166920000000000,4014.70,4016.90,4014.10,4015.20,1902
1788166980000000000,4015.20,4020.20,4014.30,4018.10,15189
1788167040000000000,4018.10,4018.10,4015.80,4016.00,2435
1788167100000000000,4016.00,4016.70,4015.10,4015.30,1548
1788167160000000000,4016.00,4017.40,4015.80,4016.30,1972
1788167220000000000,4016.90,4018.00,4015.40,4015.90,1540
1788167280000000000,4015.90,4017.00,4015.00,4015.80,2505
1788167340000000000,4015.80,4016.30,4015.00,4015.90,2042
1788167400000000000,4015.90,4016.40,4015.20,4015.70,3136
1788167460000000000,4015.70,4017.90,4014.80,4016.00,3315
1788167520000000000,4016.80,4017.50,4015.40,4016.10,3250
1788167580000000000,4017.00,4017.00,4013.50,4014.50,3765
1788167640000000000,4014.50,4017.70,4014.30,4015.60,4469
1788167700000000000,4015.60,4019.00,4015.50,4019.00,3448
1788167760000000000,4018.60,4030.00,4018.50,4030.00,14911
1788167820000000000,4029.60,4029.70,4021.40,4021.50,4072
1788167880000000000,4021.50,4022.60,4020.10,4022.20,3252
1788167940000000000,4022.20,4023.90,4020.10,4023.10,4238
1788168000000000000,4023.10,4025.00,4022.60,4023.70,5126
1788168060000000000,4023.60,4025.90,4023.10,4025.20,5999
1788168120000000000,4025.10,4029.70,4024.80,4028.10,8836
1788168180000000000,4026.80,4029.80,4026.10,4028.60,4168
1788168240000000000,4028.50,4028.80,4026.00,4026.00,3456
1788168300000000000,4026.00,4028.00,4025.80,4026.30,3534
1788168360000000000,4026.30,4027.60,4023.70,4024.40,5405
1788168420000000000,4024.90,4027.40,4022.50,4023.40,5576
1788168480000000000,4023.90,4024.70,4022.50,4022.50,3143
1788168540000000000,4022.80,4024.00,4021.40,4022.00,3479
1788168600000000000,4021.80,4027.00,4021.20,4025.30,6274
1788168660000000000,4025.30,4027.00,4022.20,4022.20,8341
1788168720000000000,4022.20,4023.90,4021.60,4022.10,8131
1788168780000000000,4022.00,4022.20,4018.00,4021.60,12424
1788168840000000000,4020.80,4022.30,4019.50,4019.90,8628
1788168900000000000,4020.50,4022.00,4019.00,4021.00,7615
1788168960000000000,4019.90,4023.00,4019.90,4019.90,13184
1788169020000000000,4020.20,4023.80,4019.90,4021.70,19246
1788169080000000000,4020.60,4023.90,4019.90,4021.10,22353
1788169140000000000,4021.10,4029.00,4019.70,4028.10,17991
1788169200000000000,4028.60,4029.20,4022.00,4023.40,7619
1788169260000000000,4023.50,4025.90,4023.40,4024.10,6922
1788169320000000000,4024.10,4030.00,4024.00,4024.10,8879
1788169380000000000,4024.10,4030.00,4018.00,4019.90,9689
1788169440000000000,4018.10,4025.00,4010.10,4025.00,7288
1788169500000000000,4025.00,4025.00,4025.00,4025.00,0
1788169560000000000,4025.00,4025.00,4025.00,4025.00,0
1788169620000000000,4025.00,4025.00,4025.00,4025.00,0
1788169680000000000,4025.00,4025.00,4025.00,4025.00,0
1788169740000000000,4025.00,4025.00,4025.00,4025.00,0
1788169800000000000,4025.00,4025.00,4025.00,4025.00,0
1788169860000000000,4025.00,4025.00,4025.00,4025.00,0
1788169920000000000,4025.00,4025.00,4025.00,4025.00,0
1788169980000000000,4025.00,4025.00,4025.00,4025.00,0
1788170040000000000,4025.00,4025.00,4025.00,4025.00,0
1788170100000000000,4025.00,4025.00,4025.00,4025.00,0
1788170160000000000,4025.00,4025.00,4025.00,4025.00,0
1788170220000000000,4025.00,4025.00,4025.00,4025.00,0
1788170280000000000,4025.00,4025.00,4025.00,4025.00,0
1788170340000000000,4044.90,4044.90,4044.90,4044.90,331790
1788234300000000000,4038.00,4038.00,4015.60,4020.90,13829
1788234360000000000,4021.20,4023.00,4015.50,4017.60,4388
1788234420000000000,4018.90,4019.60,4007.30,4014.90,6048
1788234480000000000,4014.90,4019.90,4013.00,4019.70,4510
1788234540000000000,4019.30,4021.00,4016.00,4020.40,2879
1788234600000000000,4021.00,4023.00,4018.70,4022.00,2208
1788234660000000000,4022.00,4023.00,4016.60,4018.00,2833
1788234720000000000,4018.00,4018.00,4015.30,4015.80,1841
1788234780000000000,4015.70,4016.50,4015.00,4015.50,1330
1788234840000000000,4015.50,4016.70,4014.00,4015.00,2908
1788234900000000000,4015.50,4016.00,4011.70,4014.20,2176
1788234960000000000,4015.00,4021.20,4014.90,4020.00,3115
1788235020000000000,4020.00,4021.30,4018.10,4018.10,1437
1788235080000000000,4018.70,4021.80,4017.10,4021.40,3096
1788235140000000000,4021.40,4023.50,4020.60,4022.50,2025
1788235200000000000,4022.40,4023.00,4020.30,4023.00,1832
1788235260000000000,4023.00,4023.90,4020.80,4023.00,1840
1788235320000000000,4023.00,4024.00,4021.30,4022.90,2827
1788235380000000000,4022.90,4022.90,4020.90,4021.90,1567
1788235440000000000,4021.90,4023.00,4020.90,4021.00,1163
1788235500000000000,4021.00,4022.60,4020.40,4021.40,1520
1788235560000000000,4021.30,4021.30,4016.70,4019.40,2785
1788235620000000000,4019.40,4019.60,4015.40,4018.80,1786
1788235680000000000,4018.80,4018.80,4017.30,4018.20,256
1788235740000000000,4018.20,4018.20,4016.00,4016.60,1122
1788235800000000000,4016.60,4016.60,4015.00,4015.60,2344
1788235860000000000,4015.60,4017.60,4015.00,4016.40,3589
1788235920000000000,4016.40,4016.40,4014.20,4014.30,1930
1788235980000000000,4014.30,4014.30,4012.40,4013.20,999
1788236040000000000,4013.20,4013.60,4012.00,4012.00,1083
1788236100000000000,4012.50,4012.50,4011.60,4011.80,555
1788236160000000000,4012.00,4012.50,4010.70,4011.70,831
1788236220000000000,4011.60,4012.00,4010.00,4011.50,2477
1788236280000000000,4011.50,4013.00,4010.00,4013.00,1446
1788236340000000000,4013.00,4013.60,4011.50,4012.70,970
1788236400000000000,4013.20,4014.00,4011.50,4013.50,987
1788236460000000000,4012.80,4014.00,4012.10,4013.00,991
1788236520000000000,4013.20,4014.00,4012.20,4012.20,1303
1788236580000000000,4012.20,4012.20,4010.60,4011.00,946
1788236640000000000,4011.00,4011.00,4009.10,4009.70,1368
1788236700000000000,4009.80,4011.40,4008.60,4010.80,1708
1788236760000000000,4011.00,4011.20,4007.00,4007.60,2569
1788236820000000000,4008.80,4008.80,4007.00,4007.90,534
1788236880000000000,4007.90,4009.00,4007.00,4007.90,1998
1788236940000000000,4008.60,4009.00,4007.00,4007.70,1059
1788237000000000000,4007.70,4007.80,4005.50,4005.50,3487
1788237060000000000,4006.10,4006.30,4004.00,4005.10,2216
1788237120000000000,4005.10,4006.50,4003.20,4005.20,1670
1788237180000000000,4005.20,4005.50,4003.30,4005.50,3718
1788237240000000000,4005.30,4007.00,4004.70,4006.50,1949
1788237300000000000,4006.00,4007.50,4005.60,4005.60,2924
1788237360000000000,4006.40,4006.90,4002.00,4005.00,3125
1788237420000000000,4005.00,4005.00,4002.80,4003.50,1300
1788237480000000000,4004.00,4004.90,4002.10,4003.90,2441
1788237540000000000,4003.90,4004.50,4002.90,4004.50,1100
1788237600000000000,4004.50,4004.50,4001.00,4002.80,3910
1788237660000000000,4002.80,4003.40,4002.00,4002.60,2061
1788237720000000000,4003.00,4003.40,4002.60,4003.40,1747
1788237780000000000,4003.40,4003.40,4001.00,4002.40,2744
1788237840000000000,4002.40,4002.40,4001.30,4001.70,969
1788237900000000000,4001.70,4005.00,4001.20,4004.80,2142
1788237960000000000,4005.00,4007.30,4005.00,4006.80,2549
1788238020000000000,4006.80,4008.40,4005.00,4007.50,4813
1788238080000000000,4007.20,4009.60,4005.60,4009.20,3612
1788238140000000000,4009.20,4009.90,4007.80,4008.70,1470
1788238200000000000,4008.70,4009.60,4007.80,4007.80,1283
1788238260000000000,4008.70,4009.40,4007.10,4008.00,1229
1788238320000000000,4008.00,4012.10,4007.90,4011.30,2947
1788238380000000000,4011.30,4011.70,4010.70,4011.30,803
1788238440000000000,4011.40,4011.40,4009.10,4009.20,2630
1788238500000000000,4009.20,4010.00,4008.80,4008.80,912
1788238560000000000,4009.20,4011.10,4008.90,4010.00,1418
1788238620000000000,4010.00,4011.40,4009.00,4011.20,1691
1788238680000000000,4011.20,4011.30,4010.10,4010.20,1292
1788238740000000000,4010.20,4011.40,4010.10,4011.40,984
1788238800000000000,4011.40,4013.20,4007.80,4007.80,1976
1788238860000000000,4009.20,4011.30,4008.00,4009.20,844
1788238920000000000,4010.40,4011.80,4009.10,4011.40,855
1788238980000000000,4011.40,4011.60,4010.00,4010.70,563
1788239040000000000,4010.50,4010.90,4009.40,4009.40,365
1788239100000000000,4009.90,4010.30,4008.70,4009.80,793
1788239160000000000,4009.80,4010.00,4006.40,4010.00,1981
1788239220000000000,4010.00,4014.70,4009.90,4013.80,2023
1788239280000000000,4013.60,4014.10,4012.30,4013.90,880
1788239340000000000,4013.90,4014.30,4013.50,4014.10,1149
1788239400000000000,4014.20,4014.20,4010.70,4013.00,2918
1788239460000000000,4013.00,4013.00,4012.00,4012.40,571
1788239520000000000,4012.40,4013.00,4011.60,4011.90,473
1788239580000000000,4012.50,4013.00,4011.90,4012.70,2649
1788239640000000000,4012.70,4013.00,4012.00,4012.00,520
1788239700000000000,4012.60,4012.60,4010.20,4011.20,1551
1788239760000000000,4011.40,4012.00,4010.00,4010.80,1345
1788239820000000000,4010.80,4011.20,4010.10,4011.10,604
1788239880000000000,4011.20,4012.70,4011.00,4012.60,992
1788239940000000000,4012.10,4013.00,4011.00,4013.00,369
1788240000000000000,4013.00,4013.00,4011.30,4013.00,1348
1788240060000000000,4013.00,4013.00,4011.40,4013.00,543
1788240120000000000,4013.00,4013.70,4012.00,4012.70,1050
1788240180000000000,4012.60,4014.00,4012.20,4014.00,1346
1788240240000000000,4014.00,4014.30,4013.30,4014.00,586
1788240300000000000,4014.50,4015.00,4010.80,4013.70,3311
1788240360000000000,4013.80,4015.80,4013.10,4013.50,1263
1788240420000000000,4014.00,4014.60,4011.20,4012.40,1024
1788240480000000000,4013.90,4014.00,4012.30,4012.70,964
1788240540000000000,4012.90,4013.10,4011.20,4012.30,380
1788240600000000000,4012.30,4012.80,4011.00,4011.10,524
1788240660000000000,4011.10,4011.10,4010.30,4010.50,631
1788240720000000000,4010.50,4011.10,4009.30,4009.80,605
1788240780000000000,4009.80,4014.00,4009.10,4014.00,7472
1788240840000000000,4014.00,4015.00,4012.80,4014.00,1328
1788240900000000000,4014.40,4014.70,4012.10,4013.70,563
1788240960000000000,4013.70,4015.00,4012.90,4012.90,459
1788241020000000000,4014.40,4014.90,4013.00,4014.10,722
1788241080000000000,4014.80,4019.00,4014.10,4019.00,2222
1788241140000000000,4019.00,4019.00,4017.60,4018.50,461
1788241200000000000,4018.40,4019.50,4017.60,4018.80,903
1788241260000000000,4018.80,4022.00,4018.70,4021.20,4724
1788241320000000000,4021.20,4024.70,4019.30,4023.80,3480
1788241380000000000,4024.60,4024.60,4021.00,4021.10,1387
1788241440000000000,4021.10,4022.50,4020.10,4022.50,686
1788241500000000000,4022.50,4025.10,4020.30,4022.30,18095
1788241560000000000,4023.70,4024.00,4021.30,4021.30,1544
1788241620000000000,4022.70,4023.00,4021.00,4021.30,289
1788241680000000000,4021.70,4023.00,4020.60,4022.40,525
1788241740000000000,4023.00,4023.00,4022.00,4022.40,175
1788241800000000000,4022.90,4022.90,4020.20,4020.20,533
1788241860000000000,4021.00,4023.20,4020.00,4021.90,423
1788241920000000000,4021.80,4021.80,4020.00,4020.00,1064
1788241980000000000,4020.40,4021.50,4019.70,4020.30,1577
1788242040000000000,4021.50,4022.00,4019.80,4020.00,464
1788242100000000000,4020.70,4021.00,4020.00,4020.70,141
1788242160000000000,4021.00,4022.00,4020.40,4022.00,323
1788242220000000000,4022.00,4023.20,4021.50,4022.50,139
1788242280000000000,4023.00,4027.00,4022.70,4027.00,4844
1788242340000000000,4027.30,4029.00,4025.70,4028.00,2152
1788242400000000000,4028.00,4032.90,4028.00,4031.90,4135
1788242460000000000,4032.00,4033.00,4029.20,4030.20,1303
1788242520000000000,4031.00,4031.00,4029.80,4030.60,1152
1788242580000000000,4030.60,4032.50,4030.10,4030.80,1224
1788242640000000000,4031.00,4031.00,4029.40,4030.90,735
1788242700000000000,4031.00,4031.70,4027.70,4029.00,481
1788242760000000000,4029.00,4030.00,4026.00,4027.30,2608
1788242820000000000,4028.70,4029.40,4027.30,4028.50,158
1788242880000000000,4028.50,4029.00,4026.40,4027.30,528
1788242940000000000,4028.80,4028.90,4027.00,4027.70,327
1788243000000000000,4028.20,4028.20,4025.80,4027.40,629
1788243060000000000,4027.60,4028.90,4027.00,4028.40,1643
1788243120000000000,4028.20,4028.70,4025.70,4027.90,458
1788243180000000000,4027.50,4027.70,4025.90,4026.30,301
1788243240000000000,4026.70,4028.90,4025.90,4027.90,1708
1788243300000000000,4028.30,4030.00,4027.90,4028.20,544
1788243360000000000,4028.60,4029.00,4027.30,4028.00,707
1788243420000000000,4028.00,4028.70,4026.00,4028.50,789
1788243480000000000,4028.70,4028.70,4026.90,4027.40,553
1788243540000000000,4027.90,4027.90,4026.50,4026.70,494
1788243600000000000,4026.70,4026.70,4026.10,4026.50,612
1788243660000000000,4026.50,4026.80,4025.30,4025.90,273
1788243720000000000,4025.90,4025.90,4025.70,4025.70,148
1788243780000000000,4025.80,4027.40,4025.70,4026.30,335
1788243840000000000,4026.90,4028.00,4025.80,4027.80,769
1788243900000000000,4027.80,4028.00,4026.20,4027.20,322
1788243960000000000,4027.80,4028.00,4026.00,4026.10,783
1788244020000000000,4026.20,4028.00,4026.20,4027.50,883
1788244080000000000,4028.00,4028.90,4027.00,4028.70,1287
1788244140000000000,4028.70,4028.70,4027.20,4027.20,1507
1788244200000000000,4028.40,4028.40,4026.00,4027.00,409
1788244260000000000,4027.00,4027.80,4025.00,4026.90,1789
1788244320000000000,4027.00,4027.90,4025.70,4027.70,489
1788244380000000000,4027.40,4027.60,4025.70,4027.40,717
1788244440000000000,4027.40,4031.00,4027.40,4030.10,2484
1788244500000000000,4031.30,4031.70,4030.10,4030.90,1198
1788244560000000000,4030.90,4032.40,4029.90,4031.50,1898
1788244620000000000,4031.50,4031.70,4029.50,4029.80,805
1788244680000000000,4029.80,4031.00,4028.20,4031.00,1395
1788244740000000000,4031.00,4034.20,4029.40,4032.70,2694
1788244800000000000,4033.00,4034.00,4032.10,4033.10,700
1788244860000000000,4033.10,4033.90,4032.00,4032.00,12475
1788244920000000000,4032.20,4032.50,4029.50,4031.80,9590
1788244980000000000,4031.90,4033.70,4031.20,4033.00,11264
1788245040000000000,4033.40,4033.50,4030.10,4031.20,12086
1788245100000000000,4031.20,4032.70,4030.70,4032.00,1893
1788245160000000000,4032.70,4037.40,4032.00,4035.00,12680
1788245220000000000,4035.00,4035.10,4032.10,4033.70,15622
1788245280000000000,4033.60,4034.10,4030.70,4032.40,999
1788245340000000000,4033.40,4033.50,4031.60,4033.20,497
1788245400000000000,4033.20,4033.20,4031.70,4032.70,490
1788245460000000000,4032.70,4033.40,4031.10,4031.70,646
1788245520000000000,4031.70,4035.00,4030.60,4033.90,7261
1788245580000000000,4033.90,4034.40,4030.80,4032.30,746
1788245640000000000,4032.60,4032.90,4030.20,4030.90,1383
1788245700000000000,4030.50,4032.70,4028.80,4031.30,1398
1788245760000000000,4032.00,4033.00,4030.80,4032.00,389
1788245820000000000,4032.00,4032.00,4030.90,4031.00,587
1788245880000000000,4032.00,4035.60,4031.00,4034.60,4686
1788245940000000000,4034.80,4037.10,4034.20,4035.00,2110
1788246000000000000,4035.00,4035.00,4033.60,4034.20,378
1788246060000000000,4034.20,4035.30,4033.70,4035.00,878
1788246120000000000,4035.00,4035.00,4033.50,4034.50,611
1788246180000000000,4035.00,4035.00,4031.90,4032.60,17512
1788246240000000000,4033.00,4033.00,4030.90,4032.00,123
1788246300000000000,4032.00,4033.00,4031.30,4032.60,302
1788246360000000000,4032.60,4032.90,4030.80,4032.70,753
1788246420000000000,4032.70,4037.40,4030.40,4032.00,60331
1788246480000000000,4032.60,4033.20,4030.30,4032.30,865
1788246540000000000,4031.90,4034.40,4031.10,4032.70,1033
1788246600000000000,4032.80,4033.10,4031.90,4032.90,721
1788246660000000000,4031.90,4034.20,4030.20,4031.00,704
1788246720000000000,4032.00,4034.30,4031.10,4032.60,712
1788246780000000000,4032.90,4034.80,4031.90,4033.00,34912
1788246840000000000,4033.00,4033.30,4032.30,4033.10,802
1788246900000000000,4033.10,4033.10,4030.30,4031.30,1093
1788246960000000000,4032.00,4032.80,4030.10,4031.20,459
1788247020000000000,4031.50,4031.90,4030.00,4031.80,426
1788247080000000000,4031.80,4032.20,4030.00,4031.60,1219
1788247140000000000,4031.50,4032.30,4029.60,4030.70,764
1788247200000000000,4030.70,4031.40,4029.60,4030.50,821
1788247260000000000,4031.00,4031.00,4028.00,4030.00,1145
1788247320000000000,4029.00,4030.80,4027.90,4030.00,1887
1788247380000000000,4030.00,4030.00,4028.40,4029.50,266
1788247440000000000,4029.50,4030.00,4028.70,4030.00,394
1788247500000000000,4030.00,4030.00,4029.50,4029.80,418
1788247560000000000,4029.80,4029.80,4027.50,4028.50,393
1788247620000000000,4028.50,4029.50,4027.70,4028.50,145
1788247680000000000,4029.50,4030.00,4028.50,4028.90,521
1788247740000000000,4028.90,4030.00,4028.50,4029.00,421
1788247800000000000,4029.00,4029.30,4026.30,4026.50,727
1788247860000000000,4026.50,4029.40,4025.90,4027.90,972
1788247920000000000,4027.90,4029.10,4026.70,4027.50,509
1788247980000000000,4028.00,4028.00,4026.40,4026.40,359
1788248040000000000,4027.70,4027.90,4026.40,4027.30,264
1788248100000000000,4027.30,4027.40,4025.40,4027.00,578
1788248160000000000,4027.20,4027.80,4025.00,4026.40,853
1788248220000000000,4026.20,4026.80,4025.10,4026.00,378
1788248280000000000,4026.00,4026.70,4025.00,4026.00,420
1788248340000000000,4026.00,4027.40,4025.00,4025.80,997
1788248400000000000,4025.80,4025.90,4023.20,4024.70,1272
1788248460000000000,4024.70,4024.70,4020.70,4020.70,1996
1788248520000000000,4020.70,4021.70,4018.90,4020.10,1558
1788248580000000000,4020.30,4025.00,4020.00,4023.40,6901
1788248640000000000,4023.30,4025.10,4018.60,4020.00,18150
1788248700000000000,4020.30,4020.30,4017.00,4018.50,2163
1788248760000000000,4018.50,4018.50,4015.00,4016.80,2405
1788248820000000000,4016.70,4017.10,4013.40,4014.00,1563
1788248880000000000,4014.10,4014.50,4013.40,4014.30,482
1788248940000000000,4014.30,4014.30,4012.60,4013.80,585
1788249000000000000,4013.80,4013.80,4013.00,4013.80,357
1788249060000000000,4013.80,4015.10,4013.00,4013.50,1196
1788249120000000000,4013.70,4014.00,4012.50,4013.40,1346
1788249180000000000,4013.20,4014.00,4012.10,4012.90,1599
1788249240000000000,4013.10,4016.90,4011.70,4016.90,15165
1788249300000000000,4016.90,4016.90,4015.80,4016.80,264
1788249360000000000,4016.80,4016.80,4015.50,4016.40,396
1788249420000000000,4016.70,4016.70,4015.30,4016.20,357
1788249480000000000,4016.20,4016.30,4015.30,4015.50,679
1788249540000000000,4015.80,4019.60,4015.50,4017.90,2816
1788249600000000000,4018.50,4018.50,4017.30,4017.30,641
1788249660000000000,4017.60,4018.00,4015.50,4015.50,419
1788249720000000000,4015.80,4017.00,4015.30,4015.30,293
1788249780000000000,4016.30,4016.30,4015.00,4015.50,852
1788249840000000000,4015.50,4015.50,4014.20,4014.90,1116
1788249900000000000,4014.90,4016.90,4014.80,4016.10,1646
1788249960000000000,4016.10,4016.10,4013.30,4013.80,2093
1788250020000000000,4014.00,4014.20,4006.10,4006.50,3425
1788250080000000000,4006.80,4008.30,4006.80,4007.40,1447
1788250140000000000,4007.70,4008.20,4006.00,4007.40,2451
1788250200000000000,4007.20,4007.20,4002.10,4003.50,6288
1788250260000000000,4003.20,4003.50,4002.00,4003.00,1565
1788250320000000000,4003.10,4004.40,4002.00,4003.60,3031
1788250380000000000,4003.60,4004.80,4002.50,4004.30,706
1788250440000000000,4004.60,4007.40,4004.10,4004.60,2402
1788250500000000000,4004.60,4004.60,4001.70,4003.00,2699
1788250560000000000,4004.10,4004.10,4002.20,4003.30,586
1788250620000000000,4003.30,4003.30,4002.00,4002.10,1389
1788250680000000000,4002.40,4002.40,4001.20,4001.70,625
1788250740000000000,4001.70,4002.00,4001.00,4001.40,2035
1788250800000000000,4001.40,4001.40,3998.00,3998.10,9959
1788250860000000000,3998.10,3998.10,3992.00,3993.00,5546
1788250920000000000,3993.00,3995.80,3991.50,3994.00,4689
1788250980000000000,3994.10,3995.80,3992.80,3992.80,1257
1788251040000000000,3993.20,3994.60,3992.00,3992.30,5852
1788251100000000000,3992.30,3992.90,3990.50,3990.80,7100
1788251160000000000,3991.80,3994.00,3990.70,3993.10,1622
1788251220000000000,3993.90,3995.00,3992.70,3994.60,1069
1788251280000000000,3994.90,3995.20,3993.70,3993.80,1284
1788251340000000000,3994.80,3996.00,3993.80,3995.10,1738
1788251400000000000,3995.10,3995.30,3990.50,3992.60,5699
1788251460000000000,3993.90,3995.90,3992.20,3994.30,1658
1788251520000000000,3994.60,3994.90,3991.60,3993.10,2027
1788251580000000000,3993.60,3993.60,3991.20,3992.80,1595
1788251640000000000,3992.20,3994.20,3991.40,3992.80,1618
1788251700000000000,3993.20,3993.40,3991.00,3993.40,2082
1788251760000000000,3993.40,3993.80,3992.40,3993.00,1042
1788251820000000000,3993.10,3993.10,3991.90,3991.90,1105
1788251880000000000,3992.30,3992.30,3990.00,3990.70,1275
1788251940000000000,3990.70,3990.90,3987.30,3989.50,7657
1788252000000000000,3989.40,3991.00,3988.50,3990.90,1464
1788252060000000000,3990.90,3994.10,3990.40,3992.70,1871
1788252120000000000,3992.80,3992.80,3990.00,3990.40,1094
1788252180000000000,3990.40,3991.20,3989.10,3989.10,936
1788252240000000000,3989.10,3990.90,3988.00,3988.60,1514
1788252300000000000,3990.00,3990.10,3987.60,3988.50,1136
1788252360000000000,3989.60,3989.60,3987.70,3988.10,725
1788252420000000000,3987.90,3988.30,3986.90,3986.90,1215
1788252480000000000,3987.50,3987.90,3985.00,3986.60,1997
1788252540000000000,3986.60,3987.30,3985.60,3987.10,1205
1788252600000000000,3987.30,3987.70,3986.00,3986.60,903
1788252660000000000,3986.60,3987.10,3985.60,3986.10,1530
1788252720000000000,3986.80,3987.70,3986.00,3986.00,844
1788252780000000000,3987.00,3988.70,3986.40,3987.90,777
1788252840000000000,3987.90,3989.40,3987.00,3988.40,830
1788252900000000000,3988.70,3990.70,3987.90,3990.20,1370
1788252960000000000,3990.40,3991.00,3988.10,3991.00,3000
1788253020000000000,3991.00,3991.00,3988.30,3988.50,1839
1788253080000000000,3990.00,3991.00,3988.90,3990.00,465
1788253140000000000,3991.00,3996.80,3990.60,3995.90,3339
1788253200000000000,3996.00,3996.20,3992.30,3993.00,1346
1788253260000000000,3994.00,3997.30,3992.00,3996.70,967
1788253320000000000,3996.60,3998.70,3994.90,3996.00,1332
1788253380000000000,3996.00,3996.60,3993.40,3994.30,854
1788253440000000000,3995.00,3998.80,3994.00,3998.40,5328
1788253500000000000,3998.30,3999.00,3993.80,3996.00,7129
1788253560000000000,3996.10,3996.40,3994.00,3995.70,852
1788253620000000000,3995.70,3996.20,3993.00,3993.00,1474
1788253680000000000,3994.00,3997.20,3993.00,3997.20,1888
1788253740000000000,3997.40,3997.50,3994.60,3996.00,2093
1788253800000000000,3996.00,3996.10,3993.50,3994.50,919
1788253860000000000,3994.40,3996.10,3993.90,3994.80,963
1788253920000000000,3995.60,3997.50,3994.40,3996.90,1117
1788253980000000000,3996.50,3996.90,3994.70,3995.90,728
1788254040000000000,3996.30,3996.80,3995.50,3995.80,2007
1788254100000000000,3996.80,3999.80,3995.40,3998.20,11401
1788254160000000000,3998.00,3998.40,3994.10,3995.40,2384
1788254220000000000,3995.70,3996.70,3994.80,3996.00,929
1788254280000000000,3996.40,3997.70,3988.80,3992.10,11672
1788254340000000000,3992.50,3997.00,3992.30,3995.20,7689
1788254400000000000,3995.20,3998.90,3993.60,3998.50,7829
1788254460000000000,3998.50,4003.00,3996.10,3998.60,16541
1788254520000000000,3998.20,3998.70,3996.10,3998.00,3868
1788254580000000000,3998.20,3998.50,3995.90,3997.60,2109
1788254640000000000,3998.50,3999.80,3997.60,3999.70,2393
1788254700000000000,3999.70,4000.60,3997.20,3998.90,2455
1788254760000000000,3999.10,3999.40,3996.70,3998.00,1969
1788254820000000000,3998.00,3998.30,3996.20,3997.50,1918
1788254880000000000,3997.70,3999.20,3997.10,3998.00,1855
1788254940000000000,3998.10,3999.00,3995.70,3995.70,4241
1788255000000000000,3997.20,3997.80,3995.00,3996.20,3559
1788255060000000000,3996.60,3997.40,3995.00,3997.20,2214
1788255120000000000,3997.20,3997.20,3993.40,3995.40,2684
1788255180000000000,3995.40,3995.90,3993.30,3995.00,2265
1788255240000000000,3995.90,3996.50,3994.70,3996.00,2090
1788255300000000000,3995.00,3998.10,3994.80,3998.10,6828
1788255360000000000,3998.10,3998.10,3991.20,3995.50,9581
1788255420000000000,3995.50,3998.00,3994.80,3996.30,6328
1788255480000000000,3996.30,3996.90,3995.50,3995.80,2811
1788255540000000000,3995.80,3997.10,3995.70,3995.70,2856
1788255600000000000,3995.80,3996.90,3992.20,3993.50,5543
1788255660000000000,3993.50,3994.90,3993.00,3994.80,5160
1788255720000000000,3994.80,3995.90,3990.00,3990.10,8339
1788255780000000000,3991.20,3993.90,3989.20,3992.30,3961
1788255840000000000,3992.30,3999.00,3988.70,3999.00,4856
1788255900000000000,3999.00,3999.00,3999.00,3999.00,0
1788255960000000000,3999.00,3999.00,3999.00,3999.00,0
1788256020000000000,3999.00,3999.00,3999.00,3999.00,0
1788256080000000000,3999.00,3999.00,3999.00,3999.00,0
1788256140000000000,3999.00,3999.00,3999.00,3999.00,0
1788256200000000000,3999.00,3999.00,3999.00,3999.00,0
1788256260000000000,3999.00,3999.00,3999.00,3999.00,0
1788256320000000000,3999.00,3999.00,3999.00,3999.00,0
1788256380000000000,3999.00,3999.00,3999.00,3999.00,0
1788256440000000000,3999.00,3999.00,3999.00,3999.00,0
1788256500000000000,3999.00,3999.00,3999.00,3999.00,0
1788256560000000000,3999.00,3999.00,3999.00,3999.00,0
1788256620000000000,3999.00,3999.00,3999.00,3999.00,0
1788256680000000000,3999.00,3999.00,3999.00,3999.00,0
1788256740000000000,3980.10,3980.10,3980.10,3980.10,40323
1788320700000000000,3966.00,3974.90,3957.30,3968.60,22902
1788320760000000000,3968.40,3978.40,3967.60,3977.40,6290
1788320820000000000,3977.00,3979.90,3975.70,3976.90,5460
1788320880000000000,3977.00,3989.40,3976.90,3989.40,8925
1788320940000000000,3988.60,3989.10,3983.50,3985.90,4372
1788321000000000000,3985.00,3986.00,3980.00,3982.00,4843
1788321060000000000,3982.00,3982.00,3974.00,3977.50,3948
1788321120000000000,3977.00,3979.30,3968.80,3972.20,7490
1788321180000000000,3971.00,3976.00,3969.30,3973.90,6104
1788321240000000000,3974.70,3976.30,3972.50,3976.10,2521
1788321300000000000,3976.50,3978.00,3975.00,3976.00,2304
1788321360000000000,3975.80,3979.00,3975.80,3977.50,2718
1788321420000000000,3978.30,3979.90,3977.90,3979.00,1557
1788321480000000000,3978.90,3980.00,3977.90,3979.80,2178
1788321540000000000,3979.30,3979.70,3976.00,3977.70,5647
1788321600000000000,3976.80,3979.30,3973.00,3973.90,7191
1788321660000000000,3974.10,3975.30,3973.00,3973.60,952
1788321720000000000,3973.20,3973.40,3971.50,3972.30,1513
1788321780000000000,3972.30,3976.50,3972.30,3976.00,1122
1788321840000000000,3975.60,3976.00,3972.90,3973.00,1834
1788321900000000000,3973.10,3975.50,3971.10,3975.50,2697
1788321960000000000,3975.00,3976.00,3972.10,3973.50,1334
1788322020000000000,3973.50,3974.80,3973.00,3973.40,1213
1788322080000000000,3973.40,3973.70,3971.00,3971.70,1794
1788322140000000000,3971.40,3974.10,3971.00,3971.10,2407
1788322200000000000,3971.40,3973.80,3968.00,3972.00,4323
1788322260000000000,3972.00,3972.80,3971.00,3971.60,442
1788322320000000000,3971.90,3973.00,3969.00,3971.00,2027
1788322380000000000,3970.60,3975.20,3970.00,3975.20,1079
1788322440000000000,3975.40,3977.00,3966.00,3970.70,6486
1788322500000000000,3970.80,3971.20,3966.00,3966.00,2980
1788322560000000000,3967.50,3969.00,3966.10,3967.20,854
1788322620000000000,3968.00,3968.40,3966.00,3966.00,1878
1788322680000000000,3966.90,3967.80,3963.00,3966.60,4554
1788322740000000000,3967.30,3968.30,3965.00,3966.30,1795
1788322800000000000,3966.10,3969.00,3965.00,3968.30,1963
1788322860000000000,3968.90,3968.90,3965.50,3965.70,1095
1788322920000000000,3966.30,3968.90,3965.70,3966.00,1548
1788322980000000000,3965.70,3967.60,3965.70,3967.00,1291
1788323040000000000,3967.00,3967.60,3966.10,3966.80,689
1788323100000000000,3967.00,3969.10,3966.00,3967.10,2550
1788323160000000000,3966.50,3969.60,3966.00,3966.50,2683
1788323220000000000,3967.50,3968.00,3966.00,3966.00,662
1788323280000000000,3967.00,3968.40,3966.00,3967.00,1828
1788323340000000000,3967.50,3970.00,3967.00,3969.00,1697
1788323400000000000,3969.20,3969.20,3963.00,3963.10,3485
1788323460000000000,3963.80,3967.50,3963.10,3966.40,1456
1788323520000000000,3966.90,3967.80,3966.10,3967.40,1186
1788323580000000000,3967.40,3968.00,3966.10,3966.30,1370
1788323640000000000,3966.50,3967.20,3964.10,3964.50,1832
1788323700000000000,3965.10,3968.20,3964.20,3965.50,3002
1788323760000000000,3966.00,3967.90,3963.20,3963.30,1267
1788323820000000000,3963.30,3966.50,3963.30,3965.90,1541
1788323880000000000,3965.90,3967.20,3964.60,3965.30,1909
1788323940000000000,3965.10,3967.50,3965.10,3966.70,916
1788324000000000000,3965.90,3967.00,3964.20,3964.20,1440
1788324060000000000,3965.50,3965.60,3961.60,3961.60,1415
1788324120000000000,3961.70,3962.00,3960.30,3961.00,1457
1788324180000000000,3961.90,3965.10,3961.50,3963.80,1273
1788324240000000000,3963.70,3966.90,3962.00,3962.00,2057
1788324300000000000,3963.00,3963.40,3961.00,3961.10,1121
1788324360000000000,3961.70,3965.00,3961.20,3961.30,2232
1788324420000000000,3961.40,3963.70,3961.40,3962.60,915
1788324480000000000,3962.60,3963.40,3961.60,3962.60,1165
1788324540000000000,3962.60,3963.90,3962.00,3963.00,1206
1788324600000000000,3962.10,3964.90,3962.10,3963.60,1435
1788324660000000000,3964.30,3969.00,3964.30,3968.50,1411
1788324720000000000,3967.80,3972.60,3967.30,3970.00,2901
1788324780000000000,3970.20,3970.60,3966.50,3966.50,1640
1788324840000000000,3966.70,3967.10,3965.00,3965.30,1294
1788324900000000000,3965.90,3969.00,3965.00,3968.60,1111
1788324960000000000,3968.60,3969.00,3968.00,3968.30,630
1788325020000000000,3968.60,3969.50,3968.30,3969.50,1406
1788325080000000000,3969.10,3971.60,3968.20,3968.60,2884
1788325140000000000,3969.60,3971.10,3968.10,3969.50,1277
1788325200000000000,3969.30,3970.10,3968.10,3970.00,1060
1788325260000000000,3970.10,3971.30,3967.00,3967.80,1804
1788325320000000000,3968.50,3968.80,3966.20,3968.70,1885
1788325380000000000,3968.40,3969.20,3966.80,3967.70,2077
1788325440000000000,3967.70,3968.80,3967.30,3967.40,814
1788325500000000000,3968.10,3977.20,3967.50,3971.20,10283
1788325560000000000,3971.40,3971.70,3969.30,3970.90,740
1788325620000000000,3970.90,3974.80,3970.90,3974.80,1219
1788325680000000000,3974.30,3975.40,3972.90,3974.20,3037
1788325740000000000,3974.50,3974.50,3972.30,3972.70,1021
1788325800000000000,3972.90,3976.70,3972.10,3976.70,1747
1788325860000000000,3975.60,3978.00,3975.60,3977.00,1490
1788325920000000000,3976.90,3977.50,3976.60,3976.80,820
1788325980000000000,3976.90,3977.90,3973.30,3974.40,1529
1788326040000000000,3974.40,3975.80,3974.30,3975.70,392
1788326100000000000,3975.70,3976.20,3973.30,3975.60,1354
1788326160000000000,3975.20,3977.00,3974.80,3975.20,1753
1788326220000000000,3975.80,3977.60,3974.50,3976.30,990
1788326280000000000,3976.70,3976.80,3973.80,3974.90,936
1788326340000000000,3974.80,3975.40,3973.90,3974.60,867
1788326400000000000,3974.90,3975.20,3974.50,3975.00,903
1788326460000000000,3975.20,3975.60,3971.40,3972.80,1789
1788326520000000000,3973.60,3973.60,3970.00,3970.10,1073
1788326580000000000,3970.70,3971.90,3970.00,3970.40,1105
1788326640000000000,3970.50,3973.90,3970.00,3972.10,947
1788326700000000000,3973.90,3979.00,3973.40,3977.30,1681
1788326760000000000,3977.30,3979.40,3977.30,3978.90,2108
1788326820000000000,3979.00,3979.50,3978.50,3978.50,1493
1788326880000000000,3978.50,3978.90,3975.60,3975.70,2126
1788326940000000000,3976.10,3977.70,3975.00,3975.90,1119
1788327000000000000,3976.70,3979.40,3975.00,3978.70,1308
1788327060000000000,3978.80,3979.00,3976.10,3976.90,1648
1788327120000000000,3976.50,3976.90,3970.10,3973.30,12947
1788327180000000000,3973.10,3974.10,3971.20,3973.00,1523
1788327240000000000,3973.50,3974.20,3972.90,3973.80,689
1788327300000000000,3973.80,3974.50,3972.00,3973.20,1539
1788327360000000000,3973.00,3974.50,3970.00,3972.50,1228
1788327420000000000,3972.50,3973.90,3972.00,3973.10,1879
1788327480000000000,3973.30,3973.30,3970.10,3970.50,1685
1788327540000000000,3970.40,3970.80,3965.00,3965.50,3945
1788327600000000000,3965.60,3967.50,3965.30,3967.20,938
1788327660000000000,3967.30,3967.50,3966.60,3966.90,1460
1788327720000000000,3967.10,3967.80,3966.60,3967.10,673
1788327780000000000,3966.90,3967.60,3965.50,3966.50,1776
1788327840000000000,3966.30,3969.60,3965.30,3969.30,1970
1788327900000000000,3969.50,3971.40,3969.30,3971.40,1165
1788327960000000000,3971.30,3971.30,3969.00,3969.50,1116
1788328020000000000,3969.50,3970.40,3969.40,3970.40,980
1788328080000000000,3970.40,3972.90,3969.40,3972.50,1497
1788328140000000000,3972.70,3972.80,3969.30,3970.90,1469
1788328200000000000,3971.00,3971.80,3970.50,3970.50,853
1788328260000000000,3970.80,3971.40,3968.00,3968.30,991
1788328320000000000,3968.10,3969.10,3966.00,3967.90,930
1788328380000000000,3967.80,3968.50,3966.00,3967.20,762
1788328440000000000,3967.60,3967.90,3966.80,3966.80,988
1788328500000000000,3967.00,3967.00,3966.40,3966.80,1068
1788328560000000000,3966.80,3967.00,3965.00,3965.00,2327
1788328620000000000,3965.30,3966.20,3965.00,3965.10,913
1788328680000000000,3965.00,3965.80,3965.00,3965.70,980
1788328740000000000,3965.80,3965.90,3963.80,3965.00,1993
1788328800000000000,3964.60,3965.10,3963.70,3963.90,818
1788328860000000000,3963.90,3964.00,3963.00,3963.10,1410
1788328920000000000,3963.10,3963.90,3962.70,3963.40,1377
1788328980000000000,3963.50,3963.90,3963.00,3963.50,651
1788329040000000000,3963.70,3966.50,3963.50,3964.30,1767
1788329100000000000,3964.30,3965.60,3964.00,3964.00,1323
1788329160000000000,3964.90,3965.60,3963.60,3963.60,1015
1788329220000000000,3963.90,3964.30,3963.20,3963.30,1083
1788329280000000000,3964.30,3965.10,3963.60,3965.00,711
1788329340000000000,3965.10,3965.60,3963.30,3963.80,2082
1788329400000000000,3964.60,3964.60,3962.40,3962.40,1382
1788329460000000000,3962.60,3963.40,3962.00,3962.70,1054
1788329520000000000,3962.90,3963.90,3962.30,3963.00,1357
1788329580000000000,3963.10,3963.50,3960.80,3961.50,2553
1788329640000000000,3961.50,3962.20,3960.50,3960.70,1109
1788329700000000000,3961.70,3963.20,3961.00,3961.50,1707
1788329760000000000,3962.00,3963.10,3960.50,3961.00,2038
1788329820000000000,3961.50,3962.90,3960.50,3961.90,1966
1788329880000000000,3962.00,3963.00,3961.00,3961.50,2823
1788329940000000000,3962.20,3962.70,3961.00,3961.90,1280
1788330000000000000,3962.00,3963.50,3961.00,3961.80,2463
1788330060000000000,3961.90,3962.80,3961.10,3961.40,1254
1788330120000000000,3961.50,3962.60,3961.00,3961.00,1889
1788330180000000000,3961.50,3962.20,3961.00,3961.20,1407
1788330240000000000,3961.70,3962.30,3961.10,3962.10,1943
1788330300000000000,3962.60,3963.70,3961.00,3961.60,7394
1788330360000000000,3961.60,3962.20,3960.80,3961.40,1596
1788330420000000000,3961.50,3961.90,3960.50,3961.00,1215
1788330480000000000,3961.10,3962.50,3960.00,3960.00,9884
1788330540000000000,3960.10,3962.40,3956.70,3959.40,16667
1788330600000000000,3959.50,3960.90,3959.10,3959.80,1098
1788330660000000000,3960.20,3961.20,3957.40,3960.00,3508
1788330720000000000,3959.70,3966.90,3957.80,3965.60,8534
1788330780000000000,3966.60,3969.00,3965.90,3967.20,2804
1788330840000000000,3966.80,3969.00,3965.80,3968.90,1988
1788330900000000000,3969.00,3974.00,3968.50,3972.40,4817
1788330960000000000,3972.50,3975.00,3969.30,3971.40,3833
1788331020000000000,3970.70,3971.70,3969.20,3969.20,1147
1788331080000000000,3970.00,3970.60,3969.50,3970.50,1110
1788331140000000000,3970.40,3971.00,3969.60,3970.10,1615
1788331200000000000,3970.10,3970.90,3969.10,3970.70,1085
1788331260000000000,3970.60,3973.00,3970.20,3972.80,1772
1788331320000000000,3972.40,3974.00,3972.40,3973.40,1486
1788331380000000000,3973.60,3974.50,3971.80,3972.40,2207
1788331440000000000,3973.10,3974.50,3972.60,3974.40,1717
1788331500000000000,3974.20,3977.90,3974.10,3976.50,3389
1788331560000000000,3976.70,3977.70,3976.50,3977.50,2041
1788331620000000000,3977.60,3984.00,3977.60,3981.30,12206
1788331680000000000,3983.20,3986.00,3981.10,3983.60,5345
1788331740000000000,3983.50,3984.00,3981.80,3983.30,3523
1788331800000000000,3983.60,3984.00,3978.20,3980.20,29031
1788331860000000000,3980.50,3985.90,3975.80,3985.90,27960
1788331920000000000,3985.70,3988.20,3984.50,3987.00,3188
1788331980000000000,3987.40,3988.10,3987.00,3987.40,2155
1788332040000000000,3987.40,3988.90,3985.30,3988.60,9064
1788332100000000000,3988.60,3989.00,3988.60,3988.90,1289
1788332160000000000,3989.00,3989.80,3986.50,3988.60,3330
1788332220000000000,3988.60,3989.60,3987.00,3988.00,1096
1788332280000000000,3987.90,3988.00,3987.50,3987.50,954
1788332340000000000,3987.60,3988.90,3984.40,3986.20,6658
1788332400000000000,3986.60,3988.90,3985.30,3986.40,1405
1788332460000000000,3986.80,3988.70,3986.20,3988.00,2018
1788332520000000000,3988.00,3989.00,3986.70,3987.70,1337
1788332580000000000,3987.90,3988.70,3987.70,3988.50,975
1788332640000000000,3988.50,3991.80,3987.40,3988.10,8862
1788332700000000000,3989.50,3990.10,3985.00,3985.00,5127
1788332760000000000,3985.70,3988.10,3981.00,3987.20,8578
1788332820000000000,3987.30,3988.00,3986.10,3987.50,1113
1788332880000000000,3987.50,3987.70,3985.60,3986.80,1031
1788332940000000000,3986.80,3988.00,3985.70,3987.50,1617
1788333000000000000,3987.70,3992.80,3987.50,3992.00,6402
1788333060000000000,3992.30,3992.30,3987.20,3990.00,18532
1788333120000000000,3990.70,3992.30,3989.20,3990.50,7344
1788333180000000000,3990.30,3992.00,3989.10,3990.80,1266
1788333240000000000,3991.20,3991.80,3988.10,3988.60,1503
1788333300000000000,3990.00,3990.50,3986.80,3988.20,1214
1788333360000000000,3987.60,3989.60,3986.40,3988.80,1412
1788333420000000000,3989.20,3989.40,3985.80,3987.90,1225
1788333480000000000,3987.80,3988.90,3983.20,3987.20,7344
1788333540000000000,3986.80,3990.00,3986.00,3986.90,6278
1788333600000000000,3986.90,3988.40,3985.00,3985.60,4543
1788333660000000000,3985.90,3987.40,3985.20,3985.60,4641
1788333720000000000,3985.70,3986.50,3982.30,3982.80,1650
1788333780000000000,3983.20,3983.30,3982.20,3982.70,1209
1788333840000000000,3982.80,3984.40,3982.00,3982.70,2504
1788333900000000000,3982.70,3982.90,3980.00,3982.00,2561
1788333960000000000,3982.00,3982.80,3981.60,3981.60,1849
1788334020000000000,3982.00,3982.40,3981.80,3982.10,953
1788334080000000000,3982.20,3984.90,3980.10,3983.10,4555
1788334140000000000,3983.10,3983.20,3980.30,3981.90,2197
1788334200000000000,3981.10,3982.80,3980.60,3981.60,1941
1788334260000000000,3981.70,3983.70,3980.00,3981.20,3794
1788334320000000000,3980.80,3982.20,3980.30,3980.30,1683
1788334380000000000,3980.60,3980.80,3978.20,3978.20,2338
1788334440000000000,3978.40,3978.90,3975.80,3978.00,2100
1788334500000000000,3978.00,3980.10,3974.90,3979.80,6928
1788334560000000000,3979.80,3979.90,3977.70,3979.00,1572
1788334620000000000,3979.20,3979.20,3975.50,3977.00,2765
1788334680000000000,3976.90,3980.30,3976.60,3979.00,3986
1788334740000000000,3978.70,3978.90,3978.10,3978.20,1265
1788334800000000000,3978.50,3980.40,3976.60,3980.40,3801
1788334860000000000,3980.30,3981.60,3980.00,3981.60,2067
1788334920000000000,3981.60,3983.70,3980.00,3983.00,3969
1788334980000000000,3983.30,3983.70,3980.10,3981.10,8406
1788335040000000000,3982.40,3985.00,3981.20,3981.20,9760
1788335100000000000,3981.80,3983.70,3980.10,3981.30,2776
1788335160000000000,3981.60,3982.50,3980.30,3980.80,1000
1788335220000000000,3982.20,3982.20,3981.30,3981.30,1032
1788335280000000000,3981.90,3982.10,3980.50,3980.70,854
1788335340000000000,3980.70,3981.10,3980.00,3980.10,1017
1788335400000000000,3980.30,3982.30,3980.10,3981.90,1591
1788335460000000000,3981.90,3982.00,3980.10,3980.10,1586
1788335520000000000,3980.10,3981.70,3979.20,3981.40,2244
1788335580000000000,3981.40,3982.90,3981.00,3982.50,3232
1788335640000000000,3982.70,3985.20,3982.50,3983.70,1987
1788335700000000000,3984.10,3985.70,3983.10,3985.00,8345
1788335760000000000,3985.10,3985.60,3982.50,3984.10,9417
1788335820000000000,3984.10,3984.70,3982.50,3982.50,1119
1788335880000000000,3982.50,3983.70,3979.80,3980.70,2695
1788335940000000000,3981.10,3982.50,3980.90,3981.40,1289
1788336000000000000,3981.60,3985.00,3979.00,3981.50,17121
1788336060000000000,3981.90,3983.30,3979.80,3979.80,1572
1788336120000000000,3980.50,3981.20,3979.70,3979.80,1863
1788336180000000000,3980.70,3985.40,3980.20,3985.00,20817
1788336240000000000,3985.20,3985.20,3982.00,3983.90,2055
1788336300000000000,3983.90,3985.60,3983.90,3985.10,1843
1788336360000000000,3985.20,3986.00,3984.30,3985.10,2192
1788336420000000000,3985.50,3985.70,3982.90,3982.90,1181
1788336480000000000,3983.20,3983.80,3983.10,3983.10,909
1788336540000000000,3983.10,3983.60,3980.30,3982.00,2168
1788336600000000000,3982.10,3983.00,3980.40,3980.40,1925
1788336660000000000,3980.80,3982.00,3980.20,3981.60,2751
1788336720000000000,3981.70,3982.80,3981.60,3982.40,1543
1788336780000000000,3982.60,3982.80,3980.30,3981.20,2169
1788336840000000000,3981.40,3981.80,3980.70,3981.70,1671
1788336900000000000,3981.80,3983.70,3981.70,3983.00,2083
1788336960000000000,3983.40,3984.30,3983.00,3983.70,1572
1788337020000000000,3984.00,3984.40,3982.20,3983.60,7551
1788337080000000000,3984.00,3984.50,3980.00,3981.80,3998
1788337140000000000,3982.50,3984.70,3980.10,3982.90,11412
1788337200000000000,3983.60,3986.50,3983.60,3985.00,5085
1788337260000000000,3985.10,3985.50,3981.10,3982.30,6330
1788337320000000000,3982.50,3984.30,3982.30,3983.70,1256
1788337380000000000,3983.70,3983.80,3982.40,3983.50,1029
1788337440000000000,3983.60,3983.70,3982.40,3982.40,1106
1788337500000000000,3982.90,3985.00,3982.80,3984.20,8286
1788337560000000000,3984.20,3984.60,3982.80,3983.00,983
1788337620000000000,3983.00,3984.00,3982.10,3983.00,1270
1788337680000000000,3983.30,3983.40,3982.10,3982.50,1038
1788337740000000000,3982.70,3985.00,3982.50,3983.90,4131
1788337800000000000,3984.60,3985.20,3983.90,3985.10,2873
1788337860000000000,3985.20,3988.30,3985.10,3986.00,5762
1788337920000000000,3986.00,3989.50,3985.00,3986.30,14253
1788337980000000000,3985.70,3991.80,3985.00,3987.30,21162
1788338040000000000,3986.60,3988.70,3986.30,3987.80,1548
1788338100000000000,3987.90,3995.10,3987.20,3991.10,23089
1788338160000000000,3990.50,3990.50,3989.00,3989.60,2035
1788338220000000000,3989.30,3995.10,3989.30,3991.80,26878
1788338280000000000,3991.20,3992.70,3990.60,3992.50,1544
1788338340000000000,3992.40,3992.90,3991.20,3992.00,2005
1788338400000000000,3992.30,3993.50,3988.80,3991.40,3932
1788338460000000000,3992.00,3993.30,3991.40,3992.00,2464
1788338520000000000,3992.30,3992.40,3990.30,3991.30,1245
1788338580000000000,3990.80,3991.80,3987.00,3987.90,2150
1788338640000000000,3988.80,3989.00,3987.10,3988.30,1553
1788338700000000000,3988.50,3989.90,3986.80,3987.30,2100
1788338760000000000,3988.20,3988.60,3986.90,3988.10,1260
1788338820000000000,3987.90,3989.80,3985.70,3989.80,3236
1788338880000000000,3989.00,3991.50,3988.50,3990.60,2677
1788338940000000000,3991.00,3992.00,3990.70,3992.00,1787
1788339000000000000,3991.80,3993.20,3989.20,3990.60,3579
1788339060000000000,3990.80,3993.20,3990.60,3992.50,7291
1788339120000000000,3992.30,3992.90,3990.80,3991.30,2015
1788339180000000000,3991.20,3992.20,3987.70,3990.50,3222
1788339240000000000,3989.40,3990.30,3987.80,3989.90,3431
1788339300000000000,3989.40,3991.50,3988.80,3991.30,8597
1788339360000000000,3991.20,3991.20,3989.40,3989.90,2387
1788339420000000000,3989.70,3991.70,3989.70,3990.60,2904
1788339480000000000,3990.60,3992.20,3990.30,3991.70,3106
1788339540000000000,3992.20,3992.90,3990.00,3992.30,3575
1788339600000000000,3992.30,3995.00,3992.30,3993.90,7323
1788339660000000000,3994.50,3996.80,3993.30,3994.20,5933
1788339720000000000,3994.50,3998.70,3994.40,3998.70,5375
1788339780000000000,3998.60,4000.60,3997.00,4000.00,7949
1788339840000000000,4000.00,4000.10,3996.00,3997.40,4245
1788339900000000000,3997.40,4002.30,3997.40,4001.20,6210
1788339960000000000,4001.20,4001.60,4000.00,4000.30,2345
1788340020000000000,4000.30,4000.80,4000.00,4000.00,4184
1788340080000000000,4000.00,4000.30,3996.80,3998.60,5573
1788340140000000000,3998.60,4001.40,3998.60,4000.60,6928
1788340200000000000,4000.60,4001.30,4000.00,4000.40,9311
1788340260000000000,4000.10,4001.70,3996.80,3999.60,5980
1788340320000000000,3998.40,4000.10,3998.20,3999.00,2358
1788340380000000000,3998.00,3998.90,3996.20,3997.20,2770
1788340440000000000,3996.30,3997.30,3995.00,3995.50,3417
1788340500000000000,3995.70,3997.90,3995.00,3997.70,4706
1788340560000000000,3997.80,3998.10,3995.00,3995.10,2844
1788340620000000000,3995.20,3998.00,3995.20,3996.20,2453
1788340680000000000,3996.40,3998.80,3996.40,3997.70,4101
1788340740000000000,3997.80,3998.10,3997.10,3997.70,2586
1788340800000000000,3997.80,3998.20,3995.40,3995.50,3225
1788340860000000000,3996.20,3997.60,3995.90,3996.80,3302
1788340920000000000,3996.80,3998.90,3995.40,3995.50,6139
1788340980000000000,3996.00,3996.90,3995.70,3995.70,2997
1788341040000000000,3995.80,3996.30,3994.00,3994.80,4124
1788341100000000000,3995.00,3996.10,3994.00,3994.00,4316
1788341160000000000,3994.40,3996.30,3994.10,3995.10,3531
1788341220000000000,3996.00,3996.20,3995.10,3995.20,2601
1788341280000000000,3995.20,3997.00,3995.20,3996.80,3463
1788341340000000000,3996.90,3997.00,3996.50,3996.50,3106
1788341400000000000,3996.70,3997.70,3995.60,3997.20,8653
1788341460000000000,3997.30,3997.70,3994.10,3994.30,12277
1788341520000000000,3995.70,3996.00,3994.70,3995.40,4274
1788341580000000000,3995.30,3995.50,3992.40,3992.50,5957
1788341640000000000,3992.50,3993.50,3992.20,3992.70,4994
1788341700000000000,3992.80,3994.20,3992.70,3993.70,9833
1788341760000000000,3993.90,3994.30,3991.90,3992.70,8722
1788341820000000000,3992.80,3993.10,3990.10,3991.80,12551
1788341880000000000,3991.80,3991.90,3988.40,3988.80,7611
1788341940000000000,3988.90,3991.00,3988.70,3990.00,5198
1788342000000000000,3990.10,3992.00,3990.10,3992.00,10012
1788342060000000000,3992.00,3993.50,3990.00,3991.00,7161
1788342120000000000,3991.00,3993.30,3986.00,3988.80,13259
1788342180000000000,3989.20,3989.40,3986.00,3988.00,6136
1788342240000000000,3987.80,3995.00,3986.00,3989.20,4817
1788342300000000000,3989.20,3989.20,3989.20,3989.20,0
1788342360000000000,3989.20,3989.20,3989.20,3989.20,0
1788342420000000000,3989.20,3989.20,3989.20,3989.20,0
1788342480000000000,3989.20,3989.20,3989.20,3989.20,0
1788342540000000000,3989.20,3989.20,3989.20,3989.20,0
1788342600000000000,3989.20,3989.20,3989.20,3989.20,0
1788342660000000000,3989.20,3989.20,3989.20,3989.20,0
1788342720000000000,3989.20,3989.20,3989.20,3989.20,0
1788342780000000000,3989.20,3989.20,3989.20,3989.20,0
1788342840000000000,3989.20,3989.20,3989.20,3989.20,0
1788342900000000000,3989.20,3989.20,3989.20,3989.20,0
1788342960000000000,3989.20,3989.20,3989.20,3989.20,0
1788343020000000000,3989.20,3989.20,3989.20,3989.20,0
1788343080000000000,3989.20,3989.20,3989.20,3989.20,0
1788343140000000000,3981.00,3981.00,3981.00,3981.00,32683
1788407100000000000,3999.80,4006.40,3988.20,4002.90,10961
1788407160000000000,4003.00,4014.30,4002.00,4010.20,4478
1788407220000000000,4012.00,4012.00,4006.30,4009.00,3156
1788407280000000000,4009.00,4011.90,4009.00,4011.00,2800
1788407340000000000,4010.40,4010.40,4008.10,4008.10,6654
1788407400000000000,4004.10,4006.30,4002.70,4004.50,2639
1788407460000000000,4005.50,4006.60,4003.20,4005.50,1143
1788407520000000000,4005.40,4005.40,4002.00,4002.00,1560
1788407580000000000,4001.80,4002.10,4001.20,4001.50,3479
1788407640000000000,4001.40,4002.80,4001.40,4002.00,794
1788407700000000000,4002.00,4004.90,4002.00,4003.00,2800
1788407760000000000,4003.20,4003.30,4000.00,4000.00,2026
1788407820000000000,4000.70,4001.90,4000.00,4000.00,1611
1788407880000000000,4000.00,4001.20,3999.50,3999.50,1120
1788407940000000000,3999.50,4000.40,3999.10,3999.80,1527
1788408000000000000,3999.70,4001.10,3999.70,4001.10,5153
1788408060000000000,3999.90,4000.00,3998.10,3998.40,2363
1788408120000000000,3997.70,3999.70,3997.60,3997.60,883
1788408180000000000,3997.70,4000.50,3997.70,4000.00,743
1788408240000000000,3999.40,4001.50,3999.10,4001.20,2058
1788408300000000000,4001.40,4001.60,4000.30,4001.60,698
1788408360000000000,4002.40,4003.30,4001.60,4003.30,1469
1788408420000000000,4002.50,4003.50,4002.50,4003.50,1211
1788408480000000000,4002.50,4004.20,4001.60,4003.40,4203
1788408540000000000,4002.70,4004.00,4002.70,4004.00,363
1788408600000000000,4003.90,4005.00,4003.50,4005.00,1775
1788408660000000000,4005.10,4010.00,4005.10,4010.00,1376
1788408720000000000,4009.90,4012.00,4009.40,4011.00,2089
1788408780000000000,4010.30,4012.00,4010.30,4011.40,1743
1788408840000000000,4011.40,4011.70,4011.30,4011.70,700
1788408900000000000,4011.70,4013.60,4011.70,4011.70,2074
1788408960000000000,4012.00,4013.60,4011.90,4013.60,988
1788409020000000000,4017.00,4022.50,4016.40,4021.90,6581
1788409080000000000,4022.80,4023.00,4018.50,4018.90,3031
1788409140000000000,4020.00,4023.90,4020.00,4023.90,3031
1788409200000000000,4023.80,4024.90,4020.40,4024.20,2457
1788409260000000000,4025.00,4027.70,4023.20,4023.80,7784
1788409320000000000,4023.90,4023.90,4020.50,4020.60,1767
1788409380000000000,4020.50,4020.90,4018.00,4018.60,1021
1788409440000000000,4017.90,4018.70,4016.40,4016.90,880
1788409500000000000,4017.90,4019.60,4016.40,4016.40,939
1788409560000000000,4018.90,4018.90,4016.50,4017.00,1141
1788409620000000000,4016.50,4018.20,4016.50,4016.90,925
1788409680000000000,4016.60,4016.60,4014.20,4014.20,1726
1788409740000000000,4014.40,4014.70,4013.40,4014.70,630
1788409800000000000,4014.60,4014.70,4013.00,4013.00,620
1788409860000000000,4012.90,4013.00,4012.00,4012.90,531
1788409920000000000,4012.90,4014.50,4012.20,4014.50,2113
1788409980000000000,4014.40,4014.40,4012.10,4012.60,576
1788410040000000000,4012.70,4013.20,4012.00,4012.00,499
1788410100000000000,4012.30,4012.90,4012.00,4012.90,533
1788410160000000000,4013.20,4014.00,4012.00,4013.20,857
1788410220000000000,4011.80,4012.80,4010.00,4011.20,2228
1788410280000000000,4012.00,4013.00,4008.70,4009.00,2473
1788410340000000000,4009.00,4010.50,4008.00,4008.10,1546
1788410400000000000,4008.70,4013.00,4008.70,4012.00,1850
1788410460000000000,4012.50,4012.50,4009.70,4012.10,905
1788410520000000000,4012.20,4013.10,4012.00,4012.40,1234
1788410580000000000,4013.30,4013.30,4012.00,4012.00,293
1788410640000000000,4012.60,4013.30,4012.60,4012.90,753
1788410700000000000,4012.80,4013.30,4011.50,4011.70,1236
1788410760000000000,4013.00,4013.00,4011.50,4012.00,523
1788410820000000000,4012.00,4012.00,4011.50,4011.50,281
1788410880000000000,4011.50,4012.00,4011.50,4011.50,586
1788410940000000000,4011.70,4012.00,4011.00,4012.00,2869
1788411000000000000,4012.10,4013.70,4010.20,4013.70,704
1788411060000000000,4013.70,4014.00,4012.10,4012.10,469
1788411120000000000,4012.60,4014.50,4012.30,4013.00,825
1788411180000000000,4016.10,4017.20,4016.10,4016.50,2850
1788411240000000000,4016.50,4019.60,4016.50,4019.00,2261
1788411300000000000,4018.20,4018.80,4017.00,4017.40,459
1788411360000000000,4018.00,4018.00,4016.60,4016.60,590
1788411420000000000,4016.70,4017.00,4016.20,4016.20,246
1788411480000000000,4016.30,4016.30,4015.00,4015.20,759
1788411540000000000,4016.30,4016.30,4014.90,4015.90,1605
1788411600000000000,4015.20,4015.20,4014.10,4014.10,531
1788411660000000000,4016.10,4016.30,4014.00,4014.00,481
1788411720000000000,4014.70,4014.70,4014.00,4014.70,397
1788411780000000000,4014.60,4015.00,4014.00,4014.70,569
1788411840000000000,4014.20,4014.20,4013.00,4013.00,1332
1788411900000000000,4013.30,4013.40,4013.00,4013.00,919
1788411960000000000,4013.10,4013.10,4012.40,4012.60,1385
1788412020000000000,4012.50,4012.90,4011.70,4012.90,2211
1788412080000000000,4013.40,4014.00,4012.90,4013.10,682
1788412140000000000,4013.10,4013.90,4012.60,4013.90,736
1788412200000000000,4013.60,4013.60,4008.00,4008.00,1720
1788412260000000000,4008.00,4010.00,4005.00,4006.50,2073
1788412320000000000,4006.50,4006.50,4005.50,4005.80,415
1788412380000000000,4005.80,4008.00,4005.50,4007.40,652
1788412440000000000,4008.50,4011.70,4008.00,4011.70,2418
1788412500000000000,4011.10,4011.10,4008.00,4009.50,1260
1788412560000000000,4009.50,4011.00,4009.40,4010.00,3315
1788412620000000000,4010.00,4011.00,4009.10,4009.90,618
1788412680000000000,4010.50,4010.50,4008.00,4008.00,2297
1788412740000000000,4008.50,4010.10,4008.00,4010.10,2771
1788412800000000000,4010.10,4010.10,4005.00,4005.60,21068
1788412860000000000,4006.50,4007.10,4006.00,4007.00,660
1788412920000000000,4007.30,4008.10,4006.00,4007.00,1382
1788412980000000000,4007.10,4008.80,4006.90,4008.10,5031
1788413040000000000,4008.90,4008.90,4008.00,4008.00,3874
1788413100000000000,4008.10,4008.40,4008.00,4008.00,732
1788413160000000000,4008.00,4009.00,4008.00,4009.00,3718
1788413220000000000,4011.10,4011.10,4008.00,4008.20,6073
1788413280000000000,4008.20,4008.80,4008.00,4008.40,5978
1788413340000000000,4008.40,4009.30,4008.00,4008.20,1824
1788413400000000000,4008.30,4010.10,4008.00,4009.20,1746
1788413460000000000,4009.20,4009.20,4008.00,4008.00,1545
1788413520000000000,4008.00,4008.10,4001.60,4001.60,12830
1788413580000000000,4001.60,4002.50,4000.50,4001.30,2905
1788413640000000000,4002.00,4002.30,4000.80,4001.70,1050
1788413700000000000,4000.70,4002.30,3999.40,4002.00,3685
1788413760000000000,4002.30,4004.30,4002.20,4002.20,678
1788413820000000000,4002.90,4002.90,3999.80,3999.80,1309
1788413880000000000,3999.70,4002.10,3998.00,3998.80,2691
1788413940000000000,3998.80,4000.00,3998.00,3998.80,661
1788414000000000000,3998.80,4004.20,3998.00,4003.50,3838
1788414060000000000,4002.70,4003.30,4001.60,4002.60,958
1788414120000000000,4002.40,4003.80,4002.20,4003.80,398
1788414180000000000,4003.90,4003.90,4001.00,4001.10,649
1788414240000000000,4001.10,4001.20,3999.30,4001.20,4801
1788414300000000000,4001.40,4003.10,4001.00,4001.10,3004
1788414360000000000,4001.10,4004.00,4001.10,4003.30,1300
1788414420000000000,4004.40,4005.00,4001.40,4001.50,1363
1788414480000000000,4002.70,4003.30,4001.30,4001.30,1037
1788414540000000000,4001.30,4003.40,4001.10,4003.10,2919
1788414600000000000,4003.00,4003.10,4003.00,4003.00,896
1788414660000000000,4003.10,4003.40,4002.50,4003.20,3749
1788414720000000000,4003.30,4004.40,4003.20,4004.30,624
1788414780000000000,4004.50,4004.50,4003.00,4004.00,1165
1788414840000000000,4004.00,4004.00,3998.60,3999.20,11525
1788414900000000000,3999.00,4000.00,3999.00,3999.00,5211
1788414960000000000,3999.10,4001.20,3998.10,4000.20,2005
1788415020000000000,4001.00,4001.60,4000.70,4001.60,2349
1788415080000000000,4003.60,4004.00,4001.00,4002.10,1424
1788415140000000000,4002.10,4002.10,4001.20,4002.10,2349
1788415200000000000,4003.60,4004.00,4003.00,4003.50,946
1788415260000000000,4003.50,4005.00,4003.40,4005.00,2474
1788415320000000000,4005.00,4006.30,4005.00,4005.10,2420
1788415380000000000,4005.20,4005.40,4004.20,4004.30,2107
1788415440000000000,4004.70,4005.00,4004.20,4004.80,2855
1788415500000000000,4004.40,4006.30,4004.40,4006.20,3876
1788415560000000000,4006.20,4006.30,4005.90,4006.10,590
1788415620000000000,4007.00,4009.00,4006.20,4009.00,795
1788415680000000000,4009.00,4009.00,4008.00,4008.00,3882
1788415740000000000,4008.10,4008.10,4007.00,4007.00,3444
1788415800000000000,4007.50,4008.50,4007.50,4007.80,1422
1788415860000000000,4007.70,4007.70,4004.00,4005.80,12819
1788415920000000000,4005.10,4007.40,4004.20,4005.80,3351
1788415980000000000,4003.60,4004.90,4003.60,4004.90,807
1788416040000000000,4004.90,4006.90,4004.90,4005.00,916
1788416100000000000,4005.00,4006.90,4005.00,4006.50,2905
1788416160000000000,4006.40,4006.40,4004.00,4005.00,1546
1788416220000000000,4005.10,4006.00,4005.00,4005.50,3998
1788416280000000000,4005.70,4007.60,4005.70,4007.60,3861
1788416340000000000,4007.70,4008.40,4006.50,4008.10,2794
1788416400000000000,4008.10,4008.30,4007.00,4007.80,6630
1788416460000000000,4008.20,4008.20,4006.00,4006.40,4232
1788416520000000000,4006.60,4008.00,4006.60,4008.00,893
1788416580000000000,4007.50,4007.50,4003.70,4003.80,1025
1788416640000000000,4004.70,4004.70,4003.70,4004.00,1032
1788416700000000000,4003.70,4004.20,4001.60,4004.20,8338
1788416760000000000,4004.00,4006.50,4002.80,4004.20,5726
1788416820000000000,4005.00,4007.20,4004.40,4007.20,5840
1788416880000000000,4007.00,4008.70,4006.00,4006.00,11869
1788416940000000000,4005.90,4006.10,4005.90,4006.10,1271
1788417000000000000,4006.10,4007.10,4002.90,4002.90,8284
1788417060000000000,4002.10,4002.10,3998.10,3998.50,4023
1788417120000000000,3998.90,4000.20,3998.60,3998.80,878
1788417180000000000,3997.70,3997.70,3995.80,3996.40,1806
1788417240000000000,3996.40,3997.90,3990.00,3991.20,12855
1788417300000000000,3991.90,3995.50,3991.50,3994.50,2204
1788417360000000000,3994.50,3995.60,3991.70,3994.40,3578
1788417420000000000,3994.00,3997.40,3994.00,3996.10,3514
1788417480000000000,3996.00,3998.40,3995.00,3998.40,2256
1788417540000000000,3998.80,3999.70,3997.00,3997.20,1576
1788417600000000000,3998.90,4000.00,3998.00,3998.00,2249
1788417660000000000,3998.10,3999.20,3997.00,3997.70,1143
1788417720000000000,3999.00,3999.30,3997.60,3998.60,327
1788417780000000000,3998.30,3998.30,3996.90,3997.70,2451
1788417840000000000,3998.40,3998.60,3998.00,3998.30,3091
1788417900000000000,3998.10,3998.10,3994.30,3994.30,7334
1788417960000000000,3995.00,3995.30,3991.90,3995.00,2910
1788418020000000000,3995.30,3996.30,3993.90,3995.70,7830
1788418080000000000,3995.70,3996.80,3994.00,3994.00,1359
1788418140000000000,3994.30,3997.10,3993.10,3994.00,1872
1788418200000000000,3994.40,3996.70,3993.50,3995.90,687
1788418260000000000,3995.90,3995.90,3993.50,3994.10,878
1788418320000000000,3994.30,3994.30,3993.40,3993.40,462
1788418380000000000,3992.70,3992.70,3990.60,3990.60,4730
1788418440000000000,3990.40,3990.40,3988.00,3988.90,5176
1788418500000000000,3988.70,3989.10,3988.00,3988.90,678
1788418560000000000,3989.10,3989.70,3988.90,3989.20,754
1788418620000000000,3989.00,3989.00,3988.60,3988.80,811
1788418680000000000,3988.60,3991.80,3988.10,3991.20,3184
1788418740000000000,3990.00,3990.50,3988.30,3989.70,390
1788418800000000000,3990.50,3991.40,3989.70,3991.10,505
1788418860000000000,3991.40,3992.50,3990.90,3990.90,184
1788418920000000000,3992.50,3992.60,3990.00,3990.00,3004
1788418980000000000,3990.10,3990.90,3989.10,3990.90,1435
1788419040000000000,3990.90,3990.90,3989.60,3989.70,503
1788419100000000000,3989.40,3990.00,3989.00,3989.00,884
1788419160000000000,3989.50,3989.50,3988.80,3988.80,1577
1788419220000000000,3988.80,3989.60,3988.00,3989.60,1533
1788419280000000000,3989.20,3991.50,3988.30,3991.40,2666
1788419340000000000,3991.40,3991.40,3988.10,3991.40,1161
1788419400000000000,3991.40,3991.60,3989.00,3991.60,922
1788419460000000000,3991.60,3993.80,3989.40,3993.00,6790
1788419520000000000,3993.10,3993.10,3989.00,3990.80,8240
1788419580000000000,3990.80,3991.70,3990.00,3990.30,269
1788419640000000000,3990.90,3990.90,3989.00,3990.10,336
1788419700000000000,3990.10,3990.90,3989.30,3989.30,341
1788419760000000000,3990.00,3990.90,3989.00,3989.00,533
1788419820000000000,3989.20,3990.60,3989.00,3989.80,878
1788419880000000000,3989.70,3989.70,3989.00,3989.70,1228
1788419940000000000,3989.70,3990.80,3989.70,3989.80,332
1788420000000000000,3989.80,3990.50,3988.80,3990.50,1452
1788420060000000000,3990.50,3991.90,3990.30,3991.00,1348
1788420120000000000,3991.50,3993.90,3990.90,3992.50,2616
1788420180000000000,3992.70,3993.60,3992.00,3993.00,732
1788420240000000000,3993.60,3994.50,3993.00,3993.40,335
1788420300000000000,3994.40,3994.40,3992.80,3992.80,2471
1788420360000000000,3992.90,3993.10,3992.00,3993.10,7456
1788420420000000000,3994.10,3997.40,3993.00,3995.30,3042
1788420480000000000,3995.30,3996.70,3993.00,3994.70,1697
1788420540000000000,3995.30,3995.30,3993.60,3994.00,382
1788420600000000000,3994.70,3994.70,3993.70,3993.70,1493
1788420660000000000,3993.60,3993.70,3993.00,3993.00,3589
1788420720000000000,3993.10,3993.70,3992.50,3992.60,3262
1788420780000000000,3992.10,3992.90,3991.40,3991.50,392
1788420840000000000,3991.90,3993.00,3991.30,3993.00,1747
1788420900000000000,3992.90,3993.00,3991.60,3993.00,496
1788420960000000000,3993.10,3994.00,3992.30,3992.40,4925
1788421020000000000,3993.40,3993.40,3990.60,3991.00,1741
1788421080000000000,3992.00,3993.20,3991.00,3991.00,1495
1788421140000000000,3991.10,3992.00,3991.00,3992.00,1277
1788421200000000000,3991.30,3992.00,3991.30,3991.80,151
1788421260000000000,3991.90,3992.00,3991.70,3992.00,200
1788421320000000000,3992.00,3993.20,3991.80,3992.90,1228
1788421380000000000,3992.50,3992.90,3991.80,3991.80,844
1788421440000000000,3991.80,3992.00,3990.80,3991.00,220
1788421500000000000,3992.00,3992.00,3990.90,3991.40,891
1788421560000000000,3991.60,3992.40,3991.10,3991.30,306
1788421620000000000,3991.30,3993.70,3990.90,3992.30,478
1788421680000000000,3992.30,3994.00,3992.30,3993.70,591
1788421740000000000,3994.00,3994.60,3993.00,3993.80,559
1788421800000000000,3993.70,3994.30,3992.90,3993.60,130
1788421860000000000,3993.60,3996.50,3993.60,3995.50,1887
1788421920000000000,3995.00,3995.50,3992.50,3993.40,584
1788421980000000000,3994.60,3994.70,3993.00,3993.00,141
1788422040000000000,3993.40,3993.50,3990.00,3990.00,881
1788422100000000000,3989.80,3989.90,3985.30,3986.90,4491
1788422160000000000,3986.70,3989.60,3986.70,3989.40,928
1788422220000000000,3989.70,3990.70,3989.40,3989.80,482
1788422280000000000,3989.80,3991.20,3988.50,3990.60,291
1788422340000000000,3991.60,3991.60,3990.00,3990.40,630
1788422400000000000,3990.40,3992.50,3990.40,3992.40,442
1788422460000000000,3992.30,3994.30,3992.10,3994.10,226
1788422520000000000,3992.70,3993.60,3992.00,3992.70,266
1788422580000000000,3992.50,3999.30,3992.00,3999.30,3138
1788422640000000000,3999.30,3999.40,3997.20,3999.30,1233
1788422700000000000,3999.40,4001.80,3999.30,4001.80,1820
1788422760000000000,4002.00,4002.80,4001.90,4002.00,2159
1788422820000000000,4001.30,4001.30,3997.50,3998.70,1511
1788422880000000000,3999.40,3999.90,3996.30,3997.00,1011
1788422940000000000,3997.00,3997.00,3995.00,3996.40,764
1788423000000000000,3996.80,3997.00,3989.90,3992.20,35938
1788423060000000000,3991.80,3992.10,3988.60,3989.00,14683
1788423120000000000,3988.70,3989.90,3988.40,3988.90,597
1788423180000000000,3988.90,3989.20,3987.50,3988.20,1401
1788423240000000000,3988.20,3990.90,3988.00,3990.10,1176
1788423300000000000,3990.10,3990.70,3988.00,3988.10,1152
1788423360000000000,3988.00,3990.00,3987.60,3988.20,495
1788423420000000000,3988.70,3989.60,3988.00,3988.60,766
1788423480000000000,3988.80,3991.30,3988.80,3990.80,969
1788423540000000000,3991.20,3992.00,3990.80,3991.90,584
1788423600000000000,3991.60,3993.70,3991.20,3993.50,1175
1788423660000000000,3993.60,3993.80,3991.70,3991.80,526
1788423720000000000,3992.40,3993.30,3991.90,3992.30,2525
1788423780000000000,3991.50,3991.60,3990.00,3991.40,1170
1788423840000000000,3992.00,3993.00,3991.80,3992.20,734
1788423900000000000,3992.80,3992.80,3990.90,3991.10,953
1788423960000000000,3991.30,3992.20,3990.60,3992.20,444
1788424020000000000,3992.60,3994.80,3992.60,3994.20,2195
1788424080000000000,3994.30,3995.40,3994.20,3994.40,930
1788424140000000000,3994.40,3994.90,3993.40,3994.90,530
1788424200000000000,3994.50,3994.60,3993.20,3993.90,758
1788424260000000000,3993.60,3994.00,3992.10,3992.30,963
1788424320000000000,3992.60,3992.70,3992.10,3992.30,5320
1788424380000000000,3993.00,3997.80,3993.00,3997.30,4217
1788424440000000000,3997.50,3997.90,3993.60,3994.00,2298
1788424500000000000,3994.00,3996.00,3994.00,3994.90,1955
1788424560000000000,3995.50,3995.50,3992.70,3992.70,4894
1788424620000000000,3994.30,3995.00,3993.00,3994.40,1489
1788424680000000000,3994.40,3997.30,3994.40,3996.40,3525
1788424740000000000,3997.00,3997.00,3993.80,3993.80,2145
1788424800000000000,3994.10,3995.90,3994.10,3995.00,695
1788424860000000000,3995.30,3996.70,3995.00,3995.90,384
1788424920000000000,3996.40,3996.90,3995.80,3996.00,627
1788424980000000000,3996.70,3997.60,3996.70,3997.60,492
1788425040000000000,3997.20,3997.60,3994.80,3995.40,2007
1788425100000000000,3996.40,3996.40,3993.10,3994.70,4220
1788425160000000000,3996.30,3996.30,3995.00,3995.40,370
1788425220000000000,3995.60,3996.00,3994.20,3996.00,651
1788425280000000000,3996.30,3996.30,3994.30,3995.20,731
1788425340000000000,3994.60,3996.30,3994.10,3995.80,1246
1788425400000000000,3996.60,3997.80,3995.60,3997.50,4069
1788425460000000000,3997.20,3997.90,3996.00,3996.70,8685
1788425520000000000,3996.70,3997.20,3994.00,3994.90,4697
1788425580000000000,3995.30,3997.00,3995.00,3995.10,1835
1788425640000000000,3995.10,3997.10,3994.00,3997.00,1472
1788425700000000000,3997.10,3997.10,3995.50,3995.80,2037
1788425760000000000,3996.30,3997.50,3995.50,3997.50,1202
1788425820000000000,3997.40,3997.40,3996.00,3996.00,758
1788425880000000000,3996.00,3996.50,3994.40,3996.50,1713
1788425940000000000,3996.50,3997.30,3994.50,3995.00,877
1788426000000000000,3995.00,3995.90,3993.50,3993.70,2631
1788426060000000000,3994.70,3995.50,3993.10,3994.00,3507
1788426120000000000,3994.90,3995.50,3993.90,3994.50,1338
1788426180000000000,3995.10,3995.90,3993.60,3995.00,1185
1788426240000000000,3994.00,3995.50,3993.90,3995.50,1477
1788426300000000000,3996.00,3996.00,3994.90,3995.30,1353
1788426360000000000,3995.00,3995.60,3994.10,3994.20,356
1788426420000000000,3994.70,3995.70,3992.90,3993.70,5467
1788426480000000000,3993.90,3994.30,3992.40,3993.00,1776
1788426540000000000,3993.80,3993.80,3992.60,3993.60,343
1788426600000000000,3994.20,3994.20,3992.80,3992.90,876
1788426660000000000,3994.20,3994.20,3991.90,3992.50,3276
1788426720000000000,3993.40,3993.60,3991.50,3993.40,780
1788426780000000000,3993.70,3994.00,3993.40,3993.40,302
1788426840000000000,3992.50,3993.80,3992.50,3993.40,390
1788426900000000000,3992.80,3994.00,3992.80,3993.00,464
1788426960000000000,3992.50,3992.70,3991.30,3991.30,434
1788427020000000000,3992.00,3993.40,3990.90,3993.40,3990
1788427080000000000,3993.30,3994.70,3992.40,3992.60,1505
1788427140000000000,3993.00,3993.90,3991.10,3991.10,449
1788427200000000000,3992.60,3994.80,3992.60,3994.80,2214
1788427260000000000,3994.90,3996.00,3993.10,3994.70,23501
1788427320000000000,3994.90,3995.40,3993.40,3993.40,4369
1788427380000000000,3993.40,3994.30,3993.40,3994.30,259
1788427440000000000,3993.40,3993.90,3993.20,3993.20,620
1788427500000000000,3993.40,3993.60,3992.90,3992.90,784
1788427560000000000,3992.90,3993.80,3992.90,3993.00,904
1788427620000000000,3993.00,3993.70,3993.00,3993.10,841
1788427680000000000,3993.00,3993.10,3991.90,3993.10,3413
1788427740000000000,3993.80,3993.80,3991.20,3991.70,8205
1788427800000000000,3991.30,3993.90,3991.20,3991.70,7183
1788427860000000000,3991.70,3994.00,3991.70,3992.80,5478
1788427920000000000,3992.80,3994.00,3990.00,3992.50,5066
1788427980000000000,3993.00,3994.00,3992.40,3993.90,2874
1788428040000000000,3993.90,3994.50,3993.90,3994.50,5843
1788428100000000000,3994.50,3994.50,3992.00,3994.50,7972
1788428160000000000,3994.40,3994.40,3991.90,3992.90,5173
1788428220000000000,3992.80,3994.50,3992.80,3994.50,2978
1788428280000000000,3994.20,3994.20,3993.20,3993.20,5377
1788428340000000000,3993.20,3993.20,3992.90,3993.20,4832
1788428400000000000,3993.10,3993.10,3992.90,3992.90,4918
1788428460000000000,3993.00,3993.10,3992.90,3993.00,5591
1788428520000000000,3993.00,3993.20,3991.50,3991.50,10742
1788428580000000000,3991.60,3991.70,3991.60,3991.60,6746
1788428640000000000,3991.60,3993.00,3991.50,3992.80,6380
1788428700000000000,3992.80,3992.80,3992.80,3992.80,0
1788428760000000000,3992.80,3992.80,3992.80,3992.80,0
1788428820000000000,3992.80,3992.80,3992.80,3992.80,0
1788428880000000000,3992.80,3992.80,3992.80,3992.80,0
1788428940000000000,3992.80,3992.80,3992.80,3992.80,0
1788429000000000000,3992.80,3992.80,3992.80,3992.80,0
1788429060000000000,3992.80,3992.80,3992.80,3992.80,0
1788429120000000000,3992.80,3992.80,3992.80,3992.80,0
1788429180000000000,3992.80,3992.80,3992.80,3992.80,0
1788429240000000000,3992.80,3992.80,3992.80,3992.80,0
1788429300000000000,3992.80,3992.80,3992.80,3992.80,0
1788429360000000000,3992.80,3992.80,3992.80,3992.80,0
1788429420000000000,3992.80,3992.80,3992.80,3992.80,0
1788429480000000000,3975.00,3975.00,3975.00,3975.00,43155
1788429540000000000,3975.00,3975.00,3975.00,3975.00,0
1788493500000000000,3981.00,3990.00,3973.90,3977.10,12158
1788493560000000000,3977.00,3986.70,3977.00,3981.70,10627
1788493620000000000,3982.30,3984.00,3980.10,3981.00,2958
1788493680000000000,3981.80,3981.80,3971.60,3972.70,21506
1788493740000000000,3972.30,3972.30,3966.60,3969.00,8470
1788493800000000000,3971.70,3972.20,3970.40,3972.20,2018
1788493860000000000,3973.90,3974.60,3972.80,3974.60,1854
1788493920000000000,3973.40,3974.00,3972.10,3974.00,3196
1788493980000000000,3975.00,3975.00,3974.10,3975.00,11646
1788494040000000000,3975.00,3975.00,3973.60,3973.60,23546
1788494100000000000,3975.00,3975.00,3974.80,3974.80,16804
1788494160000000000,3975.00,3975.30,3975.00,3975.20,17115
1788494220000000000,3975.10,3975.10,3973.20,3974.80,8198
1788494280000000000,3974.80,3976.50,3974.60,3975.00,7822
1788494340000000000,3975.30,3989.90,3975.00,3985.90,25832
1788494400000000000,3985.90,3986.90,3979.70,3979.70,3551
1788494460000000000,3979.70,3981.20,3979.20,3980.00,1846
1788494520000000000,3981.50,3981.50,3980.00,3980.00,1703
1788494580000000000,3980.00,3980.00,3978.00,3978.40,1721
1788494640000000000,3978.40,3979.00,3978.40,3978.50,1445
1788494700000000000,3978.30,3978.30,3977.00,3977.00,982
1788494760000000000,3977.70,3978.60,3974.20,3976.50,12024
1788494820000000000,3976.20,3979.50,3976.20,3979.30,1222
1788494880000000000,3978.40,3980.00,3978.00,3978.40,2410
1788494940000000000,3978.50,3979.50,3977.80,3978.40,1054
1788495000000000000,3979.40,3980.00,3977.80,3977.80,733
1788495060000000000,3978.80,3978.80,3977.80,3978.50,1393
1788495120000000000,3978.50,3978.50,3975.90,3977.00,1003
1788495180000000000,3977.00,3977.90,3975.90,3976.90,1409
1788495240000000000,3977.30,3978.60,3977.30,3978.30,631
1788495300000000000,3978.00,3980.00,3978.00,3979.00,2327
1788495360000000000,3980.00,3980.00,3977.60,3978.60,16299
1788495420000000000,3979.70,3980.00,3979.70,3979.70,2862
1788495480000000000,3980.00,3980.00,3979.70,3979.80,2558
1788495540000000000,3979.80,3980.00,3979.80,3980.00,626
1788495600000000000,3979.80,3980.00,3978.00,3978.00,3514
1788495660000000000,3978.00,3979.00,3978.00,3978.90,489
1788495720000000000,3978.90,3978.90,3975.50,3977.20,2982
1788495780000000000,3977.30,3977.70,3976.50,3977.70,1081
1788495840000000000,3977.80,3978.50,3977.60,3978.00,465
1788495900000000000,3978.00,3978.70,3978.00,3978.20,713
1788495960000000000,3978.10,3978.10,3975.10,3975.60,1190
1788496020000000000,3975.90,3977.10,3975.60,3976.90,666
1788496080000000000,3976.60,3978.10,3975.10,3975.10,993
1788496140000000000,3976.50,3979.10,3975.10,3976.70,1082
1788496200000000000,3976.70,3977.10,3976.00,3977.00,451
1788496260000000000,3977.00,3979.50,3977.00,3978.80,928
1788496320000000000,3978.70,3980.10,3978.70,3980.10,597
1788496380000000000,3980.10,3980.80,3980.00,3980.00,604
1788496440000000000,3980.60,3981.40,3980.00,3981.40,1106
1788496500000000000,3982.00,3982.70,3981.40,3981.40,1878
1788496560000000000,3982.10,3982.10,3981.40,3981.40,706
1788496620000000000,3981.40,3981.40,3979.70,3979.70,925
1788496680000000000,3980.00,3980.00,3978.80,3979.90,854
1788496740000000000,3979.80,3981.00,3978.80,3980.80,2800
1788496800000000000,3981.00,3981.00,3980.00,3980.00,1201
1788496860000000000,3980.70,3981.20,3979.00,3979.00,875
1788496920000000000,3979.80,3980.80,3979.80,3979.80,518
1788496980000000000,3979.50,3979.50,3978.00,3978.60,522
1788497040000000000,3978.60,3979.90,3978.60,3979.80,478
1788497100000000000,3978.90,3981.80,3978.60,3978.60,1586
1788497160000000000,3979.50,3981.60,3979.50,3981.60,696
1788497220000000000,3980.00,3981.20,3979.80,3980.60,565
1788497280000000000,3980.00,3980.00,3979.30,3980.00,502
1788497340000000000,3980.90,3981.50,3979.80,3981.50,2169
1788497400000000000,3981.30,3983.00,3981.30,3983.00,501
1788497460000000000,3983.00,3983.50,3982.10,3983.50,790
1788497520000000000,3984.00,3984.90,3984.00,3984.50,794
1788497580000000000,3984.90,3984.90,3984.00,3984.00,310
1788497640000000000,3984.00,3985.00,3984.00,3984.90,1360
1788497700000000000,3985.90,3988.50,3985.00,3988.50,1146
1788497760000000000,3988.50,3989.00,3988.10,3989.00,983
1788497820000000000,3988.10,3989.00,3987.80,3988.00,681
1788497880000000000,3988.80,3989.00,3988.00,3988.00,1764
1788497940000000000,3988.00,3989.00,3987.80,3987.80,818
1788498000000000000,3988.80,3989.00,3988.00,3989.00,534
1788498060000000000,3989.00,3989.70,3988.30,3988.50,934
1788498120000000000,3989.50,3990.00,3989.00,3989.80,410
1788498180000000000,3989.80,3992.90,3989.80,3990.80,2631
1788498240000000000,3991.20,3992.70,3989.80,3991.50,1024
1788498300000000000,3992.70,3993.00,3990.90,3991.70,2211
1788498360000000000,3990.90,3991.40,3989.00,3989.70,2000
1788498420000000000,3989.80,3989.90,3986.50,3986.80,5078
1788498480000000000,3987.30,3989.00,3987.30,3989.00,1257
1788498540000000000,3989.00,3990.00,3988.90,3990.00,957
1788498600000000000,3989.00,3990.00,3989.00,3989.50,677
1788498660000000000,3989.00,3989.90,3986.60,3986.70,2088
1788498720000000000,3986.70,3989.80,3986.70,3988.30,1656
1788498780000000000,3989.40,3989.60,3987.10,3989.20,1277
1788498840000000000,3987.70,3989.20,3987.70,3987.80,308
1788498900000000000,3989.40,3989.40,3987.70,3987.70,485
1788498960000000000,3987.70,3989.20,3987.70,3988.40,589
1788499020000000000,3989.00,3990.00,3988.90,3989.60,2474
1788499080000000000,3989.60,3992.50,3989.60,3990.90,912
1788499140000000000,3992.70,3992.70,3989.50,3991.10,417
1788499200000000000,3991.20,3991.20,3990.00,3990.00,317
1788499260000000000,3990.00,3990.70,3989.10,3990.60,593
1788499320000000000,3990.70,3990.70,3987.70,3987.70,1238
1788499380000000000,3987.70,3988.90,3987.70,3988.00,160
1788499440000000000,3988.60,3989.70,3987.70,3988.50,252
1788499500000000000,3989.60,3989.60,3987.60,3987.60,1381
1788499560000000000,3988.00,3988.90,3987.60,3988.00,868
1788499620000000000,3988.00,3988.50,3981.00,3981.40,2201
1788499680000000000,3981.10,3982.80,3980.00,3980.90,1689
1788499740000000000,3982.10,3983.90,3981.00,3983.90,709
1788499800000000000,3983.00,3983.90,3983.00,3983.10,1171
1788499860000000000,3981.50,3982.80,3981.50,3981.50,3212
1788499920000000000,3981.00,3981.50,3977.00,3978.90,5082
1788499980000000000,3978.60,3979.50,3978.00,3979.10,638
1788500040000000000,3979.10,3980.50,3978.60,3979.30,1263
1788500100000000000,3979.70,3980.00,3979.00,3979.50,1799
1788500160000000000,3979.00,3979.60,3979.00,3979.00,1488
1788500220000000000,3979.50,3980.10,3978.00,3978.00,1359
1788500280000000000,3978.00,3978.50,3977.20,3978.50,1268
1788500340000000000,3978.10,3980.40,3978.10,3980.30,523
1788500400000000000,3980.40,3981.90,3980.40,3980.60,403
1788500460000000000,3980.60,3981.70,3980.40,3981.70,1431
1788500520000000000,3980.50,3980.50,3978.20,3980.00,1426
1788500580000000000,3980.00,3980.00,3978.00,3978.80,455
1788500640000000000,3978.80,3980.00,3978.80,3979.60,559
1788500700000000000,3979.10,3980.30,3979.10,3979.60,613
1788500760000000000,3979.60,3979.60,3978.00,3978.00,1829
1788500820000000000,3976.40,3978.00,3976.00,3977.00,1018
1788500880000000000,3977.00,3978.20,3976.60,3977.80,600
1788500940000000000,3976.80,3979.00,3976.60,3978.20,1055
1788501000000000000,3979.20,3979.20,3977.20,3977.50,822
1788501060000000000,3977.50,3979.00,3977.00,3977.10,927
1788501120000000000,3977.10,3978.30,3976.00,3976.00,952
1788501180000000000,3976.10,3977.50,3976.00,3976.20,2350
1788501240000000000,3976.90,3977.30,3975.50,3975.60,1179
1788501300000000000,3976.10,3980.90,3975.70,3980.90,3722
1788501360000000000,3982.00,3986.80,3981.00,3984.10,4743
1788501420000000000,3985.30,3986.00,3981.80,3985.10,20206
1788501480000000000,3986.60,3988.00,3982.40,3983.70,14082
1788501540000000000,3982.30,3985.60,3980.70,3982.50,2164
1788501600000000000,3982.50,3983.80,3982.50,3983.00,475
1788501660000000000,3983.00,3984.30,3982.50,3982.50,400
1788501720000000000,3982.70,3984.30,3982.70,3984.00,278
1788501780000000000,3983.20,3987.00,3982.50,3987.00,5046
1788501840000000000,3986.00,3986.30,3983.40,3985.00,8324
1788501900000000000,3985.00,3986.00,3985.00,3985.10,948
1788501960000000000,3986.00,3990.00,3983.00,3986.50,24754
1788502020000000000,3988.10,3988.10,3985.30,3985.60,630
1788502080000000000,3986.70,3991.00,3985.30,3991.00,16163
1788502140000000000,3991.40,3991.40,3990.00,3990.00,2739
1788502200000000000,3990.00,3990.00,3990.00,3990.00,1179
1788502260000000000,3990.70,3990.70,3985.90,3987.90,16101
1788502320000000000,3988.50,3988.60,3985.20,3985.20,1970
1788502380000000000,3986.60,3987.00,3985.30,3985.80,833
1788502440000000000,3985.70,3987.90,3985.50,3986.70,1155
1788502500000000000,3986.70,3987.90,3986.20,3987.00,1018
1788502560000000000,3987.00,3988.90,3987.00,3988.90,468
1788502620000000000,3987.90,3988.70,3986.00,3987.00,1178
1788502680000000000,3987.60,3989.70,3987.00,3987.00,3107
1788502740000000000,3987.00,3989.40,3987.00,3988.30,1582
1788502800000000000,3988.30,3989.50,3988.30,3989.50,605
1788502860000000000,3989.50,3989.60,3988.10,3988.10,1213
1788502920000000000,3988.10,3988.80,3988.10,3988.60,148
1788502980000000000,3988.90,3988.90,3988.20,3988.90,490
1788503040000000000,3988.90,3989.40,3987.40,3988.40,2929
1788503100000000000,3989.00,3991.90,3989.00,3990.10,4031
1788503160000000000,3990.90,3990.90,3989.90,3990.00,608
1788503220000000000,3990.00,3990.90,3989.80,3989.80,2088
1788503280000000000,3989.70,3990.70,3989.50,3989.50,1716
1788503340000000000,3989.00,3990.50,3988.60,3988.70,942
1788503400000000000,3988.60,3990.00,3988.30,3988.30,776
1788503460000000000,3988.30,3989.00,3988.30,3988.30,370
1788503520000000000,3988.30,3989.90,3988.30,3988.40,4152
1788503580000000000,3988.50,3989.90,3987.80,3988.30,3733
1788503640000000000,3988.30,3989.50,3985.00,3985.00,9757
1788503700000000000,3985.10,3986.10,3985.00,3985.10,234
1788503760000000000,3985.10,3986.00,3985.00,3985.00,291
1788503820000000000,3985.00,3985.80,3985.00,3985.00,377
1788503880000000000,3985.00,3986.50,3984.90,3985.10,1097
1788503940000000000,3987.10,3989.70,3985.50,3988.00,2099
1788504000000000000,3988.70,3989.70,3985.30,3985.40,4283
1788504060000000000,3985.40,3987.20,3985.40,3986.00,700
1788504120000000000,3986.70,3987.40,3985.00,3985.00,873
1788504180000000000,3985.90,3985.90,3983.60,3984.70,470
1788504240000000000,3983.80,3985.20,3983.80,3985.00,411
1788504300000000000,3984.90,3986.60,3983.00,3983.30,1380
1788504360000000000,3984.40,3984.50,3981.90,3983.30,661
1788504420000000000,3983.30,3983.70,3981.60,3981.60,345
1788504480000000000,3982.00,3983.20,3981.80,3981.80,577
1788504540000000000,3983.20,3983.20,3981.60,3982.00,679
1788504600000000000,3982.00,3982.00,3981.10,3981.20,860
1788504660000000000,3981.20,3982.00,3981.10,3981.30,1891
1788504720000000000,3981.30,3981.40,3980.70,3980.70,1272
1788504780000000000,3981.10,3981.10,3980.70,3980.70,978
1788504840000000000,3980.70,3980.70,3978.20,3978.50,2629
1788504900000000000,3978.50,3979.70,3978.20,3979.60,1478
1788504960000000000,3980.10,3981.60,3979.00,3979.00,1526
1788505020000000000,3978.90,3979.90,3978.20,3978.20,883
1788505080000000000,3978.20,3979.70,3978.20,3979.50,2508
1788505140000000000,3979.50,3979.80,3978.60,3979.10,211
1788505200000000000,3979.20,3979.20,3978.70,3979.10,324
1788505260000000000,3979.20,3980.70,3979.10,3980.70,3343
1788505320000000000,3981.60,3982.60,3980.70,3980.70,1065
1788505380000000000,3980.00,3981.20,3979.70,3981.10,505
1788505440000000000,3981.00,3981.00,3979.20,3980.00,1362
1788505500000000000,3980.00,3980.70,3978.40,3979.90,2194
1788505560000000000,3979.10,3979.70,3978.20,3979.00,1006
1788505620000000000,3979.50,3979.50,3978.80,3979.00,821
1788505680000000000,3979.00,3979.50,3978.30,3979.30,7639
1788505740000000000,3981.20,3991.00,3981.20,3990.00,81241
1788505800000000000,3990.00,3990.00,3983.80,3985.20,1696
1788505860000000000,3983.90,3986.00,3983.90,3984.50,966
1788505920000000000,3984.90,3987.20,3982.00,3987.20,8284
1788505980000000000,3986.50,3988.40,3979.70,3979.70,9307
1788506040000000000,3980.30,3981.50,3978.80,3978.80,1261
1788506100000000000,3980.30,3982.00,3979.10,3979.40,2553
1788506160000000000,3979.40,3981.30,3979.00,3979.70,1018
1788506220000000000,3980.90,3980.90,3979.00,3979.10,809
1788506280000000000,3979.50,3980.00,3979.10,3979.50,1156
1788506340000000000,3980.00,3981.20,3979.00,3980.00,1446
1788506400000000000,3979.40,3982.00,3979.10,3979.10,1129
1788506460000000000,3979.30,3983.70,3979.10,3983.70,10058
1788506520000000000,3985.10,3985.80,3983.20,3983.20,12418
1788506580000000000,3983.30,3983.30,3980.30,3982.80,9133
1788506640000000000,3981.90,3981.90,3980.00,3980.00,1825
1788506700000000000,3980.00,3982.30,3979.00,3979.60,1228
1788506760000000000,3979.40,3980.00,3978.50,3979.00,912
1788506820000000000,3978.50,3978.50,3977.90,3978.30,1574
1788506880000000000,3978.10,3980.40,3978.00,3978.10,1415
1788506940000000000,3978.90,3979.70,3977.40,3977.90,1183
1788507000000000000,3977.70,3979.60,3977.50,3979.60,1074
1788507060000000000,3978.50,3980.40,3978.20,3978.20,1513
1788507120000000000,3978.40,3980.80,3978.40,3980.00,1225
1788507180000000000,3980.00,3982.00,3978.70,3980.50,2895
1788507240000000000,3981.80,3982.80,3979.40,3981.70,1921
1788507300000000000,3981.90,3983.50,3980.50,3982.00,1558
1788507360000000000,3981.80,3981.90,3980.10,3980.30,1072
1788507420000000000,3980.20,3983.50,3980.10,3982.20,1361
1788507480000000000,3983.90,3984.00,3982.10,3983.00,1462
1788507540000000000,3983.00,3984.40,3980.70,3982.00,4061
1788507600000000000,3982.20,3983.20,3981.10,3982.10,1606
1788507660000000000,3982.20,3985.50,3980.70,3985.50,5039
1788507720000000000,3984.80,3986.90,3983.00,3986.00,15688
1788507780000000000,3986.10,3987.00,3983.00,3983.70,16038
1788507840000000000,3983.40,3983.40,3981.50,3981.60,1020
1788507900000000000,3981.60,3985.00,3981.50,3984.30,4294
1788507960000000000,3982.80,3983.80,3982.50,3982.80,1704
1788508020000000000,3983.00,3985.90,3983.00,3985.60,1275
1788508080000000000,3985.60,3988.00,3984.40,3985.70,3660
1788508140000000000,3985.70,3985.70,3983.40,3983.40,1247
1788508200000000000,3984.00,3985.20,3982.90,3984.00,1837
1788508260000000000,3985.70,3987.90,3984.10,3985.20,7864
1788508320000000000,3986.70,3988.10,3983.50,3987.00,10593
1788508380000000000,3987.10,3987.10,3981.50,3981.90,11754
1788508440000000000,3982.00,3986.50,3982.00,3984.20,8502
1788508500000000000,3985.40,3985.40,3982.00,3983.00,1102
1788508560000000000,3983.00,3986.70,3982.40,3984.30,5231
1788508620000000000,3984.30,3986.10,3982.60,3983.60,1354
1788508680000000000,3982.90,3984.10,3982.00,3982.10,875
1788508740000000000,3982.10,3982.80,3981.00,3981.50,2615
1788508800000000000,3982.60,3983.10,3981.00,3981.50,1009
1788508860000000000,3982.30,3982.30,3980.50,3980.50,1668
1788508920000000000,3980.40,3983.50,3980.40,3983.00,5463
1788508980000000000,3984.80,3989.90,3984.00,3988.00,15177
1788509040000000000,3989.10,3989.70,3985.00,3985.00,16084
1788509100000000000,3985.00,3987.90,3984.00,3985.60,12123
1788509160000000000,3985.70,3985.90,3982.60,3985.60,1179
1788509220000000000,3985.60,3986.80,3983.70,3985.70,1896
1788509280000000000,3986.00,3987.10,3983.40,3984.90,1547
1788509340000000000,3985.30,3986.70,3983.10,3985.30,1227
1788509400000000000,3985.30,3987.90,3985.00,3985.00,6798
1788509460000000000,3986.00,3987.80,3985.00,3987.80,4056
1788509520000000000,3988.20,3988.30,3985.50,3987.90,2422
1788509580000000000,3988.00,3988.70,3985.80,3985.90,4528
1788509640000000000,3985.90,3987.50,3985.60,3987.40,1119
1788509700000000000,3987.40,3988.50,3985.90,3987.60,9250
1788509760000000000,3988.40,3988.40,3985.80,3987.30,973
1788509820000000000,3987.40,3987.90,3985.60,3985.80,932
1788509880000000000,3987.00,3987.30,3985.60,3985.80,1180
1788509940000000000,3985.80,3988.50,3985.80,3987.00,1853
1788510000000000000,3988.50,3988.70,3986.90,3988.60,1103
1788510060000000000,3987.20,3988.90,3987.10,3987.10,1422
1788510120000000000,3988.50,3988.60,3987.00,3988.50,1102
1788510180000000000,3987.30,3989.00,3987.30,3989.00,1229
1788510240000000000,3988.00,3988.80,3987.00,3988.30,1766
1788510300000000000,3988.40,3988.50,3986.90,3988.40,1870
1788510360000000000,3988.40,3989.10,3987.00,3988.70,3098
1788510420000000000,3988.70,3989.00,3987.40,3988.90,1172
1788510480000000000,3987.60,3988.90,3987.40,3987.40,1282
1788510540000000000,3987.40,3988.80,3987.20,3988.00,2334
1788510600000000000,3988.00,3989.00,3987.60,3988.50,1280
1788510660000000000,3987.80,3989.00,3987.70,3989.00,966
1788510720000000000,3989.00,3989.90,3988.00,3988.80,1816
1788510780000000000,3988.90,3989.90,3988.90,3988.90,999
1788510840000000000,3988.90,3990.00,3988.90,3989.70,3109
1788510900000000000,3991.00,3991.00,3990.30,3991.00,2417
1788510960000000000,3991.50,3994.30,3991.50,3994.10,4481
1788511020000000000,3992.50,3994.10,3992.50,3992.50,1639
1788511080000000000,3992.50,3992.50,3989.60,3991.60,2057
1788511140000000000,3990.70,3992.20,3990.40,3992.00,1151
1788511200000000000,3992.00,3992.00,3990.90,3992.00,1190
1788511260000000000,3991.10,3992.00,3991.00,3991.90,1575
1788511320000000000,3992.00,3992.00,3990.30,3990.30,1421
1788511380000000000,3990.10,3990.30,3990.10,3990.10,1332
1788511440000000000,3990.00,3991.50,3986.90,3986.90,2801
1788511500000000000,3987.40,3990.50,3986.10,3988.80,15504
1788511560000000000,3990.10,3992.20,3988.70,3991.40,8848
1788511620000000000,3992.00,3993.10,3991.10,3991.10,4820
1788511680000000000,3991.50,3994.90,3990.20,3993.90,5508
1788511740000000000,3994.00,3994.40,3993.10,3994.00,1454
1788511800000000000,3993.10,3994.00,3993.10,3993.10,1448
1788511860000000000,3993.00,3993.90,3992.50,3993.90,1079
1788511920000000000,3993.90,3994.00,3990.60,3990.60,1961
1788511980000000000,3991.00,3992.00,3988.10,3988.10,1762
1788512040000000000,3988.10,3989.80,3987.30,3987.30,2482
1788512100000000000,3987.20,3988.70,3987.20,3988.20,2290
1788512160000000000,3988.60,3988.60,3987.60,3987.60,2793
1788512220000000000,3987.70,3991.20,3987.70,3988.10,4096
1788512280000000000,3988.10,3990.30,3988.10,3989.40,2200
1788512340000000000,3989.90,3991.00,3988.70,3989.10,1294
1788512400000000000,3989.10,3990.10,3985.70,3988.00,8477
1788512460000000000,3988.60,3991.00,3988.10,3988.40,4543
1788512520000000000,3988.40,3988.60,3987.20,3987.40,2754
1788512580000000000,3987.50,3989.10,3987.00,3988.00,4372
1788512640000000000,3987.50,3988.50,3987.30,3987.30,3713
1788512700000000000,3987.40,3987.50,3986.70,3987.30,3105
1788512760000000000,3988.40,3989.80,3987.00,3987.00,4316
1788512820000000000,3987.10,3987.30,3986.20,3986.20,3531
1788512880000000000,3986.60,3986.60,3986.00,3986.40,3310
1788512940000000000,3985.90,3987.10,3985.60,3986.70,3616
1788513000000000000,3987.40,3987.50,3985.50,3987.50,4544
1788513060000000000,3988.00,3988.00,3985.00,3985.10,3323
1788513120000000000,3985.10,3985.40,3984.70,3984.70,3619
1788513180000000000,3985.20,3985.20,3984.00,3984.30,4111
1788513240000000000,3983.60,3985.50,3983.10,3983.10,5520
1788513300000000000,3983.50,3984.00,3981.20,3981.50,3569
1788513360000000000,3982.90,3983.20,3981.20,3981.50,3598
1788513420000000000,3981.40,3981.80,3980.60,3980.60,2744
1788513480000000000,3980.90,3981.00,3979.10,3979.10,3893
1788513540000000000,3979.40,3981.40,3979.20,3980.10,4290
1788513600000000000,3980.10,3983.00,3979.10,3980.00,6862
1788513660000000000,3979.80,3980.40,3978.80,3980.40,4500
1788513720000000000,3980.20,3980.90,3978.50,3978.50,4586
1788513780000000000,3978.50,3978.60,3976.00,3976.20,4959
1788513840000000000,3976.10,3977.50,3976.00,3976.10,4585
1788513900000000000,3976.10,3976.30,3975.00,3975.00,4146
1788513960000000000,3975.00,3975.10,3975.00,3975.10,3767
1788514020000000000,3975.00,3975.10,3974.30,3974.30,5364
1788514080000000000,3974.20,3975.70,3974.10,3975.00,5844
1788514140000000000,3975.10,3976.80,3974.90,3976.40,6387
1788514200000000000,3976.40,3977.50,3974.50,3976.90,7987
1788514260000000000,3976.50,3976.50,3975.00,3975.10,4515
1788514320000000000,3975.10,3975.50,3974.30,3974.30,4682
1788514380000000000,3974.40,3975.10,3974.10,3975.10,5595
1788514440000000000,3974.30,3975.00,3974.30,3974.50,5026
1788514500000000000,3974.50,3975.80,3974.00,3975.80,9949
1788514560000000000,3976.50,3980.80,3975.40,3979.10,12090
1788514620000000000,3980.50,3983.00,3980.50,3982.10,6390
1788514680000000000,3982.00,3982.50,3981.70,3982.40,4619
1788514740000000000,3982.40,3983.80,3982.40,3983.40,6545
1788514800000000000,3983.20,3983.70,3983.00,3983.00,8405
1788514860000000000,3982.70,3983.50,3982.70,3983.40,7755
1788514920000000000,3983.70,3985.00,3983.30,3985.00,7916
1788514980000000000,3981.50,3987.10,3981.50,3982.50,21018
1788515040000000000,3984.90,3988.00,3977.00,3986.60,4388
1788515100000000000,3986.60,3986.60,3986.60,3986.60,0
1788515160000000000,3986.60,3986.60,3986.60,3986.60,0
1788515220000000000,3986.60,3986.60,3986.60,3986.60,0
1788515280000000000,3986.60,3986.60,3986.60,3986.60,0
1788515340000000000,3986.60,3986.60,3986.60,3986.60,0
1788515400000000000,3986.60,3986.60,3986.60,3986.60,0
1788515460000000000,3986.60,3986.60,3986.60,3986.60,0
1788515520000000000,3986.60,3986.60,3986.60,3986.60,0
1788515580000000000,3986.60,3986.60,3986.60,3986.60,0
1788515640000000000,3986.60,3986.60,3986.60,3986.60,0
1788515700000000000,3986.60,3986.60,3986.60,3986.60,0
1788515760000000000,3986.60,3986.60,3986.60,3986.60,0
1788515820000000000,3986.60,3986.60,3986.60,3986.60,0
1788515880000000000,3964.10,3964.10,3964.10,3964.10,46913
1788515940000000000,3964.10,3964.10,3964.10,3964.10,0
1788752700000000000,3962.00,3978.50,3960.90,3963.20,12352
1788752760000000000,3964.80,3974.30,3962.40,3972.40,3796
1788752820000000000,3973.40,3973.80,3968.90,3972.00,2809
1788752880000000000,3972.00,3973.50,3968.50,3972.10,1932
1788752940000000000,3971.30,3975.00,3970.00,3973.70,2044
1788753000000000000,3974.00,3975.70,3972.90,3974.80,2222
1788753060000000000,3974.80,3975.00,3972.00,3972.80,1872
1788753120000000000,3973.90,3976.00,3972.60,3976.00,1018
1788753180000000000,3976.30,3977.80,3973.90,3975.30,2346
1788753240000000000,3976.70,3976.90,3972.40,3973.60,4476
1788753300000000000,3975.10,3976.70,3973.00,3974.90,2071
1788753360000000000,3976.40,3978.50,3974.50,3974.50,1588
1788753420000000000,3975.70,3976.30,3974.40,3974.60,1055
1788753480000000000,3975.50,3978.30,3974.60,3976.90,2921
1788753540000000000,3976.90,3976.90,3971.90,3973.60,4611
1788753600000000000,3973.60,3974.20,3972.30,3972.80,1059
1788753660000000000,3974.00,3974.80,3972.10,3972.90,1561
1788753720000000000,3973.90,3974.00,3972.10,3972.90,571
1788753780000000000,3972.90,3974.10,3972.00,3972.80,1047
1788753840000000000,3972.80,3972.80,3970.80,3971.90,943
1788753900000000000,3971.90,3972.40,3970.00,3970.00,727
1788753960000000000,3970.70,3973.50,3970.00,3973.40,1063
1788754020000000000,3973.20,3974.70,3970.00,3971.00,1161
1788754080000000000,3971.00,3974.90,3971.00,3973.80,657
1788754140000000000,3973.80,3975.00,3971.80,3973.00,2778
1788754200000000000,3973.00,3976.90,3972.10,3974.80,4277
1788754260000000000,3974.80,3974.80,3971.20,3974.30,976
1788754320000000000,3974.30,3974.30,3971.20,3974.00,1496
1788754380000000000,3973.90,3979.00,3972.90,3975.00,38589
1788754440000000000,3975.00,3975.70,3972.00,3972.10,2290
1788754500000000000,3973.00,3973.00,3972.10,3972.10,399
1788754560000000000,3972.90,3973.20,3971.40,3972.10,2000
1788754620000000000,3972.50,3973.20,3972.10,3973.20,1804
1788754680000000000,3972.70,3973.20,3972.10,3972.10,1075
1788754740000000000,3972.40,3973.20,3972.00,3972.80,1576
1788754800000000000,3973.00,3973.50,3972.50,3973.40,893
1788754860000000000,3973.10,3973.70,3973.10,3973.60,716
1788754920000000000,3973.70,3973.80,3973.40,3973.60,512
1788754980000000000,3973.70,3973.70,3972.10,3972.10,1133
1788755040000000000,3972.50,3974.80,3971.80,3974.80,2711
1788755100000000000,3974.80,3975.00,3970.00,3971.00,1587
1788755160000000000,3971.50,3973.40,3971.00,3973.00,764
1788755220000000000,3972.90,3974.10,3972.90,3974.00,986
1788755280000000000,3974.00,3974.10,3972.20,3972.60,933
1788755340000000000,3972.30,3973.00,3971.10,3972.70,862
1788755400000000000,3972.70,3973.90,3972.40,3973.10,993
1788755460000000000,3973.20,3974.50,3970.00,3973.90,6125
1788755520000000000,3973.80,3983.00,3973.80,3982.90,15016
1788755580000000000,3982.90,3984.80,3978.70,3981.20,4530
1788755640000000000,3981.20,3986.70,3981.20,3986.10,3392
1788755700000000000,3986.10,3990.80,3985.50,3989.50,4718
1788755760000000000,3990.00,3990.10,3988.80,3989.10,2251
1788755820000000000,3989.10,3990.70,3988.80,3990.20,1689
1788755880000000000,3990.50,3991.60,3990.00,3991.60,1955
1788755940000000000,3991.30,3998.90,3989.00,3998.00,7796
1788756000000000000,3997.40,3998.30,3993.00,3994.40,4566
1788756060000000000,3995.00,3997.00,3993.90,3996.40,1655
1788756120000000000,3996.90,3998.00,3996.10,3997.70,1393
1788756180000000000,3997.50,3998.70,3996.00,3997.00,2347
1788756240000000000,3997.30,3997.70,3996.20,3996.60,2080
1788756300000000000,3996.40,3997.00,3995.60,3996.00,1347
1788756360000000000,3996.20,3996.20,3989.70,3990.00,3248
1788756420000000000,3990.60,3993.70,3989.60,3992.60,1123
1788756480000000000,3992.60,3994.00,3992.50,3994.00,1803
1788756540000000000,3993.70,3995.00,3993.70,3993.70,1324
1788756600000000000,3993.80,3993.80,3991.20,3991.90,668
1788756660000000000,3991.90,3992.00,3990.70,3991.70,572
1788756720000000000,3991.40,3992.80,3991.00,3992.30,1197
1788756780000000000,3992.20,3992.80,3990.50,3991.00,1037
1788756840000000000,3990.80,3991.00,3990.30,3990.50,809
1788756900000000000,3990.50,3993.50,3990.00,3991.90,1207
1788756960000000000,3991.90,3993.90,3991.60,3992.30,2288
1788757020000000000,3992.30,3998.00,3992.10,3996.40,5308
1788757080000000000,3996.70,3997.00,3995.70,3996.20,709
1788757140000000000,3996.00,3998.50,3996.00,3997.50,2978
1788757200000000000,3997.10,3998.70,3997.10,3997.50,1510
1788757260000000000,3998.00,4004.00,3998.00,4003.00,9742
1788757320000000000,4003.60,4004.90,3998.80,3998.80,4334
1788757380000000000,3998.90,3999.80,3997.60,3997.90,1713
1788757440000000000,3997.90,3998.60,3996.00,3996.50,831
1788757500000000000,3996.50,3997.00,3994.20,3994.70,1047
1788757560000000000,3994.70,3996.00,3991.60,3991.80,1392
1788757620000000000,3991.80,3993.80,3991.80,3992.90,494
1788757680000000000,3992.90,3994.30,3990.90,3993.60,1891
1788757740000000000,3993.60,3995.00,3993.30,3993.90,548
1788757800000000000,3993.70,3993.90,3991.90,3992.80,804
1788757860000000000,3992.30,3992.80,3992.20,3992.40,626
1788757920000000000,3992.40,3992.80,3991.90,3992.80,925
1788757980000000000,3993.00,3996.00,3992.50,3995.50,1312
1788758040000000000,3995.50,3997.10,3995.10,3997.10,1914
1788758100000000000,3997.30,3998.70,3996.50,3996.90,1089
1788758160000000000,3996.70,3997.40,3996.50,3996.70,922
1788758220000000000,3996.70,3997.00,3995.30,3995.70,1654
1788758280000000000,3995.50,3995.70,3994.50,3994.50,208
1788758340000000000,3994.70,3995.50,3993.30,3994.40,861
1788758400000000000,3994.40,3996.70,3993.30,3996.70,1134
1788758460000000000,3995.70,3996.40,3994.20,3996.40,1205
1788758520000000000,3996.70,3997.00,3995.50,3996.10,823
1788758580000000000,3996.10,3997.00,3995.70,3995.70,645
1788758640000000000,3996.00,3996.50,3995.50,3996.30,825
1788758700000000000,3996.00,3997.00,3995.70,3996.60,1171
1788758760000000000,3996.60,3997.70,3995.90,3997.20,1534
1788758820000000000,3996.60,3997.10,3995.80,3996.40,510
1788758880000000000,3996.40,3997.50,3996.00,3997.10,1377
1788758940000000000,3997.50,4000.00,3996.70,3998.50,3203
1788759000000000000,3998.20,3999.90,3998.20,3999.40,1215
1788759060000000000,3999.50,3999.50,3999.00,3999.00,601
1788759120000000000,3999.20,3999.40,3998.70,3998.80,1024
1788759180000000000,3998.80,3999.50,3998.00,3998.00,1060
1788759240000000000,3997.90,3997.90,3995.10,3996.60,927
1788759300000000000,3996.00,3997.00,3995.30,3996.40,1262
1788759360000000000,3996.70,3997.00,3995.80,3996.00,904
1788759420000000000,3996.10,3998.00,3995.60,3997.10,1705
1788759480000000000,3997.20,3998.00,3997.20,3997.70,889
1788759540000000000,3997.70,3999.00,3997.50,3997.50,792
1788759600000000000,3997.70,3999.00,3997.50,3998.40,1701
1788759660000000000,3998.40,3999.00,3997.80,3998.00,1237
1788759720000000000,3998.50,3998.80,3997.50,3997.50,956
1788759780000000000,3997.90,3998.40,3997.00,3998.20,1272
1788759840000000000,3998.20,3998.80,3997.20,3998.20,1594
1788759900000000000,3998.50,3999.00,3991.50,3991.60,2301
1788759960000000000,3991.60,3994.30,3991.40,3992.40,1630
1788760020000000000,3992.70,3993.60,3991.60,3991.60,1516
1788760080000000000,3991.80,3992.00,3991.00,3991.40,1285
1788760140000000000,3991.50,3991.50,3990.20,3990.30,1022
1788760200000000000,3990.30,3990.40,3990.00,3990.20,2107
1788760260000000000,3990.20,3991.20,3989.00,3989.00,2341
1788760320000000000,3989.10,3989.30,3987.00,3987.30,2160
1788760380000000000,3987.30,3987.30,3986.10,3986.60,863
1788760440000000000,3986.70,3986.80,3985.40,3985.40,1512
1788760500000000000,3985.60,3987.00,3984.70,3987.00,2792
1788760560000000000,3987.00,3988.60,3986.60,3987.50,1142
1788760620000000000,3987.80,3988.60,3986.00,3986.00,1194
1788760680000000000,3986.60,3988.10,3985.10,3986.80,1442
1788760740000000000,3986.60,3988.00,3986.30,3987.90,456
1788760800000000000,3986.80,3988.20,3986.30,3986.30,1194
1788760860000000000,3986.70,3987.00,3983.10,3983.90,2520
1788760920000000000,3984.20,3984.50,3983.10,3984.00,906
1788760980000000000,3983.60,3984.00,3981.70,3982.00,1377
1788761040000000000,3982.50,3984.40,3982.10,3984.00,1275
1788761100000000000,3983.40,3983.40,3981.50,3981.70,704
1788761160000000000,3981.60,3982.40,3981.00,3981.30,699
1788761220000000000,3981.20,3982.40,3980.70,3981.10,1506
1788761280000000000,3981.10,3982.00,3980.80,3981.40,941
1788761340000000000,3981.40,3981.90,3980.70,3981.90,872
1788761400000000000,3981.30,3982.00,3979.50,3979.50,4041
1788761460000000000,3979.80,3981.00,3979.50,3979.60,622
1788761520000000000,3980.20,3981.00,3979.70,3980.40,514
1788761580000000000,3980.70,3981.00,3979.30,3979.90,1552
1788761640000000000,3980.50,3980.60,3979.20,3980.60,198
1788761700000000000,3980.40,3980.70,3978.20,3979.00,2335
1788761760000000000,3978.70,3979.00,3978.20,3978.20,386
1788761820000000000,3978.60,3979.00,3978.00,3979.00,445
1788761880000000000,3979.00,3979.90,3978.10,3979.90,814
1788761940000000000,3978.60,3980.00,3978.10,3978.90,692
1788762000000000000,3978.90,3979.10,3978.70,3979.00,1887
1788762060000000000,3978.90,3979.00,3978.70,3978.70,580
1788762120000000000,3978.90,3980.30,3978.90,3978.90,1552
1788762180000000000,3979.00,3979.00,3978.60,3978.90,568
1788762240000000000,3978.90,3979.00,3978.80,3978.90,719
1788762300000000000,3978.90,3979.00,3978.80,3979.00,463
1788762360000000000,3978.90,3979.00,3978.70,3978.80,637
1788762420000000000,3978.90,3980.80,3978.30,3978.70,2272
1788762480000000000,3978.70,3979.00,3978.30,3978.80,664
1788762540000000000,3978.70,3979.00,3978.50,3978.50,451
1788762600000000000,3978.50,3979.00,3976.80,3978.20,4419
1788762660000000000,3977.30,3978.30,3976.20,3977.00,1189
1788762720000000000,3977.30,3978.20,3977.00,3977.90,915
1788762780000000000,3977.80,3978.50,3977.50,3977.50,325
1788762840000000000,3978.00,3979.00,3977.50,3979.00,455
1788762900000000000,3978.60,3979.10,3978.00,3978.90,2649
1788762960000000000,3979.00,3980.90,3978.90,3979.00,28909
1788763020000000000,3979.00,3982.90,3978.90,3978.90,37757
1788763080000000000,3979.00,3980.50,3978.50,3978.50,3491
1788763140000000000,3978.30,3978.50,3978.00,3978.50,421
1788763200000000000,3978.40,3979.00,3978.40,3978.90,903
1788763260000000000,3978.70,3978.70,3976.50,3977.30,3249
1788763320000000000,3977.70,3978.60,3977.00,3978.30,363
1788763380000000000,3977.70,3978.30,3977.00,3977.50,178
1788763440000000000,3977.50,3977.70,3976.20,3976.80,965
1788763500000000000,3976.50,3976.90,3975.70,3976.60,1511
1788763560000000000,3976.10,3976.80,3976.10,3976.50,617
1788763620000000000,3976.70,3976.70,3975.40,3975.80,1746
1788763680000000000,3975.60,3976.30,3975.30,3975.60,775
1788763740000000000,3975.60,3975.60,3974.00,3974.00,3913
1788763800000000000,3974.30,3974.80,3974.00,3974.30,962
1788763860000000000,3974.40,3974.50,3973.00,3973.00,1092
1788763920000000000,3973.30,3977.00,3971.10,3975.60,10149
1788763980000000000,3976.30,3977.10,3975.00,3976.90,1350
1788764040000000000,3976.90,3977.00,3976.50,3977.00,1320
1788764100000000000,3977.00,3977.70,3976.00,3976.30,1658
1788764160000000000,3976.20,3976.50,3974.80,3975.00,1204
1788764220000000000,3974.90,3975.00,3974.80,3975.00,2913
1788764280000000000,3975.00,3975.90,3974.80,3975.00,6047
1788764340000000000,3975.00,3975.90,3974.90,3975.00,3362
1788764400000000000,3974.90,3975.20,3974.00,3974.70,13821
1788764460000000000,3974.90,3975.00,3973.50,3974.60,1768
1788764520000000000,3974.40,3974.80,3972.80,3974.00,1512
1788764580000000000,3973.30,3974.00,3973.30,3973.90,301
1788764640000000000,3973.90,3974.00,3973.30,3973.30,1441
1788764700000000000,3973.70,3975.30,3972.60,3975.00,6179
1788764760000000000,3975.00,3976.00,3974.80,3975.00,5446
1788764820000000000,3975.00,3975.50,3974.90,3975.00,9349
1788764880000000000,3975.00,3975.50,3974.90,3975.00,9602
1788764940000000000,3975.00,3975.50,3971.30,3974.10,8861
1788765000000000000,3973.60,3976.90,3973.60,3974.80,3700
1788765060000000000,3974.90,3976.30,3974.80,3975.00,1780
1788765120000000000,3975.00,3976.40,3972.00,3972.50,4162
1788765180000000000,3972.90,3975.00,3972.90,3974.90,27504
1788765240000000000,3975.00,3975.00,3974.90,3974.90,436
1788765300000000000,3975.00,3975.00,3973.20,3973.20,1716
1788765360000000000,3973.10,3974.80,3972.40,3973.70,1187
1788765420000000000,3973.70,3976.60,3972.80,3975.00,25975
1788765480000000000,3975.00,3975.00,3974.60,3975.00,10267
1788765540000000000,3974.80,3975.00,3974.60,3974.80,1474
1788765600000000000,3975.00,3975.00,3972.50,3972.50,1283
1788765660000000000,3973.30,3974.90,3972.50,3974.90,1277
1788765720000000000,3973.70,3974.40,3972.70,3973.30,450
1788765780000000000,3973.00,3974.30,3972.70,3972.80,818
1788765840000000000,3972.90,3973.70,3972.20,3973.20,1663
1788765900000000000,3972.20,3973.00,3971.00,3971.10,802
1788765960000000000,3971.20,3972.60,3970.50,3970.50,1534
1788766020000000000,3970.80,3972.80,3970.80,3972.80,669
1788766080000000000,3972.10,3973.80,3971.30,3972.50,905
1788766140000000000,3972.40,3972.90,3971.20,3972.90,448
1788766200000000000,3972.00,3973.20,3972.00,3972.90,531
1788766260000000000,3972.50,3973.20,3972.50,3973.00,808
1788766320000000000,3973.10,3975.00,3972.60,3973.90,2534
1788766380000000000,3973.40,3974.30,3972.10,3972.90,722
1788766440000000000,3972.90,3972.90,3972.10,3972.30,930
1788766500000000000,3972.50,3973.90,3972.30,3973.20,510
1788766560000000000,3973.20,3974.40,3972.30,3972.70,1031
1788766620000000000,3972.70,3973.30,3971.20,3971.50,1471
1788766680000000000,3971.40,3972.50,3971.20,3971.20,1363
1788766740000000000,3971.50,3972.00,3971.10,3971.70,344
1788766800000000000,3971.40,3971.90,3971.00,3971.30,485
1788766860000000000,3971.30,3971.60,3971.10,3971.40,643
1788766920000000000,3971.50,3972.30,3971.40,3972.30,1307
1788766980000000000,3972.00,3973.00,3971.70,3972.00,1085
1788767040000000000,3972.00,3972.10,3966.90,3967.00,6018
1788767100000000000,3966.70,3967.00,3965.10,3967.00,1688
1788767160000000000,3966.50,3975.00,3965.90,3975.00,15142
1788767220000000000,3974.50,3979.20,3974.50,3974.60,2115
1788767280000000000,3974.80,3976.40,3974.60,3975.10,436
1788767340000000000,3975.60,3978.20,3975.10,3977.20,690
1788767400000000000,3977.00,3977.90,3973.50,3975.90,2060
1788767460000000000,3975.90,3977.60,3974.70,3977.60,821
1788767520000000000,3975.90,3977.00,3974.80,3975.50,801
1788767580000000000,3975.30,3976.70,3975.00,3975.00,566
1788767640000000000,3975.50,3976.30,3975.00,3975.20,538
1788767700000000000,3975.60,3977.10,3975.20,3976.90,1530
1788767760000000000,3977.00,3978.30,3976.90,3976.90,6908
1788767820000000000,3977.00,3978.20,3976.90,3977.60,969
1788767880000000000,3977.00,3978.10,3976.90,3977.00,3691
1788767940000000000,3977.00,3978.30,3976.90,3977.00,17968
1788768000000000000,3976.90,3977.90,3976.90,3977.90,1579
1788768060000000000,3977.00,3980.30,3976.90,3977.00,40137
1788768120000000000,3977.00,3979.70,3976.90,3977.00,41672
1788768180000000000,3977.00,3989.80,3976.90,3987.80,111399
1788768240000000000,3987.40,3993.50,3987.40,3990.80,2368
1788768300000000000,3991.10,3992.00,3977.00,3989.40,18493
1788768360000000000,3989.20,3991.80,3988.00,3991.80,2642
1788768420000000000,3991.40,3993.60,3990.50,3992.00,2296
1788768480000000000,3991.80,3992.40,3987.00,3992.10,6046
1788768540000000000,3991.10,3992.00,3990.60,3991.50,1821
1788768600000000000,3991.40,3992.10,3990.90,3991.50,2363
1788768660000000000,3991.30,3992.80,3991.00,3991.50,1068
1788768720000000000,3991.50,3992.70,3991.40,3991.50,1536
1788768780000000000,3991.50,3991.50,3989.90,3991.00,1593
1788768840000000000,3991.20,3992.80,3991.00,3991.50,9300
1788768900000000000,3991.50,3992.00,3991.00,3991.00,2212
1788768960000000000,3991.30,3992.00,3990.60,3991.50,1469
1788769020000000000,3991.30,3991.80,3990.00,3991.10,1618
1788769080000000000,3990.70,3991.00,3986.00,3986.00,1978
1788769140000000000,3986.60,3988.70,3986.30,3986.60,926
1788769200000000000,3987.30,3988.00,3986.00,3988.00,1621
1788769260000000000,3987.50,3989.00,3987.50,3988.50,666
1788769320000000000,3988.30,3989.30,3988.10,3989.00,2370
1788769380000000000,3988.80,3991.60,3988.60,3990.80,3255
1788769440000000000,3990.20,3991.00,3989.90,3990.50,387
1788769500000000000,3990.30,3991.20,3988.40,3990.20,1377
1788769560000000000,3990.40,3990.70,3989.40,3990.00,292
1788769620000000000,3989.70,3990.70,3989.40,3990.30,700
1788769680000000000,3989.90,3990.90,3989.50,3989.60,965
1788769740000000000,3989.60,3990.20,3987.70,3989.50,651
1788769800000000000,3988.20,3989.90,3988.20,3989.50,485
1788769860000000000,3989.50,3990.00,3988.80,3988.80,616
1788769920000000000,3989.40,3990.40,3988.10,3989.10,1550
1788769980000000000,3989.60,3990.30,3989.20,3990.20,552
1788770040000000000,3990.20,3990.60,3989.00,3990.00,1441
1788770100000000000,3990.00,3990.20,3988.30,3988.80,855
1788770160000000000,3988.80,3989.60,3988.10,3988.10,895
1788770220000000000,3988.20,3989.00,3986.00,3986.50,1720
1788770280000000000,3986.50,3986.90,3984.10,3984.10,2133
1788770340000000000,3984.40,3985.00,3983.50,3984.60,740
1788770400000000000,3984.60,3987.00,3984.50,3986.50,1884
1788770460000000000,3985.70,3987.80,3985.30,3986.20,1704
1788770520000000000,3986.00,3986.20,3985.20,3986.00,648
1788770580000000000,3985.90,3987.50,3985.90,3986.10,1412
1788770640000000000,3986.20,3986.50,3985.10,3985.60,1441
1788770700000000000,3985.80,3987.00,3985.10,3986.00,829
1788770760000000000,3986.10,3986.70,3985.20,3985.70,1245
1788770820000000000,3985.50,3988.70,3984.70,3987.40,2071
1788770880000000000,3987.40,3988.20,3986.00,3987.70,741
1788770940000000000,3987.30,3987.60,3986.10,3987.20,956
1788771000000000000,3987.00,3987.00,3985.30,3985.80,833
1788771060000000000,3986.50,3986.90,3985.80,3986.40,832
1788771120000000000,3986.60,3986.80,3985.50,3985.90,810
1788771180000000000,3985.90,3989.80,3985.50,3989.50,10203
1788771240000000000,3989.50,3989.90,3986.70,3988.90,3464
1788771300000000000,3988.90,3990.00,3988.10,3988.60,1227
1788771360000000000,3988.80,3989.50,3988.00,3988.30,1819
1788771420000000000,3988.60,3990.00,3988.10,3989.10,920
1788771480000000000,3989.10,3990.00,3987.90,3990.00,1340
1788771540000000000,3988.80,3989.70,3988.70,3989.00,635
1788771600000000000,3989.10,3989.50,3989.00,3989.40,885
1788771660000000000,3989.20,3989.40,3987.50,3988.80,1459
1788771720000000000,3988.80,3989.90,3988.60,3989.40,690
1788771780000000000,3989.50,3989.90,3988.70,3989.00,1400
1788771840000000000,3989.00,3989.30,3988.40,3988.60,1383
1788771900000000000,3988.60,3990.00,3988.20,3988.70,1219
1788771960000000000,3988.80,3989.70,3988.60,3988.80,1190
1788772020000000000,3988.90,3990.00,3988.90,3989.90,912
1788772080000000000,3989.90,3989.90,3986.40,3987.90,1621
1788772140000000000,3987.90,3989.20,3985.00,3985.90,2382
1788772200000000000,3985.80,3985.90,3983.00,3983.50,1432
1788772260000000000,3983.30,3983.90,3982.10,3982.20,1942
1788772320000000000,3982.60,3984.40,3981.70,3984.40,786
1788772380000000000,3984.10,3984.70,3983.50,3984.70,911
1788772440000000000,3984.40,3985.00,3983.20,3984.50,1315
1788772500000000000,3984.20,3987.20,3984.00,3985.50,1126
1788772560000000000,3985.70,3986.10,3984.90,3985.10,1452
1788772620000000000,3985.10,3985.50,3984.90,3985.50,407
1788772680000000000,3985.50,3986.30,3984.90,3985.90,1922
1788772740000000000,3985.70,3986.20,3984.20,3984.70,1458
1788772800000000000,3984.60,3989.90,3984.40,3989.90,3617
1788772860000000000,3989.20,3990.00,3986.50,3988.10,6653
1788772920000000000,3988.50,3988.50,3984.50,3985.00,24915
1788772980000000000,3985.00,3985.00,3984.50,3984.50,5101
1788773040000000000,3984.90,3984.90,3983.00,3983.60,1466
1788773100000000000,3983.40,3985.00,3983.30,3983.60,5204
1788773160000000000,3983.70,3984.50,3981.10,3981.80,2431
1788773220000000000,3981.90,3982.50,3981.70,3981.90,1161
1788773280000000000,3981.80,3982.20,3976.20,3976.20,4377
1788773340000000000,3976.40,3976.40,3970.10,3971.40,5720
1788773400000000000,3970.50,3970.80,3967.00,3970.80,7858
1788773460000000000,3970.60,3973.70,3970.60,3972.30,6253
1788773520000000000,3972.30,3973.90,3970.00,3973.70,7915
1788773580000000000,3973.80,3974.90,3971.30,3972.90,6909
1788773640000000000,3973.10,3973.10,3970.20,3970.20,14932
1788773700000000000,3970.10,3971.90,3970.00,3970.80,11624
1788773760000000000,3970.80,3976.80,3970.40,3976.00,10145
1788773820000000000,3975.60,3977.00,3973.20,3976.80,6914
1788773880000000000,3976.60,3978.90,3974.10,3978.40,6742
1788773940000000000,3978.40,3978.60,3976.30,3977.60,6206
1788774000000000000,3977.00,3980.00,3976.10,3979.60,16065
1788774060000000000,3979.80,3981.00,3977.20,3979.00,6746
1788774120000000000,3978.20,3986.10,3970.10,3983.90,18405
1788774180000000000,3984.50,3985.70,3980.10,3982.70,4913
1788774240000000000,3982.10,3985.00,3970.20,3970.20,4023
1788774300000000000,3970.20,3970.20,3970.20,3970.20,0
1788774360000000000,3970.20,3970.20,3970.20,3970.20,0
1788774420000000000,3970.20,3970.20,3970.20,3970.20,0
1788774480000000000,3970.20,3970.20,3970.20,3970.20,0
1788774540000000000,3970.20,3970.20,3970.20,3970.20,0
1788774600000000000,3970.20,3970.20,3970.20,3970.20,0
1788774660000000000,3970.20,3970.20,3970.20,3970.20,0
1788774720000000000,3970.20,3970.20,3970.20,3970.20,0
1788774780000000000,3970.20,3970.20,3970.20,3970.20,0
1788774840000000000,3970.20,3970.20,3970.20,3970.20,0
1788774900000000000,3970.20,3970.20,3970.20,3970.20,0
1788774960000000000,3970.20,3970.20,3970.20,3970.20,0
1788775020000000000,3970.20,3970.20,3970.20,3970.20,0
1788775080000000000,3970.20,3970.20,3970.20,3970.20,0
1788775140000000000,3999.00,3999.00,3999.00,3999.00,45866
1788839100000000000,3988.70,3988.70,3971.20,3974.20,7323
1788839160000000000,3973.40,3977.30,3968.50,3974.60,5847
1788839220000000000,3974.40,3974.80,3971.40,3972.70,1825
1788839280000000000,3972.70,3975.00,3971.80,3975.00,857
1788839340000000000,3975.00,3977.10,3973.00,3976.30,2186
1788839400000000000,3976.20,3977.80,3974.50,3975.50,1197
1788839460000000000,3976.90,3979.50,3975.40,3979.00,1920
1788839520000000000,3979.00,3982.10,3976.10,3976.10,1919
1788839580000000000,3978.00,3978.00,3975.00,3977.70,1443
1788839640000000000,3976.00,3977.90,3973.00,3973.00,3035
1788839700000000000,3974.30,3975.80,3973.00,3975.00,1460
1788839760000000000,3974.60,3975.80,3973.10,3974.60,1359
1788839820000000000,3975.20,3976.70,3974.00,3974.90,368
1788839880000000000,3974.80,3974.90,3971.00,3973.20,4787
1788839940000000000,3972.50,3974.80,3971.70,3973.00,2021
1788840000000000000,3972.90,3974.00,3971.20,3973.60,1823
1788840060000000000,3973.60,3974.50,3971.20,3973.40,1118
1788840120000000000,3972.50,3973.40,3969.00,3970.50,4414
1788840180000000000,3970.50,3971.00,3969.10,3970.00,1569
1788840240000000000,3970.00,3971.30,3969.10,3970.50,1534
1788840300000000000,3970.10,3972.90,3969.60,3972.00,1567
1788840360000000000,3971.70,3973.80,3971.40,3973.80,726
1788840420000000000,3973.10,3973.70,3969.70,3972.80,2862
1788840480000000000,3972.80,3973.10,3971.00,3972.40,860
1788840540000000000,3972.70,3973.00,3970.50,3971.80,721
1788840600000000000,3971.80,3971.80,3968.10,3970.20,4125
1788840660000000000,3970.00,3971.00,3967.30,3968.30,2518
1788840720000000000,3969.70,3969.70,3965.20,3965.30,1680
1788840780000000000,3965.60,3967.00,3965.50,3966.00,2294
1788840840000000000,3966.00,3967.50,3965.80,3967.20,1195
1788840900000000000,3967.00,3967.20,3965.30,3966.10,1409
1788840960000000000,3967.20,3969.10,3966.10,3968.40,741
1788841020000000000,3968.40,3968.40,3965.70,3966.70,1169
1788841080000000000,3966.80,3967.00,3964.40,3965.30,3135
1788841140000000000,3966.20,3967.00,3965.10,3966.60,1268
1788841200000000000,3966.60,3969.10,3966.60,3968.90,510
1788841260000000000,3968.80,3969.10,3966.60,3968.80,1130
1788841320000000000,3968.90,3969.10,3968.00,3968.00,442
1788841380000000000,3968.40,3969.30,3967.00,3967.00,936
1788841440000000000,3967.10,3969.30,3966.00,3967.10,1306
1788841500000000000,3966.70,3968.10,3966.00,3966.50,641
1788841560000000000,3967.60,3968.00,3965.10,3965.10,579
1788841620000000000,3966.10,3967.10,3965.10,3966.00,620
1788841680000000000,3966.30,3967.10,3965.10,3966.40,1544
1788841740000000000,3965.80,3966.90,3965.00,3965.10,1254
1788841800000000000,3965.10,3967.00,3965.10,3967.00,843
1788841860000000000,3966.40,3967.20,3965.10,3966.60,1937
1788841920000000000,3966.50,3967.30,3965.00,3965.20,1420
1788841980000000000,3965.20,3966.00,3962.20,3964.00,4503
1788842040000000000,3964.00,3964.00,3962.10,3963.00,750
1788842100000000000,3963.90,3965.00,3962.40,3963.90,657
1788842160000000000,3964.00,3965.30,3963.50,3965.00,706
1788842220000000000,3965.20,3967.60,3965.00,3966.30,1058
1788842280000000000,3967.00,3967.20,3965.90,3966.80,302
1788842340000000000,3966.50,3966.50,3964.00,3964.10,996
1788842400000000000,3965.00,3965.90,3963.00,3963.50,2003
1788842460000000000,3963.50,3965.30,3962.10,3965.00,1215
1788842520000000000,3964.50,3966.30,3962.30,3966.30,1164
1788842580000000000,3965.10,3967.00,3965.00,3966.40,863
1788842640000000000,3966.20,3967.00,3964.40,3966.80,3284
1788842700000000000,3967.00,3969.80,3966.90,3969.20,5277
1788842760000000000,3968.50,3969.00,3966.00,3966.00,2590
1788842820000000000,3967.80,3967.80,3965.20,3965.20,1041
1788842880000000000,3966.50,3966.60,3965.00,3965.70,793
1788842940000000000,3965.70,3968.90,3965.00,3968.00,1021
1788843000000000000,3968.60,3969.50,3967.00,3968.20,1403
1788843060000000000,3968.20,3968.60,3966.00,3966.60,1562
1788843120000000000,3967.40,3968.30,3966.60,3967.80,1503
1788843180000000000,3967.80,3969.10,3967.00,3967.00,448
1788843240000000000,3968.10,3969.50,3967.00,3969.00,693
1788843300000000000,3969.00,3969.60,3967.20,3969.60,575
1788843360000000000,3969.60,3969.90,3967.20,3967.60,951
1788843420000000000,3969.60,3969.90,3968.50,3969.30,1243
1788843480000000000,3969.80,3969.90,3967.80,3969.90,656
1788843540000000000,3969.90,3971.00,3969.00,3969.80,1424
1788843600000000000,3969.70,3970.90,3967.20,3968.80,1465
1788843660000000000,3969.60,3970.50,3967.00,3967.20,1843
1788843720000000000,3968.60,3969.00,3967.00,3967.90,533
1788843780000000000,3967.80,3968.00,3966.20,3967.60,685
1788843840000000000,3967.70,3971.60,3967.60,3971.50,7991
1788843900000000000,3971.10,3971.60,3968.40,3971.50,4489
1788843960000000000,3971.10,3971.10,3966.90,3967.60,2052
1788844020000000000,3967.60,3969.00,3966.00,3966.60,1636
1788844080000000000,3966.40,3967.20,3965.00,3965.10,1128
1788844140000000000,3966.10,3967.30,3965.60,3967.00,595
1788844200000000000,3966.70,3966.80,3963.00,3964.00,2484
1788844260000000000,3963.90,3964.10,3962.00,3963.00,1990
1788844320000000000,3963.20,3963.90,3962.70,3963.70,775
1788844380000000000,3964.00,3964.20,3962.10,3962.90,3839
1788844440000000000,3963.90,3964.60,3963.00,3963.00,1497
1788844500000000000,3963.40,3964.10,3963.00,3963.80,1053
1788844560000000000,3964.00,3966.80,3964.00,3965.60,911
1788844620000000000,3965.60,3965.60,3963.70,3965.00,1203
1788844680000000000,3965.40,3965.90,3964.80,3965.30,964
1788844740000000000,3965.20,3966.50,3964.10,3966.00,1569
1788844800000000000,3966.60,3967.40,3966.00,3967.10,459
1788844860000000000,3967.20,3967.30,3966.00,3966.70,703
1788844920000000000,3966.60,3967.10,3966.00,3966.00,2467
1788844980000000000,3966.50,3967.00,3963.40,3964.30,5707
1788845040000000000,3965.20,3966.20,3963.00,3964.80,5859
1788845100000000000,3965.50,3965.60,3962.70,3963.20,5219
1788845160000000000,3963.50,3965.50,3962.90,3965.00,1011
1788845220000000000,3964.80,3965.50,3962.50,3962.90,2422
1788845280000000000,3963.30,3963.40,3958.80,3959.10,9813
1788845340000000000,3959.80,3961.60,3959.70,3961.60,572
1788845400000000000,3961.10,3961.90,3960.00,3960.70,897
1788845460000000000,3960.60,3960.60,3956.70,3958.00,3570
1788845520000000000,3958.10,3958.10,3957.70,3957.70,808
1788845580000000000,3957.80,3961.00,3957.70,3958.90,2412
1788845640000000000,3960.60,3960.80,3957.50,3959.00,1003
1788845700000000000,3959.50,3959.90,3957.80,3958.60,1645
1788845760000000000,3959.40,3960.20,3957.90,3959.70,2831
1788845820000000000,3959.90,3961.90,3959.50,3961.70,1798
1788845880000000000,3961.70,3962.00,3961.30,3961.60,1424
1788845940000000000,3961.70,3964.00,3961.50,3963.10,1602
1788846000000000000,3964.00,3965.00,3962.40,3963.50,11525
1788846060000000000,3963.60,3966.60,3963.40,3966.20,4613
1788846120000000000,3966.30,3966.70,3963.80,3965.80,5388
1788846180000000000,3965.70,3966.70,3963.80,3965.70,2860
1788846240000000000,3965.20,3965.20,3960.60,3962.50,2638
1788846300000000000,3962.90,3966.40,3961.00,3965.00,1655
1788846360000000000,3966.00,3966.50,3963.10,3963.10,2777
1788846420000000000,3964.90,3965.00,3963.00,3963.00,1094
1788846480000000000,3964.50,3969.10,3963.00,3967.50,7339
1788846540000000000,3967.30,3968.50,3965.00,3966.30,4305
1788846600000000000,3966.30,3966.50,3964.00,3966.50,1728
1788846660000000000,3966.50,3967.20,3965.20,3965.70,489
1788846720000000000,3965.90,3966.00,3964.40,3965.10,303
1788846780000000000,3965.20,3966.00,3963.60,3965.80,660
1788846840000000000,3965.80,3965.80,3963.80,3964.40,1369
1788846900000000000,3964.50,3966.70,3964.40,3966.00,964
1788846960000000000,3966.70,3969.40,3965.80,3966.00,1256
1788847020000000000,3967.30,3968.70,3966.30,3966.90,924
1788847080000000000,3967.20,3967.50,3965.40,3965.40,1261
1788847140000000000,3966.40,3967.50,3964.90,3965.10,5287
1788847200000000000,3965.90,3970.10,3965.10,3966.30,15224
1788847260000000000,3967.20,3967.80,3965.70,3966.50,699
1788847320000000000,3967.30,3968.00,3965.20,3966.10,977
1788847380000000000,3966.20,3967.00,3965.00,3967.00,1496
1788847440000000000,3967.00,3967.00,3965.90,3967.00,1753
1788847500000000000,3967.00,3970.00,3966.80,3968.10,4776
1788847560000000000,3968.60,3970.50,3968.40,3969.90,1257
1788847620000000000,3969.60,3970.30,3969.00,3969.40,1329
1788847680000000000,3969.40,3969.40,3968.00,3968.00,800
1788847740000000000,3968.70,3969.00,3968.00,3969.00,697
1788847800000000000,3968.80,3969.00,3968.30,3969.00,377
1788847860000000000,3968.50,3969.40,3968.40,3968.70,392
1788847920000000000,3969.40,3969.80,3968.70,3968.70,665
1788847980000000000,3968.80,3970.90,3968.50,3970.30,1586
1788848040000000000,3970.40,3971.00,3970.00,3970.00,2647
1788848100000000000,3970.40,3971.30,3970.00,3970.10,1312
1788848160000000000,3970.60,3971.10,3970.00,3970.10,1942
1788848220000000000,3970.60,3970.90,3969.10,3969.10,2002
1788848280000000000,3970.40,3970.70,3967.00,3968.20,1632
1788848340000000000,3968.80,3968.80,3966.30,3966.50,2236
1788848400000000000,3967.20,3970.40,3965.00,3968.90,25075
1788848460000000000,3969.80,3970.00,3967.50,3968.60,603
1788848520000000000,3969.00,3969.30,3965.40,3966.10,1737
1788848580000000000,3966.70,3970.00,3966.60,3967.90,1791
1788848640000000000,3968.30,3970.40,3967.10,3970.40,1412
1788848700000000000,3970.40,3970.90,3967.10,3967.50,3128
1788848760000000000,3968.40,3970.00,3966.60,3968.40,1434
1788848820000000000,3968.00,3969.30,3965.90,3968.00,1600
1788848880000000000,3967.60,3969.40,3965.90,3966.80,1398
1788848940000000000,3967.20,3970.90,3966.60,3970.40,2719
1788849000000000000,3970.40,3971.00,3969.90,3970.60,1176
1788849060000000000,3970.60,3970.90,3970.00,3970.70,3122
1788849120000000000,3970.70,3971.00,3970.40,3970.40,1629
1788849180000000000,3970.60,3970.90,3970.00,3970.60,1366
1788849240000000000,3970.80,3972.20,3970.60,3971.60,1276
1788849300000000000,3971.70,3972.00,3970.30,3971.90,1171
1788849360000000000,3971.90,3972.00,3969.90,3970.00,1362
1788849420000000000,3970.20,3971.70,3970.20,3970.50,763
1788849480000000000,3970.60,3971.20,3967.60,3970.00,16150
1788849540000000000,3970.00,3970.70,3967.00,3967.00,9412
1788849600000000000,3967.10,3968.10,3965.40,3965.60,2003
1788849660000000000,3965.50,3966.60,3963.20,3963.70,3142
1788849720000000000,3963.70,3965.40,3963.20,3964.60,2080
1788849780000000000,3964.70,3965.40,3962.70,3962.80,2239
1788849840000000000,3964.00,3964.50,3961.70,3961.70,1900
1788849900000000000,3961.80,3961.80,3960.00,3960.10,2223
1788849960000000000,3960.20,3961.80,3960.00,3960.10,2745
1788850020000000000,3960.10,3962.80,3959.90,3961.30,2161
1788850080000000000,3961.40,3961.40,3959.60,3961.00,2573
1788850140000000000,3960.50,3961.30,3958.00,3959.90,4223
1788850200000000000,3960.00,3964.70,3959.90,3964.60,2981
1788850260000000000,3964.70,3964.90,3961.40,3961.90,3771
1788850320000000000,3962.20,3965.00,3962.20,3964.80,2747
1788850380000000000,3964.80,3966.00,3964.30,3965.50,1006
1788850440000000000,3965.90,3967.00,3965.50,3965.90,799
1788850500000000000,3966.10,3967.90,3965.90,3966.60,885
1788850560000000000,3967.00,3967.90,3964.60,3965.60,1776
1788850620000000000,3965.70,3966.90,3964.00,3964.30,1971
1788850680000000000,3964.40,3964.90,3964.10,3964.50,725
1788850740000000000,3964.60,3970.90,3964.50,3970.00,11351
1788850800000000000,3970.50,3971.40,3970.00,3970.00,734
1788850860000000000,3970.40,3970.90,3966.30,3967.20,11391
1788850920000000000,3967.20,3971.40,3965.60,3970.00,17497
1788850980000000000,3970.10,3970.10,3968.00,3968.10,4283
1788851040000000000,3968.40,3968.80,3967.40,3968.50,977
1788851100000000000,3968.00,3970.50,3968.00,3969.70,1256
1788851160000000000,3969.90,3971.70,3969.40,3971.20,1543
1788851220000000000,3971.30,3971.90,3970.20,3971.00,908
1788851280000000000,3971.90,3972.00,3969.60,3971.50,2382
1788851340000000000,3971.50,3971.90,3969.30,3970.80,838
1788851400000000000,3971.40,3971.70,3967.70,3968.40,2968
1788851460000000000,3970.10,3972.00,3968.50,3971.60,2232
1788851520000000000,3971.70,3972.50,3971.10,3972.00,1818
1788851580000000000,3972.30,3973.00,3971.90,3972.90,3219
1788851640000000000,3973.00,3973.00,3971.60,3972.70,1334
1788851700000000000,3972.70,3973.00,3971.10,3972.90,1248
1788851760000000000,3973.00,3974.50,3972.90,3974.50,3343
1788851820000000000,3974.50,3974.50,3972.70,3973.00,1533
1788851880000000000,3974.40,3974.40,3972.50,3973.40,813
1788851940000000000,3973.60,3975.00,3973.00,3974.60,2244
1788852000000000000,3974.90,3975.50,3974.90,3975.40,3326
1788852060000000000,3975.50,3976.40,3972.70,3973.20,1135
1788852120000000000,3974.80,3976.00,3973.70,3975.30,1920
1788852180000000000,3975.70,3977.00,3975.00,3976.80,2524
1788852240000000000,3976.90,3977.00,3975.80,3976.80,1537
1788852300000000000,3976.90,3978.90,3976.80,3977.70,2998
1788852360000000000,3978.00,3980.30,3976.20,3977.20,11699
1788852420000000000,3977.60,3979.70,3977.60,3979.30,2692
1788852480000000000,3979.50,3979.70,3979.00,3979.60,2454
1788852540000000000,3979.70,3980.00,3979.00,3979.10,1383
1788852600000000000,3979.10,3979.80,3979.10,3979.60,968
1788852660000000000,3979.80,3980.00,3979.00,3979.30,2408
1788852720000000000,3979.40,3979.40,3979.00,3979.00,1478
1788852780000000000,3979.10,3980.00,3978.00,3979.10,6472
1788852840000000000,3979.30,3980.00,3979.10,3979.70,882
1788852900000000000,3979.70,3980.00,3978.90,3978.90,1152
1788852960000000000,3979.30,3980.00,3978.80,3979.90,1798
1788853020000000000,3980.00,3980.10,3979.30,3980.10,3069
1788853080000000000,3980.10,3980.40,3978.20,3979.70,4327
1788853140000000000,3979.90,3980.00,3978.00,3979.60,1260
1788853200000000000,3979.70,3980.00,3979.20,3979.70,564
1788853260000000000,3979.80,3979.90,3978.60,3978.60,397
1788853320000000000,3978.80,3979.00,3977.00,3977.50,6694
1788853380000000000,3977.80,3978.50,3977.50,3978.30,2083
1788853440000000000,3978.30,3980.10,3978.10,3980.10,4603
1788853500000000000,3980.10,3980.10,3977.70,3977.80,21712
1788853560000000000,3978.50,3980.10,3978.10,3978.90,2292
1788853620000000000,3979.40,3979.40,3978.20,3978.90,461
1788853680000000000,3979.60,3979.60,3978.60,3978.60,578
1788853740000000000,3978.80,3978.90,3978.20,3978.20,479
1788853800000000000,3978.40,3978.70,3977.90,3978.20,930
1788853860000000000,3978.50,3978.50,3977.00,3977.50,626
1788853920000000000,3977.70,3979.60,3976.90,3977.70,5239
1788853980000000000,3978.00,3978.40,3978.00,3978.30,641
1788854040000000000,3978.40,3978.90,3975.20,3975.40,4904
1788854100000000000,3975.90,3978.00,3974.40,3976.20,9291
1788854160000000000,3976.70,3978.40,3975.00,3976.50,18140
1788854220000000000,3976.70,3977.30,3976.50,3977.00,2025
1788854280000000000,3977.10,3977.70,3974.70,3977.00,3648
1788854340000000000,3976.30,3977.10,3975.80,3976.40,1245
1788854400000000000,3976.80,3977.90,3976.40,3977.70,940
1788854460000000000,3977.60,3980.50,3977.50,3979.10,4602
1788854520000000000,3979.60,3979.60,3976.40,3978.00,1328
1788854580000000000,3978.20,3978.30,3978.00,3978.00,3097
1788854640000000000,3978.10,3979.00,3977.50,3979.00,4959
1788854700000000000,3979.30,3980.00,3977.50,3978.20,1974
1788854760000000000,3978.50,3980.50,3977.90,3980.30,2802
1788854820000000000,3980.40,3980.50,3978.10,3980.00,4242
1788854880000000000,3980.10,3980.30,3979.00,3979.30,1778
1788854940000000000,3979.60,3979.90,3976.40,3977.40,4530
1788855000000000000,3978.30,3981.60,3977.30,3978.90,10002
1788855060000000000,3978.40,3979.50,3976.10,3978.50,7653
1788855120000000000,3978.70,3978.80,3975.90,3977.10,858
1788855180000000000,3977.20,3978.00,3977.00,3978.00,522
1788855240000000000,3977.70,3978.00,3975.40,3975.40,5709
1788855300000000000,3975.50,3977.10,3974.40,3975.20,3270
1788855360000000000,3975.60,3977.70,3975.00,3977.00,1778
1788855420000000000,3976.50,3978.00,3976.20,3978.00,419
1788855480000000000,3977.40,3977.80,3974.90,3975.40,1590
1788855540000000000,3976.00,3976.80,3974.90,3975.90,1274
1788855600000000000,3976.40,3976.90,3975.00,3975.10,668
1788855660000000000,3975.40,3975.80,3970.90,3971.00,2628
1788855720000000000,3971.30,3973.50,3970.40,3971.10,2383
1788855780000000000,3971.10,3972.50,3971.00,3972.00,837
1788855840000000000,3972.30,3975.00,3971.10,3972.70,8376
1788855900000000000,3973.20,3974.90,3972.40,3973.60,1447
1788855960000000000,3974.10,3974.90,3973.10,3973.20,779
1788856020000000000,3973.50,3973.80,3972.80,3973.20,1040
1788856080000000000,3973.30,3974.10,3972.00,3972.60,4266
1788856140000000000,3972.90,3973.70,3971.30,3973.30,3103
1788856200000000000,3972.70,3975.80,3972.40,3974.60,4585
1788856260000000000,3974.00,3975.60,3972.50,3973.70,2845
1788856320000000000,3973.90,3974.10,3971.30,3971.40,1981
1788856380000000000,3972.40,3975.00,3971.50,3973.70,840
1788856440000000000,3973.90,3975.50,3973.20,3974.20,757
1788856500000000000,3974.50,3976.60,3972.80,3975.00,10856
1788856560000000000,3975.40,3976.00,3973.00,3973.00,10942
1788856620000000000,3973.80,3974.20,3972.10,3972.30,10822
1788856680000000000,3972.80,3973.60,3971.40,3971.40,2311
1788856740000000000,3971.70,3972.80,3971.40,3972.30,1055
1788856800000000000,3972.30,3972.30,3971.70,3971.70,1544
1788856860000000000,3972.10,3972.90,3971.50,3971.50,841
1788856920000000000,3971.50,3972.40,3971.50,3971.50,928
1788856980000000000,3972.10,3972.10,3971.20,3971.20,1621
1788857040000000000,3971.50,3971.50,3965.20,3965.70,5664
1788857100000000000,3966.10,3967.00,3965.70,3966.30,1418
1788857160000000000,3966.70,3969.30,3966.00,3966.10,1964
1788857220000000000,3966.90,3967.90,3966.10,3967.10,2136
1788857280000000000,3967.20,3967.90,3967.00,3967.00,3049
1788857340000000000,3967.10,3967.40,3967.00,3967.20,2403
1788857400000000000,3967.30,3969.90,3967.20,3967.40,2342
1788857460000000000,3968.00,3969.00,3967.30,3968.10,1210
1788857520000000000,3968.90,3968.90,3967.70,3967.80,865
1788857580000000000,3968.50,3969.30,3967.90,3967.90,4107
1788857640000000000,3968.30,3968.90,3967.60,3967.60,1491
1788857700000000000,3967.70,3969.00,3967.20,3967.20,5083
1788857760000000000,3967.20,3969.10,3967.20,3967.20,2243
1788857820000000000,3967.90,3968.50,3967.20,3967.80,1320
1788857880000000000,3968.50,3969.00,3967.40,3968.50,1575
1788857940000000000,3969.00,3972.80,3968.70,3971.00,6507
1788858000000000000,3971.50,3972.80,3969.50,3970.80,3353
1788858060000000000,3969.50,3970.60,3967.70,3967.90,10754
1788858120000000000,3968.40,3969.80,3967.90,3967.90,4464
1788858180000000000,3969.30,3971.30,3967.90,3968.20,13891
1788858240000000000,3969.30,3969.50,3967.90,3968.00,3591
1788858300000000000,3968.00,3969.60,3967.90,3967.90,4053
1788858360000000000,3969.30,3969.60,3967.90,3967.90,1896
1788858420000000000,3967.90,3969.50,3967.80,3967.80,1581
1788858480000000000,3967.90,3969.00,3967.70,3967.90,361
1788858540000000000,3968.00,3968.90,3967.30,3968.60,1435
1788858600000000000,3968.00,3968.50,3967.30,3967.30,523
1788858660000000000,3967.60,3969.00,3967.20,3968.90,1171
1788858720000000000,3968.30,3969.20,3967.50,3967.50,1263
1788858780000000000,3968.30,3969.20,3967.60,3967.90,503
1788858840000000000,3968.50,3969.00,3965.60,3967.10,2796
1788858900000000000,3967.10,3968.90,3966.40,3967.80,2542
1788858960000000000,3968.50,3968.90,3967.10,3967.30,2187
1788859020000000000,3967.90,3969.00,3966.60,3968.60,2241
1788859080000000000,3968.60,3969.00,3964.90,3965.30,16664
1788859140000000000,3966.10,3966.80,3964.90,3965.50,2803
1788859200000000000,3966.20,3967.20,3964.90,3965.00,5697
1788859260000000000,3966.50,3967.50,3964.60,3965.80,7049
1788859320000000000,3967.50,3971.00,3964.90,3964.90,22604
1788859380000000000,3966.80,3972.00,3964.90,3970.40,11661
1788859440000000000,3971.70,3976.10,3971.10,3976.00,12988
1788859500000000000,3975.90,3976.00,3971.90,3974.90,5906
1788859560000000000,3974.90,3976.00,3972.00,3974.90,9149
1788859620000000000,3974.90,3976.00,3971.90,3974.90,5732
1788859680000000000,3975.00,3976.00,3973.10,3975.30,4978
1788859740000000000,3975.40,3975.50,3971.70,3974.50,4323
1788859800000000000,3974.50,3974.90,3971.80,3973.80,4224
1788859860000000000,3973.80,3973.80,3970.50,3973.00,4947
1788859920000000000,3973.50,3974.40,3970.70,3972.60,4843
1788859980000000000,3971.60,3972.80,3971.30,3971.50,2379
1788860040000000000,3971.30,3973.80,3971.30,3973.40,3160
1788860100000000000,3973.30,3973.40,3971.20,3972.70,7049
1788860160000000000,3972.70,3973.00,3970.70,3971.30,7460
1788860220000000000,3972.40,3972.90,3970.00,3972.00,6358
1788860280000000000,3972.00,3972.40,3971.00,3972.10,2740
1788860340000000000,3972.40,3973.00,3971.00,3972.70,4396
1788860400000000000,3973.00,3974.90,3971.20,3974.60,15812
1788860460000000000,3974.60,3974.60,3971.00,3973.60,6198
1788860520000000000,3973.60,3975.00,3970.50,3971.30,12009
1788860580000000000,3971.30,3971.40,3966.00,3968.50,7144
1788860640000000000,3966.10,3974.00,3965.80,3972.70,5303
1788860700000000000,3972.70,3972.70,3972.70,3972.70,0
1788860760000000000,3972.70,3972.70,3972.70,3972.70,0
1788860820000000000,3972.70,3972.70,3972.70,3972.70,0
1788860880000000000,3972.70,3972.70,3972.70,3972.70,0
1788860940000000000,3972.70,3972.70,3972.70,3972.70,0
1788861000000000000,3972.70,3972.70,3972.70,3972.70,0
1788861060000000000,3972.70,3972.70,3972.70,3972.70,0
1788861120000000000,3972.70,3972.70,3972.70,3972.70,0
1788861180000000000,3972.70,3972.70,3972.70,3972.70,0
1788861240000000000,3972.70,3972.70,3972.70,3972.70,0
1788861300000000000,3972.70,3972.70,3972.70,3972.70,0
1788861360000000000,3972.70,3972.70,3972.70,3972.70,0
1788861420000000000,3972.70,3972.70,3972.70,3972.70,0
1788861480000000000,3972.70,3972.70,3972.70,3972.70,0
1788861540000000000,3946.10,3946.10,3946.10,3946.10,98669
1788925500000000000,3935.30,3980.20,3935.30,3974.20,79736
1788925560000000000,3972.50,3979.40,3970.00,3979.40,45902
1788925620000000000,3979.10,3985.90,3975.50,3983.60,12011
1788925680000000000,3982.50,3991.00,3982.40,3985.00,14449
1788925740000000000,3985.00,3993.00,3983.60,3993.00,39829
1788925800000000000,3992.00,4004.50,3992.00,3996.90,31664
1788925860000000000,3996.90,4004.00,3991.90,4000.10,31818
1788925920000000000,4000.10,4002.00,3993.90,4000.50,7160
1788925980000000000,3999.30,4007.40,3998.10,4005.20,13097
1788926040000000000,4005.20,4009.90,4004.00,4007.90,11948
1788926100000000000,4007.10,4008.70,4001.00,4005.00,4549
1788926160000000000,4005.00,4017.00,4005.00,4014.70,16374
1788926220000000000,4013.80,4018.10,4013.60,4016.40,11316
1788926280000000000,4016.10,4017.00,4011.20,4014.30,13277
1788926340000000000,4013.10,4020.20,4013.00,4018.10,14866
1788926400000000000,4018.10,4020.00,4014.00,4015.00,8250
1788926460000000000,4015.00,4018.00,4011.00,4013.00,8696
1788926520000000000,4012.00,4014.90,4012.00,4013.70,2303
1788926580000000000,4013.20,4015.10,4004.00,4004.00,10119
1788926640000000000,4003.50,4011.80,4003.10,4011.80,5923
1788926700000000000,4011.00,4013.10,4003.00,4003.00,9363
1788926760000000000,4003.10,4013.70,4002.40,4011.90,13398
1788926820000000000,4012.00,4013.30,4004.00,4006.80,9059
1788926880000000000,4006.20,4012.00,4006.00,4006.60,13476
1788926940000000000,4006.50,4009.40,4005.20,4005.50,8735
1788927000000000000,4005.30,4007.50,4005.00,4005.80,3910
1788927060000000000,4005.00,4005.90,4000.60,4001.50,3091
1788927120000000000,4001.10,4006.00,4000.00,4000.00,4978
1788927180000000000,4000.00,4006.00,3999.10,3999.60,144648
1788927240000000000,4000.10,4002.90,3990.20,3991.70,40860
1788927300000000000,3991.70,4000.00,3991.10,3991.50,112842
1788927360000000000,3991.50,4003.00,3991.00,3996.50,183839
1788927420000000000,3995.90,3998.00,3990.00,3992.00,161966
1788927480000000000,3992.00,3994.20,3990.10,3994.20,3800
1788927540000000000,3993.20,3994.20,3991.30,3992.50,2030
1788927600000000000,3992.50,3996.00,3992.00,3994.40,2185
1788927660000000000,3994.40,3995.80,3992.00,3992.10,2839
1788927720000000000,3992.00,3997.60,3992.00,3996.10,1904
1788927780000000000,3995.80,4000.90,3992.80,3997.90,241585
1788927840000000000,3997.90,4000.90,3997.30,3997.50,1794
1788927900000000000,3997.10,3999.00,3996.90,3998.10,401
1788927960000000000,3998.10,4000.80,3996.80,3997.10,1943
1788928020000000000,3997.10,4002.40,3996.10,4001.00,2596
1788928080000000000,4000.80,4003.70,3996.50,3998.10,3825
1788928140000000000,3998.10,4000.00,3997.80,3998.10,1102
1788928200000000000,3998.10,3999.00,3996.10,3997.50,1728
1788928260000000000,3997.50,3998.60,3994.00,3997.30,2227
1788928320000000000,3997.30,4000.00,3997.30,3999.00,1308
1788928380000000000,3999.00,4004.20,3999.00,4001.30,5183
1788928440000000000,4000.40,4002.00,3997.00,3998.00,1778
1788928500000000000,3998.00,4000.00,3998.00,3999.10,1621
1788928560000000000,3999.10,4000.00,3994.20,3994.60,1747
1788928620000000000,3994.60,3996.60,3993.60,3995.00,1138
1788928680000000000,3994.20,3996.70,3994.10,3995.00,933
1788928740000000000,3995.50,3997.30,3993.70,3995.50,1925
1788928800000000000,3995.70,3999.00,3995.20,3996.00,3492
1788928860000000000,3996.00,3997.50,3995.70,3997.50,1536
1788928920000000000,3996.50,3998.10,3995.80,3997.00,1550
1788928980000000000,3996.10,3999.00,3996.10,3997.80,978
1788929040000000000,3996.40,3997.80,3996.00,3997.00,1215
1788929100000000000,3997.00,3998.70,3995.20,3995.20,1028
1788929160000000000,3995.20,3996.00,3995.20,3996.00,616
1788929220000000000,3995.30,3996.30,3994.00,3994.90,1639
1788929280000000000,3995.10,3997.60,3994.60,3996.10,3207
1788929340000000000,3996.00,3996.90,3994.90,3996.50,1838
1788929400000000000,3996.00,3997.40,3996.00,3996.00,586
1788929460000000000,3996.00,3996.80,3993.00,3994.70,2897
1788929520000000000,3994.00,3995.40,3994.00,3994.20,865
1788929580000000000,3994.20,3995.70,3994.00,3995.00,847
1788929640000000000,3995.00,3997.80,3995.00,3996.00,1129
1788929700000000000,3995.00,3996.10,3995.00,3995.00,941
1788929760000000000,3995.00,3997.30,3993.80,3994.30,2148
1788929820000000000,3994.30,3995.60,3994.00,3994.00,1602
1788929880000000000,3994.00,3996.60,3994.00,3994.80,1579
1788929940000000000,3994.50,3997.00,3994.50,3996.20,1071
1788930000000000000,3996.20,3998.90,3996.20,3997.00,2373
1788930060000000000,3997.00,3998.10,3996.20,3997.50,976
1788930120000000000,3996.30,3997.60,3996.30,3996.50,957
1788930180000000000,3996.50,3999.00,3996.50,3998.20,1529
1788930240000000000,3998.20,3999.00,3994.50,3995.70,2459
1788930300000000000,3995.70,3997.70,3995.00,3995.80,2208
1788930360000000000,3995.80,3997.50,3995.00,3995.40,1081
1788930420000000000,3995.60,3997.20,3994.00,3994.00,1414
1788930480000000000,3994.00,3996.30,3994.00,3994.50,981
1788930540000000000,3994.50,3996.60,3994.50,3994.80,1205
1788930600000000000,3994.80,3996.00,3992.00,3992.40,2233
1788930660000000000,3992.40,3994.00,3992.40,3992.80,1777
1788930720000000000,3992.80,3993.90,3991.60,3993.00,2973
1788930780000000000,3993.00,3994.20,3992.00,3992.00,1024
1788930840000000000,3992.00,3993.20,3992.00,3992.00,971
1788930900000000000,3992.00,3994.20,3992.00,3992.30,1427
1788930960000000000,3992.30,3994.50,3992.10,3993.00,1566
1788931020000000000,3992.70,3995.50,3992.70,3993.30,1850
1788931080000000000,3993.20,3995.40,3992.70,3993.20,2298
1788931140000000000,3993.20,3996.00,3993.20,3994.40,1386
1788931200000000000,3994.50,3996.90,3994.30,3994.30,1705
1788931260000000000,3994.20,3996.00,3994.20,3995.70,858
1788931320000000000,3995.80,3996.90,3995.00,3995.10,1477
1788931380000000000,3995.10,3996.70,3995.00,3995.00,935
1788931440000000000,3995.10,3996.90,3994.30,3996.20,1527
1788931500000000000,3996.20,3999.40,3995.90,3997.80,4681
1788931560000000000,3996.90,3998.30,3995.40,3995.70,1017
1788931620000000000,3995.70,3997.70,3995.70,3995.90,2087
1788931680000000000,3995.90,3997.20,3994.10,3994.70,1924
1788931740000000000,3995.00,3997.10,3995.00,3995.80,832
1788931800000000000,3995.80,3998.00,3995.50,3997.00,1727
1788931860000000000,3997.00,3998.00,3995.00,3995.00,1109
1788931920000000000,3995.10,3997.60,3994.20,3994.20,1883
1788931980000000000,3994.20,3995.60,3993.40,3993.40,1939
1788932040000000000,3992.90,3993.90,3992.00,3992.50,1346
1788932100000000000,3992.50,3993.60,3992.00,3992.00,1180
1788932160000000000,3992.00,3993.80,3992.00,3993.30,745
1788932220000000000,3993.40,3995.00,3993.40,3993.80,508
1788932280000000000,3993.90,3995.20,3993.60,3994.90,1285
1788932340000000000,3994.00,3994.90,3990.80,3992.10,3789
1788932400000000000,3992.10,3993.60,3991.00,3992.00,1757
1788932460000000000,3992.00,3993.60,3991.40,3992.00,915
1788932520000000000,3992.00,3993.30,3986.00,3987.30,10206
1788932580000000000,3987.00,3990.00,3986.60,3989.40,3507
1788932640000000000,3988.20,3989.40,3985.50,3986.60,1382
1788932700000000000,3986.60,3988.10,3986.30,3986.50,882
1788932760000000000,3986.20,3988.00,3983.20,3985.70,3721
1788932820000000000,3984.40,3985.00,3983.50,3983.90,1148
1788932880000000000,3983.90,3984.60,3981.50,3981.90,2276
1788932940000000000,3981.90,3983.00,3980.30,3980.70,2675
1788933000000000000,3980.70,3982.80,3980.70,3980.90,2638
1788933060000000000,3980.90,3983.00,3980.90,3981.90,4218
1788933120000000000,3980.90,3982.00,3978.40,3980.30,6597
1788933180000000000,3980.30,3981.50,3978.90,3979.10,1454
1788933240000000000,3979.10,3981.00,3979.10,3980.00,1087
1788933300000000000,3979.90,3980.00,3978.40,3978.40,1170
1788933360000000000,3978.70,3980.20,3978.70,3979.90,1182
1788933420000000000,3979.20,3980.00,3969.30,3973.40,44343
1788933480000000000,3973.30,3974.80,3973.10,3974.80,961
1788933540000000000,3974.30,3976.80,3974.30,3975.80,2483
1788933600000000000,3975.20,3976.50,3974.40,3975.60,1255
1788933660000000000,3974.40,3976.70,3974.30,3976.00,1023
1788933720000000000,3975.60,3976.60,3975.50,3975.90,711
1788933780000000000,3975.70,3976.60,3973.30,3974.70,2171
1788933840000000000,3974.00,3976.20,3973.20,3975.00,1239
1788933900000000000,3974.60,3976.10,3973.00,3974.80,4347
1788933960000000000,3973.40,3975.00,3973.40,3974.50,2029
1788934020000000000,3973.50,3978.30,3973.50,3976.00,2402
1788934080000000000,3975.60,3979.90,3975.60,3978.00,1945
1788934140000000000,3978.00,3980.00,3976.00,3978.20,1604
1788934200000000000,3978.20,3980.00,3976.80,3977.90,3076
1788934260000000000,3977.90,3979.80,3977.60,3977.60,1329
1788934320000000000,3977.60,3979.10,3976.60,3978.40,3147
1788934380000000000,3978.40,3979.60,3978.40,3978.60,968
1788934440000000000,3978.60,3980.00,3977.40,3977.50,1394
1788934500000000000,3977.50,3979.30,3977.00,3977.50,1878
1788934560000000000,3977.50,3978.20,3974.50,3976.10,2058
1788934620000000000,3974.50,3976.10,3974.00,3975.00,1428
1788934680000000000,3974.60,3975.80,3974.60,3974.60,1511
1788934740000000000,3974.60,3975.70,3974.60,3975.00,942
1788934800000000000,3974.60,3976.00,3972.50,3974.50,103940
1788934860000000000,3974.50,3975.00,3974.30,3974.80,4138
1788934920000000000,3974.70,3975.00,3972.60,3975.00,4588
1788934980000000000,3974.60,3975.00,3972.90,3974.50,3882
1788935040000000000,3974.50,3974.90,3974.50,3974.90,738
1788935100000000000,3974.70,3975.00,3974.70,3975.00,1192
1788935160000000000,3974.90,3975.00,3974.90,3975.00,1153
1788935220000000000,3974.90,3975.00,3974.90,3975.00,1082
1788935280000000000,3974.90,3975.00,3974.90,3975.00,887
1788935340000000000,3974.90,3975.00,3970.20,3971.50,8265
1788935400000000000,3970.80,3972.50,3968.10,3969.70,4243
1788935460000000000,3968.50,3971.90,3968.40,3971.00,1621
1788935520000000000,3971.00,3972.30,3968.70,3971.00,1346
1788935580000000000,3970.40,3972.00,3969.30,3970.80,1753
1788935640000000000,3970.80,3972.00,3970.70,3971.10,1091
1788935700000000000,3971.10,3972.90,3970.30,3971.10,2003
1788935760000000000,3971.10,3972.10,3970.00,3970.00,1335
1788935820000000000,3969.70,3970.80,3968.40,3969.50,832
1788935880000000000,3968.80,3971.20,3968.70,3969.90,1363
1788935940000000000,3969.90,3970.00,3968.20,3969.00,889
1788936000000000000,3968.40,3969.00,3963.60,3964.40,4058
1788936060000000000,3964.40,3966.40,3964.30,3965.30,1109
1788936120000000000,3965.30,3966.80,3964.00,3965.00,1075
1788936180000000000,3964.50,3967.20,3964.50,3967.20,982
1788936240000000000,3966.00,3967.60,3966.00,3966.50,950
1788936300000000000,3966.50,3967.60,3965.10,3966.10,968
1788936360000000000,3966.90,3967.00,3962.00,3965.00,3871
1788936420000000000,3965.80,3967.60,3964.00,3964.10,1092
1788936480000000000,3964.10,3965.30,3963.00,3963.10,1012
1788936540000000000,3963.10,3963.10,3957.90,3959.90,3959
1788936600000000000,3960.00,3962.40,3959.90,3962.00,2205
1788936660000000000,3962.00,3963.00,3961.60,3962.40,1185
1788936720000000000,3962.40,3965.00,3962.00,3965.00,829
1788936780000000000,3965.00,3965.00,3962.80,3964.40,1335
1788936840000000000,3964.30,3965.30,3963.50,3964.10,2804
1788936900000000000,3964.40,3964.70,3963.40,3963.50,517
1788936960000000000,3963.60,3965.00,3962.80,3964.00,2293
1788937020000000000,3964.40,3967.10,3963.60,3964.00,13851
1788937080000000000,3965.00,3968.80,3963.30,3965.40,6480
1788937140000000000,3965.00,3969.60,3964.90,3969.40,1586
1788937200000000000,3969.70,3970.00,3967.30,3968.10,1873
1788937260000000000,3968.20,3971.60,3968.20,3971.10,3937
1788937320000000000,3971.50,3973.80,3970.10,3971.50,2301
1788937380000000000,3972.60,3975.00,3972.20,3973.80,3516
1788937440000000000,3974.10,3974.80,3970.00,3970.60,3330
1788937500000000000,3971.40,3975.00,3971.00,3973.50,2453
1788937560000000000,3973.90,3975.00,3971.40,3973.00,2399
1788937620000000000,3973.70,3974.70,3967.80,3970.60,95306
1788937680000000000,3971.40,3974.40,3970.20,3971.10,1511
1788937740000000000,3971.30,3976.10,3968.40,3970.50,28628
1788937800000000000,3970.90,3976.00,3967.70,3968.70,26752
1788937860000000000,3969.50,3970.00,3967.80,3969.80,1270
1788937920000000000,3969.80,3971.90,3969.50,3970.50,5576
1788937980000000000,3970.80,3970.80,3970.00,3970.00,2407
1788938040000000000,3970.10,3970.50,3970.00,3970.10,4434
1788938100000000000,3970.10,3970.40,3966.40,3970.00,5077
1788938160000000000,3970.00,3971.00,3966.80,3968.00,14714
1788938220000000000,3968.50,3968.50,3967.00,3967.80,1348
1788938280000000000,3967.90,3968.50,3967.00,3967.70,1534
1788938340000000000,3967.80,3969.30,3967.00,3967.40,1784
1788938400000000000,3968.90,3969.90,3967.40,3968.10,1292
1788938460000000000,3969.00,3969.00,3968.50,3968.90,727
1788938520000000000,3969.00,3970.20,3968.10,3968.70,2803
1788938580000000000,3969.40,3970.00,3966.60,3967.30,3564
1788938640000000000,3967.30,3968.90,3965.00,3967.70,4297
1788938700000000000,3967.70,3969.00,3965.90,3967.90,1096
1788938760000000000,3968.00,3969.50,3967.20,3969.30,1182
1788938820000000000,3969.40,3969.70,3967.60,3969.70,1396
1788938880000000000,3969.70,3970.80,3969.30,3970.80,2078
1788938940000000000,3971.00,3974.80,3970.80,3972.60,2040
1788939000000000000,3972.90,3975.40,3970.80,3972.60,4642
1788939060000000000,3972.80,3973.00,3970.20,3971.00,1891
1788939120000000000,3971.00,3971.70,3968.20,3969.30,4956
1788939180000000000,3970.90,3973.90,3968.90,3973.50,3641
1788939240000000000,3973.70,3975.00,3973.00,3974.40,2913
1788939300000000000,3974.50,3975.40,3974.10,3974.80,1902
1788939360000000000,3975.00,3975.00,3974.80,3974.90,1195
1788939420000000000,3975.00,3976.80,3974.00,3974.90,7043
1788939480000000000,3975.00,3976.30,3974.60,3975.00,1471
1788939540000000000,3975.00,3976.00,3974.60,3974.90,1554
1788939600000000000,3975.00,3975.90,3974.30,3974.90,474
1788939660000000000,3975.00,3975.90,3974.10,3975.00,917
1788939720000000000,3975.00,3975.00,3973.80,3974.40,7573
1788939780000000000,3974.80,3975.00,3973.80,3974.80,563
1788939840000000000,3974.80,3975.00,3973.80,3974.90,537
1788939900000000000,3975.00,3975.00,3974.20,3974.90,782
1788939960000000000,3974.90,3975.00,3974.60,3974.90,901
1788940020000000000,3974.90,3975.00,3974.40,3974.90,605
1788940080000000000,3975.00,3976.30,3974.10,3974.50,7498
1788940140000000000,3974.70,3975.90,3974.00,3974.70,2767
1788940200000000000,3974.90,3976.00,3974.00,3974.80,1062
1788940260000000000,3975.00,3976.50,3974.20,3974.90,1177
1788940320000000000,3975.00,3975.00,3974.00,3974.70,441
1788940380000000000,3974.90,3975.00,3974.10,3974.60,581
1788940440000000000,3974.60,3975.40,3974.00,3974.40,8866
1788940500000000000,3975.00,3975.50,3973.40,3974.90,7974
1788940560000000000,3975.00,3975.90,3973.30,3974.90,578
1788940620000000000,3974.90,3975.00,3973.00,3973.80,885
1788940680000000000,3973.80,3975.30,3973.00,3973.70,3666
1788940740000000000,3973.80,3975.90,3973.70,3974.70,1351
1788940800000000000,3974.70,3975.40,3973.00,3973.70,25116
1788940860000000000,3973.70,3975.50,3971.40,3971.90,4345
1788940920000000000,3972.30,3974.00,3971.00,3972.60,2111
1788940980000000000,3973.20,3974.40,3971.30,3973.90,1480
1788941040000000000,3974.20,3974.40,3970.00,3972.00,6322
1788941100000000000,3972.80,3972.80,3968.40,3971.30,3991
1788941160000000000,3971.90,3973.00,3970.30,3971.30,2117
1788941220000000000,3972.30,3973.00,3970.10,3972.00,2087
1788941280000000000,3972.00,3973.00,3971.60,3973.00,1542
1788941340000000000,3973.00,3973.90,3970.40,3972.30,2798
1788941400000000000,3972.50,3973.30,3970.30,3971.70,1549
1788941460000000000,3971.80,3972.00,3971.40,3972.00,447
1788941520000000000,3972.00,3972.80,3971.50,3972.20,798
1788941580000000000,3972.40,3972.80,3969.80,3969.80,1555
1788941640000000000,3970.00,3970.90,3969.40,3970.30,606
1788941700000000000,3970.00,3971.20,3969.10,3969.90,747
1788941760000000000,3970.00,3970.20,3968.20,3969.40,778
1788941820000000000,3969.90,3970.00,3969.00,3969.70,512
1788941880000000000,3969.90,3970.60,3968.40,3969.50,839
1788941940000000000,3970.10,3970.80,3968.70,3969.70,844
1788942000000000000,3970.00,3970.90,3968.50,3970.90,1008
1788942060000000000,3971.00,3972.00,3969.10,3971.00,992
1788942120000000000,3971.00,3972.90,3969.80,3972.30,3289
1788942180000000000,3972.50,3974.60,3970.30,3970.30,5023
1788942240000000000,3970.90,3971.00,3969.70,3970.00,767
1788942300000000000,3970.00,3970.40,3969.30,3969.90,695
1788942360000000000,3969.90,3974.00,3969.30,3970.00,15304
1788942420000000000,3969.90,3970.00,3969.40,3969.90,891
1788942480000000000,3970.00,3971.40,3969.50,3971.20,792
1788942540000000000,3971.20,3973.20,3969.70,3970.50,1313
1788942600000000000,3971.00,3973.00,3970.20,3971.20,1462
1788942660000000000,3971.60,3971.90,3969.70,3971.40,1726
1788942720000000000,3971.90,3971.90,3970.50,3971.30,2480
1788942780000000000,3971.50,3973.20,3970.00,3970.00,40216
1788942840000000000,3970.00,3970.00,3969.80,3970.00,2342
1788942900000000000,3970.00,3972.00,3969.50,3969.50,12394
1788942960000000000,3969.80,3970.80,3969.50,3970.80,1001
1788943020000000000,3970.00,3970.00,3969.80,3970.00,1274
1788943080000000000,3970.00,3971.00,3969.00,3970.00,13435
1788943140000000000,3970.00,3971.00,3969.90,3970.30,17027
1788943200000000000,3970.50,3971.00,3968.40,3969.80,10767
1788943260000000000,3970.00,3971.00,3968.40,3971.00,5455
1788943320000000000,3971.00,3971.00,3967.00,3968.70,22285
1788943380000000000,3969.40,3970.00,3967.10,3968.50,3770
1788943440000000000,3968.60,3969.60,3967.10,3968.80,2318
1788943500000000000,3968.90,3969.80,3962.10,3965.10,14362
1788943560000000000,3965.30,3965.50,3962.50,3963.30,8014
1788943620000000000,3963.30,3965.50,3963.30,3964.20,4828
1788943680000000000,3964.90,3965.00,3963.50,3964.80,4799
1788943740000000000,3964.90,3966.00,3963.80,3964.10,4947
1788943800000000000,3964.00,3964.90,3961.50,3964.50,3048
1788943860000000000,3964.30,3964.50,3960.60,3961.30,2508
1788943920000000000,3961.30,3962.80,3959.60,3959.60,3267
1788943980000000000,3960.00,3962.50,3959.60,3961.70,4617
1788944040000000000,3962.10,3963.50,3960.30,3960.30,3465
1788944100000000000,3961.00,3961.00,3958.10,3959.00,3686
1788944160000000000,3959.00,3960.00,3958.20,3958.80,2482
1788944220000000000,3959.00,3960.00,3957.00,3957.30,4562
1788944280000000000,3958.80,3959.90,3957.80,3959.30,4366
1788944340000000000,3959.30,3959.50,3958.50,3959.10,2434
1788944400000000000,3959.50,3959.50,3957.40,3959.00,3208
1788944460000000000,3959.00,3959.00,3954.20,3954.20,4911
1788944520000000000,3954.80,3956.00,3952.70,3954.00,3394
1788944580000000000,3954.10,3956.00,3953.20,3954.50,2277
1788944640000000000,3954.90,3955.20,3952.60,3952.70,2481
1788944700000000000,3954.10,3955.00,3952.00,3953.00,2645
1788944760000000000,3953.00,3955.10,3948.10,3950.00,33236
1788944820000000000,3950.00,3951.00,3946.20,3947.90,4709
1788944880000000000,3948.20,3949.30,3944.90,3944.90,5122
1788944940000000000,3945.20,3949.90,3944.90,3946.50,4863
1788945000000000000,3947.90,3949.00,3944.20,3945.00,3576
1788945060000000000,3945.90,3947.70,3944.30,3945.00,3167
1788945120000000000,3945.00,3946.60,3943.00,3944.10,5548
1788945180000000000,3944.30,3945.20,3944.00,3944.40,2419
1788945240000000000,3944.30,3948.80,3944.00,3945.70,8140
1788945300000000000,3946.90,3947.50,3945.00,3946.00,2568
1788945360000000000,3946.00,3947.50,3945.60,3945.80,3711
1788945420000000000,3945.80,3947.00,3944.40,3944.40,5140
1788945480000000000,3944.40,3945.60,3943.80,3944.00,2280
1788945540000000000,3944.00,3947.00,3944.00,3945.00,4327
1788945600000000000,3944.80,3946.40,3943.20,3944.80,5933
1788945660000000000,3946.30,3946.30,3943.00,3943.10,5708
1788945720000000000,3943.30,3945.10,3942.50,3943.40,6298
1788945780000000000,3943.40,3943.90,3941.00,3942.40,8180
1788945840000000000,3942.40,3944.60,3941.50,3942.20,5796
1788945900000000000,3943.00,3944.10,3941.90,3942.20,5530
1788945960000000000,3943.30,3943.30,3940.60,3940.60,9572
1788946020000000000,3940.70,3942.70,3940.10,3940.60,8174
1788946080000000000,3941.20,3943.00,3940.00,3940.70,11493
1788946140000000000,3940.20,3941.50,3939.20,3940.00,11893
1788946200000000000,3940.00,3940.00,3938.40,3939.20,4981
1788946260000000000,3939.50,3940.00,3938.00,3938.90,9491
1788946320000000000,3938.40,3938.90,3937.00,3937.20,9710
1788946380000000000,3937.20,3938.00,3935.80,3936.50,9409
1788946440000000000,3936.50,3937.00,3935.00,3935.10,12745
1788946500000000000,3935.10,3935.10,3934.60,3935.00,11001
1788946560000000000,3935.00,3935.00,3934.30,3934.40,6696
1788946620000000000,3934.40,3935.00,3933.00,3935.00,21743
1788946680000000000,3935.00,3940.00,3934.90,3940.00,24068
1788946740000000000,3940.00,3940.00,3938.60,3939.30,5409
1788946800000000000,3939.20,3942.00,3938.00,3940.60,18164
1788946860000000000,3940.50,3940.90,3935.00,3936.30,15163
1788946920000000000,3936.90,3942.00,3934.90,3939.80,46917
1788946980000000000,3939.80,3939.80,3934.60,3935.10,47176
1788947040000000000,3935.00,3939.90,3934.00,3935.00,16158
1788947100000000000,3935.00,3935.00,3935.00,3935.00,0
1788947160000000000,3935.00,3935.00,3935.00,3935.00,0
1788947220000000000,3935.00,3935.00,3935.00,3935.00,0
1788947280000000000,3935.00,3935.00,3935.00,3935.00,0
1788947340000000000,3935.00,3935.00,3935.00,3935.00,0
1788947400000000000,3935.00,3935.00,3935.00,3935.00,0
1788947460000000000,3935.00,3935.00,3935.00,3935.00,0
1788947520000000000,3935.00,3935.00,3935.00,3935.00,0
1788947580000000000,3935.00,3935.00,3935.00,3935.00,0
1788947640000000000,3935.00,3935.00,3935.00,3935.00,0
1788947700000000000,3935.00,3935.00,3935.00,3935.00,0
1788947760000000000,3935.00,3935.00,3935.00,3935.00,0
1788947820000000000,3935.00,3935.00,3935.00,3935.00,0
1788947880000000000,3922.60,3922.60,3922.60,3922.60,93515
1788947940000000000,3922.60,3922.60,3922.60,3922.60,0
1789011900000000000,3949.40,3950.00,3933.00,3934.00,29222
1789011960000000000,3935.70,3939.00,3930.00,3932.50,5521
1789012020000000000,3934.40,3945.50,3930.60,3942.60,9868
1789012080000000000,3944.30,3948.00,3940.00,3940.40,6764
1789012140000000000,3941.60,3941.70,3934.10,3936.50,3245
1789012200000000000,3937.60,3937.60,3931.80,3933.00,5645
1789012260000000000,3933.00,3938.00,3931.80,3935.70,5643
1789012320000000000,3936.70,3936.70,3923.10,3924.00,18843
1789012380000000000,3925.00,3929.40,3923.50,3925.00,4868
1789012440000000000,3925.00,3930.00,3925.00,3929.00,6774
1789012500000000000,3929.50,3929.90,3925.00,3926.30,5860
1789012560000000000,3927.30,3929.90,3926.40,3929.40,1129
1789012620000000000,3929.50,3933.00,3926.80,3928.10,6755
1789012680000000000,3928.80,3930.20,3925.60,3926.30,2315
1789012740000000000,3927.80,3929.00,3923.20,3923.20,3252
1789012800000000000,3924.00,3927.00,3918.80,3920.70,10029
1789012860000000000,3920.60,3921.10,3916.90,3919.20,3402
1789012920000000000,3919.30,3921.60,3918.00,3918.00,1334
1789012980000000000,3919.00,3921.50,3918.10,3920.00,13088
1789013040000000000,3920.00,3920.90,3918.00,3919.50,2970
1789013100000000000,3919.60,3920.00,3918.00,3919.90,754
1789013160000000000,3919.90,3920.00,3919.00,3919.90,2513
1789013220000000000,3919.90,3919.90,3916.00,3917.10,4147
1789013280000000000,3917.10,3917.10,3912.60,3914.00,4075
1789013340000000000,3914.40,3914.60,3912.00,3914.50,1548
1789013400000000000,3914.50,3916.00,3913.20,3914.50,1633
1789013460000000000,3915.60,3915.90,3911.00,3913.00,3781
1789013520000000000,3913.00,3915.00,3912.10,3913.10,3212
1789013580000000000,3914.00,3914.40,3911.70,3912.20,6760
1789013640000000000,3913.30,3914.10,3910.40,3913.00,2784
1789013700000000000,3913.70,3914.90,3912.00,3912.70,1281
1789013760000000000,3913.90,3913.90,3911.40,3911.50,532
1789013820000000000,3911.90,3915.00,3911.40,3914.00,4442
1789013880000000000,3914.00,3914.00,3911.40,3914.00,1834
1789013940000000000,3914.00,3914.00,3912.10,3913.70,731
1789014000000000000,3913.70,3915.00,3913.00,3914.00,2320
1789014060000000000,3914.00,3915.00,3913.10,3913.20,6424
1789014120000000000,3914.00,3920.10,3913.00,3919.50,11236
1789014180000000000,3919.00,3921.20,3918.10,3919.40,1648
1789014240000000000,3919.80,3921.60,3918.10,3919.70,643
1789014300000000000,3919.70,3920.00,3917.90,3919.70,566
1789014360000000000,3919.70,3921.00,3918.00,3920.00,1316
1789014420000000000,3920.00,3920.00,3918.70,3919.10,387
1789014480000000000,3919.70,3920.50,3919.10,3919.70,1361
1789014540000000000,3919.70,3919.80,3918.00,3919.20,1132
1789014600000000000,3920.00,3921.10,3918.00,3918.00,1414
1789014660000000000,3918.60,3920.10,3916.70,3920.00,6450
1789014720000000000,3920.00,3920.60,3918.90,3919.30,533
1789014780000000000,3919.60,3920.00,3918.10,3918.40,1422
1789014840000000000,3919.00,3920.00,3918.00,3919.50,1061
1789014900000000000,3919.80,3920.00,3919.00,3920.00,462
1789014960000000000,3920.00,3920.80,3918.70,3919.00,1581
1789015020000000000,3918.90,3919.00,3918.20,3918.90,263
1789015080000000000,3918.90,3919.70,3917.60,3917.60,1489
1789015140000000000,3917.80,3920.80,3917.60,3918.60,843
1789015200000000000,3918.60,3921.40,3918.10,3919.80,2304
1789015260000000000,3920.80,3920.80,3915.10,3915.90,2272
1789015320000000000,3917.10,3917.20,3915.00,3915.50,967
1789015380000000000,3916.30,3917.10,3915.00,3915.10,938
1789015440000000000,3916.30,3916.30,3915.00,3916.20,791
1789015500000000000,3916.20,3917.90,3915.10,3915.40,2485
1789015560000000000,3916.70,3917.80,3915.50,3917.50,6444
1789015620000000000,3917.40,3917.80,3915.80,3915.80,8002
1789015680000000000,3916.30,3916.30,3915.50,3915.50,757
1789015740000000000,3916.00,3917.50,3915.00,3917.00,3373
1789015800000000000,3917.50,3917.50,3915.60,3916.60,1686
1789015860000000000,3916.60,3916.70,3915.00,3915.70,1072
1789015920000000000,3915.70,3916.50,3915.00,3915.40,445
1789015980000000000,3916.50,3917.30,3915.30,3916.00,1120
1789016040000000000,3917.20,3917.30,3915.30,3915.80,866
1789016100000000000,3916.70,3917.10,3915.70,3917.10,746
1789016160000000000,3917.10,3917.70,3915.70,3915.80,3517
1789016220000000000,3917.30,3917.50,3915.40,3915.60,1537
1789016280000000000,3917.10,3917.70,3914.80,3914.80,4759
1789016340000000000,3914.90,3917.60,3914.00,3915.20,1060
1789016400000000000,3916.60,3917.40,3915.00,3917.00,547
1789016460000000000,3917.10,3917.40,3915.70,3916.30,877
1789016520000000000,3916.30,3918.60,3915.20,3917.10,2628
1789016580000000000,3917.00,3917.30,3915.50,3916.90,960
1789016640000000000,3916.90,3917.80,3915.30,3916.90,1539
1789016700000000000,3916.90,3917.10,3915.50,3915.60,948
1789016760000000000,3917.00,3917.30,3915.60,3917.20,1593
1789016820000000000,3917.10,3917.20,3915.60,3915.60,788
1789016880000000000,3916.90,3922.30,3915.60,3919.20,9486
1789016940000000000,3919.90,3920.00,3918.70,3919.00,959
1789017000000000000,3920.00,3921.30,3919.00,3920.50,11228
1789017060000000000,3920.90,3921.50,3919.70,3920.80,1825
1789017120000000000,3921.00,3921.40,3919.70,3920.10,1553
1789017180000000000,3921.50,3922.30,3919.80,3920.10,16686
1789017240000000000,3920.50,3925.00,3919.70,3924.70,43366
1789017300000000000,3925.00,3925.20,3923.10,3924.90,10493
1789017360000000000,3924.80,3925.00,3921.10,3921.30,3865
1789017420000000000,3921.30,3922.00,3919.10,3919.60,2490
1789017480000000000,3919.60,3920.90,3919.20,3919.90,302
1789017540000000000,3919.90,3919.90,3914.10,3915.10,7304
1789017600000000000,3916.60,3916.80,3915.10,3915.30,669
1789017660000000000,3915.60,3917.30,3914.10,3915.90,2277
1789017720000000000,3915.90,3916.00,3914.00,3914.70,987
1789017780000000000,3914.60,3914.80,3912.00,3913.10,1321
1789017840000000000,3912.90,3913.30,3912.00,3912.80,969
1789017900000000000,3912.80,3913.60,3910.00,3910.00,2957
1789017960000000000,3910.50,3913.50,3910.00,3911.00,2303
1789018020000000000,3912.00,3913.60,3911.00,3913.60,753
1789018080000000000,3913.50,3913.60,3912.00,3912.20,841
1789018140000000000,3912.40,3912.40,3912.00,3912.40,453
1789018200000000000,3912.40,3914.00,3912.40,3913.50,906
1789018260000000000,3913.50,3914.00,3913.40,3914.00,772
1789018320000000000,3914.00,3915.00,3913.30,3914.50,3658
1789018380000000000,3914.50,3917.00,3914.30,3914.60,1308
1789018440000000000,3914.90,3916.50,3913.60,3914.00,1739
1789018500000000000,3914.60,3914.90,3913.40,3914.70,1588
1789018560000000000,3915.20,3918.40,3914.40,3917.50,1374
1789018620000000000,3917.50,3917.80,3915.90,3916.20,826
1789018680000000000,3916.50,3917.70,3915.50,3916.90,729
1789018740000000000,3916.90,3917.90,3916.00,3917.00,795
1789018800000000000,3917.10,3918.20,3917.10,3918.00,315
1789018860000000000,3918.00,3919.20,3917.20,3917.70,2306
1789018920000000000,3917.90,3919.60,3917.70,3919.00,1639
1789018980000000000,3918.50,3922.00,3918.30,3921.60,2405
1789019040000000000,3921.90,3922.00,3917.90,3920.00,7533
1789019100000000000,3920.00,3922.00,3920.00,3921.60,988
1789019160000000000,3921.70,3922.00,3920.50,3921.30,858
1789019220000000000,3921.60,3922.00,3920.00,3921.50,1855
1789019280000000000,3921.60,3923.00,3920.80,3922.00,3579
1789019340000000000,3922.00,3922.90,3921.30,3921.90,2516
1789019400000000000,3922.10,3922.90,3920.00,3920.50,2869
1789019460000000000,3921.80,3922.40,3920.40,3921.40,2446
1789019520000000000,3921.40,3924.00,3921.00,3923.80,3066
1789019580000000000,3924.00,3924.00,3922.30,3923.40,2319
1789019640000000000,3923.40,3923.60,3922.00,3922.40,1046
1789019700000000000,3923.00,3923.90,3922.70,3923.50,569
1789019760000000000,3923.50,3923.50,3923.00,3923.30,1004
1789019820000000000,3923.20,3923.50,3919.90,3920.40,3971
1789019880000000000,3921.20,3921.60,3919.20,3921.60,1147
1789019940000000000,3922.00,3922.30,3920.40,3920.40,2769
1789020000000000000,3920.90,3923.80,3920.10,3922.00,4605
1789020060000000000,3922.00,3922.10,3918.80,3918.80,1174
1789020120000000000,3918.80,3919.00,3915.40,3916.50,855
1789020180000000000,3917.70,3917.70,3915.00,3915.20,1122
1789020240000000000,3915.90,3915.90,3913.50,3914.20,1858
1789020300000000000,3914.20,3915.10,3914.10,3914.40,453
1789020360000000000,3914.60,3914.70,3913.00,3913.00,1729
1789020420000000000,3913.50,3914.20,3913.10,3914.00,264
1789020480000000000,3914.10,3915.00,3912.10,3914.60,2993
1789020540000000000,3914.70,3914.80,3911.70,3911.80,2938
1789020600000000000,3912.30,3915.90,3911.20,3913.90,4111
1789020660000000000,3913.90,3914.70,3912.20,3912.20,946
1789020720000000000,3912.60,3913.00,3911.60,3912.50,717
1789020780000000000,3912.50,3913.00,3911.60,3912.50,408
1789020840000000000,3912.40,3913.00,3912.40,3913.00,593
1789020900000000000,3912.90,3914.20,3912.60,3912.80,2976
1789020960000000000,3913.00,3920.30,3912.60,3912.90,23424
1789021020000000000,3913.00,3918.50,3911.60,3912.90,34635
1789021080000000000,3912.90,3916.80,3911.70,3913.00,15600
1789021140000000000,3913.00,3914.10,3912.20,3913.00,2049
1789021200000000000,3913.00,3918.70,3912.20,3916.00,24622
1789021260000000000,3917.00,3921.00,3916.10,3919.70,3626
1789021320000000000,3919.10,3919.90,3918.30,3919.30,707
1789021380000000000,3919.80,3919.90,3918.70,3919.10,621
1789021440000000000,3919.90,3922.20,3916.70,3918.90,13655
1789021500000000000,3920.00,3921.40,3918.50,3919.00,636
1789021560000000000,3919.00,3919.90,3917.50,3918.90,1201
1789021620000000000,3918.90,3920.60,3918.30,3919.10,8249
1789021680000000000,3920.00,3920.00,3917.70,3919.20,4356
1789021740000000000,3919.20,3920.00,3917.50,3919.30,4206
1789021800000000000,3919.90,3921.00,3918.30,3918.30,8025
1789021860000000000,3919.90,3920.20,3918.50,3919.80,439
1789021920000000000,3920.00,3920.20,3919.20,3920.20,814
1789021980000000000,3920.00,3920.50,3919.50,3919.50,613
1789022040000000000,3919.70,3919.90,3916.90,3919.20,1920
1789022100000000000,3919.80,3921.90,3918.70,3920.00,24979
1789022160000000000,3920.00,3921.30,3919.20,3920.00,584
1789022220000000000,3920.00,3921.00,3919.20,3921.00,1256
1789022280000000000,3920.90,3921.50,3919.70,3919.80,759
1789022340000000000,3919.80,3921.00,3918.80,3919.90,1732
1789022400000000000,3920.00,3920.20,3919.50,3919.70,506
1789022460000000000,3920.00,3924.00,3919.70,3923.30,25560
1789022520000000000,3924.00,3925.20,3923.00,3924.30,8125
1789022580000000000,3925.00,3925.00,3921.30,3923.60,2638
1789022640000000000,3923.80,3925.10,3922.40,3923.00,2458
1789022700000000000,3923.00,3924.10,3922.20,3923.90,494
1789022760000000000,3923.90,3924.90,3922.80,3923.30,646
1789022820000000000,3923.90,3925.00,3922.50,3923.00,2458
1789022880000000000,3923.00,3923.80,3922.00,3922.20,537
1789022940000000000,3922.90,3923.50,3921.60,3922.10,581
1789023000000000000,3922.90,3925.00,3921.20,3923.00,7993
1789023060000000000,3923.90,3928.00,3922.50,3925.00,22770
1789023120000000000,3925.00,3925.00,3922.50,3923.10,1468
1789023180000000000,3923.60,3924.70,3921.00,3922.60,1464
1789023240000000000,3923.10,3924.00,3922.00,3922.10,779
1789023300000000000,3922.30,3924.10,3922.20,3923.90,993
1789023360000000000,3923.80,3924.60,3923.00,3924.50,669
1789023420000000000,3924.90,3925.00,3923.00,3923.80,942
1789023480000000000,3923.80,3924.30,3923.00,3923.30,492
1789023540000000000,3923.30,3923.30,3922.80,3922.90,508
1789023600000000000,3923.30,3923.30,3919.50,3920.60,3468
1789023660000000000,3920.90,3921.10,3918.40,3919.00,800
1789023720000000000,3919.00,3921.00,3917.50,3918.10,8785
1789023780000000000,3919.30,3923.10,3918.60,3922.00,12727
1789023840000000000,3922.30,3922.50,3918.40,3918.40,4704
1789023900000000000,3919.80,3922.00,3918.40,3920.00,6480
1789023960000000000,3920.80,3924.20,3920.70,3921.00,1376
1789024020000000000,3922.10,3925.00,3921.20,3921.20,11452
1789024080000000000,3922.60,3925.00,3921.20,3923.70,21248
1789024140000000000,3925.00,3930.50,3923.00,3930.00,15437
1789024200000000000,3931.00,3936.00,3930.30,3936.00,6139
1789024260000000000,3936.80,3939.00,3932.40,3934.80,5052
1789024320000000000,3934.80,3943.30,3934.20,3942.10,7477
1789024380000000000,3943.30,3956.00,3942.00,3951.40,23046
1789024440000000000,3952.00,3963.00,3952.00,3962.80,9793
1789024500000000000,3963.90,3965.50,3960.40,3961.10,4731
1789024560000000000,3961.50,3961.60,3955.00,3955.00,4167
1789024620000000000,3955.00,3957.90,3952.90,3957.00,6659
1789024680000000000,3957.00,3957.00,3953.00,3956.00,4587
1789024740000000000,3957.00,3957.60,3955.50,3955.90,1674
1789024800000000000,3957.00,3957.10,3954.30,3956.60,1847
1789024860000000000,3956.20,3957.00,3955.60,3955.80,1551
1789024920000000000,3956.90,3957.50,3952.90,3953.20,3181
1789024980000000000,3954.60,3955.00,3953.70,3954.00,1156
1789025040000000000,3955.00,3955.00,3952.70,3953.00,1375
1789025100000000000,3953.90,3954.00,3944.50,3944.80,5008
1789025160000000000,3945.40,3947.20,3942.80,3945.20,2496
1789025220000000000,3946.60,3948.70,3945.10,3947.80,2164
1789025280000000000,3948.70,3949.30,3946.10,3946.30,458
1789025340000000000,3947.00,3947.00,3941.50,3943.70,1788
1789025400000000000,3945.20,3949.90,3944.20,3946.50,4954
1789025460000000000,3946.40,3946.80,3945.20,3945.70,432
1789025520000000000,3946.40,3947.40,3945.50,3946.50,1376
1789025580000000000,3947.40,3947.40,3944.20,3945.80,1486
1789025640000000000,3945.80,3946.30,3943.30,3943.30,1542
1789025700000000000,3944.40,3944.40,3942.00,3942.00,614
1789025760000000000,3943.20,3943.60,3940.30,3942.00,1272
1789025820000000000,3942.00,3943.70,3940.80,3943.40,577
1789025880000000000,3943.80,3943.90,3942.90,3943.50,585
1789025940000000000,3943.50,3946.40,3943.10,3944.80,2127
1789026000000000000,3944.80,3948.00,3942.10,3948.00,3305
1789026060000000000,3948.00,3948.90,3945.10,3946.70,2436
1789026120000000000,3946.70,3947.50,3945.20,3947.00,2709
1789026180000000000,3948.00,3950.10,3947.00,3950.10,9526
1789026240000000000,3950.10,3950.60,3948.90,3950.20,969
1789026300000000000,3950.90,3951.80,3944.90,3945.00,11578
1789026360000000000,3945.00,3946.10,3942.90,3944.00,5207
1789026420000000000,3944.00,3945.00,3939.70,3940.00,8136
1789026480000000000,3940.00,3942.00,3939.20,3941.00,20879
1789026540000000000,3941.00,3941.00,3935.40,3935.90,2800
1789026600000000000,3937.70,3937.90,3934.40,3935.00,3976
1789026660000000000,3936.40,3940.00,3935.00,3936.50,2598
1789026720000000000,3936.50,3936.70,3933.10,3933.10,1219
1789026780000000000,3934.40,3935.80,3933.10,3934.90,829
1789026840000000000,3934.90,3935.40,3933.20,3934.10,1172
1789026900000000000,3934.10,3934.20,3932.60,3933.40,1860
1789026960000000000,3932.60,3933.00,3929.40,3930.00,2478
1789027020000000000,3930.00,3930.80,3929.00,3929.00,1666
1789027080000000000,3929.50,3931.90,3927.00,3930.60,1283
1789027140000000000,3931.20,3931.60,3926.70,3928.00,7260
1789027200000000000,3928.00,3930.00,3926.90,3930.00,1676
1789027260000000000,3930.00,3931.40,3929.30,3930.00,653
1789027320000000000,3930.60,3931.10,3929.50,3929.50,1063
1789027380000000000,3929.70,3930.10,3928.00,3928.00,2141
1789027440000000000,3928.90,3929.20,3928.20,3929.20,1062
1789027500000000000,3929.40,3930.10,3928.10,3928.30,754
1789027560000000000,3929.00,3929.60,3928.40,3929.00,529
1789027620000000000,3929.00,3930.00,3928.50,3929.80,616
1789027680000000000,3930.00,3931.10,3929.90,3931.00,745
1789027740000000000,3931.00,3933.60,3930.00,3932.00,3385
1789027800000000000,3933.30,3934.00,3932.00,3932.00,3883
1789027860000000000,3932.50,3933.60,3929.70,3929.70,1312
1789027920000000000,3930.50,3931.20,3927.80,3927.80,1235
1789027980000000000,3928.30,3929.00,3925.50,3925.80,1349
1789028040000000000,3926.90,3929.20,3925.70,3928.80,1797
1789028100000000000,3928.90,3929.60,3927.30,3927.70,723
1789028160000000000,3928.30,3930.10,3927.90,3927.90,739
1789028220000000000,3929.10,3931.50,3929.10,3930.20,1019
1789028280000000000,3930.50,3930.90,3929.50,3929.50,904
1789028340000000000,3929.90,3930.10,3927.90,3927.90,492
1789028400000000000,3928.00,3929.20,3927.30,3927.30,317
1789028460000000000,3928.00,3931.20,3927.30,3929.50,742
1789028520000000000,3930.10,3930.30,3927.90,3928.30,782
1789028580000000000,3929.20,3929.20,3926.20,3927.90,1315
1789028640000000000,3928.50,3929.00,3927.10,3928.00,351
1789028700000000000,3928.00,3929.00,3925.40,3928.00,5890
1789028760000000000,3928.00,3929.20,3925.90,3926.70,2596
1789028820000000000,3928.50,3929.40,3926.90,3929.40,618
1789028880000000000,3929.40,3929.80,3924.30,3925.00,17649
1789028940000000000,3925.00,3926.80,3924.70,3924.80,3687
1789029000000000000,3925.90,3927.20,3924.00,3926.30,1873
1789029060000000000,3927.00,3927.10,3925.30,3926.50,974
1789029120000000000,3926.50,3927.40,3925.50,3925.60,545
1789029180000000000,3926.20,3926.20,3924.20,3924.70,431
1789029240000000000,3925.50,3926.00,3924.50,3925.30,724
1789029300000000000,3925.40,3926.20,3924.20,3925.10,1166
1789029360000000000,3925.30,3925.90,3924.90,3925.90,875
1789029420000000000,3925.90,3927.30,3925.00,3927.30,671
1789029480000000000,3927.20,3927.30,3926.50,3926.80,725
1789029540000000000,3926.80,3927.70,3926.60,3927.50,1045
1789029600000000000,3927.40,3928.40,3921.90,3927.30,11186
1789029660000000000,3927.90,3928.10,3927.00,3927.70,318
1789029720000000000,3928.10,3929.00,3927.10,3928.30,701
1789029780000000000,3928.00,3928.00,3924.00,3926.50,792
1789029840000000000,3926.50,3927.20,3925.00,3926.80,440
1789029900000000000,3926.80,3926.80,3923.50,3925.20,1803
1789029960000000000,3925.20,3925.40,3924.00,3924.60,582
1789030020000000000,3925.30,3926.00,3924.70,3926.00,224
1789030080000000000,3926.10,3927.00,3925.50,3925.50,782
1789030140000000000,3926.00,3926.60,3924.90,3925.50,1094
1789030200000000000,3926.40,3928.20,3925.70,3927.80,907
1789030260000000000,3928.20,3928.20,3927.20,3928.20,645
1789030320000000000,3928.20,3928.60,3927.90,3928.60,722
1789030380000000000,3928.60,3929.00,3928.30,3929.00,671
1789030440000000000,3929.00,3931.50,3928.60,3931.00,982
1789030500000000000,3931.50,3932.40,3930.00,3932.00,642
1789030560000000000,3932.00,3932.00,3930.40,3931.10,1238
1789030620000000000,3931.10,3931.30,3930.30,3930.60,962
1789030680000000000,3931.20,3931.20,3928.10,3928.40,1591
1789030740000000000,3929.20,3931.50,3929.20,3931.30,383
1789030800000000000,3931.30,3931.30,3931.00,3931.00,373
1789030860000000000,3931.20,3931.20,3928.10,3928.30,936
1789030920000000000,3929.80,3931.00,3928.90,3931.00,1021
1789030980000000000,3931.00,3932.70,3930.50,3930.70,975
1789031040000000000,3931.80,3933.00,3930.80,3932.00,633
1789031100000000000,3931.90,3932.00,3930.00,3932.00,1887
1789031160000000000,3932.00,3933.10,3931.00,3931.70,2371
1789031220000000000,3932.90,3933.90,3931.20,3932.00,1776
1789031280000000000,3933.00,3934.60,3932.80,3933.00,2725
1789031340000000000,3933.60,3934.90,3931.80,3933.30,5770
1789031400000000000,3933.30,3934.40,3931.00,3932.40,1201
1789031460000000000,3932.30,3934.40,3931.00,3932.30,2750
1789031520000000000,3933.20,3935.40,3932.30,3934.00,3813
1789031580000000000,3933.90,3934.80,3931.80,3934.50,3675
1789031640000000000,3934.00,3935.40,3932.20,3935.30,1628
1789031700000000000,3935.10,3935.50,3933.00,3935.20,3246
1789031760000000000,3935.20,3935.20,3934.10,3935.00,848
1789031820000000000,3935.00,3937.50,3934.90,3936.00,1875
1789031880000000000,3936.20,3936.20,3933.40,3936.00,2131
1789031940000000000,3936.00,3939.80,3936.00,3939.50,4441
1789032000000000000,3939.50,3942.60,3939.50,3942.60,4935
1789032060000000000,3942.60,3943.40,3937.20,3937.20,4628
1789032120000000000,3938.40,3938.70,3935.10,3935.40,2248
1789032180000000000,3935.70,3937.10,3935.10,3936.20,1555
1789032240000000000,3936.10,3936.80,3934.10,3936.00,2239
1789032300000000000,3936.00,3937.70,3935.50,3935.50,1297
1789032360000000000,3935.50,3936.90,3935.50,3936.80,1709
1789032420000000000,3936.90,3938.00,3936.60,3937.00,1734
1789032480000000000,3937.00,3939.80,3937.00,3939.40,2355
1789032540000000000,3939.40,3940.50,3938.30,3939.90,3873
1789032600000000000,3939.90,3940.00,3933.70,3933.70,8257
1789032660000000000,3933.70,3937.60,3931.60,3937.00,3741
1789032720000000000,3936.50,3940.00,3935.90,3936.40,11452
1789032780000000000,3936.40,3940.30,3935.00,3938.70,8185
1789032840000000000,3938.10,3940.50,3936.60,3940.50,5775
1789032900000000000,3940.00,3940.30,3937.90,3938.60,3628
1789032960000000000,3938.40,3940.10,3933.70,3939.10,6821
1789033020000000000,3939.60,3941.80,3938.30,3940.10,3158
1789033080000000000,3939.60,3940.90,3937.70,3940.30,2751
1789033140000000000,3940.50,3942.60,3939.20,3942.60,4533
1789033200000000000,3942.60,3943.00,3942.10,3942.10,7984
1789033260000000000,3942.10,3942.20,3939.80,3940.10,7654
1789033320000000000,3940.10,3943.00,3935.80,3938.50,12026
1789033380000000000,3938.40,3948.30,3937.70,3942.00,14843
1789033440000000000,3941.00,3947.00,3935.00,3935.00,4239
1789033500000000000,3935.00,3935.00,3935.00,3935.00,0
1789033560000000000,3935.00,3935.00,3935.00,3935.00,0
1789033620000000000,3935.00,3935.00,3935.00,3935.00,0
1789033680000000000,3935.00,3935.00,3935.00,3935.00,0
1789033740000000000,3935.00,3935.00,3935.00,3935.00,0
1789033800000000000,3935.00,3935.00,3935.00,3935.00,0
1789033860000000000,3935.00,3935.00,3935.00,3935.00,0
1789033920000000000,3935.00,3935.00,3935.00,3935.00,0
1789033980000000000,3935.00,3935.00,3935.00,3935.00,0
1789034040000000000,3935.00,3935.00,3935.00,3935.00,0
1789034100000000000,3935.00,3935.00,3935.00,3935.00,0
1789034160000000000,3935.00,3935.00,3935.00,3935.00,0
1789034220000000000,3935.00,3935.00,3935.00,3935.00,0
1789034280000000000,3935.00,3935.00,3935.00,3935.00,0
1789034340000000000,3955.00,3955.00,3955.00,3955.00,62251
1789098300000000000,3926.00,3930.00,3902.00,3904.20,26807
1789098360000000000,3904.40,3904.80,3894.00,3894.00,12453
1789098420000000000,3894.10,3899.30,3890.10,3894.70,8879
1789098480000000000,3896.10,3899.20,3892.20,3893.80,3551
1789098540000000000,3893.80,3897.90,3891.90,3894.00,8319
1789098600000000000,3893.90,3896.90,3890.00,3896.90,6893
1789098660000000000,3896.90,3897.80,3892.20,3893.10,4269
1789098720000000000,3893.20,3898.00,3892.00,3893.50,3656
1789098780000000000,3893.50,3896.00,3893.00,3894.90,2260
1789098840000000000,3894.50,3899.60,3893.10,3899.50,5261
1789098900000000000,3899.50,3900.00,3896.00,3896.90,3260
1789098960000000000,3896.90,3899.70,3895.80,3897.90,1570
1789099020000000000,3898.10,3898.70,3895.00,3896.80,2953
1789099080000000000,3896.80,3897.00,3894.30,3895.60,2479
1789099140000000000,3896.00,3896.80,3893.00,3895.00,2107
1789099200000000000,3895.00,3896.10,3893.60,3896.10,1395
1789099260000000000,3896.10,3903.70,3895.30,3898.60,2936
1789099320000000000,3898.60,3899.60,3893.60,3894.50,7154
1789099380000000000,3895.30,3898.00,3894.50,3895.00,1312
1789099440000000000,3895.40,3898.00,3895.40,3896.90,1379
1789099500000000000,3896.90,3899.00,3896.80,3899.00,876
1789099560000000000,3899.00,3900.00,3898.00,3899.90,1541
1789099620000000000,3899.90,3901.00,3896.80,3898.10,5984
1789099680000000000,3898.10,3900.30,3895.50,3900.00,3106
1789099740000000000,3900.00,3900.00,3893.00,3894.50,3608
1789099800000000000,3894.40,3894.40,3892.00,3892.00,3385
1789099860000000000,3892.70,3892.80,3890.00,3890.00,2357
1789099920000000000,3890.70,3892.00,3890.00,3891.10,2993
1789099980000000000,3891.10,3895.50,3890.00,3894.70,2088
1789100040000000000,3895.30,3895.30,3889.00,3890.40,5454
1789100100000000000,3891.80,3892.00,3889.10,3891.00,1774
1789100160000000000,3891.20,3892.00,3889.10,3891.10,1672
1789100220000000000,3891.50,3893.80,3891.30,3892.30,1351
1789100280000000000,3892.30,3893.50,3886.60,3890.70,9004
1789100340000000000,3890.00,3892.80,3889.00,3889.00,5025
1789100400000000000,3889.30,3890.10,3886.40,3886.40,2375
1789100460000000000,3886.90,3889.30,3886.00,3888.00,2278
1789100520000000000,3888.00,3890.00,3887.30,3889.50,2325
1789100580000000000,3889.50,3901.40,3880.70,3882.40,16457
1789100640000000000,3883.50,3886.90,3882.20,3883.50,1876
1789100700000000000,3883.50,3887.90,3882.50,3886.00,4204
1789100760000000000,3886.00,3891.80,3885.70,3886.60,3896
1789100820000000000,3888.10,3892.00,3886.10,3890.50,1571
1789100880000000000,3890.50,3891.10,3888.60,3889.80,750
1789100940000000000,3891.00,3892.20,3889.80,3890.30,2009
1789101000000000000,3890.90,3894.60,3890.50,3891.80,3633
1789101060000000000,3891.80,3892.80,3890.00,3890.70,1562
1789101120000000000,3890.70,3893.40,3889.20,3893.20,2614
1789101180000000000,3893.20,3896.30,3891.90,3896.30,1921
1789101240000000000,3895.20,3897.40,3894.00,3896.10,3454
1789101300000000000,3896.10,3898.00,3894.60,3894.60,10378
1789101360000000000,3895.80,3897.00,3895.20,3896.10,889
1789101420000000000,3896.10,3897.30,3894.40,3895.40,1667
1789101480000000000,3895.40,3899.00,3895.00,3898.60,2412
1789101540000000000,3898.60,3899.00,3897.00,3898.80,1308
1789101600000000000,3898.80,3899.00,3896.50,3897.20,676
1789101660000000000,3897.20,3898.90,3896.00,3898.20,2739
1789101720000000000,3898.20,3900.00,3896.90,3897.50,1876
1789101780000000000,3897.50,3899.40,3895.70,3898.30,1113
1789101840000000000,3898.30,3899.00,3895.70,3897.10,1124
1789101900000000000,3897.10,3897.90,3895.80,3897.30,930
1789101960000000000,3897.40,3897.40,3895.70,3896.70,722
1789102020000000000,3896.70,3897.90,3895.10,3896.10,1514
1789102080000000000,3896.10,3897.00,3895.00,3897.00,1718
1789102140000000000,3896.90,3898.00,3896.90,3897.90,832
1789102200000000000,3898.00,3898.40,3897.00,3898.30,635
1789102260000000000,3898.30,3902.00,3897.40,3897.40,3563
1789102320000000000,3898.50,3899.00,3896.70,3898.40,771
1789102380000000000,3898.80,3899.00,3897.30,3897.30,772
1789102440000000000,3897.30,3898.90,3897.00,3898.50,2162
1789102500000000000,3898.00,3898.30,3888.50,3891.40,4726
1789102560000000000,3891.40,3894.30,3889.50,3890.10,2674
1789102620000000000,3890.10,3890.10,3890.00,3890.10,1090
1789102680000000000,3890.10,3890.10,3887.40,3887.40,2673
1789102740000000000,3889.00,3889.00,3888.00,3888.50,846
1789102800000000000,3888.50,3888.50,3883.00,3884.20,4069
1789102860000000000,3883.70,3896.90,3883.70,3893.00,12727
1789102920000000000,3893.10,3894.90,3893.00,3894.50,5919
1789102980000000000,3894.90,3896.90,3893.40,3893.70,2219
1789103040000000000,3893.70,3895.50,3893.40,3895.00,3439
1789103100000000000,3895.00,3898.60,3894.00,3897.60,3366
1789103160000000000,3897.60,3898.40,3896.00,3898.30,1698
1789103220000000000,3899.00,3899.40,3898.00,3898.40,3305
1789103280000000000,3898.40,3907.00,3896.90,3904.00,6376
1789103340000000000,3905.00,3905.00,3902.50,3904.00,1003
1789103400000000000,3904.00,3904.00,3902.50,3903.50,1237
1789103460000000000,3903.90,3904.00,3902.50,3903.00,1461
1789103520000000000,3902.70,3902.80,3900.80,3902.50,881
1789103580000000000,3902.80,3903.20,3901.20,3903.00,990
1789103640000000000,3903.20,3906.00,3902.80,3906.00,2423
1789103700000000000,3905.70,3907.00,3899.90,3902.40,36266
1789103760000000000,3902.10,3902.30,3900.00,3901.10,676
1789103820000000000,3901.50,3901.50,3897.40,3898.50,1760
1789103880000000000,3898.50,3899.40,3897.20,3897.40,1083
1789103940000000000,3897.70,3899.40,3897.70,3898.00,536
1789104000000000000,3898.30,3898.40,3895.00,3895.80,1076
1789104060000000000,3895.80,3896.10,3895.20,3895.90,683
1789104120000000000,3895.90,3896.40,3894.80,3896.40,1189
1789104180000000000,3896.40,3897.30,3895.60,3896.40,982
1789104240000000000,3895.70,3896.40,3894.00,3894.30,483
1789104300000000000,3894.30,3895.20,3893.20,3895.00,1060
1789104360000000000,3895.00,3898.50,3893.10,3897.00,2386
1789104420000000000,3897.30,3898.20,3896.00,3896.00,774
1789104480000000000,3896.00,3898.70,3896.00,3897.10,2296
1789104540000000000,3897.80,3898.70,3896.10,3897.90,1937
1789104600000000000,3898.40,3899.80,3896.30,3898.90,1370
1789104660000000000,3898.30,3899.90,3898.00,3899.90,1672
1789104720000000000,3899.20,3900.00,3898.80,3899.20,747
1789104780000000000,3899.20,3900.00,3898.60,3899.70,877
1789104840000000000,3899.70,3899.80,3898.00,3899.50,722
1789104900000000000,3899.70,3900.40,3898.20,3898.90,618
1789104960000000000,3900.30,3902.40,3899.70,3902.40,1188
1789105020000000000,3902.40,3902.80,3900.70,3902.60,578
1789105080000000000,3902.60,3903.10,3901.20,3901.20,403
1789105140000000000,3901.40,3902.80,3901.30,3902.20,1885
1789105200000000000,3902.30,3902.30,3901.00,3901.90,1742
1789105260000000000,3901.60,3902.20,3901.40,3901.50,418
1789105320000000000,3901.60,3904.20,3901.50,3903.70,2343
1789105380000000000,3903.70,3904.90,3902.80,3904.40,1151
1789105440000000000,3904.80,3908.90,3904.50,3907.00,4591
1789105500000000000,3907.00,3907.90,3902.80,3905.50,2938
1789105560000000000,3905.70,3912.00,3905.70,3912.00,12025
1789105620000000000,3912.00,3915.70,3911.30,3914.40,2474
1789105680000000000,3914.90,3915.30,3912.70,3914.80,1345
1789105740000000000,3914.80,3914.80,3912.00,3913.10,1472
1789105800000000000,3914.00,3914.00,3903.50,3906.50,17055
1789105860000000000,3906.00,3910.40,3904.80,3909.00,1503
1789105920000000000,3909.60,3910.90,3908.60,3910.90,982
1789105980000000000,3910.40,3912.00,3908.90,3911.80,669
1789106040000000000,3911.80,3912.30,3910.20,3912.10,1937
1789106100000000000,3911.60,3912.90,3910.00,3911.70,1689
1789106160000000000,3911.80,3912.00,3910.50,3910.50,808
1789106220000000000,3910.70,3911.00,3910.00,3910.10,796
1789106280000000000,3910.00,3910.10,3907.20,3907.80,1324
1789106340000000000,3908.30,3909.30,3907.20,3908.00,1112
1789106400000000000,3908.00,3908.00,3905.00,3906.20,1207
1789106460000000000,3906.20,3906.80,3905.10,3905.10,564
1789106520000000000,3905.30,3907.20,3905.30,3906.40,599
1789106580000000000,3907.30,3909.30,3906.40,3908.80,1327
1789106640000000000,3908.70,3909.50,3905.90,3908.80,1893
1789106700000000000,3908.80,3909.00,3908.10,3909.00,471
1789106760000000000,3909.00,3909.00,3908.10,3908.70,663
1789106820000000000,3909.00,3909.00,3908.40,3909.00,714
1789106880000000000,3909.00,3909.20,3907.10,3907.10,1734
1789106940000000000,3908.20,3908.20,3903.90,3904.60,1219
1789107000000000000,3904.60,3905.40,3903.10,3903.30,976
1789107060000000000,3904.80,3906.90,3903.50,3903.90,1329
1789107120000000000,3904.80,3907.60,3903.70,3905.40,2684
1789107180000000000,3906.80,3908.30,3905.10,3907.10,3715
1789107240000000000,3908.10,3909.50,3907.00,3907.00,1136
1789107300000000000,3908.00,3909.50,3905.10,3906.50,1111
1789107360000000000,3906.50,3908.00,3905.20,3907.30,1562
1789107420000000000,3908.00,3908.60,3907.90,3908.20,814
1789107480000000000,3908.40,3908.40,3906.00,3906.00,680
1789107540000000000,3906.70,3906.90,3905.10,3905.60,549
1789107600000000000,3906.20,3907.00,3905.60,3906.30,590
1789107660000000000,3907.00,3907.90,3905.90,3906.40,1087
1789107720000000000,3907.10,3908.80,3905.70,3906.50,1774
1789107780000000000,3907.80,3912.00,3906.80,3912.00,20418
1789107840000000000,3912.00,3913.00,3911.90,3912.80,829
1789107900000000000,3913.00,3913.40,3912.60,3913.10,1001
1789107960000000000,3913.40,3916.00,3913.30,3916.00,2138
1789108020000000000,3916.00,3916.30,3914.00,3915.90,824
1789108080000000000,3916.30,3920.80,3916.00,3920.80,5267
1789108140000000000,3920.50,3926.00,3920.00,3925.90,5617
1789108200000000000,3925.90,3927.20,3924.70,3925.40,4018
1789108260000000000,3926.00,3926.80,3925.40,3925.50,824
1789108320000000000,3926.60,3927.00,3925.50,3926.80,911
1789108380000000000,3926.80,3928.30,3926.20,3928.00,1355
1789108440000000000,3928.00,3931.00,3927.30,3930.40,8811
1789108500000000000,3930.40,3930.70,3927.00,3927.00,2350
1789108560000000000,3927.80,3929.90,3926.10,3927.00,3597
1789108620000000000,3927.30,3930.00,3926.10,3926.70,5692
1789108680000000000,3927.90,3928.00,3926.10,3926.10,954
1789108740000000000,3927.50,3928.00,3926.00,3928.00,2204
1789108800000000000,3928.00,3929.00,3926.60,3929.00,1435
1789108860000000000,3929.00,3929.00,3928.50,3928.90,1212
1789108920000000000,3929.00,3929.00,3921.20,3921.20,3199
1789108980000000000,3922.90,3923.00,3920.40,3921.50,2354
1789109040000000000,3922.00,3927.30,3912.50,3922.40,8088
1789109100000000000,3923.20,3925.90,3917.10,3922.10,10716
1789109160000000000,3923.50,3926.80,3921.80,3926.00,7357
1789109220000000000,3926.00,3928.50,3925.70,3928.40,1870
1789109280000000000,3928.50,3928.90,3927.90,3928.90,1060
1789109340000000000,3928.90,3929.90,3927.00,3927.20,16184
1789109400000000000,3927.70,3927.70,3922.40,3922.40,5486
1789109460000000000,3923.40,3924.80,3922.70,3922.70,1156
1789109520000000000,3924.40,3924.80,3922.20,3923.40,980
1789109580000000000,3923.50,3926.00,3922.80,3924.60,2695
1789109640000000000,3926.00,3928.00,3925.30,3925.90,1793
1789109700000000000,3926.90,3927.50,3923.70,3924.00,1530
1789109760000000000,3924.00,3926.80,3924.00,3926.00,1070
1789109820000000000,3926.10,3926.90,3915.00,3920.60,3806
1789109880000000000,3922.30,3922.40,3919.20,3920.00,1105
1789109940000000000,3920.00,3922.70,3920.00,3920.10,1139
1789110000000000000,3921.50,3922.60,3920.30,3921.90,1253
1789110060000000000,3921.80,3922.40,3919.80,3921.10,1283
1789110120000000000,3921.90,3922.80,3920.60,3920.60,941
1789110180000000000,3921.90,3922.10,3919.50,3920.10,1513
1789110240000000000,3921.40,3922.00,3920.20,3920.60,1224
1789110300000000000,3922.00,3923.10,3920.90,3922.30,976
1789110360000000000,3922.90,3924.10,3919.10,3921.30,1747
1789110420000000000,3920.70,3924.30,3920.70,3921.90,2825
1789110480000000000,3922.10,3924.90,3921.00,3922.30,4128
1789110540000000000,3923.00,3923.70,3920.50,3922.00,1351
1789110600000000000,3922.00,3922.80,3921.00,3921.50,1169
1789110660000000000,3922.00,3924.40,3920.10,3922.70,2357
1789110720000000000,3923.90,3924.90,3922.50,3923.50,2491
1789110780000000000,3923.50,3925.20,3922.30,3922.80,3746
1789110840000000000,3924.10,3924.10,3921.00,3921.90,1357
1789110900000000000,3922.90,3923.40,3918.50,3918.50,2931
1789110960000000000,3920.50,3920.50,3916.50,3919.60,3806
1789111020000000000,3919.60,3920.70,3917.00,3918.00,1551
1789111080000000000,3918.00,3919.00,3916.70,3919.00,1344
1789111140000000000,3919.00,3920.60,3918.90,3919.90,1612
1789111200000000000,3920.00,3920.30,3919.00,3919.30,975
1789111260000000000,3919.50,3919.60,3916.60,3917.10,1033
1789111320000000000,3917.10,3918.00,3916.60,3918.00,2487
1789111380000000000,3918.00,3919.20,3917.90,3918.90,1435
1789111440000000000,3919.20,3921.70,3918.60,3918.60,1302
1789111500000000000,3918.70,3923.10,3918.70,3921.30,2650
1789111560000000000,3922.60,3924.40,3920.20,3921.40,4150
1789111620000000000,3921.30,3923.70,3920.40,3920.90,1563
1789111680000000000,3921.00,3924.20,3920.80,3923.40,3075
1789111740000000000,3923.60,3924.30,3921.40,3923.00,1576
1789111800000000000,3923.00,3923.70,3920.80,3922.60,1706
1789111860000000000,3922.80,3925.10,3920.00,3922.20,25850
1789111920000000000,3922.50,3923.70,3921.80,3923.20,1518
1789111980000000000,3923.20,3923.20,3919.20,3919.70,1531
1789112040000000000,3920.70,3921.40,3919.50,3919.50,854
1789112100000000000,3919.70,3920.30,3918.50,3918.50,1104
1789112160000000000,3918.90,3919.80,3917.40,3917.80,1243
1789112220000000000,3919.70,3920.80,3918.10,3920.10,2042
1789112280000000000,3920.00,3922.00,3918.60,3921.30,2938
1789112340000000000,3921.60,3922.10,3917.00,3918.90,3102
1789112400000000000,3920.00,3920.10,3916.50,3916.70,2757
1789112460000000000,3918.20,3918.50,3915.90,3916.10,3725
1789112520000000000,3916.80,3919.40,3915.30,3917.90,1296
1789112580000000000,3919.00,3920.00,3917.40,3918.50,1073
1789112640000000000,3919.90,3921.50,3919.20,3920.70,1300
1789112700000000000,3921.10,3921.10,3919.20,3919.70,839
1789112760000000000,3920.00,3920.50,3919.20,3920.30,876
1789112820000000000,3920.50,3920.50,3918.60,3919.10,1496
1789112880000000000,3919.90,3920.40,3916.40,3917.10,2997
1789112940000000000,3918.50,3919.00,3915.20,3916.10,2484
1789113000000000000,3917.40,3918.60,3916.50,3916.50,1293
1789113060000000000,3917.90,3925.10,3917.00,3919.90,27514
1789113120000000000,3920.00,3921.50,3919.90,3921.50,1223
1789113180000000000,3921.50,3922.40,3921.30,3921.50,840
1789113240000000000,3921.90,3923.00,3921.20,3921.20,1041
1789113300000000000,3922.30,3922.50,3921.50,3922.40,1020
1789113360000000000,3922.50,3922.70,3921.10,3922.50,1025
1789113420000000000,3922.40,3922.90,3920.80,3920.80,1231
1789113480000000000,3921.50,3921.60,3920.00,3921.30,893
1789113540000000000,3921.20,3921.40,3913.40,3917.50,5877
1789113600000000000,3917.50,3918.80,3917.10,3918.70,1787
1789113660000000000,3918.70,3919.60,3916.30,3916.60,2416
1789113720000000000,3917.80,3918.40,3916.10,3917.90,1756
1789113780000000000,3917.90,3918.90,3917.60,3918.50,1585
1789113840000000000,3918.50,3918.70,3913.30,3914.00,1968
1789113900000000000,3914.80,3916.10,3912.40,3915.90,2159
1789113960000000000,3916.10,3916.10,3911.10,3914.90,5317
1789114020000000000,3914.80,3914.90,3912.20,3912.80,1783
1789114080000000000,3914.10,3918.20,3912.50,3916.30,6191
1789114140000000000,3916.50,3917.70,3912.80,3913.60,1443
1789114200000000000,3914.90,3915.20,3911.50,3915.20,2932
1789114260000000000,3915.20,3916.80,3907.50,3909.30,3494
1789114320000000000,3910.60,3911.50,3909.60,3910.20,1735
1789114380000000000,3910.50,3912.90,3910.00,3911.00,1605
1789114440000000000,3912.00,3912.20,3910.00,3912.20,1712
1789114500000000000,3911.70,3912.80,3909.60,3910.20,1527
1789114560000000000,3910.20,3913.90,3909.30,3913.50,4151
1789114620000000000,3913.50,3914.70,3912.20,3913.10,1574
1789114680000000000,3914.20,3914.40,3911.70,3912.70,979
1789114740000000000,3912.60,3914.00,3910.40,3913.60,2343
1789114800000000000,3913.60,3914.70,3911.90,3914.00,1914
1789114860000000000,3914.00,3916.00,3910.90,3913.90,8316
1789114920000000000,3913.90,3915.00,3911.10,3915.00,11793
1789114980000000000,3915.10,3915.50,3913.00,3913.50,1582
1789115040000000000,3913.50,3919.90,3913.50,3914.00,3168
1789115100000000000,3914.60,3926.10,3913.90,3923.70,15523
1789115160000000000,3922.80,3922.80,3920.40,3921.70,2114
1789115220000000000,3921.70,3921.80,3920.00,3920.40,3270
1789115280000000000,3921.50,3921.80,3917.80,3918.80,9075
1789115340000000000,3919.20,3919.90,3919.00,3919.70,1254
1789115400000000000,3919.90,3922.00,3916.80,3919.70,5395
1789115460000000000,3921.90,3922.00,3917.50,3917.80,2604
1789115520000000000,3918.10,3924.90,3918.00,3923.20,2419
1789115580000000000,3923.20,3926.90,3922.30,3923.50,3251
1789115640000000000,3924.90,3925.50,3922.90,3923.30,1684
1789115700000000000,3923.30,3923.30,3921.60,3921.70,1632
1789115760000000000,3921.70,3924.20,3920.80,3924.20,3282
1789115820000000000,3924.20,3924.90,3922.10,3922.80,2547
1789115880000000000,3922.80,3922.80,3920.20,3921.70,1798
1789115940000000000,3921.80,3922.20,3921.00,3921.60,2905
1789116000000000000,3922.20,3923.30,3920.40,3922.20,1957
1789116060000000000,3922.20,3923.10,3921.60,3922.10,1532
1789116120000000000,3922.40,3922.90,3921.10,3921.70,1396
1789116180000000000,3921.80,3923.10,3920.70,3921.70,2119
1789116240000000000,3921.90,3923.10,3920.70,3923.10,1530
1789116300000000000,3923.10,3924.00,3922.60,3922.80,1423
1789116360000000000,3923.20,3925.30,3923.00,3924.50,1689
1789116420000000000,3925.30,3927.30,3925.00,3925.00,1371
1789116480000000000,3924.90,3925.80,3922.60,3923.50,1920
1789116540000000000,3923.50,3925.30,3923.30,3923.80,1748
1789116600000000000,3923.80,3925.90,3922.10,3922.60,2125
1789116660000000000,3923.90,3926.20,3922.90,3925.50,3374
1789116720000000000,3925.50,3926.80,3924.00,3926.00,1969
1789116780000000000,3926.00,3926.30,3924.00,3924.70,1471
1789116840000000000,3924.70,3925.10,3924.00,3924.50,1540
1789116900000000000,3924.70,3926.00,3924.60,3925.00,1665
1789116960000000000,3925.30,3926.50,3924.00,3925.60,1887
1789117020000000000,3926.10,3926.50,3925.00,3925.70,1678
1789117080000000000,3925.70,3926.30,3924.00,3924.50,2326
1789117140000000000,3924.50,3927.00,3924.40,3926.00,1475
1789117200000000000,3926.00,3927.80,3925.90,3926.70,1696
1789117260000000000,3927.30,3927.90,3925.50,3927.30,1519
1789117320000000000,3927.30,3927.70,3924.70,3925.20,2134
1789117380000000000,3925.20,3926.60,3923.50,3923.50,1984
1789117440000000000,3924.00,3924.00,3921.30,3921.80,1580
1789117500000000000,3921.90,3924.60,3921.50,3923.00,2272
1789117560000000000,3923.00,3924.30,3922.10,3924.30,1486
1789117620000000000,3924.30,3925.00,3921.10,3924.10,5014
1789117680000000000,3923.50,3927.20,3921.10,3926.80,11200
1789117740000000000,3926.80,3927.90,3926.00,3927.40,2190
1789117800000000000,3927.40,3929.40,3926.60,3929.00,4786
1789117860000000000,3929.20,3930.20,3929.00,3930.00,7438
1789117920000000000,3930.10,3934.90,3930.00,3934.90,5608
1789117980000000000,3934.90,3936.20,3934.00,3934.90,3114
1789118040000000000,3934.90,3937.00,3934.00,3936.10,3381
1789118100000000000,3935.90,3936.10,3934.00,3934.10,3522
1789118160000000000,3934.10,3934.60,3930.60,3932.90,3155
1789118220000000000,3932.90,3933.40,3930.40,3930.70,2304
1789118280000000000,3930.70,3931.40,3930.00,3930.90,3359
1789118340000000000,3930.90,3932.10,3930.30,3931.50,1974
1789118400000000000,3931.00,3935.40,3930.20,3931.20,11343
1789118460000000000,3931.50,3938.10,3931.10,3931.70,10450
1789118520000000000,3931.70,3933.30,3931.30,3932.00,2069
1789118580000000000,3932.00,3932.80,3931.50,3932.30,1732
1789118640000000000,3932.30,3932.90,3932.00,3932.10,2452
1789118700000000000,3932.10,3932.40,3931.50,3931.80,1722
1789118760000000000,3931.80,3933.10,3931.10,3933.10,3503
1789118820000000000,3933.10,3936.00,3932.10,3935.50,3617
1789118880000000000,3935.50,3936.00,3935.10,3935.10,3889
1789118940000000000,3935.20,3937.30,3934.10,3934.80,6674
1789119000000000000,3935.10,3937.00,3934.30,3936.20,4443
1789119060000000000,3935.70,3937.30,3934.10,3934.70,5711
1789119120000000000,3934.70,3935.00,3933.80,3934.10,2251
1789119180000000000,3934.10,3934.50,3933.60,3933.90,6258
1789119240000000000,3934.00,3934.40,3930.70,3932.60,6740
1789119300000000000,3932.00,3932.60,3930.00,3931.20,6303
1789119360000000000,3931.20,3933.80,3931.10,3933.20,4287
1789119420000000000,3933.20,3933.80,3932.00,3932.20,3126
1789119480000000000,3933.00,3934.00,3932.60,3933.00,4962
1789119540000000000,3934.10,3935.00,3932.50,3933.70,9142
1789119600000000000,3933.70,3936.40,3933.20,3935.40,11637
1789119660000000000,3935.30,3936.20,3935.00,3935.30,5343
1789119720000000000,3935.20,3936.60,3930.10,3931.00,17014
1789119780000000000,3930.90,3934.80,3930.00,3933.30,4581
1789119840000000000,3933.20,3948.00,3932.10,3938.20,9425
1789119900000000000,3938.20,3938.20,3938.20,3938.20,0
1789119960000000000,3938.20,3938.20,3938.20,3938.20,0
1789120020000000000,3938.20,3938.20,3938.20,3938.20,0
1789120080000000000,3938.20,3938.20,3938.20,3938.20,0
1789120140000000000,3938.20,3938.20,3938.20,3938.20,0
1789120200000000000,3938.20,3938.20,3938.20,3938.20,0
1789120260000000000,3938.20,3938.20,3938.20,3938.20,0
1789120320000000000,3938.20,3938.20,3938.20,3938.20,0
1789120380000000000,3938.20,3938.20,3938.20,3938.20,0
1789120440000000000,3938.20,3938.20,3938.20,3938.20,0
1789120500000000000,3938.20,3938.20,3938.20,3938.20,0
1789120560000000000,3938.20,3938.20,3938.20,3938.20,0
1789120620000000000,3938.20,3938.20,3938.20,3938.20,0
1789120680000000000,3938.20,3938.20,3938.20,3938.20,0
1789120740000000000,3930.70,3930.70,3930.70,3930.70,42227
