timestamp_ns,open,high,low,close,volume
1787024700000000000,1314.00,1315.20,1311.20,1311.60,138107
1787024760000000000,1311.60,1313.60,1311.40,1312.90,38044
1787024820000000000,1313.10,1313.80,1312.00,1312.00,25916
1787024880000000000,1312.30,1314.50,1311.80,1314.00,45961
1787024940000000000,1314.00,1314.10,1313.00,1313.60,26307
1787025000000000000,1313.90,1314.20,1313.00,1313.70,21785
1787025060000000000,1314.00,1314.40,1312.80,1313.30,22863
1787025120000000000,1313.30,1315.00,1312.80,1314.00,45136
1787025180000000000,1314.50,1317.50,1314.00,1317.40,69159
1787025240000000000,1317.20,1320.60,1316.80,1319.40,97236
1787025300000000000,1319.30,1321.00,1319.00,1320.50,112613
1787025360000000000,1321.00,1327.00,1320.40,1326.80,143859
1787025420000000000,1326.80,1328.00,1324.00,1324.50,89282
1787025480000000000,1324.50,1324.60,1322.10,1322.50,86377
1787025540000000000,1322.80,1323.40,1321.60,1322.50,73644
1787025600000000000,1322.50,1322.50,1321.00,1321.30,37870
1787025660000000000,1321.30,1322.30,1320.90,1322.00,44983
1787025720000000000,1322.20,1322.50,1320.60,1320.80,29682
1787025780000000000,1321.00,1322.00,1320.40,1322.00,44817
1787025840000000000,1321.90,1324.60,1321.70,1323.40,85236
1787025900000000000,1323.40,1324.50,1323.00,1324.40,19818
1787025960000000000,1324.40,1326.00,1324.30,1325.50,62681
1787026020000000000,1325.50,1326.70,1324.80,1326.00,60420
1787026080000000000,1326.00,1326.80,1325.50,1326.60,61085
1787026140000000000,1326.60,1327.00,1325.70,1325.70,31751
1787026200000000000,1326.00,1327.00,1325.10,1326.00,33251
1787026260000000000,1325.80,1328.60,1325.20,1327.50,71070
1787026320000000000,1327.80,1327.90,1326.10,1327.00,33637
1787026380000000000,1327.00,1327.00,1325.10,1325.20,20431
1787026440000000000,1325.70,1325.70,1324.00,1324.70,43802
1787026500000000000,1324.40,1324.60,1323.20,1323.60,15053
1787026560000000000,1323.60,1324.00,1323.30,1323.80,14685
1787026620000000000,1323.80,1324.90,1323.70,1324.60,26509
1787026680000000000,1324.50,1324.60,1324.00,1324.30,12597
1787026740000000000,1324.30,1324.60,1324.00,1324.00,10341
1787026800000000000,1324.20,1324.90,1324.10,1324.40,8487
1787026860000000000,1324.50,1324.50,1323.70,1323.70,50541
1787026920000000000,1323.90,1325.20,1323.50,1324.90,35688
1787026980000000000,1324.90,1325.50,1324.80,1325.40,10011
1787027040000000000,1325.50,1325.50,1323.80,1323.80,19448
1787027100000000000,1324.10,1324.50,1323.50,1323.80,15840
1787027160000000000,1323.90,1324.70,1323.80,1324.40,10990
1787027220000000000,1324.40,1324.40,1323.80,1323.80,9143
1787027280000000000,1323.90,1323.90,1322.60,1323.50,38179
1787027340000000000,1323.50,1324.30,1322.80,1324.30,16253
1787027400000000000,1324.30,1324.30,1323.40,1323.90,20135
1787027460000000000,1323.90,1324.40,1323.10,1324.00,28504
1787027520000000000,1324.20,1324.30,1323.10,1323.90,29764
1787027580000000000,1324.00,1324.10,1322.40,1323.70,50195
1787027640000000000,1323.90,1324.10,1323.50,1324.00,29725
1787027700000000000,1324.10,1324.60,1324.00,1324.30,21148
1787027760000000000,1324.60,1324.60,1324.10,1324.20,5414
1787027820000000000,1324.30,1324.90,1323.50,1324.00,40669
1787027880000000000,1324.30,1324.40,1323.90,1323.90,7214
1787027940000000000,1324.00,1324.20,1323.70,1323.90,9203
1787028000000000000,1324.00,1324.10,1323.70,1323.80,6590
1787028060000000000,1324.00,1324.10,1323.70,1324.00,6172
1787028120000000000,1324.10,1324.10,1323.60,1324.10,8225
1787028180000000000,1324.10,1324.10,1323.50,1324.00,5951
1787028240000000000,1324.00,1324.00,1323.50,1323.80,6939
1787028300000000000,1323.80,1323.90,1322.50,1322.70,17834
1787028360000000000,1322.90,1323.20,1322.30,1322.50,21784
1787028420000000000,1322.80,1323.00,1322.30,1323.00,23995
1787028480000000000,1323.00,1323.70,1322.90,1323.40,16237
1787028540000000000,1323.50,1324.00,1323.00,1323.80,15431
1787028600000000000,1323.90,1324.00,1321.30,1322.00,52092
1787028660000000000,1322.10,1322.10,1321.10,1321.20,29570
1787028720000000000,1321.30,1321.70,1321.10,1321.40,17909
1787028780000000000,1321.70,1322.00,1321.30,1321.80,8825
1787028840000000000,1321.80,1322.10,1321.10,1321.50,34417
1787028900000000000,1321.70,1322.30,1321.20,1321.70,25243
1787028960000000000,1321.70,1321.90,1321.10,1321.70,13212
1787029020000000000,1321.70,1322.20,1321.20,1321.80,25844
1787029080000000000,1321.80,1321.80,1321.30,1321.70,7617
1787029140000000000,1321.70,1322.00,1321.20,1321.70,7458
1787029200000000000,1321.90,1323.00,1321.60,1322.70,12714
1787029260000000000,1323.00,1323.20,1322.40,1323.10,13786
1787029320000000000,1323.20,1323.30,1322.50,1322.70,9859
1787029380000000000,1322.90,1323.10,1322.30,1322.50,9784
1787029440000000000,1322.50,1323.00,1322.00,1323.00,24425
1787029500000000000,1323.00,1323.00,1321.80,1323.00,14444
1787029560000000000,1323.00,1323.00,1321.60,1321.70,23947
1787029620000000000,1321.70,1322.80,1321.60,1322.80,20428
1787029680000000000,1322.80,1322.80,1322.30,1322.70,10182
1787029740000000000,1322.70,1322.70,1322.00,1322.40,5662
1787029800000000000,1322.40,1322.50,1321.50,1322.00,8462
1787029860000000000,1322.00,1323.00,1321.60,1322.80,17845
1787029920000000000,1323.00,1323.00,1321.30,1322.10,20436
1787029980000000000,1322.10,1322.30,1321.40,1322.20,30211
1787030040000000000,1322.20,1322.60,1321.90,1322.10,7351
1787030100000000000,1322.10,1322.50,1320.80,1321.20,24984
1787030160000000000,1321.20,1321.20,1319.00,1320.20,86871
1787030220000000000,1320.40,1320.60,1319.20,1320.00,22581
1787030280000000000,1320.00,1321.00,1319.60,1320.20,14813
1787030340000000000,1320.40,1320.70,1320.10,1320.10,7780
1787030400000000000,1320.30,1320.40,1320.00,1320.00,4981
1787030460000000000,1320.10,1320.30,1319.90,1320.00,8259
1787030520000000000,1320.00,1320.70,1319.90,1320.40,10734
1787030580000000000,1320.60,1320.80,1320.30,1320.60,13050
1787030640000000000,1320.60,1321.00,1320.40,1320.60,9038
1787030700000000000,1321.00,1321.00,1320.10,1320.10,13375
1787030760000000000,1320.70,1320.80,1320.00,1320.40,9314
1787030820000000000,1320.70,1320.70,1320.30,1320.50,8605
1787030880000000000,1320.80,1320.90,1320.40,1320.40,9323
1787030940000000000,1320.70,1321.60,1320.40,1321.40,14840
1787031000000000000,1321.60,1322.00,1320.70,1321.90,23911
1787031060000000000,1321.90,1321.90,1321.50,1321.70,15347
1787031120000000000,1321.70,1322.10,1321.50,1322.00,7688
1787031180000000000,1322.00,1323.00,1321.70,1323.00,12153
1787031240000000000,1323.00,1323.30,1322.60,1322.70,19140
1787031300000000000,1322.70,1323.10,1322.40,1322.40,18385
1787031360000000000,1322.50,1322.60,1322.10,1322.40,7971
1787031420000000000,1322.40,1322.50,1322.10,1322.30,8408
1787031480000000000,1322.40,1322.70,1322.20,1322.70,6499
1787031540000000000,1322.70,1323.50,1322.50,1322.90,19723
1787031600000000000,1323.20,1323.20,1322.80,1323.20,10666
1787031660000000000,1323.20,1323.30,1322.70,1323.30,24034
1787031720000000000,1323.30,1323.50,1322.80,1322.90,12581
1787031780000000000,1322.90,1323.60,1322.80,1323.50,25940
1787031840000000000,1323.60,1323.70,1323.30,1323.30,8082
1787031900000000000,1323.40,1324.00,1323.30,1323.40,22070
1787031960000000000,1323.80,1323.80,1323.40,1323.60,6024
1787032020000000000,1323.60,1323.60,1323.00,1323.10,14425
1787032080000000000,1323.10,1323.90,1323.00,1323.90,11864
1787032140000000000,1323.90,1324.20,1323.60,1323.70,12259
1787032200000000000,1323.90,1324.20,1323.60,1323.80,4556
1787032260000000000,1324.00,1324.00,1323.10,1323.20,9283
1787032320000000000,1323.40,1323.70,1323.00,1323.70,4772
1787032380000000000,1323.70,1323.90,1323.40,1323.40,7520
1787032440000000000,1323.70,1324.00,1323.40,1323.90,9621
1787032500000000000,1323.90,1323.90,1323.00,1323.40,7450
1787032560000000000,1323.40,1323.50,1323.10,1323.20,5293
1787032620000000000,1323.30,1323.40,1323.10,1323.30,16069
1787032680000000000,1323.30,1323.30,1323.10,1323.20,9272
1787032740000000000,1323.30,1323.30,1322.00,1322.10,40238
1787032800000000000,1322.20,1322.40,1321.30,1321.30,36221
1787032860000000000,1321.80,1322.00,1320.80,1321.30,18557
1787032920000000000,1321.40,1322.10,1321.30,1321.50,13009
1787032980000000000,1321.50,1321.60,1320.90,1321.10,16106
1787033040000000000,1321.10,1321.30,1320.00,1321.30,26359
1787033100000000000,1321.30,1321.50,1321.10,1321.30,5762
1787033160000000000,1321.40,1321.70,1320.90,1321.00,12609
1787033220000000000,1321.10,1321.40,1320.90,1321.00,9096
1787033280000000000,1321.10,1321.40,1320.90,1321.20,7150
1787033340000000000,1321.20,1321.70,1321.00,1321.30,16169
1787033400000000000,1321.40,1321.80,1321.30,1321.40,6121
1787033460000000000,1321.60,1321.70,1321.20,1321.20,6305
1787033520000000000,1321.40,1321.80,1321.10,1321.20,6881
1787033580000000000,1321.20,1321.30,1321.00,1321.10,5901
1787033640000000000,1321.10,1321.30,1321.00,1321.10,4932
1787033700000000000,1321.20,1321.30,1321.00,1321.00,5445
1787033760000000000,1321.20,1323.00,1321.00,1321.40,80773
1787033820000000000,1321.70,1322.80,1321.30,1322.70,19682
1787033880000000000,1322.70,1322.70,1322.10,1322.60,5914
1787033940000000000,1322.60,1322.60,1322.10,1322.10,6249
1787034000000000000,1322.40,1323.00,1322.10,1322.90,13318
1787034060000000000,1322.90,1323.40,1322.50,1322.50,17094
1787034120000000000,1322.90,1323.10,1322.10,1322.50,12631
1787034180000000000,1322.40,1322.50,1321.20,1322.20,15312
1787034240000000000,1322.20,1322.60,1321.90,1322.60,15143
1787034300000000000,1322.40,1323.00,1322.00,1323.00,16148
1787034360000000000,1323.00,1323.00,1321.60,1322.40,18346
1787034420000000000,1322.90,1323.30,1322.10,1323.00,13504
1787034480000000000,1323.00,1323.00,1322.60,1322.90,6034
1787034540000000000,1322.90,1323.10,1322.60,1322.60,4905
1787034600000000000,1323.10,1323.50,1322.60,1323.00,15159
1787034660000000000,1323.30,1323.60,1322.70,1323.10,8642
1787034720000000000,1323.60,1325.70,1322.80,1325.20,62473
1787034780000000000,1325.20,1325.20,1324.20,1325.00,15386
1787034840000000000,1325.00,1325.00,1324.20,1324.40,6817
1787034900000000000,1324.90,1325.50,1324.40,1325.00,18621
1787034960000000000,1325.00,1325.50,1324.80,1325.10,15507
1787035020000000000,1325.10,1325.30,1324.00,1324.50,10727
1787035080000000000,1325.00,1325.10,1324.50,1324.90,5424
1787035140000000000,1324.90,1324.90,1324.50,1324.50,6962
1787035200000000000,1324.90,1325.00,1324.50,1324.90,6245
1787035260000000000,1324.90,1325.30,1324.50,1325.00,14888
1787035320000000000,1325.30,1325.70,1325.00,1325.50,15121
1787035380000000000,1325.60,1325.70,1325.50,1325.50,41170
1787035440000000000,1325.60,1325.60,1324.60,1325.30,40011
1787035500000000000,1325.30,1325.30,1324.60,1325.10,16388
1787035560000000000,1325.10,1325.10,1324.00,1325.00,18950
1787035620000000000,1325.00,1325.60,1323.50,1325.00,50523
1787035680000000000,1325.10,1325.50,1325.10,1325.10,10733
1787035740000000000,1325.30,1325.50,1324.80,1325.30,8872
1787035800000000000,1325.20,1325.30,1325.00,1325.00,13790
1787035860000000000,1325.00,1325.10,1324.90,1325.00,15211
1787035920000000000,1325.00,1325.80,1324.70,1325.00,27315
1787035980000000000,1325.30,1325.70,1325.00,1325.30,7858
1787036040000000000,1325.40,1325.40,1325.10,1325.10,10522
1787036100000000000,1325.20,1325.30,1325.00,1325.20,8697
1787036160000000000,1325.20,1325.30,1324.90,1324.90,11451
1787036220000000000,1325.00,1325.10,1324.80,1325.00,12554
1787036280000000000,1325.00,1325.20,1324.80,1325.10,14975
1787036340000000000,1325.00,1325.30,1324.80,1325.10,11197
1787036400000000000,1325.10,1325.20,1324.70,1325.10,21153
1787036460000000000,1325.10,1325.10,1324.70,1324.70,15329
1787036520000000000,1324.90,1325.10,1324.70,1325.00,20051
1787036580000000000,1325.00,1325.10,1324.70,1324.70,60109
1787036640000000000,1324.80,1325.00,1324.70,1324.80,32380
1787036700000000000,1324.80,1325.20,1324.70,1325.00,124149
1787036760000000000,1325.00,1325.00,1324.80,1325.00,17765
1787036820000000000,1324.90,1325.00,1324.80,1324.90,8632
1787036880000000000,1324.90,1324.90,1324.10,1324.10,55573
1787036940000000000,1324.10,1324.30,1323.90,1324.20,43140
1787037000000000000,1324.20,1324.30,1323.90,1324.20,22573
1787037060000000000,1324.20,1324.30,1323.90,1324.30,25715
1787037120000000000,1324.30,1324.40,1323.80,1324.10,20608
1787037180000000000,1324.10,1324.10,1323.50,1323.60,37711
1787037240000000000,1323.50,1323.70,1322.60,1322.90,53488
1787037300000000000,1323.00,1324.10,1322.90,1323.90,22114
1787037360000000000,1324.00,1324.00,1322.90,1323.00,10396
1787037420000000000,1323.00,1323.20,1322.80,1322.90,6609
1787037480000000000,1322.80,1323.30,1322.80,1323.30,7739
1787037540000000000,1323.30,1324.40,1323.20,1324.30,19332
1787037600000000000,1324.30,1324.40,1324.00,1324.10,11946
1787037660000000000,1324.10,1324.40,1324.00,1324.40,9368
1787037720000000000,1324.40,1324.50,1324.00,1324.10,7676
1787037780000000000,1324.00,1324.20,1324.00,1324.20,7221
1787037840000000000,1324.00,1324.30,1324.00,1324.30,14027
1787037900000000000,1324.30,1324.40,1324.00,1324.30,7934
1787037960000000000,1324.30,1324.30,1324.00,1324.00,8507
1787038020000000000,1324.20,1324.20,1323.00,1323.40,45659
1787038080000000000,1323.40,1323.70,1323.00,1323.40,10248
1787038140000000000,1323.30,1323.60,1322.80,1322.80,9157
1787038200000000000,1323.00,1323.20,1322.50,1322.90,16450
1787038260000000000,1322.70,1322.90,1321.70,1322.80,58580
1787038320000000000,1322.80,1323.50,1322.60,1323.40,13267
1787038380000000000,1323.40,1323.40,1323.00,1323.20,8312
1787038440000000000,1323.20,1323.20,1322.20,1322.70,57495
1787038500000000000,1322.70,1323.20,1322.10,1323.00,77900
1787038560000000000,1323.10,1323.20,1323.00,1323.00,7432
1787038620000000000,1323.10,1323.70,1323.00,1323.60,9726
1787038680000000000,1323.60,1323.70,1323.10,1323.40,36797
1787038740000000000,1323.40,1323.60,1322.60,1323.20,29296
1787038800000000000,1323.20,1323.20,1322.50,1323.00,10781
1787038860000000000,1323.10,1323.10,1322.60,1323.00,9582
1787038920000000000,1323.00,1323.20,1322.60,1323.10,8774
1787038980000000000,1323.10,1323.20,1323.00,1323.20,7604
1787039040000000000,1323.20,1323.20,1322.60,1323.10,8421
1787039100000000000,1323.10,1323.50,1322.50,1323.10,20023
1787039160000000000,1323.20,1323.20,1323.00,1323.00,7039
1787039220000000000,1323.10,1323.70,1323.00,1323.50,17140
1787039280000000000,1323.50,1323.80,1323.10,1323.50,16819
1787039340000000000,1323.50,1323.50,1323.00,1323.50,8390
1787039400000000000,1323.50,1323.80,1323.00,1323.80,25171
1787039460000000000,1323.80,1324.20,1323.30,1323.80,21719
1787039520000000000,1323.80,1324.20,1323.40,1323.70,32602
1787039580000000000,1323.70,1324.10,1323.30,1323.30,13981
1787039640000000000,1323.60,1323.80,1323.00,1323.40,10819
1787039700000000000,1323.60,1323.70,1323.10,1323.30,7675
1787039760000000000,1323.40,1323.50,1323.00,1323.40,22281
1787039820000000000,1323.50,1323.80,1323.10,1323.30,21659
1787039880000000000,1323.30,1323.50,1323.00,1323.30,9565
1787039940000000000,1323.00,1323.90,1323.00,1323.60,16638
1787040000000000000,1323.70,1323.70,1323.20,1323.70,7224
1787040060000000000,1323.70,1324.20,1323.30,1324.20,12589
1787040120000000000,1324.10,1324.20,1323.90,1324.10,7771
1787040180000000000,1324.00,1324.10,1323.70,1324.10,9491
1787040240000000000,1324.00,1324.10,1323.30,1324.00,21463
1787040300000000000,1323.90,1324.10,1323.30,1323.90,14219
1787040360000000000,1323.90,1323.90,1323.20,1323.20,12102
1787040420000000000,1323.40,1323.40,1323.00,1323.20,6282
1787040480000000000,1323.10,1323.90,1323.10,1323.80,12767
1787040540000000000,1323.60,1323.90,1323.20,1323.40,6944
1787040600000000000,1323.30,1323.40,1323.20,1323.40,6450
1787040660000000000,1323.40,1323.40,1323.00,1323.40,8402
1787040720000000000,1323.50,1323.70,1323.20,1323.20,10557
1787040780000000000,1323.20,1323.40,1323.00,1323.10,12280
1787040840000000000,1323.00,1324.00,1323.00,1323.60,31289
1787040900000000000,1323.70,1324.20,1323.10,1324.20,15792
1787040960000000000,1324.20,1324.30,1323.50,1323.90,8848
1787041020000000000,1323.80,1324.20,1323.50,1324.10,13668
1787041080000000000,1324.20,1324.20,1323.90,1324.00,6811
1787041140000000000,1323.90,1324.00,1323.20,1323.80,10010
1787041200000000000,1323.80,1324.00,1323.70,1323.80,6609
1787041260000000000,1323.90,1324.00,1323.70,1323.80,8158
1787041320000000000,1323.80,1324.20,1323.40,1323.80,12831
1787041380000000000,1323.80,1324.20,1323.50,1324.20,6317
1787041440000000000,1324.20,1324.90,1323.80,1324.50,17136
1787041500000000000,1324.50,1324.50,1323.90,1324.30,3805
1787041560000000000,1324.10,1324.30,1322.90,1323.70,38086
1787041620000000000,1323.70,1323.70,1323.10,1323.60,10716
1787041680000000000,1323.60,1323.60,1323.50,1323.60,6323
1787041740000000000,1323.50,1324.00,1323.50,1323.70,14240
1787041800000000000,1323.70,1324.30,1323.70,1324.30,11334
1787041860000000000,1324.30,1324.30,1324.00,1324.10,10004
1787041920000000000,1324.10,1324.30,1324.00,1324.00,7644
1787041980000000000,1324.00,1324.30,1324.00,1324.10,14662
1787042040000000000,1324.10,1324.60,1324.00,1324.50,43990
1787042100000000000,1324.50,1324.90,1324.00,1324.50,92790
1787042160000000000,1324.50,1324.70,1324.00,1324.00,7691
1787042220000000000,1324.40,1324.70,1323.60,1324.50,34855
1787042280000000000,1324.50,1324.50,1323.90,1324.00,4481
1787042340000000000,1324.00,1324.40,1323.80,1324.30,16238
1787042400000000000,1324.30,1324.30,1323.60,1324.10,10493
1787042460000000000,1324.20,1324.20,1322.50,1322.60,26734
1787042520000000000,1323.00,1323.60,1322.20,1323.30,20780
1787042580000000000,1323.60,1323.60,1323.00,1323.00,5234
1787042640000000000,1323.00,1323.40,1322.90,1323.00,9031
1787042700000000000,1323.30,1323.30,1322.90,1323.10,26967
1787042760000000000,1323.10,1324.10,1323.00,1323.50,22892
1787042820000000000,1323.10,1323.80,1323.00,1323.10,8150
1787042880000000000,1323.10,1323.70,1323.00,1323.30,6239
1787042940000000000,1323.30,1323.70,1322.90,1323.00,7547
1787043000000000000,1323.00,1324.40,1323.00,1324.00,34454
1787043060000000000,1323.90,1324.00,1323.50,1323.60,6747
1787043120000000000,1323.60,1324.40,1323.10,1323.80,57671
1787043180000000000,1323.50,1324.00,1322.90,1322.90,177561
1787043240000000000,1323.20,1324.90,1322.80,1324.00,219554
1787043300000000000,1324.40,1325.10,1324.00,1324.80,131158
1787043360000000000,1325.00,1325.00,1323.50,1324.00,25679
1787043420000000000,1324.00,1324.40,1322.80,1323.20,164815
1787043480000000000,1323.70,1323.90,1322.90,1323.50,37728
1787043540000000000,1323.10,1324.80,1323.10,1324.20,56374
1787043600000000000,1324.20,1324.50,1323.50,1323.50,17723
1787043660000000000,1323.50,1323.70,1323.10,1323.40,4487
1787043720000000000,1323.10,1324.40,1323.00,1324.20,61517
1787043780000000000,1324.00,1324.50,1322.90,1324.40,108093
1787043840000000000,1324.10,1324.40,1323.60,1323.80,12368
1787043900000000000,1323.80,1324.50,1323.80,1324.40,55670
1787043960000000000,1324.00,1324.60,1323.80,1324.50,35009
1787044020000000000,1324.50,1324.90,1324.50,1324.90,9650
1787044080000000000,1324.90,1325.10,1324.30,1325.10,32161
1787044140000000000,1325.10,1325.10,1324.20,1324.70,16382
1787044200000000000,1324.80,1324.90,1324.20,1324.70,6743
1787044260000000000,1324.40,1324.80,1324.20,1324.20,6841
1787044320000000000,1324.30,1324.80,1324.00,1324.30,7756
1787044380000000000,1324.10,1324.40,1324.00,1324.10,6431
1787044440000000000,1324.10,1324.60,1323.80,1323.90,30718
1787044500000000000,1323.90,1324.00,1322.60,1322.60,42457
1787044560000000000,1322.60,1323.20,1322.60,1323.00,17367
1787044620000000000,1323.00,1323.10,1322.80,1323.00,9756
1787044680000000000,1322.90,1323.00,1322.00,1322.60,27864
1787044740000000000,1322.80,1323.80,1322.60,1323.60,18898
1787044800000000000,1323.60,1324.00,1323.00,1323.30,30250
1787044860000000000,1323.50,1323.90,1323.10,1323.40,19431
1787044920000000000,1323.40,1323.50,1323.00,1323.00,10454
1787044980000000000,1323.00,1323.20,1322.70,1323.00,14200
1787045040000000000,1323.00,1323.60,1322.80,1323.20,22758
1787045100000000000,1323.40,1324.00,1323.20,1323.80,33331
1787045160000000000,1323.80,1324.40,1323.10,1323.70,77153
1787045220000000000,1323.70,1324.60,1323.60,1324.10,25569
1787045280000000000,1324.10,1324.50,1323.60,1324.00,64533
1787045340000000000,1324.00,1324.80,1323.70,1324.00,59516
1787045400000000000,1324.40,1324.90,1323.60,1324.90,54573
1787045460000000000,1324.90,1325.00,1324.00,1324.20,59282
1787045520000000000,1324.60,1324.70,1324.10,1324.50,23361
1787045580000000000,1324.70,1324.70,1323.50,1323.70,36879
1787045640000000000,1323.70,1323.90,1322.70,1322.70,43843
1787045700000000000,1323.10,1323.80,1322.70,1323.20,50548
1787045760000000000,1323.20,1323.20,1320.70,1321.40,101715
1787045820000000000,1321.40,1321.40,1318.40,1319.30,86481
1787045880000000000,1319.40,1320.30,1319.00,1320.30,37162
1787045940000000000,1320.30,1321.60,1320.20,1321.60,81799
1787046000000000000,1321.50,1321.60,1320.00,1321.30,41466
1787046060000000000,1321.30,1321.30,1321.10,1321.10,76847
1787046120000000000,1321.20,1322.00,1320.00,1321.60,173935
1787046180000000000,1321.90,1321.90,1320.00,1320.50,52889
1787046240000000000,1320.50,1323.00,1320.00,1321.30,113083
1787046300000000000,1321.30,1321.30,1321.30,1321.30,0
1787046360000000000,1321.30,1321.30,1321.30,1321.30,0
1787046420000000000,1321.30,1321.30,1321.30,1321.30,0
1787046480000000000,1321.30,1321.30,1321.30,1321.30,0
1787046540000000000,1321.30,1321.30,1321.30,1321.30,0
1787046600000000000,1321.30,1321.30,1321.30,1321.30,0
1787046660000000000,1321.30,1321.30,1321.30,1321.30,0
1787046720000000000,1321.30,1321.30,1321.30,1321.30,0
1787046780000000000,1321.30,1321.30,1321.30,1321.30,0
1787046840000000000,1321.30,1321.30,1321.30,1321.30,0
1787046900000000000,1321.30,1321.30,1321.30,1321.30,0
1787046960000000000,1321.30,1321.30,1321.30,1321.30,0
1787047020000000000,1321.30,1321.30,1321.30,1321.30,0
1787047080000000000,1321.30,1321.30,1321.30,1321.30,0
1787047140000000000,1322.00,1322.00,1322.00,1322.00,551084
1787111100000000000,1320.30,1321.60,1316.50,1318.20,183878
1787111160000000000,1318.50,1318.90,1317.10,1317.40,34606
1787111220000000000,1317.40,1319.00,1316.70,1318.80,43694
1787111280000000000,1319.00,1319.50,1317.50,1317.70,20360
1787111340000000000,1317.70,1318.30,1317.20,1318.30,22613
1787111400000000000,1318.30,1319.00,1317.20,1317.30,38761
1787111460000000000,1317.30,1318.00,1317.30,1317.60,6646
1787111520000000000,1317.60,1317.60,1315.60,1316.20,24299
1787111580000000000,1316.20,1316.20,1314.00,1314.50,60700
1787111640000000000,1314.50,1314.50,1313.00,1313.00,29770
1787111700000000000,1313.40,1314.00,1313.00,1313.20,22648
1787111760000000000,1313.10,1314.20,1312.70,1314.20,14442
1787111820000000000,1314.20,1315.80,1314.10,1315.60,12036
1787111880000000000,1315.70,1315.70,1315.10,1315.20,16825
1787111940000000000,1315.40,1315.40,1313.50,1313.60,62491
1787112000000000000,1314.00,1314.30,1313.20,1313.80,17714
1787112060000000000,1313.90,1314.00,1313.00,1313.20,20255
1787112120000000000,1313.30,1314.00,1313.00,1313.30,14745
1787112180000000000,1313.30,1314.20,1313.30,1314.20,17113
1787112240000000000,1314.20,1314.40,1313.10,1313.50,18471
1787112300000000000,1313.50,1313.90,1313.30,1313.60,9346
1787112360000000000,1313.60,1314.90,1313.50,1314.70,4545
1787112420000000000,1314.70,1316.00,1314.70,1315.40,24150
1787112480000000000,1315.50,1316.50,1315.30,1316.40,17072
1787112540000000000,1316.60,1317.00,1316.20,1317.00,18434
1787112600000000000,1317.00,1317.30,1316.10,1316.10,47220
1787112660000000000,1316.50,1316.60,1316.00,1316.60,12985
1787112720000000000,1316.80,1317.40,1316.70,1317.40,15537
1787112780000000000,1317.40,1317.70,1317.00,1317.10,11433
1787112840000000000,1317.30,1317.60,1316.50,1316.80,11679
1787112900000000000,1316.80,1316.80,1316.00,1316.40,18124
1787112960000000000,1316.50,1317.00,1316.40,1316.40,10478
1787113020000000000,1316.50,1316.50,1315.80,1316.00,56449
1787113080000000000,1316.10,1316.40,1315.90,1316.10,19218
1787113140000000000,1316.10,1316.10,1315.10,1315.70,18756
1787113200000000000,1315.70,1315.90,1315.10,1315.30,15016
1787113260000000000,1315.40,1316.00,1315.10,1315.70,11790
1787113320000000000,1315.70,1315.70,1315.10,1315.20,13372
1787113380000000000,1315.20,1316.00,1314.80,1315.60,15927
1787113440000000000,1315.70,1315.90,1314.40,1314.80,7719
1787113500000000000,1314.80,1314.80,1314.00,1314.40,6861
1787113560000000000,1314.40,1314.50,1314.00,1314.50,10453
1787113620000000000,1314.50,1315.00,1314.30,1314.80,6303
1787113680000000000,1314.80,1315.00,1314.50,1314.70,3527
1787113740000000000,1314.70,1314.80,1314.20,1314.50,7475
1787113800000000000,1314.70,1315.10,1314.50,1314.90,21435
1787113860000000000,1315.00,1315.10,1313.60,1313.60,10079
1787113920000000000,1313.80,1314.10,1313.50,1314.00,21018
1787113980000000000,1314.00,1315.00,1314.00,1314.80,8984
1787114040000000000,1314.90,1315.00,1314.00,1314.20,11760
1787114100000000000,1314.30,1314.70,1314.10,1314.40,5125
1787114160000000000,1314.60,1314.70,1314.00,1314.50,7459
1787114220000000000,1314.50,1314.70,1314.20,1314.20,5587
1787114280000000000,1314.50,1315.00,1314.20,1314.50,14917
1787114340000000000,1314.50,1314.90,1314.10,1314.20,5253
1787114400000000000,1314.20,1314.90,1314.10,1314.50,6017
1787114460000000000,1314.50,1314.70,1314.10,1314.10,8914
1787114520000000000,1314.30,1314.40,1314.00,1314.20,9148
1787114580000000000,1314.20,1314.20,1314.00,1314.00,16139
1787114640000000000,1314.10,1314.60,1314.00,1314.10,9834
1787114700000000000,1314.10,1314.50,1312.10,1313.00,46159
1787114760000000000,1313.10,1313.20,1312.10,1312.40,14208
1787114820000000000,1312.60,1312.80,1312.10,1312.10,10844
1787114880000000000,1312.40,1312.50,1312.00,1312.30,14017
1787114940000000000,1312.30,1312.40,1311.60,1311.60,14019
1787115000000000000,1311.80,1311.90,1310.60,1311.40,31629
1787115060000000000,1311.40,1312.20,1311.00,1312.00,13828
1787115120000000000,1312.10,1312.20,1311.00,1311.30,25530
1787115180000000000,1311.40,1311.70,1311.00,1311.50,10168
1787115240000000000,1311.60,1312.00,1311.20,1311.30,7612
1787115300000000000,1311.40,1311.60,1311.00,1311.10,7781
1787115360000000000,1311.30,1311.40,1311.10,1311.20,6615
1787115420000000000,1311.20,1312.00,1311.20,1312.00,13801
1787115480000000000,1312.00,1312.00,1311.50,1311.80,8467
1787115540000000000,1311.80,1311.90,1311.10,1311.20,11729
1787115600000000000,1311.20,1311.90,1311.00,1311.40,42935
1787115660000000000,1311.40,1311.60,1311.00,1311.50,14614
1787115720000000000,1311.60,1311.90,1310.50,1311.10,24494
1787115780000000000,1311.30,1311.90,1311.10,1311.90,24344
1787115840000000000,1311.90,1312.30,1311.60,1311.90,21827
1787115900000000000,1311.90,1312.10,1311.10,1311.40,10617
1787115960000000000,1311.60,1312.30,1311.20,1312.00,6604
1787116020000000000,1312.00,1312.10,1311.00,1311.10,14568
1787116080000000000,1311.40,1311.40,1311.00,1311.20,10494
1787116140000000000,1311.30,1311.90,1311.10,1311.50,7806
1787116200000000000,1311.50,1311.70,1311.20,1311.20,6416
1787116260000000000,1311.40,1311.70,1311.20,1311.40,11487
1787116320000000000,1311.40,1312.00,1311.30,1311.90,6221
1787116380000000000,1312.00,1312.70,1311.80,1312.50,18823
1787116440000000000,1312.70,1312.70,1312.00,1312.20,18606
1787116500000000000,1312.20,1312.30,1311.20,1311.80,22436
1787116560000000000,1311.80,1312.00,1311.60,1311.90,4894
1787116620000000000,1311.90,1312.00,1311.20,1311.70,14301
1787116680000000000,1311.60,1312.00,1311.20,1311.70,15493
1787116740000000000,1311.90,1312.40,1311.60,1312.30,7632
1787116800000000000,1312.30,1312.30,1312.00,1312.20,6937
1787116860000000000,1312.20,1312.40,1312.00,1312.30,8124
1787116920000000000,1312.30,1312.90,1312.20,1312.80,9807
1787116980000000000,1312.80,1314.10,1312.50,1313.90,35293
1787117040000000000,1313.90,1314.50,1313.70,1314.50,14476
1787117100000000000,1314.50,1314.70,1313.80,1314.40,21727
1787117160000000000,1314.40,1315.30,1314.00,1314.90,30873
1787117220000000000,1315.20,1315.30,1314.40,1315.10,12109
1787117280000000000,1315.10,1315.50,1315.00,1315.50,11226
1787117340000000000,1315.40,1315.50,1314.80,1314.90,9841
1787117400000000000,1314.90,1314.90,1313.60,1314.10,16311
1787117460000000000,1314.50,1314.90,1313.70,1314.90,14711
1787117520000000000,1314.90,1314.90,1314.00,1314.20,9451
1787117580000000000,1314.20,1314.50,1314.00,1314.30,6795
1787117640000000000,1314.30,1314.80,1314.00,1314.80,10711
1787117700000000000,1314.80,1314.80,1314.10,1314.40,6843
1787117760000000000,1314.40,1314.40,1313.50,1313.60,7354
1787117820000000000,1313.60,1313.90,1313.00,1313.20,18250
1787117880000000000,1313.30,1314.30,1313.00,1314.00,10952
1787117940000000000,1314.10,1315.40,1313.60,1315.00,27163
1787118000000000000,1315.20,1315.60,1315.00,1315.40,15834
1787118060000000000,1315.40,1315.70,1315.20,1315.40,7871
1787118120000000000,1315.40,1315.40,1315.00,1315.10,20126
1787118180000000000,1315.10,1315.20,1313.80,1314.20,77642
1787118240000000000,1314.40,1315.20,1313.90,1315.00,17583
1787118300000000000,1315.10,1315.30,1314.40,1315.10,19317
1787118360000000000,1315.10,1315.20,1314.40,1314.70,8848
1787118420000000000,1314.90,1315.30,1314.60,1314.90,20184
1787118480000000000,1315.00,1315.10,1314.60,1314.80,10229
1787118540000000000,1314.80,1315.20,1314.70,1315.20,14378
1787118600000000000,1315.20,1315.60,1314.90,1315.20,25492
1787118660000000000,1315.20,1315.20,1314.80,1315.00,9280
1787118720000000000,1315.00,1315.20,1314.70,1315.20,13077
1787118780000000000,1315.20,1315.20,1315.00,1315.20,10798
1787118840000000000,1315.20,1315.20,1314.90,1315.20,28540
1787118900000000000,1315.20,1315.20,1314.90,1315.00,32221
1787118960000000000,1315.10,1316.00,1315.00,1315.90,41499
1787119020000000000,1315.90,1315.90,1315.20,1315.70,9072
1787119080000000000,1315.70,1315.80,1315.00,1315.30,7533
1787119140000000000,1315.30,1315.30,1315.00,1315.10,13750
1787119200000000000,1315.10,1315.30,1314.00,1314.30,44944
1787119260000000000,1314.40,1314.40,1313.20,1313.70,18454
1787119320000000000,1313.70,1313.80,1313.10,1313.40,18864
1787119380000000000,1313.50,1313.90,1313.20,1313.70,20510
1787119440000000000,1313.90,1314.60,1313.70,1314.10,13719
1787119500000000000,1314.10,1314.60,1313.80,1314.20,25420
1787119560000000000,1314.40,1314.40,1314.00,1314.00,8164
1787119620000000000,1314.20,1314.40,1313.90,1314.20,13768
1787119680000000000,1314.20,1314.60,1314.00,1314.00,36266
1787119740000000000,1314.10,1314.40,1313.90,1314.10,21094
1787119800000000000,1314.10,1314.40,1313.70,1314.00,14542
1787119860000000000,1314.00,1315.30,1313.90,1315.10,26862
1787119920000000000,1315.10,1315.10,1314.10,1314.50,19100
1787119980000000000,1314.60,1314.90,1313.90,1313.90,4729
1787120040000000000,1314.40,1314.40,1313.70,1314.30,5469
1787120100000000000,1314.30,1314.30,1313.30,1314.00,14806
1787120160000000000,1314.00,1314.20,1313.50,1314.00,9049
1787120220000000000,1314.00,1314.70,1313.80,1314.00,9895
1787120280000000000,1314.20,1314.80,1314.00,1314.60,19492
1787120340000000000,1314.60,1314.70,1314.40,1314.70,5065
1787120400000000000,1314.70,1315.30,1313.70,1314.20,28608
1787120460000000000,1314.40,1314.40,1313.50,1314.00,21683
1787120520000000000,1314.00,1314.80,1313.60,1314.80,11147
1787120580000000000,1314.80,1315.20,1314.40,1315.20,24148
1787120640000000000,1315.20,1315.20,1314.70,1315.00,6204
1787120700000000000,1315.10,1315.20,1314.50,1315.10,46997
1787120760000000000,1315.10,1315.10,1314.50,1314.90,55734
1787120820000000000,1314.90,1315.10,1314.60,1314.70,21612
1787120880000000000,1314.70,1315.00,1314.00,1314.20,19229
1787120940000000000,1314.20,1314.70,1314.00,1314.50,11514
1787121000000000000,1314.50,1314.60,1314.10,1314.20,6291
1787121060000000000,1314.20,1314.50,1314.00,1314.00,27982
1787121120000000000,1314.10,1314.60,1313.80,1314.40,20298
1787121180000000000,1314.40,1314.50,1314.00,1314.40,21958
1787121240000000000,1314.40,1314.50,1314.00,1314.20,35073
1787121300000000000,1314.20,1314.20,1313.10,1314.00,40384
1787121360000000000,1314.00,1314.20,1313.70,1314.00,28935
1787121420000000000,1314.10,1314.10,1313.80,1314.10,9865
1787121480000000000,1314.10,1314.10,1313.00,1313.20,62111
1787121540000000000,1313.10,1314.10,1311.70,1312.60,98646
1787121600000000000,1312.60,1312.60,1312.20,1312.40,7168
1787121660000000000,1312.60,1312.60,1312.10,1312.40,10617
1787121720000000000,1312.50,1312.60,1312.00,1312.30,13418
1787121780000000000,1312.30,1312.30,1312.00,1312.20,8989
1787121840000000000,1312.10,1312.30,1312.00,1312.20,5563
1787121900000000000,1312.20,1312.40,1312.00,1312.40,7926
1787121960000000000,1312.40,1312.50,1312.00,1312.10,15157
1787122020000000000,1312.10,1312.20,1312.00,1312.10,12017
1787122080000000000,1312.10,1312.20,1312.00,1312.10,6403
1787122140000000000,1312.10,1313.30,1312.00,1313.30,14642
1787122200000000000,1313.30,1313.30,1312.60,1312.80,16122
1787122260000000000,1312.80,1314.00,1312.70,1313.90,79069
1787122320000000000,1313.90,1314.00,1313.20,1313.50,40614
1787122380000000000,1313.50,1313.90,1313.00,1313.90,14195
1787122440000000000,1313.90,1314.90,1313.70,1314.70,34329
1787122500000000000,1314.70,1314.70,1313.70,1314.10,8924
1787122560000000000,1314.20,1314.20,1313.90,1314.10,9294
1787122620000000000,1314.10,1314.20,1314.00,1314.10,12040
1787122680000000000,1314.10,1314.60,1313.90,1314.60,12479
1787122740000000000,1314.60,1314.90,1314.40,1314.60,21968
1787122800000000000,1314.60,1314.70,1314.00,1314.60,15449
1787122860000000000,1314.60,1315.00,1314.50,1315.00,13151
1787122920000000000,1315.00,1315.00,1314.50,1314.50,9410
1787122980000000000,1314.90,1315.00,1314.50,1315.00,17573
1787123040000000000,1315.00,1315.00,1314.50,1315.00,13295
1787123100000000000,1315.00,1315.10,1314.60,1314.90,26776
1787123160000000000,1314.90,1315.10,1314.70,1314.70,10884
1787123220000000000,1314.80,1314.90,1314.50,1314.80,8122
1787123280000000000,1314.80,1314.80,1314.20,1314.30,6135
1787123340000000000,1314.40,1315.00,1314.10,1314.40,18657
1787123400000000000,1314.50,1314.50,1314.00,1314.20,5762
1787123460000000000,1314.20,1314.80,1314.00,1314.70,25884
1787123520000000000,1314.80,1314.80,1313.90,1313.90,15147
1787123580000000000,1314.40,1315.30,1314.30,1315.20,21653
1787123640000000000,1315.30,1315.30,1314.70,1315.10,7604
1787123700000000000,1315.10,1315.20,1314.70,1315.10,28098
1787123760000000000,1315.10,1315.30,1314.90,1315.00,39437
1787123820000000000,1315.30,1315.30,1315.00,1315.30,5432
1787123880000000000,1315.30,1315.40,1315.00,1315.40,13297
1787123940000000000,1315.40,1315.50,1315.00,1315.40,8371
1787124000000000000,1315.40,1315.50,1315.10,1315.40,7454
1787124060000000000,1315.40,1315.50,1315.10,1315.10,5484
1787124120000000000,1315.30,1315.30,1315.10,1315.30,4744
1787124180000000000,1315.30,1315.30,1315.10,1315.20,3364
1787124240000000000,1315.20,1315.30,1315.00,1315.20,7722
1787124300000000000,1315.30,1315.30,1315.00,1315.00,9113
1787124360000000000,1315.10,1315.40,1313.90,1315.40,46836
1787124420000000000,1315.40,1315.90,1315.20,1315.70,16256
1787124480000000000,1315.80,1315.90,1315.60,1315.90,8583
1787124540000000000,1315.90,1316.00,1315.60,1315.90,12470
1787124600000000000,1316.00,1316.00,1315.70,1315.80,6941
1787124660000000000,1315.90,1315.90,1315.50,1315.90,15027
1787124720000000000,1315.90,1316.00,1315.60,1316.00,10817
1787124780000000000,1316.00,1316.50,1315.00,1316.40,33009
1787124840000000000,1316.50,1316.80,1316.10,1316.50,38611
1787124900000000000,1316.40,1316.50,1316.00,1316.20,7290
1787124960000000000,1316.20,1316.20,1315.50,1315.60,6684
1787125020000000000,1315.70,1316.00,1314.60,1315.70,27561
1787125080000000000,1315.90,1316.50,1315.60,1316.20,22318
1787125140000000000,1316.20,1316.30,1315.90,1316.20,21352
1787125200000000000,1316.20,1316.20,1315.30,1315.70,37779
1787125260000000000,1315.70,1315.70,1315.20,1315.40,14349
1787125320000000000,1315.50,1315.60,1315.20,1315.30,6961
1787125380000000000,1315.30,1315.40,1315.00,1315.10,7727
1787125440000000000,1315.20,1315.20,1314.30,1315.10,37962
1787125500000000000,1315.10,1315.20,1314.60,1314.70,43145
1787125560000000000,1314.90,1315.00,1314.00,1314.40,11723
1787125620000000000,1314.20,1314.40,1313.30,1314.10,22074
1787125680000000000,1314.00,1314.50,1313.80,1314.30,19633
1787125740000000000,1314.30,1314.40,1313.50,1313.50,9617
1787125800000000000,1313.50,1314.10,1313.10,1314.10,21342
1787125860000000000,1314.10,1315.10,1313.70,1313.90,110786
1787125920000000000,1313.90,1314.10,1313.40,1313.60,32952
1787125980000000000,1313.60,1313.60,1313.10,1313.50,9459
1787126040000000000,1313.60,1313.70,1313.30,1313.60,7811
1787126100000000000,1313.60,1314.20,1313.50,1313.90,13772
1787126160000000000,1314.00,1314.10,1313.40,1313.40,6369
1787126220000000000,1313.60,1313.90,1313.30,1313.90,4112
1787126280000000000,1313.90,1314.00,1313.50,1313.90,4719
1787126340000000000,1313.90,1313.90,1313.50,1313.60,4074
1787126400000000000,1313.90,1314.20,1313.50,1314.10,24901
1787126460000000000,1314.10,1314.20,1314.00,1314.10,2230
1787126520000000000,1314.10,1314.40,1314.00,1314.40,1874
1787126580000000000,1314.40,1314.40,1313.80,1314.00,3220
1787126640000000000,1314.00,1314.30,1313.80,1314.10,2777
1787126700000000000,1314.20,1314.30,1314.00,1314.20,2710
1787126760000000000,1314.20,1314.30,1313.90,1314.30,3620
1787126820000000000,1314.30,1314.40,1313.30,1313.50,23329
1787126880000000000,1313.70,1314.40,1313.60,1313.80,14284
1787126940000000000,1314.00,1314.40,1313.80,1314.40,4053
1787127000000000000,1314.30,1315.30,1312.80,1313.10,153454
1787127060000000000,1313.30,1313.40,1313.00,1313.00,12863
1787127120000000000,1313.30,1313.80,1313.00,1313.30,28481
1787127180000000000,1313.20,1313.20,1312.40,1312.90,16684
1787127240000000000,1313.00,1313.30,1312.40,1312.70,10689
1787127300000000000,1312.90,1313.60,1312.60,1313.20,26308
1787127360000000000,1313.20,1313.20,1312.50,1313.20,11621
1787127420000000000,1313.20,1313.20,1312.40,1312.50,2290
1787127480000000000,1312.60,1313.40,1312.40,1313.40,22971
1787127540000000000,1313.30,1313.60,1312.90,1313.00,3558
1787127600000000000,1313.10,1313.10,1312.50,1312.60,3585
1787127660000000000,1312.80,1313.00,1312.00,1312.40,9519
1787127720000000000,1312.70,1313.20,1312.20,1313.00,25450
1787127780000000000,1313.00,1313.10,1312.30,1312.60,6921
1787127840000000000,1312.70,1312.90,1312.50,1312.80,2827
1787127900000000000,1312.80,1313.50,1312.60,1313.20,4488
1787127960000000000,1313.10,1313.90,1312.90,1313.60,5144
1787128020000000000,1313.80,1313.80,1313.40,1313.70,1952
1787128080000000000,1313.80,1314.20,1313.50,1314.00,14473
1787128140000000000,1314.20,1314.20,1313.50,1314.10,51329
1787128200000000000,1314.10,1314.10,1312.70,1313.30,29666
1787128260000000000,1313.60,1313.60,1313.00,1313.40,2107
1787128320000000000,1313.40,1313.70,1313.00,1313.60,8977
1787128380000000000,1313.60,1313.80,1312.90,1313.10,14152
1787128440000000000,1313.60,1313.80,1313.20,1313.20,9218
1787128500000000000,1313.60,1313.90,1313.20,1313.20,3887
1787128560000000000,1313.50,1313.60,1313.00,1313.60,4227
1787128620000000000,1313.60,1313.60,1313.00,1313.40,3158
1787128680000000000,1313.50,1313.70,1313.00,1313.00,3533
1787128740000000000,1313.10,1313.40,1313.00,1313.40,2733
1787128800000000000,1313.40,1313.40,1313.00,1313.40,3646
1787128860000000000,1313.40,1313.50,1312.90,1312.90,4231
1787128920000000000,1313.20,1313.40,1312.60,1312.80,3643
1787128980000000000,1312.80,1312.80,1311.50,1311.60,21956
1787129040000000000,1311.60,1311.90,1310.50,1311.20,41912
1787129100000000000,1311.20,1311.40,1310.30,1310.80,38533
1787129160000000000,1310.90,1311.30,1310.30,1310.60,11467
1787129220000000000,1311.10,1311.50,1309.20,1309.90,99368
1787129280000000000,1309.90,1310.20,1309.40,1309.90,21118
1787129340000000000,1309.70,1309.90,1308.40,1308.80,51570
1787129400000000000,1308.80,1309.30,1308.50,1309.30,9259
1787129460000000000,1309.30,1309.40,1308.10,1308.20,21484
1787129520000000000,1308.50,1308.60,1307.70,1308.60,34853
1787129580000000000,1308.40,1308.70,1308.00,1308.20,13331
1787129640000000000,1308.20,1308.30,1307.70,1308.10,7059
1787129700000000000,1308.10,1308.90,1307.80,1308.50,6703
1787129760000000000,1308.60,1308.80,1307.50,1308.00,7382
1787129820000000000,1308.10,1308.80,1307.80,1308.20,12483
1787129880000000000,1308.70,1308.70,1307.50,1308.00,8359
1787129940000000000,1308.00,1309.00,1307.50,1308.20,20442
1787130000000000000,1308.60,1309.00,1308.20,1308.80,17915
1787130060000000000,1308.80,1309.00,1308.50,1309.00,11538
1787130120000000000,1309.00,1309.10,1308.50,1308.60,26887
1787130180000000000,1308.60,1309.00,1308.40,1308.70,5952
1787130240000000000,1308.70,1309.30,1308.60,1308.90,6326
1787130300000000000,1309.00,1311.40,1308.50,1310.20,26967
1787130360000000000,1310.70,1310.80,1309.50,1309.60,14247
1787130420000000000,1309.90,1310.40,1309.00,1309.10,7430
1787130480000000000,1309.10,1309.40,1308.50,1308.90,7844
1787130540000000000,1308.90,1309.30,1308.50,1308.70,6189
1787130600000000000,1308.80,1309.00,1308.70,1309.00,4577
1787130660000000000,1309.00,1309.30,1308.50,1308.50,9023
1787130720000000000,1308.80,1309.30,1308.50,1308.70,9188
1787130780000000000,1309.00,1310.00,1309.00,1309.30,32270
1787130840000000000,1309.60,1309.60,1309.00,1309.00,6293
1787130900000000000,1309.10,1309.10,1308.50,1308.50,10240
1787130960000000000,1308.70,1308.70,1308.20,1308.30,9384
1787131020000000000,1308.30,1308.30,1307.80,1308.00,15268
1787131080000000000,1308.00,1308.30,1307.70,1308.00,11431
1787131140000000000,1308.00,1308.90,1307.60,1308.30,10597
1787131200000000000,1308.30,1309.20,1308.10,1308.30,22349
1787131260000000000,1308.60,1309.30,1308.10,1309.00,25207
1787131320000000000,1309.00,1309.20,1308.50,1309.20,17826
1787131380000000000,1309.10,1309.20,1308.30,1309.10,49389
1787131440000000000,1309.10,1310.70,1308.60,1309.50,80613
1787131500000000000,1309.50,1309.80,1308.60,1309.40,41108
1787131560000000000,1309.40,1309.50,1308.20,1309.00,34625
1787131620000000000,1308.50,1309.30,1308.20,1308.50,28429
1787131680000000000,1308.70,1308.90,1307.80,1308.50,22996
1787131740000000000,1308.50,1308.70,1307.50,1308.00,26804
1787131800000000000,1308.00,1308.40,1307.30,1307.90,38445
1787131860000000000,1307.90,1309.20,1307.60,1309.00,40660
1787131920000000000,1308.60,1309.00,1308.10,1308.80,28678
1787131980000000000,1308.60,1308.90,1307.70,1308.00,25049
1787132040000000000,1307.90,1308.90,1307.50,1308.40,38712
1787132100000000000,1307.80,1308.90,1307.00,1307.70,64995
1787132160000000000,1307.50,1307.80,1306.10,1306.70,49886
1787132220000000000,1306.70,1306.80,1305.30,1305.60,36731
1787132280000000000,1305.40,1305.80,1305.00,1305.60,43538
1787132340000000000,1305.60,1305.90,1304.60,1305.00,46293
1787132400000000000,1304.80,1305.70,1303.80,1304.80,65441
1787132460000000000,1304.50,1306.00,1303.50,1305.40,61064
1787132520000000000,1305.30,1308.00,1304.10,1307.90,99154
1787132580000000000,1307.50,1308.00,1307.10,1307.30,44650
1787132640000000000,1307.20,1308.00,1306.40,1306.60,26220
1787132700000000000,1306.60,1306.60,1306.60,1306.60,0
1787132760000000000,1306.60,1306.60,1306.60,1306.60,0
1787132820000000000,1306.60,1306.60,1306.60,1306.60,0
1787132880000000000,1306.60,1306.60,1306.60,1306.60,0
1787132940000000000,1306.60,1306.60,1306.60,1306.60,0
1787133000000000000,1306.60,1306.60,1306.60,1306.60,0
1787133060000000000,1306.60,1306.60,1306.60,1306.60,0
1787133120000000000,1306.60,1306.60,1306.60,1306.60,0
1787133180000000000,1306.60,1306.60,1306.60,1306.60,0
1787133240000000000,1306.60,1306.60,1306.60,1306.60,0
1787133300000000000,1306.60,1306.60,1306.60,1306.60,0
1787133360000000000,1306.60,1306.60,1306.60,1306.60,0
1787133420000000000,1306.60,1306.60,1306.60,1306.60,0
1787133480000000000,1306.60,1306.60,1306.60,1306.60,0
1787133540000000000,1311.00,1311.00,1311.00,1311.00,339866
1787197500000000000,1315.50,1315.70,1310.50,1310.90,270519
1787197560000000000,1310.80,1312.00,1309.30,1309.90,108630
1787197620000000000,1310.20,1310.59,1308.59,1309.20,36167
1787197680000000000,1309.00,1310.59,1308.50,1309.80,22521
1787197740000000000,1309.80,1310.20,1308.70,1309.30,42804
1787197800000000000,1309.20,1310.70,1308.50,1310.59,41499
1787197860000000000,1310.40,1310.80,1309.00,1309.70,39296
1787197920000000000,1309.50,1309.90,1309.09,1309.59,15136
1787197980000000000,1309.30,1309.70,1308.80,1309.20,28331
1787198040000000000,1309.20,1309.50,1308.09,1308.59,20916
1787198100000000000,1308.50,1309.30,1308.09,1309.00,10996
1787198160000000000,1309.00,1309.50,1308.40,1308.40,11031
1787198220000000000,1309.00,1309.20,1307.00,1307.90,33815
1787198280000000000,1308.00,1308.50,1307.50,1308.50,12610
1787198340000000000,1308.40,1308.59,1307.50,1307.50,14340
1787198400000000000,1307.70,1308.30,1307.50,1308.00,11482
1787198460000000000,1308.09,1308.40,1307.00,1307.00,17527
1787198520000000000,1307.09,1307.80,1307.00,1307.09,16331
1787198580000000000,1307.30,1308.20,1307.00,1307.50,9823
1787198640000000000,1307.80,1309.20,1307.80,1308.00,99138
1787198700000000000,1308.00,1309.30,1307.70,1309.09,14691
1787198760000000000,1309.09,1309.90,1308.50,1309.20,143809
1787198820000000000,1309.30,1309.30,1308.20,1308.40,11913
1787198880000000000,1308.50,1308.59,1308.30,1308.40,6645
1787198940000000000,1308.50,1309.00,1308.40,1308.90,6277
1787199000000000000,1308.90,1309.50,1308.80,1309.30,8029
1787199060000000000,1309.40,1309.50,1308.70,1309.09,16735
1787199120000000000,1309.00,1309.20,1308.59,1308.59,8228
1787199180000000000,1308.70,1309.20,1308.50,1309.00,12209
1787199240000000000,1309.00,1309.20,1308.59,1308.80,4841
1787199300000000000,1309.00,1309.30,1308.70,1309.00,7199
1787199360000000000,1309.20,1309.80,1308.90,1309.20,10717
1787199420000000000,1309.20,1309.59,1308.70,1308.70,14265
1787199480000000000,1308.80,1308.90,1308.09,1308.40,10614
1787199540000000000,1308.50,1309.00,1308.30,1308.59,12464
1787199600000000000,1308.80,1309.80,1308.80,1309.00,21750
1787199660000000000,1309.20,1309.50,1309.00,1309.00,3346
1787199720000000000,1309.09,1309.30,1308.59,1309.00,36367
1787199780000000000,1309.00,1309.20,1308.50,1308.90,4992
1787199840000000000,1309.00,1309.20,1308.50,1309.00,6331
1787199900000000000,1309.09,1309.59,1308.90,1309.09,7135
1787199960000000000,1309.20,1309.70,1309.00,1309.20,13502
1787200020000000000,1309.30,1309.80,1309.00,1309.70,15178
1787200080000000000,1309.70,1309.80,1309.30,1309.70,4675
1787200140000000000,1309.40,1309.80,1309.00,1309.00,11361
1787200200000000000,1309.09,1309.70,1309.00,1309.50,1991
1787200260000000000,1309.59,1309.70,1309.00,1309.09,3758
1787200320000000000,1309.30,1309.70,1309.09,1309.20,2598
1787200380000000000,1309.20,1309.80,1309.00,1309.30,4701
1787200440000000000,1309.50,1310.20,1309.30,1309.70,10488
1787200500000000000,1309.70,1309.90,1309.50,1309.59,4767
1787200560000000000,1309.59,1309.90,1309.50,1309.90,6122
1787200620000000000,1309.70,1310.00,1309.30,1309.50,4108
1787200680000000000,1309.40,1309.50,1309.00,1309.00,5568
1787200740000000000,1309.30,1309.50,1309.00,1309.30,4911
1787200800000000000,1309.30,1309.50,1309.00,1309.00,5026
1787200860000000000,1309.00,1309.80,1309.00,1309.59,3743
1787200920000000000,1309.59,1309.80,1309.20,1309.50,5565
1787200980000000000,1309.40,1309.80,1309.09,1309.80,3500
1787201040000000000,1309.70,1310.00,1309.59,1310.00,5074
1787201100000000000,1309.90,1310.70,1309.50,1309.59,21356
1787201160000000000,1309.59,1310.30,1309.50,1310.09,2597
1787201220000000000,1310.09,1310.30,1309.59,1310.20,10679
1787201280000000000,1310.20,1311.60,1309.80,1311.50,27258
1787201340000000000,1311.50,1311.70,1311.00,1311.60,11834
1787201400000000000,1311.70,1311.70,1310.40,1310.80,10118
1787201460000000000,1310.80,1311.00,1310.30,1310.40,7283
1787201520000000000,1310.70,1311.90,1310.30,1310.70,13600
1787201580000000000,1310.90,1311.30,1310.50,1310.50,4360
1787201640000000000,1311.00,1311.10,1310.40,1310.50,4534
1787201700000000000,1310.59,1310.90,1310.40,1310.50,2284
1787201760000000000,1310.59,1310.80,1310.30,1310.50,4245
1787201820000000000,1310.59,1310.70,1310.00,1310.00,7545
1787201880000000000,1310.00,1310.09,1309.09,1309.40,10523
1787201940000000000,1309.09,1309.50,1309.00,1309.00,7084
1787202000000000000,1309.00,1309.30,1309.00,1309.20,4181
1787202060000000000,1309.30,1309.70,1309.00,1309.20,5499
1787202120000000000,1309.40,1309.90,1309.20,1309.50,2731
1787202180000000000,1309.59,1309.90,1309.20,1309.59,3443
1787202240000000000,1309.70,1309.80,1309.09,1309.09,1878
1787202300000000000,1309.30,1309.50,1309.00,1309.09,10961
1787202360000000000,1309.09,1309.30,1309.00,1309.00,5105
1787202420000000000,1309.09,1309.40,1309.00,1309.09,2638
1787202480000000000,1309.20,1309.30,1309.00,1309.20,2465
1787202540000000000,1309.30,1309.50,1309.00,1309.00,4350
1787202600000000000,1309.09,1309.59,1309.00,1309.20,4855
1787202660000000000,1309.50,1309.80,1309.30,1309.59,2405
1787202720000000000,1309.59,1309.70,1309.09,1309.09,1931
1787202780000000000,1309.30,1309.40,1309.00,1309.00,4626
1787202840000000000,1309.20,1309.40,1309.00,1309.30,7370
1787202900000000000,1309.30,1309.40,1309.00,1309.30,5259
1787202960000000000,1309.30,1309.30,1308.09,1308.50,10979
1787203020000000000,1308.50,1308.70,1308.09,1308.09,5344
1787203080000000000,1308.40,1308.59,1308.09,1308.09,3876
1787203140000000000,1308.30,1309.30,1308.00,1308.90,14748
1787203200000000000,1308.90,1309.40,1308.30,1308.70,6640
1787203260000000000,1308.70,1308.90,1308.09,1308.59,4292
1787203320000000000,1308.40,1308.59,1307.50,1307.70,22940
1787203380000000000,1307.80,1308.00,1307.30,1307.80,12095
1787203440000000000,1307.80,1307.90,1307.30,1307.40,11020
1787203500000000000,1307.50,1308.00,1307.20,1307.59,9761
1787203560000000000,1307.70,1308.90,1307.40,1308.70,10356
1787203620000000000,1308.70,1309.80,1308.59,1309.50,16477
1787203680000000000,1309.50,1309.90,1309.30,1309.40,5507
1787203740000000000,1309.50,1309.80,1309.20,1309.30,3687
1787203800000000000,1309.70,1310.30,1309.50,1310.20,18551
1787203860000000000,1310.30,1310.80,1310.09,1310.30,11857
1787203920000000000,1310.70,1310.70,1310.00,1310.09,2871
1787203980000000000,1310.20,1310.59,1310.00,1310.09,5080
1787204040000000000,1310.50,1310.70,1310.09,1310.50,4189
1787204100000000000,1310.50,1310.50,1310.20,1310.30,1974
1787204160000000000,1310.50,1310.80,1310.20,1310.70,4432
1787204220000000000,1310.80,1310.80,1310.20,1310.20,3550
1787204280000000000,1310.30,1310.59,1310.09,1310.40,4896
1787204340000000000,1310.59,1310.90,1310.30,1310.70,4595
1787204400000000000,1310.80,1310.90,1310.59,1310.80,5093
1787204460000000000,1310.90,1311.00,1310.59,1310.80,5780
1787204520000000000,1310.80,1310.80,1310.20,1310.40,2761
1787204580000000000,1310.59,1310.80,1310.00,1310.30,3245
1787204640000000000,1310.50,1310.50,1309.80,1310.00,6321
1787204700000000000,1310.20,1310.30,1309.09,1309.70,6020
1787204760000000000,1309.80,1309.80,1309.59,1309.59,3085
1787204820000000000,1309.70,1309.90,1309.40,1309.59,4362
1787204880000000000,1309.70,1309.70,1308.80,1309.50,7764
1787204940000000000,1309.59,1309.70,1309.00,1309.40,7616
1787205000000000000,1309.59,1309.70,1309.00,1309.30,5396
1787205060000000000,1309.30,1309.40,1308.70,1309.20,4684
1787205120000000000,1309.30,1309.40,1308.70,1308.80,7165
1787205180000000000,1308.90,1309.40,1308.70,1309.40,10723
1787205240000000000,1309.40,1310.09,1309.20,1310.00,20181
1787205300000000000,1310.09,1310.40,1310.00,1310.20,17722
1787205360000000000,1310.20,1310.20,1309.40,1309.70,11556
1787205420000000000,1309.80,1309.90,1309.59,1309.70,2429
1787205480000000000,1309.80,1310.00,1309.30,1309.80,3265
1787205540000000000,1309.80,1309.90,1309.20,1309.30,4249
1787205600000000000,1309.30,1310.30,1309.09,1310.20,4062
1787205660000000000,1310.30,1311.00,1309.70,1311.00,16954
1787205720000000000,1311.00,1311.50,1310.90,1311.20,18248
1787205780000000000,1311.20,1311.30,1310.70,1311.20,7309
1787205840000000000,1311.20,1311.20,1310.50,1311.00,8369
1787205900000000000,1311.00,1311.10,1310.70,1311.10,5471
1787205960000000000,1311.10,1311.20,1310.80,1310.80,5717
1787206020000000000,1311.00,1311.00,1310.80,1311.00,5105
1787206080000000000,1311.00,1311.00,1310.80,1310.90,4079
1787206140000000000,1310.90,1311.20,1310.59,1310.90,11048
1787206200000000000,1311.00,1311.00,1310.50,1310.70,6687
1787206260000000000,1310.80,1311.00,1310.50,1310.80,4684
1787206320000000000,1310.80,1311.00,1310.50,1310.90,3523
1787206380000000000,1310.80,1310.90,1310.50,1310.50,11533
1787206440000000000,1310.59,1310.80,1310.50,1310.80,5920
1787206500000000000,1310.80,1310.90,1310.70,1310.90,6635
1787206560000000000,1310.90,1310.90,1310.80,1310.90,4404
1787206620000000000,1310.90,1310.90,1310.59,1310.90,4028
1787206680000000000,1310.90,1310.90,1310.50,1310.80,3996
1787206740000000000,1310.80,1310.80,1310.20,1310.59,3354
1787206800000000000,1310.59,1310.80,1310.20,1310.30,3541
1787206860000000000,1310.80,1310.80,1310.40,1310.70,1625
1787206920000000000,1310.80,1311.30,1310.70,1311.20,5922
1787206980000000000,1311.30,1311.50,1311.10,1311.20,9785
1787207040000000000,1311.30,1311.60,1311.00,1311.50,3900
1787207100000000000,1311.50,1311.50,1311.30,1311.40,3122
1787207160000000000,1311.50,1311.50,1311.10,1311.50,19408
1787207220000000000,1311.60,1311.60,1311.00,1311.40,5969
1787207280000000000,1311.40,1311.60,1311.10,1311.50,9057
1787207340000000000,1311.60,1311.90,1311.10,1311.80,8656
1787207400000000000,1311.80,1311.80,1311.00,1311.60,10763
1787207460000000000,1311.70,1311.70,1310.80,1310.90,21717
1787207520000000000,1311.00,1311.00,1310.80,1311.00,4744
1787207580000000000,1311.00,1311.00,1309.80,1310.80,28690
1787207640000000000,1310.90,1311.20,1310.50,1311.10,5062
1787207700000000000,1311.20,1311.20,1310.90,1311.00,3320
1787207760000000000,1311.00,1311.00,1310.40,1310.90,4657
1787207820000000000,1310.90,1310.90,1310.30,1310.80,5621
1787207880000000000,1310.90,1311.10,1310.40,1311.10,8568
1787207940000000000,1311.10,1311.20,1310.20,1311.10,7371
1787208000000000000,1311.10,1311.20,1310.59,1311.10,9622
1787208060000000000,1311.10,1311.20,1310.50,1311.20,10324
1787208120000000000,1311.20,1311.20,1311.00,1311.10,23616
1787208180000000000,1311.20,1311.50,1311.00,1311.10,9190
1787208240000000000,1311.20,1311.40,1311.00,1311.20,5899
1787208300000000000,1311.20,1311.30,1311.00,1311.10,4727
1787208360000000000,1311.20,1311.20,1311.00,1311.20,4047
1787208420000000000,1311.20,1311.50,1310.70,1310.90,8315
1787208480000000000,1311.00,1311.40,1310.59,1311.30,4553
1787208540000000000,1311.30,1311.40,1310.70,1311.30,5185
1787208600000000000,1311.30,1311.40,1310.70,1311.10,3706
1787208660000000000,1311.10,1311.50,1310.59,1311.30,30333
1787208720000000000,1311.50,1311.50,1311.20,1311.30,11099
1787208780000000000,1311.40,1311.50,1310.80,1311.10,6287
1787208840000000000,1311.10,1311.30,1310.80,1310.80,7466
1787208900000000000,1311.00,1311.10,1310.09,1310.50,14783
1787208960000000000,1311.00,1311.00,1310.20,1310.50,3604
1787209020000000000,1310.90,1311.40,1310.50,1311.30,5802
1787209080000000000,1311.40,1311.40,1310.50,1310.80,2490
1787209140000000000,1310.90,1311.20,1310.59,1311.10,2270
1787209200000000000,1311.20,1311.30,1310.59,1310.90,4682
1787209260000000000,1310.90,1311.00,1310.59,1310.90,2879
1787209320000000000,1311.00,1311.10,1310.40,1310.50,5037
1787209380000000000,1310.80,1311.10,1310.30,1311.00,4620
1787209440000000000,1310.90,1311.00,1310.20,1310.80,4372
1787209500000000000,1310.80,1311.00,1310.20,1310.50,5168
1787209560000000000,1310.70,1311.00,1310.20,1310.90,3882
1787209620000000000,1310.90,1311.00,1310.40,1310.59,3062
1787209680000000000,1311.00,1311.10,1310.59,1310.59,5021
1787209740000000000,1311.00,1311.20,1310.59,1311.00,11365
1787209800000000000,1311.20,1311.50,1311.10,1311.50,7003
1787209860000000000,1311.50,1312.10,1311.10,1312.10,75947
1787209920000000000,1312.00,1313.40,1311.80,1313.40,35604
1787209980000000000,1313.40,1313.50,1312.80,1313.30,20812
1787210040000000000,1313.40,1313.50,1313.00,1313.40,11885
1787210100000000000,1313.30,1313.50,1313.00,1313.10,16676
1787210160000000000,1313.10,1313.60,1313.00,1313.40,19241
1787210220000000000,1313.60,1314.10,1313.50,1314.10,22569
1787210280000000000,1314.10,1314.80,1313.70,1314.80,21105
1787210340000000000,1314.80,1315.00,1313.50,1314.00,52752
1787210400000000000,1314.20,1314.90,1313.80,1314.70,45032
1787210460000000000,1314.90,1315.00,1314.30,1315.00,13995
1787210520000000000,1315.00,1316.20,1314.70,1315.90,90863
1787210580000000000,1315.80,1316.10,1315.00,1315.20,27892
1787210640000000000,1315.00,1315.30,1314.50,1315.00,8700
1787210700000000000,1315.10,1315.20,1313.70,1314.80,72558
1787210760000000000,1314.90,1315.80,1314.10,1315.70,27474
1787210820000000000,1315.60,1316.10,1315.00,1315.30,105449
1787210880000000000,1315.00,1316.00,1315.00,1315.30,86461
1787210940000000000,1315.40,1316.10,1315.00,1315.00,68590
1787211000000000000,1315.20,1315.20,1314.10,1314.20,11477
1787211060000000000,1314.30,1315.30,1313.90,1315.00,23502
1787211120000000000,1315.10,1315.20,1314.60,1315.00,19702
1787211180000000000,1315.10,1315.20,1314.70,1314.80,39701
1787211240000000000,1314.90,1315.20,1314.70,1314.70,12612
1787211300000000000,1315.00,1315.00,1314.10,1314.50,8819
1787211360000000000,1314.70,1315.00,1314.30,1314.40,4723
1787211420000000000,1314.50,1314.50,1314.00,1314.10,6370
1787211480000000000,1314.30,1314.60,1314.00,1314.20,11733
1787211540000000000,1314.40,1314.50,1313.90,1314.40,7367
1787211600000000000,1314.50,1315.00,1314.00,1314.50,21277
1787211660000000000,1314.70,1314.70,1313.70,1314.00,16913
1787211720000000000,1314.00,1314.60,1312.90,1314.30,25754
1787211780000000000,1314.40,1314.50,1313.80,1314.00,3789
1787211840000000000,1314.30,1314.30,1313.50,1313.90,4780
1787211900000000000,1313.90,1314.50,1313.50,1313.70,10726
1787211960000000000,1313.90,1314.10,1313.30,1313.70,10316
1787212020000000000,1313.80,1313.80,1313.10,1313.30,3598
1787212080000000000,1313.30,1313.40,1313.00,1313.40,5844
1787212140000000000,1313.40,1313.50,1313.00,1313.00,5822
1787212200000000000,1313.10,1313.30,1312.80,1313.20,29448
1787212260000000000,1313.30,1313.70,1313.10,1313.50,7707
1787212320000000000,1313.50,1314.70,1313.40,1314.30,4194
1787212380000000000,1314.70,1315.90,1314.30,1315.00,41743
1787212440000000000,1314.90,1315.20,1314.60,1314.90,5936
1787212500000000000,1314.90,1315.20,1314.60,1315.10,6512
1787212560000000000,1315.10,1315.20,1314.80,1314.80,3424
1787212620000000000,1314.90,1315.10,1314.60,1314.70,2997
1787212680000000000,1314.70,1314.70,1314.20,1314.50,7977
1787212740000000000,1314.50,1315.60,1314.50,1315.50,12468
1787212800000000000,1315.60,1316.50,1315.50,1316.00,29917
1787212860000000000,1316.10,1316.50,1316.00,1316.30,9585
1787212920000000000,1316.40,1316.50,1316.20,1316.30,7969
1787212980000000000,1316.30,1316.30,1316.00,1316.00,8059
1787213040000000000,1316.20,1316.20,1316.00,1316.10,17716
1787213100000000000,1316.10,1316.30,1316.00,1316.30,6677
1787213160000000000,1316.30,1316.30,1315.90,1316.00,15537
1787213220000000000,1316.20,1316.40,1315.50,1315.50,10548
1787213280000000000,1315.90,1316.00,1315.20,1315.30,6287
1787213340000000000,1315.30,1315.50,1314.70,1314.90,6421
1787213400000000000,1315.10,1315.20,1314.50,1314.60,6938
1787213460000000000,1314.60,1315.00,1314.40,1314.90,6998
1787213520000000000,1315.00,1315.20,1314.60,1315.00,3306
1787213580000000000,1315.00,1315.70,1314.80,1315.20,7099
1787213640000000000,1314.90,1315.60,1314.90,1315.30,3289
1787213700000000000,1315.40,1315.40,1314.90,1315.20,3492
1787213760000000000,1315.30,1315.40,1314.90,1315.40,2377
1787213820000000000,1315.40,1315.40,1314.60,1314.80,4019
1787213880000000000,1314.90,1315.00,1314.60,1314.60,2612
1787213940000000000,1314.90,1315.50,1314.60,1315.00,7013
1787214000000000000,1315.10,1315.10,1314.40,1314.80,4866
1787214060000000000,1314.80,1314.80,1314.10,1314.10,4530
1787214120000000000,1314.20,1314.60,1314.10,1314.50,5299
1787214180000000000,1314.50,1314.70,1314.00,1314.10,5639
1787214240000000000,1314.20,1314.40,1313.50,1313.90,8401
1787214300000000000,1313.70,1313.70,1313.20,1313.50,6756
1787214360000000000,1313.50,1314.20,1313.40,1314.00,8559
1787214420000000000,1314.00,1314.20,1313.60,1314.10,2944
1787214480000000000,1314.20,1314.30,1313.50,1314.00,5879
1787214540000000000,1313.80,1314.00,1312.20,1312.30,13146
1787214600000000000,1312.80,1313.00,1311.70,1312.20,60776
1787214660000000000,1312.30,1312.90,1311.90,1312.90,10791
1787214720000000000,1312.40,1312.90,1312.00,1312.50,8932
1787214780000000000,1312.50,1312.80,1312.00,1312.60,10728
1787214840000000000,1312.80,1312.90,1312.50,1312.80,2776
1787214900000000000,1312.90,1313.50,1312.60,1312.60,19959
1787214960000000000,1312.70,1313.40,1312.40,1313.40,7369
1787215020000000000,1313.40,1314.00,1313.00,1313.50,5609
1787215080000000000,1313.70,1313.90,1313.30,1313.50,7129
1787215140000000000,1313.70,1314.00,1313.30,1313.40,3768
1787215200000000000,1313.50,1314.00,1313.40,1313.90,4403
1787215260000000000,1314.00,1314.40,1314.00,1314.30,4010
1787215320000000000,1314.40,1314.40,1313.60,1314.00,5280
1787215380000000000,1314.00,1314.00,1313.50,1313.70,3555
1787215440000000000,1313.90,1314.00,1313.70,1313.80,4291
1787215500000000000,1314.00,1314.00,1313.70,1313.70,2572
1787215560000000000,1313.90,1313.90,1312.90,1313.10,4983
1787215620000000000,1313.10,1313.90,1313.00,1313.90,3971
1787215680000000000,1313.90,1313.90,1313.20,1313.90,4859
1787215740000000000,1313.90,1313.90,1313.80,1313.90,2762
1787215800000000000,1313.90,1313.90,1313.70,1313.80,3697
1787215860000000000,1313.90,1313.90,1312.90,1313.50,33537
1787215920000000000,1313.70,1313.70,1312.80,1313.20,7119
1787215980000000000,1313.50,1313.60,1312.80,1313.40,4936
1787216040000000000,1313.40,1314.40,1313.00,1314.30,29029
1787216100000000000,1313.70,1314.70,1313.70,1313.80,18959
1787216160000000000,1314.00,1314.20,1313.10,1314.10,4623
1787216220000000000,1314.20,1314.90,1313.90,1314.90,17730
1787216280000000000,1314.90,1314.90,1314.00,1314.30,4154
1787216340000000000,1314.50,1314.50,1313.40,1314.40,11766
1787216400000000000,1314.50,1314.80,1314.40,1314.70,7966
1787216460000000000,1314.70,1314.70,1314.00,1314.40,6877
1787216520000000000,1314.60,1314.90,1314.50,1314.90,2917
1787216580000000000,1314.90,1315.00,1314.30,1314.80,5778
1787216640000000000,1314.60,1314.80,1313.40,1313.90,8524
1787216700000000000,1314.20,1314.60,1314.00,1314.00,6775
1787216760000000000,1314.10,1314.50,1313.60,1314.30,8761
1787216820000000000,1314.30,1314.50,1314.00,1314.10,10032
1787216880000000000,1314.10,1314.30,1314.00,1314.00,8618
1787216940000000000,1314.30,1314.80,1314.10,1314.50,15055
1787217000000000000,1314.50,1314.50,1314.00,1314.40,6628
1787217060000000000,1314.40,1314.80,1314.00,1314.00,26231
1787217120000000000,1314.10,1314.50,1314.00,1314.00,8044
1787217180000000000,1314.30,1314.50,1313.90,1314.10,15111
1787217240000000000,1314.30,1314.70,1313.90,1314.50,8852
1787217300000000000,1314.50,1314.60,1314.00,1314.30,6687
1787217360000000000,1314.40,1314.40,1313.70,1314.00,5966
1787217420000000000,1314.30,1314.30,1313.80,1313.80,9005
1787217480000000000,1313.80,1314.30,1313.80,1314.00,81430
1787217540000000000,1314.10,1314.40,1313.60,1314.40,40453
1787217600000000000,1314.40,1315.80,1313.80,1313.80,138539
1787217660000000000,1313.80,1314.30,1313.70,1314.20,6249
1787217720000000000,1313.80,1314.30,1313.80,1314.20,6157
1787217780000000000,1314.20,1314.30,1313.90,1314.10,6563
1787217840000000000,1314.20,1315.50,1313.80,1314.20,66984
1787217900000000000,1313.80,1314.30,1313.40,1313.70,12594
1787217960000000000,1313.80,1314.50,1313.70,1314.20,14304
1787218020000000000,1313.90,1314.30,1313.50,1313.60,15981
1787218080000000000,1313.70,1314.00,1313.60,1313.80,8041
1787218140000000000,1313.90,1314.30,1313.70,1313.80,18436
1787218200000000000,1314.00,1314.00,1313.40,1313.50,17347
1787218260000000000,1313.80,1313.90,1313.00,1313.20,22147
1787218320000000000,1313.30,1313.40,1312.90,1313.20,14257
1787218380000000000,1313.20,1313.50,1312.70,1313.20,16482
1787218440000000000,1313.00,1313.60,1312.70,1313.60,25372
1787218500000000000,1313.30,1313.70,1312.90,1313.40,23645
1787218560000000000,1313.30,1313.60,1313.00,1313.60,28547
1787218620000000000,1313.60,1313.70,1312.70,1313.20,18209
1787218680000000000,1313.20,1313.40,1313.00,1313.20,23454
1787218740000000000,1313.10,1313.80,1312.50,1313.10,76686
1787218800000000000,1313.40,1313.40,1312.00,1312.70,34788
1787218860000000000,1312.70,1312.70,1311.30,1312.20,37792
1787218920000000000,1312.20,1312.70,1311.00,1311.80,51666
1787218980000000000,1311.30,1313.00,1311.00,1312.70,24632
1787219040000000000,1312.60,1312.70,1310.00,1311.00,36389
1787219100000000000,1311.00,1311.00,1311.00,1311.00,0
1787219160000000000,1311.00,1311.00,1311.00,1311.00,0
1787219220000000000,1311.00,1311.00,1311.00,1311.00,0
1787219280000000000,1311.00,1311.00,1311.00,1311.00,0
1787219340000000000,1311.00,1311.00,1311.00,1311.00,0
1787219400000000000,1311.00,1311.00,1311.00,1311.00,0
1787219460000000000,1311.00,1311.00,1311.00,1311.00,0
1787219520000000000,1311.00,1311.00,1311.00,1311.00,0
1787219580000000000,1311.00,1311.00,1311.00,1311.00,0
1787219640000000000,1311.00,1311.00,1311.00,1311.00,0
1787219700000000000,1311.00,1311.00,1311.00,1311.00,0
1787219760000000000,1311.00,1311.00,1311.00,1311.00,0
1787219820000000000,1311.00,1311.00,1311.00,1311.00,0
1787219880000000000,1311.00,1311.00,1311.00,1311.00,0
1787219940000000000,1313.20,1313.20,1313.20,1313.20,300168
1787283900000000000,1314.00,1314.50,1310.20,1310.60,97335
1787283960000000000,1310.80,1311.30,1308.60,1309.80,58902
1787284020000000000,1309.90,1312.20,1309.80,1312.20,51936
1787284080000000000,1311.80,1312.10,1310.00,1310.00,23107
1787284140000000000,1310.10,1311.10,1310.00,1310.20,15360
1787284200000000000,1310.40,1310.50,1309.60,1309.80,15432
1787284260000000000,1309.80,1311.30,1309.10,1310.50,65326
1787284320000000000,1310.50,1311.60,1310.30,1311.40,17564
1787284380000000000,1311.10,1312.40,1311.00,1311.90,21691
1787284440000000000,1311.70,1312.00,1311.20,1311.70,11666
1787284500000000000,1311.60,1312.00,1311.20,1311.20,9534
1787284560000000000,1311.30,1311.40,1310.80,1310.80,6802
1787284620000000000,1310.90,1311.00,1310.00,1310.10,10858
1787284680000000000,1310.10,1310.20,1309.70,1310.00,9620
1787284740000000000,1310.20,1311.00,1310.00,1310.40,6314
1787284800000000000,1310.70,1310.70,1309.50,1309.90,13479
1787284860000000000,1310.00,1310.30,1309.80,1309.90,7870
1787284920000000000,1309.80,1309.80,1309.50,1309.70,8675
1787284980000000000,1309.50,1309.80,1309.50,1309.70,14675
1787285040000000000,1309.70,1309.80,1309.20,1309.70,8145
1787285100000000000,1309.70,1309.80,1309.20,1309.80,8117
1787285160000000000,1309.80,1309.80,1309.20,1309.50,4570
1787285220000000000,1309.60,1309.60,1309.10,1309.30,6333
1787285280000000000,1309.20,1309.80,1309.20,1309.80,8729
1787285340000000000,1309.90,1310.00,1309.10,1309.60,24710
1787285400000000000,1309.60,1309.80,1309.60,1309.80,2745
1787285460000000000,1309.80,1310.00,1309.70,1310.00,3695
1787285520000000000,1310.00,1310.20,1309.50,1309.50,18025
1787285580000000000,1309.60,1309.90,1309.10,1309.60,7709
1787285640000000000,1309.70,1310.00,1309.30,1309.60,9469
1787285700000000000,1309.70,1309.80,1309.50,1309.70,4676
1787285760000000000,1309.50,1309.90,1309.00,1309.00,11319
1787285820000000000,1309.10,1309.40,1309.00,1309.10,15978
1787285880000000000,1309.20,1309.20,1308.10,1308.20,25301
1787285940000000000,1308.50,1309.30,1308.40,1308.80,7732
1787286000000000000,1309.00,1309.00,1308.60,1308.90,3573
1787286060000000000,1309.00,1309.20,1308.70,1309.00,4705
1787286120000000000,1308.90,1308.90,1308.50,1308.80,5448
1787286180000000000,1308.70,1309.10,1308.60,1308.80,4543
1787286240000000000,1308.80,1309.50,1308.70,1309.40,13012
1787286300000000000,1309.40,1309.60,1308.60,1308.70,31336
1787286360000000000,1308.70,1309.50,1308.40,1309.50,10393
1787286420000000000,1309.50,1309.50,1309.00,1309.30,36634
1787286480000000000,1309.20,1309.60,1309.00,1309.30,6491
1787286540000000000,1309.60,1309.60,1309.10,1309.10,3982
1787286600000000000,1309.30,1309.90,1309.10,1309.50,8818
1787286660000000000,1309.50,1310.10,1309.00,1309.80,16450
1787286720000000000,1309.90,1311.00,1309.80,1310.10,22134
1787286780000000000,1310.50,1310.80,1310.00,1310.30,12498
1787286840000000000,1310.00,1310.00,1309.40,1309.90,5103
1787286900000000000,1309.90,1309.90,1309.30,1309.60,6477
1787286960000000000,1309.60,1309.80,1309.00,1309.10,4739
1787287020000000000,1309.20,1309.60,1309.00,1309.20,5997
1787287080000000000,1309.00,1309.50,1308.70,1309.10,9445
1787287140000000000,1309.10,1309.10,1308.20,1308.30,8850
1787287200000000000,1308.30,1308.50,1308.00,1308.50,14273
1787287260000000000,1308.50,1309.00,1308.20,1308.50,10650
1787287320000000000,1308.40,1310.30,1308.40,1309.60,20077
1787287380000000000,1309.60,1310.00,1309.50,1309.90,14003
1787287440000000000,1309.90,1310.60,1309.90,1310.00,33945
1787287500000000000,1310.10,1310.10,1309.90,1310.00,16285
1787287560000000000,1310.10,1310.20,1310.00,1310.10,7558
1787287620000000000,1310.10,1310.70,1310.00,1310.10,26199
1787287680000000000,1310.10,1310.30,1310.00,1310.00,12398
1787287740000000000,1310.00,1310.20,1310.00,1310.00,21325
1787287800000000000,1310.10,1310.30,1310.00,1310.00,18317
1787287860000000000,1309.90,1310.20,1309.50,1309.50,19154
1787287920000000000,1309.60,1309.80,1309.50,1309.50,3849
1787287980000000000,1309.60,1309.70,1309.50,1309.60,5295
1787288040000000000,1309.50,1309.70,1309.50,1309.60,1821
1787288100000000000,1309.50,1309.90,1309.50,1309.90,3574
1787288160000000000,1309.90,1310.00,1309.50,1309.70,9278
1787288220000000000,1309.70,1309.90,1309.50,1309.70,6238
1787288280000000000,1309.70,1309.90,1309.50,1309.80,7299
1787288340000000000,1309.60,1309.90,1309.50,1309.80,7655
1787288400000000000,1309.90,1310.50,1309.80,1310.30,17833
1787288460000000000,1310.30,1310.70,1310.20,1310.30,5948
1787288520000000000,1310.40,1310.40,1310.00,1310.30,5191
1787288580000000000,1310.10,1310.50,1309.80,1310.10,6202
1787288640000000000,1310.10,1310.30,1310.00,1310.10,5362
1787288700000000000,1310.10,1310.70,1310.00,1310.70,18442
1787288760000000000,1310.70,1310.80,1310.60,1310.60,3334
1787288820000000000,1310.70,1310.80,1310.50,1310.60,9339
1787288880000000000,1310.60,1310.60,1310.50,1310.50,4840
1787288940000000000,1310.60,1310.90,1310.50,1310.50,11695
1787289000000000000,1310.60,1310.70,1310.50,1310.60,5437
1787289060000000000,1310.60,1311.40,1310.50,1311.00,22594
1787289120000000000,1311.20,1312.00,1310.80,1311.50,11290
1787289180000000000,1311.50,1311.90,1311.50,1311.60,6247
1787289240000000000,1311.60,1311.70,1311.50,1311.60,5197
1787289300000000000,1311.60,1311.80,1311.50,1311.70,6257
1787289360000000000,1311.70,1311.80,1311.10,1311.10,9717
1787289420000000000,1311.10,1311.40,1311.10,1311.10,4784
1787289480000000000,1311.10,1311.20,1311.00,1311.00,7475
1787289540000000000,1311.10,1311.10,1311.00,1311.00,3611
1787289600000000000,1311.10,1311.10,1311.00,1311.10,4510
1787289660000000000,1311.10,1311.40,1311.10,1311.10,7333
1787289720000000000,1311.10,1312.00,1311.10,1311.90,16468
1787289780000000000,1312.00,1312.00,1311.50,1311.50,18095
1787289840000000000,1311.50,1311.90,1311.50,1311.60,12213
1787289900000000000,1311.60,1311.90,1311.50,1311.50,8972
1787289960000000000,1311.60,1311.90,1311.50,1311.90,64773
1787290020000000000,1311.90,1312.00,1311.60,1311.70,7842
1787290080000000000,1311.80,1311.80,1311.20,1311.50,16583
1787290140000000000,1311.40,1313.40,1311.30,1313.30,28629
1787290200000000000,1313.40,1313.90,1313.00,1313.80,18145
1787290260000000000,1313.80,1313.90,1313.20,1313.30,8241
1787290320000000000,1313.50,1313.50,1312.80,1313.20,8525
1787290380000000000,1313.20,1313.50,1312.80,1313.10,10309
1787290440000000000,1313.10,1313.50,1312.30,1313.00,10193
1787290500000000000,1313.10,1313.20,1312.50,1312.90,7351
1787290560000000000,1312.90,1313.20,1312.60,1313.20,9872
1787290620000000000,1313.30,1313.30,1312.90,1313.00,3500
1787290680000000000,1313.20,1313.20,1312.80,1312.90,12998
1787290740000000000,1312.80,1313.50,1312.60,1312.60,33039
1787290800000000000,1312.70,1312.80,1312.10,1312.20,11126
1787290860000000000,1312.50,1312.50,1312.20,1312.50,8984
1787290920000000000,1312.40,1312.80,1312.30,1312.60,3656
1787290980000000000,1312.60,1313.30,1312.60,1312.70,7346
1787291040000000000,1313.20,1313.30,1312.80,1312.80,5244
1787291100000000000,1312.90,1313.40,1312.70,1313.10,5709
1787291160000000000,1313.10,1313.20,1312.40,1312.70,9147
1787291220000000000,1312.80,1312.90,1312.40,1312.50,11093
1787291280000000000,1312.50,1312.60,1312.40,1312.60,11717
1787291340000000000,1312.60,1312.60,1312.40,1312.50,8084
1787291400000000000,1312.50,1312.90,1312.40,1312.50,7587
1787291460000000000,1312.50,1312.70,1312.40,1312.40,13893
1787291520000000000,1312.40,1312.40,1312.20,1312.20,27199
1787291580000000000,1312.20,1312.40,1311.90,1312.20,54543
1787291640000000000,1311.90,1312.20,1311.90,1312.00,9712
1787291700000000000,1312.20,1312.50,1311.90,1312.50,9110
1787291760000000000,1312.50,1312.60,1312.30,1312.30,4138
1787291820000000000,1312.30,1312.30,1312.00,1312.00,4843
1787291880000000000,1312.00,1312.30,1312.00,1312.20,4454
1787291940000000000,1312.20,1312.50,1312.00,1312.20,6586
1787292000000000000,1312.50,1313.40,1312.20,1313.30,16530
1787292060000000000,1313.40,1313.40,1313.00,1313.30,4360
1787292120000000000,1313.00,1313.30,1312.90,1313.00,6877
1787292180000000000,1313.00,1313.10,1312.90,1313.10,5743
1787292240000000000,1313.10,1313.10,1312.90,1313.10,7361
1787292300000000000,1313.10,1313.40,1313.00,1313.30,9345
1787292360000000000,1313.30,1313.30,1313.00,1313.10,8483
1787292420000000000,1313.00,1313.20,1312.90,1312.90,7349
1787292480000000000,1312.90,1313.10,1312.80,1313.00,8900
1787292540000000000,1312.80,1313.00,1312.50,1312.50,8696
1787292600000000000,1312.80,1312.90,1312.10,1312.30,6996
1787292660000000000,1312.50,1312.70,1312.30,1312.50,9350
1787292720000000000,1312.50,1312.70,1312.30,1312.30,12527
1787292780000000000,1312.30,1312.60,1312.10,1312.30,11679
1787292840000000000,1312.30,1312.50,1312.10,1312.30,19363
1787292900000000000,1312.40,1312.70,1312.30,1312.30,15960
1787292960000000000,1312.40,1312.60,1312.10,1312.40,39761
1787293020000000000,1312.40,1312.40,1312.00,1312.30,46218
1787293080000000000,1312.30,1312.50,1312.30,1312.30,8407
1787293140000000000,1312.30,1312.80,1312.30,1312.80,13801
1787293200000000000,1312.70,1313.30,1312.30,1313.10,33411
1787293260000000000,1313.10,1313.50,1313.00,1313.30,15753
1787293320000000000,1313.00,1313.30,1313.00,1313.10,9363
1787293380000000000,1313.10,1313.20,1313.00,1313.10,10893
1787293440000000000,1313.10,1313.20,1312.30,1312.40,20978
1787293500000000000,1312.30,1313.10,1312.30,1312.30,51910
1787293560000000000,1312.40,1312.40,1311.90,1312.00,17811
1787293620000000000,1311.90,1312.00,1311.40,1311.60,9924
1787293680000000000,1311.50,1312.30,1311.50,1312.00,19885
1787293740000000000,1312.00,1312.20,1312.00,1312.00,29042
1787293800000000000,1312.00,1312.20,1311.70,1312.10,13054
1787293860000000000,1311.90,1312.00,1311.70,1311.80,12592
1787293920000000000,1311.70,1311.90,1311.70,1311.80,11536
1787293980000000000,1311.70,1311.90,1311.70,1311.80,10857
1787294040000000000,1311.70,1312.20,1311.70,1312.10,28235
1787294100000000000,1312.00,1312.20,1311.90,1312.00,9527
1787294160000000000,1312.00,1312.10,1312.00,1312.00,12797
1787294220000000000,1312.00,1312.10,1311.90,1312.10,30178
1787294280000000000,1312.00,1312.10,1312.00,1312.10,21336
1787294340000000000,1312.00,1312.30,1312.00,1312.00,12086
1787294400000000000,1312.00,1312.30,1312.00,1312.00,13087
1787294460000000000,1312.00,1312.20,1312.00,1312.10,6373
1787294520000000000,1312.00,1312.20,1312.00,1312.10,5093
1787294580000000000,1312.00,1312.30,1312.00,1312.10,11617
1787294640000000000,1312.00,1312.10,1311.50,1312.00,26434
1787294700000000000,1312.00,1312.20,1311.60,1311.80,71389
1787294760000000000,1311.80,1312.00,1311.50,1311.60,7855
1787294820000000000,1311.60,1312.00,1311.20,1311.50,11453
1787294880000000000,1311.60,1312.00,1311.40,1311.60,4431
1787294940000000000,1311.40,1312.20,1311.40,1312.10,24757
1787295000000000000,1312.00,1312.20,1312.00,1312.20,10352
1787295060000000000,1312.00,1312.20,1311.60,1311.80,29403
1787295120000000000,1311.60,1312.00,1311.60,1311.60,7337
1787295180000000000,1311.90,1312.10,1311.60,1312.10,9578
1787295240000000000,1312.00,1312.20,1312.00,1312.00,9840
1787295300000000000,1312.00,1312.20,1312.00,1312.10,45347
1787295360000000000,1312.00,1312.20,1312.00,1312.10,14917
1787295420000000000,1312.00,1312.10,1311.80,1311.80,8990
1787295480000000000,1311.80,1311.90,1311.20,1311.20,6036
1787295540000000000,1311.20,1311.30,1311.00,1311.00,6913
1787295600000000000,1311.00,1311.20,1310.50,1310.70,12845
1787295660000000000,1310.90,1311.50,1310.50,1311.00,10895
1787295720000000000,1311.10,1311.40,1311.00,1311.20,9115
1787295780000000000,1311.00,1311.20,1311.00,1311.00,10622
1787295840000000000,1311.00,1311.30,1311.00,1311.20,11481
1787295900000000000,1311.20,1311.40,1311.10,1311.30,5601
1787295960000000000,1311.40,1311.50,1311.10,1311.40,8286
1787296020000000000,1311.20,1311.50,1311.10,1311.40,39081
1787296080000000000,1311.20,1311.40,1311.10,1311.20,6701
1787296140000000000,1311.10,1311.40,1311.00,1311.10,11328
1787296200000000000,1311.00,1311.50,1311.00,1311.10,10124
1787296260000000000,1311.40,1311.40,1310.90,1311.00,5827
1787296320000000000,1311.00,1311.10,1310.80,1310.90,5080
1787296380000000000,1310.90,1311.00,1310.80,1310.90,10624
1787296440000000000,1310.80,1310.90,1310.80,1310.80,15817
1787296500000000000,1310.80,1311.30,1310.70,1311.00,8848
1787296560000000000,1311.00,1311.30,1310.60,1310.60,9766
1787296620000000000,1310.70,1311.00,1310.60,1310.60,14992
1787296680000000000,1310.60,1310.80,1310.60,1310.80,15923
1787296740000000000,1310.90,1311.20,1310.80,1311.00,15434
1787296800000000000,1311.00,1311.40,1310.90,1311.00,6814
1787296860000000000,1311.00,1311.20,1310.80,1310.80,9334
1787296920000000000,1310.80,1311.30,1310.80,1311.00,12009
1787296980000000000,1310.90,1311.30,1310.90,1311.20,16461
1787297040000000000,1311.20,1311.40,1311.00,1311.10,6350
1787297100000000000,1311.10,1311.70,1311.10,1311.50,15342
1787297160000000000,1311.50,1311.60,1310.90,1310.90,7386
1787297220000000000,1310.90,1311.50,1310.90,1311.30,18205
1787297280000000000,1311.30,1311.50,1311.10,1311.30,11296
1787297340000000000,1311.30,1311.70,1311.20,1311.40,8780
1787297400000000000,1311.30,1311.60,1311.30,1311.50,18976
1787297460000000000,1311.50,1312.60,1311.50,1312.60,17493
1787297520000000000,1312.40,1312.50,1311.80,1312.00,7348
1787297580000000000,1312.00,1312.30,1311.50,1311.50,4644
1787297640000000000,1311.50,1311.90,1311.50,1311.50,4117
1787297700000000000,1311.50,1312.10,1311.50,1311.50,3988
1787297760000000000,1311.40,1311.70,1311.30,1311.60,3799
1787297820000000000,1311.30,1311.70,1311.30,1311.70,2795
1787297880000000000,1311.70,1312.00,1311.40,1311.70,7285
1787297940000000000,1311.90,1311.90,1311.70,1311.80,2826
1787298000000000000,1311.70,1311.80,1311.50,1311.50,6566
1787298060000000000,1311.50,1311.80,1311.20,1311.20,7303
1787298120000000000,1311.20,1311.40,1311.00,1311.10,12339
1787298180000000000,1311.00,1311.10,1310.50,1310.60,8077
1787298240000000000,1310.50,1310.70,1310.10,1310.20,7554
1787298300000000000,1310.20,1311.00,1310.20,1310.40,15364
1787298360000000000,1310.30,1311.10,1310.30,1311.00,22239
1787298420000000000,1311.00,1311.40,1311.00,1311.10,7088
1787298480000000000,1311.00,1311.60,1311.00,1311.50,5702
1787298540000000000,1311.30,1311.60,1311.30,1311.50,9908
1787298600000000000,1311.50,1311.60,1311.40,1311.50,6282
1787298660000000000,1311.40,1311.50,1311.20,1311.20,5875
1787298720000000000,1311.20,1311.30,1311.10,1311.10,7521
1787298780000000000,1311.10,1311.20,1311.10,1311.10,16859
1787298840000000000,1311.10,1311.20,1311.00,1311.00,29833
1787298900000000000,1311.00,1311.10,1310.30,1310.60,6199
1787298960000000000,1310.60,1310.60,1310.30,1310.60,5470
1787299020000000000,1310.50,1310.70,1310.50,1310.70,6414
1787299080000000000,1310.60,1311.00,1310.10,1310.10,20691
1787299140000000000,1310.10,1311.00,1310.10,1311.00,16158
1787299200000000000,1311.00,1311.00,1310.60,1310.90,6155
1787299260000000000,1310.80,1310.90,1310.70,1310.70,6834
1787299320000000000,1310.70,1310.80,1310.70,1310.80,13247
1787299380000000000,1310.70,1311.00,1310.70,1310.90,7875
1787299440000000000,1310.70,1311.30,1310.70,1310.80,14452
1787299500000000000,1310.80,1310.90,1310.50,1310.60,11939
1787299560000000000,1310.50,1310.70,1310.30,1310.40,26388
1787299620000000000,1310.40,1310.50,1310.30,1310.50,15448
1787299680000000000,1310.40,1310.60,1310.30,1310.40,5768
1787299740000000000,1310.40,1310.90,1310.40,1310.40,11012
1787299800000000000,1310.40,1310.80,1310.40,1310.50,3185
1787299860000000000,1310.40,1310.70,1310.40,1310.60,17503
1787299920000000000,1310.50,1310.90,1310.50,1310.90,35178
1787299980000000000,1310.90,1311.00,1310.50,1310.50,9549
1787300040000000000,1310.50,1311.00,1310.50,1310.50,3055
1787300100000000000,1310.50,1310.60,1310.30,1310.30,9348
1787300160000000000,1310.30,1310.50,1310.30,1310.40,5474
1787300220000000000,1310.30,1310.80,1310.30,1310.80,19653
1787300280000000000,1310.50,1310.80,1310.40,1310.50,5055
1787300340000000000,1310.40,1310.50,1309.80,1310.00,61222
1787300400000000000,1309.90,1310.00,1309.70,1309.70,4665
1787300460000000000,1309.70,1310.20,1309.50,1310.10,28946
1787300520000000000,1310.10,1310.30,1310.10,1310.10,10880
1787300580000000000,1310.10,1311.30,1310.00,1310.00,46746
1787300640000000000,1310.00,1310.40,1309.80,1310.10,4103
1787300700000000000,1309.90,1310.20,1309.90,1310.00,3929
1787300760000000000,1310.20,1310.50,1310.00,1310.10,4259
1787300820000000000,1310.00,1310.60,1310.00,1310.60,14607
1787300880000000000,1310.60,1310.70,1310.00,1310.00,7316
1787300940000000000,1310.00,1310.30,1309.30,1309.70,9066
1787301000000000000,1309.40,1309.80,1309.30,1309.30,6960
1787301060000000000,1309.40,1309.80,1309.20,1309.50,4565
1787301120000000000,1309.40,1310.30,1309.10,1309.90,14392
1787301180000000000,1309.90,1310.30,1309.20,1309.30,18687
1787301240000000000,1309.50,1310.20,1309.30,1310.00,11352
1787301300000000000,1310.00,1310.20,1309.60,1310.00,3815
1787301360000000000,1309.70,1310.00,1309.40,1309.80,5095
1787301420000000000,1309.50,1310.00,1309.40,1309.70,6091
1787301480000000000,1309.60,1309.80,1309.10,1309.10,5433
1787301540000000000,1309.10,1309.20,1308.00,1308.20,21407
1787301600000000000,1308.10,1308.60,1308.00,1308.60,7717
1787301660000000000,1308.50,1308.80,1308.20,1308.30,7136
1787301720000000000,1308.40,1308.80,1308.20,1308.80,6500
1787301780000000000,1308.70,1308.80,1308.40,1308.60,5523
1787301840000000000,1308.50,1308.80,1308.50,1308.70,5976
1787301900000000000,1308.60,1308.70,1308.50,1308.60,6119
1787301960000000000,1308.50,1309.00,1308.50,1308.90,9148
1787302020000000000,1308.60,1308.90,1308.60,1308.90,7001
1787302080000000000,1308.80,1309.00,1308.60,1309.00,5909
1787302140000000000,1309.00,1309.00,1308.60,1308.90,3977
1787302200000000000,1309.00,1309.60,1308.50,1309.10,24467
1787302260000000000,1309.00,1310.10,1309.00,1310.00,16836
1787302320000000000,1310.10,1310.20,1309.80,1309.80,10220
1787302380000000000,1309.80,1310.00,1309.80,1309.90,6798
1787302440000000000,1309.80,1310.00,1309.50,1309.50,12888
1787302500000000000,1309.90,1309.90,1309.20,1309.40,5794
1787302560000000000,1309.50,1309.60,1309.10,1309.20,4118
1787302620000000000,1309.20,1309.40,1309.20,1309.20,14610
1787302680000000000,1309.20,1309.50,1309.00,1309.50,29409
1787302740000000000,1309.60,1310.20,1309.40,1310.20,10386
1787302800000000000,1310.30,1310.60,1309.90,1310.50,25255
1787302860000000000,1310.40,1310.50,1309.00,1309.50,15542
1787302920000000000,1309.50,1309.70,1309.00,1309.70,8848
1787302980000000000,1309.70,1309.70,1309.30,1309.40,4938
1787303040000000000,1309.60,1309.70,1309.00,1309.00,4558
1787303100000000000,1309.00,1309.70,1309.00,1309.00,7348
1787303160000000000,1309.00,1309.70,1309.00,1309.30,7560
1787303220000000000,1309.30,1309.70,1309.20,1309.60,5908
1787303280000000000,1309.60,1309.60,1309.00,1309.40,4920
1787303340000000000,1309.40,1309.70,1309.40,1309.50,6491
1787303400000000000,1309.40,1309.90,1309.40,1309.90,11133
1787303460000000000,1309.80,1309.90,1309.10,1309.20,9418
1787303520000000000,1309.20,1310.00,1309.00,1309.10,19515
1787303580000000000,1309.10,1309.60,1309.00,1309.60,5975
1787303640000000000,1309.60,1310.00,1309.10,1309.50,14449
1787303700000000000,1309.50,1310.00,1309.40,1309.50,7286
1787303760000000000,1309.40,1310.00,1309.40,1310.00,8403
1787303820000000000,1310.00,1310.30,1309.60,1310.10,9881
1787303880000000000,1309.70,1310.50,1309.60,1310.00,21915
1787303940000000000,1310.00,1310.20,1309.00,1309.10,9305
1787304000000000000,1309.50,1310.50,1309.20,1309.90,90978
1787304060000000000,1309.90,1310.70,1309.70,1310.10,27917
1787304120000000000,1310.10,1310.60,1309.60,1310.30,18091
1787304180000000000,1310.20,1310.60,1309.60,1310.50,22101
1787304240000000000,1310.40,1312.00,1309.90,1310.50,103372
1787304300000000000,1310.30,1310.60,1310.10,1310.10,10411
1787304360000000000,1310.10,1310.50,1309.80,1310.10,8702
1787304420000000000,1310.10,1310.20,1309.20,1309.40,10906
1787304480000000000,1309.50,1309.70,1309.10,1309.10,15705
1787304540000000000,1309.20,1309.50,1309.10,1309.20,10024
1787304600000000000,1309.20,1309.80,1309.10,1309.70,21393
1787304660000000000,1309.70,1310.00,1309.50,1310.00,20619
1787304720000000000,1310.00,1310.30,1309.70,1310.30,11862
1787304780000000000,1310.30,1310.40,1309.70,1310.40,26357
1787304840000000000,1310.40,1310.70,1310.30,1310.60,19895
1787304900000000000,1310.70,1310.80,1310.50,1310.60,30696
1787304960000000000,1310.70,1312.00,1310.60,1312.00,64737
1787305020000000000,1312.00,1312.00,1311.30,1311.40,41537
1787305080000000000,1311.40,1311.80,1310.90,1311.00,23748
1787305140000000000,1311.00,1312.00,1310.50,1311.20,45129
1787305200000000000,1311.10,1311.40,1310.60,1310.70,18641
1787305260000000000,1310.70,1311.00,1310.20,1310.60,22087
1787305320000000000,1310.70,1311.20,1309.00,1310.40,53881
1787305380000000000,1310.40,1311.00,1309.30,1310.70,21451
1787305440000000000,1310.70,1314.00,1309.70,1314.00,48020
1787305500000000000,1314.00,1314.00,1314.00,1314.00,0
1787305560000000000,1314.00,1314.00,1314.00,1314.00,0
1787305620000000000,1314.00,1314.00,1314.00,1314.00,0
1787305680000000000,1314.00,1314.00,1314.00,1314.00,0
1787305740000000000,1314.00,1314.00,1314.00,1314.00,0
1787305800000000000,1314.00,1314.00,1314.00,1314.00,0
1787305860000000000,1314.00,1314.00,1314.00,1314.00,0
1787305920000000000,1314.00,1314.00,1314.00,1314.00,0
1787305980000000000,1314.00,1314.00,1314.00,1314.00,0
1787306040000000000,1314.00,1314.00,1314.00,1314.00,0
1787306100000000000,1314.00,1314.00,1314.00,1314.00,0
1787306160000000000,1314.00,1314.00,1314.00,1314.00,0
1787306220000000000,1314.00,1314.00,1314.00,1314.00,0
1787306280000000000,1314.00,1314.00,1314.00,1314.00,0
1787306340000000000,1316.00,1316.00,1316.00,1316.00,272798
1787543100000000000,1316.60,1317.00,1312.00,1315.20,122421
1787543160000000000,1315.70,1318.60,1315.20,1318.10,81660
1787543220000000000,1318.10,1320.00,1317.80,1319.30,77112
1787543280000000000,1319.40,1319.80,1317.00,1318.40,28876
1787543340000000000,1318.50,1318.90,1317.00,1317.90,32605
1787543400000000000,1317.90,1318.40,1316.80,1317.00,25796
1787543460000000000,1317.00,1317.70,1316.20,1316.80,44601
1787543520000000000,1317.10,1317.60,1316.20,1317.30,22275
1787543580000000000,1317.40,1317.40,1316.50,1317.40,20575
1787543640000000000,1317.40,1317.50,1316.70,1317.10,14322
1787543700000000000,1317.10,1317.20,1315.60,1316.50,40644
1787543760000000000,1316.50,1316.60,1315.60,1316.10,15878
1787543820000000000,1316.40,1316.50,1316.00,1316.30,7234
1787543880000000000,1316.30,1316.40,1315.70,1315.90,9775
1787543940000000000,1315.90,1316.30,1315.50,1315.80,15495
1787544000000000000,1316.00,1316.00,1315.30,1315.30,9405
1787544060000000000,1315.50,1315.50,1314.20,1314.80,28260
1787544120000000000,1314.80,1314.80,1314.00,1314.20,14425
1787544180000000000,1314.40,1314.40,1314.00,1314.30,10206
1787544240000000000,1314.30,1314.40,1314.10,1314.40,8388
1787544300000000000,1314.40,1314.40,1313.30,1313.90,14642
1787544360000000000,1313.90,1314.00,1313.70,1313.80,6890
1787544420000000000,1313.80,1314.00,1313.70,1313.90,6025
1787544480000000000,1314.00,1314.70,1313.90,1314.10,18214
1787544540000000000,1314.10,1314.10,1313.50,1313.50,10092
1787544600000000000,1313.60,1313.70,1313.50,1313.70,8026
1787544660000000000,1313.70,1313.70,1312.80,1313.50,20188
1787544720000000000,1313.50,1313.50,1312.70,1312.80,20524
1787544780000000000,1313.00,1313.40,1311.90,1313.00,54160
1787544840000000000,1313.00,1313.70,1312.70,1313.20,10458
1787544900000000000,1313.20,1313.60,1313.20,1313.50,6145
1787544960000000000,1313.50,1313.50,1313.00,1313.10,17179
1787545020000000000,1313.10,1313.20,1313.00,1313.20,6062
1787545080000000000,1313.20,1313.40,1313.10,1313.20,9553
1787545140000000000,1313.30,1313.30,1313.20,1313.30,5083
1787545200000000000,1313.30,1313.60,1313.20,1313.60,9014
1787545260000000000,1313.60,1313.60,1313.20,1313.20,9220
1787545320000000000,1313.50,1313.50,1313.10,1313.30,5289
1787545380000000000,1313.30,1313.40,1313.20,1313.40,10151
1787545440000000000,1313.40,1313.60,1313.30,1313.40,6278
1787545500000000000,1313.60,1314.20,1313.40,1314.10,6372
1787545560000000000,1314.10,1314.30,1313.80,1313.90,16707
1787545620000000000,1313.90,1314.00,1313.20,1313.20,9911
1787545680000000000,1313.40,1313.40,1313.00,1313.40,8331
1787545740000000000,1313.40,1313.40,1313.20,1313.40,6399
1787545800000000000,1313.40,1313.50,1313.30,1313.50,7688
1787545860000000000,1313.50,1313.50,1313.10,1313.20,29276
1787545920000000000,1313.20,1313.40,1313.00,1313.20,6094
1787545980000000000,1313.30,1313.30,1313.20,1313.20,8248
1787546040000000000,1313.30,1313.30,1313.00,1313.00,13268
1787546100000000000,1313.30,1313.50,1313.10,1313.40,11346
1787546160000000000,1313.40,1313.90,1313.30,1313.80,9085
1787546220000000000,1313.80,1313.80,1312.80,1312.90,15108
1787546280000000000,1312.90,1313.30,1312.20,1312.90,16651
1787546340000000000,1313.10,1313.30,1312.90,1313.30,7035
1787546400000000000,1313.30,1313.40,1313.10,1313.40,6165
1787546460000000000,1313.40,1313.60,1313.00,1313.20,13455
1787546520000000000,1313.20,1313.60,1313.10,1313.60,6942
1787546580000000000,1313.60,1314.00,1313.40,1314.00,8208
1787546640000000000,1314.00,1314.00,1313.80,1314.00,11759
1787546700000000000,1314.00,1314.30,1313.90,1314.20,14987
1787546760000000000,1314.20,1314.20,1313.90,1314.00,9319
1787546820000000000,1314.00,1314.00,1312.60,1313.00,14712
1787546880000000000,1313.00,1313.50,1312.80,1313.50,8240
1787546940000000000,1313.50,1313.90,1313.40,1313.90,5355
1787547000000000000,1313.90,1315.50,1313.60,1314.60,52125
1787547060000000000,1314.90,1315.10,1314.00,1314.90,23628
1787547120000000000,1314.90,1314.90,1314.70,1314.80,5360
1787547180000000000,1314.80,1314.80,1314.10,1314.50,11345
1787547240000000000,1314.50,1314.50,1314.40,1314.40,6364
1787547300000000000,1314.50,1314.70,1313.80,1314.00,16383
1787547360000000000,1314.30,1314.40,1314.00,1314.10,4401
1787547420000000000,1314.10,1314.20,1314.00,1314.10,5880
1787547480000000000,1314.10,1314.10,1314.00,1314.10,5239
1787547540000000000,1314.10,1314.10,1313.10,1313.50,14515
1787547600000000000,1313.60,1313.60,1313.00,1313.10,8811
1787547660000000000,1313.30,1313.30,1313.10,1313.30,5672
1787547720000000000,1313.30,1313.30,1312.40,1312.40,26165
1787547780000000000,1312.40,1313.50,1312.40,1313.30,11517
1787547840000000000,1313.30,1313.60,1313.00,1313.00,7839
1787547900000000000,1313.10,1313.10,1313.00,1313.10,4811
1787547960000000000,1313.10,1313.90,1313.00,1313.40,19007
1787548020000000000,1313.50,1313.90,1313.40,1313.90,9840
1787548080000000000,1313.90,1313.90,1313.70,1313.90,4212
1787548140000000000,1313.90,1313.90,1313.60,1313.70,10874
1787548200000000000,1313.70,1313.70,1313.10,1313.10,6195
1787548260000000000,1313.20,1313.20,1313.00,1313.10,7095
1787548320000000000,1313.10,1313.50,1313.00,1313.40,9933
1787548380000000000,1313.50,1313.50,1312.80,1313.20,11155
1787548440000000000,1313.20,1313.40,1312.90,1313.00,6594
1787548500000000000,1313.00,1313.00,1312.90,1313.00,5521
1787548560000000000,1313.00,1313.10,1312.90,1313.00,7164
1787548620000000000,1313.00,1313.20,1312.10,1312.40,21027
1787548680000000000,1312.40,1312.40,1312.00,1312.10,9790
1787548740000000000,1312.20,1312.20,1311.00,1311.20,38205
1787548800000000000,1311.20,1311.30,1310.90,1311.20,11954
1787548860000000000,1311.30,1311.30,1311.20,1311.20,8271
1787548920000000000,1311.30,1311.30,1311.00,1311.10,12032
1787548980000000000,1311.10,1311.30,1311.00,1311.00,20304
1787549040000000000,1311.20,1311.20,1311.00,1311.10,15697
1787549100000000000,1311.10,1311.10,1310.60,1310.90,12913
1787549160000000000,1310.90,1310.90,1310.80,1310.80,6361
1787549220000000000,1310.90,1310.90,1310.50,1310.60,16126
1787549280000000000,1310.60,1310.70,1310.20,1310.50,14534
1787549340000000000,1310.50,1310.50,1309.50,1309.50,33569
1787549400000000000,1309.60,1309.60,1309.50,1309.50,10216
1787549460000000000,1309.60,1309.70,1309.50,1309.70,19501
1787549520000000000,1309.70,1309.80,1309.50,1309.80,14489
1787549580000000000,1309.80,1309.80,1308.60,1308.60,51269
1787549640000000000,1308.70,1309.00,1308.60,1308.90,11282
1787549700000000000,1308.90,1309.10,1308.00,1308.40,31684
1787549760000000000,1308.40,1308.80,1308.00,1308.70,15426
1787549820000000000,1308.80,1309.40,1308.50,1308.60,11588
1787549880000000000,1308.60,1308.70,1308.50,1308.60,8191
1787549940000000000,1308.70,1308.90,1308.60,1308.90,7354
1787550000000000000,1308.90,1309.00,1308.80,1308.90,20112
1787550060000000000,1309.00,1309.00,1308.90,1309.00,9107
1787550120000000000,1309.00,1309.00,1308.50,1308.50,17906
1787550180000000000,1308.60,1308.70,1308.50,1308.70,14363
1787550240000000000,1308.70,1308.70,1308.10,1308.50,10007
1787550300000000000,1308.40,1308.50,1308.00,1308.10,13032
1787550360000000000,1308.10,1308.20,1308.00,1308.10,6383
1787550420000000000,1308.20,1308.30,1308.10,1308.20,8353
1787550480000000000,1308.20,1308.40,1308.10,1308.40,10921
1787550540000000000,1308.40,1308.50,1308.30,1308.40,8756
1787550600000000000,1308.50,1308.50,1308.10,1308.50,13829
1787550660000000000,1308.50,1308.50,1307.00,1307.20,23810
1787550720000000000,1307.20,1307.30,1305.00,1305.90,61023
1787550780000000000,1305.80,1305.90,1304.50,1304.90,52927
1787550840000000000,1304.90,1306.10,1304.60,1305.50,40735
1787550900000000000,1305.60,1305.60,1304.80,1305.50,21509
1787550960000000000,1305.50,1305.50,1304.80,1305.40,6060
1787551020000000000,1305.40,1306.00,1305.40,1306.00,16526
1787551080000000000,1306.00,1306.10,1305.20,1305.80,21942
1787551140000000000,1305.80,1306.00,1305.40,1306.00,11902
1787551200000000000,1306.00,1306.10,1305.20,1305.60,13333
1787551260000000000,1305.60,1305.60,1304.70,1304.70,22884
1787551320000000000,1304.80,1305.00,1304.70,1305.00,10806
1787551380000000000,1305.00,1305.60,1304.90,1305.20,9999
1787551440000000000,1305.40,1305.50,1305.00,1305.10,12537
1787551500000000000,1305.10,1305.10,1304.70,1304.90,13086
1787551560000000000,1304.90,1305.00,1304.50,1304.90,18838
1787551620000000000,1304.90,1305.40,1304.60,1305.40,19414
1787551680000000000,1305.50,1305.90,1305.20,1305.40,11262
1787551740000000000,1305.40,1305.50,1305.20,1305.50,10475
1787551800000000000,1305.50,1305.50,1305.30,1305.40,8639
1787551860000000000,1305.40,1305.60,1305.30,1305.50,8274
1787551920000000000,1305.50,1305.60,1305.20,1305.40,24194
1787551980000000000,1305.40,1305.50,1305.30,1305.50,11702
1787552040000000000,1305.50,1305.50,1305.20,1305.20,12968
1787552100000000000,1305.30,1305.30,1304.50,1305.10,18877
1787552160000000000,1305.20,1305.70,1305.20,1305.50,7404
1787552220000000000,1305.50,1305.50,1305.20,1305.50,14206
1787552280000000000,1305.40,1305.40,1305.00,1305.10,12363
1787552340000000000,1305.10,1305.30,1305.00,1305.10,8621
1787552400000000000,1305.20,1305.30,1305.00,1305.00,13990
1787552460000000000,1305.30,1305.30,1305.10,1305.20,7515
1787552520000000000,1305.20,1305.60,1305.10,1305.60,7478
1787552580000000000,1305.60,1305.80,1305.20,1305.40,13491
1787552640000000000,1305.40,1305.40,1305.10,1305.10,7388
1787552700000000000,1305.20,1305.20,1305.10,1305.20,6782
1787552760000000000,1305.20,1305.20,1305.10,1305.20,5648
1787552820000000000,1305.20,1305.20,1305.00,1305.20,13364
1787552880000000000,1305.20,1305.20,1304.00,1305.10,24776
1787552940000000000,1305.10,1305.10,1305.00,1305.00,7019
1787553000000000000,1305.10,1305.10,1304.50,1304.90,9370
1787553060000000000,1304.90,1305.00,1304.80,1305.00,7049
1787553120000000000,1305.00,1305.00,1304.90,1304.90,9557
1787553180000000000,1304.90,1305.30,1304.60,1305.10,10997
1787553240000000000,1305.10,1305.10,1304.50,1305.00,12180
1787553300000000000,1305.00,1305.00,1304.60,1304.80,3983
1787553360000000000,1304.80,1304.90,1304.70,1304.80,6384
1787553420000000000,1304.90,1305.40,1304.80,1305.10,13502
1787553480000000000,1305.40,1305.50,1305.20,1305.40,8151
1787553540000000000,1305.50,1307.00,1305.40,1306.70,25175
1787553600000000000,1307.00,1308.40,1306.70,1308.10,52658
1787553660000000000,1308.10,1308.20,1307.40,1308.00,18895
1787553720000000000,1308.10,1308.20,1307.70,1308.20,15316
1787553780000000000,1308.20,1308.20,1307.40,1308.00,9278
1787553840000000000,1308.10,1308.20,1307.60,1308.10,8408
1787553900000000000,1308.10,1308.10,1307.50,1307.60,19229
1787553960000000000,1307.60,1308.10,1307.20,1307.60,41999
1787554020000000000,1307.60,1308.00,1307.50,1307.60,13040
1787554080000000000,1307.60,1307.70,1307.50,1307.50,9337
1787554140000000000,1307.60,1307.60,1307.50,1307.50,5628
1787554200000000000,1307.60,1307.90,1307.50,1307.60,8451
1787554260000000000,1307.70,1308.00,1307.50,1307.90,5735
1787554320000000000,1307.90,1308.10,1307.60,1308.10,13925
1787554380000000000,1308.10,1308.50,1307.50,1307.50,27728
1787554440000000000,1307.60,1307.60,1307.50,1307.50,3825
1787554500000000000,1307.60,1307.60,1307.30,1307.50,34804
1787554560000000000,1307.60,1307.70,1307.50,1307.60,7847
1787554620000000000,1307.70,1307.70,1307.50,1307.50,11638
1787554680000000000,1307.60,1307.60,1307.50,1307.60,11444
1787554740000000000,1307.60,1307.60,1307.30,1307.50,29512
1787554800000000000,1307.60,1307.60,1307.00,1307.00,23530
1787554860000000000,1307.10,1307.10,1306.50,1307.10,27477
1787554920000000000,1307.10,1307.10,1306.70,1307.10,9751
1787554980000000000,1307.10,1307.10,1306.80,1307.00,10053
1787555040000000000,1307.10,1307.20,1307.00,1307.00,6508
1787555100000000000,1307.10,1307.20,1306.60,1307.00,11014
1787555160000000000,1307.10,1307.50,1307.00,1307.40,9150
1787555220000000000,1307.40,1307.70,1306.40,1306.80,6752
1787555280000000000,1306.80,1306.80,1306.00,1306.10,10772
1787555340000000000,1306.20,1306.20,1305.40,1305.60,17699
1787555400000000000,1305.70,1305.90,1305.10,1305.40,6648
1787555460000000000,1305.50,1305.70,1305.40,1305.50,6382
1787555520000000000,1305.60,1305.90,1305.50,1305.60,6033
1787555580000000000,1305.70,1305.90,1305.60,1305.80,8087
1787555640000000000,1305.90,1305.90,1305.70,1305.70,5022
1787555700000000000,1305.80,1305.90,1305.70,1305.70,5927
1787555760000000000,1305.80,1306.20,1305.70,1305.80,9782
1787555820000000000,1305.80,1306.20,1305.60,1305.80,11000
1787555880000000000,1305.80,1306.10,1305.70,1305.90,4436
1787555940000000000,1306.00,1306.40,1305.70,1306.10,9892
1787556000000000000,1306.30,1306.40,1305.80,1305.90,5433
1787556060000000000,1306.00,1306.00,1305.70,1305.70,5060
1787556120000000000,1305.80,1305.80,1305.60,1305.70,6584
1787556180000000000,1305.70,1305.80,1305.50,1305.50,7586
1787556240000000000,1305.60,1305.70,1305.50,1305.70,5659
1787556300000000000,1305.70,1306.10,1305.50,1306.00,14787
1787556360000000000,1306.10,1307.10,1305.70,1306.00,65298
1787556420000000000,1306.10,1306.10,1306.00,1306.00,6677
1787556480000000000,1306.10,1306.10,1305.70,1306.00,7102
1787556540000000000,1306.10,1306.10,1306.00,1306.00,4281
1787556600000000000,1306.10,1306.40,1305.50,1306.30,33294
1787556660000000000,1306.40,1306.40,1305.50,1305.60,29978
1787556720000000000,1305.60,1306.20,1305.20,1305.30,18895
1787556780000000000,1305.40,1305.50,1305.00,1305.10,15555
1787556840000000000,1305.20,1305.50,1305.00,1305.30,7987
1787556900000000000,1305.30,1305.50,1304.80,1304.80,16843
1787556960000000000,1304.90,1305.10,1304.00,1305.00,176175
1787557020000000000,1305.10,1305.10,1304.30,1304.30,58705
1787557080000000000,1304.40,1304.50,1304.30,1304.30,3977
1787557140000000000,1304.40,1304.40,1304.30,1304.30,4020
1787557200000000000,1304.40,1305.40,1304.30,1305.10,32641
1787557260000000000,1305.10,1305.20,1304.90,1304.90,79735
1787557320000000000,1304.90,1305.10,1304.80,1305.00,35252
1787557380000000000,1305.10,1305.10,1305.00,1305.00,7786
1787557440000000000,1305.10,1305.10,1305.00,1305.00,9792
1787557500000000000,1305.10,1305.20,1305.00,1305.00,10151
1787557560000000000,1305.10,1305.10,1305.00,1305.00,10478
1787557620000000000,1305.10,1305.10,1305.00,1305.10,6856
1787557680000000000,1305.10,1306.10,1305.00,1305.00,66331
1787557740000000000,1305.10,1305.60,1305.00,1305.60,16517
1787557800000000000,1305.60,1305.70,1305.40,1305.50,18617
1787557860000000000,1305.60,1305.90,1305.50,1305.80,9347
1787557920000000000,1305.90,1306.00,1305.70,1305.70,19960
1787557980000000000,1305.80,1305.90,1305.00,1305.00,7155
1787558040000000000,1305.10,1305.90,1305.00,1305.60,21707
1787558100000000000,1305.70,1305.80,1305.60,1305.60,9791
1787558160000000000,1305.70,1306.20,1305.60,1305.80,20741
1787558220000000000,1305.90,1307.10,1305.80,1306.50,80027
1787558280000000000,1306.60,1307.10,1306.50,1307.00,32335
1787558340000000000,1307.10,1307.30,1305.70,1305.80,22136
1787558400000000000,1305.90,1306.50,1305.80,1306.30,8586
1787558460000000000,1306.30,1306.60,1306.00,1306.10,6441
1787558520000000000,1306.10,1306.10,1305.20,1305.60,8426
1787558580000000000,1305.70,1305.80,1305.20,1305.20,3366
1787558640000000000,1305.30,1305.30,1305.00,1305.20,13333
1787558700000000000,1305.30,1305.40,1305.00,1305.40,4990
1787558760000000000,1305.40,1305.40,1305.00,1305.10,3377
1787558820000000000,1305.20,1305.90,1305.00,1305.60,14482
1787558880000000000,1305.50,1305.60,1305.20,1305.40,5427
1787558940000000000,1305.50,1305.60,1305.00,1305.00,5712
1787559000000000000,1305.10,1305.40,1305.00,1305.10,6335
1787559060000000000,1305.10,1305.10,1305.00,1305.00,4599
1787559120000000000,1305.10,1305.10,1305.00,1305.00,5194
1787559180000000000,1305.10,1305.20,1305.00,1305.10,6839
1787559240000000000,1305.10,1305.20,1305.00,1305.20,5629
1787559300000000000,1305.20,1305.30,1305.10,1305.20,6032
1787559360000000000,1305.30,1306.20,1305.20,1305.70,14509
1787559420000000000,1305.80,1305.80,1305.70,1305.80,4646
1787559480000000000,1305.80,1305.80,1305.60,1305.60,5118
1787559540000000000,1305.70,1306.00,1305.60,1305.70,15624
1787559600000000000,1305.70,1305.70,1305.20,1305.20,12287
1787559660000000000,1305.30,1305.30,1305.00,1305.10,6958
1787559720000000000,1305.10,1305.10,1304.50,1304.50,36109
1787559780000000000,1304.60,1304.60,1304.10,1304.20,6423
1787559840000000000,1304.20,1304.20,1304.00,1304.10,17039
1787559900000000000,1304.10,1304.10,1304.00,1304.00,6137
1787559960000000000,1304.10,1304.10,1304.00,1304.00,5948
1787560020000000000,1304.10,1304.10,1304.00,1304.00,5209
1787560080000000000,1304.10,1304.10,1304.00,1304.10,5080
1787560140000000000,1304.10,1304.10,1303.20,1303.80,27705
1787560200000000000,1303.90,1304.00,1303.20,1303.30,18753
1787560260000000000,1303.50,1304.80,1303.40,1304.70,22905
1787560320000000000,1304.80,1306.00,1304.10,1305.00,45996
1787560380000000000,1305.10,1305.10,1304.10,1304.20,12373
1787560440000000000,1304.30,1304.40,1304.00,1304.20,8248
1787560500000000000,1304.30,1305.80,1304.10,1305.40,39237
1787560560000000000,1305.40,1305.70,1305.00,1305.50,32317
1787560620000000000,1305.60,1305.60,1305.30,1305.50,17805
1787560680000000000,1305.60,1305.60,1304.20,1304.90,37359
1787560740000000000,1304.90,1305.00,1304.30,1304.30,9545
1787560800000000000,1304.50,1304.60,1304.00,1304.10,8240
1787560860000000000,1304.20,1304.30,1303.80,1303.80,10595
1787560920000000000,1303.90,1304.00,1303.00,1303.30,16689
1787560980000000000,1303.40,1303.50,1303.00,1303.20,7781
1787561040000000000,1303.20,1303.20,1303.00,1303.00,8252
1787561100000000000,1303.10,1303.20,1303.00,1303.00,9852
1787561160000000000,1303.20,1303.20,1302.80,1302.90,16640
1787561220000000000,1302.90,1303.10,1302.60,1303.00,10805
1787561280000000000,1303.00,1303.20,1302.70,1303.10,10192
1787561340000000000,1303.20,1303.20,1302.70,1302.80,13637
1787561400000000000,1302.70,1303.00,1302.40,1302.70,20826
1787561460000000000,1302.90,1303.90,1302.70,1303.50,16309
1787561520000000000,1303.60,1303.80,1303.20,1303.60,13813
1787561580000000000,1303.80,1304.00,1303.50,1303.90,9562
1787561640000000000,1304.00,1304.00,1303.10,1303.20,15381
1787561700000000000,1303.40,1304.10,1303.20,1304.00,29090
1787561760000000000,1304.10,1304.20,1304.00,1304.00,22182
1787561820000000000,1304.10,1305.80,1302.70,1305.30,149441
1787561880000000000,1305.40,1305.70,1305.20,1305.30,28873
1787561940000000000,1305.40,1305.70,1305.00,1305.00,38082
1787562000000000000,1305.10,1305.10,1305.00,1305.00,26505
1787562060000000000,1305.10,1305.40,1304.50,1304.50,28299
1787562120000000000,1304.60,1305.10,1304.20,1305.00,59307
1787562180000000000,1305.10,1305.10,1304.10,1304.70,26175
1787562240000000000,1304.80,1305.10,1304.60,1304.90,15217
1787562300000000000,1304.90,1305.00,1304.20,1304.50,13402
1787562360000000000,1304.40,1305.50,1304.40,1305.00,31213
1787562420000000000,1305.40,1305.50,1304.80,1305.10,12094
1787562480000000000,1305.30,1305.50,1305.10,1305.40,14627
1787562540000000000,1305.50,1305.60,1305.10,1305.20,17215
1787562600000000000,1305.30,1305.40,1304.20,1304.40,22353
1787562660000000000,1304.50,1304.80,1304.30,1304.60,14509
1787562720000000000,1304.70,1304.90,1304.00,1304.00,20667
1787562780000000000,1304.10,1304.90,1304.00,1304.50,15183
1787562840000000000,1304.70,1305.00,1304.40,1304.80,15248
1787562900000000000,1304.80,1304.90,1304.10,1304.70,15241
1787562960000000000,1304.80,1304.90,1304.20,1304.60,34616
1787563020000000000,1304.70,1304.80,1304.20,1304.20,14150
1787563080000000000,1304.30,1304.70,1304.00,1304.60,23593
1787563140000000000,1304.70,1304.90,1304.50,1304.70,14838
1787563200000000000,1304.80,1305.00,1304.50,1304.50,50744
1787563260000000000,1304.60,1304.90,1304.40,1304.60,39403
1787563320000000000,1304.70,1304.80,1304.00,1304.00,54843
1787563380000000000,1304.20,1304.50,1303.80,1304.50,21739
1787563440000000000,1304.40,1306.70,1304.20,1304.50,123292
1787563500000000000,1304.60,1305.60,1304.50,1305.40,37663
1787563560000000000,1305.40,1305.90,1305.30,1305.60,44503
1787563620000000000,1305.90,1306.00,1304.90,1305.80,49812
1787563680000000000,1305.80,1305.80,1305.40,1305.60,22783
1787563740000000000,1305.50,1305.80,1305.50,1305.70,20412
1787563800000000000,1305.80,1306.50,1305.70,1306.30,52190
1787563860000000000,1306.30,1306.90,1306.10,1306.10,35412
1787563920000000000,1306.20,1306.40,1306.00,1306.30,21236
1787563980000000000,1306.40,1306.50,1306.10,1306.30,34819
1787564040000000000,1306.30,1306.30,1305.60,1305.90,56653
1787564100000000000,1306.00,1306.50,1305.60,1306.30,60889
1787564160000000000,1306.30,1306.40,1304.80,1306.10,70366
1787564220000000000,1306.10,1306.30,1305.70,1306.20,50163
1787564280000000000,1306.10,1306.40,1306.00,1306.40,36349
1787564340000000000,1306.30,1306.50,1306.00,1306.10,48169
1787564400000000000,1306.10,1306.40,1306.10,1306.10,33811
1787564460000000000,1306.20,1306.30,1306.00,1306.00,35112
1787564520000000000,1306.00,1306.10,1304.10,1304.20,72935
1787564580000000000,1304.90,1305.20,1304.20,1305.10,28424
1787564640000000000,1305.00,1305.10,1302.90,1304.10,68944
1787564700000000000,1304.10,1304.10,1304.10,1304.10,0
1787564760000000000,1304.10,1304.10,1304.10,1304.10,0
1787564820000000000,1304.10,1304.10,1304.10,1304.10,0
1787564880000000000,1304.10,1304.10,1304.10,1304.10,0
1787564940000000000,1304.10,1304.10,1304.10,1304.10,0
1787565000000000000,1304.10,1304.10,1304.10,1304.10,0
1787565060000000000,1304.10,1304.10,1304.10,1304.10,0
1787565120000000000,1304.10,1304.10,1304.10,1304.10,0
1787565180000000000,1304.10,1304.10,1304.10,1304.10,0
1787565240000000000,1304.10,1304.10,1304.10,1304.10,0
1787565300000000000,1304.10,1304.10,1304.10,1304.10,0
1787565360000000000,1304.10,1304.10,1304.10,1304.10,0
1787565420000000000,1304.10,1304.10,1304.10,1304.10,0
1787565480000000000,1304.10,1304.10,1304.10,1304.10,0
1787565540000000000,1309.80,1309.80,1309.80,1309.80,377584
1787629500000000000,1304.30,1305.90,1302.00,1302.60,78467
1787629560000000000,1302.60,1302.90,1301.80,1302.60,29465
1787629620000000000,1302.60,1303.20,1302.10,1302.90,29105
1787629680000000000,1302.80,1304.00,1302.80,1303.60,19847
1787629740000000000,1303.90,1306.10,1303.20,1304.50,41182
1787629800000000000,1305.00,1305.00,1303.20,1304.30,20733
1787629860000000000,1303.80,1304.70,1303.40,1304.00,27533
1787629920000000000,1304.00,1304.30,1303.00,1303.10,28377
1787629980000000000,1303.10,1303.30,1302.80,1303.30,19571
1787630040000000000,1303.20,1303.30,1302.60,1303.00,17091
1787630100000000000,1303.00,1303.10,1302.50,1302.60,10318
1787630160000000000,1302.60,1303.30,1302.60,1303.00,14733
1787630220000000000,1303.00,1303.50,1302.70,1303.20,19259
1787630280000000000,1303.40,1303.70,1303.10,1303.10,9490
1787630340000000000,1303.40,1303.50,1302.70,1302.90,16537
1787630400000000000,1302.70,1302.90,1302.00,1302.30,18702
1787630460000000000,1302.40,1302.80,1302.00,1302.80,9258
1787630520000000000,1302.80,1303.00,1302.50,1302.80,11857
1787630580000000000,1302.60,1303.50,1302.60,1303.10,8958
1787630640000000000,1303.20,1303.50,1303.10,1303.50,5970
1787630700000000000,1303.50,1303.70,1303.40,1303.60,7482
1787630760000000000,1303.50,1303.60,1303.00,1303.20,8717
1787630820000000000,1303.20,1303.40,1303.00,1303.20,12488
1787630880000000000,1303.20,1304.10,1302.80,1303.30,48652
1787630940000000000,1303.10,1303.30,1303.00,1303.20,5012
1787631000000000000,1303.20,1303.30,1303.00,1303.20,3917
1787631060000000000,1303.20,1304.70,1302.90,1303.90,23832
1787631120000000000,1303.90,1303.90,1303.40,1303.80,4468
1787631180000000000,1303.80,1303.90,1303.40,1303.40,4682
1787631240000000000,1303.50,1303.60,1303.00,1303.30,4421
1787631300000000000,1303.30,1303.30,1302.80,1303.00,8806
1787631360000000000,1303.00,1303.50,1302.80,1303.50,7960
1787631420000000000,1303.50,1303.60,1302.90,1303.10,4936
1787631480000000000,1303.30,1303.40,1302.50,1302.80,7461
1787631540000000000,1302.80,1302.90,1302.00,1302.50,14102
1787631600000000000,1302.50,1302.60,1302.00,1302.30,8917
1787631660000000000,1302.30,1302.40,1301.50,1301.50,16835
1787631720000000000,1301.70,1301.70,1300.50,1300.50,38393
1787631780000000000,1300.60,1301.30,1300.50,1301.00,14918
1787631840000000000,1300.70,1301.70,1300.70,1301.50,16115
1787631900000000000,1301.50,1301.50,1301.00,1301.50,5170
1787631960000000000,1301.50,1301.80,1301.10,1301.40,10662
1787632020000000000,1301.30,1301.80,1301.20,1301.20,5188
1787632080000000000,1301.60,1301.70,1301.20,1301.70,5319
1787632140000000000,1301.70,1301.70,1301.10,1301.60,11160
1787632200000000000,1301.60,1301.60,1301.00,1301.30,20193
1787632260000000000,1301.30,1301.40,1301.00,1301.40,8133
1787632320000000000,1301.40,1301.40,1300.80,1301.00,7056
1787632380000000000,1301.00,1301.20,1300.90,1301.20,10436
1787632440000000000,1301.20,1301.30,1300.80,1301.20,5261
1787632500000000000,1301.20,1301.20,1300.80,1301.00,4062
1787632560000000000,1301.00,1301.40,1300.80,1301.20,11742
1787632620000000000,1301.40,1301.40,1301.00,1301.00,8317
1787632680000000000,1301.20,1301.90,1301.00,1301.00,14000
1787632740000000000,1301.20,1301.30,1301.00,1301.10,11759
1787632800000000000,1301.10,1301.70,1301.00,1301.50,11949
1787632860000000000,1301.70,1301.90,1301.20,1301.70,9800
1787632920000000000,1301.80,1301.80,1301.20,1301.60,7230
1787632980000000000,1301.60,1301.80,1301.00,1301.40,12618
1787633040000000000,1301.40,1302.10,1301.10,1302.10,16462
1787633100000000000,1302.10,1302.20,1301.60,1301.90,7120
1787633160000000000,1302.10,1302.20,1301.80,1301.80,12973
1787633220000000000,1302.20,1302.30,1301.40,1302.10,8969
1787633280000000000,1302.10,1302.10,1301.20,1301.80,10614
1787633340000000000,1301.80,1301.80,1301.00,1301.60,10157
1787633400000000000,1301.60,1302.20,1301.40,1302.00,13270
1787633460000000000,1302.00,1302.00,1300.60,1300.80,19174
1787633520000000000,1300.80,1301.00,1300.60,1300.70,14778
1787633580000000000,1300.70,1300.80,1300.10,1300.50,25548
1787633640000000000,1300.50,1300.90,1300.20,1300.30,12044
1787633700000000000,1300.40,1300.50,1300.00,1300.50,32307
1787633760000000000,1300.50,1300.50,1300.20,1300.30,6903
1787633820000000000,1300.30,1300.80,1300.20,1300.60,8526
1787633880000000000,1300.70,1301.00,1300.30,1300.90,9755
1787633940000000000,1300.90,1300.90,1300.20,1300.30,11474
1787634000000000000,1300.50,1300.90,1300.20,1300.80,8468
1787634060000000000,1300.80,1300.80,1300.20,1300.20,8264
1787634120000000000,1300.30,1300.90,1300.20,1300.80,9112
1787634180000000000,1300.80,1300.90,1300.40,1300.80,6477
1787634240000000000,1300.80,1301.30,1300.70,1300.80,8262
1787634300000000000,1300.80,1300.80,1300.20,1300.50,7764
1787634360000000000,1300.60,1300.80,1300.30,1300.80,9666
1787634420000000000,1300.80,1301.10,1300.60,1301.10,4726
1787634480000000000,1301.10,1301.10,1300.90,1300.90,5579
1787634540000000000,1301.00,1301.50,1300.90,1301.20,9195
1787634600000000000,1301.30,1301.40,1300.80,1301.20,7728
1787634660000000000,1301.20,1301.60,1301.10,1301.60,17332
1787634720000000000,1301.60,1301.70,1301.30,1301.40,9508
1787634780000000000,1301.40,1301.50,1300.80,1301.40,11920
1787634840000000000,1301.40,1301.50,1301.00,1301.40,9023
1787634900000000000,1301.40,1301.90,1301.10,1301.90,17218
1787634960000000000,1301.90,1301.90,1301.30,1301.80,9600
1787635020000000000,1301.90,1302.00,1301.80,1302.00,9342
1787635080000000000,1302.00,1303.10,1301.90,1302.10,33681
1787635140000000000,1302.40,1302.80,1302.10,1302.50,15496
1787635200000000000,1302.80,1302.90,1302.20,1302.30,15865
1787635260000000000,1302.40,1302.80,1302.30,1302.80,9471
1787635320000000000,1302.80,1303.20,1302.60,1303.20,15488
1787635380000000000,1303.20,1303.20,1302.50,1302.90,11890
1787635440000000000,1302.90,1302.90,1302.50,1302.50,8542
1787635500000000000,1302.70,1302.90,1302.50,1302.50,16654
1787635560000000000,1302.80,1302.80,1302.00,1302.20,10968
1787635620000000000,1302.20,1302.40,1301.80,1301.80,10934
1787635680000000000,1302.00,1302.20,1301.30,1301.80,7339
1787635740000000000,1301.50,1302.00,1301.30,1301.60,8119
1787635800000000000,1301.90,1302.00,1301.50,1301.90,8969
1787635860000000000,1301.90,1302.00,1301.40,1302.00,19893
1787635920000000000,1302.00,1302.10,1301.70,1301.90,7304
1787635980000000000,1302.10,1302.20,1301.40,1302.00,8102
1787636040000000000,1302.00,1302.20,1301.60,1301.90,12270
1787636100000000000,1301.90,1302.30,1301.80,1302.00,10530
1787636160000000000,1302.10,1302.30,1301.80,1302.00,10066
1787636220000000000,1302.30,1302.40,1301.80,1302.00,11403
1787636280000000000,1302.20,1302.20,1301.80,1302.00,5106
1787636340000000000,1302.00,1302.00,1301.60,1301.60,5264
1787636400000000000,1301.80,1302.00,1301.40,1301.60,5611
1787636460000000000,1301.60,1301.70,1301.00,1301.50,11966
1787636520000000000,1301.50,1301.60,1301.00,1301.20,5767
1787636580000000000,1301.40,1301.40,1301.20,1301.40,3543
1787636640000000000,1301.40,1301.50,1301.20,1301.50,5245
1787636700000000000,1301.50,1301.60,1301.00,1301.10,8001
1787636760000000000,1301.20,1301.60,1301.00,1301.10,8425
1787636820000000000,1301.10,1301.30,1300.90,1301.10,8123
1787636880000000000,1301.10,1301.40,1300.90,1301.40,4162
1787636940000000000,1301.40,1301.40,1300.90,1301.30,7140
1787637000000000000,1301.30,1302.10,1301.20,1301.90,36972
1787637060000000000,1301.90,1302.10,1301.60,1302.10,19279
1787637120000000000,1302.00,1302.10,1302.00,1302.00,7277
1787637180000000000,1302.10,1302.10,1301.90,1302.00,13881
1787637240000000000,1302.00,1302.20,1301.90,1302.00,7549
1787637300000000000,1302.20,1302.50,1302.00,1302.40,7289
1787637360000000000,1302.40,1302.40,1302.00,1302.00,8039
1787637420000000000,1302.30,1302.30,1301.40,1301.40,15779
1787637480000000000,1301.90,1301.90,1301.30,1301.90,11208
1787637540000000000,1301.90,1302.00,1301.20,1301.50,8350
1787637600000000000,1301.50,1301.50,1301.20,1301.50,3239
1787637660000000000,1301.50,1302.00,1301.30,1302.00,3104
1787637720000000000,1302.00,1302.10,1301.40,1302.00,18283
1787637780000000000,1302.10,1302.10,1301.50,1301.80,43425
1787637840000000000,1302.00,1302.10,1301.80,1302.00,2857
1787637900000000000,1302.10,1302.20,1301.80,1302.00,3168
1787637960000000000,1302.00,1302.00,1301.80,1301.80,2498
1787638020000000000,1301.90,1301.90,1301.70,1301.70,3474
1787638080000000000,1301.90,1302.10,1301.10,1301.50,31524
1787638140000000000,1302.00,1302.00,1301.50,1301.70,4509
1787638200000000000,1301.90,1301.90,1301.70,1301.70,2226
1787638260000000000,1301.90,1302.40,1301.70,1302.10,6339
1787638320000000000,1302.40,1302.70,1302.10,1302.60,6011
1787638380000000000,1302.70,1302.80,1302.30,1302.80,18380
1787638440000000000,1302.80,1302.90,1302.30,1302.80,26400
1787638500000000000,1302.90,1303.10,1302.80,1303.10,8980
1787638560000000000,1303.10,1303.10,1302.60,1302.90,6143
1787638620000000000,1302.90,1302.90,1302.60,1302.70,3732
1787638680000000000,1302.70,1302.90,1302.50,1302.70,5074
1787638740000000000,1302.90,1302.90,1302.00,1302.60,25425
1787638800000000000,1302.60,1302.70,1302.00,1302.00,24689
1787638860000000000,1302.50,1302.80,1302.00,1302.30,27007
1787638920000000000,1302.50,1302.70,1302.30,1302.60,4650
1787638980000000000,1302.60,1302.90,1302.50,1302.70,5749
1787639040000000000,1302.90,1302.90,1302.70,1302.70,2962
1787639100000000000,1302.90,1304.00,1302.40,1303.90,34978
1787639160000000000,1303.90,1304.00,1303.30,1303.60,15041
1787639220000000000,1304.00,1304.00,1303.60,1303.90,7194
1787639280000000000,1304.00,1304.90,1303.90,1304.80,30145
1787639340000000000,1304.80,1304.90,1304.20,1304.90,10088
1787639400000000000,1304.80,1304.80,1303.30,1303.60,15254
1787639460000000000,1304.00,1304.00,1302.50,1302.70,61554
1787639520000000000,1303.20,1304.00,1302.50,1303.50,74346
1787639580000000000,1304.00,1304.40,1303.30,1304.30,28765
1787639640000000000,1304.30,1305.30,1304.00,1305.30,75076
1787639700000000000,1305.30,1305.60,1304.70,1304.90,16253
1787639760000000000,1304.90,1305.70,1304.70,1305.00,76234
1787639820000000000,1305.20,1305.90,1304.80,1305.40,92041
1787639880000000000,1305.40,1305.40,1305.00,1305.20,17152
1787639940000000000,1305.20,1305.30,1305.00,1305.00,18579
1787640000000000000,1305.20,1305.20,1304.70,1304.90,36971
1787640060000000000,1304.90,1305.00,1304.70,1305.00,8053
1787640120000000000,1305.00,1305.00,1304.10,1304.50,12264
1787640180000000000,1305.00,1305.00,1304.30,1304.80,6348
1787640240000000000,1304.80,1304.80,1304.40,1304.50,4388
1787640300000000000,1304.80,1305.60,1304.50,1305.50,30700
1787640360000000000,1305.50,1305.70,1304.60,1305.00,35851
1787640420000000000,1305.00,1305.30,1304.60,1304.60,3550
1787640480000000000,1304.80,1304.80,1304.50,1304.60,3728
1787640540000000000,1304.80,1305.00,1304.50,1304.70,5560
1787640600000000000,1304.80,1305.50,1304.70,1305.50,13896
1787640660000000000,1305.50,1305.60,1305.00,1305.50,24402
1787640720000000000,1305.60,1305.60,1305.00,1305.50,41244
1787640780000000000,1305.50,1305.50,1305.00,1305.50,8355
1787640840000000000,1305.50,1305.60,1304.90,1305.00,38627
1787640900000000000,1305.30,1306.00,1305.00,1305.60,44282
1787640960000000000,1306.00,1306.00,1305.30,1305.50,23424
1787641020000000000,1305.90,1306.00,1304.50,1305.50,67104
1787641080000000000,1305.50,1306.00,1305.30,1305.60,6977
1787641140000000000,1305.60,1305.60,1304.70,1305.10,4613
1787641200000000000,1305.10,1305.10,1303.10,1303.20,29535
1787641260000000000,1303.50,1303.60,1302.50,1303.60,81651
1787641320000000000,1303.60,1304.40,1303.10,1304.20,16769
1787641380000000000,1304.20,1304.70,1304.10,1304.70,5987
1787641440000000000,1304.70,1304.90,1303.10,1303.70,49543
1787641500000000000,1303.70,1304.30,1303.40,1304.00,9291
1787641560000000000,1304.10,1304.90,1304.00,1304.60,8969
1787641620000000000,1304.90,1304.90,1304.10,1304.50,6051
1787641680000000000,1304.90,1304.90,1304.50,1304.60,3462
1787641740000000000,1304.70,1304.90,1304.60,1304.80,3894
1787641800000000000,1304.80,1304.80,1304.30,1304.50,6805
1787641860000000000,1304.50,1304.50,1304.30,1304.40,3696
1787641920000000000,1304.50,1304.60,1304.40,1304.40,3688
1787641980000000000,1304.50,1304.50,1304.00,1304.00,6025
1787642040000000000,1304.30,1305.10,1304.00,1304.00,62676
1787642100000000000,1304.10,1304.90,1304.00,1304.60,18840
1787642160000000000,1304.70,1305.00,1304.00,1304.00,31242
1787642220000000000,1304.10,1304.10,1303.10,1303.40,16011
1787642280000000000,1303.40,1304.10,1303.30,1303.50,29860
1787642340000000000,1303.60,1304.50,1303.50,1304.30,6656
1787642400000000000,1304.50,1304.50,1304.30,1304.40,7553
1787642460000000000,1304.50,1304.50,1303.50,1303.70,31751
1787642520000000000,1304.00,1304.50,1303.10,1303.90,13920
1787642580000000000,1304.20,1304.20,1302.90,1303.40,18690
1787642640000000000,1303.40,1303.80,1302.50,1302.50,23880
1787642700000000000,1302.90,1303.60,1302.60,1303.50,21063
1787642760000000000,1303.50,1303.80,1302.80,1303.60,15751
1787642820000000000,1303.50,1304.00,1302.90,1303.40,38538
1787642880000000000,1303.40,1304.00,1303.00,1303.30,16965
1787642940000000000,1303.30,1304.20,1303.20,1303.50,38824
1787643000000000000,1303.50,1303.90,1303.10,1303.40,9013
1787643060000000000,1303.40,1303.60,1301.30,1302.20,34100
1787643120000000000,1302.50,1302.90,1302.20,1302.60,7493
1787643180000000000,1302.90,1303.00,1302.50,1302.90,11216
1787643240000000000,1302.90,1303.20,1302.50,1303.20,9068
1787643300000000000,1303.20,1303.20,1302.70,1303.00,7987
1787643360000000000,1303.20,1303.20,1303.00,1303.10,7089
1787643420000000000,1303.20,1303.20,1303.00,1303.00,13167
1787643480000000000,1303.10,1303.20,1302.50,1302.90,25429
1787643540000000000,1302.90,1302.90,1302.50,1302.90,4841
1787643600000000000,1302.90,1303.00,1302.50,1302.60,2904
1787643660000000000,1303.00,1303.20,1302.60,1303.20,14327
1787643720000000000,1303.20,1303.20,1302.40,1302.70,9625
1787643780000000000,1303.00,1303.10,1302.40,1302.90,10145
1787643840000000000,1302.90,1303.00,1302.40,1302.50,5640
1787643900000000000,1302.70,1303.40,1302.40,1303.00,27647
1787643960000000000,1303.10,1303.20,1303.00,1303.00,21324
1787644020000000000,1303.20,1303.20,1302.60,1303.20,11604
1787644080000000000,1303.20,1303.20,1302.60,1302.60,7409
1787644140000000000,1302.80,1303.10,1302.50,1302.50,8067
1787644200000000000,1303.00,1303.10,1302.40,1302.60,8833
1787644260000000000,1302.60,1302.60,1302.10,1302.10,13774
1787644320000000000,1302.60,1302.90,1302.20,1302.60,4782
1787644380000000000,1302.80,1302.80,1302.00,1302.20,9786
1787644440000000000,1302.30,1302.50,1301.60,1301.80,15960
1787644500000000000,1301.90,1302.30,1301.50,1301.80,8032
1787644560000000000,1302.00,1302.50,1301.80,1302.50,11268
1787644620000000000,1302.50,1302.60,1302.00,1302.60,10512
1787644680000000000,1302.20,1302.60,1302.20,1302.40,3453
1787644740000000000,1302.40,1302.40,1302.00,1302.20,4011
1787644800000000000,1302.00,1302.50,1301.80,1302.50,6776
1787644860000000000,1302.50,1303.00,1302.10,1302.70,11681
1787644920000000000,1302.50,1303.00,1302.50,1302.80,4249
1787644980000000000,1302.70,1303.50,1302.70,1302.90,9769
1787645040000000000,1303.00,1303.40,1302.50,1303.00,6669
1787645100000000000,1303.00,1303.00,1301.60,1302.10,19922
1787645160000000000,1302.50,1302.90,1302.00,1302.90,24846
1787645220000000000,1302.60,1302.90,1301.70,1302.40,6843
1787645280000000000,1302.30,1302.40,1301.80,1301.90,4675
1787645340000000000,1302.00,1302.70,1301.80,1302.50,9787
1787645400000000000,1302.60,1302.90,1302.40,1302.80,4605
1787645460000000000,1302.80,1302.80,1302.50,1302.50,6601
1787645520000000000,1302.50,1302.70,1302.00,1302.30,9531
1787645580000000000,1302.50,1302.70,1302.10,1302.70,5509
1787645640000000000,1302.70,1303.00,1301.60,1302.50,25126
1787645700000000000,1302.40,1302.70,1302.20,1302.40,6481
1787645760000000000,1302.30,1302.70,1302.30,1302.40,5601
1787645820000000000,1302.40,1302.70,1302.10,1302.30,5872
1787645880000000000,1302.20,1302.30,1301.70,1301.90,13493
1787645940000000000,1302.00,1302.10,1301.20,1301.50,25633
1787646000000000000,1301.50,1302.00,1301.20,1301.70,14552
1787646060000000000,1301.80,1303.00,1301.60,1303.00,19590
1787646120000000000,1302.90,1303.40,1302.50,1302.90,20425
1787646180000000000,1302.90,1304.00,1302.50,1303.30,12224
1787646240000000000,1303.80,1305.00,1303.60,1304.40,25866
1787646300000000000,1304.90,1304.90,1303.30,1303.30,48949
1787646360000000000,1303.50,1303.80,1303.00,1303.30,44431
1787646420000000000,1303.50,1303.70,1302.70,1303.60,18595
1787646480000000000,1303.60,1303.90,1303.30,1303.80,11572
1787646540000000000,1303.80,1303.90,1303.70,1303.80,5362
1787646600000000000,1303.90,1303.90,1303.30,1303.50,6164
1787646660000000000,1303.60,1303.70,1303.10,1303.40,5967
1787646720000000000,1303.40,1303.70,1303.30,1303.50,6404
1787646780000000000,1303.60,1303.80,1301.50,1302.30,19942
1787646840000000000,1302.30,1303.70,1302.30,1303.30,10260
1787646900000000000,1303.30,1303.90,1303.10,1303.80,10517
1787646960000000000,1303.80,1303.90,1303.20,1303.50,6034
1787647020000000000,1303.60,1303.80,1303.00,1303.10,9228
1787647080000000000,1303.30,1303.50,1302.80,1303.30,11561
1787647140000000000,1303.20,1303.50,1302.90,1303.50,5435
1787647200000000000,1303.30,1303.70,1303.10,1303.50,5334
1787647260000000000,1303.50,1304.30,1303.50,1304.20,7514
1787647320000000000,1304.10,1304.30,1303.60,1303.60,8833
1787647380000000000,1303.80,1304.20,1303.80,1304.00,8676
1787647440000000000,1304.10,1304.20,1303.40,1303.80,7654
1787647500000000000,1303.70,1304.20,1303.60,1304.10,6003
1787647560000000000,1304.10,1304.30,1304.10,1304.30,5850
1787647620000000000,1304.30,1304.30,1303.50,1303.90,7259
1787647680000000000,1304.00,1304.10,1303.90,1304.00,8706
1787647740000000000,1304.00,1304.30,1304.00,1304.30,5979
1787647800000000000,1304.20,1304.50,1304.00,1304.40,16739
1787647860000000000,1304.40,1304.50,1304.00,1304.40,13634
1787647920000000000,1304.40,1304.50,1304.20,1304.40,8725
1787647980000000000,1304.40,1304.90,1304.10,1304.70,9340
1787648040000000000,1304.70,1304.80,1304.00,1304.40,8955
1787648100000000000,1304.30,1304.90,1304.20,1304.70,11530
1787648160000000000,1304.70,1304.90,1304.70,1304.80,8579
1787648220000000000,1304.80,1305.20,1304.20,1304.90,31371
1787648280000000000,1304.90,1305.50,1304.90,1305.50,24593
1787648340000000000,1305.40,1306.00,1305.00,1306.00,18392
1787648400000000000,1305.90,1306.00,1305.00,1305.40,21379
1787648460000000000,1305.40,1307.00,1305.00,1306.50,102980
1787648520000000000,1306.50,1307.00,1305.90,1306.80,23560
1787648580000000000,1306.90,1307.00,1306.10,1306.60,45074
1787648640000000000,1306.60,1306.70,1304.70,1305.60,27035
1787648700000000000,1305.80,1306.70,1305.70,1306.50,14014
1787648760000000000,1306.50,1306.60,1305.40,1305.50,16334
1787648820000000000,1305.50,1305.60,1304.40,1305.10,22869
1787648880000000000,1305.50,1306.20,1305.40,1305.90,8767
1787648940000000000,1305.80,1306.00,1305.80,1305.90,10898
1787649000000000000,1305.90,1306.20,1305.60,1306.20,31276
1787649060000000000,1306.00,1306.60,1305.60,1306.20,29942
1787649120000000000,1306.20,1306.70,1306.20,1306.70,11509
1787649180000000000,1306.60,1306.70,1306.00,1306.10,8864
1787649240000000000,1306.40,1306.70,1305.90,1306.70,10008
1787649300000000000,1306.30,1306.70,1306.00,1306.70,10786
1787649360000000000,1306.50,1306.70,1306.30,1306.70,9801
1787649420000000000,1306.60,1306.90,1306.30,1306.60,58404
1787649480000000000,1306.70,1307.70,1306.50,1307.70,67165
1787649540000000000,1307.60,1308.90,1307.50,1308.90,24674
1787649600000000000,1308.90,1309.00,1308.10,1308.50,22269
1787649660000000000,1309.00,1309.80,1308.50,1309.80,27647
1787649720000000000,1309.60,1310.00,1309.30,1310.00,47883
1787649780000000000,1309.90,1310.40,1309.60,1309.90,456313
1787649840000000000,1309.80,1309.90,1308.90,1309.60,18676
1787649900000000000,1309.60,1309.90,1308.80,1309.50,17478
1787649960000000000,1309.50,1310.90,1309.30,1310.70,85217
1787650020000000000,1310.50,1311.00,1310.30,1310.50,18346
1787650080000000000,1310.50,1311.40,1310.30,1311.00,33633
1787650140000000000,1311.00,1312.50,1311.00,1312.20,44388
1787650200000000000,1311.90,1312.30,1311.00,1311.50,21376
1787650260000000000,1311.50,1311.90,1310.80,1311.20,17441
1787650320000000000,1311.40,1312.80,1310.80,1312.40,30080
1787650380000000000,1312.40,1313.00,1311.30,1312.40,57871
1787650440000000000,1312.40,1314.30,1312.30,1314.00,55978
1787650500000000000,1314.00,1314.20,1313.50,1313.80,52667
1787650560000000000,1313.70,1314.60,1313.40,1314.00,29533
1787650620000000000,1314.00,1314.30,1313.60,1313.60,30073
1787650680000000000,1313.60,1313.90,1313.00,1313.20,23355
1787650740000000000,1313.20,1313.70,1312.00,1313.10,30034
1787650800000000000,1312.90,1315.40,1312.40,1314.00,165134
1787650860000000000,1314.00,1315.20,1314.00,1315.10,28693
1787650920000000000,1315.10,1317.10,1314.10,1315.10,141708
1787650980000000000,1315.30,1315.70,1313.20,1314.30,44456
1787651040000000000,1314.30,1315.00,1311.60,1312.70,29794
1787651100000000000,1312.70,1312.70,1312.70,1312.70,0
1787651160000000000,1312.70,1312.70,1312.70,1312.70,0
1787651220000000000,1312.70,1312.70,1312.70,1312.70,0
1787651280000000000,1312.70,1312.70,1312.70,1312.70,0
1787651340000000000,1312.70,1312.70,1312.70,1312.70,0
1787651400000000000,1312.70,1312.70,1312.70,1312.70,0
1787651460000000000,1312.70,1312.70,1312.70,1312.70,0
1787651520000000000,1312.70,1312.70,1312.70,1312.70,0
1787651580000000000,1312.70,1312.70,1312.70,1312.70,0
1787651640000000000,1312.70,1312.70,1312.70,1312.70,0
1787651700000000000,1312.70,1312.70,1312.70,1312.70,0
1787651760000000000,1312.70,1312.70,1312.70,1312.70,0
1787651820000000000,1312.70,1312.70,1312.70,1312.70,0
1787651880000000000,1317.00,1317.00,1317.00,1317.00,280640
1787651940000000000,1317.00,1317.00,1317.00,1317.00,0
1787715900000000000,1310.00,1314.80,1308.00,1309.90,305033
1787715960000000000,1309.90,1312.50,1308.60,1312.20,54882
1787716020000000000,1312.00,1313.00,1311.50,1312.40,20867
1787716080000000000,1312.20,1312.40,1310.40,1310.50,24933
1787716140000000000,1310.50,1311.10,1309.80,1310.00,19469
1787716200000000000,1310.00,1310.90,1309.20,1310.20,16827
1787716260000000000,1310.70,1311.40,1309.60,1310.40,25549
1787716320000000000,1310.70,1312.00,1310.70,1311.90,11024
1787716380000000000,1311.90,1312.20,1311.50,1311.60,7790
1787716440000000000,1311.50,1312.30,1311.50,1311.90,12106
1787716500000000000,1311.80,1312.10,1311.30,1312.00,15380
1787716560000000000,1312.00,1312.50,1311.50,1311.90,11629
1787716620000000000,1311.50,1311.80,1311.00,1311.00,14166
1787716680000000000,1311.10,1312.00,1311.00,1311.10,8427
1787716740000000000,1311.10,1311.30,1310.60,1311.10,11496
1787716800000000000,1311.20,1312.00,1310.10,1310.20,24743
1787716860000000000,1310.10,1310.20,1309.00,1309.20,32209
1787716920000000000,1309.50,1310.40,1309.20,1309.90,33931
1787716980000000000,1310.10,1310.50,1309.90,1310.00,7206
1787717040000000000,1309.90,1310.10,1309.50,1309.50,13293
1787717100000000000,1309.60,1310.40,1309.50,1310.30,10280
1787717160000000000,1310.30,1310.30,1309.60,1309.70,9593
1787717220000000000,1309.60,1309.80,1309.00,1309.30,12043
1787717280000000000,1309.50,1310.00,1309.10,1309.70,10229
1787717340000000000,1309.70,1310.00,1309.70,1309.80,4874
1787717400000000000,1310.00,1310.70,1309.80,1310.50,10753
1787717460000000000,1310.60,1311.00,1310.50,1310.90,7997
1787717520000000000,1310.80,1311.00,1310.00,1310.00,18329
1787717580000000000,1310.00,1310.80,1310.00,1310.50,6820
1787717640000000000,1310.50,1311.00,1310.30,1310.90,7913
1787717700000000000,1310.90,1310.90,1310.50,1310.80,10061
1787717760000000000,1310.70,1311.30,1310.50,1311.20,46748
1787717820000000000,1311.20,1312.70,1311.20,1312.00,17220
1787717880000000000,1312.00,1315.00,1311.60,1314.40,46530
1787717940000000000,1314.40,1314.60,1313.40,1313.70,32814
1787718000000000000,1313.80,1314.50,1313.80,1314.30,16055
1787718060000000000,1314.30,1315.60,1314.20,1314.40,23197
1787718120000000000,1314.50,1314.60,1313.40,1313.60,13770
1787718180000000000,1313.50,1313.60,1313.10,1313.20,7301
1787718240000000000,1313.10,1313.40,1312.30,1313.20,13548
1787718300000000000,1313.30,1314.00,1313.20,1313.70,6545
1787718360000000000,1313.70,1313.80,1312.00,1312.10,11868
1787718420000000000,1312.00,1312.90,1311.40,1312.00,16632
1787718480000000000,1312.00,1312.40,1312.00,1312.40,5405
1787718540000000000,1312.30,1312.80,1312.00,1312.30,6172
1787718600000000000,1312.30,1313.00,1312.30,1313.00,8614
1787718660000000000,1312.90,1313.00,1312.50,1312.60,8291
1787718720000000000,1312.70,1313.50,1312.00,1313.30,7529
1787718780000000000,1313.40,1315.20,1313.30,1315.00,31464
1787718840000000000,1315.00,1315.30,1314.70,1315.30,16772
1787718900000000000,1315.30,1315.50,1315.00,1315.00,10786
1787718960000000000,1315.00,1315.20,1313.80,1314.00,19163
1787719020000000000,1314.10,1314.50,1313.20,1313.60,6312
1787719080000000000,1313.50,1313.70,1313.20,1313.70,4456
1787719140000000000,1313.70,1313.80,1313.20,1313.40,4781
1787719200000000000,1313.50,1313.60,1313.10,1313.20,1939
1787719260000000000,1313.10,1313.10,1312.10,1312.10,10127
1787719320000000000,1312.30,1313.40,1312.10,1313.40,9024
1787719380000000000,1313.30,1313.30,1312.50,1312.50,8276
1787719440000000000,1312.50,1313.00,1312.40,1312.60,4781
1787719500000000000,1312.60,1313.40,1312.50,1313.10,8657
1787719560000000000,1313.10,1313.10,1312.30,1312.50,6086
1787719620000000000,1312.40,1312.40,1311.60,1311.60,9760
1787719680000000000,1311.70,1311.70,1311.00,1311.20,9984
1787719740000000000,1311.10,1311.20,1310.70,1311.10,4988
1787719800000000000,1311.00,1311.10,1310.40,1310.50,7514
1787719860000000000,1310.40,1311.00,1310.40,1310.90,6968
1787719920000000000,1311.00,1311.90,1310.90,1311.60,7738
1787719980000000000,1311.50,1311.60,1311.00,1311.00,7784
1787720040000000000,1311.00,1311.40,1310.50,1311.00,8867
1787720100000000000,1311.00,1311.50,1310.70,1310.70,8510
1787720160000000000,1311.00,1311.70,1310.60,1311.50,7180
1787720220000000000,1311.50,1311.80,1311.40,1311.50,3103
1787720280000000000,1311.40,1311.70,1311.40,1311.70,2965
1787720340000000000,1311.60,1311.90,1311.10,1311.60,21585
1787720400000000000,1311.50,1311.80,1311.10,1311.50,10234
1787720460000000000,1311.60,1313.90,1311.50,1313.80,24470
1787720520000000000,1313.80,1314.00,1313.50,1314.00,8360
1787720580000000000,1313.90,1314.00,1313.10,1313.40,6808
1787720640000000000,1313.00,1313.40,1312.80,1313.30,6711
1787720700000000000,1313.30,1313.30,1312.80,1312.80,2548
1787720760000000000,1312.90,1313.00,1312.30,1312.90,8869
1787720820000000000,1313.00,1313.30,1312.30,1312.40,16625
1787720880000000000,1312.60,1313.00,1312.30,1312.50,5342
1787720940000000000,1312.60,1313.10,1311.80,1311.90,25245
1787721000000000000,1311.80,1312.00,1311.50,1311.70,6401
1787721060000000000,1311.80,1312.00,1311.50,1311.70,5114
1787721120000000000,1311.70,1313.60,1311.50,1312.50,39358
1787721180000000000,1312.50,1313.20,1312.10,1312.50,11737
1787721240000000000,1312.50,1313.00,1312.50,1312.60,5074
1787721300000000000,1312.70,1312.80,1311.50,1311.90,9307
1787721360000000000,1311.50,1312.30,1311.40,1311.80,8877
1787721420000000000,1311.80,1311.90,1311.10,1311.30,5286
1787721480000000000,1311.40,1311.80,1311.10,1311.50,5539
1787721540000000000,1311.60,1312.80,1311.50,1312.00,8155
1787721600000000000,1312.00,1312.10,1311.50,1312.00,5325
1787721660000000000,1312.00,1312.20,1311.50,1311.60,2385
1787721720000000000,1311.70,1311.90,1311.10,1311.50,12843
1787721780000000000,1311.40,1312.20,1311.10,1311.80,6590
1787721840000000000,1312.20,1312.40,1311.50,1311.70,3843
1787721900000000000,1311.70,1311.70,1311.10,1311.10,1534
1787721960000000000,1311.20,1312.00,1311.10,1311.20,3674
1787722020000000000,1311.30,1312.30,1311.10,1311.90,5924
1787722080000000000,1311.90,1312.70,1311.90,1311.90,6474
1787722140000000000,1312.00,1312.00,1311.30,1311.40,2553
1787722200000000000,1311.40,1312.20,1311.30,1312.00,6336
1787722260000000000,1312.00,1312.00,1311.40,1311.70,3912
1787722320000000000,1311.60,1312.80,1311.60,1312.20,9489
1787722380000000000,1312.20,1312.40,1311.80,1312.20,5313
1787722440000000000,1312.20,1312.70,1311.30,1312.20,21443
1787722500000000000,1312.50,1312.50,1311.80,1311.90,2999
1787722560000000000,1311.90,1311.90,1311.20,1311.20,3064
1787722620000000000,1311.20,1311.90,1311.20,1311.40,5337
1787722680000000000,1311.40,1312.00,1311.30,1311.40,2635
1787722740000000000,1311.40,1311.70,1311.30,1311.50,4855
1787722800000000000,1311.70,1312.00,1311.50,1311.80,2212
1787722860000000000,1311.60,1312.00,1311.60,1311.60,3558
1787722920000000000,1311.60,1311.80,1311.60,1311.70,1028
1787722980000000000,1311.60,1311.70,1311.60,1311.60,2522
1787723040000000000,1311.60,1312.60,1311.60,1312.00,8539
1787723100000000000,1312.00,1312.20,1311.40,1311.40,7017
1787723160000000000,1311.50,1311.50,1310.50,1310.80,21607
1787723220000000000,1310.70,1311.30,1310.50,1310.60,4676
1787723280000000000,1310.60,1310.60,1310.50,1310.50,3012
1787723340000000000,1310.50,1310.70,1310.50,1310.50,2896
1787723400000000000,1310.50,1310.70,1310.50,1310.50,2913
1787723460000000000,1310.60,1311.80,1310.50,1310.80,6325
1787723520000000000,1310.90,1310.90,1310.10,1310.10,6767
1787723580000000000,1310.10,1310.20,1310.10,1310.10,6833
1787723640000000000,1310.10,1310.90,1310.10,1310.40,7595
1787723700000000000,1310.20,1310.50,1310.10,1310.40,8795
1787723760000000000,1310.40,1310.90,1310.30,1310.40,8669
1787723820000000000,1310.60,1310.90,1310.30,1310.80,1963
1787723880000000000,1310.80,1310.80,1310.20,1310.50,10556
1787723940000000000,1310.30,1310.50,1310.30,1310.40,6305
1787724000000000000,1310.50,1310.50,1310.30,1310.40,8463
1787724060000000000,1310.40,1310.40,1310.10,1310.20,2880
1787724120000000000,1310.20,1310.30,1309.20,1309.90,41196
1787724180000000000,1309.60,1309.90,1309.10,1309.50,7714
1787724240000000000,1309.50,1309.70,1309.30,1309.60,8242
1787724300000000000,1309.60,1310.50,1309.50,1310.00,8816
1787724360000000000,1310.00,1310.20,1309.60,1309.80,5773
1787724420000000000,1309.90,1310.10,1309.60,1309.90,5394
1787724480000000000,1309.80,1310.00,1309.80,1309.80,3535
1787724540000000000,1309.80,1309.90,1309.60,1309.70,3188
1787724600000000000,1309.60,1309.70,1309.40,1309.40,8960
1787724660000000000,1309.40,1310.50,1309.40,1309.80,8800
1787724720000000000,1310.00,1310.00,1309.70,1309.80,2125
1787724780000000000,1309.80,1310.20,1309.70,1310.20,4933
1787724840000000000,1310.10,1310.10,1309.90,1309.90,6587
1787724900000000000,1309.90,1310.00,1309.90,1309.90,682
1787724960000000000,1309.90,1310.00,1309.60,1309.70,5006
1787725020000000000,1309.60,1309.70,1309.40,1309.40,6598
1787725080000000000,1309.40,1309.50,1308.70,1308.90,20828
1787725140000000000,1308.90,1308.90,1308.50,1308.60,8479
1787725200000000000,1308.70,1308.80,1308.50,1308.60,10545
1787725260000000000,1308.60,1308.60,1308.00,1308.50,25170
1787725320000000000,1308.50,1308.90,1308.20,1308.60,17392
1787725380000000000,1308.60,1309.00,1308.50,1308.50,8487
1787725440000000000,1308.50,1308.70,1308.20,1308.20,6563
1787725500000000000,1308.30,1308.50,1308.10,1308.50,10763
1787725560000000000,1308.50,1308.80,1308.50,1308.70,4663
1787725620000000000,1308.80,1308.80,1308.10,1308.40,6604
1787725680000000000,1308.20,1308.90,1308.10,1308.40,6397
1787725740000000000,1308.30,1308.50,1308.10,1308.10,4118
1787725800000000000,1308.20,1308.50,1307.00,1307.20,16837
1787725860000000000,1307.20,1307.90,1307.20,1307.70,7774
1787725920000000000,1307.70,1308.00,1307.10,1307.60,8208
1787725980000000000,1307.60,1307.60,1307.30,1307.40,2552
1787726040000000000,1307.30,1308.00,1307.20,1308.00,40161
1787726100000000000,1307.40,1307.70,1307.00,1307.70,5461
1787726160000000000,1307.80,1307.80,1306.40,1306.40,26893
1787726220000000000,1306.50,1306.60,1305.60,1305.70,18549
1787726280000000000,1305.80,1306.10,1305.60,1306.10,11102
1787726340000000000,1306.10,1306.50,1306.00,1306.00,10651
1787726400000000000,1306.00,1306.60,1306.00,1306.00,8421
1787726460000000000,1306.00,1306.20,1305.90,1305.90,6729
1787726520000000000,1306.00,1306.00,1305.80,1305.90,5355
1787726580000000000,1305.80,1306.40,1305.80,1306.10,6960
1787726640000000000,1306.20,1306.70,1306.10,1306.40,11442
1787726700000000000,1306.40,1306.50,1305.80,1306.00,10972
1787726760000000000,1306.00,1306.50,1306.00,1306.40,4057
1787726820000000000,1306.30,1307.70,1306.30,1307.10,14506
1787726880000000000,1307.00,1307.40,1306.70,1307.00,23317
1787726940000000000,1306.80,1307.70,1306.70,1307.70,13918
1787727000000000000,1307.10,1307.80,1307.10,1307.20,10278
1787727060000000000,1307.10,1307.20,1307.10,1307.10,8578
1787727120000000000,1307.10,1307.20,1307.10,1307.10,4895
1787727180000000000,1307.10,1307.60,1307.10,1307.40,6565
1787727240000000000,1307.30,1308.10,1307.30,1307.50,10366
1787727300000000000,1307.50,1307.80,1307.20,1307.20,6536
1787727360000000000,1307.20,1307.30,1307.00,1307.00,4680
1787727420000000000,1307.00,1307.10,1307.00,1307.10,3126
1787727480000000000,1307.00,1307.10,1307.00,1307.00,5982
1787727540000000000,1307.00,1307.30,1307.00,1307.10,5750
1787727600000000000,1307.10,1307.20,1306.10,1306.30,16785
1787727660000000000,1306.30,1306.90,1306.20,1306.60,7664
1787727720000000000,1306.60,1306.80,1306.30,1306.30,2738
1787727780000000000,1306.30,1306.80,1306.30,1306.30,5959
1787727840000000000,1306.30,1306.90,1306.30,1306.80,6088
1787727900000000000,1306.70,1307.40,1306.70,1307.00,55303
1787727960000000000,1307.00,1307.30,1306.90,1307.10,13147
1787728020000000000,1307.00,1307.10,1307.00,1307.10,3256
1787728080000000000,1307.00,1307.10,1306.60,1306.70,7654
1787728140000000000,1306.70,1306.90,1306.60,1306.80,5608
1787728200000000000,1306.60,1306.80,1306.30,1306.30,6812
1787728260000000000,1306.30,1306.40,1306.00,1306.20,5991
1787728320000000000,1306.10,1306.50,1306.10,1306.40,3937
1787728380000000000,1306.40,1306.80,1306.40,1306.80,3879
1787728440000000000,1306.70,1306.80,1306.70,1306.70,2208
1787728500000000000,1306.70,1307.00,1306.70,1306.90,3667
1787728560000000000,1306.80,1307.90,1306.80,1307.40,7906
1787728620000000000,1307.40,1307.50,1306.50,1306.50,7562
1787728680000000000,1306.50,1306.60,1306.30,1306.40,4362
1787728740000000000,1306.30,1306.40,1306.30,1306.30,2712
1787728800000000000,1306.30,1306.60,1306.30,1306.60,5623
1787728860000000000,1306.50,1306.60,1306.50,1306.50,2687
1787728920000000000,1306.50,1306.60,1306.40,1306.40,3336
1787728980000000000,1306.40,1306.60,1306.10,1306.10,7292
1787729040000000000,1306.10,1306.30,1306.00,1306.10,3225
1787729100000000000,1306.00,1306.20,1306.00,1306.10,3006
1787729160000000000,1306.10,1306.40,1306.10,1306.20,3783
1787729220000000000,1306.20,1306.50,1306.20,1306.20,3130
1787729280000000000,1306.20,1307.00,1306.20,1306.60,4105
1787729340000000000,1306.60,1307.00,1306.60,1306.60,5332
1787729400000000000,1306.60,1306.70,1306.60,1306.70,2821
1787729460000000000,1306.60,1306.70,1306.50,1306.60,1697
1787729520000000000,1306.50,1306.60,1305.80,1305.90,15243
1787729580000000000,1305.80,1306.20,1305.60,1305.60,5641
1787729640000000000,1305.60,1305.90,1305.10,1305.60,11736
1787729700000000000,1305.60,1306.10,1305.40,1306.00,4386
1787729760000000000,1305.90,1306.20,1305.90,1306.10,1415
1787729820000000000,1306.00,1306.20,1306.00,1306.00,10344
1787729880000000000,1306.00,1306.10,1305.90,1306.00,4689
1787729940000000000,1305.90,1306.10,1305.50,1305.50,5625
1787730000000000000,1305.50,1305.60,1305.40,1305.50,2240
1787730060000000000,1305.50,1305.50,1305.40,1305.40,3481
1787730120000000000,1305.40,1305.50,1305.40,1305.40,1647
1787730180000000000,1305.40,1305.50,1305.20,1305.30,6199
1787730240000000000,1305.20,1305.30,1305.20,1305.30,2465
1787730300000000000,1305.20,1305.90,1305.20,1305.40,13504
1787730360000000000,1305.30,1305.40,1305.10,1305.20,11348
1787730420000000000,1305.10,1305.20,1304.00,1304.20,50372
1787730480000000000,1304.10,1305.00,1304.00,1304.80,7948
1787730540000000000,1304.60,1305.00,1304.50,1304.80,4245
1787730600000000000,1304.70,1304.90,1304.30,1304.40,5031
1787730660000000000,1304.30,1304.50,1304.30,1304.40,12414
1787730720000000000,1304.40,1304.50,1304.30,1304.40,12830
1787730780000000000,1304.40,1304.50,1304.20,1304.30,4867
1787730840000000000,1304.20,1304.40,1304.20,1304.40,2861
1787730900000000000,1304.30,1304.50,1304.30,1304.40,4751
1787730960000000000,1304.40,1304.50,1304.30,1304.30,5621
1787731020000000000,1304.30,1304.40,1303.50,1303.50,28272
1787731080000000000,1303.50,1303.80,1303.50,1303.80,10591
1787731140000000000,1303.80,1304.00,1303.70,1304.00,7476
1787731200000000000,1303.90,1304.20,1303.80,1303.80,7493
1787731260000000000,1303.80,1303.90,1303.80,1303.80,5948
1787731320000000000,1303.80,1303.90,1303.80,1303.90,4238
1787731380000000000,1303.80,1303.90,1303.80,1303.90,4251
1787731440000000000,1303.80,1303.90,1303.70,1303.90,4384
1787731500000000000,1303.80,1303.90,1303.40,1303.60,11248
1787731560000000000,1303.40,1303.80,1303.30,1303.50,13185
1787731620000000000,1303.40,1304.00,1303.40,1303.80,7315
1787731680000000000,1303.70,1303.90,1303.40,1303.80,20684
1787731740000000000,1303.80,1304.00,1303.70,1303.80,9389
1787731800000000000,1303.80,1304.40,1303.60,1304.10,9192
1787731860000000000,1304.00,1304.20,1303.80,1304.00,11613
1787731920000000000,1303.80,1304.10,1303.60,1303.70,4749
1787731980000000000,1303.60,1304.00,1303.50,1303.70,6784
1787732040000000000,1303.60,1303.90,1303.30,1303.30,8800
1787732100000000000,1303.30,1303.70,1302.50,1303.20,44172
1787732160000000000,1303.10,1303.30,1302.70,1303.20,5801
1787732220000000000,1303.20,1303.60,1302.90,1303.10,8138
1787732280000000000,1303.10,1303.20,1303.00,1303.00,4432
1787732340000000000,1303.00,1303.20,1303.00,1303.20,9537
1787732400000000000,1303.20,1303.30,1303.10,1303.20,6086
1787732460000000000,1303.10,1303.30,1303.10,1303.20,4547
1787732520000000000,1303.10,1303.90,1303.10,1303.80,8370
1787732580000000000,1303.60,1303.80,1303.30,1303.40,10777
1787732640000000000,1303.40,1303.50,1303.20,1303.20,10636
1787732700000000000,1303.20,1303.40,1303.20,1303.40,4541
1787732760000000000,1303.30,1303.40,1303.10,1303.20,4389
1787732820000000000,1303.10,1303.30,1303.10,1303.10,3305
1787732880000000000,1303.10,1303.50,1303.10,1303.50,6178
1787732940000000000,1303.40,1303.90,1303.40,1303.80,4834
1787733000000000000,1303.60,1303.70,1303.40,1303.50,9166
1787733060000000000,1303.30,1303.50,1303.10,1303.20,19010
1787733120000000000,1303.20,1303.80,1302.60,1303.10,43968
1787733180000000000,1303.10,1303.90,1303.10,1303.20,24149
1787733240000000000,1303.10,1303.20,1303.00,1303.10,4475
1787733300000000000,1303.10,1303.20,1303.00,1303.10,5710
1787733360000000000,1303.00,1303.10,1303.00,1303.00,6427
1787733420000000000,1303.00,1303.10,1302.60,1302.60,7047
1787733480000000000,1302.60,1303.20,1302.20,1302.60,20625
1787733540000000000,1302.60,1303.10,1302.50,1302.90,9219
1787733600000000000,1302.80,1302.90,1302.60,1302.60,11362
1787733660000000000,1302.60,1302.70,1302.60,1302.60,3909
1787733720000000000,1302.60,1304.00,1302.60,1303.80,16390
1787733780000000000,1303.60,1303.80,1303.10,1303.30,11493
1787733840000000000,1303.20,1303.30,1302.90,1303.00,14047
1787733900000000000,1302.90,1303.20,1302.90,1303.00,5722
1787733960000000000,1303.00,1304.50,1303.00,1304.30,26608
1787734020000000000,1304.20,1305.80,1304.20,1304.40,50344
1787734080000000000,1304.10,1304.20,1303.20,1303.70,11509
1787734140000000000,1303.70,1303.90,1303.50,1303.50,10972
1787734200000000000,1303.50,1303.70,1303.00,1303.30,16001
1787734260000000000,1303.20,1303.40,1303.00,1303.10,26093
1787734320000000000,1303.00,1303.50,1302.90,1303.30,26455
1787734380000000000,1303.10,1304.20,1303.10,1303.50,100241
1787734440000000000,1303.50,1304.20,1303.30,1303.80,30122
1787734500000000000,1303.70,1303.70,1303.00,1303.30,16124
1787734560000000000,1303.20,1303.50,1303.10,1303.20,7918
1787734620000000000,1303.20,1303.50,1303.10,1303.30,12824
1787734680000000000,1303.30,1303.50,1302.10,1302.20,28275
1787734740000000000,1302.20,1302.50,1302.10,1302.10,14933
1787734800000000000,1302.10,1303.30,1302.10,1302.50,31957
1787734860000000000,1302.50,1303.50,1302.50,1303.00,11324
1787734920000000000,1302.70,1303.20,1302.40,1302.50,26656
1787734980000000000,1302.60,1303.30,1302.50,1303.00,15297
1787735040000000000,1303.00,1303.30,1302.10,1302.30,53613
1787735100000000000,1302.30,1302.80,1302.30,1302.60,9115
1787735160000000000,1302.70,1302.70,1302.50,1302.50,8560
1787735220000000000,1302.50,1303.20,1302.50,1302.70,20034
1787735280000000000,1302.70,1303.10,1302.60,1302.60,10489
1787735340000000000,1302.60,1302.90,1302.60,1302.70,13049
1787735400000000000,1302.60,1302.80,1302.50,1302.80,10693
1787735460000000000,1302.70,1302.80,1302.50,1302.60,12776
1787735520000000000,1302.50,1302.90,1302.50,1302.60,9989
1787735580000000000,1302.50,1302.90,1302.50,1302.80,8270
1787735640000000000,1302.80,1302.90,1302.60,1302.60,10914
1787735700000000000,1302.60,1303.20,1302.60,1302.90,14783
1787735760000000000,1302.90,1303.20,1302.60,1302.70,26079
1787735820000000000,1302.70,1302.80,1302.50,1302.60,28577
1787735880000000000,1302.60,1302.90,1302.40,1302.40,21179
1787735940000000000,1302.40,1302.60,1302.00,1302.30,20819
1787736000000000000,1302.10,1302.60,1302.10,1302.30,14649
1787736060000000000,1302.30,1302.50,1302.20,1302.20,15763
1787736120000000000,1302.20,1302.30,1300.60,1300.70,135089
1787736180000000000,1300.70,1300.90,1300.00,1300.70,115139
1787736240000000000,1300.60,1301.00,1300.00,1300.80,121076
1787736300000000000,1300.80,1301.10,1300.00,1300.30,66948
1787736360000000000,1300.30,1300.80,1300.00,1300.80,41680
1787736420000000000,1300.80,1301.90,1300.60,1301.50,47588
1787736480000000000,1301.50,1301.70,1301.20,1301.30,19197
1787736540000000000,1301.30,1301.50,1300.60,1300.90,64691
1787736600000000000,1301.00,1301.40,1300.50,1300.70,40490
1787736660000000000,1300.70,1301.50,1300.30,1301.40,34486
1787736720000000000,1301.20,1301.50,1300.80,1301.30,45871
1787736780000000000,1300.90,1301.80,1300.90,1301.70,67521
1787736840000000000,1301.70,1302.10,1301.50,1301.90,25246
1787736900000000000,1301.80,1302.10,1301.30,1302.00,29512
1787736960000000000,1302.10,1302.30,1301.40,1302.00,39042
1787737020000000000,1301.60,1302.20,1301.10,1302.10,34694
1787737080000000000,1302.00,1302.10,1301.50,1301.90,22792
1787737140000000000,1301.80,1302.00,1301.10,1301.90,46993
1787737200000000000,1301.70,1302.00,1301.30,1301.80,26647
1787737260000000000,1301.80,1302.10,1301.40,1302.00,28678
1787737320000000000,1301.80,1302.70,1301.10,1302.40,86148
1787737380000000000,1302.40,1303.00,1301.00,1302.30,64992
1787737440000000000,1302.30,1302.50,1301.70,1302.50,23806
1787737500000000000,1302.50,1302.50,1302.50,1302.50,0
1787737560000000000,1302.50,1302.50,1302.50,1302.50,0
1787737620000000000,1302.50,1302.50,1302.50,1302.50,0
1787737680000000000,1302.50,1302.50,1302.50,1302.50,0
1787737740000000000,1302.50,1302.50,1302.50,1302.50,0
1787737800000000000,1302.50,1302.50,1302.50,1302.50,0
1787737860000000000,1302.50,1302.50,1302.50,1302.50,0
1787737920000000000,1302.50,1302.50,1302.50,1302.50,0
1787737980000000000,1302.50,1302.50,1302.50,1302.50,0
1787738040000000000,1302.50,1302.50,1302.50,1302.50,0
1787738100000000000,1302.50,1302.50,1302.50,1302.50,0
1787738160000000000,1302.50,1302.50,1302.50,1302.50,0
1787738220000000000,1302.50,1302.50,1302.50,1302.50,0
1787738280000000000,1298.00,1298.00,1298.00,1298.00,412243
1787738340000000000,1298.00,1298.00,1298.00,1298.00,0
1787802300000000000,1305.00,1305.70,1302.30,1305.50,195872
1787802360000000000,1305.60,1308.40,1305.30,1307.40,139907
1787802420000000000,1307.50,1307.50,1303.30,1303.30,46275
1787802480000000000,1303.50,1305.00,1302.50,1304.00,55672
1787802540000000000,1304.30,1304.70,1303.60,1303.60,14461
1787802600000000000,1303.70,1304.30,1303.00,1303.90,16030
1787802660000000000,1304.00,1305.00,1303.90,1304.70,13130
1787802720000000000,1305.00,1305.00,1304.50,1304.50,10985
1787802780000000000,1304.90,1305.40,1304.50,1305.20,16114
1787802840000000000,1305.30,1305.30,1304.60,1304.60,12615
1787802900000000000,1304.90,1305.10,1304.20,1304.90,10907
1787802960000000000,1304.90,1305.00,1304.00,1304.10,9256
1787803020000000000,1304.20,1304.30,1303.30,1303.60,17997
1787803080000000000,1303.60,1303.70,1301.50,1301.90,37018
1787803140000000000,1302.10,1302.30,1301.20,1301.50,21543
1787803200000000000,1301.70,1302.30,1301.20,1301.50,26249
1787803260000000000,1301.70,1302.20,1300.00,1300.10,34061
1787803320000000000,1300.10,1301.00,1299.20,1300.00,32438
1787803380000000000,1300.50,1300.70,1300.00,1300.30,10804
1787803440000000000,1300.30,1301.70,1300.20,1300.80,15800
1787803500000000000,1301.00,1301.50,1300.30,1300.30,16193
1787803560000000000,1300.50,1300.70,1300.00,1300.30,10316
1787803620000000000,1300.30,1300.50,1300.00,1300.20,12240
1787803680000000000,1300.20,1301.30,1300.10,1301.20,19705
1787803740000000000,1301.00,1302.20,1300.80,1301.50,23692
1787803800000000000,1301.60,1302.40,1301.50,1302.10,8226
1787803860000000000,1302.10,1302.70,1302.10,1302.30,11247
1787803920000000000,1302.30,1302.60,1302.10,1302.30,8322
1787803980000000000,1302.30,1302.60,1302.10,1302.10,5229
1787804040000000000,1302.30,1302.70,1302.10,1302.50,7682
1787804100000000000,1302.60,1302.70,1302.40,1302.60,7150
1787804160000000000,1302.60,1302.90,1302.50,1302.70,8621
1787804220000000000,1302.80,1303.70,1302.70,1303.00,12811
1787804280000000000,1303.00,1303.30,1303.00,1303.10,5085
1787804340000000000,1303.00,1303.30,1303.00,1303.30,7468
1787804400000000000,1303.20,1303.40,1302.90,1302.90,16863
1787804460000000000,1302.90,1303.00,1302.60,1302.60,8973
1787804520000000000,1302.60,1303.00,1302.50,1303.00,8903
1787804580000000000,1303.00,1303.40,1303.00,1303.30,4401
1787804640000000000,1303.20,1303.40,1303.00,1303.00,7324
1787804700000000000,1303.00,1303.20,1302.70,1302.70,11106
1787804760000000000,1302.70,1302.90,1302.50,1302.50,4326
1787804820000000000,1302.50,1302.70,1302.40,1302.50,6499
1787804880000000000,1302.40,1302.50,1301.60,1301.60,17893
1787804940000000000,1301.60,1302.00,1301.20,1301.40,10024
1787805000000000000,1301.30,1301.70,1301.00,1301.00,7766
1787805060000000000,1301.00,1301.50,1300.50,1300.80,8134
1787805120000000000,1300.50,1301.30,1300.40,1300.50,8132
1787805180000000000,1300.40,1300.70,1300.10,1300.50,7954
1787805240000000000,1300.50,1301.30,1300.30,1300.50,15408
1787805300000000000,1300.30,1300.50,1298.10,1299.30,59263
1787805360000000000,1299.30,1299.50,1298.50,1298.60,9949
1787805420000000000,1298.80,1299.80,1298.80,1299.40,8482
1787805480000000000,1299.10,1299.60,1298.90,1298.90,7832
1787805540000000000,1299.00,1299.50,1298.90,1299.50,4333
1787805600000000000,1299.50,1299.50,1299.00,1299.30,6568
1787805660000000000,1299.30,1299.50,1299.00,1299.40,6372
1787805720000000000,1299.40,1299.80,1299.40,1299.50,5975
1787805780000000000,1299.40,1299.50,1298.70,1299.10,8981
1787805840000000000,1299.00,1299.00,1298.10,1298.50,10158
1787805900000000000,1298.50,1299.00,1298.10,1298.60,9829
1787805960000000000,1298.70,1299.40,1298.40,1298.50,7321
1787806020000000000,1298.60,1299.00,1298.20,1298.60,6952
1787806080000000000,1298.30,1298.90,1298.20,1298.30,7462
1787806140000000000,1298.50,1298.50,1296.40,1296.80,52119
1787806200000000000,1296.70,1297.10,1296.10,1296.60,17738
1787806260000000000,1296.20,1296.90,1296.10,1296.60,8988
1787806320000000000,1296.60,1297.30,1296.50,1296.70,10329
1787806380000000000,1296.70,1297.00,1296.30,1296.40,10614
1787806440000000000,1296.40,1296.80,1296.20,1296.50,15768
1787806500000000000,1296.20,1296.50,1296.00,1296.20,13383
1787806560000000000,1296.20,1296.50,1295.00,1295.00,207079
1787806620000000000,1295.00,1296.80,1295.00,1296.70,68753
1787806680000000000,1296.60,1297.20,1296.40,1296.40,7196
1787806740000000000,1296.40,1296.70,1296.00,1296.40,7041
1787806800000000000,1296.20,1296.70,1296.00,1296.20,8347
1787806860000000000,1296.20,1296.50,1296.00,1296.40,8432
1787806920000000000,1296.30,1296.40,1296.00,1296.00,5822
1787806980000000000,1296.10,1297.00,1296.00,1297.00,12006
1787807040000000000,1296.80,1297.30,1296.10,1296.40,8959
1787807100000000000,1296.40,1297.00,1296.20,1296.50,8818
1787807160000000000,1296.40,1296.60,1296.30,1296.30,6442
1787807220000000000,1296.30,1296.50,1295.50,1295.50,17395
1787807280000000000,1295.50,1296.20,1295.50,1296.20,9482
1787807340000000000,1296.10,1296.50,1295.90,1296.20,5209
1787807400000000000,1296.20,1296.40,1296.00,1296.40,5154
1787807460000000000,1296.20,1296.80,1296.00,1296.20,8232
1787807520000000000,1296.10,1296.50,1296.10,1296.30,4782
1787807580000000000,1296.10,1296.30,1295.90,1296.00,9690
1787807640000000000,1295.90,1295.90,1295.40,1295.40,9174
1787807700000000000,1295.50,1295.50,1295.20,1295.20,6002
1787807760000000000,1295.20,1296.00,1295.10,1295.20,15199
1787807820000000000,1295.20,1295.60,1295.10,1295.20,7367
1787807880000000000,1295.10,1295.20,1295.00,1295.20,8507
1787807940000000000,1295.10,1295.20,1294.50,1294.50,40421
1787808000000000000,1294.70,1294.80,1294.20,1294.30,10314
1787808060000000000,1294.30,1294.30,1293.00,1293.50,37019
1787808120000000000,1293.50,1293.50,1293.00,1293.10,12921
1787808180000000000,1293.10,1293.10,1292.90,1292.90,39160
1787808240000000000,1293.00,1293.60,1292.80,1293.60,31369
1787808300000000000,1293.60,1293.90,1293.10,1293.40,32789
1787808360000000000,1293.40,1293.40,1292.50,1292.90,13161
1787808420000000000,1292.90,1292.90,1292.30,1292.70,10414
1787808480000000000,1292.80,1292.80,1291.80,1292.10,50395
1787808540000000000,1292.10,1292.20,1291.90,1292.20,10755
1787808600000000000,1292.20,1292.20,1291.00,1291.20,38369
1787808660000000000,1291.20,1291.20,1290.30,1290.60,49028
1787808720000000000,1290.60,1291.90,1290.50,1291.60,22042
1787808780000000000,1291.30,1291.60,1291.00,1291.10,8843
1787808840000000000,1291.10,1291.60,1290.50,1291.40,27435
1787808900000000000,1291.60,1292.10,1290.50,1290.50,29449
1787808960000000000,1290.60,1290.80,1290.30,1290.40,12005
1787809020000000000,1290.40,1290.50,1290.30,1290.30,9372
1787809080000000000,1290.40,1290.50,1290.10,1290.20,23428
1787809140000000000,1290.20,1290.60,1290.10,1290.50,17636
1787809200000000000,1290.50,1290.50,1290.20,1290.30,12103
1787809260000000000,1290.30,1290.50,1290.20,1290.50,15012
1787809320000000000,1290.50,1290.50,1290.20,1290.40,14596
1787809380000000000,1290.40,1290.40,1290.00,1290.10,74679
1787809440000000000,1290.10,1290.10,1290.00,1290.00,9035
1787809500000000000,1290.00,1290.20,1290.00,1290.10,41659
1787809560000000000,1290.10,1290.10,1289.40,1289.40,49174
1787809620000000000,1289.40,1289.50,1288.80,1289.40,33563
1787809680000000000,1289.40,1289.40,1288.50,1288.90,12586
1787809740000000000,1288.90,1288.90,1287.90,1288.00,35559
1787809800000000000,1288.00,1288.50,1287.00,1287.90,45675
1787809860000000000,1287.90,1288.80,1287.70,1288.20,18761
1787809920000000000,1288.70,1288.70,1288.10,1288.40,21119
1787809980000000000,1288.40,1288.40,1287.90,1288.10,43906
1787810040000000000,1288.10,1288.50,1288.00,1288.50,20006
1787810100000000000,1288.50,1289.20,1288.40,1288.90,13025
1787810160000000000,1289.10,1289.60,1288.90,1289.60,13378
1787810220000000000,1289.60,1290.00,1289.40,1289.60,15699
1787810280000000000,1289.60,1289.70,1289.50,1289.70,23087
1787810340000000000,1289.60,1289.70,1289.50,1289.60,11094
1787810400000000000,1289.70,1290.40,1289.50,1290.00,54411
1787810460000000000,1290.00,1290.80,1289.70,1290.80,18138
1787810520000000000,1290.80,1291.70,1290.30,1290.50,33348
1787810580000000000,1290.50,1290.50,1290.00,1290.20,10524
1787810640000000000,1290.30,1290.40,1289.80,1290.00,17619
1787810700000000000,1290.00,1290.00,1289.60,1290.00,5551
1787810760000000000,1290.00,1290.10,1289.70,1290.00,11200
1787810820000000000,1290.10,1290.10,1289.70,1289.70,11384
1787810880000000000,1289.80,1289.80,1289.00,1289.00,14451
1787810940000000000,1289.10,1289.20,1289.00,1289.10,9999
1787811000000000000,1289.10,1291.10,1289.00,1291.00,71029
1787811060000000000,1291.10,1291.10,1290.00,1290.00,24764
1787811120000000000,1290.10,1290.10,1289.30,1289.40,25553
1787811180000000000,1289.50,1289.70,1289.30,1289.70,8861
1787811240000000000,1289.70,1289.80,1289.60,1289.70,6876
1787811300000000000,1289.80,1289.80,1289.10,1289.30,26323
1787811360000000000,1289.30,1289.30,1289.10,1289.10,12735
1787811420000000000,1289.30,1289.30,1289.00,1289.00,13814
1787811480000000000,1289.10,1289.10,1289.00,1289.10,7652
1787811540000000000,1289.10,1289.10,1289.00,1289.10,13334
1787811600000000000,1289.10,1289.10,1288.60,1288.60,17197
1787811660000000000,1288.90,1288.90,1288.50,1288.70,8696
1787811720000000000,1288.70,1289.30,1288.60,1289.00,35696
1787811780000000000,1289.10,1289.50,1289.00,1289.50,23515
1787811840000000000,1289.60,1290.00,1289.50,1289.90,11087
1787811900000000000,1289.90,1290.80,1289.60,1290.50,20638
1787811960000000000,1290.60,1290.80,1290.00,1290.60,22806
1787812020000000000,1290.70,1294.30,1290.50,1292.30,310563
1787812080000000000,1292.40,1292.40,1291.00,1291.70,34696
1787812140000000000,1291.70,1292.40,1291.50,1292.30,21564
1787812200000000000,1292.40,1292.50,1292.30,1292.30,12481
1787812260000000000,1292.40,1292.50,1291.60,1291.70,22595
1787812320000000000,1291.70,1292.00,1290.90,1291.60,48268
1787812380000000000,1291.70,1292.60,1291.00,1291.40,102199
1787812440000000000,1291.40,1292.40,1291.00,1292.00,23492
1787812500000000000,1291.90,1292.00,1290.00,1290.30,41700
1787812560000000000,1290.00,1291.20,1290.00,1290.70,20275
1787812620000000000,1290.70,1290.90,1289.60,1289.80,21606
1787812680000000000,1289.80,1290.00,1289.40,1289.90,40383
1787812740000000000,1290.00,1290.30,1289.70,1290.20,18964
1787812800000000000,1290.20,1290.30,1289.90,1290.00,12490
1787812860000000000,1289.90,1290.10,1289.70,1290.00,14566
1787812920000000000,1290.10,1290.90,1289.90,1290.40,35850
1787812980000000000,1290.50,1290.50,1290.10,1290.50,10820
1787813040000000000,1290.40,1291.10,1290.40,1290.80,11016
1787813100000000000,1290.80,1290.90,1290.20,1290.40,23766
1787813160000000000,1290.30,1290.60,1290.00,1290.60,31900
1787813220000000000,1290.50,1291.80,1290.50,1291.70,15642
1787813280000000000,1291.60,1291.70,1291.00,1291.20,28266
1787813340000000000,1291.20,1291.40,1291.00,1291.10,6324
1787813400000000000,1291.00,1291.20,1291.00,1291.10,16170
1787813460000000000,1291.10,1292.80,1291.10,1292.20,41349
1787813520000000000,1292.50,1292.60,1291.80,1291.80,7387
1787813580000000000,1292.00,1292.00,1291.40,1291.50,6412
1787813640000000000,1291.50,1292.30,1291.20,1292.20,33971
1787813700000000000,1292.20,1292.90,1292.00,1292.80,24352
1787813760000000000,1292.80,1292.80,1292.30,1292.70,16452
1787813820000000000,1292.70,1293.30,1292.60,1292.90,25289
1787813880000000000,1292.90,1293.10,1292.50,1292.70,18228
1787813940000000000,1292.90,1293.00,1292.20,1292.80,18690
1787814000000000000,1292.70,1292.90,1292.40,1292.90,9931
1787814060000000000,1292.80,1293.40,1292.80,1293.00,29911
1787814120000000000,1292.90,1293.70,1292.90,1293.50,45623
1787814180000000000,1293.40,1293.60,1292.60,1292.60,38712
1787814240000000000,1292.50,1293.70,1291.60,1293.70,119283
1787814300000000000,1293.20,1293.70,1292.70,1293.00,39994
1787814360000000000,1293.10,1293.10,1292.50,1292.90,36414
1787814420000000000,1292.80,1294.50,1292.70,1294.40,50590
1787814480000000000,1294.20,1295.40,1294.10,1295.40,42608
1787814540000000000,1295.30,1296.30,1295.30,1295.90,32154
1787814600000000000,1295.90,1296.00,1295.00,1295.20,21464
1787814660000000000,1295.20,1295.60,1295.00,1295.20,15139
1787814720000000000,1295.10,1295.20,1294.00,1294.20,21937
1787814780000000000,1294.00,1294.70,1293.70,1294.30,30742
1787814840000000000,1294.30,1295.70,1294.30,1295.30,24478
1787814900000000000,1295.20,1295.40,1294.80,1295.10,9161
1787814960000000000,1295.00,1295.10,1294.80,1294.90,18254
1787815020000000000,1295.00,1295.10,1294.60,1295.00,10105
1787815080000000000,1294.90,1295.00,1294.40,1294.50,13761
1787815140000000000,1294.40,1295.30,1294.40,1295.00,24317
1787815200000000000,1295.00,1295.80,1295.00,1295.30,29388
1787815260000000000,1295.40,1295.50,1295.00,1295.30,25027
1787815320000000000,1295.10,1295.50,1295.10,1295.30,16808
1787815380000000000,1295.10,1295.70,1295.00,1295.70,17225
1787815440000000000,1295.50,1295.90,1294.40,1295.10,42569
1787815500000000000,1294.70,1295.20,1294.60,1294.90,11111
1787815560000000000,1294.80,1294.90,1294.80,1294.90,17750
1787815620000000000,1294.80,1294.90,1293.20,1293.80,81908
1787815680000000000,1293.70,1294.20,1293.50,1294.20,32490
1787815740000000000,1294.00,1294.40,1293.70,1293.70,6511
1787815800000000000,1293.70,1294.00,1293.50,1293.70,18576
1787815860000000000,1293.60,1294.10,1293.60,1294.10,22195
1787815920000000000,1294.00,1294.10,1294.00,1294.10,5047
1787815980000000000,1294.00,1294.10,1294.00,1294.10,9850
1787816040000000000,1294.00,1295.20,1294.00,1294.50,26584
1787816100000000000,1294.40,1294.60,1294.10,1294.10,9497
1787816160000000000,1294.10,1295.00,1294.10,1294.20,51966
1787816220000000000,1294.10,1295.00,1294.10,1294.60,44592
1787816280000000000,1294.50,1294.60,1294.10,1294.20,6008
1787816340000000000,1294.10,1294.40,1294.10,1294.30,13051
1787816400000000000,1294.30,1294.30,1294.10,1294.20,8950
1787816460000000000,1294.10,1294.80,1294.00,1294.60,18532
1787816520000000000,1294.50,1295.00,1294.50,1294.90,14211
1787816580000000000,1294.90,1295.10,1294.70,1295.10,10761
1787816640000000000,1295.00,1295.20,1295.00,1295.10,15307
1787816700000000000,1295.00,1295.50,1295.00,1295.40,13919
1787816760000000000,1295.30,1295.40,1295.00,1295.00,10895
1787816820000000000,1295.10,1295.20,1294.10,1294.10,25712
1787816880000000000,1294.10,1294.30,1294.00,1294.20,19360
1787816940000000000,1294.10,1294.20,1293.80,1294.10,6443
1787817000000000000,1294.00,1295.20,1293.80,1295.00,19351
1787817060000000000,1294.90,1295.10,1294.90,1295.00,17545
1787817120000000000,1294.90,1295.00,1294.00,1294.10,17465
1787817180000000000,1294.00,1294.90,1294.00,1294.70,17745
1787817240000000000,1294.80,1295.40,1294.60,1295.40,48002
1787817300000000000,1295.30,1295.40,1293.40,1293.70,19927
1787817360000000000,1293.40,1294.70,1292.80,1294.70,120983
1787817420000000000,1294.60,1295.10,1293.40,1293.80,36325
1787817480000000000,1293.40,1293.80,1292.70,1293.40,146008
1787817540000000000,1293.30,1295.40,1292.90,1294.70,162284
1787817600000000000,1294.40,1296.00,1294.30,1294.40,121497
1787817660000000000,1294.20,1294.40,1293.20,1293.30,12838
1787817720000000000,1293.20,1293.30,1292.30,1292.60,23227
1787817780000000000,1292.70,1293.00,1292.70,1292.80,13553
1787817840000000000,1292.70,1293.30,1292.50,1293.30,27124
1787817900000000000,1293.10,1293.40,1293.00,1293.00,6521
1787817960000000000,1293.10,1293.10,1292.60,1292.60,6226
1787818020000000000,1292.60,1292.60,1291.50,1292.40,35264
1787818080000000000,1292.20,1293.40,1291.30,1291.90,27891
1787818140000000000,1291.60,1292.50,1291.30,1292.20,15032
1787818200000000000,1292.00,1292.20,1291.50,1291.90,14714
1787818260000000000,1291.60,1292.00,1291.30,1291.90,14779
1787818320000000000,1291.80,1292.20,1290.20,1290.60,23904
1787818380000000000,1290.60,1291.00,1290.30,1290.90,17593
1787818440000000000,1290.90,1292.00,1290.00,1290.30,23273
1787818500000000000,1290.30,1291.00,1289.40,1290.50,48887
1787818560000000000,1290.50,1291.40,1290.50,1291.20,12938
1787818620000000000,1290.70,1291.10,1290.00,1290.40,8607
1787818680000000000,1290.10,1290.40,1289.30,1290.40,21275
1787818740000000000,1289.90,1290.40,1289.90,1290.20,7312
1787818800000000000,1290.10,1290.40,1289.60,1290.00,28103
1787818860000000000,1289.90,1290.80,1289.90,1290.80,16016
1787818920000000000,1290.70,1291.10,1290.70,1290.80,44103
1787818980000000000,1290.70,1290.80,1290.30,1290.40,9715
1787819040000000000,1290.30,1290.90,1290.30,1290.70,8859
1787819100000000000,1290.60,1290.70,1290.40,1290.40,6877
1787819160000000000,1290.40,1290.50,1290.30,1290.40,5439
1787819220000000000,1290.30,1291.30,1290.10,1291.20,13601
1787819280000000000,1291.30,1291.60,1290.60,1291.10,11082
1787819340000000000,1291.00,1291.20,1290.20,1290.60,9072
1787819400000000000,1290.40,1290.90,1289.80,1290.90,37253
1787819460000000000,1290.60,1291.00,1290.00,1290.80,17397
1787819520000000000,1290.60,1290.80,1290.20,1290.40,6131
1787819580000000000,1290.30,1290.50,1289.70,1289.70,28370
1787819640000000000,1289.80,1290.50,1289.80,1290.20,15747
1787819700000000000,1290.10,1290.70,1290.00,1290.70,13848
1787819760000000000,1290.60,1290.60,1290.40,1290.50,4556
1787819820000000000,1290.40,1290.50,1290.20,1290.30,5009
1787819880000000000,1290.20,1290.30,1290.00,1290.10,5623
1787819940000000000,1290.00,1291.20,1289.80,1290.60,68547
1787820000000000000,1290.60,1291.70,1290.60,1291.30,17975
1787820060000000000,1291.10,1291.80,1291.00,1291.80,30394
1787820120000000000,1291.60,1292.40,1291.30,1291.80,106804
1787820180000000000,1291.80,1291.80,1291.30,1291.80,24474
1787820240000000000,1291.70,1291.80,1289.80,1290.00,181078
1787820300000000000,1289.80,1290.90,1289.80,1290.50,58253
1787820360000000000,1290.50,1291.20,1290.30,1290.50,15840
1787820420000000000,1290.40,1291.20,1290.40,1291.20,16001
1787820480000000000,1290.80,1291.00,1290.10,1290.30,17391
1787820540000000000,1290.50,1290.50,1289.50,1289.50,34912
1787820600000000000,1289.50,1289.90,1289.50,1289.80,17143
1787820660000000000,1289.70,1290.00,1289.70,1289.90,10561
1787820720000000000,1289.80,1290.00,1289.70,1289.70,14492
1787820780000000000,1289.70,1289.80,1289.60,1289.70,27866
1787820840000000000,1289.70,1289.80,1289.60,1289.80,17589
1787820900000000000,1289.70,1289.80,1289.60,1289.70,17660
1787820960000000000,1289.70,1290.50,1289.60,1290.20,34765
1787821020000000000,1290.20,1290.60,1290.00,1290.60,11507
1787821080000000000,1290.50,1290.60,1290.30,1290.50,13394
1787821140000000000,1290.40,1290.70,1290.40,1290.70,16298
1787821200000000000,1290.60,1291.70,1290.60,1291.20,32789
1787821260000000000,1291.10,1291.40,1291.00,1291.10,76230
1787821320000000000,1291.20,1291.20,1289.40,1289.40,60342
1787821380000000000,1289.50,1291.10,1289.50,1290.80,79074
1787821440000000000,1290.70,1292.20,1290.70,1291.20,116486
1787821500000000000,1291.00,1291.30,1289.20,1290.20,175760
1787821560000000000,1289.70,1290.50,1289.20,1289.80,174290
1787821620000000000,1289.40,1291.90,1289.40,1291.10,142272
1787821680000000000,1291.10,1291.20,1290.30,1290.30,21847
1787821740000000000,1290.30,1291.20,1290.20,1290.60,43585
1787821800000000000,1290.60,1290.70,1289.70,1290.00,18913
1787821860000000000,1290.00,1290.90,1289.90,1290.20,28656
1787821920000000000,1290.20,1290.30,1290.10,1290.20,22427
1787821980000000000,1290.20,1290.30,1290.10,1290.10,12730
1787822040000000000,1290.20,1291.00,1290.10,1290.80,60168
1787822100000000000,1290.60,1291.20,1290.30,1290.50,62231
1787822160000000000,1290.60,1291.00,1290.10,1290.10,30582
1787822220000000000,1290.10,1290.90,1290.00,1290.50,26132
1787822280000000000,1290.20,1290.50,1289.60,1289.90,35254
1787822340000000000,1289.70,1290.20,1289.60,1290.10,39184
1787822400000000000,1290.10,1290.30,1290.10,1290.30,42100
1787822460000000000,1290.20,1290.30,1289.70,1289.80,52792
1787822520000000000,1289.80,1289.90,1289.20,1289.40,45026
1787822580000000000,1289.40,1290.00,1289.40,1289.70,21304
1787822640000000000,1289.60,1290.00,1289.60,1289.80,21522
1787822700000000000,1289.90,1290.30,1289.20,1289.20,42620
1787822760000000000,1289.20,1290.30,1288.70,1289.50,110941
1787822820000000000,1289.20,1289.90,1288.80,1289.10,55079
1787822880000000000,1289.00,1289.60,1289.00,1289.30,16118
1787822940000000000,1289.20,1289.50,1289.10,1289.30,23744
1787823000000000000,1289.40,1289.70,1289.00,1289.30,51924
1787823060000000000,1289.20,1290.30,1288.90,1289.50,58873
1787823120000000000,1290.20,1290.20,1288.30,1288.70,72321
1787823180000000000,1288.70,1289.50,1288.50,1289.00,55926
1787823240000000000,1289.00,1289.00,1288.50,1288.70,37634
1787823300000000000,1288.70,1288.70,1288.00,1288.00,123857
1787823360000000000,1288.10,1288.10,1287.60,1287.90,111056
1787823420000000000,1287.90,1289.00,1287.80,1288.70,74635
1787823480000000000,1288.70,1288.80,1288.10,1288.40,44190
1787823540000000000,1288.50,1288.50,1287.80,1288.20,56420
1787823600000000000,1288.10,1288.30,1288.00,1288.00,40909
1787823660000000000,1288.10,1288.30,1288.00,1288.20,67887
1787823720000000000,1288.20,1288.20,1287.40,1287.90,106585
1787823780000000000,1287.90,1289.00,1287.80,1288.60,50270
1787823840000000000,1288.60,1288.80,1287.50,1288.50,39372
1787823900000000000,1288.50,1288.50,1288.50,1288.50,0
1787823960000000000,1288.50,1288.50,1288.50,1288.50,0
1787824020000000000,1288.50,1288.50,1288.50,1288.50,0
1787824080000000000,1288.50,1288.50,1288.50,1288.50,0
1787824140000000000,1288.50,1288.50,1288.50,1288.50,0
1787824200000000000,1288.50,1288.50,1288.50,1288.50,0
1787824260000000000,1288.50,1288.50,1288.50,1288.50,0
1787824320000000000,1288.50,1288.50,1288.50,1288.50,0
1787824380000000000,1288.50,1288.50,1288.50,1288.50,0
1787824440000000000,1288.50,1288.50,1288.50,1288.50,0
1787824500000000000,1288.50,1288.50,1288.50,1288.50,0
1787824560000000000,1288.50,1288.50,1288.50,1288.50,0
1787824620000000000,1288.50,1288.50,1288.50,1288.50,0
1787824680000000000,1282.20,1282.20,1282.20,1282.20,688271
1787824740000000000,1282.20,1282.20,1282.20,1282.20,0
1787888700000000000,1284.90,1291.80,1284.50,1288.60,198834
1787888760000000000,1288.60,1289.20,1287.30,1288.90,35884
1787888820000000000,1288.90,1288.90,1286.00,1287.80,46523
1787888880000000000,1287.40,1288.10,1286.80,1287.10,33175
1787888940000000000,1287.60,1287.70,1286.40,1286.50,27894
1787889000000000000,1286.60,1288.50,1286.50,1287.50,18717
1787889060000000000,1287.60,1289.60,1287.00,1289.20,25885
1787889120000000000,1289.20,1289.30,1287.10,1287.60,54558
1787889180000000000,1287.50,1288.50,1287.50,1288.20,31588
1787889240000000000,1288.20,1288.20,1287.10,1287.60,26231
1787889300000000000,1287.80,1288.90,1287.60,1288.80,29490
1787889360000000000,1288.80,1289.60,1288.60,1288.80,28196
1787889420000000000,1288.70,1289.20,1288.30,1289.00,25377
1787889480000000000,1289.00,1289.10,1287.40,1287.80,23639
1787889540000000000,1287.80,1287.90,1287.00,1287.20,21735
1787889600000000000,1287.20,1287.50,1286.30,1286.50,33142
1787889660000000000,1286.50,1287.60,1286.30,1287.40,49726
1787889720000000000,1287.10,1287.80,1287.10,1287.70,16923
1787889780000000000,1287.70,1287.80,1286.10,1286.40,29890
1787889840000000000,1286.70,1287.40,1286.40,1287.00,15223
1787889900000000000,1286.90,1287.00,1286.20,1286.80,15618
1787889960000000000,1286.90,1287.00,1285.50,1285.70,15319
1787890020000000000,1285.70,1286.60,1285.50,1285.80,15308
1787890080000000000,1285.80,1285.90,1285.50,1285.70,13436
1787890140000000000,1285.70,1287.60,1285.50,1287.00,17680
1787890200000000000,1287.10,1287.90,1287.10,1287.90,9569
1787890260000000000,1287.90,1288.10,1287.30,1287.30,10986
1787890320000000000,1287.40,1287.70,1287.10,1287.30,11354
1787890380000000000,1287.30,1287.90,1287.30,1287.80,7118
1787890440000000000,1287.80,1288.00,1287.50,1287.90,7391
1787890500000000000,1287.80,1287.90,1287.00,1287.30,13029
1787890560000000000,1287.40,1287.50,1287.30,1287.50,5743
1787890620000000000,1287.50,1287.50,1287.20,1287.20,6931
1787890680000000000,1287.30,1287.30,1285.70,1286.00,14976
1787890740000000000,1286.30,1286.40,1285.80,1286.20,9687
1787890800000000000,1286.30,1286.50,1286.20,1286.40,11504
1787890860000000000,1286.40,1286.70,1286.30,1286.70,10957
1787890920000000000,1286.70,1286.70,1286.00,1286.10,11588
1787890980000000000,1286.20,1286.40,1285.20,1286.00,16596
1787891040000000000,1286.00,1286.60,1285.60,1286.60,11336
1787891100000000000,1286.60,1286.70,1286.40,1286.70,6835
1787891160000000000,1286.70,1286.70,1286.20,1286.30,6914
1787891220000000000,1286.30,1286.40,1286.00,1286.10,14155
1787891280000000000,1286.40,1286.60,1286.10,1286.60,8090
1787891340000000000,1286.60,1286.90,1286.50,1286.70,9321
1787891400000000000,1286.70,1287.70,1285.70,1286.00,32901
1787891460000000000,1285.80,1286.00,1285.00,1285.50,41261
1787891520000000000,1285.40,1285.70,1285.20,1285.50,9086
1787891580000000000,1285.50,1286.30,1285.40,1286.00,7066
1787891640000000000,1286.10,1286.30,1286.00,1286.10,4172
1787891700000000000,1286.10,1286.10,1285.60,1285.70,8446
1787891760000000000,1285.70,1285.70,1285.40,1285.50,8545
1787891820000000000,1285.50,1286.40,1285.30,1286.20,17106
1787891880000000000,1286.30,1286.40,1286.20,1286.40,7222
1787891940000000000,1286.40,1286.50,1286.20,1286.30,4423
1787892000000000000,1286.30,1286.60,1285.60,1286.40,14701
1787892060000000000,1286.50,1286.70,1286.40,1286.60,4247
1787892120000000000,1286.60,1287.60,1286.50,1287.60,13572
1787892180000000000,1287.50,1287.60,1287.00,1287.30,6326
1787892240000000000,1287.30,1287.40,1287.20,1287.30,6133
1787892300000000000,1287.30,1287.30,1287.10,1287.20,8277
1787892360000000000,1287.20,1288.00,1287.10,1288.00,12488
1787892420000000000,1287.90,1290.00,1287.90,1288.90,41279
1787892480000000000,1288.90,1290.90,1288.80,1290.00,42128
1787892540000000000,1289.80,1289.80,1288.60,1288.80,18495
1787892600000000000,1288.70,1289.50,1288.10,1289.20,18955
1787892660000000000,1289.30,1289.50,1287.60,1287.60,17168
1787892720000000000,1287.80,1288.50,1287.30,1288.00,15611
1787892780000000000,1288.10,1288.10,1287.80,1287.80,5505
1787892840000000000,1287.90,1288.20,1287.80,1288.00,12353
1787892900000000000,1288.00,1288.00,1287.90,1287.90,4467
1787892960000000000,1288.00,1288.30,1287.90,1288.20,10632
1787893020000000000,1288.30,1288.90,1287.20,1288.00,32204
1787893080000000000,1288.00,1288.80,1288.00,1288.60,8518
1787893140000000000,1288.60,1289.00,1288.50,1288.70,6346
1787893200000000000,1288.80,1288.80,1288.10,1288.30,10936
1787893260000000000,1288.30,1288.50,1288.00,1288.10,6852
1787893320000000000,1288.10,1288.50,1287.90,1288.40,13927
1787893380000000000,1288.40,1288.70,1288.00,1288.20,9323
1787893440000000000,1288.20,1288.40,1288.10,1288.30,2707
1787893500000000000,1288.40,1288.60,1288.30,1288.60,8269
1787893560000000000,1288.50,1289.00,1288.20,1289.00,9995
1787893620000000000,1288.50,1289.20,1288.40,1288.80,4646
1787893680000000000,1288.90,1288.90,1288.60,1288.90,6234
1787893740000000000,1288.90,1288.90,1288.20,1288.30,5731
1787893800000000000,1288.30,1288.40,1288.20,1288.20,3532
1787893860000000000,1288.30,1289.40,1288.20,1288.60,15191
1787893920000000000,1288.60,1289.00,1288.50,1288.90,4630
1787893980000000000,1288.90,1288.90,1288.00,1288.00,7223
1787894040000000000,1288.10,1288.10,1287.30,1287.40,9332
1787894100000000000,1287.50,1287.70,1287.20,1287.40,7070
1787894160000000000,1287.50,1287.70,1287.30,1287.60,3863
1787894220000000000,1287.50,1288.00,1287.40,1287.90,9069
1787894280000000000,1288.00,1288.20,1287.80,1288.20,7113
1787894340000000000,1288.20,1288.80,1288.10,1288.50,5330
1787894400000000000,1288.40,1288.60,1288.30,1288.50,7529
1787894460000000000,1288.50,1288.60,1287.70,1287.80,9269
1787894520000000000,1287.80,1287.80,1287.30,1287.50,9141
1787894580000000000,1287.40,1287.60,1287.00,1287.00,8731
1787894640000000000,1287.10,1287.30,1286.40,1286.60,28147
1787894700000000000,1286.70,1286.80,1286.40,1286.50,5889
1787894760000000000,1286.50,1286.50,1286.30,1286.50,7132
1787894820000000000,1286.50,1286.50,1286.40,1286.40,3828
1787894880000000000,1286.50,1287.10,1286.40,1286.60,18331
1787894940000000000,1286.50,1287.10,1286.00,1286.60,20032
1787895000000000000,1286.70,1287.30,1286.60,1287.30,10191
1787895060000000000,1287.20,1287.80,1287.20,1287.80,7296
1787895120000000000,1287.80,1287.90,1287.60,1287.60,8480
1787895180000000000,1287.70,1287.70,1287.00,1287.30,10178
1787895240000000000,1287.30,1287.30,1286.70,1287.10,12300
1787895300000000000,1287.20,1287.70,1287.10,1287.40,8463
1787895360000000000,1287.50,1287.50,1287.20,1287.40,5612
1787895420000000000,1287.40,1287.40,1286.40,1286.70,10975
1787895480000000000,1286.60,1287.00,1286.60,1287.00,3351
1787895540000000000,1287.00,1287.00,1286.10,1286.40,16980
1787895600000000000,1286.30,1287.40,1286.30,1286.50,10964
1787895660000000000,1286.60,1286.70,1286.10,1286.30,8575
1787895720000000000,1286.30,1287.40,1286.20,1287.00,6743
1787895780000000000,1287.00,1287.10,1286.90,1287.00,3693
1787895840000000000,1287.10,1287.60,1286.80,1287.30,23983
1787895900000000000,1287.40,1288.30,1287.00,1287.40,41684
1787895960000000000,1287.40,1289.70,1286.50,1289.60,131164
1787896020000000000,1289.30,1289.30,1288.10,1288.80,77331
1787896080000000000,1288.80,1289.90,1286.70,1287.70,58388
1787896140000000000,1287.80,1289.00,1287.70,1288.00,15615
1787896200000000000,1288.00,1288.20,1287.10,1287.40,26944
1787896260000000000,1287.60,1287.80,1286.90,1287.40,58106
1787896320000000000,1287.40,1287.90,1286.80,1287.90,8264
1787896380000000000,1287.90,1287.90,1286.60,1286.60,7783
1787896440000000000,1286.70,1286.70,1286.30,1286.40,13247
1787896500000000000,1286.40,1286.50,1286.00,1286.30,26648
1787896560000000000,1286.20,1286.40,1285.30,1285.40,28293
1787896620000000000,1285.40,1286.00,1285.20,1285.70,11013
1787896680000000000,1285.70,1285.80,1285.20,1285.30,4458
1787896740000000000,1285.30,1285.40,1284.10,1284.20,62759
1787896800000000000,1284.20,1284.60,1284.00,1284.30,22552
1787896860000000000,1284.40,1285.00,1284.00,1284.80,15339
1787896920000000000,1284.80,1285.10,1284.50,1284.60,11154
1787896980000000000,1284.60,1285.10,1284.20,1284.40,8344
1787897040000000000,1284.40,1284.60,1284.20,1284.20,7506
1787897100000000000,1284.50,1284.50,1283.10,1283.30,23947
1787897160000000000,1283.30,1283.80,1283.10,1283.40,10266
1787897220000000000,1283.40,1283.70,1283.30,1283.60,10880
1787897280000000000,1283.60,1283.70,1283.10,1283.70,20010
1787897340000000000,1283.70,1284.00,1283.60,1283.70,8963
1787897400000000000,1283.70,1283.80,1283.60,1283.80,5451
1787897460000000000,1283.80,1283.90,1283.70,1283.90,8794
1787897520000000000,1283.90,1284.00,1283.70,1284.00,5705
1787897580000000000,1284.00,1284.10,1283.80,1284.10,8034
1787897640000000000,1284.00,1284.20,1283.90,1283.90,6182
1787897700000000000,1284.00,1284.00,1283.20,1283.30,24909
1787897760000000000,1283.30,1283.60,1283.20,1283.50,5969
1787897820000000000,1283.50,1283.90,1283.10,1283.30,9469
1787897880000000000,1283.30,1283.50,1283.20,1283.40,5363
1787897940000000000,1283.50,1283.50,1283.00,1283.10,32443
1787898000000000000,1283.10,1283.30,1282.30,1282.80,25863
1787898060000000000,1282.80,1283.10,1282.70,1282.70,8779
1787898120000000000,1282.80,1283.10,1282.70,1282.80,7959
1787898180000000000,1282.80,1283.10,1282.70,1282.90,9784
1787898240000000000,1282.80,1282.90,1282.60,1282.60,10006
1787898300000000000,1282.60,1282.60,1282.50,1282.60,7936
1787898360000000000,1282.60,1282.60,1282.00,1282.10,30114
1787898420000000000,1282.10,1282.10,1281.20,1281.40,36209
1787898480000000000,1281.40,1281.60,1281.20,1281.50,10658
1787898540000000000,1281.50,1281.80,1281.10,1281.20,16806
1787898600000000000,1281.30,1281.30,1281.20,1281.30,10907
1787898660000000000,1281.30,1281.40,1281.20,1281.30,7530
1787898720000000000,1281.30,1281.30,1281.20,1281.20,6655
1787898780000000000,1281.30,1281.50,1281.20,1281.30,7542
1787898840000000000,1281.40,1282.90,1281.30,1282.40,14881
1787898900000000000,1282.50,1282.50,1281.70,1282.00,18185
1787898960000000000,1282.10,1282.10,1281.60,1281.70,8199
1787899020000000000,1281.70,1281.90,1281.60,1281.80,7782
1787899080000000000,1281.80,1282.40,1281.70,1282.10,10891
1787899140000000000,1282.10,1282.10,1281.20,1281.30,23322
1787899200000000000,1281.30,1281.90,1281.10,1281.50,12760
1787899260000000000,1281.50,1281.60,1281.30,1281.50,6080
1787899320000000000,1281.50,1281.50,1281.40,1281.50,4970
1787899380000000000,1281.50,1281.50,1281.40,1281.50,5534
1787899440000000000,1281.50,1281.60,1281.40,1281.60,9435
1787899500000000000,1281.60,1281.80,1281.50,1281.80,9487
1787899560000000000,1281.80,1282.00,1281.70,1282.00,10000
1787899620000000000,1281.90,1283.10,1281.80,1282.80,19195
1787899680000000000,1282.80,1282.80,1282.00,1282.30,9846
1787899740000000000,1282.20,1282.70,1282.00,1282.10,6784
1787899800000000000,1282.10,1282.50,1282.00,1282.30,7216
1787899860000000000,1282.40,1282.80,1282.30,1282.50,6958
1787899920000000000,1282.40,1282.50,1282.00,1282.10,7260
1787899980000000000,1282.10,1282.20,1281.70,1281.70,9062
1787900040000000000,1281.70,1281.70,1281.10,1281.30,447938
1787900100000000000,1281.30,1282.10,1281.20,1281.70,28391
1787900160000000000,1281.80,1282.00,1281.70,1282.00,7957
1787900220000000000,1282.00,1282.00,1281.80,1281.80,6791
1787900280000000000,1281.80,1281.90,1281.10,1281.60,24171
1787900340000000000,1281.60,1281.90,1281.50,1281.90,12638
1787900400000000000,1281.90,1282.10,1281.80,1282.00,8667
1787900460000000000,1282.00,1285.10,1281.70,1283.10,180359
1787900520000000000,1283.00,1283.80,1282.90,1283.30,36672
1787900580000000000,1283.40,1283.80,1283.30,1283.40,3917
1787900640000000000,1283.40,1286.70,1282.80,1284.10,209966
1787900700000000000,1284.00,1284.60,1283.70,1284.40,38655
1787900760000000000,1284.40,1284.40,1283.20,1283.20,9698
1787900820000000000,1283.30,1283.70,1283.20,1283.30,6758
1787900880000000000,1283.30,1283.30,1283.20,1283.20,4280
1787900940000000000,1283.30,1283.30,1283.00,1283.00,8429
1787901000000000000,1283.10,1283.10,1282.50,1283.00,17810
1787901060000000000,1283.00,1283.20,1282.90,1283.00,9027
1787901120000000000,1283.10,1283.10,1283.00,1283.10,2672
1787901180000000000,1283.10,1283.10,1283.00,1283.10,2187
1787901240000000000,1283.10,1283.10,1282.70,1283.00,7484
1787901300000000000,1282.90,1283.00,1282.70,1283.00,7923
1787901360000000000,1283.00,1283.20,1282.80,1282.80,9579
1787901420000000000,1282.90,1282.90,1282.70,1282.80,3166
1787901480000000000,1282.80,1283.30,1282.00,1282.60,39071
1787901540000000000,1282.70,1282.80,1282.40,1282.50,8401
1787901600000000000,1282.50,1282.60,1281.50,1281.80,11898
1787901660000000000,1281.90,1282.00,1281.80,1281.90,3183
1787901720000000000,1282.00,1282.50,1281.50,1282.10,16870
1787901780000000000,1282.10,1282.10,1282.00,1282.00,6808
1787901840000000000,1282.10,1282.10,1282.00,1282.10,3760
1787901900000000000,1282.10,1282.10,1282.00,1282.10,4772
1787901960000000000,1282.10,1282.60,1282.00,1282.40,15835
1787902020000000000,1282.50,1282.60,1282.10,1282.30,6518
1787902080000000000,1282.30,1282.50,1282.10,1282.20,5047
1787902140000000000,1282.30,1282.30,1282.20,1282.20,4896
1787902200000000000,1282.30,1282.40,1282.00,1282.10,6231
1787902260000000000,1282.10,1282.30,1282.00,1282.10,6579
1787902320000000000,1282.20,1284.10,1282.10,1283.30,91193
1787902380000000000,1283.30,1283.60,1283.10,1283.40,8388
1787902440000000000,1283.40,1284.10,1282.30,1283.00,80862
1787902500000000000,1283.10,1283.50,1282.50,1282.60,11083
1787902560000000000,1282.70,1282.70,1282.30,1282.40,9888
1787902620000000000,1282.50,1282.90,1282.40,1282.90,5550
1787902680000000000,1282.70,1284.00,1282.50,1283.10,36853
1787902740000000000,1283.20,1283.20,1282.60,1283.00,6837
1787902800000000000,1283.00,1283.00,1282.60,1282.70,5840
1787902860000000000,1282.70,1282.90,1282.60,1282.70,5292
1787902920000000000,1282.70,1282.80,1282.60,1282.60,3533
1787902980000000000,1282.70,1283.40,1282.50,1283.10,16513
1787903040000000000,1283.10,1283.10,1283.00,1283.10,5596
1787903100000000000,1283.10,1283.20,1283.00,1283.10,10417
1787903160000000000,1283.10,1283.30,1283.00,1283.20,16197
1787903220000000000,1283.30,1283.30,1283.10,1283.20,11725
1787903280000000000,1283.20,1283.80,1282.90,1283.00,12629
1787903340000000000,1283.00,1283.10,1282.90,1283.00,5765
1787903400000000000,1283.10,1283.30,1283.00,1283.20,7263
1787903460000000000,1283.30,1283.60,1283.00,1283.60,15725
1787903520000000000,1283.60,1284.40,1283.50,1283.60,18397
1787903580000000000,1283.60,1283.80,1283.50,1283.80,5604
1787903640000000000,1283.80,1284.10,1283.60,1284.10,17702
1787903700000000000,1284.10,1284.10,1283.60,1283.80,14286
1787903760000000000,1283.80,1283.80,1283.60,1283.80,2401
1787903820000000000,1283.80,1284.00,1283.60,1283.70,8692
1787903880000000000,1283.70,1283.70,1283.50,1283.60,4787
1787903940000000000,1283.60,1283.60,1283.50,1283.50,2299
1787904000000000000,1283.60,1283.70,1283.50,1283.60,9288
1787904060000000000,1283.60,1283.60,1283.50,1283.50,4668
1787904120000000000,1283.60,1283.60,1283.50,1283.60,7163
1787904180000000000,1283.60,1283.90,1283.50,1283.80,13871
1787904240000000000,1283.80,1283.90,1283.50,1283.50,7481
1787904300000000000,1283.60,1283.60,1283.50,1283.60,7133
1787904360000000000,1283.60,1283.60,1283.50,1283.60,3988
1787904420000000000,1283.60,1283.60,1283.50,1283.60,6210
1787904480000000000,1283.60,1284.00,1283.50,1283.80,33485
1787904540000000000,1283.80,1284.20,1283.70,1284.10,11722
1787904600000000000,1284.10,1284.60,1284.00,1284.50,19495
1787904660000000000,1284.60,1285.10,1283.60,1283.70,37751
1787904720000000000,1283.70,1283.70,1283.50,1283.50,6324
1787904780000000000,1283.60,1283.60,1283.00,1283.10,12114
1787904840000000000,1283.00,1283.10,1282.60,1282.60,9805
1787904900000000000,1282.70,1282.80,1282.60,1282.80,4379
1787904960000000000,1282.80,1282.80,1282.60,1282.70,7239
1787905020000000000,1282.70,1282.70,1282.50,1282.50,2697
1787905080000000000,1282.60,1282.60,1282.10,1282.10,10786
1787905140000000000,1282.20,1282.20,1282.00,1282.00,6243
1787905200000000000,1282.10,1282.10,1282.00,1282.10,7894
1787905260000000000,1282.10,1282.10,1281.00,1281.20,76858
1787905320000000000,1281.20,1281.80,1281.10,1281.50,7513
1787905380000000000,1281.50,1281.60,1281.40,1281.50,6757
1787905440000000000,1281.60,1281.80,1281.50,1281.60,5710
1787905500000000000,1281.70,1281.70,1281.50,1281.50,6849
1787905560000000000,1281.60,1281.60,1281.20,1281.20,9616
1787905620000000000,1281.30,1281.40,1281.20,1281.40,6499
1787905680000000000,1281.40,1281.40,1281.20,1281.30,6575
1787905740000000000,1281.30,1281.30,1281.20,1281.20,5968
1787905800000000000,1281.30,1281.30,1281.20,1281.30,5930
1787905860000000000,1281.30,1281.30,1281.00,1281.00,7108
1787905920000000000,1281.10,1281.20,1281.00,1281.10,11868
1787905980000000000,1281.10,1281.10,1281.00,1281.10,10653
1787906040000000000,1281.10,1281.10,1281.00,1281.10,10076
1787906100000000000,1281.10,1281.10,1281.00,1281.00,7572
1787906160000000000,1281.10,1281.10,1280.30,1280.40,27798
1787906220000000000,1280.40,1280.80,1280.30,1280.80,15698
1787906280000000000,1280.70,1280.90,1280.70,1280.70,8454
1787906340000000000,1280.80,1280.80,1280.60,1280.70,13444
1787906400000000000,1280.70,1281.30,1280.60,1281.10,11093
1787906460000000000,1281.10,1281.40,1281.00,1281.40,6642
1787906520000000000,1281.30,1281.90,1281.10,1281.30,13514
1787906580000000000,1281.30,1282.00,1281.10,1281.50,11609
1787906640000000000,1281.60,1282.10,1281.40,1282.10,30279
1787906700000000000,1282.10,1282.10,1281.90,1282.00,6069
1787906760000000000,1282.10,1282.10,1281.90,1282.10,10518
1787906820000000000,1282.10,1282.10,1282.00,1282.00,5827
1787906880000000000,1282.10,1282.10,1282.00,1282.10,5790
1787906940000000000,1282.10,1282.10,1282.00,1282.10,6902
1787907000000000000,1282.00,1282.10,1282.00,1282.00,6534
1787907060000000000,1282.10,1282.10,1281.90,1282.10,12428
1787907120000000000,1282.10,1282.10,1282.00,1282.00,6223
1787907180000000000,1282.10,1282.40,1282.00,1282.20,12255
1787907240000000000,1282.30,1282.30,1282.00,1282.00,7649
1787907300000000000,1282.10,1282.10,1282.00,1282.00,5168
1787907360000000000,1282.10,1282.10,1282.00,1282.00,6286
1787907420000000000,1282.10,1282.30,1282.00,1282.00,14715
1787907480000000000,1282.10,1282.90,1282.00,1282.50,17345
1787907540000000000,1282.50,1282.90,1282.40,1282.70,12449
1787907600000000000,1282.80,1283.30,1282.70,1283.20,23217
1787907660000000000,1283.30,1283.40,1282.80,1282.90,27353
1787907720000000000,1282.90,1282.90,1282.50,1282.50,12238
1787907780000000000,1282.60,1282.90,1282.20,1282.30,29181
1787907840000000000,1282.40,1283.00,1282.30,1282.60,10487
1787907900000000000,1282.70,1282.70,1282.20,1282.30,9152
1787907960000000000,1282.30,1283.00,1282.20,1282.30,26961
1787908020000000000,1282.30,1282.50,1282.10,1282.30,10922
1787908080000000000,1282.30,1282.40,1282.20,1282.20,12333
1787908140000000000,1282.30,1282.50,1282.10,1282.40,8809
1787908200000000000,1282.50,1282.50,1282.30,1282.40,8884
1787908260000000000,1282.40,1282.50,1282.10,1282.20,10996
1787908320000000000,1282.20,1282.30,1282.10,1282.20,6919
1787908380000000000,1282.20,1282.30,1282.10,1282.20,12070
1787908440000000000,1282.20,1282.30,1282.10,1282.30,7766
1787908500000000000,1282.30,1282.40,1282.00,1282.30,18257
1787908560000000000,1282.30,1282.40,1282.10,1282.30,3843
1787908620000000000,1282.30,1282.40,1282.00,1282.20,12336
1787908680000000000,1282.40,1282.40,1282.20,1282.30,5291
1787908740000000000,1282.30,1283.00,1282.20,1282.70,22904
1787908800000000000,1282.80,1285.30,1282.60,1283.50,151740
1787908860000000000,1283.50,1283.80,1283.10,1283.20,13769
1787908920000000000,1283.20,1283.30,1283.00,1283.10,11029
1787908980000000000,1283.10,1285.40,1283.00,1283.20,90516
1787909040000000000,1283.20,1283.30,1283.00,1283.00,9070
1787909100000000000,1283.10,1283.10,1283.00,1283.10,9541
1787909160000000000,1283.10,1283.10,1282.50,1282.60,10877
1787909220000000000,1282.60,1282.80,1282.40,1282.50,19625
1787909280000000000,1282.50,1282.80,1282.20,1282.20,18882
1787909340000000000,1282.50,1282.70,1282.30,1282.60,10629
1787909400000000000,1282.60,1282.80,1282.20,1282.60,12620
1787909460000000000,1282.60,1282.60,1282.30,1282.50,17744
1787909520000000000,1282.50,1282.70,1281.60,1282.00,31242
1787909580000000000,1282.00,1282.00,1281.40,1281.50,16003
1787909640000000000,1281.50,1281.80,1281.20,1281.30,24056
1787909700000000000,1281.20,1281.30,1281.00,1281.10,33776
1787909760000000000,1281.10,1281.10,1280.40,1280.70,34931
1787909820000000000,1280.70,1280.70,1280.10,1280.30,34459
1787909880000000000,1280.20,1280.30,1280.00,1280.10,48327
1787909940000000000,1280.10,1280.90,1280.00,1280.80,37143
1787910000000000000,1280.70,1281.90,1280.70,1281.90,21464
1787910060000000000,1281.90,1283.10,1281.00,1283.10,53431
1787910120000000000,1283.10,1284.70,1282.60,1284.10,100766
1787910180000000000,1284.00,1284.20,1283.00,1283.60,20260
1787910240000000000,1283.50,1284.30,1283.40,1283.70,15474
1787910300000000000,1283.70,1283.70,1283.70,1283.70,0
1787910360000000000,1283.70,1283.70,1283.70,1283.70,0
1787910420000000000,1283.70,1283.70,1283.70,1283.70,0
1787910480000000000,1283.70,1283.70,1283.70,1283.70,0
1787910540000000000,1283.70,1283.70,1283.70,1283.70,0
1787910600000000000,1283.70,1283.70,1283.70,1283.70,0
1787910660000000000,1283.70,1283.70,1283.70,1283.70,0
1787910720000000000,1283.70,1283.70,1283.70,1283.70,0
1787910780000000000,1283.70,1283.70,1283.70,1283.70,0
1787910840000000000,1283.70,1283.70,1283.70,1283.70,0
1787910900000000000,1283.70,1283.70,1283.70,1283.70,0
1787910960000000000,1283.70,1283.70,1283.70,1283.70,0
1787911020000000000,1283.70,1283.70,1283.70,1283.70,0
1787911080000000000,1283.70,1283.70,1283.70,1283.70,0
1787911140000000000,1287.00,1287.00,1287.00,1287.00,195195
1788147900000000000,1278.70,1278.70,1273.10,1274.10,338369
1788147960000000000,1274.10,1274.50,1273.00,1273.50,155418
1788148020000000000,1273.80,1274.20,1273.00,1274.10,49373
1788148080000000000,1274.10,1274.90,1273.50,1274.20,97257
1788148140000000000,1274.80,1274.90,1273.20,1274.00,55030
1788148200000000000,1274.00,1275.90,1273.70,1275.70,68711
1788148260000000000,1275.70,1276.00,1275.00,1276.00,51557
1788148320000000000,1276.00,1276.90,1274.90,1275.00,67300
1788148380000000000,1275.00,1275.00,1274.00,1274.90,34044
1788148440000000000,1274.90,1275.00,1271.40,1272.30,126277
1788148500000000000,1272.30,1272.30,1271.00,1271.90,55956
1788148560000000000,1271.90,1272.30,1271.50,1271.90,38045
1788148620000000000,1271.90,1272.20,1271.50,1272.10,35592
1788148680000000000,1272.10,1272.20,1271.50,1271.90,30327
1788148740000000000,1271.90,1273.00,1271.00,1272.70,50740
1788148800000000000,1272.70,1273.90,1272.30,1273.70,33440
1788148860000000000,1273.70,1273.90,1273.00,1273.30,24393
1788148920000000000,1273.30,1273.60,1273.10,1273.60,22176
1788148980000000000,1273.60,1274.50,1273.50,1274.40,27546
1788149040000000000,1274.40,1274.40,1273.70,1274.00,44118
1788149100000000000,1274.00,1274.00,1273.00,1273.50,29493
1788149160000000000,1273.50,1274.00,1273.10,1274.00,34620
1788149220000000000,1274.00,1274.70,1274.00,1274.60,24760
1788149280000000000,1274.60,1274.60,1274.00,1274.50,19813
1788149340000000000,1274.50,1274.60,1274.00,1274.50,17566
1788149400000000000,1274.50,1274.50,1273.60,1273.90,19263
1788149460000000000,1273.90,1274.10,1273.60,1274.00,13288
1788149520000000000,1274.00,1274.20,1273.70,1274.00,18114
1788149580000000000,1274.00,1274.00,1273.30,1273.90,30638
1788149640000000000,1273.90,1273.90,1272.00,1273.00,83538
1788149700000000000,1273.00,1273.50,1272.30,1273.50,40860
1788149760000000000,1273.50,1273.90,1273.00,1273.60,24325
1788149820000000000,1273.60,1274.10,1273.50,1274.10,18308
1788149880000000000,1274.10,1274.20,1274.00,1274.20,11615
1788149940000000000,1274.20,1274.30,1273.70,1274.00,17100
1788150000000000000,1274.00,1274.00,1273.60,1274.00,10675
1788150060000000000,1274.00,1274.40,1273.90,1274.40,15791
1788150120000000000,1274.40,1274.40,1273.90,1274.30,15429
1788150180000000000,1274.30,1274.70,1274.10,1274.70,17824
1788150240000000000,1274.70,1275.90,1274.30,1275.50,41290
1788150300000000000,1275.50,1275.60,1275.00,1275.50,15197
1788150360000000000,1275.50,1275.50,1275.00,1275.40,14088
1788150420000000000,1275.40,1275.40,1275.10,1275.30,8966
1788150480000000000,1275.30,1275.30,1275.10,1275.20,17283
1788150540000000000,1275.30,1275.30,1275.10,1275.30,8924
1788150600000000000,1275.30,1275.40,1275.20,1275.40,10352
1788150660000000000,1275.40,1275.90,1275.30,1275.70,21523
1788150720000000000,1275.70,1275.80,1275.60,1275.80,13643
1788150780000000000,1275.80,1275.80,1275.70,1275.70,12580
1788150840000000000,1275.80,1275.80,1275.20,1275.70,15024
1788150900000000000,1275.70,1276.60,1275.60,1276.40,37282
1788150960000000000,1276.40,1276.70,1275.80,1276.00,33628
1788151020000000000,1276.10,1276.50,1276.00,1276.40,11816
1788151080000000000,1276.40,1276.50,1276.10,1276.50,15665
1788151140000000000,1276.50,1276.60,1276.10,1276.40,20362
1788151200000000000,1276.10,1276.50,1276.00,1276.30,9955
1788151260000000000,1276.30,1276.40,1275.20,1275.50,34420
1788151320000000000,1275.50,1275.70,1275.00,1275.10,9072
1788151380000000000,1275.10,1275.80,1275.00,1275.80,12037
1788151440000000000,1275.80,1275.80,1275.60,1275.80,7822
1788151500000000000,1275.80,1276.80,1275.60,1276.80,20506
1788151560000000000,1276.80,1276.90,1276.20,1276.50,15463
1788151620000000000,1276.50,1276.70,1276.10,1276.60,20984
1788151680000000000,1276.60,1276.60,1276.00,1276.10,6284
1788151740000000000,1276.10,1276.30,1276.00,1276.30,10822
1788151800000000000,1276.30,1276.30,1276.10,1276.30,7228
1788151860000000000,1276.30,1276.30,1276.00,1276.20,9594
1788151920000000000,1276.20,1276.90,1276.00,1276.80,20995
1788151980000000000,1276.80,1277.10,1276.20,1276.60,38479
1788152040000000000,1277.00,1277.10,1276.20,1276.60,21182
1788152100000000000,1276.50,1277.40,1276.20,1277.00,27357
1788152160000000000,1277.00,1278.80,1276.70,1278.80,69589
1788152220000000000,1278.80,1279.70,1278.30,1278.50,37083
1788152280000000000,1278.80,1279.00,1278.30,1278.90,6690
1788152340000000000,1278.90,1278.90,1278.50,1278.70,14382
1788152400000000000,1278.70,1278.80,1277.70,1278.00,11259
1788152460000000000,1278.00,1278.20,1277.60,1278.20,23989
1788152520000000000,1278.20,1278.80,1277.70,1277.70,16448
1788152580000000000,1278.00,1278.00,1277.50,1277.80,7220
1788152640000000000,1277.90,1277.90,1277.00,1277.10,8435
1788152700000000000,1277.10,1277.50,1276.50,1277.40,20274
1788152760000000000,1277.40,1277.70,1277.00,1277.30,9550
1788152820000000000,1277.30,1277.40,1276.50,1276.90,5301
1788152880000000000,1276.90,1276.90,1276.10,1276.30,20989
1788152940000000000,1276.30,1276.70,1276.10,1276.30,24568
1788153000000000000,1276.50,1276.60,1276.20,1276.50,4209
1788153060000000000,1276.50,1276.60,1276.20,1276.20,5827
1788153120000000000,1276.30,1276.30,1276.10,1276.20,7249
1788153180000000000,1276.30,1276.40,1276.10,1276.20,12699
1788153240000000000,1276.30,1276.40,1276.10,1276.30,8959
1788153300000000000,1276.30,1276.30,1276.00,1276.10,8462
1788153360000000000,1276.20,1276.20,1276.00,1276.10,7324
1788153420000000000,1276.00,1276.20,1276.00,1276.00,8122
1788153480000000000,1276.10,1276.20,1276.00,1276.20,9337
1788153540000000000,1276.20,1276.20,1275.60,1275.80,6673
1788153600000000000,1275.80,1275.80,1275.30,1275.50,12538
1788153660000000000,1275.50,1275.50,1275.10,1275.40,5898
1788153720000000000,1275.40,1275.40,1275.10,1275.30,15115
1788153780000000000,1275.40,1275.40,1275.00,1275.40,21457
1788153840000000000,1275.40,1275.40,1275.10,1275.20,6942
1788153900000000000,1275.30,1275.60,1275.00,1275.60,18213
1788153960000000000,1275.60,1276.90,1275.20,1276.80,16514
1788154020000000000,1276.90,1277.50,1276.40,1276.80,27058
1788154080000000000,1277.00,1278.00,1276.80,1277.90,15684
1788154140000000000,1277.80,1277.90,1277.20,1277.90,10821
1788154200000000000,1277.90,1277.90,1277.00,1277.20,8543
1788154260000000000,1277.20,1277.40,1277.00,1277.40,10489
1788154320000000000,1277.40,1277.50,1277.00,1277.20,6830
1788154380000000000,1277.20,1277.20,1277.00,1277.20,5889
1788154440000000000,1277.20,1277.20,1277.00,1277.20,9184
1788154500000000000,1277.20,1277.20,1277.00,1277.10,10119
1788154560000000000,1277.20,1277.20,1276.10,1276.10,11513
1788154620000000000,1276.40,1276.50,1275.70,1276.50,10469
1788154680000000000,1276.50,1277.20,1276.30,1276.70,9524
1788154740000000000,1276.60,1276.70,1275.90,1276.70,12636
1788154800000000000,1276.70,1276.70,1276.00,1276.60,7383
1788154860000000000,1276.60,1276.70,1276.30,1276.70,9457
1788154920000000000,1276.70,1276.90,1276.10,1276.90,9805
1788154980000000000,1276.90,1277.50,1276.70,1277.20,14042
1788155040000000000,1277.20,1277.90,1277.00,1277.70,10055
1788155100000000000,1277.70,1278.50,1277.30,1278.40,20815
1788155160000000000,1278.40,1278.40,1277.90,1278.40,9805
1788155220000000000,1278.40,1278.40,1278.00,1278.40,13661
1788155280000000000,1278.40,1278.40,1278.00,1278.20,5567
1788155340000000000,1278.30,1278.40,1278.20,1278.30,6626
1788155400000000000,1278.30,1278.50,1278.20,1278.40,11361
1788155460000000000,1278.40,1279.50,1278.20,1279.50,28160
1788155520000000000,1279.50,1280.70,1279.40,1280.00,34750
1788155580000000000,1279.90,1280.00,1279.60,1279.90,12898
1788155640000000000,1279.90,1280.30,1278.20,1280.00,49363
1788155700000000000,1280.20,1281.00,1280.00,1280.90,24330
1788155760000000000,1280.90,1280.90,1280.20,1280.40,19780
1788155820000000000,1280.40,1280.50,1280.20,1280.40,6724
1788155880000000000,1280.30,1280.30,1280.00,1280.30,10789
1788155940000000000,1280.30,1282.20,1280.20,1282.00,40771
1788156000000000000,1282.10,1282.60,1281.70,1282.10,19695
1788156060000000000,1282.30,1282.50,1281.70,1281.80,11159
1788156120000000000,1281.80,1282.00,1281.10,1281.70,18646
1788156180000000000,1281.70,1281.70,1280.50,1281.20,23768
1788156240000000000,1281.30,1283.30,1281.20,1282.70,36026
1788156300000000000,1282.70,1283.40,1282.40,1282.80,13845
1788156360000000000,1282.70,1283.00,1281.50,1281.50,17369
1788156420000000000,1281.70,1282.20,1281.30,1281.50,14544
1788156480000000000,1281.70,1283.30,1281.50,1283.10,32154
1788156540000000000,1283.10,1283.50,1281.50,1282.40,18262
1788156600000000000,1282.40,1283.00,1282.30,1283.00,11200
1788156660000000000,1283.00,1283.40,1282.90,1283.20,11354
1788156720000000000,1283.20,1283.50,1283.00,1283.30,9417
1788156780000000000,1283.40,1283.50,1283.10,1283.50,12570
1788156840000000000,1283.50,1283.90,1283.20,1283.90,19438
1788156900000000000,1283.90,1283.90,1283.00,1283.30,20621
1788156960000000000,1283.50,1283.60,1283.00,1283.30,11375
1788157020000000000,1283.30,1283.30,1282.10,1282.60,17272
1788157080000000000,1282.60,1282.70,1280.80,1281.30,64005
1788157140000000000,1281.30,1282.20,1281.00,1281.70,103348
1788157200000000000,1281.70,1282.40,1281.10,1282.40,16440
1788157260000000000,1282.40,1282.80,1281.60,1282.20,8900
1788157320000000000,1282.20,1283.00,1282.00,1283.00,10658
1788157380000000000,1283.00,1284.50,1282.90,1283.70,36377
1788157440000000000,1283.70,1285.70,1283.50,1285.70,54902
1788157500000000000,1285.70,1287.00,1285.10,1286.20,42603
1788157560000000000,1286.20,1286.80,1285.80,1286.10,22821
1788157620000000000,1286.40,1286.60,1286.00,1286.60,14202
1788157680000000000,1286.50,1286.60,1284.80,1285.40,38202
1788157740000000000,1285.80,1285.80,1284.50,1285.40,24334
1788157800000000000,1285.40,1286.00,1285.00,1286.00,33156
1788157860000000000,1285.80,1286.10,1285.40,1285.80,19109
1788157920000000000,1286.00,1286.60,1285.50,1286.20,11053
1788157980000000000,1286.30,1286.40,1285.80,1286.10,13378
1788158040000000000,1286.10,1286.80,1285.90,1286.50,17192
1788158100000000000,1286.50,1286.50,1285.40,1285.90,9585
1788158160000000000,1285.90,1285.90,1285.20,1285.70,11058
1788158220000000000,1285.80,1285.90,1284.50,1285.20,13441
1788158280000000000,1285.20,1285.30,1283.90,1284.30,23497
1788158340000000000,1284.30,1284.30,1283.30,1283.80,13665
1788158400000000000,1283.80,1283.80,1282.20,1282.70,18938
1788158460000000000,1282.70,1283.80,1282.20,1282.30,62054
1788158520000000000,1282.30,1282.80,1281.70,1282.50,24063
1788158580000000000,1282.50,1283.20,1282.00,1283.00,19591
1788158640000000000,1283.00,1283.50,1282.70,1283.00,8868
1788158700000000000,1283.00,1283.30,1282.30,1282.60,14141
1788158760000000000,1283.10,1283.20,1282.80,1283.10,9586
1788158820000000000,1283.10,1283.50,1282.90,1283.30,14808
1788158880000000000,1283.40,1283.90,1283.20,1283.90,13183
1788158940000000000,1283.90,1284.30,1283.50,1284.30,14058
1788159000000000000,1284.30,1284.80,1284.20,1284.60,12277
1788159060000000000,1284.60,1284.70,1284.20,1284.60,13837
1788159120000000000,1284.70,1284.90,1284.60,1284.90,15219
1788159180000000000,1284.90,1284.90,1284.20,1284.60,31609
1788159240000000000,1284.60,1284.80,1284.50,1284.70,13366
1788159300000000000,1284.80,1284.80,1284.00,1284.40,25217
1788159360000000000,1284.50,1284.50,1283.80,1284.20,15645
1788159420000000000,1284.30,1284.30,1283.70,1284.20,10075
1788159480000000000,1284.20,1284.20,1283.70,1284.10,10739
1788159540000000000,1284.10,1284.20,1283.80,1284.20,10314
1788159600000000000,1284.20,1284.20,1283.60,1283.90,4773
1788159660000000000,1284.00,1284.70,1283.80,1284.30,14185
1788159720000000000,1284.30,1284.40,1284.00,1284.40,6888
1788159780000000000,1284.40,1284.80,1284.30,1284.80,11543
1788159840000000000,1284.80,1284.90,1284.50,1284.70,6993
1788159900000000000,1284.70,1285.00,1284.60,1285.00,6733
1788159960000000000,1285.00,1285.20,1284.90,1285.20,12860
1788160020000000000,1285.20,1285.20,1285.00,1285.20,5689
1788160080000000000,1285.20,1286.00,1285.10,1285.70,12932
1788160140000000000,1285.90,1286.20,1285.30,1286.10,12940
1788160200000000000,1286.20,1286.30,1285.60,1285.80,10167
1788160260000000000,1285.90,1286.90,1285.80,1286.50,9836
1788160320000000000,1286.70,1286.80,1285.70,1285.80,7115
1788160380000000000,1286.00,1286.00,1285.30,1286.00,12935
1788160440000000000,1286.00,1286.50,1285.80,1286.50,11138
1788160500000000000,1286.50,1286.50,1285.80,1286.20,5871
1788160560000000000,1286.20,1286.30,1285.50,1286.10,10854
1788160620000000000,1286.10,1286.50,1286.10,1286.30,7158
1788160680000000000,1286.40,1286.50,1286.10,1286.40,8008
1788160740000000000,1286.40,1286.60,1286.30,1286.50,8773
1788160800000000000,1286.60,1286.60,1286.10,1286.30,8449
1788160860000000000,1286.30,1288.00,1286.20,1287.20,33328
1788160920000000000,1287.30,1287.40,1287.00,1287.40,11340
1788160980000000000,1287.40,1287.40,1287.00,1287.00,5321
1788161040000000000,1287.10,1288.00,1287.00,1288.00,19174
1788161100000000000,1288.00,1288.20,1287.50,1288.00,12883
1788161160000000000,1288.20,1288.80,1287.90,1288.50,12786
1788161220000000000,1288.50,1288.80,1287.30,1287.50,34187
1788161280000000000,1287.50,1288.20,1287.30,1288.10,12270
1788161340000000000,1288.10,1288.20,1287.50,1287.60,12632
1788161400000000000,1287.70,1287.90,1287.50,1287.70,4794
1788161460000000000,1287.80,1288.00,1287.40,1287.70,22051
1788161520000000000,1287.70,1287.70,1287.30,1287.50,9600
1788161580000000000,1287.60,1287.70,1287.40,1287.50,8077
1788161640000000000,1287.50,1287.60,1287.00,1287.30,8274
1788161700000000000,1287.30,1287.30,1287.00,1287.00,6726
1788161760000000000,1287.10,1287.10,1286.60,1286.70,5475
1788161820000000000,1286.70,1286.70,1285.70,1286.20,13240
1788161880000000000,1286.20,1286.20,1285.40,1285.50,14123
1788161940000000000,1285.80,1286.00,1285.50,1285.60,9313
1788162000000000000,1285.70,1285.70,1285.20,1285.60,11635
1788162060000000000,1285.60,1285.80,1285.30,1285.40,7612
1788162120000000000,1285.70,1286.00,1285.20,1285.70,4400
1788162180000000000,1285.80,1287.00,1285.70,1286.60,21009
1788162240000000000,1286.90,1287.00,1286.40,1287.00,9459
1788162300000000000,1287.00,1287.70,1286.80,1287.10,19862
1788162360000000000,1287.20,1287.20,1286.60,1286.60,4454
1788162420000000000,1286.70,1286.70,1286.10,1286.50,5999
1788162480000000000,1286.50,1286.50,1286.00,1286.10,8345
1788162540000000000,1286.10,1286.10,1286.00,1286.10,12036
1788162600000000000,1286.10,1286.10,1286.00,1286.10,8581
1788162660000000000,1286.10,1286.10,1286.00,1286.00,10031
1788162720000000000,1286.10,1286.10,1285.00,1285.00,32619
1788162780000000000,1285.00,1285.30,1285.00,1285.00,12615
1788162840000000000,1285.20,1285.70,1285.00,1285.60,6280
1788162900000000000,1285.70,1285.70,1285.00,1285.20,7593
1788162960000000000,1285.20,1285.30,1285.00,1285.10,4433
1788163020000000000,1285.10,1285.10,1284.30,1284.80,12869
1788163080000000000,1284.80,1285.50,1284.60,1285.20,16513
1788163140000000000,1285.20,1286.10,1285.00,1285.10,32377
1788163200000000000,1285.50,1285.70,1285.00,1285.70,11369
1788163260000000000,1285.70,1286.90,1285.20,1285.70,11523
1788163320000000000,1285.80,1286.10,1285.30,1285.80,6178
1788163380000000000,1285.80,1286.00,1285.60,1286.00,2751
1788163440000000000,1286.00,1286.50,1285.70,1286.00,6729
1788163500000000000,1286.30,1286.40,1286.00,1286.10,2538
1788163560000000000,1286.30,1286.40,1286.00,1286.40,6174
1788163620000000000,1286.40,1286.50,1285.30,1286.40,18504
1788163680000000000,1286.50,1287.00,1286.40,1286.70,8208
1788163740000000000,1286.80,1287.00,1285.60,1286.30,15049
1788163800000000000,1286.40,1287.30,1286.00,1286.30,12711
1788163860000000000,1286.60,1286.80,1286.30,1286.50,7580
1788163920000000000,1286.50,1287.00,1286.00,1286.30,5809
1788163980000000000,1286.50,1286.60,1286.00,1286.00,5642
1788164040000000000,1286.10,1286.40,1286.00,1286.00,4627
1788164100000000000,1286.20,1286.30,1286.00,1286.20,3672
1788164160000000000,1286.20,1286.30,1286.00,1286.00,7773
1788164220000000000,1286.10,1286.80,1286.00,1286.40,8850
1788164280000000000,1286.50,1287.60,1286.40,1287.10,14462
1788164340000000000,1287.50,1287.90,1287.10,1287.80,11894
1788164400000000000,1287.80,1287.80,1287.00,1287.50,8389
1788164460000000000,1287.80,1287.90,1287.10,1287.60,8474
1788164520000000000,1287.60,1287.70,1287.50,1287.70,7646
1788164580000000000,1287.70,1287.80,1286.60,1287.00,8309
1788164640000000000,1287.00,1287.80,1286.60,1287.60,8126
1788164700000000000,1287.60,1287.80,1286.60,1286.70,4245
1788164760000000000,1286.70,1286.70,1286.10,1286.40,6128
1788164820000000000,1286.40,1286.80,1286.00,1286.60,9590
1788164880000000000,1286.60,1287.00,1286.30,1286.80,9279
1788164940000000000,1286.80,1286.90,1286.20,1286.80,5179
1788165000000000000,1286.80,1286.90,1286.00,1286.40,12448
1788165060000000000,1286.40,1286.90,1286.30,1286.80,13855
1788165120000000000,1286.80,1287.40,1286.00,1286.50,27417
1788165180000000000,1286.80,1287.00,1285.50,1285.60,29021
1788165240000000000,1285.60,1285.60,1284.50,1285.00,33342
1788165300000000000,1285.10,1285.70,1284.20,1284.90,25430
1788165360000000000,1284.90,1285.70,1284.00,1285.30,75647
1788165420000000000,1285.60,1286.50,1284.70,1285.60,18216
1788165480000000000,1285.70,1285.80,1285.10,1285.10,12644
1788165540000000000,1285.50,1285.50,1284.80,1284.80,5663
1788165600000000000,1284.90,1286.30,1284.50,1285.90,19076
1788165660000000000,1285.90,1285.90,1284.40,1285.00,11113
1788165720000000000,1285.30,1286.80,1285.00,1285.70,14262
1788165780000000000,1285.70,1286.10,1285.00,1286.00,23426
1788165840000000000,1285.90,1286.80,1285.60,1286.80,22030
1788165900000000000,1286.80,1286.80,1286.00,1286.60,37104
1788165960000000000,1286.80,1287.40,1286.40,1287.10,24136
1788166020000000000,1287.10,1287.10,1286.20,1286.30,15166
1788166080000000000,1286.30,1287.00,1286.20,1286.50,7622
1788166140000000000,1286.50,1286.80,1286.30,1286.70,6951
1788166200000000000,1286.60,1286.80,1285.50,1285.80,14828
1788166260000000000,1285.90,1286.50,1285.60,1286.40,23659
1788166320000000000,1286.30,1286.70,1285.70,1286.50,15407
1788166380000000000,1286.60,1286.70,1286.00,1286.50,9827
1788166440000000000,1286.60,1286.60,1285.80,1285.90,11384
1788166500000000000,1286.00,1286.50,1285.60,1286.00,11089
1788166560000000000,1286.00,1286.30,1285.50,1285.70,7465
1788166620000000000,1285.80,1285.90,1285.00,1285.60,10701
1788166680000000000,1285.60,1285.90,1285.00,1285.40,7333
1788166740000000000,1285.50,1285.80,1284.40,1284.70,53767
1788166800000000000,1285.10,1286.50,1284.70,1286.40,24944
1788166860000000000,1286.40,1286.40,1286.00,1286.30,9092
1788166920000000000,1286.30,1286.60,1286.10,1286.20,10067
1788166980000000000,1286.40,1287.80,1286.10,1286.90,41161
1788167040000000000,1286.90,1287.20,1286.50,1287.10,10224
1788167100000000000,1287.10,1287.20,1287.00,1287.20,9051
1788167160000000000,1287.20,1287.50,1286.70,1287.00,9852
1788167220000000000,1287.00,1287.10,1286.50,1287.10,15101
1788167280000000000,1287.10,1287.20,1286.60,1286.90,16159
1788167340000000000,1287.00,1287.20,1286.90,1287.10,12787
1788167400000000000,1287.00,1287.20,1287.00,1287.20,11169
1788167460000000000,1287.20,1287.50,1286.60,1286.80,16275
1788167520000000000,1286.80,1287.50,1286.70,1287.20,14034
1788167580000000000,1287.30,1287.30,1286.50,1286.60,6194
1788167640000000000,1286.60,1287.10,1286.20,1287.00,13390
1788167700000000000,1287.10,1291.70,1287.00,1291.30,91641
1788167760000000000,1291.10,1293.00,1290.00,1292.40,66283
1788167820000000000,1292.50,1293.00,1290.30,1292.20,53201
1788167880000000000,1292.30,1293.00,1291.00,1292.80,46478
1788167940000000000,1292.80,1293.00,1291.80,1292.70,30049
1788168000000000000,1292.80,1293.00,1291.70,1292.40,22468
1788168060000000000,1292.30,1293.40,1292.00,1293.40,32545
1788168120000000000,1293.40,1293.90,1293.00,1293.20,25804
1788168180000000000,1293.40,1293.50,1292.70,1293.00,34721
1788168240000000000,1293.10,1293.40,1292.60,1292.90,22636
1788168300000000000,1292.90,1293.40,1292.70,1293.00,25605
1788168360000000000,1293.30,1293.30,1292.00,1292.90,36396
1788168420000000000,1292.90,1293.10,1291.20,1291.40,30302
1788168480000000000,1291.40,1291.50,1289.60,1289.70,47939
1788168540000000000,1289.70,1291.50,1289.60,1291.30,22370
1788168600000000000,1291.20,1293.00,1290.90,1293.00,65548
1788168660000000000,1292.80,1295.30,1292.80,1294.90,94534
1788168720000000000,1294.90,1295.40,1293.70,1295.00,68900
1788168780000000000,1294.90,1296.20,1294.20,1296.20,94612
1788168840000000000,1295.90,1297.10,1295.70,1296.50,78264
1788168900000000000,1296.50,1297.00,1293.60,1296.00,86325
1788168960000000000,1295.70,1296.50,1295.10,1295.90,60601
1788169020000000000,1295.90,1296.60,1294.40,1295.00,62558
1788169080000000000,1295.00,1296.50,1294.80,1295.90,56869
1788169140000000000,1295.90,1297.00,1295.90,1296.60,50767
1788169200000000000,1296.50,1297.50,1296.50,1297.00,57636
1788169260000000000,1296.90,1297.60,1296.80,1297.40,69979
1788169320000000000,1297.40,1297.50,1293.40,1295.00,141622
1788169380000000000,1295.00,1297.00,1293.60,1295.20,108508
1788169440000000000,1295.20,1296.00,1292.80,1294.90,71435
1788169500000000000,1294.90,1294.90,1294.90,1294.90,0
1788169560000000000,1294.90,1294.90,1294.90,1294.90,0
1788169620000000000,1294.90,1294.90,1294.90,1294.90,0
1788169680000000000,1294.90,1294.90,1294.90,1294.90,0
1788169740000000000,1294.90,1294.90,1294.90,1294.90,0
1788169800000000000,1294.90,1294.90,1294.90,1294.90,0
1788169860000000000,1294.90,1294.90,1294.90,1294.90,0
1788169920000000000,1294.90,1294.90,1294.90,1294.90,0
1788169980000000000,1294.90,1294.90,1294.90,1294.90,0
1788170040000000000,1294.90,1294.90,1294.90,1294.90,0
1788170100000000000,1294.90,1294.90,1294.90,1294.90,0
1788170160000000000,1294.90,1294.90,1294.90,1294.90,0
1788170220000000000,1294.90,1294.90,1294.90,1294.90,0
1788170280000000000,1294.90,1294.90,1294.90,1294.90,0
1788170340000000000,1277.00,1277.00,1277.00,1277.00,26635000
1788234300000000000,1285.00,1286.90,1280.00,1281.00,349074
1788234360000000000,1280.90,1284.20,1280.10,1283.00,147893
1788234420000000000,1283.20,1284.00,1281.80,1283.30,111864
1788234480000000000,1283.30,1284.40,1282.50,1283.00,201490
1788234540000000000,1283.00,1286.00,1282.90,1284.60,172674
1788234600000000000,1284.60,1285.80,1283.90,1285.50,57483
1788234660000000000,1285.70,1287.90,1285.50,1286.50,91548
1788234720000000000,1286.60,1289.00,1286.40,1287.00,95203
1788234780000000000,1287.20,1289.20,1286.90,1288.00,110370
1788234840000000000,1288.00,1292.10,1287.80,1290.90,193852
1788234900000000000,1291.00,1293.90,1290.60,1293.10,133394
1788234960000000000,1293.20,1293.90,1292.10,1293.00,59990
1788235020000000000,1293.00,1293.00,1291.20,1292.40,138355
1788235080000000000,1292.40,1294.70,1291.80,1293.90,116652
1788235140000000000,1293.90,1296.80,1293.40,1296.00,72360
1788235200000000000,1296.50,1296.80,1294.70,1294.70,39767
1788235260000000000,1294.90,1296.20,1294.20,1294.50,35266
1788235320000000000,1294.50,1297.40,1293.80,1295.90,97184
1788235380000000000,1295.90,1297.50,1295.70,1296.50,32470
1788235440000000000,1296.50,1296.60,1293.80,1294.50,34167
1788235500000000000,1294.50,1294.60,1293.70,1294.30,23189
1788235560000000000,1294.40,1294.60,1293.30,1294.00,26098
1788235620000000000,1294.30,1294.30,1293.30,1293.80,13436
1788235680000000000,1293.80,1294.40,1293.30,1293.80,16905
1788235740000000000,1294.00,1295.00,1293.20,1295.00,1652710
1788235800000000000,1295.00,1298.50,1294.90,1297.90,76959
1788235860000000000,1297.80,1300.70,1297.10,1300.00,118433
1788235920000000000,1300.00,1300.70,1297.90,1299.30,72845
1788235980000000000,1299.80,1299.90,1298.10,1298.40,30105
1788236040000000000,1298.40,1298.80,1297.80,1298.50,32100
1788236100000000000,1298.50,1298.80,1297.00,1297.30,50551
1788236160000000000,1297.40,1297.60,1295.70,1295.90,27167
1788236220000000000,1296.20,1296.20,1293.10,1293.50,37793
1788236280000000000,1293.90,1294.00,1293.00,1293.60,22429
1788236340000000000,1293.60,1294.60,1293.60,1294.20,14286
1788236400000000000,1294.20,1294.60,1293.50,1294.60,24016
1788236460000000000,1294.60,1295.20,1294.40,1294.80,14732
1788236520000000000,1294.90,1295.00,1293.90,1293.90,12851
1788236580000000000,1294.20,1294.80,1293.60,1294.30,11930
1788236640000000000,1294.30,1294.30,1293.20,1293.60,11653
1788236700000000000,1293.50,1294.90,1293.30,1294.70,20024
1788236760000000000,1294.70,1294.70,1293.10,1293.50,19724
1788236820000000000,1293.50,1295.00,1293.20,1295.00,15807
1788236880000000000,1295.00,1295.00,1294.00,1294.10,3837
1788236940000000000,1294.30,1294.50,1293.60,1294.20,17405
1788237000000000000,1294.20,1295.80,1293.90,1294.10,25751
1788237060000000000,1294.10,1295.90,1293.60,1295.90,14141
1788237120000000000,1295.90,1296.70,1295.70,1296.40,22420
1788237180000000000,1296.40,1297.20,1296.40,1297.00,13328
1788237240000000000,1297.00,1297.20,1296.50,1297.00,10937
1788237300000000000,1297.20,1298.30,1297.00,1298.20,29938
1788237360000000000,1298.20,1298.90,1297.40,1298.70,20528
1788237420000000000,1298.90,1304.70,1298.80,1304.00,160952
1788237480000000000,1304.00,1304.60,1301.10,1302.00,48465
1788237540000000000,1302.30,1304.40,1300.90,1301.70,55193
1788237600000000000,1301.40,1302.30,1300.60,1301.30,17099
1788237660000000000,1301.30,1301.50,1300.60,1301.10,24211
1788237720000000000,1301.10,1301.40,1300.10,1300.90,43666
1788237780000000000,1300.90,1301.40,1299.50,1300.80,48635
1788237840000000000,1300.80,1301.60,1300.40,1301.50,21896
1788237900000000000,1301.50,1304.00,1301.40,1303.20,55628
1788237960000000000,1303.20,1304.00,1302.00,1303.60,77829
1788238020000000000,1303.60,1304.30,1302.50,1303.80,64932
1788238080000000000,1303.80,1304.40,1302.90,1303.60,23417
1788238140000000000,1303.50,1303.80,1303.00,1303.50,14556
1788238200000000000,1303.60,1303.70,1301.40,1302.20,71321
1788238260000000000,1302.50,1303.20,1302.10,1303.10,16273
1788238320000000000,1303.20,1303.90,1302.70,1302.80,17657
1788238380000000000,1302.80,1303.30,1302.80,1302.90,7022
1788238440000000000,1303.00,1303.10,1302.00,1302.70,10138
1788238500000000000,1302.70,1302.80,1300.60,1301.40,16741
1788238560000000000,1301.60,1303.00,1301.20,1302.50,29635
1788238620000000000,1302.40,1302.70,1301.90,1302.00,8624
1788238680000000000,1302.20,1302.40,1301.60,1302.00,18899
1788238740000000000,1302.00,1302.00,1301.20,1302.00,11437
1788238800000000000,1302.00,1302.30,1301.50,1301.70,23177
1788238860000000000,1301.90,1302.30,1301.70,1302.10,8656
1788238920000000000,1302.10,1302.10,1301.50,1301.50,9218
1788238980000000000,1301.90,1302.00,1301.50,1301.50,6955
1788239040000000000,1301.50,1301.70,1300.80,1300.80,14834
1788239100000000000,1301.00,1301.40,1300.60,1301.30,14279
1788239160000000000,1301.30,1301.80,1301.20,1301.80,14300
1788239220000000000,1301.80,1301.90,1301.10,1301.10,10907
1788239280000000000,1301.50,1301.80,1301.10,1301.70,12297
1788239340000000000,1301.70,1301.80,1301.50,1301.70,5283
1788239400000000000,1301.70,1301.90,1301.50,1301.70,12578
1788239460000000000,1301.70,1301.70,1301.40,1301.50,4765
1788239520000000000,1301.50,1302.60,1301.00,1302.50,32095
1788239580000000000,1302.60,1303.70,1302.00,1303.60,33523
1788239640000000000,1303.60,1303.70,1302.60,1302.60,14049
1788239700000000000,1302.70,1302.90,1302.60,1302.80,2328
1788239760000000000,1302.80,1302.80,1302.00,1302.60,11873
1788239820000000000,1302.60,1302.60,1302.00,1302.30,4251
1788239880000000000,1302.50,1302.70,1302.30,1302.70,4363
1788239940000000000,1302.70,1302.70,1302.10,1302.50,6841
1788240000000000000,1302.50,1302.70,1302.10,1302.50,6902
1788240060000000000,1302.50,1302.60,1301.60,1301.60,8834
1788240120000000000,1301.90,1302.70,1301.50,1302.60,13390
1788240180000000000,1302.50,1302.80,1302.00,1302.60,9988
1788240240000000000,1302.60,1302.80,1302.10,1302.30,4615
1788240300000000000,1302.30,1302.70,1301.50,1302.20,17806
1788240360000000000,1302.40,1302.40,1301.50,1301.90,22498
1788240420000000000,1301.90,1303.80,1301.60,1303.80,35675
1788240480000000000,1303.70,1304.50,1302.60,1304.10,55101
1788240540000000000,1304.40,1306.00,1304.10,1305.90,118225
1788240600000000000,1305.90,1305.90,1305.00,1305.10,10293
1788240660000000000,1305.40,1305.50,1304.10,1304.20,13506
1788240720000000000,1304.60,1305.00,1304.20,1305.00,14497
1788240780000000000,1305.00,1305.00,1304.10,1304.80,3989
1788240840000000000,1304.80,1304.80,1304.40,1304.50,3521
1788240900000000000,1304.60,1304.60,1304.00,1304.00,14582
1788240960000000000,1304.20,1304.50,1304.00,1304.00,7562
1788241020000000000,1304.40,1304.50,1304.00,1304.30,4739
1788241080000000000,1304.30,1304.50,1304.00,1304.30,12023
1788241140000000000,1304.50,1304.50,1304.00,1304.00,7772
1788241200000000000,1304.20,1304.50,1304.00,1304.50,8542
1788241260000000000,1304.40,1305.00,1304.10,1304.50,20642
1788241320000000000,1304.50,1305.00,1304.00,1305.00,12943
1788241380000000000,1305.00,1305.00,1304.30,1304.30,6102
1788241440000000000,1304.30,1304.30,1303.70,1304.00,12447
1788241500000000000,1304.10,1304.30,1303.90,1304.00,10081
1788241560000000000,1304.00,1304.90,1303.50,1304.40,38234
1788241620000000000,1304.40,1305.10,1303.50,1303.90,89238
1788241680000000000,1303.90,1304.00,1303.30,1303.30,6361
1788241740000000000,1303.70,1304.70,1303.20,1304.30,12964
1788241800000000000,1304.70,1305.20,1304.10,1305.20,29218
1788241860000000000,1305.20,1306.00,1304.60,1305.70,30932
1788241920000000000,1305.70,1306.50,1305.10,1306.00,39045
1788241980000000000,1306.00,1306.20,1305.40,1305.70,7778
1788242040000000000,1305.70,1305.80,1305.10,1305.40,5419
1788242100000000000,1305.30,1305.50,1305.10,1305.10,3825
1788242160000000000,1305.30,1305.30,1305.00,1305.00,7393
1788242220000000000,1305.10,1305.10,1305.00,1305.00,18318
1788242280000000000,1305.10,1305.40,1305.00,1305.10,29512
1788242340000000000,1305.30,1305.40,1305.00,1305.20,12804
1788242400000000000,1305.20,1306.30,1305.00,1305.80,29548
1788242460000000000,1306.20,1306.50,1305.50,1306.10,28067
1788242520000000000,1306.50,1306.60,1306.00,1306.00,6969
1788242580000000000,1306.20,1306.40,1305.70,1306.00,14991
1788242640000000000,1306.00,1306.40,1305.60,1305.60,16679
1788242700000000000,1306.00,1306.00,1305.50,1305.90,3711
1788242760000000000,1305.90,1306.40,1305.00,1306.20,29846
1788242820000000000,1306.40,1308.50,1306.20,1308.20,78089
1788242880000000000,1308.20,1309.50,1307.80,1308.00,79515
1788242940000000000,1308.00,1309.30,1307.50,1308.80,101910
1788243000000000000,1308.80,1309.00,1308.00,1308.00,25417
1788243060000000000,1308.20,1309.50,1308.00,1309.30,43391
1788243120000000000,1309.00,1310.70,1308.80,1310.00,126703
1788243180000000000,1310.30,1310.30,1309.60,1309.70,15733
1788243240000000000,1309.90,1311.80,1309.70,1311.70,61435
1788243300000000000,1311.70,1311.70,1308.50,1308.50,63554
1788243360000000000,1308.50,1309.00,1307.50,1307.90,21072
1788243420000000000,1307.90,1308.70,1307.50,1308.30,24931
1788243480000000000,1308.40,1308.60,1308.00,1308.40,8674
1788243540000000000,1308.40,1308.40,1308.20,1308.30,8069
1788243600000000000,1308.30,1310.00,1307.70,1309.40,49393
1788243660000000000,1309.40,1309.60,1308.00,1308.40,54623
1788243720000000000,1308.50,1309.00,1307.80,1308.50,13673
1788243780000000000,1308.40,1308.60,1308.00,1308.20,6490
1788243840000000000,1308.30,1308.50,1307.60,1308.40,17173
1788243900000000000,1308.50,1308.50,1307.80,1308.00,7310
1788243960000000000,1308.10,1308.60,1307.90,1307.90,15867
1788244020000000000,1308.00,1308.50,1307.50,1307.70,14853
1788244080000000000,1307.80,1308.00,1307.50,1307.80,9327
1788244140000000000,1307.80,1307.90,1307.50,1307.80,15263
1788244200000000000,1307.80,1307.80,1307.00,1307.30,12354
1788244260000000000,1307.40,1307.70,1307.00,1307.00,38289
1788244320000000000,1307.30,1307.40,1306.50,1306.80,11423
1788244380000000000,1306.80,1307.00,1306.30,1306.80,22893
1788244440000000000,1307.00,1307.00,1306.50,1307.00,5565
1788244500000000000,1307.00,1308.00,1306.80,1307.50,62272
1788244560000000000,1307.90,1308.00,1306.90,1307.20,22011
1788244620000000000,1307.20,1307.20,1307.00,1307.10,7736
1788244680000000000,1307.10,1307.30,1307.00,1307.10,6083
1788244740000000000,1307.10,1307.10,1307.00,1307.10,6669
1788244800000000000,1307.10,1307.20,1306.90,1307.00,10820
1788244860000000000,1307.00,1307.10,1306.80,1307.00,4599
1788244920000000000,1307.00,1307.00,1306.50,1306.90,9943
1788244980000000000,1306.90,1306.90,1306.30,1306.50,10655
1788245040000000000,1306.60,1306.70,1306.20,1306.60,17508
1788245100000000000,1306.60,1306.60,1306.20,1306.50,4532
1788245160000000000,1306.50,1306.50,1305.70,1306.30,19576
1788245220000000000,1306.40,1309.40,1306.20,1308.60,36358
1788245280000000000,1308.60,1308.60,1307.60,1308.10,19256
1788245340000000000,1308.30,1308.40,1307.60,1307.90,5891
1788245400000000000,1307.80,1309.00,1307.60,1308.10,79808
1788245460000000000,1308.60,1308.60,1307.60,1308.20,8954
1788245520000000000,1308.20,1308.40,1307.50,1308.00,16436
1788245580000000000,1308.00,1308.50,1307.70,1308.40,12251
1788245640000000000,1308.40,1308.80,1308.00,1308.10,30306
1788245700000000000,1308.20,1310.10,1307.90,1309.70,71242
1788245760000000000,1309.90,1310.10,1309.40,1310.10,13199
1788245820000000000,1310.10,1310.10,1309.30,1310.00,22638
1788245880000000000,1310.10,1311.40,1309.50,1310.60,78171
1788245940000000000,1311.00,1311.20,1310.20,1310.80,52506
1788246000000000000,1310.80,1311.10,1310.40,1310.40,21417
1788246060000000000,1310.50,1310.90,1310.00,1310.50,9683
1788246120000000000,1310.50,1310.50,1310.00,1310.40,6795
1788246180000000000,1310.40,1310.50,1310.00,1310.30,8377
1788246240000000000,1310.30,1310.30,1310.00,1310.20,7859
1788246300000000000,1310.20,1310.50,1310.00,1310.50,16923
1788246360000000000,1310.50,1310.80,1309.20,1309.90,32805
1788246420000000000,1309.90,1310.30,1309.30,1309.80,19211
1788246480000000000,1309.90,1310.00,1309.30,1309.50,11139
1788246540000000000,1309.50,1310.80,1309.20,1310.00,47685
1788246600000000000,1310.00,1310.80,1309.30,1309.50,50874
1788246660000000000,1309.50,1309.60,1309.30,1309.30,7616
1788246720000000000,1309.40,1309.50,1308.80,1308.80,18231
1788246780000000000,1309.20,1309.30,1309.00,1309.20,10545
1788246840000000000,1309.20,1309.20,1308.50,1308.80,12592
1788246900000000000,1308.80,1308.80,1308.10,1308.50,21253
1788246960000000000,1308.50,1308.70,1308.20,1308.30,5075
1788247020000000000,1308.30,1308.40,1308.20,1308.20,5294
1788247080000000000,1308.40,1308.50,1308.00,1308.20,8845
1788247140000000000,1308.20,1308.40,1307.70,1307.80,17569
1788247200000000000,1308.00,1308.10,1307.70,1307.80,10357
1788247260000000000,1308.10,1308.10,1307.70,1307.80,4406
1788247320000000000,1307.90,1307.90,1307.00,1307.70,36493
1788247380000000000,1307.70,1307.80,1307.00,1307.50,4370
1788247440000000000,1307.50,1307.50,1307.00,1307.20,11280
1788247500000000000,1307.20,1307.60,1306.60,1307.60,24697
1788247560000000000,1307.60,1307.60,1307.00,1307.20,2869
1788247620000000000,1307.20,1307.40,1306.80,1307.20,3973
1788247680000000000,1307.20,1307.20,1306.20,1306.60,12465
1788247740000000000,1306.60,1306.60,1305.60,1305.60,11235
1788247800000000000,1306.00,1306.00,1305.30,1305.80,9976
1788247860000000000,1305.80,1305.80,1305.00,1305.40,16477
1788247920000000000,1305.40,1305.50,1305.10,1305.50,17290
1788247980000000000,1305.40,1305.60,1305.20,1305.60,9717
1788248040000000000,1305.60,1305.60,1305.10,1305.50,9805
1788248100000000000,1305.50,1305.50,1304.00,1304.30,39435
1788248160000000000,1304.40,1304.50,1303.40,1303.40,17728
1788248220000000000,1303.50,1303.50,1303.10,1303.40,12357
1788248280000000000,1303.40,1304.30,1303.20,1303.60,44530
1788248340000000000,1303.60,1304.00,1303.50,1304.00,11596
1788248400000000000,1303.90,1304.00,1303.40,1303.40,10710
1788248460000000000,1303.50,1303.50,1302.70,1303.00,22219
1788248520000000000,1303.00,1303.00,1302.20,1302.60,20914
1788248580000000000,1302.60,1302.60,1302.20,1302.20,9146
1788248640000000000,1302.50,1302.50,1302.00,1302.10,23350
1788248700000000000,1302.10,1302.10,1301.80,1301.90,16402
1788248760000000000,1301.90,1301.90,1301.00,1301.90,59644
1788248820000000000,1301.90,1302.90,1301.70,1302.40,42483
1788248880000000000,1302.40,1302.40,1301.80,1301.80,11913
1788248940000000000,1302.00,1302.30,1301.60,1302.00,19207
1788249000000000000,1302.30,1302.30,1302.00,1302.00,10358
1788249060000000000,1302.20,1302.30,1302.00,1302.30,14835
1788249120000000000,1302.30,1302.60,1302.30,1302.50,17636
1788249180000000000,1302.50,1302.50,1302.20,1302.30,20060
1788249240000000000,1302.30,1302.30,1302.00,1302.30,13021
1788249300000000000,1302.30,1303.00,1302.10,1302.90,22483
1788249360000000000,1302.90,1303.00,1302.60,1303.00,11915
1788249420000000000,1303.00,1303.00,1302.40,1302.60,11608
1788249480000000000,1302.60,1302.60,1301.90,1302.60,20809
1788249540000000000,1302.60,1303.10,1302.40,1303.10,16694
1788249600000000000,1303.10,1303.30,1302.80,1303.10,10472
1788249660000000000,1303.10,1303.30,1302.50,1302.80,12039
1788249720000000000,1302.80,1302.80,1302.40,1302.50,7845
1788249780000000000,1302.50,1302.70,1302.10,1302.10,15994
1788249840000000000,1302.40,1302.50,1301.60,1302.00,17262
1788249900000000000,1302.00,1302.40,1301.80,1302.30,21578
1788249960000000000,1302.40,1302.80,1301.60,1301.80,30629
1788250020000000000,1301.80,1301.90,1301.30,1301.70,18437
1788250080000000000,1301.70,1301.70,1301.20,1301.50,13859
1788250140000000000,1301.50,1303.60,1300.90,1302.90,60411
1788250200000000000,1303.00,1303.10,1301.80,1301.80,9805
1788250260000000000,1302.00,1302.00,1301.50,1301.70,6601
1788250320000000000,1301.70,1302.00,1301.00,1302.00,31355
1788250380000000000,1302.00,1302.70,1301.60,1302.70,13044
1788250440000000000,1302.70,1303.40,1302.30,1302.80,33901
1788250500000000000,1302.70,1303.10,1301.60,1303.10,31759
1788250560000000000,1303.10,1303.20,1302.40,1302.90,8698
1788250620000000000,1303.00,1303.00,1302.00,1302.20,7089
1788250680000000000,1302.40,1302.50,1302.00,1302.40,5011
1788250740000000000,1302.50,1302.50,1301.90,1302.00,10825
1788250800000000000,1302.00,1302.10,1301.20,1301.60,14716
1788250860000000000,1301.60,1302.00,1301.20,1301.40,15421
1788250920000000000,1301.60,1302.00,1301.40,1301.90,14608
1788250980000000000,1302.00,1302.10,1301.10,1301.80,24356
1788251040000000000,1301.90,1301.90,1301.40,1301.90,7944
1788251100000000000,1301.90,1302.00,1301.60,1301.90,5476
1788251160000000000,1301.90,1302.30,1301.80,1302.30,19019
1788251220000000000,1302.30,1303.30,1302.20,1303.30,23556
1788251280000000000,1303.30,1303.50,1302.40,1302.90,30534
1788251340000000000,1303.10,1303.10,1302.00,1302.30,13672
1788251400000000000,1302.30,1302.60,1302.00,1302.50,5945
1788251460000000000,1302.60,1302.60,1301.80,1302.30,7869
1788251520000000000,1302.30,1302.90,1301.80,1302.10,19056
1788251580000000000,1302.40,1302.40,1302.00,1302.10,4227
1788251640000000000,1302.30,1302.40,1301.90,1301.90,6139
1788251700000000000,1302.00,1302.60,1301.50,1302.50,12395
1788251760000000000,1302.60,1302.60,1302.00,1302.30,18216
1788251820000000000,1302.40,1302.60,1302.20,1302.30,11157
1788251880000000000,1302.40,1302.50,1301.60,1301.70,21750
1788251940000000000,1301.70,1301.70,1301.20,1301.50,25730
1788252000000000000,1301.60,1302.10,1301.40,1301.90,40787
1788252060000000000,1302.00,1303.20,1301.90,1303.20,30593
1788252120000000000,1303.20,1303.70,1302.20,1302.40,14695
1788252180000000000,1302.40,1302.60,1302.00,1302.30,6698
1788252240000000000,1302.50,1303.00,1302.20,1302.90,13954
1788252300000000000,1303.00,1303.60,1302.90,1303.10,11963
1788252360000000000,1303.40,1303.50,1302.90,1302.90,21454
1788252420000000000,1303.00,1303.10,1302.50,1303.10,9723
1788252480000000000,1303.10,1303.20,1302.50,1302.50,5600
1788252540000000000,1302.60,1303.00,1302.10,1302.60,8195
1788252600000000000,1302.70,1303.00,1302.50,1302.70,6246
1788252660000000000,1302.90,1303.00,1302.00,1302.10,13309
1788252720000000000,1302.30,1302.50,1302.00,1302.30,12758
1788252780000000000,1302.30,1302.50,1301.90,1301.90,15233
1788252840000000000,1302.00,1302.00,1301.80,1302.00,9965
1788252900000000000,1302.00,1302.00,1301.50,1301.90,49668
1788252960000000000,1301.90,1301.90,1301.50,1301.60,7295
1788253020000000000,1301.90,1301.90,1301.60,1301.60,27632
1788253080000000000,1301.70,1301.80,1301.60,1301.60,6204
1788253140000000000,1301.80,1302.50,1301.60,1302.40,17289
1788253200000000000,1302.50,1302.90,1301.90,1301.90,31826
1788253260000000000,1302.20,1302.50,1301.90,1302.40,4086
1788253320000000000,1302.40,1303.00,1302.30,1302.80,6960
1788253380000000000,1302.90,1303.00,1302.10,1302.30,10821
1788253440000000000,1302.40,1303.50,1302.30,1303.40,29255
1788253500000000000,1303.40,1303.50,1302.40,1302.90,34506
1788253560000000000,1302.90,1303.10,1302.30,1302.80,10647
1788253620000000000,1302.80,1302.80,1302.00,1302.10,8178
1788253680000000000,1302.20,1303.00,1302.00,1302.70,31084
1788253740000000000,1302.70,1302.80,1301.80,1302.00,30122
1788253800000000000,1302.40,1302.60,1301.90,1302.40,7547
1788253860000000000,1302.40,1302.50,1301.80,1302.40,6846
1788253920000000000,1302.40,1303.00,1302.20,1302.90,9861
1788253980000000000,1302.90,1302.90,1302.30,1302.80,6467
1788254040000000000,1302.80,1302.90,1302.60,1302.70,9650
1788254100000000000,1302.70,1303.00,1302.40,1302.80,9245
1788254160000000000,1302.80,1302.80,1301.80,1302.10,12963
1788254220000000000,1302.30,1302.50,1301.80,1302.40,11118
1788254280000000000,1302.40,1302.40,1301.80,1302.30,13690
1788254340000000000,1302.40,1303.00,1301.90,1302.60,74291
1788254400000000000,1302.60,1303.50,1302.30,1303.50,96170
1788254460000000000,1303.30,1303.50,1302.50,1303.10,68329
1788254520000000000,1303.10,1303.30,1301.60,1302.00,58297
1788254580000000000,1302.00,1302.80,1301.60,1302.70,135080
1788254640000000000,1302.70,1303.10,1302.00,1303.10,32906
1788254700000000000,1303.10,1303.20,1302.50,1302.90,28743
1788254760000000000,1303.00,1303.50,1302.90,1303.30,24844
1788254820000000000,1302.90,1303.30,1302.10,1302.70,56575
1788254880000000000,1302.70,1303.20,1302.50,1303.10,12528
1788254940000000000,1303.20,1303.30,1302.50,1302.60,28353
1788255000000000000,1302.60,1302.70,1302.00,1302.30,19853
1788255060000000000,1302.30,1302.70,1302.00,1302.20,18466
1788255120000000000,1302.60,1302.70,1301.60,1302.00,23154
1788255180000000000,1302.00,1302.50,1302.00,1302.30,17422
1788255240000000000,1302.30,1302.40,1302.00,1302.30,23938
1788255300000000000,1302.20,1302.80,1301.40,1302.70,98043
1788255360000000000,1302.80,1302.80,1302.10,1302.50,25602
1788255420000000000,1302.60,1302.80,1301.70,1302.10,45326
1788255480000000000,1302.50,1303.00,1301.90,1302.70,52834
1788255540000000000,1302.60,1302.80,1301.40,1302.30,52164
1788255600000000000,1302.30,1302.40,1301.80,1302.30,38448
1788255660000000000,1302.30,1302.50,1301.90,1302.20,37233
1788255720000000000,1302.30,1302.90,1301.80,1302.50,58992
1788255780000000000,1302.70,1303.20,1299.10,1301.90,114502
1788255840000000000,1301.90,1303.00,1301.30,1302.60,33561
1788255900000000000,1302.60,1302.60,1302.60,1302.60,0
1788255960000000000,1302.60,1302.60,1302.60,1302.60,0
1788256020000000000,1302.60,1302.60,1302.60,1302.60,0
1788256080000000000,1302.60,1302.60,1302.60,1302.60,0
1788256140000000000,1302.60,1302.60,1302.60,1302.60,0
1788256200000000000,1302.60,1302.60,1302.60,1302.60,0
1788256260000000000,1302.60,1302.60,1302.60,1302.60,0
1788256320000000000,1302.60,1302.60,1302.60,1302.60,0
1788256380000000000,1302.60,1302.60,1302.60,1302.60,0
1788256440000000000,1302.60,1302.60,1302.60,1302.60,0
1788256500000000000,1302.60,1302.60,1302.60,1302.60,0
1788256560000000000,1302.60,1302.60,1302.60,1302.60,0
1788256620000000000,1302.60,1302.60,1302.60,1302.60,0
1788256680000000000,1302.60,1302.60,1302.60,1302.60,0
1788256740000000000,1309.00,1309.00,1309.00,1309.00,603687
1788320700000000000,1298.00,1301.00,1297.00,1298.90,218185
1788320760000000000,1298.90,1301.40,1297.40,1299.30,65973
1788320820000000000,1299.30,1300.10,1298.10,1299.80,66994
1788320880000000000,1299.80,1301.80,1299.20,1299.80,81809
1788320940000000000,1299.70,1300.80,1299.20,1300.20,46951
1788321000000000000,1300.20,1300.30,1299.30,1299.90,44623
1788321060000000000,1300.00,1300.00,1297.90,1297.90,49643
1788321120000000000,1298.00,1298.30,1296.60,1297.60,68025
1788321180000000000,1297.60,1297.80,1294.20,1294.80,54116
1788321240000000000,1294.30,1294.80,1293.10,1294.80,63333
1788321300000000000,1294.50,1295.90,1294.40,1295.70,38199
1788321360000000000,1295.70,1296.70,1295.60,1296.00,57374
1788321420000000000,1296.00,1296.90,1295.10,1295.60,62471
1788321480000000000,1295.40,1295.60,1295.00,1295.20,22519
1788321540000000000,1295.20,1296.30,1294.50,1294.80,50559
1788321600000000000,1294.90,1296.80,1294.90,1295.00,76553
1788321660000000000,1295.10,1295.90,1294.50,1295.90,39974
1788321720000000000,1295.90,1296.30,1294.80,1295.90,63934
1788321780000000000,1295.90,1296.80,1295.80,1296.30,36123
1788321840000000000,1296.30,1297.40,1296.00,1297.10,26857
1788321900000000000,1297.10,1297.90,1297.00,1297.40,31076
1788321960000000000,1297.60,1297.60,1296.00,1296.00,15573
1788322020000000000,1296.30,1297.00,1295.40,1295.80,27428
1788322080000000000,1295.90,1296.80,1295.30,1296.10,29654
1788322140000000000,1296.20,1297.00,1295.80,1296.50,25528
1788322200000000000,1296.60,1296.90,1296.30,1296.40,10260
1788322260000000000,1296.50,1297.00,1296.40,1296.90,11666
1788322320000000000,1297.00,1300.00,1296.90,1298.50,105242
1788322380000000000,1298.40,1300.00,1298.10,1298.80,28382
1788322440000000000,1298.50,1298.80,1298.10,1298.70,11095
1788322500000000000,1298.70,1299.30,1297.80,1298.00,38461
1788322560000000000,1297.90,1298.50,1297.30,1298.40,15176
1788322620000000000,1298.40,1298.90,1297.10,1297.60,30727
1788322680000000000,1297.70,1297.90,1297.00,1297.90,20343
1788322740000000000,1297.90,1298.80,1297.60,1297.90,23968
1788322800000000000,1297.90,1302.90,1297.70,1302.50,118900
1788322860000000000,1302.60,1303.70,1301.80,1302.10,42633
1788322920000000000,1302.10,1303.00,1301.40,1301.50,29650
1788322980000000000,1301.70,1301.80,1301.10,1301.60,27436
1788323040000000000,1301.70,1301.70,1301.20,1301.70,17118
1788323100000000000,1301.70,1301.70,1301.20,1301.20,27913
1788323160000000000,1301.30,1301.60,1301.10,1301.30,50375
1788323220000000000,1301.40,1301.50,1301.30,1301.40,15883
1788323280000000000,1301.50,1301.50,1301.20,1301.30,38157
1788323340000000000,1301.30,1301.70,1300.80,1301.30,29527
1788323400000000000,1301.30,1301.90,1301.20,1301.60,39195
1788323460000000000,1301.50,1302.00,1301.50,1301.90,10815
1788323520000000000,1301.90,1302.60,1301.90,1302.00,20487
1788323580000000000,1302.10,1302.80,1302.00,1302.00,19264
1788323640000000000,1302.10,1302.90,1301.60,1302.60,86182
1788323700000000000,1302.80,1304.50,1302.50,1303.90,28694
1788323760000000000,1303.90,1304.30,1303.30,1304.00,25918
1788323820000000000,1304.00,1304.80,1303.90,1304.80,30726
1788323880000000000,1304.80,1304.90,1304.10,1304.40,22532
1788323940000000000,1304.40,1304.40,1303.20,1303.60,19596
1788324000000000000,1303.50,1304.10,1303.40,1304.00,23919
1788324060000000000,1304.00,1306.60,1304.00,1306.20,72767
1788324120000000000,1306.10,1307.10,1306.00,1306.70,27750
1788324180000000000,1307.00,1307.00,1306.00,1306.00,23719
1788324240000000000,1306.30,1306.50,1305.00,1305.00,12712
1788324300000000000,1305.40,1305.90,1305.20,1305.80,14966
1788324360000000000,1305.90,1306.40,1305.80,1306.20,22050
1788324420000000000,1306.30,1306.70,1306.00,1306.20,20621
1788324480000000000,1306.30,1306.70,1305.00,1306.20,51423
1788324540000000000,1306.20,1308.00,1305.70,1307.80,54495
1788324600000000000,1307.80,1308.50,1307.70,1307.90,47813
1788324660000000000,1307.90,1309.00,1307.00,1309.00,45637
1788324720000000000,1309.00,1309.40,1308.50,1308.50,49635
1788324780000000000,1308.50,1309.70,1308.50,1309.50,55032
1788324840000000000,1309.50,1311.20,1309.30,1310.80,78422
1788324900000000000,1310.90,1311.60,1310.00,1310.00,33391
1788324960000000000,1310.50,1310.90,1310.00,1310.20,25686
1788325020000000000,1310.20,1310.20,1309.40,1309.70,29027
1788325080000000000,1309.60,1311.20,1309.50,1310.60,79954
1788325140000000000,1311.00,1315.00,1310.80,1315.00,201918
1788325200000000000,1314.90,1317.60,1314.30,1316.50,165497
1788325260000000000,1316.40,1321.90,1316.10,1321.20,309718
1788325320000000000,1321.20,1321.80,1319.10,1319.20,230843
1788325380000000000,1319.50,1320.00,1317.30,1318.90,82811
1788325440000000000,1319.00,1320.00,1318.00,1318.20,80358
1788325500000000000,1318.70,1318.70,1316.10,1316.10,68508
1788325560000000000,1316.10,1318.50,1316.10,1317.20,61906
1788325620000000000,1317.20,1318.30,1316.50,1317.60,42710
1788325680000000000,1317.70,1317.90,1316.30,1317.00,30546
1788325740000000000,1317.00,1317.00,1316.10,1316.50,31028
1788325800000000000,1316.60,1318.60,1316.30,1317.00,72062
1788325860000000000,1316.90,1317.00,1316.00,1316.20,30833
1788325920000000000,1316.40,1317.00,1316.10,1316.50,24279
1788325980000000000,1316.50,1316.60,1315.20,1315.70,59197
1788326040000000000,1315.70,1315.80,1314.10,1314.50,40071
1788326100000000000,1314.70,1315.40,1314.20,1314.60,33372
1788326160000000000,1314.60,1314.90,1314.00,1314.00,13471
1788326220000000000,1314.20,1314.30,1312.80,1313.00,20689
1788326280000000000,1312.80,1313.20,1312.50,1312.80,28450
1788326340000000000,1312.80,1312.80,1312.10,1312.50,17810
1788326400000000000,1312.50,1313.30,1312.10,1313.00,33141
1788326460000000000,1312.80,1312.80,1312.00,1312.00,24818
1788326520000000000,1312.10,1312.60,1311.00,1311.10,27673
1788326580000000000,1311.40,1312.00,1310.20,1310.60,33591
1788326640000000000,1310.80,1310.90,1310.10,1310.70,28865
1788326700000000000,1310.60,1310.70,1310.10,1310.10,47776
1788326760000000000,1310.10,1310.40,1309.70,1309.80,19448
1788326820000000000,1309.80,1310.00,1309.20,1309.60,73295
1788326880000000000,1309.60,1309.90,1308.70,1309.00,16912
1788326940000000000,1309.00,1309.10,1308.80,1308.80,18912
1788327000000000000,1309.00,1309.90,1308.70,1309.70,36259
1788327060000000000,1309.60,1309.70,1308.00,1308.40,26735
1788327120000000000,1308.30,1308.50,1307.50,1307.80,13382
1788327180000000000,1307.50,1308.70,1307.30,1307.90,27416
1788327240000000000,1308.00,1308.00,1306.50,1306.60,25865
1788327300000000000,1306.80,1306.90,1306.30,1306.70,21575
1788327360000000000,1306.70,1307.00,1306.00,1306.70,34976
1788327420000000000,1307.00,1308.00,1306.70,1307.60,41978
1788327480000000000,1307.70,1307.80,1306.50,1307.00,13530
1788327540000000000,1307.00,1307.00,1306.70,1307.00,15086
1788327600000000000,1307.00,1308.00,1306.70,1307.30,35354
1788327660000000000,1307.40,1308.20,1307.30,1307.70,33021
1788327720000000000,1307.70,1308.20,1307.50,1308.10,22114
1788327780000000000,1308.10,1308.10,1307.00,1307.40,18429
1788327840000000000,1307.40,1308.00,1307.00,1307.60,19545
1788327900000000000,1307.80,1308.20,1307.20,1307.40,18188
1788327960000000000,1307.40,1308.00,1307.00,1307.80,16036
1788328020000000000,1307.90,1308.00,1307.30,1307.70,15032
1788328080000000000,1307.90,1309.00,1307.80,1308.80,23999
1788328140000000000,1309.00,1309.30,1308.00,1308.20,16221
1788328200000000000,1308.30,1308.90,1308.00,1308.10,16921
1788328260000000000,1308.10,1309.10,1307.60,1309.10,41218
1788328320000000000,1309.10,1309.10,1307.00,1307.00,23540
1788328380000000000,1307.20,1307.60,1306.90,1307.10,13894
1788328440000000000,1307.30,1307.30,1306.90,1306.90,8731
1788328500000000000,1307.10,1307.10,1306.70,1306.80,16652
1788328560000000000,1306.90,1306.90,1306.70,1306.80,8193
1788328620000000000,1306.90,1306.90,1306.50,1306.70,14595
1788328680000000000,1306.60,1306.70,1306.10,1306.20,13445
1788328740000000000,1306.30,1306.50,1306.10,1306.40,12296
1788328800000000000,1306.40,1306.40,1306.10,1306.30,11191
1788328860000000000,1306.20,1306.30,1306.00,1306.00,9048
1788328920000000000,1306.10,1306.20,1305.20,1305.60,23735
1788328980000000000,1305.50,1305.60,1304.10,1304.70,31450
1788329040000000000,1304.70,1304.90,1304.20,1304.50,27570
1788329100000000000,1304.70,1304.80,1304.00,1304.00,13549
1788329160000000000,1304.10,1304.20,1303.70,1303.90,19588
1788329220000000000,1303.90,1304.40,1303.80,1304.20,30470
1788329280000000000,1304.20,1304.70,1304.00,1304.50,45110
1788329340000000000,1304.50,1304.90,1304.40,1304.70,39729
1788329400000000000,1304.70,1304.90,1304.50,1304.50,13100
1788329460000000000,1304.70,1304.80,1304.20,1304.40,9176
1788329520000000000,1304.40,1304.40,1304.00,1304.00,18699
1788329580000000000,1304.20,1304.90,1304.00,1304.40,41149
1788329640000000000,1304.50,1304.70,1304.10,1304.20,21335
1788329700000000000,1304.30,1304.30,1304.00,1304.30,18450
1788329760000000000,1304.30,1304.30,1303.60,1303.80,26917
1788329820000000000,1303.80,1305.40,1303.70,1304.90,34731
1788329880000000000,1304.90,1305.40,1304.70,1305.30,18123
1788329940000000000,1305.40,1306.00,1305.20,1305.80,19956
1788330000000000000,1305.80,1305.90,1305.10,1305.10,16371
1788330060000000000,1305.30,1305.30,1305.00,1305.10,9255
1788330120000000000,1305.20,1305.80,1305.00,1305.20,25454
1788330180000000000,1305.10,1305.20,1305.00,1305.00,21648
1788330240000000000,1305.10,1305.50,1304.80,1305.40,29029
1788330300000000000,1305.40,1305.90,1304.70,1304.90,17787
1788330360000000000,1304.80,1304.90,1303.60,1303.80,16511
1788330420000000000,1303.80,1303.80,1303.30,1303.70,22952
1788330480000000000,1303.70,1303.90,1303.60,1303.80,15332
1788330540000000000,1303.80,1304.30,1303.60,1304.10,14743
1788330600000000000,1304.20,1305.80,1303.90,1305.80,25640
1788330660000000000,1305.80,1306.40,1305.50,1306.30,29174
1788330720000000000,1306.30,1306.30,1304.50,1305.50,24132
1788330780000000000,1305.50,1305.60,1304.60,1304.60,16074
1788330840000000000,1304.60,1304.90,1303.50,1303.90,37847
1788330900000000000,1304.00,1304.00,1303.40,1303.80,8224
1788330960000000000,1303.80,1304.00,1303.50,1303.90,23177
1788331020000000000,1304.00,1304.10,1303.90,1303.90,10366
1788331080000000000,1304.00,1304.00,1303.50,1303.70,11511
1788331140000000000,1303.70,1304.40,1303.50,1304.30,26296
1788331200000000000,1304.40,1305.00,1304.20,1305.00,20763
1788331260000000000,1304.90,1306.80,1304.80,1306.70,23433
1788331320000000000,1306.70,1307.30,1306.50,1307.30,26754
1788331380000000000,1307.30,1307.30,1305.30,1306.70,62813
1788331440000000000,1306.50,1307.40,1305.70,1306.20,21290
1788331500000000000,1306.20,1306.20,1305.50,1305.70,12131
1788331560000000000,1305.70,1306.20,1305.30,1305.90,19780
1788331620000000000,1306.00,1306.20,1305.60,1305.70,24999
1788331680000000000,1305.80,1305.80,1305.30,1305.40,15228
1788331740000000000,1305.50,1305.50,1304.20,1304.30,19018
1788331800000000000,1304.40,1304.40,1303.70,1304.00,42522
1788331860000000000,1304.00,1304.00,1303.80,1303.90,13600
1788331920000000000,1303.80,1305.50,1303.80,1304.00,55305
1788331980000000000,1304.30,1304.30,1303.90,1304.10,12855
1788332040000000000,1304.10,1304.80,1304.00,1304.30,31489
1788332100000000000,1304.60,1304.80,1304.30,1304.30,18402
1788332160000000000,1304.40,1304.60,1304.20,1304.60,18213
1788332220000000000,1304.60,1304.60,1304.50,1304.60,14029
1788332280000000000,1304.60,1304.70,1304.50,1304.60,15826
1788332340000000000,1304.60,1304.70,1304.40,1304.60,12975
1788332400000000000,1304.60,1304.60,1304.30,1304.30,15302
1788332460000000000,1304.60,1304.60,1304.40,1304.60,14848
1788332520000000000,1304.50,1305.90,1304.50,1305.40,56327
1788332580000000000,1305.40,1306.30,1305.30,1306.20,36477
1788332640000000000,1306.20,1306.50,1305.90,1306.00,26587
1788332700000000000,1306.10,1307.00,1306.00,1306.20,34891
1788332760000000000,1306.10,1307.20,1306.10,1306.90,20396
1788332820000000000,1307.10,1307.40,1306.20,1307.40,49435
1788332880000000000,1306.80,1307.20,1306.40,1306.40,21772
1788332940000000000,1306.60,1306.80,1305.60,1305.90,19487
1788333000000000000,1305.90,1306.50,1305.60,1305.90,64697
1788333060000000000,1305.90,1305.90,1305.60,1305.70,20645
1788333120000000000,1305.80,1306.70,1305.70,1306.50,59073
1788333180000000000,1306.60,1307.20,1305.80,1307.20,53782
1788333240000000000,1307.20,1308.10,1306.60,1307.20,73415
1788333300000000000,1307.20,1307.20,1306.50,1306.90,21341
1788333360000000000,1306.90,1307.30,1306.50,1307.20,31768
1788333420000000000,1307.30,1307.40,1306.60,1306.80,27590
1788333480000000000,1306.80,1306.80,1306.40,1306.60,17378
1788333540000000000,1306.60,1307.50,1306.50,1307.40,28365
1788333600000000000,1307.50,1307.50,1307.40,1307.40,14245
1788333660000000000,1307.50,1307.60,1307.40,1307.50,22661
1788333720000000000,1307.60,1307.70,1307.40,1307.60,16398
1788333780000000000,1307.70,1307.80,1307.60,1307.80,19347
1788333840000000000,1307.80,1307.90,1307.70,1307.90,18317
1788333900000000000,1307.90,1308.00,1307.30,1307.40,31853
1788333960000000000,1307.50,1308.20,1307.40,1308.10,25448
1788334020000000000,1308.20,1308.50,1308.00,1308.40,21031
1788334080000000000,1308.50,1308.50,1308.20,1308.50,17372
1788334140000000000,1308.50,1308.90,1308.40,1308.80,27389
1788334200000000000,1308.90,1309.80,1308.80,1309.80,32947
1788334260000000000,1309.80,1310.00,1309.60,1309.60,23301
1788334320000000000,1309.90,1309.90,1308.70,1309.40,28576
1788334380000000000,1309.50,1309.60,1308.30,1308.40,32862
1788334440000000000,1308.40,1308.50,1307.50,1307.50,28289
1788334500000000000,1307.60,1307.70,1307.20,1307.60,31682
1788334560000000000,1307.70,1308.20,1307.50,1307.60,26077
1788334620000000000,1307.60,1307.60,1306.70,1306.90,24142
1788334680000000000,1306.90,1307.20,1306.70,1307.10,27807
1788334740000000000,1307.10,1308.80,1307.00,1308.00,82095
1788334800000000000,1308.10,1308.10,1307.20,1307.30,28725
1788334860000000000,1307.40,1308.60,1307.20,1308.10,39580
1788334920000000000,1308.10,1308.10,1307.60,1308.00,18758
1788334980000000000,1308.00,1309.00,1307.90,1308.80,31764
1788335040000000000,1308.80,1309.20,1308.10,1309.10,39122
1788335100000000000,1309.10,1310.00,1308.60,1309.10,77245
1788335160000000000,1309.10,1309.10,1308.30,1308.60,28029
1788335220000000000,1308.60,1309.20,1308.50,1309.20,29010
1788335280000000000,1309.20,1309.20,1309.10,1309.20,17607
1788335340000000000,1309.20,1309.20,1308.70,1308.80,16876
1788335400000000000,1308.80,1308.80,1308.50,1308.70,22649
1788335460000000000,1308.80,1310.80,1308.70,1310.80,79745
1788335520000000000,1310.80,1310.80,1309.50,1309.80,15207
1788335580000000000,1309.80,1309.90,1309.40,1309.50,11811
1788335640000000000,1309.50,1309.50,1308.90,1309.00,14975
1788335700000000000,1309.10,1309.70,1308.90,1309.50,42782
1788335760000000000,1309.70,1310.60,1309.60,1310.60,25190
1788335820000000000,1310.60,1310.80,1310.20,1310.60,22851
1788335880000000000,1310.70,1310.70,1310.20,1310.50,19461
1788335940000000000,1310.50,1310.50,1310.20,1310.30,17498
1788336000000000000,1310.30,1310.30,1310.10,1310.10,9974
1788336060000000000,1310.20,1310.50,1309.70,1310.40,56468
1788336120000000000,1310.50,1311.50,1310.40,1311.40,33475
1788336180000000000,1311.50,1312.00,1311.40,1311.80,70828
1788336240000000000,1311.90,1312.40,1311.40,1312.40,87804
1788336300000000000,1312.40,1312.50,1311.90,1312.30,33216
1788336360000000000,1312.40,1313.10,1312.30,1313.10,28486
1788336420000000000,1313.10,1313.20,1312.90,1312.90,25097
1788336480000000000,1313.00,1313.20,1311.20,1311.30,21839
1788336540000000000,1311.30,1311.90,1311.00,1311.00,15119
1788336600000000000,1311.10,1311.20,1311.00,1311.20,28140
1788336660000000000,1311.20,1312.40,1311.10,1312.20,31764
1788336720000000000,1312.30,1312.40,1312.20,1312.40,12283
1788336780000000000,1312.40,1312.40,1312.10,1312.20,17171
1788336840000000000,1312.30,1312.30,1311.80,1312.20,40694
1788336900000000000,1312.30,1314.00,1312.20,1313.80,36639
1788336960000000000,1313.80,1314.30,1313.40,1313.70,32472
1788337020000000000,1313.70,1314.80,1313.50,1314.80,48283
1788337080000000000,1314.80,1315.00,1313.10,1313.10,68571
1788337140000000000,1313.40,1313.50,1312.60,1312.60,15383
1788337200000000000,1312.70,1313.00,1311.40,1312.60,57434
1788337260000000000,1312.60,1312.60,1311.50,1311.60,13293
1788337320000000000,1311.70,1312.40,1311.60,1312.20,46143
1788337380000000000,1312.30,1313.10,1312.00,1312.80,99698
1788337440000000000,1312.90,1313.20,1312.60,1313.20,38063
1788337500000000000,1313.20,1313.70,1312.90,1313.70,30463
1788337560000000000,1313.70,1313.70,1313.40,1313.50,10200
1788337620000000000,1313.60,1313.60,1313.00,1313.10,19901
1788337680000000000,1313.20,1313.20,1312.90,1313.00,22290
1788337740000000000,1313.10,1313.60,1313.00,1313.30,15859
1788337800000000000,1313.40,1313.50,1313.30,1313.50,17950
1788337860000000000,1313.60,1313.70,1313.40,1313.70,20281
1788337920000000000,1313.70,1313.70,1313.40,1313.60,13909
1788337980000000000,1313.70,1313.70,1312.80,1313.00,26968
1788338040000000000,1313.00,1313.00,1312.50,1312.90,29816
1788338100000000000,1313.00,1313.70,1312.90,1312.90,49481
1788338160000000000,1313.00,1313.40,1312.90,1313.20,27546
1788338220000000000,1313.30,1313.70,1313.20,1313.60,44238
1788338280000000000,1313.70,1313.70,1313.60,1313.70,10903
1788338340000000000,1313.70,1313.70,1313.30,1313.40,17482
1788338400000000000,1313.50,1314.00,1313.40,1313.70,42962
1788338460000000000,1313.80,1313.80,1313.10,1313.10,19009
1788338520000000000,1313.20,1313.30,1313.00,1313.00,18308
1788338580000000000,1313.10,1313.10,1312.80,1313.10,23371
1788338640000000000,1313.10,1313.10,1312.80,1312.90,22095
1788338700000000000,1313.00,1313.10,1312.90,1313.00,24783
1788338760000000000,1313.10,1313.10,1312.90,1313.00,16569
1788338820000000000,1313.00,1313.00,1312.80,1312.90,19855
1788338880000000000,1312.90,1313.60,1312.70,1313.40,49324
1788338940000000000,1313.50,1313.50,1313.30,1313.30,13464
1788339000000000000,1313.40,1313.50,1313.00,1313.20,25369
1788339060000000000,1313.20,1315.80,1313.20,1315.80,89730
1788339120000000000,1315.60,1315.80,1315.00,1315.10,37236
1788339180000000000,1315.10,1315.10,1314.80,1315.10,30872
1788339240000000000,1315.10,1315.10,1314.00,1314.20,36575
1788339300000000000,1314.20,1314.30,1313.70,1313.90,31882
1788339360000000000,1313.90,1314.00,1313.70,1314.00,37634
1788339420000000000,1314.10,1314.20,1314.00,1314.20,29249
1788339480000000000,1314.20,1314.20,1313.60,1313.90,28306
1788339540000000000,1313.90,1313.90,1313.60,1313.80,28728
1788339600000000000,1313.80,1314.90,1313.70,1314.90,68538
1788339660000000000,1314.90,1315.00,1314.70,1315.00,34908
1788339720000000000,1315.00,1315.40,1314.80,1315.40,39596
1788339780000000000,1315.40,1315.70,1315.30,1315.70,28143
1788339840000000000,1315.70,1315.70,1314.50,1314.60,30137
1788339900000000000,1314.60,1315.60,1314.50,1315.60,48923
1788339960000000000,1315.60,1315.90,1315.40,1315.60,50308
1788340020000000000,1315.60,1316.00,1314.70,1315.10,68519
1788340080000000000,1315.10,1315.10,1313.90,1314.70,53720
1788340140000000000,1314.70,1315.00,1314.60,1314.90,31827
1788340200000000000,1315.00,1315.10,1314.70,1315.00,31599
1788340260000000000,1315.10,1315.10,1314.10,1314.10,69936
1788340320000000000,1314.20,1314.20,1313.40,1313.50,22856
1788340380000000000,1313.60,1313.60,1312.90,1312.90,40821
1788340440000000000,1313.00,1313.10,1312.90,1313.10,37815
1788340500000000000,1313.10,1313.20,1313.00,1313.10,32166
1788340560000000000,1313.20,1313.40,1313.10,1313.30,23614
1788340620000000000,1313.40,1314.30,1313.30,1314.20,40867
1788340680000000000,1314.30,1314.50,1314.20,1314.40,28505
1788340740000000000,1314.50,1315.50,1313.80,1313.80,86696
1788340800000000000,1313.90,1314.00,1312.60,1313.40,104572
1788340860000000000,1313.50,1313.60,1312.50,1313.30,123164
1788340920000000000,1313.40,1313.60,1313.00,1313.40,39015
1788340980000000000,1313.40,1313.50,1313.30,1313.40,29222
1788341040000000000,1313.40,1313.40,1313.30,1313.40,33731
1788341100000000000,1313.40,1313.40,1312.10,1312.20,46778
1788341160000000000,1312.20,1312.30,1311.60,1312.30,52007
1788341220000000000,1312.30,1312.30,1311.50,1312.00,25968
1788341280000000000,1312.00,1312.00,1311.70,1312.00,28710
1788341340000000000,1312.00,1312.00,1311.90,1312.00,21670
1788341400000000000,1312.00,1312.00,1311.60,1311.60,22638
1788341460000000000,1311.70,1312.30,1310.20,1311.20,125179
1788341520000000000,1311.20,1311.90,1310.70,1311.80,66404
1788341580000000000,1311.80,1311.90,1311.10,1311.50,31165
1788341640000000000,1311.50,1312.60,1311.40,1312.20,58191
1788341700000000000,1312.20,1312.20,1311.00,1311.30,32207
1788341760000000000,1311.30,1311.30,1310.50,1310.80,42419
1788341820000000000,1310.80,1311.30,1310.50,1311.30,82024
1788341880000000000,1311.30,1312.00,1311.20,1311.80,47877
1788341940000000000,1311.80,1311.80,1311.50,1311.70,30629
1788342000000000000,1311.80,1311.80,1311.70,1311.70,33965
1788342060000000000,1311.70,1312.00,1311.70,1312.00,54988
1788342120000000000,1312.00,1313.10,1311.70,1312.70,87007
1788342180000000000,1312.70,1313.40,1311.90,1313.40,41396
1788342240000000000,1313.40,1313.90,1312.80,1313.10,33027
1788342300000000000,1313.10,1313.10,1313.10,1313.10,0
1788342360000000000,1313.10,1313.10,1313.10,1313.10,0
1788342420000000000,1313.10,1313.10,1313.10,1313.10,0
1788342480000000000,1313.10,1313.10,1313.10,1313.10,0
1788342540000000000,1313.10,1313.10,1313.10,1313.10,0
1788342600000000000,1313.10,1313.10,1313.10,1313.10,0
1788342660000000000,1313.10,1313.10,1313.10,1313.10,0
1788342720000000000,1313.10,1313.10,1313.10,1313.10,0
1788342780000000000,1313.10,1313.10,1313.10,1313.10,0
1788342840000000000,1313.10,1313.10,1313.10,1313.10,0
1788342900000000000,1313.10,1313.10,1313.10,1313.10,0
1788342960000000000,1313.10,1313.10,1313.10,1313.10,0
1788343020000000000,1313.10,1313.10,1313.10,1313.10,0
1788343080000000000,1313.10,1313.10,1313.10,1313.10,0
1788343140000000000,1313.10,1313.10,1313.10,1313.10,432823
1788407100000000000,1313.10,1315.70,1312.20,1314.00,156233
1788407160000000000,1314.00,1315.80,1314.00,1314.40,70547
1788407220000000000,1314.50,1315.70,1312.80,1315.30,44038
1788407280000000000,1315.40,1315.50,1313.70,1314.10,18624
1788407340000000000,1314.00,1314.70,1313.00,1314.20,50074
1788407400000000000,1314.40,1316.60,1314.40,1316.00,69416
1788407460000000000,1316.00,1316.80,1315.00,1315.40,32930
1788407520000000000,1315.00,1315.00,1313.50,1313.50,28172
1788407580000000000,1313.50,1314.40,1313.20,1313.20,49128
1788407640000000000,1312.50,1312.50,1310.60,1310.80,81734
1788407700000000000,1311.30,1312.60,1310.90,1311.90,54180
1788407760000000000,1312.00,1312.40,1311.50,1312.40,25243
1788407820000000000,1312.00,1312.60,1311.80,1312.50,43229
1788407880000000000,1312.60,1312.90,1312.30,1312.30,13766
1788407940000000000,1312.40,1313.80,1312.40,1313.80,26708
1788408000000000000,1313.90,1315.50,1313.90,1315.50,33997
1788408060000000000,1315.30,1315.90,1315.00,1315.00,38322
1788408120000000000,1315.00,1315.10,1315.00,1315.10,9531
1788408180000000000,1315.00,1315.10,1314.60,1314.60,18315
1788408240000000000,1314.60,1314.90,1314.60,1314.70,10015
1788408300000000000,1314.70,1314.70,1314.10,1314.10,24184
1788408360000000000,1314.10,1315.90,1314.00,1315.90,36038
1788408420000000000,1315.60,1315.80,1315.20,1315.80,22751
1788408480000000000,1315.80,1315.80,1315.20,1315.30,23958
1788408540000000000,1315.40,1315.90,1315.00,1315.90,18536
1788408600000000000,1315.80,1316.00,1315.60,1315.60,17643
1788408660000000000,1315.30,1315.50,1315.00,1315.00,6359
1788408720000000000,1315.10,1315.10,1313.70,1313.70,32402
1788408780000000000,1313.70,1314.50,1313.10,1314.40,27389
1788408840000000000,1314.40,1314.40,1313.40,1313.40,18639
1788408900000000000,1313.50,1314.10,1313.20,1313.80,21229
1788408960000000000,1313.50,1313.60,1313.40,1313.40,6135
1788409020000000000,1314.10,1314.10,1313.00,1313.30,23566
1788409080000000000,1313.30,1313.30,1313.00,1313.10,21766
1788409140000000000,1313.10,1313.10,1312.70,1313.00,11085
1788409200000000000,1313.30,1313.40,1313.00,1313.40,30439
1788409260000000000,1313.40,1313.40,1312.70,1312.70,14050
1788409320000000000,1312.50,1312.50,1312.20,1312.20,14259
1788409380000000000,1312.10,1312.30,1312.00,1312.10,17513
1788409440000000000,1312.10,1312.20,1312.00,1312.10,9332
1788409500000000000,1312.10,1312.20,1312.00,1312.20,12448
1788409560000000000,1312.10,1312.90,1312.10,1312.20,30824
1788409620000000000,1312.30,1312.30,1312.10,1312.10,11856
1788409680000000000,1311.90,1312.20,1311.90,1311.90,8013
1788409740000000000,1312.30,1312.40,1311.70,1311.70,17936
1788409800000000000,1311.70,1311.70,1308.60,1309.40,110607
1788409860000000000,1309.20,1309.70,1308.50,1308.70,32796
1788409920000000000,1308.90,1308.90,1307.90,1308.80,95237
1788409980000000000,1309.00,1309.50,1308.30,1309.00,51047
1788410040000000000,1309.50,1309.90,1309.20,1309.60,16594
1788410100000000000,1309.50,1309.60,1309.00,1309.20,12418
1788410160000000000,1309.20,1309.40,1308.70,1309.10,23377
1788410220000000000,1309.10,1309.10,1308.60,1308.80,13763
1788410280000000000,1308.80,1309.40,1308.80,1309.00,9788
1788410340000000000,1309.00,1309.20,1308.90,1309.20,11715
1788410400000000000,1309.10,1309.40,1308.80,1309.40,18882
1788410460000000000,1309.10,1309.20,1309.00,1309.10,15981
1788410520000000000,1309.10,1309.60,1309.00,1309.60,7018
1788410580000000000,1309.90,1309.90,1309.60,1309.80,9512
1788410640000000000,1309.60,1309.60,1309.20,1309.20,8817
1788410700000000000,1309.10,1309.50,1309.00,1309.10,11623
1788410760000000000,1309.10,1309.10,1308.70,1308.80,10900
1788410820000000000,1308.70,1309.00,1308.70,1308.70,8998
1788410880000000000,1308.80,1309.50,1308.80,1309.40,27173
1788410940000000000,1309.40,1310.60,1309.40,1310.60,30142
1788411000000000000,1310.50,1310.70,1309.90,1310.10,18312
1788411060000000000,1310.30,1310.30,1309.90,1310.00,6723
1788411120000000000,1310.00,1310.10,1309.50,1309.80,14187
1788411180000000000,1309.60,1309.60,1309.30,1309.30,11250
1788411240000000000,1309.30,1309.40,1309.00,1309.40,8499
1788411300000000000,1309.30,1310.00,1309.30,1309.70,6814
1788411360000000000,1310.00,1310.00,1309.50,1309.60,12950
1788411420000000000,1309.70,1310.00,1309.60,1309.80,10419
1788411480000000000,1309.90,1309.90,1309.40,1309.40,12962
1788411540000000000,1309.40,1309.50,1308.00,1308.00,29739
1788411600000000000,1307.80,1307.80,1306.80,1307.70,51319
1788411660000000000,1307.80,1307.80,1307.40,1307.60,9998
1788411720000000000,1307.60,1308.40,1307.50,1308.30,12745
1788411780000000000,1308.20,1308.60,1308.20,1308.30,7397
1788411840000000000,1308.40,1308.40,1307.40,1307.50,13525
1788411900000000000,1307.40,1307.40,1307.10,1307.20,12617
1788411960000000000,1307.20,1307.30,1307.00,1307.00,7144
1788412020000000000,1307.20,1307.20,1306.50,1307.00,23111
1788412080000000000,1307.10,1307.40,1306.90,1307.10,24194
1788412140000000000,1307.20,1307.30,1306.90,1307.10,16056
1788412200000000000,1307.20,1307.20,1306.10,1306.50,16963
1788412260000000000,1306.80,1307.40,1306.10,1306.20,16075
1788412320000000000,1306.30,1306.30,1306.00,1306.10,13727
1788412380000000000,1306.10,1306.60,1305.90,1306.20,23463
1788412440000000000,1306.50,1306.50,1305.50,1306.20,16495
1788412500000000000,1306.40,1306.60,1306.30,1306.50,42888
1788412560000000000,1306.60,1307.70,1306.60,1307.40,13089
1788412620000000000,1307.40,1308.00,1307.20,1307.80,18461
1788412680000000000,1307.90,1308.60,1307.90,1308.10,27851
1788412740000000000,1308.30,1308.30,1307.50,1307.60,30002
1788412800000000000,1307.60,1307.90,1307.50,1307.50,17291
1788412860000000000,1307.60,1307.60,1307.50,1307.50,2955
1788412920000000000,1307.60,1307.90,1307.50,1307.90,12069
1788412980000000000,1307.90,1308.20,1307.70,1307.80,48340
1788413040000000000,1307.80,1308.30,1307.60,1307.60,11592
1788413100000000000,1307.10,1307.20,1307.00,1307.10,17122
1788413160000000000,1307.10,1307.20,1307.00,1307.10,10187
1788413220000000000,1307.90,1307.90,1307.20,1307.30,37345
1788413280000000000,1307.30,1308.70,1307.20,1308.10,16246
1788413340000000000,1308.10,1308.10,1307.20,1307.20,5791
1788413400000000000,1307.50,1307.60,1307.10,1307.40,9682
1788413460000000000,1307.10,1307.30,1306.90,1307.00,7338
1788413520000000000,1307.00,1307.00,1306.60,1306.70,9622
1788413580000000000,1306.70,1307.50,1306.70,1306.80,30466
1788413640000000000,1306.80,1306.80,1306.10,1306.60,9980
1788413700000000000,1306.50,1306.50,1305.50,1305.90,17650
1788413760000000000,1306.00,1306.20,1305.90,1306.20,15734
1788413820000000000,1306.30,1306.30,1305.40,1306.00,23250
1788413880000000000,1305.80,1306.10,1305.70,1305.80,14109
1788413940000000000,1305.80,1305.80,1305.40,1305.70,8048
1788414000000000000,1305.80,1306.00,1305.70,1305.70,11813
1788414060000000000,1305.70,1306.10,1305.70,1306.10,27765
1788414120000000000,1306.10,1306.80,1306.00,1306.50,10327
1788414180000000000,1306.50,1306.80,1305.50,1305.60,14571
1788414240000000000,1305.60,1306.00,1305.00,1305.30,31164
1788414300000000000,1305.20,1306.30,1305.00,1306.20,87747
1788414360000000000,1306.30,1307.40,1306.20,1307.30,12051
1788414420000000000,1307.20,1308.10,1307.20,1307.80,19440
1788414480000000000,1307.70,1308.00,1307.70,1307.90,11331
1788414540000000000,1307.80,1308.60,1307.80,1308.20,10289
1788414600000000000,1308.20,1308.60,1307.70,1307.70,11469
1788414660000000000,1307.60,1307.70,1307.40,1307.70,10477
1788414720000000000,1307.70,1308.30,1307.60,1308.20,37009
1788414780000000000,1308.00,1308.40,1307.90,1308.30,11441
1788414840000000000,1308.30,1308.30,1307.60,1307.60,8259
1788414900000000000,1307.60,1307.70,1307.40,1307.40,12401
1788414960000000000,1307.50,1307.70,1307.40,1307.50,11390
1788415020000000000,1307.50,1308.20,1307.50,1308.00,45527
1788415080000000000,1308.00,1308.20,1307.70,1307.80,24853
1788415140000000000,1307.80,1307.80,1307.50,1307.60,16114
1788415200000000000,1308.10,1308.90,1307.60,1308.70,45332
1788415260000000000,1308.80,1309.20,1308.70,1309.10,13934
1788415320000000000,1309.10,1309.10,1308.10,1308.20,9242
1788415380000000000,1308.20,1308.80,1308.00,1308.70,31667
1788415440000000000,1308.80,1309.90,1308.80,1309.90,87833
1788415500000000000,1309.80,1310.90,1309.60,1310.50,19126
1788415560000000000,1310.90,1310.90,1310.30,1310.30,25683
1788415620000000000,1310.40,1310.40,1309.90,1310.00,6628
1788415680000000000,1310.20,1310.20,1309.70,1309.90,9073
1788415740000000000,1309.90,1309.90,1309.10,1309.40,4674
1788415800000000000,1309.40,1309.70,1309.40,1309.40,11144
1788415860000000000,1309.70,1310.00,1309.30,1309.50,11371
1788415920000000000,1309.60,1309.80,1309.50,1309.80,27566
1788415980000000000,1310.10,1310.10,1309.40,1309.50,41709
1788416040000000000,1309.50,1309.80,1309.20,1309.80,12785
1788416100000000000,1309.80,1310.70,1309.80,1310.40,24700
1788416160000000000,1310.30,1310.50,1310.30,1310.40,50438
1788416220000000000,1310.50,1310.50,1309.20,1309.60,11077
1788416280000000000,1309.50,1310.50,1309.20,1310.10,14840
1788416340000000000,1310.10,1310.80,1310.00,1310.40,23526
1788416400000000000,1310.50,1310.90,1310.50,1310.70,69862
1788416460000000000,1310.90,1310.90,1309.50,1309.50,10355
1788416520000000000,1309.70,1311.20,1309.10,1310.80,38006
1788416580000000000,1311.00,1311.00,1309.70,1309.80,14195
1788416640000000000,1309.80,1309.80,1309.50,1309.50,8947
1788416700000000000,1309.70,1309.70,1309.60,1309.60,7031
1788416760000000000,1309.60,1309.60,1309.30,1309.30,18611
1788416820000000000,1309.30,1310.10,1309.00,1310.10,24359
1788416880000000000,1309.70,1310.30,1309.70,1310.20,56969
1788416940000000000,1310.20,1311.50,1310.10,1310.80,33146
1788417000000000000,1310.70,1311.70,1310.60,1311.20,22810
1788417060000000000,1311.30,1311.30,1308.00,1309.00,115561
1788417120000000000,1309.00,1310.00,1308.90,1309.20,20285
1788417180000000000,1309.30,1309.50,1308.70,1308.90,17132
1788417240000000000,1308.70,1309.70,1308.20,1309.70,47754
1788417300000000000,1309.60,1309.70,1309.20,1309.40,6827
1788417360000000000,1309.30,1309.60,1309.30,1309.40,18395
1788417420000000000,1309.40,1309.40,1308.00,1308.20,43110
1788417480000000000,1308.00,1309.00,1308.00,1308.70,18630
1788417540000000000,1308.70,1308.70,1308.20,1308.30,14475
1788417600000000000,1308.40,1310.30,1308.30,1309.50,41030
1788417660000000000,1309.90,1309.90,1308.60,1308.60,21454
1788417720000000000,1308.80,1309.30,1308.40,1308.60,8119
1788417780000000000,1308.60,1309.50,1308.40,1309.40,22835
1788417840000000000,1309.40,1309.70,1308.90,1309.10,5107
1788417900000000000,1309.10,1309.40,1308.80,1309.30,28290
1788417960000000000,1309.30,1309.50,1309.00,1309.10,9593
1788418020000000000,1309.10,1309.20,1308.60,1308.60,3139
1788418080000000000,1308.90,1308.90,1308.20,1308.20,6758
1788418140000000000,1308.10,1308.60,1307.60,1308.30,33078
1788418200000000000,1308.30,1308.40,1308.00,1308.20,14094
1788418260000000000,1308.40,1308.40,1308.00,1308.20,8716
1788418320000000000,1308.10,1308.10,1307.00,1307.30,23794
1788418380000000000,1307.30,1308.00,1307.10,1307.30,19344
1788418440000000000,1307.30,1307.80,1307.10,1307.10,14814
1788418500000000000,1307.20,1308.10,1307.20,1308.10,18835
1788418560000000000,1308.10,1308.20,1307.60,1307.90,13077
1788418620000000000,1307.90,1307.90,1307.50,1307.70,9529
1788418680000000000,1307.70,1308.50,1307.50,1308.50,14291
1788418740000000000,1308.20,1308.20,1307.00,1307.30,11087
1788418800000000000,1307.40,1307.40,1307.30,1307.40,10117
1788418860000000000,1307.40,1307.90,1307.30,1307.30,7292
1788418920000000000,1307.40,1308.00,1307.40,1307.60,20494
1788418980000000000,1307.80,1308.70,1307.80,1307.80,14028
1788419040000000000,1308.00,1308.00,1307.60,1307.80,6881
1788419100000000000,1308.00,1308.00,1307.60,1307.60,13727
1788419160000000000,1307.70,1308.50,1307.60,1308.50,23326
1788419220000000000,1308.70,1308.70,1308.10,1308.10,7977
1788419280000000000,1308.10,1309.70,1308.10,1309.10,28843
1788419340000000000,1309.10,1309.40,1308.60,1309.10,17010
1788419400000000000,1309.20,1309.30,1308.80,1308.90,8540
1788419460000000000,1308.80,1309.80,1308.80,1309.20,13981
1788419520000000000,1309.40,1309.60,1308.70,1308.90,25639
1788419580000000000,1308.80,1309.20,1308.80,1308.80,4332
1788419640000000000,1308.80,1308.90,1308.80,1308.90,7796
1788419700000000000,1308.70,1309.00,1308.60,1308.60,10429
1788419760000000000,1309.20,1309.20,1308.50,1308.50,7554
1788419820000000000,1308.70,1308.70,1308.40,1308.50,5441
1788419880000000000,1308.60,1308.70,1308.00,1308.40,13815
1788419940000000000,1308.70,1309.10,1308.20,1308.30,10338
1788420000000000000,1308.40,1308.60,1308.00,1308.40,12071
1788420060000000000,1308.40,1308.60,1308.30,1308.50,6945
1788420120000000000,1308.60,1309.50,1308.60,1309.30,11403
1788420180000000000,1309.30,1309.30,1309.00,1309.00,5049
1788420240000000000,1309.20,1310.80,1309.20,1310.30,23460
1788420300000000000,1310.20,1310.50,1310.20,1310.30,7969
1788420360000000000,1310.30,1310.30,1309.40,1310.00,35687
1788420420000000000,1310.50,1310.70,1310.30,1310.40,28917
1788420480000000000,1310.50,1310.70,1309.80,1310.10,21310
1788420540000000000,1310.10,1310.50,1310.10,1310.50,9307
1788420600000000000,1310.40,1310.40,1309.50,1309.60,20174
1788420660000000000,1309.80,1309.80,1308.80,1308.80,16052
1788420720000000000,1309.00,1309.90,1308.90,1309.90,20728
1788420780000000000,1309.70,1309.70,1308.80,1308.80,15782
1788420840000000000,1308.90,1309.00,1308.40,1308.90,9975
1788420900000000000,1308.80,1309.20,1308.80,1309.20,6445
1788420960000000000,1309.20,1309.50,1309.00,1309.10,11431
1788421020000000000,1309.20,1309.90,1309.20,1309.20,17034
1788421080000000000,1309.40,1309.60,1309.00,1309.00,8269
1788421140000000000,1308.80,1309.80,1308.80,1309.80,19677
1788421200000000000,1309.60,1309.80,1309.10,1309.70,5478
1788421260000000000,1309.70,1309.90,1309.40,1309.90,11989
1788421320000000000,1309.90,1310.10,1309.70,1310.00,26500
1788421380000000000,1310.00,1310.00,1308.80,1308.80,19840
1788421440000000000,1308.90,1309.00,1308.50,1309.00,7957
1788421500000000000,1308.90,1309.70,1308.80,1309.70,22165
1788421560000000000,1309.40,1309.70,1308.90,1309.50,24745
1788421620000000000,1309.60,1310.00,1309.50,1309.70,16079
1788421680000000000,1309.70,1310.40,1309.50,1309.80,14002
1788421740000000000,1309.80,1310.00,1309.50,1310.00,11019
1788421800000000000,1310.00,1310.00,1309.50,1309.80,8340
1788421860000000000,1309.80,1310.00,1309.80,1309.80,16284
1788421920000000000,1309.90,1309.90,1309.50,1309.60,8199
1788421980000000000,1309.50,1310.00,1309.50,1309.70,9611
1788422040000000000,1309.70,1309.70,1309.30,1309.40,3734
1788422100000000000,1309.10,1309.10,1308.20,1308.40,11373
1788422160000000000,1308.40,1308.80,1308.20,1308.20,10463
1788422220000000000,1308.60,1309.40,1308.60,1309.10,23594
1788422280000000000,1309.40,1309.60,1308.40,1308.40,14631
1788422340000000000,1308.40,1309.00,1308.00,1308.20,23521
1788422400000000000,1308.10,1308.40,1308.10,1308.30,20897
1788422460000000000,1308.40,1308.70,1308.30,1308.40,9267
1788422520000000000,1308.70,1308.80,1308.30,1308.40,5934
1788422580000000000,1308.20,1309.10,1308.20,1309.00,15425
1788422640000000000,1309.20,1309.50,1308.70,1309.10,25871
1788422700000000000,1309.10,1309.30,1308.70,1308.90,18728
1788422760000000000,1308.90,1308.90,1307.60,1307.60,32591
1788422820000000000,1307.70,1308.10,1307.40,1307.50,33603
1788422880000000000,1307.70,1307.90,1307.40,1307.60,37118
1788422940000000000,1307.60,1307.70,1306.50,1306.60,24042
1788423000000000000,1306.60,1307.20,1306.00,1306.20,24873
1788423060000000000,1306.60,1307.40,1306.50,1306.70,28438
1788423120000000000,1306.70,1306.90,1306.60,1306.80,10608
1788423180000000000,1306.90,1307.50,1306.80,1307.20,14567
1788423240000000000,1307.40,1307.50,1306.70,1307.10,18746
1788423300000000000,1307.10,1307.40,1306.80,1306.80,24337
1788423360000000000,1306.90,1306.90,1306.50,1306.60,12645
1788423420000000000,1306.70,1307.20,1306.00,1306.30,43065
1788423480000000000,1306.30,1306.80,1306.10,1306.70,30388
1788423540000000000,1306.80,1307.80,1306.80,1307.60,36162
1788423600000000000,1307.80,1308.00,1306.60,1306.80,38978
1788423660000000000,1306.60,1307.70,1306.60,1307.40,14003
1788423720000000000,1307.50,1308.00,1306.70,1306.80,25192
1788423780000000000,1306.80,1306.80,1305.60,1305.90,46560
1788423840000000000,1306.00,1306.50,1305.40,1305.80,24227
1788423900000000000,1305.80,1306.20,1305.50,1305.90,58023
1788423960000000000,1306.00,1306.20,1305.80,1305.80,52855
1788424020000000000,1305.80,1306.60,1305.80,1306.30,74227
1788424080000000000,1306.30,1307.60,1305.80,1307.10,58790
1788424140000000000,1307.60,1307.90,1306.80,1307.50,32042
1788424200000000000,1307.60,1307.70,1307.10,1307.20,28606
1788424260000000000,1307.20,1307.30,1305.80,1306.00,47527
1788424320000000000,1306.10,1306.40,1305.50,1305.80,55581
1788424380000000000,1306.00,1307.00,1305.60,1306.90,50713
1788424440000000000,1307.00,1307.00,1306.10,1306.20,25457
1788424500000000000,1306.20,1306.50,1305.60,1306.00,47290
1788424560000000000,1306.10,1306.10,1305.70,1305.70,7240
1788424620000000000,1305.70,1305.80,1305.60,1305.70,25258
1788424680000000000,1305.80,1305.90,1305.60,1305.60,32974
1788424740000000000,1305.70,1305.70,1305.40,1305.40,18391
1788424800000000000,1305.50,1305.60,1305.40,1305.50,14702
1788424860000000000,1305.50,1305.80,1305.50,1305.70,11791
1788424920000000000,1306.00,1306.00,1305.70,1305.90,7370
1788424980000000000,1305.90,1306.40,1305.90,1306.00,15275
1788425040000000000,1306.10,1306.20,1306.00,1306.00,13957
1788425100000000000,1306.10,1306.10,1305.50,1305.60,40541
1788425160000000000,1305.70,1306.10,1305.60,1305.90,11840
1788425220000000000,1305.90,1306.40,1305.50,1306.20,14864
1788425280000000000,1306.30,1306.30,1305.70,1305.90,22186
1788425340000000000,1305.80,1306.70,1305.80,1306.70,58953
1788425400000000000,1307.00,1307.60,1307.00,1307.50,50562
1788425460000000000,1307.50,1307.80,1306.60,1306.70,64004
1788425520000000000,1307.30,1307.50,1306.60,1306.70,35348
1788425580000000000,1307.00,1307.80,1306.90,1307.60,47059
1788425640000000000,1307.70,1308.70,1307.50,1308.10,57516
1788425700000000000,1308.40,1308.40,1308.10,1308.30,34607
1788425760000000000,1308.30,1308.60,1308.00,1308.50,58928
1788425820000000000,1308.50,1308.60,1307.90,1308.50,37093
1788425880000000000,1308.50,1308.70,1308.40,1308.70,52327
1788425940000000000,1308.60,1308.90,1307.70,1307.70,31944
1788426000000000000,1307.80,1308.40,1307.50,1307.60,52613
1788426060000000000,1307.60,1308.40,1307.50,1308.40,25613
1788426120000000000,1308.00,1308.30,1307.30,1307.30,39654
1788426180000000000,1307.40,1308.00,1307.30,1307.50,33269
1788426240000000000,1307.50,1307.80,1307.50,1307.80,21891
1788426300000000000,1307.90,1307.90,1307.40,1307.50,53641
1788426360000000000,1307.60,1307.90,1307.50,1307.70,11688
1788426420000000000,1307.70,1308.00,1307.60,1307.70,25268
1788426480000000000,1307.60,1308.20,1307.60,1308.20,21588
1788426540000000000,1308.20,1308.30,1307.80,1307.80,24656
1788426600000000000,1308.10,1308.20,1307.80,1307.80,23606
1788426660000000000,1308.10,1308.10,1307.60,1307.70,46550
1788426720000000000,1307.90,1308.40,1307.50,1308.20,26792
1788426780000000000,1308.20,1308.50,1307.70,1308.10,20736
1788426840000000000,1308.10,1308.70,1308.10,1308.70,6723
1788426900000000000,1308.70,1308.70,1308.20,1308.50,9654
1788426960000000000,1308.60,1308.70,1308.10,1308.30,11717
1788427020000000000,1308.30,1308.50,1308.10,1308.50,17860
1788427080000000000,1308.30,1308.50,1308.30,1308.50,16033
1788427140000000000,1308.40,1308.60,1308.30,1308.40,20852
1788427200000000000,1308.60,1308.90,1308.60,1308.60,20023
1788427260000000000,1308.60,1308.70,1308.60,1308.60,14751
1788427320000000000,1308.80,1309.00,1308.50,1308.60,37376
1788427380000000000,1308.60,1308.70,1308.50,1308.70,20369
1788427440000000000,1308.70,1308.80,1308.40,1308.80,15738
1788427500000000000,1308.40,1308.80,1308.40,1308.60,12822
1788427560000000000,1308.80,1308.80,1308.50,1308.60,13607
1788427620000000000,1308.70,1312.00,1308.60,1311.50,129541
1788427680000000000,1311.60,1312.00,1310.00,1310.10,63111
1788427740000000000,1310.00,1311.90,1310.00,1311.60,84840
1788427800000000000,1311.00,1311.30,1310.20,1311.00,32473
1788427860000000000,1310.80,1311.80,1310.40,1311.00,44899
1788427920000000000,1310.70,1311.00,1310.20,1311.00,12291
1788427980000000000,1311.00,1311.20,1310.70,1310.80,20423
1788428040000000000,1310.70,1310.80,1310.20,1310.20,22628
1788428100000000000,1310.50,1310.80,1309.10,1310.80,53900
1788428160000000000,1310.80,1311.10,1309.50,1309.50,48174
1788428220000000000,1309.50,1310.00,1309.50,1309.60,19373
1788428280000000000,1309.50,1309.70,1309.00,1309.00,29757
1788428340000000000,1309.90,1310.50,1309.80,1310.40,43356
1788428400000000000,1310.30,1311.60,1310.00,1311.60,67054
1788428460000000000,1311.70,1311.70,1309.20,1310.80,97185
1788428520000000000,1310.80,1310.90,1308.90,1309.30,106409
1788428580000000000,1309.40,1309.50,1309.10,1309.20,80110
1788428640000000000,1309.20,1309.20,1308.70,1309.10,85404
1788428700000000000,1309.10,1309.10,1309.10,1309.10,0
1788428760000000000,1309.10,1309.10,1309.10,1309.10,0
1788428820000000000,1309.10,1309.10,1309.10,1309.10,0
1788428880000000000,1309.10,1309.10,1309.10,1309.10,0
1788428940000000000,1309.10,1309.10,1309.10,1309.10,0
1788429000000000000,1309.10,1309.10,1309.10,1309.10,0
1788429060000000000,1309.10,1309.10,1309.10,1309.10,0
1788429120000000000,1309.10,1309.10,1309.10,1309.10,0
1788429180000000000,1309.10,1309.10,1309.10,1309.10,0
1788429240000000000,1309.10,1309.10,1309.10,1309.10,0
1788429300000000000,1309.10,1309.10,1309.10,1309.10,0
1788429360000000000,1309.10,1309.10,1309.10,1309.10,0
1788429420000000000,1309.10,1309.10,1309.10,1309.10,0
1788429480000000000,1302.50,1302.50,1302.50,1302.50,689749
1788429540000000000,1302.50,1302.50,1302.50,1302.50,0
1788493500000000000,1304.10,1314.20,1304.10,1310.10,115423
1788493560000000000,1310.10,1315.00,1309.80,1314.70,59766
1788493620000000000,1314.50,1318.00,1313.90,1317.30,82509
1788493680000000000,1317.20,1318.00,1316.10,1316.70,69692
1788493740000000000,1316.70,1319.40,1316.70,1319.30,105170
1788493800000000000,1319.20,1321.90,1317.70,1321.40,216324
1788493860000000000,1321.80,1322.00,1318.00,1318.30,51820
1788493920000000000,1318.80,1318.80,1316.20,1316.20,37164
1788493980000000000,1316.00,1316.00,1314.60,1315.00,50796
1788494040000000000,1315.20,1315.40,1314.90,1315.30,15855
1788494100000000000,1315.20,1315.30,1314.50,1314.50,17224
1788494160000000000,1314.50,1314.60,1313.60,1313.60,36801
1788494220000000000,1313.70,1314.00,1313.10,1313.60,16692
1788494280000000000,1313.60,1313.90,1313.20,1313.70,15087
1788494340000000000,1314.00,1314.70,1313.60,1314.70,34741
1788494400000000000,1314.60,1314.60,1314.20,1314.40,6641
1788494460000000000,1314.40,1314.40,1314.10,1314.30,14392
1788494520000000000,1314.00,1314.00,1313.40,1313.40,21269
1788494580000000000,1313.40,1313.40,1313.00,1313.00,31442
1788494640000000000,1312.80,1314.70,1312.80,1314.50,87193
1788494700000000000,1314.60,1314.80,1314.10,1314.10,16559
1788494760000000000,1313.90,1313.90,1313.10,1313.20,15824
1788494820000000000,1313.80,1313.80,1313.80,1313.80,27858
1788494880000000000,1313.80,1313.80,1312.90,1312.90,35878
1788494940000000000,1312.90,1313.80,1312.90,1313.70,28265
1788495000000000000,1313.70,1314.60,1313.70,1314.40,18303
1788495060000000000,1314.30,1314.30,1313.60,1313.80,18439
1788495120000000000,1313.80,1313.80,1313.40,1313.70,11545
1788495180000000000,1313.60,1313.60,1313.00,1313.30,8206
1788495240000000000,1313.30,1313.80,1313.00,1313.70,13739
1788495300000000000,1313.70,1315.90,1313.70,1315.90,42151
1788495360000000000,1316.00,1316.50,1315.40,1316.30,34704
1788495420000000000,1316.30,1317.50,1316.00,1317.00,39797
1788495480000000000,1317.20,1319.40,1317.20,1318.70,88148
1788495540000000000,1318.80,1323.00,1318.80,1322.90,269018
1788495600000000000,1323.00,1326.00,1322.50,1325.40,245076
1788495660000000000,1325.70,1329.00,1323.90,1328.00,213344
1788495720000000000,1328.10,1329.20,1327.00,1328.50,154298
1788495780000000000,1330.40,1332.30,1329.90,1331.70,291485
1788495840000000000,1331.60,1331.80,1330.00,1330.80,142611
1788495900000000000,1330.70,1331.50,1330.10,1330.10,76368
1788495960000000000,1330.50,1331.50,1330.40,1330.80,99928
1788496020000000000,1330.70,1332.00,1330.70,1331.40,82071
1788496080000000000,1331.40,1331.50,1330.00,1330.10,50964
1788496140000000000,1330.10,1330.40,1327.40,1327.80,132437
1788496200000000000,1327.60,1327.90,1326.50,1327.10,64851
1788496260000000000,1327.10,1328.00,1326.00,1326.30,24360
1788496320000000000,1326.20,1326.50,1325.00,1325.20,36479
1788496380000000000,1325.40,1326.50,1325.10,1326.00,36370
1788496440000000000,1326.00,1328.00,1325.90,1327.00,31131
1788496500000000000,1327.20,1327.80,1326.80,1327.80,26112
1788496560000000000,1327.80,1328.60,1327.50,1328.30,29456
1788496620000000000,1328.30,1328.30,1326.90,1327.00,20860
1788496680000000000,1327.00,1327.30,1326.80,1327.30,24633
1788496740000000000,1327.30,1327.30,1326.50,1326.80,18285
1788496800000000000,1326.70,1326.90,1325.80,1326.10,24388
1788496860000000000,1325.90,1326.80,1325.70,1326.20,30065
1788496920000000000,1326.30,1326.70,1326.30,1326.50,18083
1788496980000000000,1326.50,1326.60,1326.20,1326.50,17386
1788497040000000000,1326.50,1327.00,1326.30,1327.00,20737
1788497100000000000,1326.80,1327.00,1326.00,1326.70,15822
1788497160000000000,1326.80,1328.00,1326.70,1327.20,26599
1788497220000000000,1327.30,1327.50,1326.20,1326.30,11427
1788497280000000000,1326.30,1327.40,1326.20,1327.00,20845
1788497340000000000,1327.00,1327.00,1326.10,1326.40,8812
1788497400000000000,1326.40,1327.50,1326.10,1327.10,31804
1788497460000000000,1327.20,1327.20,1326.60,1327.00,14835
1788497520000000000,1327.00,1327.30,1326.30,1326.30,22531
1788497580000000000,1326.30,1326.70,1326.00,1326.30,18075
1788497640000000000,1326.30,1326.30,1325.90,1326.00,30405
1788497700000000000,1326.00,1326.00,1325.70,1325.90,20230
1788497760000000000,1325.70,1326.00,1325.60,1325.80,12375
1788497820000000000,1325.80,1325.80,1325.50,1325.70,10456
1788497880000000000,1325.70,1325.70,1325.20,1325.30,12833
1788497940000000000,1325.50,1326.00,1325.10,1326.00,27728
1788498000000000000,1325.90,1327.50,1325.90,1327.50,42429
1788498060000000000,1327.40,1328.50,1326.70,1328.40,44804
1788498120000000000,1328.50,1328.90,1328.10,1328.60,23947
1788498180000000000,1328.50,1328.50,1327.10,1327.20,17081
1788498240000000000,1327.40,1328.50,1327.40,1328.30,16248
1788498300000000000,1328.50,1328.60,1327.50,1327.70,22084
1788498360000000000,1327.80,1328.50,1327.70,1328.30,18557
1788498420000000000,1328.30,1328.40,1327.70,1328.00,25305
1788498480000000000,1327.90,1327.90,1326.90,1327.40,9023
1788498540000000000,1327.40,1328.30,1327.10,1327.80,22128
1788498600000000000,1327.90,1328.20,1327.70,1328.00,21671
1788498660000000000,1328.00,1328.00,1327.20,1327.30,11224
1788498720000000000,1327.60,1327.60,1326.90,1326.90,10492
1788498780000000000,1327.00,1327.00,1326.90,1326.90,6745
1788498840000000000,1327.00,1327.00,1326.70,1326.70,11669
1788498900000000000,1326.50,1326.90,1326.10,1326.70,25465
1788498960000000000,1326.60,1327.80,1326.60,1327.40,54102
1788499020000000000,1327.40,1327.40,1326.20,1326.70,25284
1788499080000000000,1326.70,1327.00,1326.30,1327.00,21334
1788499140000000000,1327.00,1327.00,1326.00,1326.00,25242
1788499200000000000,1326.40,1326.40,1325.50,1325.70,11879
1788499260000000000,1325.50,1325.70,1325.50,1325.60,14406
1788499320000000000,1325.80,1326.60,1325.70,1326.30,20769
1788499380000000000,1326.30,1326.80,1325.90,1326.50,8347
1788499440000000000,1326.80,1326.80,1326.30,1326.60,11965
1788499500000000000,1326.60,1326.90,1326.40,1326.70,20453
1788499560000000000,1326.90,1327.00,1326.40,1326.40,12479
1788499620000000000,1326.40,1327.00,1326.20,1326.80,14211
1788499680000000000,1326.70,1326.80,1326.20,1326.40,18123
1788499740000000000,1326.40,1326.50,1326.40,1326.50,14190
1788499800000000000,1326.40,1326.70,1326.40,1326.70,14985
1788499860000000000,1326.90,1327.00,1326.70,1326.90,25647
1788499920000000000,1327.20,1328.40,1327.20,1327.50,108643
1788499980000000000,1327.50,1327.50,1326.70,1327.00,14414
1788500040000000000,1327.00,1327.40,1326.90,1327.40,20894
1788500100000000000,1327.40,1327.40,1326.30,1326.50,13946
1788500160000000000,1326.50,1326.50,1326.30,1326.30,8098
1788500220000000000,1326.40,1327.10,1326.30,1327.10,23273
1788500280000000000,1327.10,1327.10,1326.70,1326.80,6358
1788500340000000000,1326.80,1327.50,1326.70,1327.50,36244
1788500400000000000,1327.50,1327.50,1326.70,1326.90,13305
1788500460000000000,1326.90,1327.30,1326.50,1326.50,19763
1788500520000000000,1326.60,1326.60,1325.60,1325.90,18894
1788500580000000000,1325.90,1325.90,1325.40,1325.70,8280
1788500640000000000,1325.60,1325.60,1325.40,1325.50,14359
1788500700000000000,1325.50,1325.90,1325.00,1325.90,29633
1788500760000000000,1325.90,1325.90,1325.40,1325.90,9122
1788500820000000000,1325.80,1327.00,1325.80,1326.60,21620
1788500880000000000,1326.60,1327.00,1326.50,1326.80,8484
1788500940000000000,1326.70,1327.00,1326.70,1327.00,10107
1788501000000000000,1327.00,1327.00,1326.60,1326.70,5602
1788501060000000000,1326.60,1326.60,1326.30,1326.30,13970
1788501120000000000,1326.30,1326.40,1326.00,1326.00,8518
1788501180000000000,1326.00,1327.10,1326.00,1327.10,101906
1788501240000000000,1327.70,1328.50,1327.70,1328.40,92478
1788501300000000000,1328.40,1328.40,1327.20,1327.40,20130
1788501360000000000,1327.40,1327.80,1327.40,1327.50,9132
1788501420000000000,1327.20,1327.50,1326.80,1327.50,19540
1788501480000000000,1327.40,1327.50,1326.50,1326.50,15253
1788501540000000000,1326.50,1326.50,1326.30,1326.30,11133
1788501600000000000,1326.40,1327.00,1326.30,1326.60,17341
1788501660000000000,1326.60,1327.00,1326.50,1326.90,9584
1788501720000000000,1326.80,1327.50,1326.60,1327.50,11863
1788501780000000000,1327.30,1327.80,1327.30,1327.70,69066
1788501840000000000,1327.80,1327.90,1327.50,1327.90,29948
1788501900000000000,1328.00,1328.10,1327.90,1328.00,55499
1788501960000000000,1327.90,1328.00,1327.30,1327.30,12252
1788502020000000000,1327.60,1327.60,1327.40,1327.40,7160
1788502080000000000,1327.50,1329.50,1327.50,1329.20,80144
1788502140000000000,1329.20,1329.80,1329.20,1329.20,21612
1788502200000000000,1329.40,1329.50,1328.90,1329.00,7773
1788502260000000000,1328.90,1329.00,1328.00,1328.50,12034
1788502320000000000,1328.00,1328.40,1327.40,1328.00,70924
1788502380000000000,1328.70,1328.70,1328.10,1328.10,15126
1788502440000000000,1328.30,1328.60,1328.00,1328.50,12435
1788502500000000000,1328.30,1328.70,1328.10,1328.30,13838
1788502560000000000,1328.00,1328.60,1328.00,1328.40,18852
1788502620000000000,1328.40,1328.50,1327.90,1327.90,25221
1788502680000000000,1327.90,1328.40,1327.00,1328.40,111967
1788502740000000000,1328.10,1328.50,1328.00,1328.50,13491
1788502800000000000,1328.50,1328.50,1328.20,1328.40,20759
1788502860000000000,1328.40,1328.50,1328.10,1328.40,12938
1788502920000000000,1328.40,1328.50,1328.30,1328.30,12791
1788502980000000000,1328.30,1328.50,1327.60,1328.50,18004
1788503040000000000,1328.50,1328.70,1328.30,1328.50,68570
1788503100000000000,1328.70,1328.70,1328.50,1328.60,28197
1788503160000000000,1328.60,1329.80,1328.60,1329.60,43663
1788503220000000000,1329.70,1331.00,1329.70,1330.60,165726
1788503280000000000,1330.60,1330.70,1329.60,1330.60,52792
1788503340000000000,1330.60,1330.90,1330.20,1330.40,17325
1788503400000000000,1330.30,1330.70,1329.50,1329.50,18086
1788503460000000000,1330.10,1330.20,1329.30,1329.40,27186
1788503520000000000,1329.40,1330.00,1329.40,1329.90,15661
1788503580000000000,1329.90,1330.30,1329.40,1329.90,25212
1788503640000000000,1329.80,1330.00,1329.20,1329.20,18659
1788503700000000000,1329.40,1329.70,1329.20,1329.70,19362
1788503760000000000,1329.70,1329.80,1329.50,1329.70,11211
1788503820000000000,1329.60,1329.90,1329.60,1329.90,17793
1788503880000000000,1329.80,1330.90,1329.80,1330.90,67387
1788503940000000000,1332.00,1333.00,1331.80,1332.90,283038
1788504000000000000,1332.70,1333.00,1330.50,1330.80,74663
1788504060000000000,1330.80,1331.20,1329.10,1329.20,36673
1788504120000000000,1329.50,1329.50,1329.00,1329.20,39077
1788504180000000000,1329.20,1329.80,1329.00,1329.80,28510
1788504240000000000,1329.80,1330.30,1329.60,1330.10,21688
1788504300000000000,1330.20,1330.70,1330.00,1330.30,62169
1788504360000000000,1330.50,1330.50,1330.10,1330.30,16329
1788504420000000000,1330.10,1330.90,1330.10,1330.20,27259
1788504480000000000,1330.20,1330.90,1330.20,1330.90,34906
1788504540000000000,1330.80,1330.90,1329.70,1330.00,15389
1788504600000000000,1330.00,1331.00,1329.80,1331.00,43150
1788504660000000000,1331.00,1331.30,1330.20,1330.20,30128
1788504720000000000,1330.20,1330.70,1330.00,1330.70,29584
1788504780000000000,1330.90,1331.90,1330.70,1331.80,24031
1788504840000000000,1331.70,1332.00,1331.20,1331.20,59310
1788504900000000000,1331.30,1331.40,1330.50,1330.60,23676
1788504960000000000,1330.60,1332.40,1330.30,1332.30,66051
1788505020000000000,1332.30,1332.30,1331.10,1331.30,50913
1788505080000000000,1331.30,1332.30,1331.30,1332.10,84401
1788505140000000000,1332.20,1332.20,1331.00,1331.30,17490
1788505200000000000,1331.30,1331.30,1330.30,1330.80,15623
1788505260000000000,1330.80,1330.80,1329.60,1329.60,18178
1788505320000000000,1329.90,1330.50,1329.50,1330.50,55552
1788505380000000000,1331.20,1331.20,1330.00,1330.00,25433
1788505440000000000,1330.10,1330.10,1329.70,1329.80,19398
1788505500000000000,1329.80,1330.40,1329.80,1330.10,12498
1788505560000000000,1330.10,1330.10,1329.50,1329.50,9565
1788505620000000000,1329.50,1329.60,1329.50,1329.50,12939
1788505680000000000,1329.50,1329.70,1329.40,1329.70,19454
1788505740000000000,1329.90,1330.00,1329.50,1329.70,11419
1788505800000000000,1329.70,1330.20,1329.40,1330.20,28725
1788505860000000000,1330.20,1330.20,1329.40,1329.40,17268
1788505920000000000,1329.60,1329.60,1329.00,1329.40,18304
1788505980000000000,1329.30,1329.40,1329.00,1329.00,16165
1788506040000000000,1329.00,1329.40,1329.00,1329.30,17470
1788506100000000000,1329.30,1329.50,1329.20,1329.40,17597
1788506160000000000,1329.00,1329.40,1327.90,1328.30,63477
1788506220000000000,1328.30,1328.60,1327.90,1328.50,38412
1788506280000000000,1328.60,1329.10,1328.50,1328.90,49529
1788506340000000000,1328.90,1328.90,1328.50,1328.70,9506
1788506400000000000,1328.80,1328.90,1328.20,1328.20,14915
1788506460000000000,1328.40,1328.50,1328.20,1328.30,12345
1788506520000000000,1328.30,1329.00,1328.30,1328.80,43968
1788506580000000000,1328.80,1328.90,1328.60,1328.70,14997
1788506640000000000,1328.70,1329.10,1328.50,1329.00,27125
1788506700000000000,1329.00,1329.20,1329.00,1329.00,5467
1788506760000000000,1329.10,1329.20,1328.50,1328.70,19745
1788506820000000000,1328.70,1328.70,1328.00,1328.00,27742
1788506880000000000,1328.20,1328.20,1327.50,1327.50,16383
1788506940000000000,1327.60,1327.60,1326.40,1326.60,25646
1788507000000000000,1326.90,1327.40,1326.60,1327.30,15944
1788507060000000000,1327.30,1327.70,1327.00,1327.70,13882
1788507120000000000,1327.70,1327.70,1327.30,1327.30,6059
1788507180000000000,1327.40,1327.40,1327.00,1327.20,15879
1788507240000000000,1327.00,1327.00,1326.00,1326.40,35649
1788507300000000000,1326.50,1327.00,1326.40,1326.50,22306
1788507360000000000,1326.80,1326.80,1326.00,1326.30,10064
1788507420000000000,1326.30,1326.40,1326.10,1326.10,11926
1788507480000000000,1326.30,1326.60,1326.10,1326.40,9087
1788507540000000000,1326.30,1326.40,1326.10,1326.10,7782
1788507600000000000,1326.10,1327.00,1326.10,1326.70,21605
1788507660000000000,1326.60,1326.90,1326.30,1326.60,10956
1788507720000000000,1326.60,1326.60,1326.50,1326.60,5713
1788507780000000000,1326.60,1326.70,1326.60,1326.70,6057
1788507840000000000,1326.60,1326.70,1326.50,1326.50,8711
1788507900000000000,1326.50,1326.50,1326.20,1326.50,10649
1788507960000000000,1326.20,1327.10,1326.20,1327.10,21494
1788508020000000000,1326.80,1327.20,1326.60,1326.80,6130
1788508080000000000,1326.90,1326.90,1326.20,1326.30,11106
1788508140000000000,1326.30,1326.40,1326.10,1326.40,15089
1788508200000000000,1326.50,1326.80,1326.30,1326.40,20567
1788508260000000000,1326.40,1326.80,1326.30,1326.60,5643
1788508320000000000,1326.60,1326.60,1326.10,1326.30,11658
1788508380000000000,1326.30,1326.30,1326.00,1326.30,74243
1788508440000000000,1326.30,1326.40,1325.80,1326.20,27533
1788508500000000000,1326.30,1326.30,1325.30,1325.30,15466
1788508560000000000,1325.40,1325.80,1325.10,1325.80,15455
1788508620000000000,1325.70,1325.90,1325.20,1325.50,7620
1788508680000000000,1325.50,1325.50,1325.10,1325.40,3274
1788508740000000000,1325.20,1325.30,1325.00,1325.30,21140
1788508800000000000,1325.30,1325.50,1325.10,1325.40,11516
1788508860000000000,1325.30,1326.00,1325.30,1325.40,41332
1788508920000000000,1325.30,1325.40,1324.60,1324.60,42169
1788508980000000000,1324.80,1325.80,1324.80,1325.30,73837
1788509040000000000,1325.80,1325.80,1324.90,1325.00,23314
1788509100000000000,1325.20,1325.70,1325.00,1325.50,19128
1788509160000000000,1325.40,1325.40,1324.80,1324.80,10302
1788509220000000000,1324.80,1325.40,1324.40,1325.20,10364
1788509280000000000,1325.20,1326.00,1325.00,1326.00,15544
1788509340000000000,1326.00,1326.40,1325.80,1326.00,16435
1788509400000000000,1326.30,1326.30,1325.40,1325.60,48256
1788509460000000000,1325.60,1326.30,1325.10,1326.30,31836
1788509520000000000,1326.30,1326.90,1325.80,1326.90,37950
1788509580000000000,1326.70,1327.70,1326.30,1326.30,47510
1788509640000000000,1326.30,1326.60,1325.50,1325.70,13649
1788509700000000000,1325.80,1326.70,1325.50,1325.70,28659
1788509760000000000,1325.60,1326.50,1325.50,1326.30,16167
1788509820000000000,1326.50,1326.50,1326.20,1326.50,14887
1788509880000000000,1326.50,1326.80,1326.20,1326.60,17171
1788509940000000000,1326.60,1326.60,1326.00,1326.30,7169
1788510000000000000,1326.30,1326.30,1326.10,1326.30,54564
1788510060000000000,1325.90,1326.20,1325.50,1326.00,51299
1788510120000000000,1326.00,1326.10,1325.80,1326.00,11389
1788510180000000000,1326.00,1326.50,1325.70,1326.50,41820
1788510240000000000,1327.00,1327.20,1326.60,1326.90,63008
1788510300000000000,1326.90,1326.90,1326.10,1326.10,12475
1788510360000000000,1326.20,1326.80,1326.10,1326.70,10238
1788510420000000000,1326.50,1326.90,1326.50,1326.70,7028
1788510480000000000,1326.70,1326.80,1326.40,1326.50,12198
1788510540000000000,1326.40,1326.50,1325.80,1326.20,30660
1788510600000000000,1326.20,1326.30,1326.10,1326.20,14873
1788510660000000000,1326.20,1326.70,1326.20,1326.40,14120
1788510720000000000,1326.20,1326.50,1326.20,1326.30,8761
1788510780000000000,1326.50,1326.90,1326.30,1326.60,14830
1788510840000000000,1326.60,1327.30,1326.40,1326.60,39320
1788510900000000000,1326.50,1327.00,1326.50,1326.70,12301
1788510960000000000,1326.70,1326.70,1326.50,1326.70,5753
1788511020000000000,1326.70,1327.30,1326.70,1327.10,20298
1788511080000000000,1327.00,1327.00,1326.20,1326.50,37774
1788511140000000000,1326.50,1327.00,1326.30,1326.70,10178
1788511200000000000,1326.90,1327.50,1326.70,1327.50,14036
1788511260000000000,1327.90,1327.90,1327.10,1327.60,22030
1788511320000000000,1327.70,1327.90,1327.50,1327.90,12204
1788511380000000000,1328.00,1328.30,1327.90,1328.20,23653
1788511440000000000,1328.00,1328.30,1328.00,1328.20,6163
1788511500000000000,1328.10,1328.30,1328.10,1328.20,12130
1788511560000000000,1328.20,1328.20,1327.70,1327.70,14028
1788511620000000000,1327.50,1327.80,1327.50,1327.70,12070
1788511680000000000,1327.70,1327.90,1327.70,1327.70,14942
1788511740000000000,1327.70,1328.00,1327.70,1327.90,12728
1788511800000000000,1327.90,1328.30,1327.90,1328.20,18724
1788511860000000000,1328.20,1328.20,1327.80,1327.80,11456
1788511920000000000,1328.00,1328.00,1327.80,1327.90,9825
1788511980000000000,1327.90,1328.00,1327.90,1328.00,12936
1788512040000000000,1327.90,1329.10,1327.90,1329.10,45965
1788512100000000000,1328.80,1329.70,1328.60,1329.50,61473
1788512160000000000,1329.50,1329.80,1329.30,1329.60,18855
1788512220000000000,1329.70,1330.00,1329.50,1329.50,46743
1788512280000000000,1329.60,1329.60,1329.00,1329.30,5189
1788512340000000000,1329.30,1329.30,1328.80,1329.10,11356
1788512400000000000,1329.10,1329.40,1328.90,1329.00,19578
1788512460000000000,1329.10,1329.80,1329.00,1329.50,16588
1788512520000000000,1329.80,1329.80,1329.00,1329.50,12814
1788512580000000000,1329.40,1329.40,1328.10,1328.10,18891
1788512640000000000,1328.20,1328.40,1328.00,1328.00,11192
1788512700000000000,1328.20,1328.20,1327.50,1327.70,13345
1788512760000000000,1327.70,1327.90,1327.00,1327.00,15355
1788512820000000000,1327.20,1327.20,1326.80,1327.00,7655
1788512880000000000,1326.80,1326.90,1326.00,1326.20,11996
1788512940000000000,1326.30,1326.40,1326.00,1326.20,9599
1788513000000000000,1326.20,1326.40,1325.80,1326.20,43702
1788513060000000000,1326.40,1328.90,1326.30,1328.90,47668
1788513120000000000,1328.90,1329.00,1328.50,1328.60,10902
1788513180000000000,1328.70,1328.80,1328.20,1328.70,9835
1788513240000000000,1327.70,1328.70,1327.70,1328.10,36816
1788513300000000000,1328.00,1328.40,1328.00,1328.40,16674
1788513360000000000,1328.10,1328.50,1327.60,1328.00,19996
1788513420000000000,1328.10,1328.10,1328.00,1328.00,9244
1788513480000000000,1328.10,1328.10,1327.90,1328.00,16959
1788513540000000000,1328.10,1328.10,1328.00,1328.00,29311
1788513600000000000,1328.00,1328.40,1328.00,1328.00,34417
1788513660000000000,1328.10,1328.20,1327.10,1327.50,44816
1788513720000000000,1327.70,1328.00,1326.80,1327.50,173943
1788513780000000000,1327.50,1327.60,1326.50,1326.90,45968
1788513840000000000,1327.00,1327.40,1326.60,1327.20,52048
1788513900000000000,1327.40,1327.40,1326.50,1327.40,64770
1788513960000000000,1327.30,1327.40,1326.30,1326.60,91620
1788514020000000000,1326.60,1327.00,1326.10,1327.00,52981
1788514080000000000,1327.10,1327.40,1326.30,1326.80,46276
1788514140000000000,1326.80,1327.40,1326.40,1327.30,47959
1788514200000000000,1327.40,1327.80,1327.00,1327.80,46812
1788514260000000000,1327.80,1328.20,1327.10,1328.20,54404
1788514320000000000,1328.00,1328.40,1327.40,1328.00,39706
1788514380000000000,1328.00,1328.50,1328.00,1328.30,43392
1788514440000000000,1328.00,1329.00,1328.00,1328.80,49607
1788514500000000000,1328.50,1329.40,1328.00,1328.80,84876
1788514560000000000,1328.50,1329.00,1328.10,1328.70,50419
1788514620000000000,1328.30,1329.80,1328.20,1329.60,112523
1788514680000000000,1329.60,1330.00,1328.80,1328.80,107494
1788514740000000000,1328.80,1329.60,1328.70,1329.10,65513
1788514800000000000,1328.90,1329.00,1327.60,1327.80,100965
1788514860000000000,1328.00,1328.80,1327.80,1328.50,57952
1788514920000000000,1328.40,1329.70,1328.30,1328.40,225189
1788514980000000000,1328.30,1329.30,1328.30,1328.80,105435
1788515040000000000,1329.00,1329.00,1327.30,1329.00,56706
1788515100000000000,1329.00,1329.00,1329.00,1329.00,0
1788515160000000000,1329.00,1329.00,1329.00,1329.00,0
1788515220000000000,1329.00,1329.00,1329.00,1329.00,0
1788515280000000000,1329.00,1329.00,1329.00,1329.00,0
1788515340000000000,1329.00,1329.00,1329.00,1329.00,0
1788515400000000000,1329.00,1329.00,1329.00,1329.00,0
1788515460000000000,1329.00,1329.00,1329.00,1329.00,0
1788515520000000000,1329.00,1329.00,1329.00,1329.00,0
1788515580000000000,1329.00,1329.00,1329.00,1329.00,0
1788515640000000000,1329.00,1329.00,1329.00,1329.00,0
1788515700000000000,1329.00,1329.00,1329.00,1329.00,0
1788515760000000000,1329.00,1329.00,1329.00,1329.00,0
1788515820000000000,1329.00,1329.00,1329.00,1329.00,0
1788515880000000000,1322.00,1322.00,1322.00,1322.00,625800
1788515940000000000,1322.00,1322.00,1322.00,1322.00,0
1788752700000000000,1323.10,1324.20,1319.40,1320.00,158262
1788752760000000000,1320.30,1321.00,1318.00,1320.60,33272
1788752820000000000,1321.00,1322.70,1320.40,1321.00,26929
1788752880000000000,1320.80,1321.70,1319.70,1321.20,20914
1788752940000000000,1321.20,1321.50,1320.90,1321.00,15133
1788753000000000000,1321.20,1321.20,1319.10,1319.30,27961
1788753060000000000,1319.30,1319.90,1318.70,1319.00,28146
1788753120000000000,1319.00,1319.00,1318.30,1318.80,59845
1788753180000000000,1319.00,1319.70,1318.60,1319.20,16100
1788753240000000000,1319.10,1319.20,1318.30,1318.40,8262
1788753300000000000,1318.40,1318.80,1317.30,1317.50,17201
1788753360000000000,1317.60,1317.60,1316.90,1317.20,26632
1788753420000000000,1317.40,1318.10,1317.10,1317.90,26515
1788753480000000000,1317.90,1318.00,1317.40,1318.00,14796
1788753540000000000,1318.00,1318.40,1317.70,1318.10,15386
1788753600000000000,1318.10,1318.50,1317.70,1318.30,13595
1788753660000000000,1318.30,1318.80,1318.10,1318.50,10872
1788753720000000000,1318.50,1320.00,1318.30,1320.00,23835
1788753780000000000,1319.80,1319.80,1319.10,1319.30,16424
1788753840000000000,1319.50,1320.40,1319.30,1319.50,23441
1788753900000000000,1319.60,1319.60,1318.60,1318.70,22209
1788753960000000000,1318.70,1319.10,1318.20,1318.20,17819
1788754020000000000,1318.50,1318.80,1318.00,1318.20,10079
1788754080000000000,1318.20,1318.70,1317.90,1318.10,22747
1788754140000000000,1318.40,1318.60,1318.00,1318.30,7136
1788754200000000000,1318.30,1318.60,1318.10,1318.30,13933
1788754260000000000,1318.30,1318.30,1317.50,1317.60,14182
1788754320000000000,1317.70,1317.70,1317.30,1317.50,12216
1788754380000000000,1317.50,1318.50,1317.40,1317.70,20304
1788754440000000000,1317.70,1317.80,1316.80,1317.40,24448
1788754500000000000,1317.50,1317.80,1317.00,1317.30,12677
1788754560000000000,1317.30,1317.40,1317.00,1317.20,7620
1788754620000000000,1317.20,1317.40,1316.90,1317.10,15150
1788754680000000000,1317.10,1317.10,1316.10,1316.60,11636
1788754740000000000,1316.60,1316.70,1315.50,1315.50,26737
1788754800000000000,1315.80,1316.00,1315.20,1315.50,12801
1788754860000000000,1315.50,1315.90,1315.30,1315.50,15366
1788754920000000000,1315.50,1315.50,1314.00,1314.00,22263
1788754980000000000,1314.20,1314.20,1313.80,1314.00,8640
1788755040000000000,1314.00,1314.90,1313.80,1313.80,23747
1788755100000000000,1314.20,1314.20,1313.80,1314.10,15063
1788755160000000000,1314.10,1314.10,1313.20,1313.70,18688
1788755220000000000,1313.70,1314.40,1313.40,1314.10,18691
1788755280000000000,1314.10,1316.00,1313.50,1315.80,28486
1788755340000000000,1315.80,1315.80,1315.40,1315.70,11107
1788755400000000000,1315.70,1315.90,1315.40,1315.70,9198
1788755460000000000,1315.70,1316.20,1315.00,1315.80,50120
1788755520000000000,1316.20,1316.60,1315.60,1316.60,31565
1788755580000000000,1316.40,1316.60,1315.80,1316.10,14737
1788755640000000000,1316.10,1317.00,1315.20,1316.80,13872
1788755700000000000,1316.80,1317.10,1316.00,1317.00,27031
1788755760000000000,1316.90,1317.10,1316.20,1316.50,20889
1788755820000000000,1316.50,1316.70,1316.10,1316.60,6798
1788755880000000000,1316.60,1317.80,1316.40,1317.50,29680
1788755940000000000,1317.50,1317.50,1316.80,1317.20,11226
1788756000000000000,1317.20,1317.50,1317.20,1317.30,9197
1788756060000000000,1317.30,1317.50,1317.10,1317.50,7235
1788756120000000000,1317.50,1318.70,1317.30,1318.60,26795
1788756180000000000,1318.60,1319.30,1318.20,1318.70,23269
1788756240000000000,1318.70,1318.80,1318.40,1318.60,9864
1788756300000000000,1318.60,1319.50,1318.50,1318.70,33822
1788756360000000000,1318.90,1318.90,1316.20,1316.20,28135
1788756420000000000,1316.70,1316.70,1315.50,1316.00,24934
1788756480000000000,1316.00,1316.40,1315.70,1316.30,12822
1788756540000000000,1316.20,1316.40,1315.60,1315.90,6858
1788756600000000000,1315.90,1315.90,1315.30,1315.90,11093
1788756660000000000,1315.90,1316.10,1315.50,1315.90,16390
1788756720000000000,1315.90,1316.20,1315.80,1316.10,10025
1788756780000000000,1316.10,1316.30,1316.00,1316.20,6961
1788756840000000000,1316.20,1316.20,1315.70,1316.00,11604
1788756900000000000,1316.10,1316.30,1315.90,1316.20,6365
1788756960000000000,1316.30,1316.60,1316.20,1316.50,6724
1788757020000000000,1316.50,1316.90,1316.20,1316.90,9320
1788757080000000000,1316.90,1316.90,1316.00,1316.20,13432
1788757140000000000,1316.20,1316.50,1316.00,1316.20,11710
1788757200000000000,1316.30,1316.50,1316.10,1316.40,7179
1788757260000000000,1316.40,1316.70,1316.10,1316.40,9347
1788757320000000000,1316.40,1316.50,1316.10,1316.30,5064
1788757380000000000,1316.30,1316.60,1316.10,1316.30,7159
1788757440000000000,1316.30,1316.60,1316.10,1316.50,8252
1788757500000000000,1316.50,1316.90,1316.10,1316.20,8200
1788757560000000000,1316.20,1316.20,1315.30,1315.30,15923
1788757620000000000,1315.50,1315.80,1315.30,1315.60,10607
1788757680000000000,1315.60,1316.00,1315.40,1315.50,11074
1788757740000000000,1315.60,1315.90,1315.30,1315.40,11251
1788757800000000000,1315.50,1315.50,1314.30,1314.60,24465
1788757860000000000,1314.90,1315.00,1314.50,1315.00,9225
1788757920000000000,1315.10,1315.30,1315.00,1315.20,11377
1788757980000000000,1315.20,1315.90,1315.00,1315.20,11547
1788758040000000000,1315.20,1315.40,1315.00,1315.20,7571
1788758100000000000,1315.20,1315.20,1314.70,1314.70,7369
1788758160000000000,1314.90,1315.40,1314.70,1315.20,10017
1788758220000000000,1315.20,1315.50,1315.00,1315.00,6993
1788758280000000000,1315.10,1315.20,1314.60,1314.90,8910
1788758340000000000,1315.00,1315.00,1314.40,1314.70,7738
1788758400000000000,1314.70,1315.00,1314.20,1314.50,12340
1788758460000000000,1314.50,1314.50,1314.10,1314.50,6788
1788758520000000000,1314.50,1314.50,1314.00,1314.50,8132
1788758580000000000,1314.50,1314.50,1314.00,1314.20,7202
1788758640000000000,1314.20,1314.30,1313.60,1313.80,11272
1788758700000000000,1314.00,1314.50,1312.30,1313.40,38868
1788758760000000000,1313.40,1313.60,1313.00,1313.20,12972
1788758820000000000,1313.20,1313.40,1312.80,1313.00,5386
1788758880000000000,1313.00,1313.30,1312.80,1313.10,14721
1788758940000000000,1313.10,1313.20,1312.60,1312.90,8166
1788759000000000000,1312.90,1313.30,1312.60,1313.20,15592
1788759060000000000,1313.20,1313.20,1312.90,1313.00,6301
1788759120000000000,1313.00,1313.00,1312.00,1312.50,20367
1788759180000000000,1312.60,1312.80,1312.40,1312.60,7112
1788759240000000000,1312.60,1312.70,1312.20,1312.60,20468
1788759300000000000,1312.60,1313.00,1312.10,1312.60,13997
1788759360000000000,1312.90,1312.90,1312.20,1312.70,11231
1788759420000000000,1312.70,1313.00,1312.10,1313.00,11063
1788759480000000000,1313.00,1313.00,1312.50,1312.70,9997
1788759540000000000,1312.80,1313.00,1312.60,1312.90,7376
1788759600000000000,1312.90,1313.30,1312.80,1313.30,7690
1788759660000000000,1313.30,1313.60,1313.00,1313.60,8673
1788759720000000000,1313.50,1313.50,1313.00,1313.30,8267
1788759780000000000,1313.30,1313.90,1312.20,1312.80,22094
1788759840000000000,1312.70,1313.00,1312.40,1312.90,12497
1788759900000000000,1312.90,1312.90,1311.70,1312.20,20299
1788759960000000000,1312.20,1312.80,1312.00,1312.40,13302
1788760020000000000,1312.40,1312.50,1312.00,1312.30,9286
1788760080000000000,1312.30,1312.60,1312.00,1312.60,10722
1788760140000000000,1312.60,1313.00,1312.20,1312.80,8293
1788760200000000000,1312.80,1313.00,1312.40,1312.50,9387
1788760260000000000,1312.60,1312.70,1312.30,1312.70,6171
1788760320000000000,1312.70,1313.20,1312.60,1313.10,8957
1788760380000000000,1313.10,1313.20,1312.70,1312.90,7038
1788760440000000000,1312.90,1313.00,1312.10,1312.50,7311
1788760500000000000,1312.40,1312.40,1311.20,1311.80,9372
1788760560000000000,1311.80,1311.80,1311.10,1311.10,11607
1788760620000000000,1311.20,1311.30,1311.00,1311.20,8882
1788760680000000000,1311.20,1311.50,1310.80,1311.00,18345
1788760740000000000,1311.30,1311.30,1310.50,1310.90,12240
1788760800000000000,1310.60,1311.00,1310.20,1310.40,10149
1788760860000000000,1310.50,1310.60,1310.20,1310.50,8608
1788760920000000000,1310.50,1310.80,1310.20,1310.70,12780
1788760980000000000,1310.80,1310.80,1310.30,1310.70,6851
1788761040000000000,1310.70,1310.70,1310.20,1310.40,4886
1788761100000000000,1310.40,1310.80,1310.20,1310.80,8343
1788761160000000000,1310.80,1310.80,1310.40,1310.60,4056
1788761220000000000,1310.60,1310.80,1310.40,1310.60,9118
1788761280000000000,1310.80,1310.80,1310.50,1310.80,11989
1788761340000000000,1310.80,1310.80,1310.20,1310.80,9625
1788761400000000000,1310.80,1310.80,1310.30,1310.40,3561
1788761460000000000,1310.40,1311.30,1310.20,1311.10,14353
1788761520000000000,1311.10,1312.70,1310.90,1312.40,29136
1788761580000000000,1312.40,1312.70,1312.00,1312.30,11254
1788761640000000000,1312.30,1312.50,1312.00,1312.20,16569
1788761700000000000,1312.40,1312.50,1312.10,1312.10,9062
1788761760000000000,1312.40,1312.40,1312.00,1312.30,28486
1788761820000000000,1312.30,1312.30,1312.10,1312.30,8083
1788761880000000000,1312.30,1312.30,1312.10,1312.10,3902
1788761940000000000,1312.20,1313.10,1312.10,1313.00,41426
1788762000000000000,1313.10,1313.30,1313.00,1313.20,7509
1788762060000000000,1313.20,1313.30,1312.50,1312.90,65398
1788762120000000000,1312.90,1312.90,1312.20,1312.60,5556
1788762180000000000,1312.60,1312.60,1312.50,1312.50,6067
1788762240000000000,1312.60,1312.80,1312.50,1312.80,5201
1788762300000000000,1312.80,1313.00,1312.70,1312.80,7425
1788762360000000000,1312.80,1312.90,1312.20,1312.40,5209
1788762420000000000,1312.40,1312.50,1312.10,1312.20,3366
1788762480000000000,1312.20,1312.20,1311.00,1311.30,12119
1788762540000000000,1311.40,1311.40,1310.70,1311.10,8813
1788762600000000000,1311.10,1311.40,1311.00,1311.10,6168
1788762660000000000,1311.10,1311.30,1310.60,1310.80,4213
1788762720000000000,1310.80,1310.80,1310.50,1310.60,3424
1788762780000000000,1310.60,1310.60,1310.50,1310.60,4854
1788762840000000000,1310.60,1310.60,1310.00,1310.30,26339
1788762900000000000,1310.40,1310.60,1310.10,1310.40,8705
1788762960000000000,1310.40,1310.40,1310.10,1310.30,4305
1788763020000000000,1310.30,1310.40,1310.00,1310.20,8413
1788763080000000000,1310.20,1310.40,1310.00,1310.40,8477
1788763140000000000,1310.40,1310.40,1310.30,1310.40,5823
1788763200000000000,1310.40,1310.40,1309.00,1309.40,40500
1788763260000000000,1309.40,1309.40,1309.00,1309.40,13183
1788763320000000000,1309.40,1309.40,1309.00,1309.20,6858
1788763380000000000,1309.20,1309.30,1309.00,1309.00,6908
1788763440000000000,1309.20,1309.20,1309.00,1309.20,10843
1788763500000000000,1309.20,1309.40,1309.10,1309.30,8259
1788763560000000000,1309.30,1309.40,1309.10,1309.40,8043
1788763620000000000,1309.40,1309.40,1308.30,1308.30,17672
1788763680000000000,1308.80,1308.80,1308.20,1308.50,12872
1788763740000000000,1308.40,1308.50,1308.10,1308.30,7845
1788763800000000000,1308.30,1308.40,1308.10,1308.30,5995
1788763860000000000,1308.30,1308.30,1308.00,1308.20,8786
1788763920000000000,1308.20,1308.20,1308.00,1308.10,8520
1788763980000000000,1308.10,1308.10,1307.70,1307.70,7555
1788764040000000000,1307.80,1308.00,1307.60,1308.00,6431
1788764100000000000,1308.00,1308.00,1307.50,1307.70,9101
1788764160000000000,1307.70,1307.90,1307.50,1307.70,5790
1788764220000000000,1307.70,1307.90,1307.50,1307.70,8098
1788764280000000000,1307.80,1307.80,1307.30,1307.60,8272
1788764340000000000,1307.70,1307.90,1307.60,1307.70,5770
1788764400000000000,1307.70,1307.70,1307.00,1307.10,19483
1788764460000000000,1307.20,1307.20,1306.60,1306.60,13695
1788764520000000000,1306.80,1307.10,1306.60,1307.10,12264
1788764580000000000,1307.10,1307.10,1306.80,1307.00,6421
1788764640000000000,1307.10,1307.30,1306.90,1307.20,10145
1788764700000000000,1307.20,1307.20,1306.50,1306.80,29101
1788764760000000000,1306.80,1307.50,1306.40,1306.90,29119
1788764820000000000,1306.90,1307.80,1306.70,1307.80,21843
1788764880000000000,1307.70,1308.10,1307.20,1307.50,23661
1788764940000000000,1307.50,1307.80,1307.00,1307.20,25005
1788765000000000000,1307.20,1308.00,1307.00,1307.30,27408
1788765060000000000,1307.30,1308.20,1307.00,1307.90,49489
1788765120000000000,1307.90,1309.00,1307.30,1307.50,87964
1788765180000000000,1307.70,1307.90,1307.20,1307.50,8388
1788765240000000000,1307.60,1307.60,1307.30,1307.40,5834
1788765300000000000,1307.50,1307.50,1307.20,1307.30,3824
1788765360000000000,1307.30,1307.50,1307.20,1307.30,6761
1788765420000000000,1307.30,1307.30,1307.20,1307.20,8150
1788765480000000000,1307.30,1307.30,1307.10,1307.30,6634
1788765540000000000,1307.30,1307.30,1307.00,1307.10,7966
1788765600000000000,1307.10,1307.10,1306.50,1306.70,15083
1788765660000000000,1306.70,1306.90,1306.50,1306.80,10075
1788765720000000000,1306.80,1306.90,1306.50,1306.50,6158
1788765780000000000,1306.60,1307.00,1306.30,1307.00,11636
1788765840000000000,1307.00,1307.20,1306.50,1306.70,11043
1788765900000000000,1306.70,1306.70,1306.30,1306.50,6973
1788765960000000000,1306.50,1306.50,1306.20,1306.20,7751
1788766020000000000,1306.40,1307.40,1305.70,1306.00,144374
1788766080000000000,1306.00,1307.60,1306.00,1306.80,72540
1788766140000000000,1306.80,1307.00,1306.50,1306.70,7987
1788766200000000000,1306.70,1307.00,1306.50,1306.90,11140
1788766260000000000,1306.90,1307.60,1306.60,1307.60,14415
1788766320000000000,1307.60,1308.80,1307.40,1308.20,28930
1788766380000000000,1308.20,1308.50,1308.10,1308.30,12356
1788766440000000000,1308.30,1308.90,1308.10,1308.90,21787
1788766500000000000,1308.90,1309.30,1308.70,1309.00,15341
1788766560000000000,1309.00,1309.90,1308.60,1309.00,28215
1788766620000000000,1309.00,1310.70,1308.70,1309.60,72598
1788766680000000000,1309.60,1309.80,1309.30,1309.50,15661
1788766740000000000,1309.50,1310.70,1309.20,1310.50,33357
1788766800000000000,1310.50,1311.30,1310.30,1310.90,73219
1788766860000000000,1310.90,1310.90,1310.00,1310.10,21706
1788766920000000000,1310.10,1310.10,1309.90,1310.10,12404
1788766980000000000,1310.10,1310.60,1310.00,1310.50,17237
1788767040000000000,1310.50,1310.80,1310.30,1310.40,6704
1788767100000000000,1310.40,1311.30,1310.40,1310.90,14307
1788767160000000000,1310.90,1311.00,1310.20,1310.40,8520
1788767220000000000,1310.40,1310.40,1310.10,1310.20,9637
1788767280000000000,1310.20,1310.90,1310.10,1310.70,11153
1788767340000000000,1310.70,1311.10,1310.40,1311.10,13017
1788767400000000000,1311.10,1311.30,1311.00,1311.10,12041
1788767460000000000,1311.10,1311.90,1311.00,1311.50,44206
1788767520000000000,1311.50,1311.70,1311.20,1311.70,13019
1788767580000000000,1311.70,1311.70,1311.00,1311.10,7913
1788767640000000000,1311.10,1311.30,1311.00,1311.10,5849
1788767700000000000,1311.10,1311.60,1310.50,1310.70,26580
1788767760000000000,1310.70,1311.10,1310.50,1310.90,12397
1788767820000000000,1310.90,1310.90,1309.80,1310.70,69215
1788767880000000000,1310.70,1310.90,1310.30,1310.80,10179
1788767940000000000,1310.90,1310.90,1310.20,1310.60,32027
1788768000000000000,1310.60,1310.60,1310.30,1310.60,23861
1788768060000000000,1310.60,1310.70,1310.40,1310.70,6916
1788768120000000000,1310.70,1310.70,1304.60,1308.80,446600
1788768180000000000,1309.00,1309.40,1308.00,1308.40,21920
1788768240000000000,1308.40,1308.40,1307.90,1308.00,12849
1788768300000000000,1308.00,1308.20,1307.90,1308.00,9241
1788768360000000000,1308.20,1308.50,1307.50,1307.80,17894
1788768420000000000,1307.80,1308.20,1307.20,1308.00,18593
1788768480000000000,1308.10,1308.10,1307.70,1307.80,10618
1788768540000000000,1307.80,1308.10,1307.50,1307.80,9825
1788768600000000000,1307.80,1307.80,1307.00,1307.30,9641
1788768660000000000,1307.30,1307.60,1307.00,1307.50,16443
1788768720000000000,1307.50,1307.60,1306.60,1307.60,32072
1788768780000000000,1307.60,1307.80,1307.30,1307.60,13815
1788768840000000000,1307.70,1308.80,1307.60,1308.70,19018
1788768900000000000,1308.80,1309.00,1304.90,1307.00,309089
1788768960000000000,1307.10,1307.50,1306.70,1307.30,51920
1788769020000000000,1307.50,1307.70,1307.30,1307.40,15769
1788769080000000000,1307.50,1307.50,1306.80,1307.10,19931
1788769140000000000,1307.30,1307.30,1307.10,1307.20,12859
1788769200000000000,1307.20,1307.40,1307.10,1307.30,22786
1788769260000000000,1307.30,1307.30,1306.80,1306.80,26208
1788769320000000000,1306.90,1307.10,1306.60,1306.80,17935
1788769380000000000,1307.00,1308.20,1306.80,1307.50,47738
1788769440000000000,1307.60,1307.70,1307.40,1307.50,16038
1788769500000000000,1307.60,1307.80,1307.50,1307.60,15729
1788769560000000000,1307.80,1307.80,1307.50,1307.50,23946
1788769620000000000,1307.60,1307.70,1307.10,1307.10,21712
1788769680000000000,1307.40,1307.50,1307.20,1307.30,13043
1788769740000000000,1307.40,1307.70,1307.30,1307.30,14773
1788769800000000000,1307.50,1308.10,1307.10,1307.40,34771
1788769860000000000,1307.40,1308.50,1307.20,1308.40,29649
1788769920000000000,1308.40,1309.50,1308.40,1309.30,75358
1788769980000000000,1309.40,1309.50,1304.90,1307.40,413364
1788770040000000000,1307.40,1307.80,1306.70,1307.10,60003
1788770100000000000,1307.40,1307.40,1307.00,1307.30,22881
1788770160000000000,1307.30,1307.30,1306.60,1306.80,22220
1788770220000000000,1306.90,1306.90,1306.30,1306.50,18857
1788770280000000000,1306.60,1306.80,1306.00,1306.00,44942
1788770340000000000,1306.30,1306.70,1306.20,1306.30,25000
1788770400000000000,1306.30,1306.90,1306.00,1306.00,24685
1788770460000000000,1306.50,1306.60,1306.00,1306.20,23893
1788770520000000000,1306.40,1306.70,1306.00,1306.60,21847
1788770580000000000,1306.70,1306.70,1306.20,1306.40,19850
1788770640000000000,1306.50,1306.50,1306.20,1306.20,17513
1788770700000000000,1306.40,1306.70,1306.20,1306.60,23844
1788770760000000000,1306.70,1306.70,1306.30,1306.50,15095
1788770820000000000,1306.60,1306.80,1306.10,1306.50,33017
1788770880000000000,1306.50,1306.90,1306.40,1306.70,34600
1788770940000000000,1306.80,1306.80,1306.50,1306.70,18310
1788771000000000000,1306.80,1306.80,1306.70,1306.70,15906
1788771060000000000,1306.80,1306.80,1306.60,1306.70,15643
1788771120000000000,1306.80,1306.80,1306.50,1306.50,14335
1788771180000000000,1306.60,1307.10,1306.50,1306.90,24070
1788771240000000000,1307.00,1307.10,1306.80,1307.00,25364
1788771300000000000,1307.10,1307.20,1307.00,1307.00,23628
1788771360000000000,1307.10,1307.20,1307.00,1307.20,18951
1788771420000000000,1307.20,1307.30,1307.10,1307.20,15648
1788771480000000000,1307.30,1307.40,1306.70,1306.70,83548
1788771540000000000,1307.00,1307.20,1306.40,1306.90,45179
1788771600000000000,1306.80,1306.80,1306.10,1306.30,37293
1788771660000000000,1306.30,1306.30,1305.70,1306.10,49869
1788771720000000000,1306.10,1306.40,1306.00,1306.30,30740
1788771780000000000,1306.30,1306.50,1306.10,1306.40,26607
1788771840000000000,1306.50,1306.50,1306.00,1306.30,19615
1788771900000000000,1306.30,1306.50,1306.00,1306.00,21172
1788771960000000000,1306.10,1306.50,1305.60,1305.60,45759
1788772020000000000,1305.90,1305.90,1305.50,1305.70,22094
1788772080000000000,1305.80,1305.80,1305.00,1305.40,135557
1788772140000000000,1305.50,1305.50,1305.00,1305.30,45598
1788772200000000000,1305.40,1305.50,1305.30,1305.40,20997
1788772260000000000,1305.40,1305.50,1305.10,1305.20,25320
1788772320000000000,1305.30,1305.30,1305.00,1305.10,25483
1788772380000000000,1305.30,1305.30,1304.90,1305.00,46903
1788772440000000000,1305.00,1305.10,1304.70,1304.90,23986
1788772500000000000,1304.90,1305.00,1304.80,1304.90,22469
1788772560000000000,1305.00,1305.10,1304.80,1304.90,29542
1788772620000000000,1305.00,1305.20,1304.90,1304.90,28088
1788772680000000000,1305.00,1305.00,1304.50,1304.70,40948
1788772740000000000,1304.80,1305.00,1304.70,1304.70,17788
1788772800000000000,1304.90,1305.00,1304.40,1305.00,27742
1788772860000000000,1305.00,1305.60,1304.60,1305.20,68314
1788772920000000000,1305.30,1305.30,1304.60,1304.60,32462
1788772980000000000,1304.70,1304.70,1304.00,1304.30,63420
1788773040000000000,1304.30,1304.60,1304.20,1304.60,44370
1788773100000000000,1304.50,1305.00,1304.50,1304.80,40049
1788773160000000000,1304.90,1304.90,1304.00,1304.30,63136
1788773220000000000,1304.30,1304.60,1304.20,1304.50,44014
1788773280000000000,1304.60,1304.60,1303.60,1304.20,55568
1788773340000000000,1304.30,1304.60,1304.00,1304.40,57631
1788773400000000000,1304.50,1304.50,1304.00,1304.10,61066
1788773460000000000,1304.10,1304.60,1304.00,1304.50,57295
1788773520000000000,1304.50,1304.90,1304.20,1304.90,69302
1788773580000000000,1304.90,1304.90,1304.50,1304.60,44823
1788773640000000000,1304.60,1304.60,1304.20,1304.30,60776
1788773700000000000,1304.40,1304.70,1304.00,1304.20,78383
1788773760000000000,1304.30,1304.50,1302.60,1304.40,143282
1788773820000000000,1304.50,1304.80,1303.30,1303.50,117894
1788773880000000000,1303.70,1304.50,1303.10,1304.00,112891
1788773940000000000,1304.00,1304.40,1303.00,1303.60,157068
1788774000000000000,1303.90,1304.50,1303.50,1303.90,156211
1788774060000000000,1304.20,1304.40,1303.40,1303.90,125033
1788774120000000000,1304.00,1304.60,1301.90,1304.50,316669
1788774180000000000,1304.50,1308.40,1302.60,1306.80,398663
1788774240000000000,1307.00,1308.00,1306.00,1308.00,29430
1788774300000000000,1308.00,1308.00,1308.00,1308.00,0
1788774360000000000,1308.00,1308.00,1308.00,1308.00,0
1788774420000000000,1308.00,1308.00,1308.00,1308.00,0
1788774480000000000,1308.00,1308.00,1308.00,1308.00,0
1788774540000000000,1308.00,1308.00,1308.00,1308.00,0
1788774600000000000,1308.00,1308.00,1308.00,1308.00,0
1788774660000000000,1308.00,1308.00,1308.00,1308.00,0
1788774720000000000,1308.00,1308.00,1308.00,1308.00,0
1788774780000000000,1308.00,1308.00,1308.00,1308.00,0
1788774840000000000,1308.00,1308.00,1308.00,1308.00,0
1788774900000000000,1308.00,1308.00,1308.00,1308.00,0
1788774960000000000,1308.00,1308.00,1308.00,1308.00,0
1788775020000000000,1308.00,1308.00,1308.00,1308.00,0
1788775080000000000,1308.00,1308.00,1308.00,1308.00,0
1788775140000000000,1309.50,1309.50,1309.50,1309.50,300611
1788839100000000000,1304.10,1306.80,1300.00,1300.80,169608
1788839160000000000,1301.20,1303.70,1300.00,1303.10,49770
1788839220000000000,1303.20,1305.30,1303.10,1304.10,25855
1788839280000000000,1304.10,1304.20,1303.00,1303.60,15172
1788839340000000000,1303.30,1303.80,1302.70,1303.40,13351
1788839400000000000,1303.60,1303.70,1302.60,1302.80,12220
1788839460000000000,1302.80,1302.80,1300.70,1301.20,25762
1788839520000000000,1301.00,1301.20,1299.50,1300.70,52784
1788839580000000000,1300.40,1300.80,1300.00,1300.70,16869
1788839640000000000,1300.70,1300.70,1300.10,1300.50,9984
1788839700000000000,1300.40,1300.50,1299.00,1299.50,29967
1788839760000000000,1299.50,1299.60,1298.60,1298.60,17408
1788839820000000000,1299.00,1299.50,1298.20,1298.80,28718
1788839880000000000,1298.60,1298.90,1298.20,1298.70,13121
1788839940000000000,1298.70,1299.80,1298.50,1298.80,28372
1788840000000000000,1298.80,1299.50,1298.50,1298.90,21141
1788840060000000000,1298.90,1301.00,1298.70,1300.90,29787
1788840120000000000,1300.90,1301.50,1300.50,1301.30,19821
1788840180000000000,1301.30,1302.00,1301.00,1301.80,28293
1788840240000000000,1301.80,1302.00,1301.00,1301.70,35385
1788840300000000000,1301.70,1302.20,1301.20,1301.50,26792
1788840360000000000,1301.60,1302.00,1301.10,1301.30,17663
1788840420000000000,1301.30,1301.80,1301.00,1301.50,17467
1788840480000000000,1301.50,1301.80,1301.20,1301.50,10969
1788840540000000000,1301.70,1301.80,1301.10,1301.70,11125
1788840600000000000,1301.50,1301.70,1301.00,1301.40,9001
1788840660000000000,1301.30,1301.40,1301.10,1301.30,12557
1788840720000000000,1301.30,1302.50,1301.20,1302.10,29122
1788840780000000000,1302.10,1302.50,1301.90,1302.10,22262
1788840840000000000,1302.10,1302.50,1302.00,1302.10,13227
1788840900000000000,1302.20,1304.00,1302.00,1303.70,41217
1788840960000000000,1303.50,1303.80,1302.00,1302.20,12876
1788841020000000000,1302.20,1302.40,1301.50,1301.90,8304
1788841080000000000,1301.90,1302.00,1301.40,1301.50,13342
1788841140000000000,1301.50,1302.10,1301.40,1301.90,7747
1788841200000000000,1302.10,1302.80,1301.90,1302.20,11546
1788841260000000000,1302.20,1302.40,1301.50,1301.60,23142
1788841320000000000,1301.60,1301.70,1300.30,1300.30,20243
1788841380000000000,1300.80,1300.80,1300.30,1300.70,6894
1788841440000000000,1300.60,1301.70,1300.50,1301.50,26723
1788841500000000000,1300.90,1301.00,1300.40,1300.90,10186
1788841560000000000,1300.80,1301.50,1300.40,1301.00,9600
1788841620000000000,1300.90,1301.10,1300.50,1300.90,9079
1788841680000000000,1301.00,1301.80,1300.70,1301.00,12291
1788841740000000000,1300.90,1301.70,1300.50,1301.40,18829
1788841800000000000,1301.30,1301.90,1301.10,1301.50,10551
1788841860000000000,1301.50,1301.50,1301.10,1301.30,11723
1788841920000000000,1301.20,1301.30,1301.10,1301.30,3744
1788841980000000000,1301.30,1301.40,1301.00,1301.20,15011
1788842040000000000,1301.20,1301.20,1300.90,1301.00,3679
1788842100000000000,1301.20,1301.20,1300.40,1300.80,5530
1788842160000000000,1300.60,1301.10,1300.20,1300.60,9915
1788842220000000000,1300.60,1301.00,1300.10,1301.00,20103
1788842280000000000,1301.00,1301.30,1300.30,1301.00,16186
1788842340000000000,1300.80,1301.30,1300.50,1301.00,6156
1788842400000000000,1301.00,1301.00,1300.10,1300.50,3436
1788842460000000000,1300.50,1301.50,1300.20,1300.50,18067
1788842520000000000,1300.40,1300.70,1300.20,1300.50,6206
1788842580000000000,1300.50,1301.30,1300.30,1301.10,12708
1788842640000000000,1301.10,1301.90,1300.50,1301.60,12645
1788842700000000000,1301.60,1302.30,1300.60,1301.00,22980
1788842760000000000,1301.00,1301.10,1300.50,1300.90,5056
1788842820000000000,1300.90,1300.90,1300.70,1300.70,8126
1788842880000000000,1300.80,1300.80,1300.00,1300.30,17634
1788842940000000000,1300.30,1300.60,1300.00,1300.40,12934
1788843000000000000,1300.50,1301.10,1300.10,1300.50,51370
1788843060000000000,1300.40,1301.20,1300.00,1300.90,14641
1788843120000000000,1301.10,1301.10,1300.50,1300.70,8890
1788843180000000000,1301.00,1301.90,1300.80,1301.80,10936
1788843240000000000,1301.80,1302.00,1301.50,1302.00,9150
1788843300000000000,1301.90,1301.90,1301.00,1301.30,12806
1788843360000000000,1301.20,1301.30,1300.30,1300.80,11056
1788843420000000000,1300.60,1301.20,1300.60,1301.20,6078
1788843480000000000,1301.20,1302.00,1301.10,1302.00,16696
1788843540000000000,1301.80,1302.00,1300.60,1300.80,13782
1788843600000000000,1300.70,1301.50,1300.70,1301.40,11502
1788843660000000000,1301.40,1301.90,1301.10,1301.10,39105
1788843720000000000,1301.20,1301.40,1300.80,1301.00,9613
1788843780000000000,1301.00,1301.10,1300.90,1301.10,2952
1788843840000000000,1301.10,1301.90,1300.70,1301.00,18002
1788843900000000000,1301.10,1301.30,1300.80,1301.00,4769
1788843960000000000,1300.90,1301.00,1299.40,1299.80,40184
1788844020000000000,1299.60,1299.80,1298.50,1298.80,30245
1788844080000000000,1298.70,1298.80,1297.10,1298.00,87212
1788844140000000000,1298.00,1298.40,1297.10,1297.60,21428
1788844200000000000,1297.60,1297.60,1297.00,1297.50,17292
1788844260000000000,1297.50,1298.40,1297.50,1297.80,35695
1788844320000000000,1298.10,1298.40,1297.80,1298.40,10732
1788844380000000000,1298.20,1298.70,1298.10,1298.30,8523
1788844440000000000,1298.40,1298.40,1297.50,1297.50,20532
1788844500000000000,1297.60,1297.80,1297.20,1297.30,15936
1788844560000000000,1297.40,1298.30,1297.30,1298.20,26627
1788844620000000000,1298.30,1298.30,1297.50,1298.20,15931
1788844680000000000,1298.20,1298.50,1298.00,1298.30,13542
1788844740000000000,1298.30,1298.90,1298.10,1298.30,29644
1788844800000000000,1298.60,1300.30,1298.30,1299.50,95099
1788844860000000000,1299.50,1299.50,1298.10,1298.60,29478
1788844920000000000,1298.60,1298.90,1298.10,1298.50,19110
1788844980000000000,1298.40,1298.50,1298.00,1298.30,6607
1788845040000000000,1298.30,1298.30,1296.90,1297.20,76758
1788845100000000000,1297.30,1297.40,1296.00,1296.00,76545
1788845160000000000,1296.10,1296.80,1296.00,1296.50,13570
1788845220000000000,1296.40,1296.40,1295.40,1295.90,92174
1788845280000000000,1295.90,1295.90,1295.20,1295.50,17144
1788845340000000000,1295.40,1295.80,1295.20,1295.50,9789
1788845400000000000,1295.70,1295.70,1295.30,1295.60,11125
1788845460000000000,1295.50,1295.60,1295.10,1295.30,12530
1788845520000000000,1295.30,1295.60,1295.20,1295.40,8077
1788845580000000000,1295.40,1295.70,1294.00,1294.80,85608
1788845640000000000,1294.80,1295.10,1294.10,1294.50,20965
1788845700000000000,1294.70,1294.90,1294.40,1294.80,17314
1788845760000000000,1294.80,1294.90,1293.50,1294.00,33571
1788845820000000000,1294.10,1294.20,1293.00,1293.20,27660
1788845880000000000,1293.20,1295.00,1293.00,1294.80,74834
1788845940000000000,1294.70,1294.90,1293.20,1293.80,40516
1788846000000000000,1293.80,1294.40,1293.20,1294.20,44657
1788846060000000000,1294.10,1294.80,1293.90,1294.60,17540
1788846120000000000,1294.50,1294.70,1294.30,1294.40,10252
1788846180000000000,1294.50,1295.20,1294.30,1295.10,10763
1788846240000000000,1295.00,1295.10,1293.90,1294.60,19556
1788846300000000000,1294.60,1294.80,1294.00,1294.40,16654
1788846360000000000,1294.40,1295.50,1294.30,1295.50,34777
1788846420000000000,1295.50,1296.00,1294.30,1294.80,60935
1788846480000000000,1294.80,1295.00,1294.30,1294.50,10031
1788846540000000000,1294.50,1294.70,1294.40,1294.70,10251
1788846600000000000,1294.70,1294.90,1294.60,1294.60,6978
1788846660000000000,1294.80,1294.80,1294.60,1294.80,6455
1788846720000000000,1294.70,1294.70,1293.40,1293.60,18759
1788846780000000000,1293.60,1293.90,1293.30,1293.60,8188
1788846840000000000,1293.60,1293.60,1293.40,1293.60,9948
1788846900000000000,1293.60,1295.00,1293.50,1294.40,93058
1788846960000000000,1294.30,1295.00,1294.10,1294.50,12423
1788847020000000000,1294.50,1295.30,1294.40,1295.20,25192
1788847080000000000,1295.20,1295.80,1294.60,1294.80,60130
1788847140000000000,1294.80,1294.90,1294.10,1294.10,70801
1788847200000000000,1294.50,1295.10,1293.70,1294.70,71831
1788847260000000000,1294.80,1295.80,1294.30,1295.00,57140
1788847320000000000,1294.90,1295.20,1294.70,1295.20,10622
1788847380000000000,1295.20,1295.30,1294.90,1295.30,11816
1788847440000000000,1295.30,1295.30,1295.00,1295.20,11929
1788847500000000000,1295.20,1296.00,1294.30,1295.00,86726
1788847560000000000,1295.00,1295.20,1294.70,1294.90,15241
1788847620000000000,1295.00,1295.00,1294.80,1294.80,8918
1788847680000000000,1295.00,1295.00,1294.00,1294.50,24978
1788847740000000000,1294.30,1295.30,1294.00,1294.10,35570
1788847800000000000,1294.20,1295.00,1294.10,1294.90,13274
1788847860000000000,1295.00,1295.00,1294.10,1294.10,13238
1788847920000000000,1294.40,1294.80,1293.10,1293.50,24556
1788847980000000000,1293.50,1293.80,1293.10,1293.50,5730
1788848040000000000,1293.50,1293.90,1292.50,1293.10,86527
1788848100000000000,1292.80,1293.10,1292.00,1292.60,30661
1788848160000000000,1292.60,1292.90,1292.10,1292.50,18712
1788848220000000000,1292.50,1293.00,1292.10,1292.50,34288
1788848280000000000,1292.50,1293.10,1292.10,1293.00,54842
1788848340000000000,1293.10,1293.10,1291.10,1291.30,39116
1788848400000000000,1291.30,1291.30,1290.30,1290.90,58937
1788848460000000000,1290.90,1291.80,1290.80,1291.80,15418
1788848520000000000,1291.80,1292.10,1291.40,1291.90,11477
1788848580000000000,1291.80,1292.10,1291.30,1291.70,15104
1788848640000000000,1291.70,1292.00,1291.40,1291.90,14821
1788848700000000000,1292.00,1292.10,1291.40,1291.80,26828
1788848760000000000,1291.70,1291.80,1291.00,1291.30,13450
1788848820000000000,1291.20,1291.30,1291.00,1291.30,9693
1788848880000000000,1291.30,1291.80,1291.00,1291.50,21377
1788848940000000000,1291.70,1291.70,1291.00,1291.40,12979
1788849000000000000,1291.40,1291.60,1291.20,1291.60,17807
1788849060000000000,1291.40,1291.60,1290.40,1290.90,44295
1788849120000000000,1291.00,1291.20,1290.80,1291.20,26087
1788849180000000000,1291.10,1291.30,1290.70,1290.90,16028
1788849240000000000,1291.30,1291.30,1290.90,1291.20,5949
1788849300000000000,1291.20,1291.20,1290.70,1291.00,12290
1788849360000000000,1291.10,1291.40,1291.00,1291.20,11826
1788849420000000000,1291.40,1291.60,1290.80,1291.60,19032
1788849480000000000,1291.60,1291.60,1291.00,1291.30,10210
1788849540000000000,1291.30,1291.30,1291.10,1291.30,9515
1788849600000000000,1291.30,1291.40,1291.20,1291.40,4734
1788849660000000000,1291.40,1291.50,1290.90,1290.90,21688
1788849720000000000,1291.10,1291.60,1291.00,1291.20,13503
1788849780000000000,1291.30,1291.60,1290.70,1291.20,14848
1788849840000000000,1291.20,1291.30,1290.70,1291.00,7496
1788849900000000000,1291.10,1291.20,1290.70,1291.00,18354
1788849960000000000,1291.00,1291.30,1290.70,1291.20,7111
1788850020000000000,1291.20,1291.30,1291.00,1291.10,7853
1788850080000000000,1291.20,1291.30,1291.00,1291.30,7197
1788850140000000000,1291.20,1291.70,1291.10,1291.30,11031
1788850200000000000,1291.30,1291.90,1290.50,1291.30,37099
1788850260000000000,1291.30,1291.40,1290.80,1291.00,9253
1788850320000000000,1291.10,1291.20,1290.80,1291.00,8578
1788850380000000000,1291.10,1292.40,1291.00,1291.40,37631
1788850440000000000,1291.70,1293.00,1291.40,1292.00,72346
1788850500000000000,1292.20,1292.40,1291.70,1292.20,8058
1788850560000000000,1292.20,1292.20,1291.10,1291.50,37429
1788850620000000000,1291.50,1291.90,1291.20,1291.50,11164
1788850680000000000,1291.70,1291.80,1291.70,1291.70,6321
1788850740000000000,1291.70,1292.00,1291.20,1292.00,17934
1788850800000000000,1291.90,1292.20,1291.90,1292.20,12469
1788850860000000000,1292.20,1292.20,1291.80,1292.10,11472
1788850920000000000,1292.00,1292.90,1291.90,1292.30,31350
1788850980000000000,1292.30,1292.50,1292.00,1292.50,12293
1788851040000000000,1292.50,1292.90,1292.40,1292.90,13450
1788851100000000000,1292.70,1293.50,1292.70,1292.80,24081
1788851160000000000,1292.80,1293.80,1292.60,1293.60,22932
1788851220000000000,1293.50,1293.90,1293.30,1293.70,12082
1788851280000000000,1293.60,1293.80,1293.00,1293.50,23510
1788851340000000000,1293.50,1293.60,1292.90,1293.50,15007
1788851400000000000,1293.50,1293.90,1293.40,1293.60,12719
1788851460000000000,1293.60,1294.30,1293.30,1294.10,31344
1788851520000000000,1294.10,1294.20,1293.80,1294.20,11912
1788851580000000000,1294.20,1294.30,1293.70,1293.90,10379
1788851640000000000,1293.90,1294.30,1293.80,1294.30,5559
1788851700000000000,1294.30,1294.30,1293.10,1293.80,18740
1788851760000000000,1293.90,1293.90,1293.10,1293.60,9324
1788851820000000000,1293.60,1293.80,1293.10,1293.20,7973
1788851880000000000,1293.20,1293.20,1292.50,1292.80,11197
1788851940000000000,1293.00,1293.80,1292.50,1293.80,17742
1788852000000000000,1293.70,1293.80,1293.10,1293.60,4845
1788852060000000000,1293.60,1293.70,1293.00,1293.20,8703
1788852120000000000,1293.00,1293.20,1292.80,1292.90,6116
1788852180000000000,1292.80,1293.10,1292.10,1292.90,42452
1788852240000000000,1292.70,1293.50,1292.70,1293.20,16422
1788852300000000000,1293.20,1293.30,1293.00,1293.20,10584
1788852360000000000,1293.20,1293.20,1292.60,1293.00,8962
1788852420000000000,1293.00,1293.10,1292.60,1293.00,5988
1788852480000000000,1292.90,1293.00,1292.20,1292.70,11777
1788852540000000000,1292.70,1292.90,1292.60,1292.90,12655
1788852600000000000,1292.90,1292.90,1292.20,1292.60,16123
1788852660000000000,1292.50,1292.70,1292.20,1292.50,5269
1788852720000000000,1292.50,1292.50,1292.00,1292.20,11506
1788852780000000000,1292.20,1292.20,1291.60,1292.00,13761
1788852840000000000,1292.00,1292.00,1291.50,1291.60,7531
1788852900000000000,1291.60,1292.10,1291.50,1292.00,14441
1788852960000000000,1292.10,1292.20,1291.50,1292.00,15213
1788853020000000000,1291.90,1292.20,1291.90,1292.00,7697
1788853080000000000,1292.00,1292.70,1291.50,1291.70,15209
1788853140000000000,1291.70,1292.00,1291.60,1291.90,7437
1788853200000000000,1291.90,1292.10,1291.60,1291.90,9081
1788853260000000000,1291.80,1291.90,1291.60,1291.80,5631
1788853320000000000,1291.80,1291.80,1291.60,1291.80,8196
1788853380000000000,1291.80,1291.80,1291.70,1291.80,3531
1788853440000000000,1291.80,1292.10,1291.70,1292.10,11775
1788853500000000000,1292.00,1292.10,1291.60,1292.10,14310
1788853560000000000,1292.10,1292.10,1291.60,1292.10,8016
1788853620000000000,1292.10,1292.10,1292.00,1292.00,5987
1788853680000000000,1292.10,1292.10,1292.00,1292.10,5879
1788853740000000000,1292.10,1292.40,1292.00,1292.40,9636
1788853800000000000,1292.30,1292.50,1292.30,1292.40,6006
1788853860000000000,1292.40,1292.50,1292.30,1292.40,6161
1788853920000000000,1292.40,1292.80,1292.10,1292.30,28305
1788853980000000000,1292.30,1292.40,1292.10,1292.30,4862
1788854040000000000,1292.30,1292.50,1292.20,1292.50,5451
1788854100000000000,1292.50,1292.50,1292.20,1292.40,6770
1788854160000000000,1292.40,1292.40,1292.30,1292.40,5868
1788854220000000000,1292.40,1292.40,1292.00,1292.20,19872
1788854280000000000,1292.20,1292.20,1292.10,1292.20,7358
1788854340000000000,1292.20,1292.30,1292.10,1292.20,8610
1788854400000000000,1292.20,1292.40,1292.10,1292.30,8766
1788854460000000000,1292.30,1292.30,1291.30,1291.80,19129
1788854520000000000,1291.80,1291.80,1291.10,1291.70,7612
1788854580000000000,1291.60,1291.90,1291.10,1291.80,13945
1788854640000000000,1291.80,1292.20,1291.70,1292.10,9265
1788854700000000000,1292.10,1292.20,1291.80,1291.90,7265
1788854760000000000,1291.90,1292.20,1291.70,1291.80,10913
1788854820000000000,1291.80,1291.80,1291.00,1291.80,41145
1788854880000000000,1291.80,1291.90,1291.20,1291.80,9157
1788854940000000000,1291.80,1291.80,1291.10,1291.50,12230
1788855000000000000,1291.50,1292.00,1291.20,1292.00,25793
1788855060000000000,1291.80,1292.00,1291.00,1291.80,49531
1788855120000000000,1291.60,1291.90,1291.10,1291.60,11368
1788855180000000000,1291.60,1291.90,1291.30,1291.60,10683
1788855240000000000,1291.60,1291.60,1290.90,1290.90,29536
1788855300000000000,1291.10,1291.60,1290.80,1291.40,14247
1788855360000000000,1291.30,1292.00,1291.30,1291.90,9033
1788855420000000000,1291.70,1292.10,1291.50,1292.10,11230
1788855480000000000,1292.10,1292.50,1291.40,1292.20,34472
1788855540000000000,1292.10,1292.10,1291.30,1291.70,11458
1788855600000000000,1291.70,1291.80,1291.60,1291.70,12038
1788855660000000000,1291.70,1291.70,1289.10,1289.70,150060
1788855720000000000,1289.50,1289.90,1289.10,1289.80,18070
1788855780000000000,1289.70,1290.00,1289.50,1290.00,11937
1788855840000000000,1290.00,1290.20,1289.00,1290.00,25849
1788855900000000000,1289.90,1290.20,1289.20,1289.80,16818
1788855960000000000,1289.60,1289.80,1289.20,1289.80,17270
1788856020000000000,1289.80,1289.80,1288.50,1289.50,46642
1788856080000000000,1289.50,1289.50,1288.00,1288.30,41773
1788856140000000000,1288.30,1288.80,1288.00,1288.50,25756
1788856200000000000,1288.40,1289.70,1288.40,1289.60,20285
1788856260000000000,1289.60,1289.60,1289.10,1289.40,15240
1788856320000000000,1289.40,1289.40,1288.70,1289.30,17171
1788856380000000000,1289.10,1290.80,1289.10,1290.50,25692
1788856440000000000,1290.40,1290.70,1289.50,1290.00,18283
1788856500000000000,1290.00,1291.20,1289.90,1291.20,94309
1788856560000000000,1291.00,1291.20,1290.30,1290.70,53737
1788856620000000000,1290.70,1290.90,1290.00,1290.10,20114
1788856680000000000,1290.00,1292.10,1290.00,1290.30,61422
1788856740000000000,1290.30,1290.90,1290.00,1290.30,47739
1788856800000000000,1290.50,1290.90,1290.00,1290.60,62639
1788856860000000000,1290.50,1290.90,1290.10,1290.30,36825
1788856920000000000,1290.60,1290.70,1290.10,1290.50,43268
1788856980000000000,1290.40,1290.90,1290.20,1290.70,11305
1788857040000000000,1290.60,1290.90,1290.50,1290.60,8493
1788857100000000000,1290.60,1290.60,1290.10,1290.50,17881
1788857160000000000,1290.50,1290.90,1290.50,1290.70,11929
1788857220000000000,1290.70,1290.90,1290.60,1290.80,8512
1788857280000000000,1290.80,1290.80,1290.40,1290.50,10166
1788857340000000000,1290.40,1290.80,1290.40,1290.60,10206
1788857400000000000,1290.50,1290.80,1290.50,1290.80,10545
1788857460000000000,1290.80,1290.90,1290.70,1290.80,11402
1788857520000000000,1290.80,1291.00,1290.60,1291.00,14728
1788857580000000000,1291.00,1291.60,1290.80,1291.50,16985
1788857640000000000,1291.40,1291.70,1291.30,1291.60,13497
1788857700000000000,1291.50,1291.70,1291.00,1291.30,24247
1788857760000000000,1291.30,1291.80,1291.00,1291.80,16797
1788857820000000000,1291.80,1292.00,1291.50,1291.80,13556
1788857880000000000,1291.80,1292.90,1291.70,1292.60,26739
1788857940000000000,1292.60,1293.30,1292.40,1293.30,25646
1788858000000000000,1293.30,1293.30,1292.70,1292.70,17160
1788858060000000000,1292.70,1293.00,1292.50,1292.90,20554
1788858120000000000,1292.90,1293.50,1292.80,1293.10,34170
1788858180000000000,1293.00,1293.30,1293.00,1293.20,15784
1788858240000000000,1293.20,1293.30,1292.90,1293.00,11061
1788858300000000000,1293.00,1293.30,1292.90,1293.30,13993
1788858360000000000,1293.10,1293.70,1293.10,1293.60,17295
1788858420000000000,1293.60,1293.60,1293.30,1293.60,25502
1788858480000000000,1293.50,1293.70,1293.30,1293.50,18374
1788858540000000000,1293.50,1293.70,1293.30,1293.60,30993
1788858600000000000,1293.60,1293.60,1293.10,1293.30,14774
1788858660000000000,1293.20,1293.30,1293.00,1293.30,18982
1788858720000000000,1293.30,1293.30,1292.60,1293.10,28983
1788858780000000000,1293.10,1293.30,1293.10,1293.20,9113
1788858840000000000,1293.20,1293.30,1292.70,1293.20,25288
1788858900000000000,1293.20,1293.30,1293.00,1293.30,21658
1788858960000000000,1293.30,1293.50,1292.30,1292.30,34146
1788859020000000000,1292.40,1292.70,1291.10,1292.40,104800
1788859080000000000,1292.40,1292.70,1291.60,1292.00,84686
1788859140000000000,1292.00,1292.10,1291.10,1291.10,26168
1788859200000000000,1291.30,1292.50,1291.00,1291.40,89553
1788859260000000000,1291.30,1291.40,1291.00,1291.10,17399
1788859320000000000,1291.00,1291.20,1291.00,1291.20,56255
1788859380000000000,1291.10,1291.30,1289.70,1289.90,93827
1788859440000000000,1289.70,1290.30,1289.70,1290.30,42448
1788859500000000000,1290.10,1290.30,1288.50,1288.90,103114
1788859560000000000,1288.90,1289.00,1288.80,1288.90,17730
1788859620000000000,1289.00,1290.70,1288.70,1289.80,82661
1788859680000000000,1289.90,1289.90,1289.50,1289.80,37641
1788859740000000000,1289.70,1289.80,1289.60,1289.60,16843
1788859800000000000,1289.60,1289.70,1289.10,1289.50,33870
1788859860000000000,1289.40,1290.00,1289.40,1290.00,46401
1788859920000000000,1289.90,1290.50,1289.90,1290.30,58763
1788859980000000000,1290.20,1290.30,1289.80,1289.90,46403
1788860040000000000,1289.80,1289.90,1289.70,1289.90,26709
1788860100000000000,1289.80,1290.00,1289.80,1289.90,71699
1788860160000000000,1289.90,1290.80,1289.90,1290.50,89239
1788860220000000000,1290.50,1290.70,1290.40,1290.70,38735
1788860280000000000,1290.70,1291.20,1290.60,1291.10,33507
1788860340000000000,1291.10,1291.70,1290.40,1291.70,74883
1788860400000000000,1291.70,1292.50,1291.00,1291.70,109802
1788860460000000000,1291.70,1292.00,1291.50,1291.60,54405
1788860520000000000,1291.70,1291.70,1290.00,1290.80,86673
1788860580000000000,1290.80,1290.90,1289.40,1290.80,70313
1788860640000000000,1290.70,1292.90,1289.40,1292.00,79314
1788860700000000000,1292.00,1292.00,1292.00,1292.00,0
1788860760000000000,1292.00,1292.00,1292.00,1292.00,0
1788860820000000000,1292.00,1292.00,1292.00,1292.00,0
1788860880000000000,1292.00,1292.00,1292.00,1292.00,0
1788860940000000000,1292.00,1292.00,1292.00,1292.00,0
1788861000000000000,1292.00,1292.00,1292.00,1292.00,0
1788861060000000000,1292.00,1292.00,1292.00,1292.00,0
1788861120000000000,1292.00,1292.00,1292.00,1292.00,0
1788861180000000000,1292.00,1292.00,1292.00,1292.00,0
1788861240000000000,1292.00,1292.00,1292.00,1292.00,0
1788861300000000000,1292.00,1292.00,1292.00,1292.00,0
1788861360000000000,1292.00,1292.00,1292.00,1292.00,0
1788861420000000000,1292.00,1292.00,1292.00,1292.00,0
1788861480000000000,1292.00,1292.00,1292.00,1292.00,0
1788861540000000000,1294.90,1294.90,1294.90,1294.90,936571
1788925500000000000,1283.50,1287.40,1277.20,1279.40,519185
1788925560000000000,1279.60,1279.80,1278.00,1278.80,110446
1788925620000000000,1279.10,1281.90,1278.70,1281.90,98369
1788925680000000000,1281.40,1282.50,1280.00,1280.60,84704
1788925740000000000,1280.50,1281.50,1280.00,1281.10,72690
1788925800000000000,1281.00,1283.80,1281.00,1283.80,62040
1788925860000000000,1283.40,1283.90,1282.20,1282.70,94401
1788925920000000000,1282.70,1283.00,1280.80,1281.20,67585
1788925980000000000,1281.20,1281.90,1280.80,1281.50,78166
1788926040000000000,1281.50,1281.80,1280.90,1281.60,70578
1788926100000000000,1281.60,1282.00,1281.10,1281.70,63729
1788926160000000000,1281.60,1282.30,1281.00,1281.30,41342
1788926220000000000,1281.20,1281.50,1280.30,1281.50,59517
1788926280000000000,1281.50,1281.50,1280.00,1280.50,117889
1788926340000000000,1280.40,1280.70,1280.00,1280.70,29643
1788926400000000000,1280.60,1281.50,1280.50,1281.50,56808
1788926460000000000,1281.50,1282.40,1281.00,1282.40,31458
1788926520000000000,1282.40,1284.40,1282.30,1283.90,52724
1788926580000000000,1283.80,1285.60,1283.50,1285.20,49344
1788926640000000000,1285.20,1287.40,1285.00,1285.10,97324
1788926700000000000,1285.40,1288.80,1285.40,1286.80,69127
1788926760000000000,1286.70,1287.00,1284.20,1285.20,39539
1788926820000000000,1285.30,1286.40,1285.00,1285.20,25859
1788926880000000000,1285.10,1286.10,1284.80,1285.40,32066
1788926940000000000,1285.30,1286.30,1285.20,1285.90,37561
1788927000000000000,1285.90,1286.80,1285.10,1286.50,54734
1788927060000000000,1286.40,1287.60,1286.10,1287.40,46929
1788927120000000000,1287.30,1288.30,1286.80,1287.90,83714
1788927180000000000,1287.90,1288.80,1287.40,1288.70,76151
1788927240000000000,1288.70,1288.90,1286.60,1288.50,52682
1788927300000000000,1288.30,1288.30,1286.30,1288.20,128090
1788927360000000000,1288.10,1288.10,1286.70,1287.90,24084
1788927420000000000,1287.80,1287.90,1286.80,1286.90,17629
1788927480000000000,1286.90,1286.90,1285.50,1286.00,20657
1788927540000000000,1285.80,1286.00,1284.20,1284.50,36961
1788927600000000000,1284.60,1284.90,1283.00,1283.50,57736
1788927660000000000,1283.30,1284.70,1283.10,1284.20,22567
1788927720000000000,1284.10,1285.00,1283.50,1284.50,36645
1788927780000000000,1284.50,1284.60,1284.00,1284.50,12852
1788927840000000000,1284.50,1286.00,1284.50,1286.00,97692
1788927900000000000,1285.80,1286.00,1285.20,1285.90,22781
1788927960000000000,1285.70,1286.40,1285.50,1286.20,8733
1788928020000000000,1286.10,1287.00,1286.00,1287.00,39880
1788928080000000000,1286.90,1287.00,1286.00,1286.40,41380
1788928140000000000,1286.40,1287.70,1286.30,1287.10,38554
1788928200000000000,1287.10,1287.10,1286.00,1286.60,66759
1788928260000000000,1286.80,1287.50,1286.30,1286.70,16950
1788928320000000000,1286.50,1286.80,1286.30,1286.60,10673
1788928380000000000,1286.80,1287.20,1286.60,1287.00,21736
1788928440000000000,1286.90,1287.00,1286.30,1286.60,55611
1788928500000000000,1286.60,1286.90,1286.50,1286.70,16268
1788928560000000000,1286.70,1287.50,1286.60,1287.40,22339
1788928620000000000,1287.40,1287.50,1286.70,1286.90,23675
1788928680000000000,1286.80,1287.00,1286.50,1286.70,18247
1788928740000000000,1286.70,1286.80,1285.70,1285.90,104307
1788928800000000000,1285.90,1286.00,1284.60,1284.60,35228
1788928860000000000,1284.70,1284.70,1284.30,1284.40,13641
1788928920000000000,1284.40,1284.50,1284.30,1284.50,10648
1788928980000000000,1284.40,1285.30,1284.40,1285.00,65795
1788929040000000000,1285.00,1285.20,1284.70,1285.00,32966
1788929100000000000,1285.00,1286.50,1284.80,1286.20,38650
1788929160000000000,1286.10,1286.20,1285.70,1286.20,26204
1788929220000000000,1286.10,1286.20,1285.80,1286.20,8943
1788929280000000000,1286.10,1286.60,1286.10,1286.60,15345
1788929340000000000,1286.60,1286.60,1286.20,1286.30,10194
1788929400000000000,1286.20,1287.00,1286.10,1286.20,51120
1788929460000000000,1286.20,1286.80,1285.50,1285.70,33757
1788929520000000000,1285.60,1286.40,1285.50,1286.00,27340
1788929580000000000,1285.90,1288.50,1285.90,1288.00,123987
1788929640000000000,1288.20,1289.70,1287.30,1287.60,64381
1788929700000000000,1287.50,1288.60,1287.30,1288.00,24996
1788929760000000000,1287.80,1288.40,1287.50,1288.10,26979
1788929820000000000,1288.20,1288.20,1287.20,1288.20,25300
1788929880000000000,1288.20,1288.40,1287.60,1287.70,8796
1788929940000000000,1287.70,1287.90,1287.50,1287.70,5734
1788930000000000000,1287.60,1288.00,1287.50,1287.90,8868
1788930060000000000,1287.80,1287.80,1286.40,1286.70,37149
1788930120000000000,1286.40,1286.70,1286.30,1286.60,8904
1788930180000000000,1286.50,1286.50,1285.60,1285.80,18222
1788930240000000000,1285.80,1285.80,1284.60,1284.90,27730
1788930300000000000,1284.80,1285.00,1284.60,1284.80,9792
1788930360000000000,1284.80,1285.00,1284.60,1284.90,10684
1788930420000000000,1284.90,1285.00,1284.60,1284.80,5903
1788930480000000000,1284.60,1284.80,1283.50,1283.90,81640
1788930540000000000,1283.90,1284.50,1283.60,1284.40,25108
1788930600000000000,1284.30,1284.30,1283.60,1283.80,8721
1788930660000000000,1283.60,1283.90,1283.60,1283.70,7828
1788930720000000000,1283.70,1283.80,1283.60,1283.80,9624
1788930780000000000,1283.80,1284.00,1283.70,1283.90,17786
1788930840000000000,1283.80,1284.00,1283.80,1284.00,13304
1788930900000000000,1284.00,1284.50,1283.80,1284.50,25026
1788930960000000000,1284.40,1284.50,1284.10,1284.40,8500
1788931020000000000,1284.10,1284.40,1284.00,1284.10,13208
1788931080000000000,1284.10,1284.50,1284.00,1284.30,12516
1788931140000000000,1284.30,1284.50,1284.10,1284.20,9612
1788931200000000000,1284.20,1284.40,1284.10,1284.30,12069
1788931260000000000,1284.30,1284.50,1284.00,1284.20,5232
1788931320000000000,1284.10,1284.20,1284.00,1284.00,10729
1788931380000000000,1283.90,1284.50,1283.90,1284.40,19628
1788931440000000000,1284.40,1284.80,1284.20,1284.80,13375
1788931500000000000,1284.70,1286.30,1284.70,1285.90,22530
1788931560000000000,1285.90,1286.30,1285.70,1285.70,7401
1788931620000000000,1285.90,1286.30,1285.40,1286.10,15168
1788931680000000000,1286.20,1287.70,1285.80,1287.50,30390
1788931740000000000,1287.20,1288.80,1286.50,1288.70,26251
1788931800000000000,1288.50,1289.00,1288.00,1288.60,21274
1788931860000000000,1288.60,1288.60,1287.60,1288.30,20860
1788931920000000000,1288.00,1288.50,1287.90,1288.30,7364
1788931980000000000,1288.30,1288.30,1287.70,1288.30,34416
1788932040000000000,1288.30,1288.40,1287.60,1287.90,16564
1788932100000000000,1287.80,1288.00,1287.60,1287.70,9626
1788932160000000000,1287.70,1287.80,1286.60,1286.80,74290
1788932220000000000,1286.90,1287.90,1286.80,1287.90,17511
1788932280000000000,1287.80,1288.30,1287.60,1288.30,13396
1788932340000000000,1288.20,1288.70,1288.10,1288.50,14035
1788932400000000000,1288.50,1289.70,1288.40,1289.70,24308
1788932460000000000,1289.50,1289.70,1289.30,1289.50,11736
1788932520000000000,1289.60,1289.80,1289.00,1289.00,9375
1788932580000000000,1289.00,1289.30,1288.20,1289.30,14245
1788932640000000000,1289.10,1289.40,1289.00,1289.30,8647
1788932700000000000,1289.30,1291.00,1289.20,1290.60,33480
1788932760000000000,1290.50,1290.60,1290.10,1290.40,14951
1788932820000000000,1290.30,1293.90,1290.30,1292.00,146593
1788932880000000000,1291.90,1292.30,1291.70,1292.00,10011
1788932940000000000,1292.00,1294.70,1291.30,1294.10,58064
1788933000000000000,1294.00,1294.50,1293.00,1293.60,42300
1788933060000000000,1293.40,1293.60,1292.50,1292.70,10082
1788933120000000000,1292.70,1292.70,1291.20,1291.50,13919
1788933180000000000,1291.50,1291.80,1291.40,1291.50,16692
1788933240000000000,1291.50,1291.50,1291.20,1291.50,11575
1788933300000000000,1291.50,1292.60,1291.50,1291.60,17146
1788933360000000000,1291.60,1292.00,1291.30,1291.40,9315
1788933420000000000,1291.40,1291.40,1290.60,1291.10,13228
1788933480000000000,1291.00,1291.10,1290.60,1290.80,6478
1788933540000000000,1290.60,1290.90,1290.40,1290.60,10367
1788933600000000000,1290.60,1290.60,1290.40,1290.50,6562
1788933660000000000,1290.50,1291.40,1290.30,1291.10,30268
1788933720000000000,1290.70,1291.00,1290.30,1290.40,12872
1788933780000000000,1290.30,1290.50,1290.00,1290.40,10327
1788933840000000000,1290.30,1290.30,1289.10,1289.80,24252
1788933900000000000,1289.60,1290.50,1289.40,1290.30,67866
1788933960000000000,1290.30,1290.30,1289.60,1289.90,7512
1788934020000000000,1290.00,1290.00,1289.30,1289.60,7736
1788934080000000000,1289.50,1289.70,1289.40,1289.50,6383
1788934140000000000,1289.50,1289.80,1289.40,1289.80,7829
1788934200000000000,1289.70,1289.80,1288.50,1288.80,9896
1788934260000000000,1288.70,1289.10,1288.20,1289.00,14135
1788934320000000000,1289.10,1289.10,1288.90,1289.00,6390
1788934380000000000,1289.10,1289.80,1289.00,1289.50,16632
1788934440000000000,1289.40,1289.50,1289.30,1289.40,4948
1788934500000000000,1289.40,1289.40,1288.40,1288.70,15449
1788934560000000000,1288.60,1288.70,1288.40,1288.60,9408
1788934620000000000,1288.60,1288.80,1287.10,1287.50,27243
1788934680000000000,1287.30,1287.30,1286.40,1286.60,17313
1788934740000000000,1286.70,1286.90,1286.50,1286.70,22411
1788934800000000000,1286.70,1286.80,1286.60,1286.70,13019
1788934860000000000,1286.80,1286.90,1286.60,1286.60,8579
1788934920000000000,1286.70,1286.70,1286.00,1286.10,15287
1788934980000000000,1286.00,1286.20,1286.00,1286.20,13045
1788935040000000000,1286.20,1286.30,1285.30,1285.40,23594
1788935100000000000,1285.50,1285.80,1285.40,1285.60,9419
1788935160000000000,1285.60,1285.80,1285.50,1285.80,6935
1788935220000000000,1285.80,1286.80,1285.70,1285.90,23096
1788935280000000000,1285.90,1286.10,1285.80,1285.80,12885
1788935340000000000,1285.80,1285.90,1285.00,1285.10,35046
1788935400000000000,1285.10,1285.70,1285.00,1285.20,24668
1788935460000000000,1285.30,1285.40,1285.00,1285.30,9435
1788935520000000000,1285.10,1285.30,1284.30,1284.80,20164
1788935580000000000,1284.70,1284.90,1284.40,1284.70,14202
1788935640000000000,1284.70,1284.80,1284.50,1284.60,9522
1788935700000000000,1284.60,1285.20,1284.60,1285.00,18457
1788935760000000000,1285.10,1285.10,1283.60,1284.60,52275
1788935820000000000,1284.60,1284.60,1283.70,1283.90,16211
1788935880000000000,1283.70,1284.20,1283.70,1284.10,13778
1788935940000000000,1284.30,1284.80,1284.00,1284.30,35457
1788936000000000000,1284.30,1285.10,1284.10,1285.00,11166
1788936060000000000,1284.80,1285.20,1284.80,1285.20,11837
1788936120000000000,1285.10,1285.30,1285.00,1285.30,11664
1788936180000000000,1285.30,1285.50,1285.00,1285.10,6076
1788936240000000000,1285.10,1285.50,1285.10,1285.20,10691
1788936300000000000,1285.20,1286.70,1284.90,1286.00,30082
1788936360000000000,1286.10,1286.20,1285.30,1285.90,20151
1788936420000000000,1285.80,1286.40,1285.80,1286.30,12904
1788936480000000000,1286.20,1286.80,1286.00,1286.10,16250
1788936540000000000,1286.10,1286.40,1286.00,1286.10,8170
1788936600000000000,1286.10,1286.20,1285.80,1286.10,18670
1788936660000000000,1286.10,1286.70,1286.00,1286.60,13532
1788936720000000000,1286.60,1286.60,1285.80,1285.80,10899
1788936780000000000,1285.80,1285.90,1285.30,1285.80,12534
1788936840000000000,1285.80,1286.20,1285.60,1286.00,12822
1788936900000000000,1285.90,1286.00,1285.50,1285.90,19465
1788936960000000000,1285.60,1286.00,1285.50,1285.80,50291
1788937020000000000,1285.90,1286.00,1285.70,1285.90,23085
1788937080000000000,1286.00,1286.00,1284.80,1285.40,29884
1788937140000000000,1285.30,1286.10,1285.10,1286.00,35379
1788937200000000000,1286.10,1286.70,1285.80,1286.70,25825
1788937260000000000,1286.70,1287.00,1285.70,1286.50,35641
1788937320000000000,1286.50,1287.10,1286.40,1287.00,55198
1788937380000000000,1287.10,1287.70,1286.90,1287.60,18817
1788937440000000000,1287.60,1287.70,1287.10,1287.50,23068
1788937500000000000,1287.40,1288.70,1287.40,1288.20,71363
1788937560000000000,1288.20,1288.20,1287.60,1287.80,19689
1788937620000000000,1287.80,1288.00,1287.50,1287.70,18821
1788937680000000000,1287.60,1287.90,1287.60,1287.90,11007
1788937740000000000,1287.80,1287.80,1286.30,1286.80,24564
1788937800000000000,1286.80,1287.70,1286.60,1286.90,30995
1788937860000000000,1286.90,1287.60,1286.80,1287.40,10547
1788937920000000000,1287.40,1287.90,1287.10,1287.80,32451
1788937980000000000,1287.90,1288.20,1287.70,1288.10,16342
1788938040000000000,1288.00,1288.20,1288.00,1288.20,12099
1788938100000000000,1288.20,1288.80,1288.10,1288.30,29341
1788938160000000000,1288.30,1289.00,1288.20,1288.60,48995
1788938220000000000,1288.50,1288.90,1288.50,1288.90,11742
1788938280000000000,1288.90,1289.00,1288.70,1288.90,11565
1788938340000000000,1289.00,1289.20,1288.10,1288.10,34623
1788938400000000000,1288.10,1288.20,1287.90,1288.00,20094
1788938460000000000,1288.10,1288.30,1288.00,1288.30,15674
1788938520000000000,1288.30,1288.50,1288.20,1288.50,9815
1788938580000000000,1288.40,1288.50,1287.30,1287.80,47286
1788938640000000000,1287.80,1288.40,1287.30,1287.90,35629
1788938700000000000,1288.00,1288.10,1287.30,1287.50,13455
1788938760000000000,1287.40,1288.10,1287.30,1288.10,17645
1788938820000000000,1288.10,1288.10,1288.00,1288.00,10648
1788938880000000000,1288.10,1288.10,1287.50,1287.60,20436
1788938940000000000,1287.50,1287.60,1287.20,1287.50,15541
1788939000000000000,1287.60,1287.70,1287.20,1287.50,15143
1788939060000000000,1287.40,1287.50,1287.10,1287.30,10915
1788939120000000000,1287.20,1287.30,1285.70,1285.90,17054
1788939180000000000,1286.00,1286.50,1285.70,1286.40,25201
1788939240000000000,1286.50,1286.50,1285.80,1285.90,9506
1788939300000000000,1285.80,1286.20,1285.80,1286.00,11058
1788939360000000000,1286.10,1288.00,1285.80,1287.10,104207
1788939420000000000,1287.10,1287.40,1286.50,1286.80,23340
1788939480000000000,1286.80,1287.80,1286.60,1287.70,20436
1788939540000000000,1287.70,1287.90,1287.50,1287.60,12275
1788939600000000000,1287.60,1287.80,1287.10,1287.50,22116
1788939660000000000,1287.50,1288.30,1287.40,1287.70,14818
1788939720000000000,1287.70,1287.70,1286.70,1287.30,38758
1788939780000000000,1287.00,1287.90,1286.70,1287.80,24935
1788939840000000000,1287.70,1287.80,1287.50,1287.60,8275
1788939900000000000,1287.60,1287.90,1287.50,1287.70,10218
1788939960000000000,1287.70,1287.70,1287.20,1287.60,15325
1788940020000000000,1287.50,1287.60,1286.90,1287.10,16310
1788940080000000000,1287.10,1288.10,1286.90,1288.00,73829
1788940140000000000,1288.10,1288.30,1287.00,1287.30,13995
1788940200000000000,1287.20,1287.30,1286.30,1287.30,47645
1788940260000000000,1287.20,1288.90,1287.10,1288.90,19057
1788940320000000000,1288.90,1289.80,1288.00,1288.20,71448
1788940380000000000,1288.10,1288.20,1287.80,1288.00,10717
1788940440000000000,1288.10,1288.50,1287.90,1288.20,18391
1788940500000000000,1288.20,1288.50,1287.90,1288.30,18507
1788940560000000000,1288.30,1290.10,1288.30,1289.30,69904
1788940620000000000,1289.30,1290.30,1289.20,1290.10,27917
1788940680000000000,1290.10,1290.20,1289.30,1289.80,32309
1788940740000000000,1289.70,1290.30,1289.60,1290.20,22629
1788940800000000000,1290.30,1290.60,1290.00,1290.10,18695
1788940860000000000,1290.10,1290.30,1289.10,1289.40,61153
1788940920000000000,1289.40,1289.90,1289.10,1289.30,33847
1788940980000000000,1289.50,1289.60,1288.30,1288.40,16069
1788941040000000000,1288.50,1288.60,1287.20,1287.60,31750
1788941100000000000,1287.60,1288.00,1287.00,1288.00,35462
1788941160000000000,1287.90,1289.00,1287.90,1288.30,21054
1788941220000000000,1288.30,1289.30,1287.90,1289.10,19403
1788941280000000000,1289.10,1289.20,1289.00,1289.20,7085
1788941340000000000,1289.20,1289.20,1288.20,1288.70,30422
1788941400000000000,1288.70,1288.70,1288.30,1288.50,10520
1788941460000000000,1288.40,1288.60,1288.30,1288.50,7970
1788941520000000000,1288.50,1288.60,1288.30,1288.40,13590
1788941580000000000,1288.50,1288.60,1288.20,1288.40,16519
1788941640000000000,1288.50,1288.90,1288.40,1288.50,7247
1788941700000000000,1288.50,1288.70,1288.30,1288.70,15577
1788941760000000000,1288.70,1288.70,1288.10,1288.20,10833
1788941820000000000,1288.10,1288.20,1287.90,1288.10,9633
1788941880000000000,1288.20,1289.00,1288.00,1288.50,16653
1788941940000000000,1288.50,1288.70,1288.20,1288.40,8394
1788942000000000000,1288.30,1289.10,1288.30,1289.00,17310
1788942060000000000,1289.10,1289.50,1289.00,1289.20,10297
1788942120000000000,1289.20,1289.40,1289.00,1289.40,11142
1788942180000000000,1289.30,1290.20,1289.30,1289.90,36473
1788942240000000000,1289.80,1289.80,1288.50,1288.70,8107
1788942300000000000,1288.60,1288.90,1288.50,1288.70,11587
1788942360000000000,1288.60,1288.70,1287.40,1287.50,21111
1788942420000000000,1287.50,1288.20,1287.40,1288.10,19144
1788942480000000000,1288.10,1288.20,1288.00,1288.10,8015
1788942540000000000,1288.10,1288.20,1288.00,1288.10,8157
1788942600000000000,1288.10,1288.70,1288.00,1288.30,17239
1788942660000000000,1288.30,1289.00,1288.20,1289.00,13603
1788942720000000000,1288.90,1289.00,1288.40,1288.60,30652
1788942780000000000,1288.60,1288.80,1287.40,1287.50,78725
1788942840000000000,1287.50,1287.90,1287.20,1287.90,19945
1788942900000000000,1287.80,1288.40,1287.80,1288.10,36478
1788942960000000000,1288.10,1290.00,1288.10,1289.40,113879
1788943020000000000,1289.10,1289.60,1289.00,1289.60,19434
1788943080000000000,1289.50,1289.80,1289.20,1289.60,51137
1788943140000000000,1289.60,1289.90,1288.90,1288.90,50962
1788943200000000000,1289.00,1289.40,1288.70,1289.20,18883
1788943260000000000,1288.90,1289.40,1288.50,1289.20,18505
1788943320000000000,1289.20,1289.30,1289.10,1289.20,11711
1788943380000000000,1289.20,1289.90,1288.80,1289.00,38544
1788943440000000000,1288.90,1290.00,1288.90,1290.00,65669
1788943500000000000,1290.10,1290.10,1289.30,1289.70,23551
1788943560000000000,1289.70,1289.80,1289.00,1289.70,26219
1788943620000000000,1289.60,1289.90,1289.50,1289.60,14102
1788943680000000000,1289.60,1289.60,1287.20,1288.00,34382
1788943740000000000,1288.00,1288.80,1287.90,1288.80,22948
1788943800000000000,1288.60,1290.00,1288.20,1289.10,68821
1788943860000000000,1289.10,1290.10,1288.00,1288.00,87350
1788943920000000000,1288.30,1288.70,1287.30,1288.70,24775
1788943980000000000,1288.60,1290.10,1288.60,1289.00,45916
1788944040000000000,1289.00,1289.90,1288.90,1289.30,38709
1788944100000000000,1289.40,1289.40,1288.50,1288.60,32692
1788944160000000000,1288.60,1289.30,1288.60,1289.20,32525
1788944220000000000,1289.30,1289.60,1287.50,1287.60,49458
1788944280000000000,1287.70,1287.80,1287.00,1287.60,53673
1788944340000000000,1287.60,1287.70,1287.50,1287.70,14358
1788944400000000000,1287.70,1287.80,1286.60,1286.80,26250
1788944460000000000,1286.80,1288.00,1286.80,1287.80,23584
1788944520000000000,1287.60,1287.80,1287.20,1287.20,10531
1788944580000000000,1287.20,1287.20,1285.50,1286.00,44033
1788944640000000000,1285.90,1286.80,1285.50,1286.60,19686
1788944700000000000,1286.30,1286.60,1286.30,1286.40,13329
1788944760000000000,1286.50,1286.60,1286.20,1286.40,10885
1788944820000000000,1286.40,1286.40,1285.00,1285.30,21627
1788944880000000000,1285.20,1285.40,1285.00,1285.20,15339
1788944940000000000,1285.20,1285.40,1284.50,1285.30,52744
1788945000000000000,1285.30,1285.30,1285.00,1285.20,13479
1788945060000000000,1285.00,1285.10,1284.70,1284.80,13616
1788945120000000000,1284.80,1284.90,1284.10,1284.80,44050
1788945180000000000,1284.70,1285.20,1284.30,1285.10,30805
1788945240000000000,1285.00,1285.40,1284.40,1284.80,45861
1788945300000000000,1284.80,1285.00,1284.40,1284.50,12740
1788945360000000000,1284.60,1284.90,1284.50,1284.90,10168
1788945420000000000,1284.70,1284.80,1284.30,1284.60,10509
1788945480000000000,1284.50,1284.60,1283.40,1283.60,40755
1788945540000000000,1283.50,1284.50,1283.40,1284.50,58561
1788945600000000000,1284.30,1284.40,1284.30,1284.40,12069
1788945660000000000,1284.40,1285.40,1284.20,1285.10,126606
1788945720000000000,1285.10,1285.20,1285.00,1285.20,93239
1788945780000000000,1285.10,1288.00,1285.10,1286.50,84327
1788945840000000000,1286.30,1286.80,1286.10,1286.20,24634
1788945900000000000,1286.20,1287.20,1285.90,1287.00,90730
1788945960000000000,1287.10,1287.30,1286.90,1287.30,37570
1788946020000000000,1287.30,1287.70,1287.00,1287.70,55601
1788946080000000000,1287.70,1288.10,1286.20,1286.60,47157
1788946140000000000,1286.50,1286.90,1286.10,1286.60,43400
1788946200000000000,1286.60,1286.60,1286.50,1286.60,20469
1788946260000000000,1286.60,1286.60,1286.50,1286.60,46080
1788946320000000000,1286.50,1287.10,1286.50,1287.10,38634
1788946380000000000,1287.10,1287.30,1287.00,1287.20,42387
1788946440000000000,1287.20,1287.20,1287.00,1287.00,66620
1788946500000000000,1287.10,1287.10,1286.50,1286.50,219713
1788946560000000000,1286.60,1286.60,1285.90,1286.00,32490
1788946620000000000,1286.10,1286.10,1285.50,1285.70,24968
1788946680000000000,1285.70,1285.70,1285.20,1285.30,33239
1788946740000000000,1285.30,1286.50,1285.20,1286.10,47079
1788946800000000000,1286.10,1286.80,1286.00,1286.80,54905
1788946860000000000,1286.80,1287.00,1286.50,1286.90,54849
1788946920000000000,1286.90,1287.10,1286.70,1287.10,33218
1788946980000000000,1287.10,1287.20,1285.90,1286.00,33431
1788947040000000000,1286.00,1286.00,1283.20,1285.70,56904
1788947100000000000,1285.70,1285.70,1285.70,1285.70,0
1788947160000000000,1285.70,1285.70,1285.70,1285.70,0
1788947220000000000,1285.70,1285.70,1285.70,1285.70,0
1788947280000000000,1285.70,1285.70,1285.70,1285.70,0
1788947340000000000,1285.70,1285.70,1285.70,1285.70,0
1788947400000000000,1285.70,1285.70,1285.70,1285.70,0
1788947460000000000,1285.70,1285.70,1285.70,1285.70,0
1788947520000000000,1285.70,1285.70,1285.70,1285.70,0
1788947580000000000,1285.70,1285.70,1285.70,1285.70,0
1788947640000000000,1285.70,1285.70,1285.70,1285.70,0
1788947700000000000,1285.70,1285.70,1285.70,1285.70,0
1788947760000000000,1285.70,1285.70,1285.70,1285.70,0
1788947820000000000,1285.70,1285.70,1285.70,1285.70,0
1788947880000000000,1279.00,1279.00,1279.00,1279.00,650056
1788947940000000000,1279.00,1279.00,1279.00,1279.00,0
1789011900000000000,1278.50,1285.30,1278.50,1283.80,149743
1789011960000000000,1283.80,1284.20,1281.30,1281.40,47112
1789012020000000000,1281.40,1283.40,1281.20,1282.70,31245
1789012080000000000,1283.00,1284.20,1282.60,1283.90,27751
1789012140000000000,1283.50,1283.90,1283.20,1283.90,25978
1789012200000000000,1284.00,1284.00,1281.10,1281.60,69720
1789012260000000000,1281.60,1283.00,1281.10,1281.90,30637
1789012320000000000,1281.90,1281.90,1278.50,1280.10,79671
1789012380000000000,1280.10,1280.30,1278.60,1279.50,40926
1789012440000000000,1279.50,1281.00,1278.90,1280.80,21404
1789012500000000000,1280.80,1281.00,1278.20,1278.50,35820
1789012560000000000,1278.70,1279.10,1277.50,1278.00,56098
1789012620000000000,1278.20,1279.00,1278.00,1278.60,20982
1789012680000000000,1278.90,1279.40,1277.50,1278.70,40521
1789012740000000000,1278.70,1278.70,1275.10,1276.20,78890
1789012800000000000,1276.00,1276.80,1273.50,1274.80,165213
1789012860000000000,1274.80,1275.00,1272.50,1273.40,64421
1789012920000000000,1273.50,1273.60,1271.10,1273.20,61193
1789012980000000000,1273.50,1275.60,1273.20,1274.60,49854
1789013040000000000,1275.10,1275.50,1273.70,1275.20,28476
1789013100000000000,1275.20,1275.50,1274.00,1274.90,33701
1789013160000000000,1274.90,1275.20,1274.40,1275.20,14114
1789013220000000000,1275.20,1275.30,1274.10,1274.70,17606
1789013280000000000,1274.70,1275.00,1273.50,1274.00,36474
1789013340000000000,1274.00,1274.70,1273.50,1274.50,16077
1789013400000000000,1274.60,1275.40,1272.40,1273.00,59269
1789013460000000000,1273.10,1273.10,1271.00,1271.50,66606
1789013520000000000,1271.80,1273.20,1271.40,1272.70,35809
1789013580000000000,1272.70,1272.80,1270.60,1271.70,87363
1789013640000000000,1271.70,1271.70,1270.00,1270.40,70613
1789013700000000000,1270.40,1270.90,1270.10,1270.90,30996
1789013760000000000,1270.90,1273.70,1270.70,1273.50,30456
1789013820000000000,1273.40,1274.40,1272.00,1274.30,43212
1789013880000000000,1274.10,1274.40,1274.00,1274.30,18663
1789013940000000000,1274.30,1274.30,1273.50,1274.20,13425
1789014000000000000,1274.20,1274.90,1273.70,1274.90,16623
1789014060000000000,1274.90,1276.50,1274.80,1276.30,33354
1789014120000000000,1276.50,1277.10,1276.00,1277.00,28199
1789014180000000000,1277.00,1277.00,1276.10,1276.70,15354
1789014240000000000,1276.70,1276.70,1276.20,1276.60,7729
1789014300000000000,1276.60,1276.70,1275.80,1276.30,12087
1789014360000000000,1276.30,1277.00,1275.80,1276.70,46265
1789014420000000000,1276.80,1277.00,1275.60,1276.00,10735
1789014480000000000,1276.00,1276.30,1275.60,1276.30,8728
1789014540000000000,1276.30,1276.30,1276.00,1276.00,6013
1789014600000000000,1276.10,1276.10,1275.20,1275.70,20625
1789014660000000000,1275.70,1275.80,1275.10,1275.50,7010
1789014720000000000,1275.40,1275.50,1275.10,1275.10,9243
1789014780000000000,1275.20,1275.70,1275.00,1275.40,21061
1789014840000000000,1275.40,1276.00,1275.30,1275.60,16750
1789014900000000000,1275.60,1276.50,1275.40,1275.70,20791
1789014960000000000,1276.00,1276.00,1275.00,1275.00,16769
1789015020000000000,1275.10,1275.30,1274.90,1275.10,24530
1789015080000000000,1275.10,1275.90,1274.80,1274.90,32757
1789015140000000000,1274.90,1275.00,1274.10,1274.70,13965
1789015200000000000,1274.70,1274.70,1274.50,1274.70,8983
1789015260000000000,1274.70,1275.30,1274.50,1275.00,17102
1789015320000000000,1275.00,1275.00,1274.20,1274.40,9394
1789015380000000000,1274.40,1274.90,1274.20,1274.50,8297
1789015440000000000,1274.50,1274.80,1274.40,1274.80,5156
1789015500000000000,1274.80,1275.00,1274.30,1274.80,17004
1789015560000000000,1275.00,1275.20,1274.70,1275.10,22211
1789015620000000000,1275.10,1276.10,1275.00,1275.20,28549
1789015680000000000,1275.20,1275.80,1274.50,1274.60,20101
1789015740000000000,1274.60,1275.10,1274.50,1274.90,2612
1789015800000000000,1274.90,1275.00,1274.70,1274.90,4494
1789015860000000000,1274.90,1275.00,1274.70,1274.90,4058
1789015920000000000,1274.90,1274.90,1274.10,1274.70,8389
1789015980000000000,1274.70,1275.70,1274.40,1275.50,10390
1789016040000000000,1275.50,1275.50,1275.00,1275.20,7390
1789016100000000000,1275.20,1275.60,1274.90,1275.20,6870
1789016160000000000,1275.20,1275.30,1275.00,1275.10,11608
1789016220000000000,1275.10,1275.10,1274.50,1274.90,10670
1789016280000000000,1274.90,1274.90,1274.60,1274.80,3403
1789016340000000000,1274.80,1275.00,1274.70,1275.00,4554
1789016400000000000,1275.00,1275.20,1274.90,1275.20,2819
1789016460000000000,1275.20,1275.50,1274.80,1274.80,12122
1789016520000000000,1274.90,1275.10,1274.80,1275.10,3295
1789016580000000000,1275.10,1275.30,1274.80,1275.00,7714
1789016640000000000,1275.10,1275.20,1274.40,1274.80,8113
1789016700000000000,1274.80,1275.30,1274.50,1275.20,3968
1789016760000000000,1275.20,1275.50,1275.00,1275.20,9269
1789016820000000000,1275.20,1275.50,1274.90,1275.00,8325
1789016880000000000,1275.00,1275.40,1274.70,1275.30,4405
1789016940000000000,1275.40,1275.90,1275.30,1275.70,5933
1789017000000000000,1275.70,1276.20,1275.50,1276.20,12179
1789017060000000000,1276.10,1276.20,1275.10,1275.50,32686
1789017120000000000,1275.60,1275.90,1275.00,1275.40,9852
1789017180000000000,1275.40,1275.70,1275.00,1275.00,9903
1789017240000000000,1275.10,1276.10,1275.10,1276.10,18904
1789017300000000000,1276.10,1276.20,1275.70,1275.70,16082
1789017360000000000,1275.70,1276.00,1275.20,1275.30,12044
1789017420000000000,1275.30,1275.70,1274.50,1275.20,35432
1789017480000000000,1275.20,1275.20,1274.50,1274.70,6978
1789017540000000000,1274.70,1274.70,1274.30,1274.70,5491
1789017600000000000,1274.70,1274.70,1274.00,1274.30,8477
1789017660000000000,1274.30,1274.60,1274.00,1274.50,14765
1789017720000000000,1274.60,1275.00,1274.10,1274.20,13730
1789017780000000000,1274.20,1274.60,1274.00,1274.20,16909
1789017840000000000,1274.30,1274.50,1274.00,1274.10,19747
1789017900000000000,1274.10,1274.10,1273.00,1273.10,17238
1789017960000000000,1273.10,1273.70,1272.60,1273.10,31792
1789018020000000000,1273.00,1273.70,1272.60,1273.70,26347
1789018080000000000,1273.70,1273.70,1272.50,1273.00,11412
1789018140000000000,1273.00,1273.30,1272.90,1273.10,13856
1789018200000000000,1273.30,1273.50,1273.10,1273.50,3796
1789018260000000000,1273.50,1273.70,1273.30,1273.70,3366
1789018320000000000,1273.70,1273.90,1273.20,1273.60,11820
1789018380000000000,1273.60,1273.80,1273.20,1273.20,12625
1789018440000000000,1273.20,1273.80,1273.00,1273.20,20915
1789018500000000000,1273.20,1273.60,1272.90,1273.40,23416
1789018560000000000,1273.40,1273.90,1273.10,1273.90,9643
1789018620000000000,1273.90,1274.00,1273.50,1273.90,6613
1789018680000000000,1274.00,1274.30,1273.40,1273.60,31232
1789018740000000000,1273.60,1274.10,1273.40,1273.40,24259
1789018800000000000,1273.60,1273.70,1273.40,1273.60,4321
1789018860000000000,1273.60,1273.60,1273.20,1273.30,5552
1789018920000000000,1273.20,1273.70,1273.10,1273.40,16763
1789018980000000000,1273.50,1274.20,1273.40,1274.00,10341
1789019040000000000,1274.00,1274.20,1273.40,1274.00,14397
1789019100000000000,1274.00,1274.50,1274.00,1274.00,5900
1789019160000000000,1274.20,1274.20,1273.10,1273.30,17185
1789019220000000000,1273.30,1275.10,1273.00,1274.40,87851
1789019280000000000,1274.40,1274.60,1273.70,1274.00,26050
1789019340000000000,1274.00,1275.10,1273.90,1275.00,52330
1789019400000000000,1275.10,1275.50,1273.30,1273.90,71283
1789019460000000000,1274.20,1274.30,1273.70,1274.10,22648
1789019520000000000,1274.10,1274.60,1273.40,1274.60,8963
1789019580000000000,1274.60,1275.00,1274.30,1274.80,13597
1789019640000000000,1274.90,1275.00,1273.90,1274.00,10060
1789019700000000000,1274.10,1274.70,1273.50,1274.00,17041
1789019760000000000,1274.00,1274.30,1273.80,1274.30,5532
1789019820000000000,1274.30,1274.40,1273.70,1273.80,7455
1789019880000000000,1273.80,1274.00,1273.50,1273.70,8478
1789019940000000000,1273.80,1274.50,1273.70,1274.30,15230
1789020000000000000,1274.40,1275.20,1274.20,1275.20,9560
1789020060000000000,1275.20,1275.70,1275.00,1275.10,14008
1789020120000000000,1275.40,1275.40,1273.80,1273.80,17953
1789020180000000000,1273.90,1273.90,1273.00,1273.30,11647
1789020240000000000,1273.30,1273.60,1273.00,1273.60,7403
1789020300000000000,1273.60,1273.80,1273.30,1273.60,4487
1789020360000000000,1273.70,1274.10,1273.60,1273.60,6329
1789020420000000000,1273.70,1273.70,1272.70,1273.00,29651
1789020480000000000,1273.00,1273.20,1272.30,1273.20,14743
1789020540000000000,1273.20,1273.20,1272.50,1272.60,13765
1789020600000000000,1272.60,1273.50,1272.50,1272.60,15391
1789020660000000000,1272.60,1273.90,1272.50,1273.10,94394
1789020720000000000,1273.10,1273.30,1271.30,1271.50,59726
1789020780000000000,1271.50,1271.80,1271.20,1271.80,8790
1789020840000000000,1271.80,1272.60,1271.50,1272.40,5759
1789020900000000000,1272.40,1272.90,1272.20,1272.50,7498
1789020960000000000,1272.50,1272.70,1271.50,1271.80,28685
1789021020000000000,1271.80,1272.60,1271.70,1272.40,26065
1789021080000000000,1272.60,1272.60,1272.20,1272.20,4880
1789021140000000000,1272.30,1272.90,1271.90,1272.60,17955
1789021200000000000,1272.60,1272.90,1272.50,1272.80,2955
1789021260000000000,1272.90,1273.30,1272.80,1273.20,3957
1789021320000000000,1273.20,1273.80,1273.10,1273.50,10517
1789021380000000000,1273.50,1274.10,1273.10,1273.90,14322
1789021440000000000,1273.90,1274.30,1273.60,1274.30,9680
1789021500000000000,1274.30,1274.30,1273.20,1273.40,49236
1789021560000000000,1273.40,1273.40,1271.70,1271.90,88481
1789021620000000000,1271.90,1272.60,1271.80,1272.30,9289
1789021680000000000,1272.40,1272.60,1272.10,1272.40,5923
1789021740000000000,1272.40,1273.80,1272.30,1273.70,20440
1789021800000000000,1273.70,1274.50,1273.50,1274.40,17728
1789021860000000000,1274.50,1274.50,1273.00,1274.00,49361
1789021920000000000,1274.00,1274.00,1273.30,1273.50,7031
1789021980000000000,1273.60,1273.80,1273.20,1273.20,9764
1789022040000000000,1273.30,1273.90,1273.10,1273.50,24612
1789022100000000000,1273.50,1273.90,1273.40,1273.70,7031
1789022160000000000,1273.80,1274.20,1273.30,1273.50,15066
1789022220000000000,1273.60,1273.90,1273.20,1273.90,15982
1789022280000000000,1273.80,1273.80,1273.40,1273.40,2878
1789022340000000000,1273.60,1273.80,1273.10,1273.80,9347
1789022400000000000,1273.80,1274.20,1273.70,1273.90,20199
1789022460000000000,1273.90,1276.20,1273.70,1276.00,62377
1789022520000000000,1276.10,1277.80,1275.40,1277.10,154213
1789022580000000000,1277.20,1277.50,1276.40,1277.20,71830
1789022640000000000,1277.30,1277.90,1275.50,1275.50,78709
1789022700000000000,1275.80,1276.50,1275.30,1275.60,10328
1789022760000000000,1275.60,1275.80,1275.40,1275.70,11284
1789022820000000000,1275.70,1276.00,1275.40,1275.40,7769
1789022880000000000,1275.50,1276.30,1275.10,1275.30,56434
1789022940000000000,1275.30,1275.40,1275.00,1275.20,4243
1789023000000000000,1275.20,1276.80,1275.20,1276.10,18509
1789023060000000000,1276.10,1276.90,1276.00,1276.80,13054
1789023120000000000,1276.80,1277.60,1276.20,1276.40,70603
1789023180000000000,1276.40,1276.70,1275.30,1276.00,45152
1789023240000000000,1276.00,1276.20,1275.30,1275.80,17912
1789023300000000000,1275.80,1277.10,1275.70,1276.70,43048
1789023360000000000,1276.70,1276.90,1276.30,1276.90,8242
1789023420000000000,1277.00,1277.10,1276.50,1276.70,12409
1789023480000000000,1276.70,1276.80,1276.40,1276.50,4106
1789023540000000000,1276.50,1276.60,1276.40,1276.50,2501
1789023600000000000,1276.50,1277.00,1276.40,1277.00,8071
1789023660000000000,1277.00,1277.20,1275.90,1276.10,23476
1789023720000000000,1276.30,1277.00,1275.70,1275.70,17431
1789023780000000000,1276.20,1276.30,1275.60,1276.20,6007
1789023840000000000,1276.20,1276.40,1275.50,1275.70,7871
1789023900000000000,1275.70,1276.30,1275.50,1276.20,7252
1789023960000000000,1276.20,1276.40,1275.10,1275.10,10870
1789024020000000000,1275.10,1275.70,1274.80,1274.90,12514
1789024080000000000,1275.00,1275.40,1274.70,1275.10,6295
1789024140000000000,1275.10,1275.50,1275.00,1275.10,5457
1789024200000000000,1275.20,1275.50,1275.10,1275.50,6344
1789024260000000000,1275.70,1275.80,1275.00,1275.40,54005
1789024320000000000,1275.40,1276.10,1275.00,1275.70,33878
1789024380000000000,1275.70,1275.70,1275.10,1275.10,21587
1789024440000000000,1275.20,1275.50,1275.00,1275.30,10874
1789024500000000000,1275.30,1275.30,1274.20,1274.70,39783
1789024560000000000,1274.70,1274.90,1273.40,1274.00,33562
1789024620000000000,1274.00,1274.30,1273.00,1274.30,20359
1789024680000000000,1274.30,1275.20,1274.00,1275.20,5197
1789024740000000000,1275.20,1275.50,1274.80,1274.80,9471
1789024800000000000,1274.90,1275.10,1274.40,1275.10,11134
1789024860000000000,1275.10,1275.20,1274.90,1275.20,8018
1789024920000000000,1275.20,1275.30,1275.00,1275.10,7774
1789024980000000000,1275.10,1275.20,1274.90,1275.10,11455
1789025040000000000,1275.20,1275.40,1275.10,1275.40,3733
1789025100000000000,1275.40,1275.40,1275.00,1275.20,9137
1789025160000000000,1275.20,1275.40,1275.00,1275.20,6524
1789025220000000000,1275.20,1275.40,1275.20,1275.30,3186
1789025280000000000,1275.30,1275.40,1273.80,1274.20,70882
1789025340000000000,1274.20,1274.50,1273.60,1273.80,8160
1789025400000000000,1274.00,1274.20,1273.50,1273.70,7851
1789025460000000000,1273.80,1273.90,1272.80,1272.80,41839
1789025520000000000,1272.80,1273.30,1272.70,1273.00,5918
1789025580000000000,1273.30,1273.30,1272.80,1273.00,9099
1789025640000000000,1273.00,1273.80,1272.90,1273.60,23631
1789025700000000000,1273.60,1274.00,1273.00,1273.20,42771
1789025760000000000,1273.70,1273.70,1272.30,1273.00,40459
1789025820000000000,1273.30,1273.40,1272.40,1272.70,10137
1789025880000000000,1272.70,1273.20,1272.60,1273.00,5878
1789025940000000000,1273.20,1273.50,1273.00,1273.20,13832
1789026000000000000,1273.20,1273.40,1273.00,1273.40,15324
1789026060000000000,1273.40,1274.00,1273.30,1273.80,17324
1789026120000000000,1273.80,1274.00,1273.30,1273.50,18927
1789026180000000000,1273.50,1273.60,1273.40,1273.60,4664
1789026240000000000,1273.60,1274.10,1273.40,1273.90,17998
1789026300000000000,1274.00,1274.50,1273.20,1273.70,25544
1789026360000000000,1274.00,1274.00,1273.10,1273.40,5973
1789026420000000000,1273.40,1273.60,1273.30,1273.50,3937
1789026480000000000,1273.60,1274.00,1273.40,1273.60,6777
1789026540000000000,1273.60,1274.00,1273.30,1273.40,16501
1789026600000000000,1273.60,1274.00,1273.00,1273.10,14457
1789026660000000000,1273.40,1273.60,1273.00,1273.60,6443
1789026720000000000,1273.60,1273.80,1273.30,1273.60,4537
1789026780000000000,1273.60,1273.70,1273.30,1273.70,3665
1789026840000000000,1273.70,1273.70,1273.40,1273.60,4792
1789026900000000000,1273.60,1274.30,1273.30,1274.10,28935
1789026960000000000,1274.10,1274.30,1273.60,1273.70,10119
1789027020000000000,1273.70,1274.10,1273.60,1273.80,22456
1789027080000000000,1273.80,1274.20,1273.50,1274.10,12273
1789027140000000000,1274.10,1274.10,1273.40,1273.70,78308
1789027200000000000,1273.70,1273.90,1273.20,1273.50,8151
1789027260000000000,1273.50,1274.10,1273.20,1273.60,46847
1789027320000000000,1273.60,1274.30,1273.40,1273.50,36884
1789027380000000000,1273.50,1273.70,1273.10,1273.50,9059
1789027440000000000,1273.50,1273.60,1273.00,1273.10,9248
1789027500000000000,1273.10,1273.50,1273.00,1273.40,4236
1789027560000000000,1273.40,1273.60,1273.30,1273.40,3220
1789027620000000000,1273.50,1273.80,1273.40,1273.50,6851
1789027680000000000,1273.60,1273.90,1273.50,1273.90,4773
1789027740000000000,1273.90,1274.00,1273.50,1273.50,12411
1789027800000000000,1273.80,1274.20,1273.50,1273.50,15443
1789027860000000000,1273.50,1274.20,1273.40,1273.50,15037
1789027920000000000,1273.60,1273.90,1273.40,1273.50,18147
1789027980000000000,1273.50,1273.80,1273.10,1273.70,14838
1789028040000000000,1273.70,1273.80,1273.50,1273.80,4046
1789028100000000000,1273.80,1273.80,1272.90,1272.90,17515
1789028160000000000,1272.90,1273.20,1272.80,1273.10,5419
1789028220000000000,1273.10,1273.20,1272.60,1273.00,7257
1789028280000000000,1273.00,1273.10,1272.50,1273.00,10273
1789028340000000000,1273.00,1273.10,1272.80,1273.10,3342
1789028400000000000,1273.10,1273.40,1273.00,1273.40,3628
1789028460000000000,1273.40,1273.40,1273.10,1273.20,8516
1789028520000000000,1273.20,1273.50,1273.20,1273.40,8333
1789028580000000000,1273.40,1273.50,1273.10,1273.30,5348
1789028640000000000,1273.40,1273.50,1273.00,1273.10,15488
1789028700000000000,1273.10,1273.10,1272.10,1272.30,61065
1789028760000000000,1272.30,1272.70,1272.20,1272.70,9087
1789028820000000000,1272.60,1272.80,1272.30,1272.70,6478
1789028880000000000,1272.70,1272.80,1272.50,1272.60,4188
1789028940000000000,1272.70,1273.20,1272.60,1273.20,15263
1789029000000000000,1273.10,1273.20,1272.60,1273.00,8951
1789029060000000000,1273.10,1273.20,1272.30,1272.60,8923
1789029120000000000,1272.60,1272.70,1272.30,1272.50,8556
1789029180000000000,1272.60,1272.60,1271.50,1271.70,45625
1789029240000000000,1271.50,1271.90,1271.40,1271.50,22657
1789029300000000000,1271.50,1272.00,1271.10,1271.70,21720
1789029360000000000,1271.70,1272.00,1271.00,1271.10,26737
1789029420000000000,1271.10,1271.60,1270.60,1271.20,60048
1789029480000000000,1271.30,1271.50,1270.70,1271.20,12457
1789029540000000000,1271.20,1271.40,1270.90,1271.00,10811
1789029600000000000,1271.00,1271.00,1270.50,1270.80,16257
1789029660000000000,1270.80,1271.00,1270.60,1270.90,9855
1789029720000000000,1271.00,1271.50,1270.90,1271.20,9687
1789029780000000000,1271.40,1271.40,1270.70,1271.10,18885
1789029840000000000,1271.10,1271.10,1270.60,1270.80,10815
1789029900000000000,1270.80,1271.00,1270.50,1270.50,16166
1789029960000000000,1270.70,1271.20,1270.60,1271.20,10314
1789030020000000000,1271.20,1271.40,1270.50,1271.00,19074
1789030080000000000,1271.00,1271.20,1270.90,1271.20,5875
1789030140000000000,1271.20,1271.20,1271.00,1271.20,6571
1789030200000000000,1271.20,1271.30,1271.10,1271.30,13159
1789030260000000000,1271.30,1271.90,1271.20,1271.80,18791
1789030320000000000,1271.90,1272.10,1271.50,1271.70,9021
1789030380000000000,1271.70,1271.80,1271.30,1271.50,11842
1789030440000000000,1271.50,1272.00,1271.40,1272.00,7337
1789030500000000000,1272.00,1272.00,1271.90,1272.00,6554
1789030560000000000,1272.00,1272.20,1271.50,1272.10,11680
1789030620000000000,1272.10,1272.90,1272.00,1272.80,12819
1789030680000000000,1272.80,1272.90,1270.80,1271.30,126605
1789030740000000000,1271.30,1271.40,1271.00,1271.40,5908
1789030800000000000,1271.40,1271.80,1271.00,1271.30,11486
1789030860000000000,1271.40,1271.50,1271.00,1271.20,6092
1789030920000000000,1271.40,1271.40,1270.70,1270.80,19783
1789030980000000000,1270.80,1271.10,1270.50,1270.90,15000
1789031040000000000,1271.00,1271.40,1270.80,1271.20,7314
1789031100000000000,1271.20,1271.30,1270.70,1271.20,10539
1789031160000000000,1271.20,1271.30,1270.60,1270.90,20440
1789031220000000000,1270.90,1271.10,1270.50,1270.60,17832
1789031280000000000,1270.60,1270.70,1270.00,1270.50,73116
1789031340000000000,1270.50,1270.60,1270.00,1270.30,57503
1789031400000000000,1270.50,1270.60,1269.00,1269.80,141252
1789031460000000000,1269.80,1269.90,1269.10,1269.70,25444
1789031520000000000,1269.50,1269.70,1269.10,1269.60,12095
1789031580000000000,1269.60,1269.60,1269.00,1269.30,19900
1789031640000000000,1269.30,1269.30,1269.00,1269.30,15849
1789031700000000000,1269.30,1270.00,1269.10,1269.50,39277
1789031760000000000,1269.50,1269.80,1269.30,1269.80,18341
1789031820000000000,1269.80,1270.10,1269.60,1269.70,17350
1789031880000000000,1269.80,1269.80,1269.30,1269.60,22304
1789031940000000000,1269.60,1269.90,1269.50,1269.80,23023
1789032000000000000,1269.80,1271.20,1269.80,1271.20,42609
1789032060000000000,1271.20,1271.60,1271.00,1271.40,44094
1789032120000000000,1271.50,1271.60,1270.30,1270.40,35984
1789032180000000000,1270.40,1272.00,1270.10,1271.20,104901
1789032240000000000,1271.20,1271.40,1270.20,1270.30,18754
1789032300000000000,1270.30,1271.00,1270.10,1270.30,30710
1789032360000000000,1270.40,1271.00,1270.30,1270.90,41496
1789032420000000000,1270.90,1270.90,1270.50,1270.60,22123
1789032480000000000,1270.60,1270.60,1269.70,1270.10,55826
1789032540000000000,1270.10,1270.20,1269.60,1270.00,71953
1789032600000000000,1269.90,1270.00,1269.00,1269.20,72475
1789032660000000000,1269.10,1269.40,1268.50,1269.40,37480
1789032720000000000,1269.30,1269.80,1268.40,1269.20,77954
1789032780000000000,1269.60,1269.80,1269.00,1269.30,49419
1789032840000000000,1269.20,1269.50,1268.50,1269.20,49321
1789032900000000000,1269.10,1269.70,1269.00,1269.50,56598
1789032960000000000,1269.40,1269.50,1267.50,1267.70,109862
1789033020000000000,1267.70,1268.00,1267.20,1267.80,75574
1789033080000000000,1267.70,1267.90,1267.20,1267.40,53803
1789033140000000000,1267.40,1267.40,1267.10,1267.10,68105
1789033200000000000,1267.10,1267.40,1267.10,1267.30,73705
1789033260000000000,1267.30,1267.40,1267.00,1267.20,65070
1789033320000000000,1267.20,1268.00,1266.30,1267.80,125807
1789033380000000000,1267.80,1270.90,1267.20,1268.50,82646
1789033440000000000,1268.50,1269.00,1267.20,1268.70,43060
1789033500000000000,1268.70,1268.70,1268.70,1268.70,0
1789033560000000000,1268.70,1268.70,1268.70,1268.70,0
1789033620000000000,1268.70,1268.70,1268.70,1268.70,0
1789033680000000000,1268.70,1268.70,1268.70,1268.70,0
1789033740000000000,1268.70,1268.70,1268.70,1268.70,0
1789033800000000000,1268.70,1268.70,1268.70,1268.70,0
1789033860000000000,1268.70,1268.70,1268.70,1268.70,0
1789033920000000000,1268.70,1268.70,1268.70,1268.70,0
1789033980000000000,1268.70,1268.70,1268.70,1268.70,0
1789034040000000000,1268.70,1268.70,1268.70,1268.70,0
1789034100000000000,1268.70,1268.70,1268.70,1268.70,0
1789034160000000000,1268.70,1268.70,1268.70,1268.70,0
1789034220000000000,1268.70,1268.70,1268.70,1268.70,0
1789034280000000000,1268.70,1268.70,1268.70,1268.70,0
1789034340000000000,1274.00,1274.00,1274.00,1274.00,508879
1789098300000000000,1267.00,1267.40,1261.50,1262.40,280555
1789098360000000000,1262.40,1264.80,1262.00,1263.20,73478
1789098420000000000,1263.70,1264.70,1263.30,1264.10,32531
1789098480000000000,1263.80,1266.70,1263.50,1265.70,45742
1789098540000000000,1265.70,1266.30,1263.70,1264.00,33591
1789098600000000000,1264.00,1264.50,1263.50,1264.50,19845
1789098660000000000,1264.10,1264.50,1263.50,1263.80,22003
1789098720000000000,1263.80,1264.40,1263.50,1264.00,15525
1789098780000000000,1264.00,1264.10,1263.00,1263.40,25069
1789098840000000000,1263.20,1263.60,1262.40,1263.30,40240
1789098900000000000,1263.30,1263.50,1262.50,1263.50,28450
1789098960000000000,1263.50,1263.50,1262.00,1262.30,21536
1789099020000000000,1262.20,1262.50,1262.00,1262.30,22041
1789099080000000000,1262.30,1262.40,1261.60,1262.00,30812
1789099140000000000,1262.00,1262.60,1262.00,1262.30,14388
1789099200000000000,1262.30,1262.50,1261.20,1261.40,34339
1789099260000000000,1261.40,1261.60,1260.50,1261.30,70441
1789099320000000000,1261.30,1261.50,1259.00,1259.50,124235
1789099380000000000,1259.50,1260.20,1258.70,1259.30,44896
1789099440000000000,1259.30,1260.00,1259.00,1259.90,21047
1789099500000000000,1259.90,1260.00,1259.50,1260.00,18934
1789099560000000000,1259.90,1260.80,1259.70,1260.00,38729
1789099620000000000,1259.90,1260.00,1258.20,1259.20,43684
1789099680000000000,1259.20,1259.90,1258.50,1259.10,42024
1789099740000000000,1259.00,1259.80,1259.00,1259.40,13266
1789099800000000000,1259.40,1259.70,1259.00,1259.50,17781
1789099860000000000,1259.50,1259.60,1259.10,1259.30,10181
1789099920000000000,1259.20,1259.50,1258.50,1259.40,49631
1789099980000000000,1259.40,1259.90,1259.10,1259.90,13640
1789100040000000000,1259.90,1260.00,1259.00,1259.20,16055
1789100100000000000,1259.10,1259.70,1259.00,1259.70,16193
1789100160000000000,1259.70,1260.00,1259.20,1259.50,19693
1789100220000000000,1259.50,1260.00,1259.50,1259.70,13394
1789100280000000000,1259.50,1260.00,1259.40,1259.90,12624
1789100340000000000,1259.90,1260.10,1259.20,1259.90,73695
1789100400000000000,1259.90,1260.00,1259.40,1259.80,13609
1789100460000000000,1259.80,1259.90,1259.50,1259.70,7302
1789100520000000000,1259.70,1260.00,1259.50,1259.90,13672
1789100580000000000,1259.90,1260.00,1259.20,1259.50,13687
1789100640000000000,1259.20,1259.90,1259.20,1259.50,11178
1789100700000000000,1259.50,1259.80,1259.30,1259.60,8253
1789100760000000000,1259.60,1260.00,1259.50,1259.70,22922
1789100820000000000,1259.60,1260.00,1259.40,1259.80,12147
1789100880000000000,1259.80,1260.00,1259.10,1259.80,15150
1789100940000000000,1259.80,1259.90,1259.20,1259.80,16279
1789101000000000000,1259.70,1259.90,1258.30,1258.50,31482
1789101060000000000,1258.60,1259.30,1258.50,1259.30,16341
1789101120000000000,1259.30,1259.50,1258.60,1259.30,19112
1789101180000000000,1259.20,1259.80,1259.00,1259.80,10537
1789101240000000000,1259.80,1259.80,1259.30,1259.50,8924
1789101300000000000,1259.50,1259.50,1258.50,1258.80,40890
1789101360000000000,1258.70,1259.20,1258.50,1259.20,24255
1789101420000000000,1259.20,1259.60,1259.00,1259.40,9559
1789101480000000000,1259.40,1259.80,1259.00,1259.00,13951
1789101540000000000,1259.10,1259.30,1258.50,1259.10,15763
1789101600000000000,1259.10,1259.30,1258.60,1259.30,10064
1789101660000000000,1259.30,1259.80,1259.20,1259.60,7091
1789101720000000000,1259.50,1259.80,1259.00,1259.50,13550
1789101780000000000,1259.50,1259.80,1259.10,1259.70,6873
1789101840000000000,1259.70,1260.00,1259.20,1259.70,14482
1789101900000000000,1259.60,1259.90,1258.50,1259.10,24539
1789101960000000000,1259.10,1259.40,1258.40,1258.80,31475
1789102020000000000,1258.80,1259.30,1258.50,1259.00,10847
1789102080000000000,1258.80,1259.40,1258.60,1259.10,9692
1789102140000000000,1259.10,1259.50,1258.50,1258.80,23093
1789102200000000000,1258.80,1258.90,1256.70,1256.90,111058
1789102260000000000,1256.80,1258.10,1256.50,1258.10,14800
1789102320000000000,1258.10,1259.10,1257.80,1259.10,18187
1789102380000000000,1259.10,1259.30,1258.50,1258.70,11355
1789102440000000000,1258.40,1258.80,1258.10,1258.40,8160
1789102500000000000,1258.40,1258.60,1258.10,1258.40,9054
1789102560000000000,1258.40,1258.50,1257.20,1257.80,21412
1789102620000000000,1257.70,1257.90,1257.50,1257.80,8054
1789102680000000000,1257.80,1257.90,1256.60,1257.30,23785
1789102740000000000,1257.30,1257.60,1256.50,1256.70,16012
1789102800000000000,1256.50,1256.70,1255.40,1256.10,47042
1789102860000000000,1256.10,1257.00,1256.10,1256.90,17402
1789102920000000000,1256.90,1257.30,1256.40,1256.60,12924
1789102980000000000,1256.50,1257.00,1255.50,1256.00,106899
1789103040000000000,1256.00,1257.20,1255.60,1256.90,33648
1789103100000000000,1256.90,1257.00,1256.20,1256.90,10247
1789103160000000000,1256.80,1257.20,1256.70,1257.00,10932
1789103220000000000,1257.00,1257.40,1256.50,1256.60,9642
1789103280000000000,1256.60,1257.00,1256.50,1256.90,6990
1789103340000000000,1256.70,1257.00,1256.50,1256.80,9578
1789103400000000000,1256.80,1256.90,1256.00,1256.00,24826
1789103460000000000,1256.00,1256.00,1254.40,1255.00,129974
1789103520000000000,1254.80,1255.10,1254.10,1254.90,31786
1789103580000000000,1254.90,1255.00,1254.00,1254.70,36259
1789103640000000000,1254.70,1255.00,1254.60,1255.00,23522
1789103700000000000,1254.90,1255.70,1254.40,1254.80,99491
1789103760000000000,1254.80,1255.00,1254.50,1255.00,6079
1789103820000000000,1255.00,1255.40,1254.40,1254.90,25185
1789103880000000000,1254.50,1254.90,1254.20,1254.60,10644
1789103940000000000,1254.60,1255.00,1254.30,1254.90,17526
1789104000000000000,1254.90,1255.20,1254.20,1254.60,27100
1789104060000000000,1254.60,1254.80,1254.20,1254.70,9642
1789104120000000000,1254.70,1254.70,1253.00,1253.70,79174
1789104180000000000,1253.70,1253.90,1253.60,1253.70,10565
1789104240000000000,1253.60,1254.40,1253.60,1254.40,12262
1789104300000000000,1254.40,1254.70,1254.30,1254.70,7553
1789104360000000000,1254.50,1254.80,1254.30,1254.50,9897
1789104420000000000,1254.50,1254.80,1254.40,1254.50,8684
1789104480000000000,1254.50,1254.80,1254.30,1254.70,8111
1789104540000000000,1254.70,1254.90,1254.30,1254.40,10017
1789104600000000000,1254.30,1254.90,1254.30,1254.90,8606
1789104660000000000,1254.90,1255.30,1254.70,1255.30,10331
1789104720000000000,1255.30,1255.80,1255.10,1255.30,20620
1789104780000000000,1255.10,1255.40,1254.80,1255.20,13815
1789104840000000000,1255.20,1255.30,1254.80,1255.00,12988
1789104900000000000,1255.00,1255.60,1254.80,1255.60,9855
1789104960000000000,1255.50,1255.90,1255.40,1255.70,7035
1789105020000000000,1255.60,1255.80,1255.20,1255.50,8008
1789105080000000000,1255.50,1256.00,1255.10,1255.60,20425
1789105140000000000,1255.50,1255.70,1255.00,1255.30,9342
1789105200000000000,1255.30,1255.70,1255.00,1255.70,10617
1789105260000000000,1255.70,1255.80,1255.20,1255.40,8570
1789105320000000000,1255.30,1256.20,1255.20,1256.00,13418
1789105380000000000,1255.90,1256.30,1255.50,1256.30,8499
1789105440000000000,1256.30,1257.40,1256.20,1257.20,32147
1789105500000000000,1257.10,1257.20,1256.30,1256.70,22233
1789105560000000000,1256.60,1256.70,1256.00,1256.70,6806
1789105620000000000,1256.70,1257.50,1256.50,1257.50,18325
1789105680000000000,1257.40,1258.10,1256.50,1257.00,46145
1789105740000000000,1257.00,1257.30,1256.50,1257.10,33533
1789105800000000000,1257.10,1257.40,1256.50,1256.60,11726
1789105860000000000,1256.50,1256.90,1256.40,1256.90,8408
1789105920000000000,1256.90,1257.60,1256.80,1257.60,9732
1789105980000000000,1257.60,1258.10,1257.50,1257.90,22320
1789106040000000000,1257.80,1257.90,1257.00,1257.80,11582
1789106100000000000,1257.80,1258.40,1257.50,1257.90,12246
1789106160000000000,1257.90,1258.30,1257.60,1258.00,14915
1789106220000000000,1257.80,1258.50,1257.70,1258.30,19676
1789106280000000000,1258.30,1259.10,1257.90,1258.30,90499
1789106340000000000,1258.30,1258.60,1258.00,1258.30,10555
1789106400000000000,1258.00,1258.30,1257.90,1258.00,7358
1789106460000000000,1258.00,1258.00,1257.60,1257.80,3617
1789106520000000000,1257.90,1258.00,1257.60,1257.80,5836
1789106580000000000,1257.60,1258.20,1257.60,1258.00,7620
1789106640000000000,1258.10,1258.10,1257.70,1258.00,3247
1789106700000000000,1258.00,1258.80,1257.80,1258.80,15442
1789106760000000000,1258.70,1259.50,1258.70,1258.80,16637
1789106820000000000,1259.10,1259.10,1258.70,1258.90,4380
1789106880000000000,1258.90,1259.00,1258.50,1258.90,4471
1789106940000000000,1258.80,1258.90,1258.50,1258.80,4205
1789107000000000000,1258.80,1259.00,1258.50,1259.00,9666
1789107060000000000,1259.00,1259.30,1258.30,1259.10,20265
1789107120000000000,1259.00,1259.10,1258.40,1258.80,6905
1789107180000000000,1258.80,1259.00,1258.30,1258.90,12230
1789107240000000000,1258.90,1259.30,1258.50,1259.30,10559
1789107300000000000,1258.70,1260.00,1258.70,1259.60,67249
1789107360000000000,1259.70,1261.40,1259.40,1260.10,65559
1789107420000000000,1260.60,1260.70,1259.10,1259.80,36124
1789107480000000000,1259.70,1259.80,1258.20,1258.40,9799
1789107540000000000,1258.40,1258.70,1258.10,1258.60,6922
1789107600000000000,1258.60,1258.60,1257.80,1258.50,18198
1789107660000000000,1258.20,1258.80,1258.20,1258.50,8261
1789107720000000000,1258.70,1258.80,1258.10,1258.10,6425
1789107780000000000,1258.30,1258.30,1257.80,1258.10,6891
1789107840000000000,1258.00,1258.30,1258.00,1258.30,3013
1789107900000000000,1258.30,1258.30,1257.80,1258.30,6279
1789107960000000000,1258.30,1258.50,1257.90,1258.50,5355
1789108020000000000,1258.10,1258.70,1258.00,1258.50,16498
1789108080000000000,1258.50,1258.50,1258.10,1258.40,8171
1789108140000000000,1258.40,1258.80,1258.20,1258.80,7950
1789108200000000000,1258.60,1258.80,1258.30,1258.50,7413
1789108260000000000,1258.50,1258.60,1258.30,1258.60,3789
1789108320000000000,1258.60,1258.60,1258.00,1258.10,3576
1789108380000000000,1258.10,1258.50,1258.10,1258.50,6245
1789108440000000000,1258.50,1258.90,1258.10,1258.60,15181
1789108500000000000,1258.60,1259.00,1258.50,1258.70,7628
1789108560000000000,1258.70,1259.80,1258.70,1259.40,11342
1789108620000000000,1259.40,1259.40,1258.80,1259.20,6621
1789108680000000000,1259.20,1259.70,1259.00,1259.20,10270
1789108740000000000,1259.10,1259.30,1258.40,1258.70,8815
1789108800000000000,1258.70,1258.70,1258.00,1258.30,4799
1789108860000000000,1258.30,1258.40,1258.00,1258.30,7235
1789108920000000000,1258.00,1258.30,1257.00,1257.40,22216
1789108980000000000,1257.40,1257.60,1256.70,1257.50,15350
1789109040000000000,1257.50,1257.80,1257.00,1257.80,7112
1789109100000000000,1257.60,1258.20,1257.60,1257.70,4757
1789109160000000000,1257.70,1258.00,1257.60,1258.00,6021
1789109220000000000,1257.90,1258.30,1257.80,1258.00,8308
1789109280000000000,1257.90,1258.30,1257.80,1258.20,5932
1789109340000000000,1258.20,1258.50,1258.10,1258.40,6560
1789109400000000000,1258.40,1258.40,1257.70,1257.70,6803
1789109460000000000,1257.70,1258.10,1257.50,1257.80,4282
1789109520000000000,1257.80,1258.00,1257.30,1257.60,7544
1789109580000000000,1257.90,1258.10,1257.60,1258.00,7903
1789109640000000000,1257.90,1258.20,1257.90,1258.00,5445
1789109700000000000,1258.00,1258.10,1257.60,1258.00,6079
1789109760000000000,1258.00,1258.20,1257.60,1258.20,16129
1789109820000000000,1258.00,1258.20,1257.00,1257.60,39308
1789109880000000000,1257.60,1257.70,1257.30,1257.60,4374
1789109940000000000,1257.70,1257.70,1257.50,1257.50,4004
1789110000000000000,1257.50,1257.70,1257.10,1257.50,9141
1789110060000000000,1257.50,1257.80,1257.40,1257.40,4559
1789110120000000000,1257.60,1258.30,1257.40,1258.20,18061
1789110180000000000,1258.10,1258.20,1257.10,1257.10,8540
1789110240000000000,1257.30,1257.50,1257.10,1257.30,5326
1789110300000000000,1257.30,1257.40,1257.00,1257.20,6409
1789110360000000000,1257.10,1257.50,1257.10,1257.40,5067
1789110420000000000,1257.40,1257.50,1257.00,1257.00,19717
1789110480000000000,1257.20,1257.60,1256.50,1257.00,21617
1789110540000000000,1256.90,1257.50,1256.60,1257.10,8840
1789110600000000000,1257.50,1257.50,1256.70,1257.20,6457
1789110660000000000,1257.20,1257.60,1256.90,1257.50,7006
1789110720000000000,1257.30,1258.00,1257.30,1257.80,12904
1789110780000000000,1258.00,1258.00,1257.60,1257.80,11966
1789110840000000000,1257.80,1257.90,1257.00,1257.40,8117
1789110900000000000,1257.20,1257.40,1256.30,1256.30,13934
1789110960000000000,1256.80,1256.80,1256.10,1256.40,19545
1789111020000000000,1256.40,1256.90,1256.10,1256.50,16135
1789111080000000000,1256.50,1257.70,1256.50,1257.60,9399
1789111140000000000,1257.60,1257.90,1257.00,1257.30,12547
1789111200000000000,1257.30,1257.30,1257.00,1257.20,4348
1789111260000000000,1257.20,1257.60,1257.10,1257.20,8539
1789111320000000000,1257.20,1257.70,1257.10,1257.60,9481
1789111380000000000,1257.60,1257.70,1257.20,1257.60,6154
1789111440000000000,1257.50,1257.80,1257.50,1257.60,2839
1789111500000000000,1257.70,1258.00,1257.60,1257.70,11200
1789111560000000000,1257.70,1258.00,1257.70,1258.00,14186
1789111620000000000,1257.90,1258.00,1257.00,1257.50,14745
1789111680000000000,1257.50,1258.20,1257.10,1258.00,17875
1789111740000000000,1258.00,1258.20,1257.10,1257.40,16404
1789111800000000000,1257.10,1257.50,1257.00,1257.00,6596
1789111860000000000,1257.20,1257.50,1257.00,1257.50,12594
1789111920000000000,1257.50,1257.50,1257.00,1257.30,16325
1789111980000000000,1257.00,1257.30,1256.10,1256.30,18336
1789112040000000000,1256.20,1256.20,1256.00,1256.20,20349
1789112100000000000,1256.20,1256.20,1255.50,1255.60,29809
1789112160000000000,1255.50,1256.00,1255.00,1255.90,20928
1789112220000000000,1255.90,1256.50,1255.80,1256.40,11695
1789112280000000000,1256.40,1256.70,1256.20,1256.50,19537
1789112340000000000,1256.40,1256.50,1255.50,1255.60,11946
1789112400000000000,1255.60,1255.90,1255.50,1255.80,14671
1789112460000000000,1255.70,1255.70,1255.30,1255.70,25922
1789112520000000000,1255.30,1255.70,1255.10,1255.40,11770
1789112580000000000,1255.50,1256.00,1255.40,1255.80,12074
1789112640000000000,1255.80,1255.90,1255.50,1255.80,7700
1789112700000000000,1255.70,1255.80,1255.10,1255.20,15783
1789112760000000000,1255.20,1255.20,1255.10,1255.20,10390
1789112820000000000,1255.20,1255.30,1255.10,1255.10,7784
1789112880000000000,1255.10,1255.60,1255.10,1255.20,15789
1789112940000000000,1255.50,1255.50,1255.00,1255.20,32202
1789113000000000000,1255.20,1255.40,1254.90,1255.00,46446
1789113060000000000,1255.00,1255.20,1254.80,1255.00,9531
1789113120000000000,1255.00,1255.10,1254.80,1255.00,7893
1789113180000000000,1255.00,1255.40,1254.90,1254.90,10238
1789113240000000000,1254.90,1255.50,1254.90,1255.30,14777
1789113300000000000,1255.30,1255.40,1254.90,1255.20,14211
1789113360000000000,1255.20,1255.60,1255.00,1255.50,8167
1789113420000000000,1255.40,1255.80,1255.00,1255.40,75893
1789113480000000000,1255.40,1255.50,1255.00,1255.30,12886
1789113540000000000,1255.30,1255.40,1255.00,1255.20,23545
1789113600000000000,1255.10,1255.40,1255.00,1255.10,15381
1789113660000000000,1255.10,1255.30,1254.90,1255.20,12585
1789113720000000000,1255.20,1255.50,1255.00,1255.50,15026
1789113780000000000,1255.40,1255.70,1255.20,1255.60,15126
1789113840000000000,1255.60,1256.10,1255.10,1255.70,64515
1789113900000000000,1255.70,1255.90,1255.10,1255.20,33433
1789113960000000000,1255.70,1255.70,1255.00,1255.30,51923
1789114020000000000,1255.50,1255.90,1255.10,1255.80,18668
1789114080000000000,1255.80,1256.30,1255.40,1256.10,26372
1789114140000000000,1255.70,1256.50,1255.50,1255.70,29223
1789114200000000000,1255.70,1257.40,1255.60,1256.60,85620
1789114260000000000,1256.90,1257.00,1255.50,1255.70,24492
1789114320000000000,1255.50,1256.50,1255.50,1256.40,11472
1789114380000000000,1256.40,1256.50,1255.50,1256.00,11565
1789114440000000000,1256.00,1256.20,1255.60,1256.10,8317
1789114500000000000,1256.00,1256.40,1255.60,1256.00,7599
1789114560000000000,1256.00,1256.30,1255.40,1255.80,14919
1789114620000000000,1255.80,1256.20,1255.80,1255.80,6416
1789114680000000000,1255.70,1255.90,1255.10,1255.50,15377
1789114740000000000,1255.50,1255.80,1255.20,1255.80,12444
1789114800000000000,1255.80,1256.50,1255.50,1256.50,21776
1789114860000000000,1256.50,1257.30,1256.10,1257.30,75484
1789114920000000000,1257.20,1257.20,1256.10,1256.80,21564
1789114980000000000,1256.80,1257.00,1256.20,1257.00,8644
1789115040000000000,1256.60,1258.60,1256.60,1258.10,45327
1789115100000000000,1258.00,1259.00,1257.50,1259.00,37538
1789115160000000000,1259.00,1259.00,1258.50,1258.80,12598
1789115220000000000,1258.70,1259.50,1258.70,1259.40,75958
1789115280000000000,1259.50,1259.90,1259.00,1259.20,23789
1789115340000000000,1259.20,1259.40,1259.00,1259.10,8712
1789115400000000000,1259.10,1260.50,1258.80,1259.90,48180
1789115460000000000,1260.40,1260.70,1260.00,1260.00,26570
1789115520000000000,1260.40,1261.90,1260.10,1261.80,49909
1789115580000000000,1261.30,1263.60,1261.30,1263.00,77971
1789115640000000000,1263.00,1263.90,1262.80,1263.30,50818
1789115700000000000,1263.30,1263.40,1261.70,1262.00,32082
1789115760000000000,1261.70,1262.30,1261.00,1261.10,27206
1789115820000000000,1261.80,1262.50,1261.50,1262.30,28188
1789115880000000000,1262.50,1263.40,1262.30,1262.90,30923
1789115940000000000,1262.40,1263.30,1262.30,1263.20,41268
1789116000000000000,1263.20,1263.40,1263.00,1263.20,15008
1789116060000000000,1263.20,1263.40,1262.50,1263.10,24364
1789116120000000000,1263.10,1263.70,1263.10,1263.50,24697
1789116180000000000,1263.50,1263.90,1262.80,1262.80,17551
1789116240000000000,1262.90,1263.00,1262.10,1262.80,15468
1789116300000000000,1262.60,1263.20,1262.30,1263.20,17703
1789116360000000000,1263.20,1263.50,1262.50,1263.40,12899
1789116420000000000,1263.40,1263.50,1263.00,1263.00,10673
1789116480000000000,1263.10,1263.20,1262.00,1262.40,13718
1789116540000000000,1262.40,1263.50,1262.10,1263.30,12653
1789116600000000000,1263.20,1263.70,1263.00,1263.40,28229
1789116660000000000,1263.40,1263.80,1263.00,1263.80,14935
1789116720000000000,1263.50,1263.90,1263.40,1263.50,12099
1789116780000000000,1263.60,1263.80,1263.20,1263.60,9036
1789116840000000000,1263.20,1264.00,1263.20,1264.00,20677
1789116900000000000,1264.00,1264.30,1263.50,1263.90,24332
1789116960000000000,1263.90,1264.40,1263.10,1264.40,14913
1789117020000000000,1264.40,1264.90,1263.90,1264.80,29186
1789117080000000000,1264.80,1265.30,1264.40,1265.30,62009
1789117140000000000,1265.30,1265.50,1264.70,1265.20,34337
1789117200000000000,1265.20,1265.30,1264.70,1265.20,17566
1789117260000000000,1265.20,1265.50,1264.50,1265.20,21203
1789117320000000000,1265.20,1265.50,1264.50,1265.00,14243
1789117380000000000,1265.00,1265.00,1263.70,1264.40,22066
1789117440000000000,1264.50,1264.70,1263.70,1264.40,17644
1789117500000000000,1264.40,1265.00,1264.10,1265.00,21471
1789117560000000000,1265.00,1265.00,1264.00,1264.30,27767
1789117620000000000,1264.70,1264.70,1263.80,1264.00,12335
1789117680000000000,1264.00,1264.40,1263.20,1263.60,21156
1789117740000000000,1263.70,1264.10,1263.20,1264.00,19478
1789117800000000000,1264.00,1264.20,1263.10,1263.90,15429
1789117860000000000,1263.90,1264.30,1263.40,1263.80,15718
1789117920000000000,1264.00,1264.80,1263.60,1264.80,17015
1789117980000000000,1264.80,1264.80,1264.20,1264.60,11064
1789118040000000000,1264.70,1265.00,1264.20,1264.60,26093
1789118100000000000,1264.70,1264.80,1263.50,1264.20,23411
1789118160000000000,1264.10,1264.30,1263.30,1263.30,15479
1789118220000000000,1263.60,1264.00,1263.10,1263.40,13881
1789118280000000000,1263.40,1263.90,1263.20,1263.20,14126
1789118340000000000,1263.30,1264.00,1263.10,1263.70,32556
1789118400000000000,1263.70,1263.90,1263.10,1263.10,23745
1789118460000000000,1263.40,1263.40,1262.60,1262.80,35714
1789118520000000000,1263.00,1263.00,1262.10,1262.40,28418
1789118580000000000,1262.40,1264.00,1261.80,1262.00,103576
1789118640000000000,1262.40,1264.00,1261.50,1261.60,95746
1789118700000000000,1261.70,1262.00,1261.30,1261.60,33641
1789118760000000000,1261.60,1262.00,1261.50,1261.80,22479
1789118820000000000,1262.00,1263.00,1261.70,1262.30,31827
1789118880000000000,1262.30,1262.90,1262.20,1262.70,11244
1789118940000000000,1262.80,1263.00,1262.60,1263.00,16772
1789119000000000000,1263.00,1263.20,1262.30,1262.70,20625
1789119060000000000,1262.90,1263.30,1262.60,1262.70,25436
1789119120000000000,1262.90,1263.10,1262.20,1262.50,23868
1789119180000000000,1262.80,1262.80,1262.30,1262.30,16024
1789119240000000000,1262.50,1262.50,1261.60,1262.30,21690
1789119300000000000,1262.30,1262.30,1261.50,1261.70,30155
1789119360000000000,1261.80,1262.00,1261.20,1262.00,34229
1789119420000000000,1261.90,1262.00,1261.30,1261.80,22135
1789119480000000000,1261.80,1262.20,1261.60,1262.00,23386
1789119540000000000,1262.00,1263.00,1261.60,1262.90,33768
1789119600000000000,1262.90,1263.70,1262.90,1263.50,41358
1789119660000000000,1263.50,1263.70,1263.00,1263.30,27202
1789119720000000000,1263.30,1264.50,1262.70,1264.00,54045
1789119780000000000,1263.90,1264.00,1263.20,1263.30,35347
1789119840000000000,1263.30,1263.90,1262.10,1263.00,43755
1789119900000000000,1263.00,1263.00,1263.00,1263.00,0
1789119960000000000,1263.00,1263.00,1263.00,1263.00,0
1789120020000000000,1263.00,1263.00,1263.00,1263.00,0
1789120080000000000,1263.00,1263.00,1263.00,1263.00,0
1789120140000000000,1263.00,1263.00,1263.00,1263.00,0
1789120200000000000,1263.00,1263.00,1263.00,1263.00,0
1789120260000000000,1263.00,1263.00,1263.00,1263.00,0
1789120320000000000,1263.00,1263.00,1263.00,1263.00,0
1789120380000000000,1263.00,1263.00,1263.00,1263.00,0
1789120440000000000,1263.00,1263.00,1263.00,1263.00,0
1789120500000000000,1263.00,1263.00,1263.00,1263.00,0
1789120560000000000,1263.00,1263.00,1263.00,1263.00,0
1789120620000000000,1263.00,1263.00,1263.00,1263.00,0
1789120680000000000,1263.00,1263.00,1263.00,1263.00,0
1789120740000000000,1257.50,1257.50,1257.50,1257.50,842771
