timestamp_ns,open,high,low,close,volume
1787888700000000000,1046.00,1048.30,1044.30,1044.80,81166
1787888760000000000,1044.80,1044.80,1043.00,1043.40,30196
1787888820000000000,1043.40,1045.40,1043.10,1045.00,22391
1787888880000000000,1044.90,1045.30,1043.80,1044.60,16156
1787888940000000000,1044.60,1044.70,1043.10,1043.30,16079
1787889000000000000,1043.50,1043.50,1040.80,1041.20,22587
1787889060000000000,1041.20,1042.00,1040.80,1041.50,14288
1787889120000000000,1041.50,1041.80,1040.60,1040.80,26844
1787889180000000000,1040.80,1042.50,1040.50,1042.40,29478
1787889240000000000,1042.50,1043.20,1042.20,1042.80,44227
1787889300000000000,1042.90,1044.40,1042.70,1044.40,54974
1787889360000000000,1044.30,1045.20,1043.90,1045.20,28515
1787889420000000000,1045.10,1046.20,1044.90,1045.70,44800
1787889480000000000,1045.90,1045.90,1044.30,1045.00,19476
1787889540000000000,1044.90,1044.90,1044.30,1044.50,10370
1787889600000000000,1044.60,1044.60,1043.40,1043.90,27378
1787889660000000000,1044.20,1044.50,1043.20,1043.50,13971
1787889720000000000,1043.50,1043.90,1043.20,1043.90,11602
1787889780000000000,1043.80,1044.40,1043.40,1043.70,9652
1787889840000000000,1043.70,1043.80,1043.20,1043.60,12905
1787889900000000000,1043.60,1043.60,1042.80,1043.10,15044
1787889960000000000,1043.20,1043.60,1042.20,1042.50,23725
1787890020000000000,1042.50,1042.50,1041.50,1042.00,20626
1787890080000000000,1042.00,1042.20,1041.80,1042.00,4743
1787890140000000000,1042.00,1042.80,1041.40,1042.50,9121
1787890200000000000,1042.70,1043.20,1041.90,1043.20,8920
1787890260000000000,1043.20,1043.20,1042.60,1043.00,6819
1787890320000000000,1043.00,1043.00,1042.50,1042.90,6078
1787890380000000000,1042.90,1043.30,1042.80,1043.30,6720
1787890440000000000,1043.30,1043.30,1042.50,1042.70,8002
1787890500000000000,1042.80,1043.20,1042.70,1043.20,7398
1787890560000000000,1043.20,1043.50,1043.00,1043.40,6712
1787890620000000000,1043.50,1043.60,1043.20,1043.60,10653
1787890680000000000,1043.50,1043.60,1043.10,1043.30,8389
1787890740000000000,1043.30,1043.50,1043.10,1043.30,3063
1787890800000000000,1043.50,1043.60,1043.30,1043.50,6280
1787890860000000000,1043.60,1043.70,1043.30,1043.60,7953
1787890920000000000,1043.70,1046.70,1043.20,1046.50,49691
1787890980000000000,1046.30,1048.10,1046.30,1047.50,66610
1787891040000000000,1047.50,1048.00,1047.00,1047.60,96974
1787891100000000000,1047.60,1048.40,1047.00,1047.50,119179
1787891160000000000,1047.60,1047.60,1046.10,1046.60,28369
1787891220000000000,1046.60,1047.20,1045.60,1047.10,26341
1787891280000000000,1047.10,1047.10,1046.40,1046.50,4452
1787891340000000000,1046.60,1047.20,1046.50,1047.10,10950
1787891400000000000,1047.20,1047.20,1046.60,1046.60,7470
1787891460000000000,1047.00,1047.00,1046.50,1047.00,7507
1787891520000000000,1047.00,1047.10,1046.70,1047.00,6161
1787891580000000000,1047.00,1047.40,1046.70,1047.40,15327
1787891640000000000,1047.40,1047.90,1047.00,1047.10,6745
1787891700000000000,1047.40,1047.60,1047.10,1047.40,5211
1787891760000000000,1047.40,1047.40,1046.90,1047.00,4789
1787891820000000000,1047.00,1047.90,1046.90,1047.70,11433
1787891880000000000,1047.70,1048.00,1047.50,1047.70,7565
1787891940000000000,1047.90,1048.20,1047.10,1047.30,14012
1787892000000000000,1047.30,1047.90,1047.00,1047.80,14005
1787892060000000000,1047.60,1047.80,1047.50,1047.60,14168
1787892120000000000,1047.80,1048.20,1047.60,1048.00,6756
1787892180000000000,1048.20,1048.70,1048.00,1048.10,20776
1787892240000000000,1048.50,1049.00,1048.40,1048.80,12261
1787892300000000000,1049.00,1050.60,1048.80,1050.10,43549
1787892360000000000,1050.50,1051.00,1050.00,1050.50,27674
1787892420000000000,1050.70,1051.20,1049.30,1049.30,23971
1787892480000000000,1049.40,1049.80,1049.00,1049.40,10964
1787892540000000000,1049.40,1049.50,1048.50,1048.60,11468
1787892600000000000,1049.00,1049.10,1048.30,1048.60,6917
1787892660000000000,1048.80,1048.90,1048.00,1048.30,13243
1787892720000000000,1048.30,1049.00,1047.80,1048.30,10912
1787892780000000000,1048.60,1048.90,1048.20,1048.50,4789
1787892840000000000,1048.90,1049.00,1048.40,1048.70,7523
1787892900000000000,1048.80,1049.10,1048.50,1048.70,6032
1787892960000000000,1048.90,1049.50,1048.40,1049.30,8912
1787893020000000000,1049.30,1049.60,1049.00,1049.00,7864
1787893080000000000,1049.20,1049.50,1048.50,1049.50,6946
1787893140000000000,1049.20,1049.60,1049.10,1049.20,6694
1787893200000000000,1049.50,1049.50,1048.50,1048.50,12356
1787893260000000000,1048.90,1048.90,1048.00,1048.10,8808
1787893320000000000,1048.40,1049.10,1048.10,1048.60,8762
1787893380000000000,1048.70,1049.10,1048.30,1048.60,6509
1787893440000000000,1048.70,1049.30,1048.50,1048.60,11531
1787893500000000000,1048.80,1048.90,1048.00,1048.00,6726
1787893560000000000,1048.10,1049.00,1048.10,1048.40,5929
1787893620000000000,1048.50,1048.90,1048.00,1048.40,10727
1787893680000000000,1048.40,1048.80,1048.10,1048.50,10065
1787893740000000000,1048.70,1049.50,1048.50,1049.00,11546
1787893800000000000,1049.40,1049.50,1049.00,1049.00,10563
1787893860000000000,1049.30,1049.60,1049.00,1049.00,8103
1787893920000000000,1049.20,1049.50,1049.00,1049.40,6542
1787893980000000000,1049.30,1049.40,1048.50,1049.20,12399
1787894040000000000,1049.00,1049.30,1048.30,1048.30,6758
1787894100000000000,1048.80,1049.00,1048.30,1048.70,6618
1787894160000000000,1048.80,1049.30,1048.60,1048.90,5079
1787894220000000000,1049.00,1049.60,1049.00,1049.40,9786
1787894280000000000,1049.40,1049.50,1048.60,1048.70,9373
1787894340000000000,1049.00,1049.40,1048.50,1048.90,5779
1787894400000000000,1049.30,1049.40,1048.90,1049.30,5080
1787894460000000000,1049.20,1049.40,1048.70,1049.00,7545
1787894520000000000,1049.20,1049.50,1048.90,1049.10,7228
1787894580000000000,1049.50,1049.50,1049.00,1049.10,5950
1787894640000000000,1049.40,1049.70,1048.70,1048.70,8069
1787894700000000000,1048.90,1049.00,1048.30,1048.60,24117
1787894760000000000,1048.80,1049.30,1048.20,1049.30,17040
1787894820000000000,1049.00,1049.30,1048.60,1048.80,4971
1787894880000000000,1049.10,1049.40,1048.80,1048.90,3913
1787894940000000000,1049.20,1049.30,1048.80,1048.80,5540
1787895000000000000,1049.00,1049.40,1048.60,1048.80,6275
1787895060000000000,1049.20,1049.30,1048.60,1048.80,6375
1787895120000000000,1048.90,1049.30,1047.50,1047.60,18239
1787895180000000000,1047.60,1048.00,1047.50,1047.50,11321
1787895240000000000,1047.60,1048.40,1047.50,1048.00,8824
1787895300000000000,1048.30,1048.50,1047.90,1048.50,5455
1787895360000000000,1048.40,1048.80,1048.00,1048.10,5910
1787895420000000000,1048.40,1048.80,1047.80,1048.00,10081
1787895480000000000,1048.50,1048.50,1047.80,1047.90,7097
1787895540000000000,1048.00,1048.10,1046.20,1046.60,22610
1787895600000000000,1046.50,1048.20,1046.30,1046.80,32963
1787895660000000000,1047.00,1047.40,1046.60,1046.90,8330
1787895720000000000,1047.30,1048.00,1046.80,1047.60,6157
1787895780000000000,1047.60,1048.40,1047.50,1047.70,6589
1787895840000000000,1047.90,1048.50,1047.20,1047.50,29561
1787895900000000000,1047.50,1047.70,1047.20,1047.60,6120
1787895960000000000,1047.60,1048.00,1047.00,1047.60,8078
1787896020000000000,1047.70,1048.00,1047.00,1047.40,4391
1787896080000000000,1047.40,1047.60,1047.00,1047.60,6514
1787896140000000000,1047.60,1047.60,1047.10,1047.10,4659
1787896200000000000,1047.50,1047.60,1047.10,1047.10,3855
1787896260000000000,1047.50,1047.60,1047.10,1047.20,4610
1787896320000000000,1047.50,1047.60,1046.80,1047.00,7443
1787896380000000000,1047.40,1047.60,1046.80,1046.80,6401
1787896440000000000,1047.10,1047.60,1046.80,1047.10,6234
1787896500000000000,1047.20,1047.70,1047.00,1047.70,3590
1787896560000000000,1047.50,1047.60,1046.70,1046.70,8930
1787896620000000000,1047.00,1047.20,1046.50,1047.20,4269
1787896680000000000,1047.20,1047.30,1046.80,1047.00,5039
1787896740000000000,1047.20,1047.30,1046.30,1046.30,6049
1787896800000000000,1046.80,1046.90,1046.10,1046.90,7685
1787896860000000000,1046.50,1047.20,1046.50,1046.80,4279
1787896920000000000,1047.00,1047.50,1046.80,1047.50,5553
1787896980000000000,1047.30,1047.50,1046.20,1046.50,10937
1787897040000000000,1046.50,1046.80,1046.10,1046.20,5809
1787897100000000000,1046.50,1046.50,1044.60,1044.80,24603
1787897160000000000,1044.90,1045.70,1044.90,1045.30,16948
1787897220000000000,1045.50,1046.30,1045.30,1046.00,7043
1787897280000000000,1046.20,1046.90,1046.00,1046.50,6519
1787897340000000000,1046.50,1046.80,1046.00,1046.10,7691
1787897400000000000,1046.30,1047.00,1046.10,1047.00,4751
1787897460000000000,1046.90,1047.10,1046.50,1046.80,4442
1787897520000000000,1046.80,1046.80,1046.00,1046.00,11437
1787897580000000000,1046.40,1046.50,1046.00,1046.10,4200
1787897640000000000,1046.30,1046.70,1046.10,1046.40,6923
1787897700000000000,1046.60,1046.90,1046.00,1046.40,6707
1787897760000000000,1046.80,1046.90,1046.40,1046.50,5324
1787897820000000000,1046.70,1046.90,1046.20,1046.80,12312
1787897880000000000,1046.80,1047.00,1046.40,1046.90,6865
1787897940000000000,1046.90,1047.20,1046.60,1046.70,7001
1787898000000000000,1047.00,1047.10,1046.70,1047.00,9762
1787898060000000000,1047.00,1047.20,1046.90,1047.00,4016
1787898120000000000,1047.10,1047.50,1046.40,1046.60,22122
1787898180000000000,1046.70,1046.80,1045.60,1045.70,18639
1787898240000000000,1045.90,1046.10,1045.30,1045.50,14239
1787898300000000000,1045.60,1045.70,1045.00,1045.30,10418
1787898360000000000,1045.60,1045.60,1043.60,1043.90,34993
1787898420000000000,1043.90,1044.40,1043.50,1043.80,13266
1787898480000000000,1044.10,1044.80,1043.80,1044.80,9601
1787898540000000000,1044.80,1045.00,1044.20,1044.50,16222
1787898600000000000,1044.50,1045.00,1044.50,1044.70,3869
1787898660000000000,1044.90,1045.00,1044.70,1044.80,13972
1787898720000000000,1045.00,1045.60,1044.60,1045.60,8982
1787898780000000000,1045.60,1045.70,1045.10,1045.10,7556
1787898840000000000,1045.40,1047.00,1045.10,1046.90,18469
1787898900000000000,1046.90,1046.90,1045.90,1046.30,9962
1787898960000000000,1046.30,1046.30,1045.60,1045.80,8669
1787899020000000000,1046.00,1046.00,1045.80,1046.00,4885
1787899080000000000,1046.00,1046.00,1045.80,1046.00,5980
1787899140000000000,1046.00,1046.00,1045.10,1045.50,21460
1787899200000000000,1045.50,1045.70,1045.20,1045.50,8281
1787899260000000000,1045.50,1045.60,1045.20,1045.30,6033
1787899320000000000,1045.30,1045.60,1045.10,1045.20,9018
1787899380000000000,1045.40,1045.60,1045.20,1045.60,5590
1787899440000000000,1045.60,1046.00,1045.50,1045.90,6459
1787899500000000000,1045.90,1046.00,1045.80,1045.90,7993
1787899560000000000,1045.90,1046.00,1045.60,1045.70,9310
1787899620000000000,1045.70,1045.80,1045.40,1045.80,7243
1787899680000000000,1045.80,1046.00,1045.40,1046.00,6834
1787899740000000000,1046.00,1046.00,1045.50,1045.80,5416
1787899800000000000,1045.90,1046.00,1045.90,1045.90,4977
1787899860000000000,1046.00,1046.00,1045.80,1046.00,8691
1787899920000000000,1046.00,1046.00,1045.40,1045.80,6804
1787899980000000000,1045.80,1046.00,1045.70,1045.80,4276
1787900040000000000,1045.80,1045.90,1045.70,1045.70,5264
1787900100000000000,1045.80,1046.00,1045.20,1045.60,8487
1787900160000000000,1045.60,1046.00,1045.30,1045.80,6416
1787900220000000000,1046.00,1046.00,1045.80,1045.90,6982
1787900280000000000,1045.90,1046.00,1045.80,1046.00,4135
1787900340000000000,1046.00,1046.00,1045.80,1046.00,5055
1787900400000000000,1046.00,1046.00,1045.90,1046.00,4983
1787900460000000000,1046.00,1046.00,1045.80,1045.80,7871
1787900520000000000,1045.90,1046.00,1045.30,1045.70,14858
1787900580000000000,1045.70,1045.70,1045.00,1045.20,7014
1787900640000000000,1045.20,1045.70,1045.10,1045.20,3847
1787900700000000000,1045.70,1045.70,1045.20,1045.70,4706
1787900760000000000,1045.60,1045.60,1044.70,1045.10,8462
1787900820000000000,1045.00,1045.30,1044.80,1045.10,7881
1787900880000000000,1045.10,1046.20,1044.80,1046.10,88356
1787900940000000000,1046.20,1046.90,1046.10,1046.50,29669
1787901000000000000,1046.80,1046.90,1046.50,1046.60,4239
1787901060000000000,1046.70,1046.70,1046.60,1046.60,3964
1787901120000000000,1046.70,1047.50,1046.50,1047.20,11460
1787901180000000000,1047.40,1047.70,1047.10,1047.30,9689
1787901240000000000,1047.50,1048.10,1047.00,1047.00,55557
1787901300000000000,1047.10,1047.60,1046.50,1047.50,9181
1787901360000000000,1047.50,1048.50,1047.20,1048.50,136601
1787901420000000000,1048.50,1048.60,1047.20,1047.20,49257
1787901480000000000,1047.30,1047.70,1047.20,1047.60,3807
1787901540000000000,1047.60,1048.00,1047.20,1047.50,6474
1787901600000000000,1047.50,1047.50,1047.00,1047.50,7025
1787901660000000000,1047.60,1047.90,1047.50,1047.50,3374
1787901720000000000,1047.60,1047.80,1046.60,1046.90,14225
1787901780000000000,1047.30,1047.60,1046.90,1047.20,9853
1787901840000000000,1047.60,1047.60,1047.00,1047.20,5228
1787901900000000000,1047.40,1047.60,1047.20,1047.20,4385
1787901960000000000,1047.40,1047.70,1047.20,1047.30,5710
1787902020000000000,1047.60,1047.80,1047.00,1047.00,6402
1787902080000000000,1047.50,1047.60,1047.00,1047.10,4908
1787902140000000000,1047.30,1047.50,1047.10,1047.40,5163
1787902200000000000,1047.40,1047.60,1046.20,1046.20,15785
1787902260000000000,1046.40,1046.60,1046.00,1046.50,14906
1787902320000000000,1046.30,1046.70,1046.10,1046.10,6362
1787902380000000000,1046.30,1046.70,1046.20,1046.50,4139
1787902440000000000,1046.60,1046.70,1046.10,1046.20,4712
1787902500000000000,1046.50,1046.80,1046.20,1046.60,4988
1787902560000000000,1046.60,1046.60,1045.60,1046.40,20462
1787902620000000000,1046.40,1046.80,1046.30,1046.80,4170
1787902680000000000,1046.80,1047.00,1046.10,1046.50,7001
1787902740000000000,1046.30,1046.80,1046.30,1046.80,4040
1787902800000000000,1046.80,1046.80,1045.60,1045.90,10910
1787902860000000000,1045.90,1046.60,1045.70,1046.60,5012
1787902920000000000,1046.60,1046.70,1046.00,1046.40,4384
1787902980000000000,1046.40,1046.70,1046.10,1046.20,5612
1787903040000000000,1046.40,1046.80,1046.20,1046.40,4566
1787903100000000000,1046.60,1046.80,1046.00,1046.30,9311
1787903160000000000,1046.60,1046.80,1046.30,1046.50,5873
1787903220000000000,1046.60,1047.00,1045.40,1046.30,20123
1787903280000000000,1046.30,1046.70,1046.00,1046.20,9660
1787903340000000000,1046.60,1046.90,1046.20,1046.90,5877
1787903400000000000,1046.80,1047.00,1046.40,1046.60,4612
1787903460000000000,1046.90,1047.00,1045.60,1046.20,15716
1787903520000000000,1046.60,1047.00,1046.20,1046.60,5615
1787903580000000000,1047.00,1047.10,1046.20,1046.60,8628
1787903640000000000,1046.90,1047.20,1046.50,1046.70,4274
1787903700000000000,1047.00,1047.00,1046.30,1046.60,5562
1787903760000000000,1046.90,1047.20,1046.60,1046.80,4437
1787903820000000000,1047.00,1047.50,1046.50,1046.90,14487
1787903880000000000,1046.90,1047.20,1046.50,1046.50,10422
1787903940000000000,1046.90,1047.00,1046.20,1046.20,6919
1787904000000000000,1046.30,1046.80,1046.20,1046.50,3911
1787904060000000000,1046.80,1047.10,1046.50,1046.70,6684
1787904120000000000,1047.00,1047.20,1046.60,1047.10,7575
1787904180000000000,1047.10,1047.50,1046.80,1047.30,11896
1787904240000000000,1047.50,1047.50,1047.10,1047.20,5905
1787904300000000000,1047.30,1047.60,1046.90,1046.90,18940
1787904360000000000,1047.20,1047.50,1046.70,1047.00,4592
1787904420000000000,1047.20,1047.80,1047.00,1047.30,4484
1787904480000000000,1047.50,1047.50,1046.50,1046.60,10240
1787904540000000000,1046.70,1047.40,1046.70,1046.70,7136
1787904600000000000,1047.20,1047.90,1046.80,1047.60,5109
1787904660000000000,1047.60,1048.00,1046.90,1046.90,9857
1787904720000000000,1047.20,1047.70,1046.80,1047.60,9827
1787904780000000000,1047.50,1047.70,1047.00,1047.40,15229
1787904840000000000,1047.30,1047.60,1047.10,1047.30,4660
1787904900000000000,1047.50,1047.60,1047.10,1047.30,7082
1787904960000000000,1047.50,1047.60,1046.80,1047.40,5723
1787905020000000000,1047.40,1047.60,1046.50,1046.80,11819
1787905080000000000,1047.20,1047.30,1046.80,1047.00,7295
1787905140000000000,1047.20,1047.30,1045.70,1045.80,17657
1787905200000000000,1045.90,1046.70,1045.80,1046.10,7805
1787905260000000000,1046.30,1046.30,1045.20,1045.50,20909
1787905320000000000,1045.50,1046.40,1045.50,1046.20,5382
1787905380000000000,1046.20,1046.40,1046.00,1046.40,5753
1787905440000000000,1046.40,1046.50,1046.00,1046.10,4591
1787905500000000000,1046.50,1046.60,1045.60,1045.80,7545
1787905560000000000,1045.90,1046.50,1045.80,1046.10,4684
1787905620000000000,1046.50,1047.00,1046.10,1046.70,7801
1787905680000000000,1046.90,1047.00,1046.50,1046.70,15054
1787905740000000000,1047.00,1047.30,1046.70,1046.80,5858
1787905800000000000,1047.20,1047.50,1046.80,1047.30,5434
1787905860000000000,1047.30,1047.50,1046.90,1047.00,6234
1787905920000000000,1047.00,1047.10,1046.90,1047.00,6700
1787905980000000000,1047.10,1047.30,1046.80,1047.00,6494
1787906040000000000,1047.10,1047.20,1046.50,1046.50,5573
1787906100000000000,1046.80,1047.20,1046.10,1046.10,7352
1787906160000000000,1046.30,1046.60,1046.00,1046.00,6679
1787906220000000000,1046.20,1047.00,1046.00,1047.00,6316
1787906280000000000,1046.90,1047.10,1046.50,1046.70,6955
1787906340000000000,1046.70,1047.00,1046.20,1046.50,6737
1787906400000000000,1046.50,1047.00,1046.30,1046.50,6914
1787906460000000000,1046.60,1047.30,1046.50,1047.10,6237
1787906520000000000,1047.20,1047.50,1046.80,1046.90,7208
1787906580000000000,1047.20,1047.30,1046.70,1047.20,5538
1787906640000000000,1047.20,1047.40,1046.80,1047.00,6449
1787906700000000000,1047.10,1047.30,1046.10,1046.30,9460
1787906760000000000,1046.40,1047.00,1046.10,1046.60,5835
1787906820000000000,1047.00,1047.30,1046.60,1046.80,5264
1787906880000000000,1047.20,1047.40,1046.70,1046.80,34696
1787906940000000000,1046.80,1047.00,1046.10,1046.40,9420
1787907000000000000,1046.40,1047.30,1046.30,1047.10,7625
1787907060000000000,1047.00,1047.40,1047.00,1047.20,6310
1787907120000000000,1047.30,1047.30,1046.80,1046.90,13826
1787907180000000000,1047.10,1047.30,1046.60,1046.90,8640
1787907240000000000,1047.00,1047.40,1046.90,1047.40,10408
1787907300000000000,1047.40,1047.50,1046.80,1046.80,14071
1787907360000000000,1047.00,1047.30,1046.60,1046.60,8244
1787907420000000000,1047.00,1047.20,1046.50,1047.00,9726
1787907480000000000,1047.00,1047.00,1046.40,1046.50,8989
1787907540000000000,1046.80,1047.10,1046.50,1046.70,6245
1787907600000000000,1046.90,1047.40,1046.70,1047.00,8647
1787907660000000000,1047.20,1047.50,1046.70,1047.00,11561
1787907720000000000,1047.10,1047.50,1047.00,1047.10,16412
1787907780000000000,1047.10,1047.20,1046.60,1047.00,8689
1787907840000000000,1047.30,1047.80,1047.00,1047.80,10652
1787907900000000000,1047.60,1047.80,1047.50,1047.50,7479
1787907960000000000,1047.60,1047.70,1046.90,1047.20,12487
1787908020000000000,1047.50,1047.70,1046.80,1047.50,11441
1787908080000000000,1047.50,1047.70,1047.00,1047.60,6942
1787908140000000000,1047.80,1047.90,1047.30,1047.50,10282
1787908200000000000,1047.50,1047.60,1046.90,1047.50,7021
1787908260000000000,1047.50,1047.90,1047.30,1047.60,9211
1787908320000000000,1047.60,1047.80,1047.20,1047.60,7083
1787908380000000000,1047.60,1047.90,1047.20,1047.50,6216
1787908440000000000,1047.60,1047.90,1047.50,1047.50,5590
1787908500000000000,1047.60,1047.60,1046.70,1047.00,23922
1787908560000000000,1047.10,1047.20,1046.70,1047.20,8976
1787908620000000000,1047.20,1047.20,1046.70,1046.80,6476
1787908680000000000,1047.00,1047.70,1046.80,1047.40,32092
1787908740000000000,1047.50,1049.40,1047.20,1048.80,158764
1787908800000000000,1049.10,1049.80,1048.20,1049.10,50680
1787908860000000000,1049.10,1049.70,1048.10,1048.20,32370
1787908920000000000,1048.60,1049.00,1048.20,1048.50,10582
1787908980000000000,1048.90,1049.10,1048.10,1048.20,13788
1787909040000000000,1048.60,1049.00,1048.20,1048.80,16555
1787909100000000000,1049.00,1049.20,1048.10,1048.10,10458
1787909160000000000,1048.30,1048.50,1047.40,1047.40,32971
1787909220000000000,1047.50,1048.00,1047.30,1047.50,19150
1787909280000000000,1047.50,1048.00,1047.00,1047.60,30890
1787909340000000000,1047.60,1048.00,1047.50,1047.60,10136
1787909400000000000,1047.90,1048.00,1047.50,1047.70,11731
1787909460000000000,1047.70,1048.00,1047.60,1047.60,14660
1787909520000000000,1048.00,1048.00,1047.50,1047.50,20539
1787909580000000000,1047.70,1048.00,1047.50,1047.70,10153
1787909640000000000,1047.80,1048.00,1047.40,1047.40,20780
1787909700000000000,1047.50,1047.50,1047.40,1047.40,15923
1787909760000000000,1047.50,1047.50,1047.40,1047.40,8999
1787909820000000000,1047.50,1047.50,1047.40,1047.40,7883
1787909880000000000,1047.50,1047.50,1047.40,1047.40,12054
1787909940000000000,1047.50,1047.50,1047.40,1047.40,15878
1787910000000000000,1047.40,1047.50,1047.40,1047.50,18508
1787910060000000000,1047.50,1048.00,1047.40,1047.50,170499
1787910120000000000,1047.50,1047.50,1046.60,1047.50,60923
1787910180000000000,1047.40,1047.50,1047.20,1047.40,15212
1787910240000000000,1047.50,1047.50,1045.60,1047.00,48206
1787910300000000000,1047.00,1047.00,1047.00,1047.00,0
1787910360000000000,1047.00,1047.00,1047.00,1047.00,0
1787910420000000000,1047.00,1047.00,1047.00,1047.00,0
1787910480000000000,1047.00,1047.00,1047.00,1047.00,0
1787910540000000000,1047.00,1047.00,1047.00,1047.00,0
1787910600000000000,1047.00,1047.00,1047.00,1047.00,0
1787910660000000000,1047.00,1047.00,1047.00,1047.00,0
1787910720000000000,1047.00,1047.00,1047.00,1047.00,0
1787910780000000000,1047.00,1047.00,1047.00,1047.00,0
1787910840000000000,1047.00,1047.00,1047.00,1047.00,0
1787910900000000000,1047.00,1047.00,1047.00,1047.00,0
1787910960000000000,1047.00,1047.00,1047.00,1047.00,0
1787911020000000000,1047.00,1047.00,1047.00,1047.00,0
1787911080000000000,1047.00,1047.00,1047.00,1047.00,0
1787911140000000000,1047.50,1047.50,1047.50,1047.50,75416
1788147900000000000,1041.20,1043.00,1036.60,1037.50,101053
1788147960000000000,1037.40,1038.60,1036.80,1037.70,31194
1788148020000000000,1037.80,1038.90,1037.10,1038.50,22459
1788148080000000000,1038.70,1038.90,1037.10,1038.20,28320
1788148140000000000,1038.20,1039.60,1037.70,1039.50,22233
1788148200000000000,1039.50,1040.50,1038.70,1040.20,20293
1788148260000000000,1040.50,1040.90,1039.70,1040.40,14294
1788148320000000000,1040.40,1040.60,1040.00,1040.50,10261
1788148380000000000,1040.50,1041.00,1040.10,1040.80,12979
1788148440000000000,1040.90,1042.00,1040.80,1042.00,17380
1788148500000000000,1042.00,1042.00,1040.60,1040.60,21177
1788148560000000000,1040.80,1041.00,1039.70,1040.00,18112
1788148620000000000,1039.70,1040.00,1039.10,1039.10,9163
1788148680000000000,1039.50,1039.50,1038.60,1038.60,9474
1788148740000000000,1038.80,1039.10,1038.50,1038.80,11545
1788148800000000000,1039.10,1040.20,1038.80,1039.90,8860
1788148860000000000,1040.10,1040.10,1039.20,1039.50,11170
1788148920000000000,1039.50,1039.80,1039.20,1039.60,11295
1788148980000000000,1039.60,1039.60,1038.30,1038.60,13795
1788149040000000000,1038.60,1039.60,1038.60,1039.20,9336
1788149100000000000,1039.20,1039.20,1038.40,1038.50,7592
1788149160000000000,1038.40,1038.90,1038.40,1038.70,5634
1788149220000000000,1038.90,1038.90,1038.40,1038.70,5988
1788149280000000000,1038.70,1038.70,1037.50,1038.00,37224
1788149340000000000,1038.00,1038.00,1037.50,1037.70,3445
1788149400000000000,1037.80,1038.90,1037.60,1038.80,12767
1788149460000000000,1038.80,1038.80,1038.00,1038.00,4876
1788149520000000000,1038.30,1038.40,1037.70,1037.70,7545
1788149580000000000,1038.00,1038.20,1037.70,1038.00,2573
1788149640000000000,1038.00,1038.10,1037.70,1037.80,7263
1788149700000000000,1037.80,1038.00,1037.70,1037.80,3939
1788149760000000000,1037.80,1038.80,1037.70,1038.80,12780
1788149820000000000,1038.80,1039.00,1038.10,1038.20,5051
1788149880000000000,1038.50,1038.60,1038.00,1038.30,4552
1788149940000000000,1038.40,1038.50,1038.00,1038.10,2294
1788150000000000000,1038.10,1038.30,1038.00,1038.10,5983
1788150060000000000,1038.30,1038.50,1038.10,1038.30,7740
1788150120000000000,1038.40,1038.50,1038.10,1038.20,3226
1788150180000000000,1038.50,1038.50,1038.20,1038.30,2551
1788150240000000000,1038.30,1038.40,1037.60,1037.60,9371
1788150300000000000,1037.70,1037.90,1037.40,1037.80,5485
1788150360000000000,1037.80,1037.80,1037.10,1037.30,7126
1788150420000000000,1037.30,1037.30,1036.30,1036.90,16415
1788150480000000000,1036.90,1038.30,1036.80,1037.90,8016
1788150540000000000,1038.00,1038.60,1037.70,1038.20,7839
1788150600000000000,1038.40,1038.90,1037.80,1038.40,7989
1788150660000000000,1038.40,1038.80,1037.80,1038.10,13732
1788150720000000000,1038.10,1038.50,1038.00,1038.20,1507
1788150780000000000,1038.50,1038.50,1037.80,1038.20,3604
1788150840000000000,1038.30,1039.20,1038.20,1038.70,8502
1788150900000000000,1038.90,1039.10,1038.70,1038.70,2699
1788150960000000000,1038.80,1038.80,1038.20,1038.50,3975
1788151020000000000,1038.50,1038.60,1037.90,1038.00,6448
1788151080000000000,1038.00,1038.10,1037.80,1038.10,5481
1788151140000000000,1038.10,1038.20,1036.80,1036.90,14639
1788151200000000000,1036.90,1037.10,1036.70,1036.90,5305
1788151260000000000,1036.90,1036.90,1036.10,1036.30,20445
1788151320000000000,1036.40,1036.40,1035.30,1035.60,22155
1788151380000000000,1035.70,1036.80,1035.60,1036.10,9314
1788151440000000000,1036.30,1036.40,1036.00,1036.10,5292
1788151500000000000,1036.20,1036.30,1036.00,1036.00,7559
1788151560000000000,1036.30,1036.40,1036.00,1036.10,5286
1788151620000000000,1036.20,1036.70,1036.10,1036.50,4935
1788151680000000000,1036.60,1036.70,1036.40,1036.60,5026
1788151740000000000,1036.60,1036.60,1036.10,1036.10,7947
1788151800000000000,1036.40,1036.40,1036.10,1036.20,3364
1788151860000000000,1036.30,1036.40,1036.20,1036.20,4120
1788151920000000000,1036.20,1036.90,1036.10,1036.70,6331
1788151980000000000,1036.70,1036.80,1036.30,1036.80,4251
1788152040000000000,1036.80,1036.80,1036.50,1036.60,2706
1788152100000000000,1036.60,1036.60,1036.20,1036.50,5648
1788152160000000000,1036.50,1036.80,1036.30,1036.80,6641
1788152220000000000,1036.80,1037.20,1036.60,1037.00,4889
1788152280000000000,1037.00,1037.30,1036.70,1037.00,3792
1788152340000000000,1037.10,1037.10,1036.80,1036.80,4006
1788152400000000000,1037.00,1037.10,1036.80,1037.00,3421
1788152460000000000,1037.00,1037.00,1036.70,1036.80,3397
1788152520000000000,1036.80,1036.90,1036.70,1036.70,4638
1788152580000000000,1036.80,1037.00,1036.50,1036.70,6348
1788152640000000000,1036.70,1036.80,1036.50,1036.60,3009
1788152700000000000,1036.60,1036.70,1036.20,1036.60,7524
1788152760000000000,1036.60,1036.70,1036.50,1036.50,6853
1788152820000000000,1036.60,1036.80,1036.20,1036.40,4575
1788152880000000000,1036.40,1036.60,1036.10,1036.20,3187
1788152940000000000,1036.20,1036.60,1036.10,1036.60,3876
1788153000000000000,1036.40,1036.60,1036.20,1036.30,2104
1788153060000000000,1036.30,1036.50,1036.20,1036.30,5422
1788153120000000000,1036.40,1036.60,1036.10,1036.10,5336
1788153180000000000,1036.10,1036.50,1036.00,1036.30,4329
1788153240000000000,1036.40,1036.40,1036.00,1036.10,4413
1788153300000000000,1036.10,1036.20,1036.00,1036.10,5009
1788153360000000000,1036.20,1036.40,1036.00,1036.00,3514
1788153420000000000,1036.10,1036.40,1035.90,1036.30,10149
1788153480000000000,1036.40,1036.40,1036.00,1036.20,2309
1788153540000000000,1036.20,1036.20,1036.00,1036.10,2321
1788153600000000000,1036.10,1036.30,1036.00,1036.10,5518
1788153660000000000,1036.20,1036.20,1036.00,1036.00,7419
1788153720000000000,1036.10,1036.20,1036.00,1036.00,4896
1788153780000000000,1036.10,1036.50,1036.00,1036.20,3727
1788153840000000000,1036.20,1036.50,1036.10,1036.10,5136
1788153900000000000,1036.20,1036.40,1036.10,1036.20,5719
1788153960000000000,1036.30,1036.60,1036.00,1036.30,7552
1788154020000000000,1036.30,1036.40,1036.20,1036.20,3194
1788154080000000000,1036.30,1036.40,1036.20,1036.30,3724
1788154140000000000,1036.20,1036.30,1036.20,1036.20,4224
1788154200000000000,1036.30,1036.30,1036.20,1036.30,4512
1788154260000000000,1036.30,1036.40,1036.20,1036.20,2848
1788154320000000000,1036.30,1036.30,1036.10,1036.10,5486
1788154380000000000,1036.20,1036.20,1035.50,1035.70,9707
1788154440000000000,1035.70,1035.80,1035.50,1035.50,3121
1788154500000000000,1035.60,1035.80,1034.50,1034.50,36079
1788154560000000000,1034.70,1035.10,1034.50,1034.70,3686
1788154620000000000,1034.70,1035.20,1034.50,1035.00,8376
1788154680000000000,1035.00,1035.50,1034.80,1034.80,6736
1788154740000000000,1035.10,1035.10,1034.70,1034.80,3250
1788154800000000000,1034.80,1034.90,1034.60,1034.70,4852
1788154860000000000,1034.80,1035.50,1034.80,1035.10,7805
1788154920000000000,1035.50,1036.00,1035.10,1035.80,9810
1788154980000000000,1035.80,1035.80,1035.50,1035.60,2453
1788155040000000000,1035.60,1036.00,1035.50,1036.00,5296
1788155100000000000,1036.00,1036.90,1035.90,1036.10,11300
1788155160000000000,1036.20,1036.40,1036.10,1036.30,1807
1788155220000000000,1036.30,1036.30,1036.20,1036.20,2957
1788155280000000000,1036.30,1036.60,1036.00,1036.50,5432
1788155340000000000,1036.50,1036.50,1035.90,1036.20,6844
1788155400000000000,1036.20,1036.50,1036.20,1036.40,3552
1788155460000000000,1036.40,1036.50,1035.20,1035.20,17785
1788155520000000000,1035.50,1037.20,1035.20,1036.70,16636
1788155580000000000,1036.90,1037.10,1036.50,1036.80,7402
1788155640000000000,1036.60,1037.10,1036.60,1036.80,7145
1788155700000000000,1036.80,1037.10,1036.60,1036.80,9839
1788155760000000000,1036.90,1037.10,1036.60,1036.80,5311
1788155820000000000,1036.80,1037.10,1036.70,1036.80,4182
1788155880000000000,1036.90,1037.50,1036.80,1037.30,12800
1788155940000000000,1037.30,1037.50,1036.90,1037.00,3895
1788156000000000000,1037.40,1038.00,1037.00,1037.50,14662
1788156060000000000,1037.70,1038.00,1037.40,1037.50,10625
1788156120000000000,1037.60,1037.90,1037.50,1037.80,5254
1788156180000000000,1037.80,1037.80,1037.60,1037.80,4486
1788156240000000000,1037.80,1038.00,1037.60,1037.90,8765
1788156300000000000,1038.00,1038.10,1037.80,1038.10,9395
1788156360000000000,1038.10,1038.80,1037.90,1038.50,9452
1788156420000000000,1038.70,1038.80,1038.10,1038.10,7634
1788156480000000000,1038.20,1038.70,1038.10,1038.70,5585
1788156540000000000,1038.70,1038.80,1038.40,1038.50,4896
1788156600000000000,1038.60,1038.80,1038.40,1038.70,7132
1788156660000000000,1038.80,1039.20,1038.70,1039.00,13633
1788156720000000000,1039.20,1040.00,1039.00,1039.70,17743
1788156780000000000,1039.30,1039.90,1039.30,1039.60,6853
1788156840000000000,1039.60,1039.90,1039.50,1039.50,7406
1788156900000000000,1039.60,1039.90,1039.50,1039.50,8191
1788156960000000000,1039.90,1039.90,1039.30,1039.60,8797
1788157020000000000,1039.80,1039.90,1039.40,1039.40,3481
1788157080000000000,1039.50,1039.60,1039.30,1039.30,3074
1788157140000000000,1039.40,1040.40,1039.40,1039.80,25412
1788157200000000000,1039.70,1039.80,1039.50,1039.70,4440
1788157260000000000,1039.80,1039.80,1039.60,1039.60,3815
1788157320000000000,1039.70,1039.80,1039.60,1039.70,3333
1788157380000000000,1039.80,1040.60,1039.60,1040.40,11256
1788157440000000000,1040.50,1042.00,1040.30,1041.90,44890
1788157500000000000,1041.90,1042.50,1041.60,1042.40,24708
1788157560000000000,1042.50,1043.00,1042.00,1043.00,17725
1788157620000000000,1043.00,1043.00,1042.20,1042.50,13869
1788157680000000000,1042.50,1042.80,1041.40,1041.50,11752
1788157740000000000,1041.70,1041.70,1041.20,1041.30,7263
1788157800000000000,1041.30,1041.50,1040.80,1041.00,5665
1788157860000000000,1041.00,1041.00,1040.50,1040.80,4063
1788157920000000000,1040.80,1041.10,1040.50,1041.10,10184
1788157980000000000,1041.10,1041.50,1041.00,1041.40,17250
1788158040000000000,1041.40,1042.10,1041.00,1041.70,9440
1788158100000000000,1041.90,1041.90,1040.60,1040.60,10004
1788158160000000000,1040.70,1040.70,1040.20,1040.50,2726
1788158220000000000,1040.50,1041.00,1040.00,1040.70,37098
1788158280000000000,1040.80,1040.80,1040.00,1040.60,30455
1788158340000000000,1040.70,1040.70,1040.40,1040.50,3754
1788158400000000000,1040.60,1041.30,1040.50,1041.20,7901
1788158460000000000,1041.20,1041.80,1040.60,1040.90,33719
1788158520000000000,1040.90,1041.10,1040.50,1040.80,5196
1788158580000000000,1040.80,1041.70,1040.70,1041.20,5102
1788158640000000000,1041.20,1041.20,1040.70,1041.00,5078
1788158700000000000,1040.90,1041.00,1040.60,1040.70,5252
1788158760000000000,1040.80,1041.30,1040.70,1040.90,7642
1788158820000000000,1041.30,1042.00,1040.90,1041.50,7841
1788158880000000000,1041.80,1041.80,1041.50,1041.80,5814
1788158940000000000,1041.80,1042.20,1041.70,1042.20,8004
1788159000000000000,1042.20,1042.20,1041.90,1042.00,4501
1788159060000000000,1042.00,1042.10,1041.90,1042.00,3590
1788159120000000000,1042.10,1042.10,1041.80,1041.90,4530
1788159180000000000,1041.90,1042.00,1041.50,1041.50,9715
1788159240000000000,1041.70,1041.70,1041.00,1041.20,6215
1788159300000000000,1041.20,1041.20,1040.80,1041.00,7550
1788159360000000000,1041.00,1041.00,1040.60,1040.60,5166
1788159420000000000,1040.80,1041.00,1040.50,1040.60,7558
1788159480000000000,1040.60,1040.70,1040.60,1040.60,2297
1788159540000000000,1040.70,1040.80,1040.40,1040.50,13327
1788159600000000000,1040.80,1041.00,1039.80,1039.90,27761
1788159660000000000,1040.00,1040.00,1039.70,1039.90,5165
1788159720000000000,1039.90,1040.50,1039.80,1040.20,33553
1788159780000000000,1040.30,1040.50,1040.00,1040.00,9332
1788159840000000000,1040.10,1040.10,1039.20,1039.40,17057
1788159900000000000,1039.80,1039.90,1039.30,1039.70,8038
1788159960000000000,1039.70,1040.00,1039.50,1040.00,11567
1788160020000000000,1040.00,1040.00,1039.70,1039.70,5697
1788160080000000000,1040.00,1040.00,1039.70,1039.70,4412
1788160140000000000,1039.90,1040.00,1039.70,1039.90,5467
1788160200000000000,1040.00,1040.30,1039.90,1040.30,20057
1788160260000000000,1040.30,1040.40,1040.10,1040.40,3169
1788160320000000000,1040.40,1040.50,1040.10,1040.40,8647
1788160380000000000,1040.20,1040.40,1039.80,1039.90,3058
1788160440000000000,1039.90,1040.40,1039.80,1040.20,11150
1788160500000000000,1040.40,1040.50,1040.00,1040.20,7566
1788160560000000000,1040.20,1040.20,1039.50,1039.60,9072
1788160620000000000,1039.70,1039.80,1039.60,1039.70,3218
1788160680000000000,1039.70,1040.00,1039.60,1039.70,8099
1788160740000000000,1040.00,1040.00,1039.60,1039.60,2421
1788160800000000000,1039.70,1040.00,1039.60,1040.00,7638
1788160860000000000,1040.00,1040.00,1039.70,1039.80,4917
1788160920000000000,1039.90,1040.70,1039.70,1040.50,17139
1788160980000000000,1040.50,1040.70,1040.10,1040.20,2074
1788161040000000000,1040.30,1041.40,1040.10,1041.00,9820
1788161100000000000,1041.00,1041.00,1040.50,1040.50,2141
1788161160000000000,1040.60,1040.70,1040.40,1040.40,3914
1788161220000000000,1040.50,1040.70,1040.20,1040.50,8432
1788161280000000000,1040.50,1040.50,1040.30,1040.40,1688
1788161340000000000,1040.40,1040.50,1040.30,1040.30,5062
1788161400000000000,1040.40,1040.70,1040.30,1040.30,2972
1788161460000000000,1040.40,1041.50,1040.40,1041.30,8514
1788161520000000000,1041.30,1042.00,1041.00,1041.50,6606
1788161580000000000,1041.60,1042.00,1041.50,1041.80,4090
1788161640000000000,1041.80,1041.80,1041.50,1041.50,3967
1788161700000000000,1041.60,1041.90,1041.50,1041.60,4306
1788161760000000000,1041.70,1041.70,1041.60,1041.70,2665
1788161820000000000,1041.70,1041.70,1041.20,1041.30,4630
1788161880000000000,1041.30,1041.60,1041.30,1041.50,3562
1788161940000000000,1041.60,1041.60,1041.30,1041.40,3688
1788162000000000000,1041.40,1041.60,1041.20,1041.20,3000
1788162060000000000,1041.30,1041.90,1041.20,1041.50,5164
1788162120000000000,1041.70,1041.80,1041.50,1041.50,3710
1788162180000000000,1041.60,1042.00,1041.40,1041.70,7463
1788162240000000000,1041.90,1042.90,1041.70,1042.40,18119
1788162300000000000,1042.40,1042.70,1042.40,1042.40,4654
1788162360000000000,1042.50,1042.50,1042.10,1042.20,5976
1788162420000000000,1042.20,1042.50,1042.10,1042.50,5049
1788162480000000000,1042.50,1042.50,1042.20,1042.20,3156
1788162540000000000,1042.30,1042.50,1042.10,1042.10,4006
1788162600000000000,1042.20,1042.30,1042.10,1042.20,2978
1788162660000000000,1042.30,1042.40,1042.10,1042.30,4931
1788162720000000000,1042.30,1042.40,1042.10,1042.20,4178
1788162780000000000,1042.20,1042.30,1042.00,1042.10,6841
1788162840000000000,1042.30,1042.60,1042.10,1042.20,6373
1788162900000000000,1042.40,1042.80,1042.20,1042.40,4957
1788162960000000000,1042.40,1042.70,1042.30,1042.40,2773
1788163020000000000,1042.50,1042.70,1042.40,1042.70,3815
1788163080000000000,1042.70,1042.80,1042.40,1042.50,5572
1788163140000000000,1042.70,1042.80,1042.40,1042.40,5784
1788163200000000000,1042.50,1042.50,1042.10,1042.40,2008
1788163260000000000,1042.40,1042.50,1042.10,1042.30,3671
1788163320000000000,1042.30,1042.50,1042.10,1042.30,4114
1788163380000000000,1042.30,1042.50,1042.10,1042.20,3126
1788163440000000000,1042.30,1042.30,1042.20,1042.30,2584
1788163500000000000,1042.30,1042.40,1042.20,1042.20,3258
1788163560000000000,1042.30,1042.30,1042.20,1042.30,2887
1788163620000000000,1042.30,1042.30,1042.00,1042.00,2314
1788163680000000000,1042.10,1042.30,1042.00,1042.30,5055
1788163740000000000,1042.30,1042.30,1042.00,1042.20,5846
1788163800000000000,1042.20,1042.20,1042.00,1042.10,3150
1788163860000000000,1042.20,1042.20,1042.00,1042.10,5600
1788163920000000000,1042.10,1042.20,1042.00,1042.00,6364
1788163980000000000,1042.10,1042.20,1041.50,1041.80,35048
1788164040000000000,1041.80,1041.90,1041.30,1041.40,3965
1788164100000000000,1041.40,1042.10,1041.20,1042.00,20755
1788164160000000000,1042.10,1042.20,1042.00,1042.10,3758
1788164220000000000,1042.10,1042.10,1042.00,1042.00,2814
1788164280000000000,1042.10,1042.50,1042.00,1042.30,7048
1788164340000000000,1042.20,1042.40,1042.20,1042.30,4944
1788164400000000000,1042.40,1042.50,1042.30,1042.30,3022
1788164460000000000,1042.40,1042.70,1042.30,1042.50,11171
1788164520000000000,1042.60,1043.00,1042.30,1042.50,8326
1788164580000000000,1042.60,1042.90,1042.50,1042.60,4035
1788164640000000000,1042.70,1042.70,1042.30,1042.50,5488
1788164700000000000,1042.50,1042.50,1042.30,1042.40,4382
1788164760000000000,1042.50,1042.50,1042.30,1042.30,4031
1788164820000000000,1042.40,1042.60,1042.30,1042.30,5283
1788164880000000000,1042.40,1042.70,1042.10,1042.20,4190
1788164940000000000,1042.30,1042.40,1041.60,1041.60,13735
1788165000000000000,1041.80,1041.90,1041.40,1041.80,5555
1788165060000000000,1041.90,1042.20,1041.60,1042.00,9358
1788165120000000000,1042.10,1042.10,1041.90,1041.90,2236
1788165180000000000,1042.00,1042.00,1041.70,1041.70,5367
1788165240000000000,1041.80,1041.90,1041.50,1041.50,3479
1788165300000000000,1041.60,1041.80,1041.00,1041.00,5887
1788165360000000000,1041.00,1041.90,1041.00,1041.50,7005
1788165420000000000,1041.90,1042.60,1041.40,1042.00,10346
1788165480000000000,1042.10,1042.40,1041.80,1041.90,3708
1788165540000000000,1042.00,1042.30,1041.50,1042.00,4954
1788165600000000000,1041.70,1042.00,1041.60,1041.60,3706
1788165660000000000,1041.70,1041.70,1041.40,1041.50,2801
1788165720000000000,1041.60,1041.70,1041.40,1041.40,3394
1788165780000000000,1041.50,1041.50,1041.40,1041.40,4056
1788165840000000000,1041.50,1041.50,1041.20,1041.30,4294
1788165900000000000,1041.40,1041.90,1041.30,1041.90,7402
1788165960000000000,1041.90,1042.30,1041.50,1042.00,6791
1788166020000000000,1042.30,1042.40,1041.60,1041.60,5784
1788166080000000000,1041.70,1042.10,1041.50,1041.80,5621
1788166140000000000,1042.10,1042.20,1041.80,1042.10,8649
1788166200000000000,1042.20,1042.60,1041.70,1041.70,6966
1788166260000000000,1041.90,1041.90,1041.20,1041.50,4831
1788166320000000000,1041.80,1042.10,1041.40,1041.50,4015
1788166380000000000,1041.60,1042.10,1040.90,1042.00,12355
1788166440000000000,1042.20,1042.50,1041.70,1042.10,7421
1788166500000000000,1042.10,1042.80,1041.90,1042.60,8917
1788166560000000000,1042.60,1042.80,1042.30,1042.60,7093
1788166620000000000,1042.60,1042.80,1042.10,1042.80,17707
1788166680000000000,1042.80,1042.80,1041.80,1042.30,17361
1788166740000000000,1042.30,1042.90,1041.90,1042.10,19344
1788166800000000000,1042.30,1042.70,1042.00,1042.10,5226
1788166860000000000,1042.20,1042.50,1042.00,1042.30,4401
1788166920000000000,1042.50,1042.50,1042.00,1042.20,3046
1788166980000000000,1042.20,1042.40,1042.00,1042.00,2806
1788167040000000000,1042.20,1042.50,1041.80,1042.40,5830
1788167100000000000,1042.50,1043.00,1042.30,1042.50,8921
1788167160000000000,1042.50,1043.00,1042.20,1042.20,9171
1788167220000000000,1042.30,1042.60,1042.20,1042.30,2033
1788167280000000000,1042.50,1042.60,1042.30,1042.40,3073
1788167340000000000,1042.50,1044.00,1042.40,1043.00,27623
1788167400000000000,1043.10,1044.70,1043.00,1044.40,20522
1788167460000000000,1044.50,1044.50,1044.40,1044.40,7248
1788167520000000000,1044.50,1045.40,1044.40,1045.10,18106
1788167580000000000,1045.20,1045.50,1045.10,1045.40,8058
1788167640000000000,1045.40,1045.80,1045.10,1045.60,6596
1788167700000000000,1045.70,1046.40,1045.60,1046.40,14304
1788167760000000000,1046.50,1049.00,1046.40,1048.50,47029
1788167820000000000,1048.80,1048.90,1046.80,1046.80,16722
1788167880000000000,1046.90,1047.30,1046.40,1046.90,7961
1788167940000000000,1047.00,1047.00,1046.60,1046.70,4901
1788168000000000000,1046.70,1047.40,1046.60,1047.00,13784
1788168060000000000,1047.00,1047.50,1046.90,1047.00,7462
1788168120000000000,1047.20,1047.40,1047.00,1047.30,7631
1788168180000000000,1047.40,1047.40,1047.10,1047.40,11335
1788168240000000000,1047.40,1047.40,1046.70,1046.90,18402
1788168300000000000,1046.90,1047.20,1046.80,1047.20,8195
1788168360000000000,1047.20,1047.20,1045.80,1046.00,14794
1788168420000000000,1046.20,1046.30,1045.80,1046.00,6765
1788168480000000000,1046.00,1046.40,1045.50,1045.80,8434
1788168540000000000,1045.80,1045.90,1045.20,1045.60,9107
1788168600000000000,1045.30,1045.60,1044.80,1045.10,17332
1788168660000000000,1045.10,1045.40,1044.80,1045.40,26240
1788168720000000000,1045.30,1045.70,1044.70,1045.30,30052
1788168780000000000,1045.30,1045.60,1044.50,1045.00,29251
1788168840000000000,1045.00,1045.60,1044.40,1044.90,40183
1788168900000000000,1044.80,1045.00,1044.10,1044.40,28088
1788168960000000000,1044.40,1044.40,1043.60,1044.10,51288
1788169020000000000,1044.20,1044.60,1044.10,1044.60,32492
1788169080000000000,1044.60,1045.10,1044.20,1044.40,28572
1788169140000000000,1044.80,1045.10,1044.00,1044.10,47714
1788169200000000000,1044.70,1044.80,1043.60,1043.90,35722
1788169260000000000,1044.10,1044.70,1043.00,1043.90,50322
1788169320000000000,1043.70,1044.10,1042.00,1043.20,102738
1788169380000000000,1042.90,1043.30,1041.80,1043.00,47794
1788169440000000000,1042.70,1043.80,1041.10,1042.50,54269
1788169500000000000,1042.50,1042.50,1042.50,1042.50,0
1788169560000000000,1042.50,1042.50,1042.50,1042.50,0
1788169620000000000,1042.50,1042.50,1042.50,1042.50,0
1788169680000000000,1042.50,1042.50,1042.50,1042.50,0
1788169740000000000,1042.50,1042.50,1042.50,1042.50,0
1788169800000000000,1042.50,1042.50,1042.50,1042.50,0
1788169860000000000,1042.50,1042.50,1042.50,1042.50,0
1788169920000000000,1042.50,1042.50,1042.50,1042.50,0
1788169980000000000,1042.50,1042.50,1042.50,1042.50,0
1788170040000000000,1042.50,1042.50,1042.50,1042.50,0
1788170100000000000,1042.50,1042.50,1042.50,1042.50,0
1788170160000000000,1042.50,1042.50,1042.50,1042.50,0
1788170220000000000,1042.50,1042.50,1042.50,1042.50,0
1788170280000000000,1042.50,1042.50,1042.50,1042.50,0
1788170340000000000,1060.00,1060.00,1060.00,1060.00,1561518
1788234300000000000,1051.30,1051.30,1044.20,1046.20,191074
1788234360000000000,1046.10,1047.20,1044.20,1045.20,73814
1788234420000000000,1045.20,1047.20,1044.60,1047.20,25780
1788234480000000000,1047.20,1048.10,1046.70,1047.50,25218
1788234540000000000,1047.70,1048.50,1047.40,1048.50,11514
1788234600000000000,1048.50,1049.00,1048.00,1048.70,26775
1788234660000000000,1048.70,1048.70,1047.60,1048.00,27106
1788234720000000000,1048.00,1048.00,1047.60,1047.70,6909
1788234780000000000,1047.60,1047.70,1046.40,1046.70,31850
1788234840000000000,1046.40,1046.90,1045.20,1045.50,18403
1788234900000000000,1045.60,1046.50,1044.60,1046.20,24444
1788234960000000000,1046.20,1047.60,1045.90,1046.70,12330
1788235020000000000,1046.80,1047.00,1045.70,1046.00,12899
1788235080000000000,1046.00,1046.80,1045.60,1046.70,11677
1788235140000000000,1046.70,1047.00,1046.30,1046.50,8244
1788235200000000000,1046.40,1046.60,1045.50,1046.30,14750
1788235260000000000,1046.00,1046.40,1045.70,1046.00,10301
1788235320000000000,1046.00,1047.10,1045.90,1046.70,26190
1788235380000000000,1046.60,1047.10,1046.60,1047.00,7435
1788235440000000000,1047.00,1047.10,1046.80,1046.90,8643
1788235500000000000,1046.80,1047.30,1046.50,1047.00,17251
1788235560000000000,1047.00,1047.00,1046.10,1046.20,5409
1788235620000000000,1046.10,1046.40,1046.00,1046.20,7139
1788235680000000000,1046.10,1046.60,1045.50,1045.90,14601
1788235740000000000,1045.90,1045.90,1045.30,1045.50,5878
1788235800000000000,1045.70,1045.80,1045.10,1045.60,6074
1788235860000000000,1045.50,1045.70,1045.40,1045.50,3901
1788235920000000000,1045.60,1046.60,1045.50,1045.60,27842
1788235980000000000,1045.60,1046.10,1045.50,1045.80,7595
1788236040000000000,1045.80,1045.90,1045.10,1045.50,13527
1788236100000000000,1045.50,1045.90,1045.20,1045.80,6744
1788236160000000000,1045.60,1046.00,1045.50,1045.70,4764
1788236220000000000,1045.60,1045.70,1044.80,1045.30,20140
1788236280000000000,1045.00,1046.00,1045.00,1045.90,12633
1788236340000000000,1045.80,1046.00,1045.70,1045.90,5294
1788236400000000000,1045.80,1046.30,1045.70,1045.90,12319
1788236460000000000,1045.70,1046.00,1044.50,1044.80,14616
1788236520000000000,1044.80,1045.40,1044.40,1044.90,6617
1788236580000000000,1044.90,1045.00,1044.80,1044.80,6034
1788236640000000000,1044.70,1044.90,1044.50,1044.60,8276
1788236700000000000,1044.50,1044.90,1044.50,1044.90,3469
1788236760000000000,1044.80,1045.20,1044.50,1045.00,15899
1788236820000000000,1045.00,1045.10,1044.50,1044.80,4572
1788236880000000000,1044.80,1045.00,1044.80,1045.00,3738
1788236940000000000,1044.90,1045.00,1044.70,1044.90,6696
1788237000000000000,1044.80,1045.40,1044.80,1045.20,4840
1788237060000000000,1045.10,1045.40,1044.80,1045.10,12411
1788237120000000000,1045.00,1045.40,1045.00,1045.20,3211
1788237180000000000,1045.10,1045.20,1045.00,1045.00,8351
1788237240000000000,1045.00,1045.70,1045.00,1045.60,7808
1788237300000000000,1045.50,1045.80,1045.10,1045.40,3376
1788237360000000000,1045.40,1045.50,1044.50,1044.60,14327
1788237420000000000,1044.50,1044.90,1044.50,1044.80,4020
1788237480000000000,1044.80,1045.00,1044.50,1044.70,6216
1788237540000000000,1044.60,1044.70,1044.00,1044.20,16792
1788237600000000000,1044.20,1044.50,1043.60,1043.70,15486
1788237660000000000,1043.60,1044.20,1043.50,1043.60,6179
1788237720000000000,1043.80,1044.10,1043.20,1043.90,26337
1788237780000000000,1043.70,1044.10,1043.20,1043.50,8086
1788237840000000000,1043.50,1044.10,1043.50,1043.80,6250
1788237900000000000,1043.40,1044.60,1043.40,1044.20,8055
1788237960000000000,1044.10,1044.80,1043.80,1044.00,10342
1788238020000000000,1044.00,1044.30,1043.50,1043.70,9479
1788238080000000000,1043.50,1044.30,1043.50,1044.30,7351
1788238140000000000,1044.30,1044.30,1043.90,1044.20,7254
1788238200000000000,1044.10,1044.50,1043.80,1044.00,9558
1788238260000000000,1044.00,1044.30,1043.90,1044.30,1989
1788238320000000000,1044.20,1044.80,1044.00,1044.70,4712
1788238380000000000,1044.50,1045.20,1044.40,1045.00,11143
1788238440000000000,1045.00,1045.00,1044.20,1044.60,13579
1788238500000000000,1044.60,1044.80,1043.70,1044.00,9449
1788238560000000000,1044.00,1045.00,1043.80,1045.00,17388
1788238620000000000,1045.00,1045.40,1044.40,1044.40,10064
1788238680000000000,1044.40,1044.80,1044.10,1044.50,9792
1788238740000000000,1044.50,1044.60,1044.00,1044.20,6039
1788238800000000000,1044.10,1044.70,1044.10,1044.30,3794
1788238860000000000,1044.50,1044.70,1043.10,1043.90,25142
1788238920000000000,1043.90,1044.00,1043.50,1043.70,6306
1788238980000000000,1043.70,1043.90,1043.10,1043.50,7814
1788239040000000000,1043.50,1043.50,1043.00,1043.20,28887
1788239100000000000,1043.00,1043.50,1043.00,1043.20,5646
1788239160000000000,1043.20,1044.60,1043.20,1044.50,11023
1788239220000000000,1044.40,1044.80,1044.20,1044.40,7468
1788239280000000000,1044.40,1044.70,1044.10,1044.70,6483
1788239340000000000,1044.50,1044.90,1044.50,1044.60,4127
1788239400000000000,1044.50,1044.80,1044.20,1044.60,5852
1788239460000000000,1044.60,1044.80,1042.00,1042.50,119775
1788239520000000000,1042.50,1042.70,1042.30,1042.40,4838
1788239580000000000,1042.40,1042.90,1042.00,1042.40,15372
1788239640000000000,1042.40,1042.50,1041.20,1042.00,19235
1788239700000000000,1042.00,1042.00,1041.40,1041.50,5775
1788239760000000000,1041.50,1042.00,1041.50,1041.90,4849
1788239820000000000,1041.70,1042.30,1041.50,1041.70,13659
1788239880000000000,1041.70,1042.30,1041.70,1042.20,8451
1788239940000000000,1042.20,1042.30,1041.70,1042.00,7008
1788240000000000000,1041.90,1042.60,1041.80,1042.60,5865
1788240060000000000,1042.50,1042.60,1041.20,1041.60,32834
1788240120000000000,1041.70,1041.80,1041.20,1041.70,9197
1788240180000000000,1041.60,1042.00,1041.40,1041.70,7611
1788240240000000000,1041.70,1041.80,1041.60,1041.60,5644
1788240300000000000,1041.60,1041.80,1041.20,1041.40,8648
1788240360000000000,1041.40,1042.00,1041.40,1041.50,10355
1788240420000000000,1041.50,1042.30,1041.50,1042.30,8564
1788240480000000000,1042.20,1042.60,1041.30,1041.50,23155
1788240540000000000,1041.30,1041.50,1041.10,1041.40,37776
1788240600000000000,1041.30,1041.40,1041.00,1041.10,16607
1788240660000000000,1041.10,1041.20,1040.70,1040.80,25189
1788240720000000000,1040.80,1041.00,1040.70,1040.90,8183
1788240780000000000,1040.70,1041.00,1040.70,1040.80,8243
1788240840000000000,1040.80,1041.00,1040.80,1040.90,4618
1788240900000000000,1040.90,1041.00,1040.90,1041.00,20285
1788240960000000000,1040.90,1041.40,1040.90,1041.20,18045
1788241020000000000,1041.20,1042.30,1041.10,1042.20,10120
1788241080000000000,1042.20,1042.90,1041.80,1042.80,8436
1788241140000000000,1042.60,1043.00,1041.00,1041.20,66848
1788241200000000000,1041.60,1041.80,1041.20,1041.70,8437
1788241260000000000,1041.70,1042.00,1041.50,1041.90,10195
1788241320000000000,1041.80,1042.00,1041.50,1041.90,29324
1788241380000000000,1041.80,1042.00,1041.80,1042.00,14511
1788241440000000000,1041.90,1043.00,1041.80,1043.00,61156
1788241500000000000,1043.00,1044.50,1042.60,1043.40,41711
1788241560000000000,1043.30,1044.60,1043.30,1044.50,18345
1788241620000000000,1044.20,1044.50,1043.50,1043.70,16395
1788241680000000000,1043.60,1043.80,1043.30,1043.60,8938
1788241740000000000,1043.60,1044.00,1043.50,1044.00,8057
1788241800000000000,1044.00,1044.50,1043.50,1043.50,15131
1788241860000000000,1043.50,1043.60,1042.50,1043.00,18206
1788241920000000000,1043.00,1043.90,1043.00,1043.50,14716
1788241980000000000,1043.50,1043.80,1042.70,1043.00,28001
1788242040000000000,1043.00,1043.30,1042.90,1043.00,24681
1788242100000000000,1042.90,1043.20,1042.80,1043.10,10889
1788242160000000000,1042.90,1043.20,1042.80,1042.90,11977
1788242220000000000,1042.90,1043.10,1042.90,1042.90,9320
1788242280000000000,1042.90,1043.30,1042.90,1043.00,26505
1788242340000000000,1042.90,1043.30,1042.90,1042.90,11814
1788242400000000000,1042.90,1044.30,1042.80,1044.00,37528
1788242460000000000,1044.30,1044.30,1043.50,1044.10,11949
1788242520000000000,1044.10,1044.20,1043.20,1043.40,12868
1788242580000000000,1043.70,1044.20,1043.60,1044.20,9921
1788242640000000000,1044.10,1044.30,1042.70,1043.60,42427
1788242700000000000,1043.60,1044.00,1043.10,1043.50,8398
1788242760000000000,1043.50,1043.70,1043.50,1043.70,5836
1788242820000000000,1043.70,1043.80,1043.50,1043.80,6397
1788242880000000000,1043.90,1044.00,1043.20,1043.40,11438
1788242940000000000,1043.50,1043.50,1042.60,1042.80,9435
1788243000000000000,1042.70,1043.00,1042.70,1043.00,8785
1788243060000000000,1042.90,1043.00,1042.70,1042.90,7046
1788243120000000000,1042.90,1043.00,1042.50,1042.60,8212
1788243180000000000,1042.60,1042.70,1042.20,1042.40,6863
1788243240000000000,1042.40,1042.70,1042.30,1042.60,7698
1788243300000000000,1042.60,1042.90,1042.50,1042.70,11658
1788243360000000000,1042.70,1042.80,1042.60,1042.60,4989
1788243420000000000,1042.90,1042.90,1042.60,1042.90,4808
1788243480000000000,1042.80,1042.90,1041.50,1041.90,23666
1788243540000000000,1041.80,1041.90,1041.70,1041.90,5734
1788243600000000000,1041.80,1041.90,1041.80,1041.90,6464
1788243660000000000,1041.80,1042.00,1041.80,1042.00,7057
1788243720000000000,1041.90,1042.00,1041.80,1041.90,6740
1788243780000000000,1041.90,1042.00,1041.80,1041.90,7597
1788243840000000000,1041.80,1042.00,1041.70,1041.90,9032
1788243900000000000,1041.90,1042.00,1041.70,1042.00,6801
1788243960000000000,1042.00,1042.10,1041.60,1042.10,9960
1788244020000000000,1042.00,1042.10,1041.60,1041.70,15054
1788244080000000000,1041.80,1042.00,1041.40,1041.50,11382
1788244140000000000,1041.60,1041.80,1041.40,1041.40,4649
1788244200000000000,1041.40,1041.70,1041.40,1041.50,6415
1788244260000000000,1041.70,1041.90,1041.50,1041.60,8550
1788244320000000000,1041.50,1041.90,1041.40,1041.60,7167
1788244380000000000,1041.50,1041.90,1041.40,1041.40,4744
1788244440000000000,1041.40,1041.80,1041.20,1041.50,6511
1788244500000000000,1041.30,1041.80,1041.30,1041.40,5165
1788244560000000000,1041.30,1041.60,1041.20,1041.30,5909
1788244620000000000,1041.30,1042.00,1041.20,1042.00,8246
1788244680000000000,1041.90,1042.10,1041.80,1042.00,6718
1788244740000000000,1041.90,1042.10,1041.80,1041.80,8807
1788244800000000000,1041.90,1042.00,1041.90,1042.00,9358
1788244860000000000,1041.90,1042.20,1041.90,1042.20,12710
1788244920000000000,1042.10,1042.40,1042.10,1042.40,13996
1788244980000000000,1042.30,1042.40,1041.60,1042.00,13988
1788245040000000000,1041.90,1042.00,1041.50,1041.60,8495
1788245100000000000,1041.70,1041.70,1041.30,1041.40,10860
1788245160000000000,1041.50,1041.70,1041.30,1041.50,4748
1788245220000000000,1041.40,1041.80,1041.20,1041.30,9899
1788245280000000000,1041.60,1041.90,1041.30,1041.50,7014
1788245340000000000,1041.40,1041.50,1041.10,1041.50,15836
1788245400000000000,1041.40,1042.40,1041.40,1042.00,15215
1788245460000000000,1042.00,1042.20,1041.50,1041.60,4409
1788245520000000000,1041.50,1041.90,1041.20,1041.30,24559
1788245580000000000,1041.30,1041.50,1040.70,1041.00,31528
1788245640000000000,1041.00,1041.20,1040.70,1041.00,9449
1788245700000000000,1040.90,1041.00,1040.80,1041.00,12451
1788245760000000000,1041.00,1041.00,1040.80,1040.80,5006
1788245820000000000,1041.00,1041.00,1040.60,1041.00,8091
1788245880000000000,1041.00,1041.00,1040.10,1040.10,35415
1788245940000000000,1040.10,1041.00,1039.70,1041.00,67701
1788246000000000000,1040.90,1041.10,1040.60,1040.80,9164
1788246060000000000,1040.80,1041.40,1040.70,1041.20,5950
1788246120000000000,1041.20,1042.00,1041.20,1041.60,7169
1788246180000000000,1041.50,1041.80,1041.00,1041.10,18517
1788246240000000000,1041.00,1041.10,1040.70,1040.90,11338
1788246300000000000,1041.00,1041.70,1040.70,1041.00,18425
1788246360000000000,1041.00,1041.80,1040.80,1041.00,23627
1788246420000000000,1040.80,1041.20,1040.50,1040.90,22668
1788246480000000000,1040.90,1041.20,1040.40,1041.00,35432
1788246540000000000,1041.00,1041.30,1040.60,1041.00,23179
1788246600000000000,1040.90,1041.00,1040.70,1040.90,8227
1788246660000000000,1040.80,1041.00,1040.50,1040.90,10485
1788246720000000000,1040.90,1041.70,1040.90,1041.60,23913
1788246780000000000,1041.60,1041.70,1041.40,1041.60,5769
1788246840000000000,1041.60,1041.80,1041.50,1041.70,6919
1788246900000000000,1041.80,1041.90,1040.90,1041.40,26154
1788246960000000000,1041.40,1041.40,1040.50,1040.60,14914
1788247020000000000,1040.70,1040.80,1040.50,1040.80,8240
1788247080000000000,1040.80,1041.00,1040.70,1040.90,16731
1788247140000000000,1040.90,1041.00,1040.60,1040.70,16529
1788247200000000000,1040.60,1040.80,1040.00,1040.10,19773
1788247260000000000,1040.00,1040.20,1039.30,1039.90,25807
1788247320000000000,1039.90,1040.10,1039.40,1040.00,38779
1788247380000000000,1039.90,1040.00,1039.90,1039.90,9377
1788247440000000000,1039.90,1040.00,1039.90,1040.00,10163
1788247500000000000,1039.90,1040.00,1039.80,1040.00,4979
1788247560000000000,1039.90,1040.00,1039.20,1039.50,20228
1788247620000000000,1039.40,1039.50,1039.30,1039.40,14350
1788247680000000000,1039.50,1040.00,1039.40,1039.90,24068
1788247740000000000,1039.90,1040.20,1039.80,1039.90,12593
1788247800000000000,1039.80,1039.90,1039.30,1039.50,8060
1788247860000000000,1039.40,1039.50,1038.30,1038.60,31573
1788247920000000000,1038.70,1038.80,1038.00,1038.60,90332
1788247980000000000,1038.60,1038.70,1038.40,1038.50,24156
1788248040000000000,1038.50,1038.70,1038.40,1038.70,10068
1788248100000000000,1038.70,1038.70,1038.20,1038.40,28365
1788248160000000000,1038.50,1038.80,1038.30,1038.40,22864
1788248220000000000,1038.50,1038.50,1038.20,1038.50,12639
1788248280000000000,1038.60,1038.80,1038.50,1038.70,4463
1788248340000000000,1038.80,1039.00,1038.10,1038.50,32288
1788248400000000000,1038.50,1038.80,1038.20,1038.80,39833
1788248460000000000,1038.80,1038.80,1037.80,1038.00,84980
1788248520000000000,1038.00,1038.80,1038.00,1038.80,16398
1788248580000000000,1038.80,1038.80,1038.30,1038.50,8825
1788248640000000000,1038.50,1038.60,1037.60,1037.80,15908
1788248700000000000,1037.80,1037.80,1037.30,1037.50,13061
1788248760000000000,1037.50,1037.50,1037.10,1037.10,8602
1788248820000000000,1037.20,1037.20,1035.10,1035.40,55959
1788248880000000000,1035.50,1035.60,1035.00,1035.30,31886
1788248940000000000,1035.40,1035.80,1035.00,1035.50,6605
1788249000000000000,1035.80,1035.80,1035.10,1035.10,18969
1788249060000000000,1035.20,1035.50,1035.10,1035.50,10466
1788249120000000000,1035.50,1035.60,1035.20,1035.50,12272
1788249180000000000,1035.50,1035.50,1035.00,1035.40,17324
1788249240000000000,1035.40,1036.10,1035.30,1035.40,36868
1788249300000000000,1035.70,1035.70,1035.20,1035.50,13014
1788249360000000000,1035.50,1035.60,1035.20,1035.40,8143
1788249420000000000,1035.50,1035.60,1034.00,1034.30,46429
1788249480000000000,1034.50,1034.80,1034.00,1034.50,19563
1788249540000000000,1034.50,1034.50,1034.10,1034.30,8483
1788249600000000000,1034.30,1034.50,1033.70,1033.90,44157
1788249660000000000,1034.00,1034.00,1033.60,1033.70,22438
1788249720000000000,1033.80,1034.20,1033.70,1034.00,51915
1788249780000000000,1034.10,1034.30,1034.00,1034.10,9094
1788249840000000000,1034.10,1034.40,1034.00,1034.20,6921
1788249900000000000,1034.30,1034.40,1033.80,1034.00,23842
1788249960000000000,1034.00,1034.20,1033.80,1033.80,9160
1788250020000000000,1033.90,1034.20,1032.50,1033.20,41050
1788250080000000000,1033.20,1033.70,1032.80,1033.20,13489
1788250140000000000,1033.20,1033.40,1032.60,1032.60,10351
1788250200000000000,1032.80,1032.80,1031.60,1032.50,52526
1788250260000000000,1032.50,1032.60,1031.90,1032.20,12095
1788250320000000000,1032.50,1032.60,1031.40,1031.80,16569
1788250380000000000,1031.80,1032.90,1031.30,1032.30,14009
1788250440000000000,1032.40,1033.40,1032.00,1032.50,35307
1788250500000000000,1032.90,1032.90,1032.00,1032.40,19283
1788250560000000000,1032.40,1032.80,1032.10,1032.20,7485
1788250620000000000,1032.20,1032.50,1031.60,1032.10,12534
1788250680000000000,1032.10,1032.30,1031.90,1032.00,11190
1788250740000000000,1032.20,1032.50,1031.60,1032.00,14729
1788250800000000000,1032.00,1032.10,1031.30,1031.40,17016
1788250860000000000,1031.50,1031.50,1030.20,1030.70,32047
1788250920000000000,1030.70,1031.40,1030.50,1031.20,14172
1788250980000000000,1031.20,1031.50,1031.00,1031.00,16269
1788251040000000000,1031.30,1031.40,1030.80,1031.40,14982
1788251100000000000,1031.30,1031.30,1030.00,1030.40,88884
1788251160000000000,1030.50,1031.40,1030.20,1031.40,13175
1788251220000000000,1031.40,1031.90,1031.10,1031.80,8290
1788251280000000000,1031.90,1032.30,1031.60,1031.90,14334
1788251340000000000,1032.00,1032.00,1031.10,1031.10,10921
1788251400000000000,1031.20,1031.40,1030.30,1030.90,21239
1788251460000000000,1030.90,1031.10,1030.50,1030.50,8978
1788251520000000000,1030.90,1030.90,1030.30,1030.50,13226
1788251580000000000,1030.80,1030.80,1030.20,1030.30,6643
1788251640000000000,1030.30,1031.00,1030.20,1030.70,6029
1788251700000000000,1030.70,1031.00,1030.30,1030.80,9910
1788251760000000000,1030.80,1031.00,1030.30,1030.90,14131
1788251820000000000,1030.90,1031.20,1030.60,1030.60,18597
1788251880000000000,1030.90,1030.90,1028.90,1029.00,55209
1788251940000000000,1029.30,1029.40,1027.10,1028.30,71379
1788252000000000000,1028.50,1029.00,1028.30,1028.60,39209
1788252060000000000,1028.80,1029.80,1028.80,1029.30,16580
1788252120000000000,1029.60,1029.70,1029.00,1029.00,14302
1788252180000000000,1029.10,1030.00,1029.00,1029.70,4490
1788252240000000000,1029.90,1030.00,1029.50,1030.00,5877
1788252300000000000,1030.00,1030.90,1029.90,1030.70,9766
1788252360000000000,1030.70,1031.10,1030.50,1030.60,32803
1788252420000000000,1030.80,1030.80,1030.00,1030.40,13813
1788252480000000000,1030.40,1030.60,1030.00,1030.10,7865
1788252540000000000,1030.20,1030.40,1029.90,1030.10,13007
1788252600000000000,1030.20,1030.80,1030.00,1030.50,5128
1788252660000000000,1030.80,1030.90,1030.50,1030.90,9900
1788252720000000000,1030.90,1031.00,1030.20,1030.60,9368
1788252780000000000,1030.60,1030.90,1030.40,1030.50,7047
1788252840000000000,1030.70,1031.00,1030.60,1031.00,8191
1788252900000000000,1031.00,1031.40,1030.50,1030.50,16613
1788252960000000000,1030.70,1030.90,1030.40,1030.60,9023
1788253020000000000,1030.90,1030.90,1030.30,1030.30,7360
1788253080000000000,1030.40,1030.40,1030.20,1030.30,8597
1788253140000000000,1030.40,1031.40,1030.30,1031.30,9302
1788253200000000000,1031.40,1031.90,1030.70,1031.00,37556
1788253260000000000,1030.90,1032.20,1030.90,1032.00,19645
1788253320000000000,1032.20,1032.50,1031.40,1031.50,20889
1788253380000000000,1031.70,1031.80,1031.00,1031.00,10769
1788253440000000000,1031.20,1032.00,1031.00,1031.80,17711
1788253500000000000,1031.90,1032.40,1031.80,1031.80,27720
1788253560000000000,1031.90,1031.90,1031.30,1031.30,9846
1788253620000000000,1031.40,1031.60,1031.00,1031.40,5738
1788253680000000000,1031.50,1032.10,1031.10,1031.70,15582
1788253740000000000,1031.80,1031.90,1030.60,1030.90,13060
1788253800000000000,1030.90,1030.90,1030.50,1030.50,12832
1788253860000000000,1030.60,1030.80,1030.50,1030.80,7184
1788253920000000000,1030.90,1031.60,1030.80,1031.30,5738
1788253980000000000,1031.30,1031.40,1030.70,1031.00,7576
1788254040000000000,1031.10,1031.10,1030.60,1031.00,4765
1788254100000000000,1031.10,1031.50,1030.60,1031.50,58629
1788254160000000000,1031.50,1031.50,1030.10,1030.30,52403
1788254220000000000,1030.30,1030.30,1030.20,1030.20,33034
1788254280000000000,1030.30,1030.30,1029.80,1030.00,62754
1788254340000000000,1030.10,1030.70,1029.70,1030.60,83360
1788254400000000000,1030.60,1030.80,1030.50,1030.80,13365
1788254460000000000,1030.80,1031.20,1030.70,1031.20,37073
1788254520000000000,1031.20,1031.20,1030.80,1031.10,68110
1788254580000000000,1031.20,1031.20,1030.80,1030.90,51264
1788254640000000000,1030.80,1030.90,1030.60,1030.80,35573
1788254700000000000,1030.80,1031.80,1030.70,1031.50,65526
1788254760000000000,1031.50,1031.50,1031.40,1031.40,9096
1788254820000000000,1031.50,1031.50,1031.30,1031.50,54410
1788254880000000000,1031.50,1031.70,1031.20,1031.60,43600
1788254940000000000,1031.70,1032.60,1031.60,1032.50,67441
1788255000000000000,1032.40,1032.50,1031.10,1031.50,83415
1788255060000000000,1031.60,1031.70,1030.60,1031.10,99765
1788255120000000000,1031.20,1031.20,1030.00,1030.00,71988
1788255180000000000,1030.30,1030.30,1029.50,1029.60,52927
1788255240000000000,1029.70,1029.80,1029.50,1029.70,63361
1788255300000000000,1029.60,1029.70,1028.90,1029.40,109223
1788255360000000000,1029.40,1029.40,1029.00,1029.10,55203
1788255420000000000,1029.10,1029.40,1028.90,1029.40,68066
1788255480000000000,1029.40,1030.00,1029.30,1029.70,46750
1788255540000000000,1029.70,1030.40,1028.80,1030.00,118744
1788255600000000000,1030.10,1030.50,1029.30,1030.00,76799
1788255660000000000,1030.00,1030.00,1029.20,1029.80,57441
1788255720000000000,1029.80,1032.20,1027.90,1029.70,292003
1788255780000000000,1029.70,1030.20,1029.30,1030.10,11503
1788255840000000000,1030.10,1030.50,1029.60,1029.90,13967
1788255900000000000,1029.90,1029.90,1029.90,1029.90,0
1788255960000000000,1029.90,1029.90,1029.90,1029.90,0
1788256020000000000,1029.90,1029.90,1029.90,1029.90,0
1788256080000000000,1029.90,1029.90,1029.90,1029.90,0
1788256140000000000,1029.90,1029.90,1029.90,1029.90,0
1788256200000000000,1029.90,1029.90,1029.90,1029.90,0
1788256260000000000,1029.90,1029.90,1029.90,1029.90,0
1788256320000000000,1029.90,1029.90,1029.90,1029.90,0
1788256380000000000,1029.90,1029.90,1029.90,1029.90,0
1788256440000000000,1029.90,1029.90,1029.90,1029.90,0
1788256500000000000,1029.90,1029.90,1029.90,1029.90,0
1788256560000000000,1029.90,1029.90,1029.90,1029.90,0
1788256620000000000,1029.90,1029.90,1029.90,1029.90,0
1788256680000000000,1029.90,1029.90,1029.90,1029.90,0
1788256740000000000,1034.50,1034.50,1034.50,1034.50,215385
1788320700000000000,1026.00,1027.00,1022.30,1026.10,219105
1788320760000000000,1026.00,1026.50,1024.20,1025.80,75925
1788320820000000000,1025.70,1026.40,1025.20,1026.20,60914
1788320880000000000,1026.50,1027.30,1025.60,1025.60,50929
1788320940000000000,1025.90,1026.30,1025.10,1026.30,40353
1788321000000000000,1026.20,1028.00,1025.80,1027.20,32479
1788321060000000000,1027.70,1027.80,1026.10,1027.70,26315
1788321120000000000,1027.60,1027.80,1025.80,1026.50,32730
1788321180000000000,1026.50,1028.30,1026.40,1028.10,60171
1788321240000000000,1028.10,1029.40,1027.50,1029.40,22600
1788321300000000000,1029.40,1029.70,1028.60,1029.10,26301
1788321360000000000,1029.10,1029.70,1029.00,1029.60,12186
1788321420000000000,1029.60,1029.70,1029.10,1029.30,7223
1788321480000000000,1029.30,1029.30,1028.20,1028.80,26511
1788321540000000000,1028.80,1028.80,1028.30,1028.40,12099
1788321600000000000,1028.60,1028.70,1027.20,1027.40,24643
1788321660000000000,1027.50,1027.60,1026.50,1026.90,15881
1788321720000000000,1026.90,1027.80,1026.60,1027.50,26105
1788321780000000000,1027.80,1028.50,1027.60,1028.50,9204
1788321840000000000,1028.30,1029.00,1028.30,1029.00,13264
1788321900000000000,1029.00,1029.30,1028.50,1029.00,16565
1788321960000000000,1029.20,1029.20,1028.20,1028.40,9908
1788322020000000000,1028.40,1028.70,1027.90,1028.40,11164
1788322080000000000,1028.70,1029.00,1028.50,1028.90,5649
1788322140000000000,1028.90,1029.00,1028.10,1028.60,8765
1788322200000000000,1028.60,1028.80,1028.00,1028.20,6718
1788322260000000000,1028.10,1028.30,1028.00,1028.00,3859
1788322320000000000,1028.10,1028.10,1027.50,1028.00,7323
1788322380000000000,1027.90,1028.30,1027.50,1027.90,10087
1788322440000000000,1028.10,1029.40,1027.90,1029.00,11378
1788322500000000000,1029.00,1029.00,1028.20,1028.30,4238
1788322560000000000,1028.30,1028.30,1026.70,1027.50,21038
1788322620000000000,1027.50,1028.30,1027.30,1028.30,10808
1788322680000000000,1028.00,1028.50,1027.70,1028.50,7130
1788322740000000000,1028.50,1029.60,1028.50,1029.30,10532
1788322800000000000,1029.30,1030.80,1029.00,1030.10,31758
1788322860000000000,1030.40,1030.40,1028.90,1029.20,11856
1788322920000000000,1029.20,1029.40,1028.50,1028.80,7575
1788322980000000000,1028.80,1030.00,1028.80,1029.60,11596
1788323040000000000,1029.60,1029.90,1029.20,1029.60,6505
1788323100000000000,1029.70,1029.80,1029.60,1029.60,2449
1788323160000000000,1029.70,1030.80,1029.50,1030.80,15020
1788323220000000000,1030.80,1030.90,1030.10,1030.60,18720
1788323280000000000,1030.40,1030.90,1030.40,1030.50,6809
1788323340000000000,1030.90,1030.90,1030.20,1030.40,9010
1788323400000000000,1030.40,1030.70,1030.20,1030.50,5852
1788323460000000000,1030.50,1030.50,1030.30,1030.50,3948
1788323520000000000,1030.50,1032.40,1030.40,1031.30,38055
1788323580000000000,1031.30,1031.70,1031.00,1031.40,5575
1788323640000000000,1031.30,1031.80,1031.00,1031.30,12329
1788323700000000000,1031.50,1032.20,1031.30,1031.70,9363
1788323760000000000,1031.70,1031.90,1031.30,1031.90,11649
1788323820000000000,1031.90,1032.10,1031.80,1032.10,13801
1788323880000000000,1032.10,1032.10,1031.20,1031.30,15564
1788323940000000000,1031.30,1031.40,1031.00,1031.00,9626
1788324000000000000,1031.10,1031.40,1031.00,1031.40,5131
1788324060000000000,1031.40,1031.80,1031.20,1031.30,6883
1788324120000000000,1031.30,1031.30,1030.90,1031.00,13950
1788324180000000000,1031.00,1032.00,1030.80,1032.00,15084
1788324240000000000,1032.00,1032.00,1031.20,1031.50,20709
1788324300000000000,1031.50,1031.50,1030.70,1031.50,7840
1788324360000000000,1031.40,1031.80,1031.10,1031.60,19546
1788324420000000000,1031.80,1031.80,1031.50,1031.70,5646
1788324480000000000,1031.60,1031.70,1031.00,1031.70,11539
1788324540000000000,1031.70,1032.00,1031.60,1031.70,9808
1788324600000000000,1032.00,1033.90,1031.90,1033.10,55771
1788324660000000000,1033.10,1034.70,1032.40,1034.40,33149
1788324720000000000,1034.50,1035.30,1034.40,1034.70,30561
1788324780000000000,1034.70,1034.80,1033.60,1033.70,33195
1788324840000000000,1033.80,1033.80,1033.20,1033.70,9336
1788324900000000000,1033.60,1033.70,1032.90,1033.30,13085
1788324960000000000,1033.20,1033.90,1033.00,1033.80,12332
1788325020000000000,1033.90,1034.90,1033.80,1034.60,8987
1788325080000000000,1034.80,1034.90,1033.00,1033.00,23902
1788325140000000000,1033.40,1033.90,1032.90,1033.80,12254
1788325200000000000,1033.60,1033.80,1033.30,1033.70,4849
1788325260000000000,1033.70,1034.60,1033.20,1033.50,8750
1788325320000000000,1033.60,1033.60,1033.00,1033.30,5359
1788325380000000000,1033.50,1033.60,1033.10,1033.20,5737
1788325440000000000,1033.30,1033.30,1033.00,1033.10,4157
1788325500000000000,1033.10,1033.50,1033.00,1033.30,5968
1788325560000000000,1033.40,1033.50,1032.80,1032.80,6006
1788325620000000000,1033.00,1033.00,1032.40,1032.70,6411
1788325680000000000,1032.80,1032.80,1032.40,1032.50,8326
1788325740000000000,1032.60,1032.90,1032.40,1032.50,4374
1788325800000000000,1032.60,1034.10,1032.50,1033.80,16171
1788325860000000000,1034.00,1034.10,1033.80,1033.90,6419
1788325920000000000,1033.90,1033.90,1033.30,1033.80,6923
1788325980000000000,1033.80,1033.80,1033.10,1033.30,9685
1788326040000000000,1033.40,1034.30,1033.40,1033.60,18485
1788326100000000000,1034.00,1034.10,1033.60,1034.10,15285
1788326160000000000,1034.10,1034.50,1033.60,1033.90,12083
1788326220000000000,1034.20,1034.90,1033.90,1034.60,21077
1788326280000000000,1034.90,1035.10,1034.60,1035.00,28728
1788326340000000000,1035.10,1035.10,1034.20,1034.90,29396
1788326400000000000,1034.90,1035.00,1034.50,1034.50,7985
1788326460000000000,1034.60,1034.60,1034.00,1034.20,8312
1788326520000000000,1034.20,1034.20,1033.10,1033.10,15558
1788326580000000000,1033.20,1033.20,1032.10,1032.30,22943
1788326640000000000,1032.30,1032.90,1031.40,1032.30,51552
1788326700000000000,1032.70,1032.80,1031.70,1031.70,11855
1788326760000000000,1031.80,1032.00,1031.40,1031.70,14460
1788326820000000000,1031.90,1032.00,1030.80,1030.80,19507
1788326880000000000,1030.90,1030.90,1030.30,1030.50,21286
1788326940000000000,1030.60,1031.50,1030.10,1030.20,19792
1788327000000000000,1030.20,1030.70,1030.10,1030.20,21709
1788327060000000000,1030.20,1030.20,1029.40,1029.80,49181
1788327120000000000,1029.80,1030.00,1029.70,1029.90,15828
1788327180000000000,1030.00,1030.00,1029.40,1029.60,9082
1788327240000000000,1029.50,1029.60,1029.40,1029.40,7136
1788327300000000000,1029.50,1029.50,1028.60,1028.90,29598
1788327360000000000,1028.80,1029.00,1028.80,1028.80,12340
1788327420000000000,1028.80,1029.90,1028.80,1029.40,43155
1788327480000000000,1029.40,1029.60,1028.80,1029.00,8965
1788327540000000000,1029.00,1029.10,1028.70,1028.80,6193
1788327600000000000,1028.80,1029.70,1028.70,1029.30,9651
1788327660000000000,1029.40,1029.60,1029.30,1029.40,5498
1788327720000000000,1029.50,1029.60,1029.30,1029.40,7141
1788327780000000000,1029.40,1029.90,1029.30,1029.50,15302
1788327840000000000,1029.50,1029.70,1029.30,1029.50,10513
1788327900000000000,1029.50,1029.60,1029.30,1029.40,6989
1788327960000000000,1029.40,1029.40,1029.10,1029.30,10715
1788328020000000000,1029.30,1029.40,1028.90,1029.40,12555
1788328080000000000,1029.40,1029.50,1028.90,1029.50,12414
1788328140000000000,1029.50,1029.50,1029.10,1029.30,7080
1788328200000000000,1029.30,1029.40,1028.90,1029.00,11575
1788328260000000000,1029.00,1029.00,1027.90,1028.80,106834
1788328320000000000,1028.80,1028.90,1028.40,1028.90,9936
1788328380000000000,1028.90,1029.50,1028.80,1029.10,7997
1788328440000000000,1029.10,1029.80,1027.70,1029.10,182013
1788328500000000000,1029.10,1029.70,1028.90,1029.70,10698
1788328560000000000,1029.70,1029.80,1028.50,1028.60,17434
1788328620000000000,1028.50,1029.20,1028.50,1029.00,9054
1788328680000000000,1029.00,1029.00,1027.30,1027.40,83500
1788328740000000000,1027.30,1028.00,1026.40,1026.60,46477
1788328800000000000,1026.60,1027.50,1026.50,1027.30,20802
1788328860000000000,1027.30,1027.30,1025.90,1026.30,84405
1788328920000000000,1026.30,1026.30,1025.60,1025.90,34426
1788328980000000000,1025.90,1026.00,1025.60,1025.80,13582
1788329040000000000,1025.80,1025.90,1025.00,1025.80,85581
1788329100000000000,1025.80,1025.90,1025.30,1025.70,15995
1788329160000000000,1025.70,1025.70,1024.00,1024.20,102088
1788329220000000000,1024.20,1024.70,1023.40,1024.00,118881
1788329280000000000,1024.00,1024.10,1023.40,1023.90,31984
1788329340000000000,1023.80,1024.60,1023.60,1024.00,92105
1788329400000000000,1024.00,1024.40,1023.90,1024.30,32932
1788329460000000000,1024.30,1024.40,1024.10,1024.20,13980
1788329520000000000,1024.20,1024.20,1024.00,1024.20,15945
1788329580000000000,1024.20,1025.00,1024.10,1024.70,26891
1788329640000000000,1024.70,1025.00,1024.20,1024.70,35080
1788329700000000000,1024.60,1024.70,1024.20,1024.40,12534
1788329760000000000,1024.40,1025.50,1023.50,1024.70,117636
1788329820000000000,1024.70,1024.70,1024.10,1024.40,14415
1788329880000000000,1024.30,1024.40,1023.20,1024.10,18347
1788329940000000000,1024.10,1024.50,1023.40,1023.80,21492
1788330000000000000,1023.80,1023.90,1023.40,1023.60,17993
1788330060000000000,1023.70,1024.50,1023.60,1024.20,31461
1788330120000000000,1024.10,1024.70,1023.10,1023.50,166217
1788330180000000000,1023.50,1023.90,1023.30,1023.70,27255
1788330240000000000,1023.70,1023.90,1023.60,1023.70,30308
1788330300000000000,1023.80,1024.30,1023.60,1024.00,46748
1788330360000000000,1024.00,1024.40,1023.30,1023.80,32422
1788330420000000000,1023.80,1023.90,1023.40,1023.60,14522
1788330480000000000,1023.60,1023.80,1023.30,1023.50,13230
1788330540000000000,1023.50,1023.80,1023.20,1023.50,12265
1788330600000000000,1023.50,1024.00,1023.20,1023.60,19423
1788330660000000000,1023.60,1024.50,1023.20,1023.60,58762
1788330720000000000,1023.60,1023.70,1022.60,1022.80,84537
1788330780000000000,1022.80,1023.20,1022.00,1022.10,56909
1788330840000000000,1022.10,1022.50,1022.00,1022.30,27921
1788330900000000000,1022.30,1022.50,1022.10,1022.40,17850
1788330960000000000,1022.40,1023.00,1022.20,1022.80,18565
1788331020000000000,1022.80,1022.90,1022.10,1022.40,19904
1788331080000000000,1022.40,1022.60,1022.10,1022.30,20548
1788331140000000000,1022.20,1022.90,1022.10,1022.40,20015
1788331200000000000,1022.40,1023.10,1022.30,1023.00,26232
1788331260000000000,1023.00,1024.40,1022.00,1023.90,175938
1788331320000000000,1023.90,1024.30,1023.70,1024.10,35766
1788331380000000000,1024.10,1024.30,1023.30,1023.70,35618
1788331440000000000,1023.70,1024.00,1023.30,1024.00,20872
1788331500000000000,1023.90,1024.40,1022.80,1023.20,67060
1788331560000000000,1023.20,1023.20,1022.50,1022.70,29007
1788331620000000000,1022.60,1023.50,1022.60,1023.00,22091
1788331680000000000,1023.00,1023.10,1022.20,1022.20,30302
1788331740000000000,1022.40,1022.80,1022.10,1022.50,19255
1788331800000000000,1022.50,1022.50,1021.20,1021.20,57995
1788331860000000000,1021.40,1021.50,1021.10,1021.30,34473
1788331920000000000,1021.30,1021.70,1020.40,1020.60,98397
1788331980000000000,1020.70,1020.80,1020.40,1020.50,31595
1788332040000000000,1020.40,1020.90,1020.30,1020.60,21069
1788332100000000000,1020.60,1021.00,1020.50,1021.00,27179
1788332160000000000,1021.00,1021.40,1020.70,1021.10,141705
1788332220000000000,1021.00,1021.20,1020.90,1021.10,49374
1788332280000000000,1021.10,1021.30,1021.00,1021.30,32159
1788332340000000000,1021.30,1022.20,1021.20,1021.80,40326
1788332400000000000,1021.80,1021.80,1021.00,1021.30,66904
1788332460000000000,1021.30,1022.40,1021.00,1022.30,151358
1788332520000000000,1022.20,1022.60,1022.00,1022.30,24434
1788332580000000000,1022.30,1022.40,1021.80,1022.10,29328
1788332640000000000,1022.10,1022.10,1021.30,1021.40,33808
1788332700000000000,1021.50,1022.40,1020.70,1020.90,109769
1788332760000000000,1020.90,1021.00,1020.80,1021.00,39895
1788332820000000000,1021.00,1021.80,1020.70,1021.00,97573
1788332880000000000,1021.00,1021.00,1020.80,1020.90,48706
1788332940000000000,1020.90,1021.00,1020.70,1020.90,54559
1788333000000000000,1020.90,1021.80,1020.70,1021.50,162441
1788333060000000000,1021.50,1021.80,1020.80,1021.60,108091
1788333120000000000,1021.60,1021.80,1021.30,1021.80,37611
1788333180000000000,1021.80,1022.50,1021.70,1022.40,29728
1788333240000000000,1022.40,1022.90,1022.00,1022.10,29211
1788333300000000000,1022.10,1022.10,1021.00,1021.20,41599
1788333360000000000,1021.20,1022.00,1021.10,1021.80,26178
1788333420000000000,1021.90,1022.10,1021.50,1021.60,19931
1788333480000000000,1021.60,1021.90,1021.40,1021.80,15069
1788333540000000000,1021.90,1022.10,1021.60,1021.80,36952
1788333600000000000,1021.80,1021.80,1021.30,1021.40,13591
1788333660000000000,1021.40,1021.70,1021.30,1021.60,16881
1788333720000000000,1021.60,1022.00,1021.40,1021.70,21029
1788333780000000000,1021.70,1022.00,1021.60,1021.90,22086
1788333840000000000,1021.90,1022.10,1021.80,1022.10,18385
1788333900000000000,1022.10,1022.20,1021.40,1021.50,25260
1788333960000000000,1021.50,1021.80,1021.30,1021.70,18133
1788334020000000000,1021.70,1022.30,1021.60,1022.00,29496
1788334080000000000,1021.90,1022.20,1021.50,1021.60,15365
1788334140000000000,1021.60,1022.00,1021.50,1021.90,16591
1788334200000000000,1021.90,1022.20,1021.60,1022.10,20018
1788334260000000000,1022.20,1022.60,1022.00,1022.50,23247
1788334320000000000,1022.50,1022.50,1021.80,1022.30,58222
1788334380000000000,1022.30,1022.30,1021.80,1021.90,47747
1788334440000000000,1021.90,1022.00,1021.70,1021.80,18632
1788334500000000000,1021.90,1022.00,1021.50,1021.60,43731
1788334560000000000,1021.60,1021.70,1021.30,1021.40,46326
1788334620000000000,1021.40,1021.40,1021.00,1021.10,23222
1788334680000000000,1021.10,1021.30,1020.60,1021.10,28738
1788334740000000000,1021.10,1021.10,1020.40,1020.60,21631
1788334800000000000,1020.60,1021.00,1020.40,1020.90,23555
1788334860000000000,1020.90,1021.40,1020.70,1021.20,21468
1788334920000000000,1021.20,1021.30,1020.70,1020.80,31025
1788334980000000000,1020.90,1021.80,1020.70,1021.60,96320
1788335040000000000,1021.60,1022.20,1021.50,1022.20,32325
1788335100000000000,1022.20,1022.30,1021.30,1021.40,16856
1788335160000000000,1021.40,1021.50,1021.00,1021.30,34852
1788335220000000000,1021.30,1021.70,1021.10,1021.60,15692
1788335280000000000,1021.60,1021.70,1021.10,1021.30,12261
1788335340000000000,1021.30,1021.30,1020.50,1020.80,19054
1788335400000000000,1020.70,1021.40,1020.60,1021.20,13736
1788335460000000000,1021.20,1021.20,1020.40,1020.50,22954
1788335520000000000,1020.50,1020.60,1020.10,1020.20,22482
1788335580000000000,1020.20,1020.20,1019.40,1019.80,113766
1788335640000000000,1019.80,1020.00,1019.60,1019.80,23914
1788335700000000000,1019.80,1019.80,1019.50,1019.50,20762
1788335760000000000,1019.60,1020.50,1019.50,1020.50,30162
1788335820000000000,1020.50,1021.30,1020.40,1021.00,21807
1788335880000000000,1021.00,1021.20,1020.40,1020.60,25343
1788335940000000000,1020.60,1020.80,1020.50,1020.70,13258
1788336000000000000,1020.70,1020.80,1020.40,1020.50,15764
1788336060000000000,1020.50,1020.70,1019.60,1019.90,28896
1788336120000000000,1019.90,1020.30,1019.80,1020.10,37607
1788336180000000000,1020.10,1020.50,1020.00,1020.10,27753
1788336240000000000,1020.10,1020.90,1019.80,1020.20,54549
1788336300000000000,1020.30,1020.50,1020.00,1020.20,17687
1788336360000000000,1020.20,1020.90,1020.10,1020.40,34924
1788336420000000000,1020.40,1021.50,1020.10,1020.90,45770
1788336480000000000,1020.90,1021.20,1020.20,1020.40,78144
1788336540000000000,1020.40,1020.50,1020.00,1020.00,28738
1788336600000000000,1020.10,1020.80,1019.70,1020.40,44457
1788336660000000000,1020.50,1020.70,1020.30,1020.70,24067
1788336720000000000,1020.70,1020.90,1020.20,1020.70,22265
1788336780000000000,1020.70,1021.00,1019.90,1020.10,71120
1788336840000000000,1020.10,1020.20,1019.90,1020.10,24155
1788336900000000000,1020.10,1020.40,1020.00,1020.20,21639
1788336960000000000,1020.20,1020.40,1020.00,1020.10,25545
1788337020000000000,1020.10,1021.00,1020.00,1020.90,21411
1788337080000000000,1020.90,1021.00,1019.70,1020.00,64219
1788337140000000000,1020.00,1020.10,1019.30,1019.50,40306
1788337200000000000,1019.50,1020.00,1019.40,1019.60,61185
1788337260000000000,1019.60,1019.60,1019.00,1019.10,50438
1788337320000000000,1019.10,1019.10,1018.70,1018.90,26489
1788337380000000000,1019.00,1019.30,1018.90,1019.20,61379
1788337440000000000,1019.20,1019.70,1018.80,1019.50,27606
1788337500000000000,1019.50,1019.60,1018.00,1019.20,173026
1788337560000000000,1019.20,1019.40,1019.00,1019.30,17547
1788337620000000000,1019.30,1019.70,1019.00,1019.50,102806
1788337680000000000,1019.50,1019.50,1019.30,1019.40,21051
1788337740000000000,1019.40,1019.60,1019.20,1019.40,19529
1788337800000000000,1019.30,1020.30,1019.30,1020.30,28118
1788337860000000000,1020.30,1020.30,1019.50,1019.90,32477
1788337920000000000,1019.90,1020.00,1019.50,1019.70,26859
1788337980000000000,1019.70,1019.80,1019.50,1019.60,23220
1788338040000000000,1019.60,1019.70,1019.00,1019.00,30644
1788338100000000000,1019.10,1019.20,1018.90,1019.20,20139
1788338160000000000,1019.20,1020.80,1019.10,1020.50,103380
1788338220000000000,1020.50,1021.00,1020.20,1021.00,84325
1788338280000000000,1021.00,1021.00,1020.50,1021.00,57247
1788338340000000000,1021.00,1021.00,1020.40,1020.60,55698
1788338400000000000,1020.60,1021.00,1020.10,1020.30,50601
1788338460000000000,1020.30,1021.00,1019.90,1020.80,53695
1788338520000000000,1020.80,1021.00,1020.50,1020.90,37479
1788338580000000000,1020.90,1021.00,1020.20,1020.50,34554
1788338640000000000,1020.60,1020.90,1020.20,1020.80,34628
1788338700000000000,1020.80,1021.20,1020.60,1020.80,58365
1788338760000000000,1020.80,1021.70,1020.60,1020.80,68818
1788338820000000000,1020.80,1021.40,1020.40,1020.60,75981
1788338880000000000,1020.60,1021.30,1020.30,1021.10,106944
1788338940000000000,1021.10,1021.40,1020.50,1021.10,38859
1788339000000000000,1021.10,1021.40,1020.10,1020.40,43851
1788339060000000000,1020.40,1020.50,1020.10,1020.30,19955
1788339120000000000,1020.30,1020.30,1020.10,1020.30,24238
1788339180000000000,1020.20,1020.50,1020.00,1020.10,24169
1788339240000000000,1020.10,1020.20,1018.80,1019.30,108648
1788339300000000000,1019.30,1019.50,1018.80,1019.30,36132
1788339360000000000,1019.30,1019.50,1019.00,1019.30,28697
1788339420000000000,1019.30,1019.40,1019.20,1019.30,16991
1788339480000000000,1019.30,1019.60,1019.20,1019.50,39497
1788339540000000000,1019.50,1019.90,1019.10,1019.60,43582
1788339600000000000,1019.80,1020.50,1019.50,1020.30,39948
1788339660000000000,1020.30,1020.90,1019.60,1019.90,45103
1788339720000000000,1019.90,1020.50,1019.80,1020.30,29829
1788339780000000000,1020.40,1021.00,1020.00,1020.80,38535
1788339840000000000,1020.90,1021.10,1020.20,1020.30,37940
1788339900000000000,1020.30,1020.90,1019.90,1020.40,298489
1788339960000000000,1020.50,1020.70,1019.60,1019.90,45903
1788340020000000000,1020.00,1020.40,1019.90,1020.20,23575
1788340080000000000,1020.20,1020.40,1019.20,1019.50,31738
1788340140000000000,1019.50,1020.00,1019.40,1020.00,57674
1788340200000000000,1020.00,1020.50,1019.90,1020.40,49395
1788340260000000000,1020.40,1020.40,1019.40,1019.50,39431
1788340320000000000,1019.50,1019.60,1019.30,1019.40,17629
1788340380000000000,1019.40,1019.40,1019.00,1019.00,23483
1788340440000000000,1019.10,1019.10,1018.20,1019.00,60102
1788340500000000000,1019.00,1019.30,1018.40,1019.10,36534
1788340560000000000,1019.20,1019.30,1019.00,1019.10,24501
1788340620000000000,1019.20,1020.00,1019.10,1019.30,36905
1788340680000000000,1019.40,1019.90,1019.30,1019.70,38116
1788340740000000000,1019.80,1020.90,1019.30,1019.60,138407
1788340800000000000,1019.60,1019.60,1019.00,1019.00,81843
1788340860000000000,1019.30,1019.40,1018.70,1018.90,45280
1788340920000000000,1018.90,1019.60,1018.60,1019.10,91732
1788340980000000000,1019.10,1019.20,1018.60,1018.60,40377
1788341040000000000,1018.90,1018.90,1018.50,1018.50,32707
1788341100000000000,1018.80,1019.00,1018.30,1018.50,32634
1788341160000000000,1018.60,1018.90,1018.20,1018.20,31847
1788341220000000000,1018.30,1018.50,1018.10,1018.20,28122
1788341280000000000,1018.30,1019.20,1018.10,1019.20,56538
1788341340000000000,1018.90,1019.20,1018.60,1019.00,34830
1788341400000000000,1018.90,1019.00,1018.30,1018.40,64596
1788341460000000000,1018.40,1018.50,1018.00,1018.10,53075
1788341520000000000,1018.20,1018.30,1018.10,1018.30,38319
1788341580000000000,1018.30,1018.30,1018.00,1018.00,46045
1788341640000000000,1018.10,1018.20,1017.70,1018.00,59948
1788341700000000000,1018.00,1018.00,1017.30,1017.90,88155
1788341760000000000,1018.00,1018.50,1017.70,1017.80,78812
1788341820000000000,1017.80,1018.50,1017.50,1018.30,112093
1788341880000000000,1018.50,1018.90,1018.20,1018.20,155756
1788341940000000000,1018.30,1019.90,1018.00,1019.70,129458
1788342000000000000,1019.80,1019.80,1019.00,1019.50,127895
1788342060000000000,1019.50,1020.00,1018.90,1019.00,159168
1788342120000000000,1019.00,1020.70,1018.60,1020.00,172606
1788342180000000000,1020.00,1020.60,1018.60,1020.20,379677
1788342240000000000,1020.10,1020.50,1019.80,1020.50,31162
1788342300000000000,1020.50,1020.50,1020.50,1020.50,0
1788342360000000000,1020.50,1020.50,1020.50,1020.50,0
1788342420000000000,1020.50,1020.50,1020.50,1020.50,0
1788342480000000000,1020.50,1020.50,1020.50,1020.50,0
1788342540000000000,1020.50,1020.50,1020.50,1020.50,0
1788342600000000000,1020.50,1020.50,1020.50,1020.50,0
1788342660000000000,1020.50,1020.50,1020.50,1020.50,0
1788342720000000000,1020.50,1020.50,1020.50,1020.50,0
1788342780000000000,1020.50,1020.50,1020.50,1020.50,0
1788342840000000000,1020.50,1020.50,1020.50,1020.50,0
1788342900000000000,1020.50,1020.50,1020.50,1020.50,0
1788342960000000000,1020.50,1020.50,1020.50,1020.50,0
1788343020000000000,1020.50,1020.50,1020.50,1020.50,0
1788343080000000000,1020.50,1020.50,1020.50,1020.50,0
1788343140000000000,1020.90,1020.90,1020.90,1020.90,173736
1788407100000000000,1028.90,1030.40,1025.30,1029.10,151704
1788407160000000000,1029.70,1031.00,1029.10,1030.50,53474
1788407220000000000,1030.70,1031.90,1030.30,1031.10,66087
1788407280000000000,1031.40,1032.10,1030.40,1030.40,49008
1788407340000000000,1030.60,1030.60,1029.30,1029.30,38186
1788407400000000000,1029.50,1030.40,1029.30,1029.60,42568
1788407460000000000,1029.80,1030.90,1029.40,1030.90,28248
1788407520000000000,1031.00,1032.90,1030.40,1032.90,62073
1788407580000000000,1032.60,1033.50,1032.20,1032.20,68793
1788407640000000000,1032.20,1032.20,1030.30,1030.30,54740
1788407700000000000,1030.30,1030.80,1030.10,1030.10,26752
1788407760000000000,1030.10,1032.40,1030.10,1031.90,28224
1788407820000000000,1031.60,1032.10,1031.40,1031.50,21375
1788407880000000000,1031.30,1031.40,1030.90,1030.90,13839
1788407940000000000,1030.80,1030.90,1030.60,1030.60,15420
1788408000000000000,1031.00,1031.00,1030.60,1030.90,12839
1788408060000000000,1030.50,1030.60,1030.00,1030.50,49172
1788408120000000000,1030.50,1030.50,1030.20,1030.30,8324
1788408180000000000,1030.30,1031.00,1030.30,1031.00,13467
1788408240000000000,1031.30,1032.50,1031.00,1032.50,39890
1788408300000000000,1032.50,1032.50,1031.70,1031.90,14749
1788408360000000000,1031.90,1032.00,1031.50,1032.00,12323
1788408420000000000,1032.00,1032.00,1031.60,1031.70,10374
1788408480000000000,1031.80,1031.80,1031.00,1031.00,20742
1788408540000000000,1030.90,1030.90,1030.30,1030.30,14014
1788408600000000000,1030.10,1030.80,1030.10,1030.80,11890
1788408660000000000,1031.00,1031.20,1031.00,1031.20,9784
1788408720000000000,1031.30,1031.60,1031.30,1031.30,18403
1788408780000000000,1031.30,1031.80,1031.30,1031.80,7152
1788408840000000000,1031.70,1032.00,1031.60,1031.70,12398
1788408900000000000,1031.60,1032.10,1031.60,1032.10,7144
1788408960000000000,1032.10,1032.40,1031.60,1031.60,16218
1788409020000000000,1031.70,1032.00,1031.70,1032.00,22391
1788409080000000000,1032.00,1032.20,1031.90,1032.00,8970
1788409140000000000,1032.00,1032.20,1031.90,1032.10,9620
1788409200000000000,1032.10,1032.20,1031.80,1031.80,15466
1788409260000000000,1031.90,1033.10,1031.90,1033.10,31888
1788409320000000000,1033.40,1033.40,1032.80,1032.80,34391
1788409380000000000,1032.80,1033.10,1032.50,1033.00,19007
1788409440000000000,1032.90,1033.00,1032.10,1032.30,13961
1788409500000000000,1032.50,1032.50,1032.30,1032.30,5928
1788409560000000000,1032.50,1033.00,1032.50,1032.50,17411
1788409620000000000,1032.50,1032.60,1032.30,1032.40,9922
1788409680000000000,1032.50,1032.50,1032.30,1032.40,7490
1788409740000000000,1032.30,1032.40,1032.20,1032.30,12199
1788409800000000000,1032.40,1032.40,1031.10,1031.70,17956
1788409860000000000,1031.70,1032.00,1031.60,1032.00,9274
1788409920000000000,1032.30,1032.30,1031.90,1031.90,6941
1788409980000000000,1031.90,1031.90,1031.00,1031.10,11171
1788410040000000000,1031.40,1031.50,1031.40,1031.50,3390
1788410100000000000,1031.50,1031.70,1031.20,1031.50,24905
1788410160000000000,1031.60,1031.60,1030.80,1030.80,16085
1788410220000000000,1030.50,1030.50,1030.20,1030.40,11574
1788410280000000000,1030.20,1030.50,1029.60,1029.80,38321
1788410340000000000,1029.50,1029.80,1029.10,1029.60,19569
1788410400000000000,1029.60,1029.80,1029.00,1029.70,23612
1788410460000000000,1029.70,1029.90,1029.60,1029.70,9394
1788410520000000000,1029.60,1029.80,1029.60,1029.80,8433
1788410580000000000,1029.90,1030.00,1029.70,1030.00,7945
1788410640000000000,1030.00,1030.00,1029.80,1029.90,4657
1788410700000000000,1029.90,1031.00,1029.90,1031.00,18039
1788410760000000000,1031.60,1031.80,1031.50,1031.80,15814
1788410820000000000,1031.80,1031.80,1031.50,1031.50,6171
1788410880000000000,1031.50,1031.90,1031.50,1031.60,2989
1788410940000000000,1031.70,1031.80,1031.60,1031.80,5345
1788411000000000000,1031.70,1031.80,1031.50,1031.70,7298
1788411060000000000,1031.60,1031.80,1031.60,1031.70,3769
1788411120000000000,1031.70,1033.90,1031.70,1033.50,74116
1788411180000000000,1033.50,1036.00,1033.50,1035.50,122809
1788411240000000000,1035.50,1035.90,1035.00,1035.70,19979
1788411300000000000,1035.70,1035.70,1034.60,1034.70,20232
1788411360000000000,1034.90,1034.90,1034.10,1034.10,17249
1788411420000000000,1034.20,1034.30,1033.60,1033.90,29199
1788411480000000000,1033.90,1034.20,1033.20,1033.50,14587
1788411540000000000,1033.50,1033.70,1033.20,1033.60,4221
1788411600000000000,1033.70,1033.70,1033.00,1033.40,15336
1788411660000000000,1033.40,1033.70,1033.00,1033.20,11687
1788411720000000000,1033.20,1033.50,1033.00,1033.30,5000
1788411780000000000,1033.30,1033.40,1033.00,1033.00,7389
1788411840000000000,1032.70,1032.80,1032.40,1032.50,5807
1788411900000000000,1032.70,1032.70,1032.40,1032.60,4217
1788411960000000000,1032.60,1032.60,1032.00,1032.00,9902
1788412020000000000,1031.90,1031.90,1031.40,1031.80,13261
1788412080000000000,1031.50,1032.20,1031.50,1032.10,6791
1788412140000000000,1031.80,1032.40,1031.80,1032.40,13143
1788412200000000000,1032.50,1032.50,1031.90,1031.90,6055
1788412260000000000,1032.00,1032.30,1031.70,1031.70,6832
1788412320000000000,1031.70,1031.70,1031.50,1031.50,5154
1788412380000000000,1031.40,1031.50,1031.00,1031.40,7913
1788412440000000000,1031.50,1031.60,1031.20,1031.60,6461
1788412500000000000,1031.70,1032.20,1031.70,1032.00,11806
1788412560000000000,1032.20,1032.20,1031.50,1031.50,5243
1788412620000000000,1031.60,1031.80,1031.20,1031.20,6008
1788412680000000000,1031.30,1031.70,1031.20,1031.70,7233
1788412740000000000,1031.70,1031.70,1031.10,1031.30,5348
1788412800000000000,1031.30,1031.30,1030.50,1030.80,13858
1788412860000000000,1030.80,1031.10,1030.70,1030.90,3163
1788412920000000000,1030.80,1031.30,1030.50,1031.30,9760
1788412980000000000,1031.40,1031.40,1031.00,1031.00,12686
1788413040000000000,1031.00,1031.20,1030.80,1030.90,8630
1788413100000000000,1030.90,1031.50,1030.80,1031.50,19034
1788413160000000000,1031.50,1032.00,1031.20,1032.00,9814
1788413220000000000,1032.00,1032.30,1031.70,1031.80,8130
1788413280000000000,1032.00,1032.20,1031.80,1031.80,10728
1788413340000000000,1032.00,1032.40,1031.10,1031.10,49328
1788413400000000000,1031.10,1031.80,1030.90,1031.60,70086
1788413460000000000,1031.70,1031.80,1031.20,1031.30,10721
1788413520000000000,1031.40,1031.40,1030.90,1031.00,5804
1788413580000000000,1031.10,1031.50,1031.00,1031.30,6145
1788413640000000000,1030.50,1031.30,1030.50,1031.10,123304
1788413700000000000,1031.00,1031.10,1030.60,1031.00,6278
1788413760000000000,1031.00,1031.10,1030.70,1030.90,9516
1788413820000000000,1030.80,1030.80,1030.00,1030.00,21977
1788413880000000000,1030.00,1030.10,1028.90,1029.00,61419
1788413940000000000,1029.00,1029.10,1028.00,1028.30,39452
1788414000000000000,1028.30,1028.60,1027.60,1027.90,20220
1788414060000000000,1027.70,1028.00,1027.00,1027.80,26527
1788414120000000000,1028.10,1028.70,1028.00,1028.50,36243
1788414180000000000,1028.50,1028.80,1028.10,1028.30,14341
1788414240000000000,1028.20,1028.50,1027.50,1027.70,23640
1788414300000000000,1027.70,1027.70,1026.50,1027.00,45415
1788414360000000000,1027.00,1028.10,1026.50,1028.10,33124
1788414420000000000,1028.30,1028.80,1027.60,1027.90,38358
1788414480000000000,1027.60,1028.40,1027.60,1028.10,9040
1788414540000000000,1028.10,1028.50,1028.10,1028.50,8551
1788414600000000000,1028.70,1028.70,1028.10,1028.40,15635
1788414660000000000,1028.40,1028.80,1028.30,1028.80,6357
1788414720000000000,1028.50,1029.00,1028.50,1028.50,62925
1788414780000000000,1029.00,1030.00,1029.00,1029.90,27195
1788414840000000000,1029.80,1029.80,1029.10,1029.10,8111
1788414900000000000,1029.20,1029.40,1028.80,1029.00,10123
1788414960000000000,1028.90,1029.00,1028.90,1029.00,9513
1788415020000000000,1029.00,1029.00,1028.90,1028.90,54409
1788415080000000000,1029.80,1030.40,1028.90,1029.70,185628
1788415140000000000,1029.60,1029.70,1029.10,1029.50,9461
1788415200000000000,1029.60,1029.60,1029.10,1029.30,40589
1788415260000000000,1029.30,1029.60,1029.20,1029.40,16671
1788415320000000000,1029.50,1029.60,1029.50,1029.60,14920
1788415380000000000,1029.60,1029.70,1029.60,1029.60,10626
1788415440000000000,1029.70,1029.90,1029.70,1029.80,34644
1788415500000000000,1029.50,1031.00,1029.50,1030.90,61458
1788415560000000000,1031.00,1031.00,1030.50,1030.70,32247
1788415620000000000,1030.70,1030.90,1030.10,1030.20,10931
1788415680000000000,1030.00,1030.00,1029.90,1029.90,9125
1788415740000000000,1030.00,1030.10,1029.90,1030.00,7932
1788415800000000000,1030.20,1030.70,1030.20,1030.60,13161
1788415860000000000,1030.70,1030.70,1029.90,1029.90,11670
1788415920000000000,1030.00,1030.40,1029.90,1029.90,21468
1788415980000000000,1030.00,1030.00,1029.50,1030.00,14148
1788416040000000000,1030.00,1030.10,1029.70,1029.70,16035
1788416100000000000,1030.00,1030.70,1029.90,1030.50,32777
1788416160000000000,1030.70,1030.70,1030.30,1030.50,14768
1788416220000000000,1030.70,1030.70,1030.20,1030.30,8085
1788416280000000000,1030.10,1031.00,1030.10,1031.00,13373
1788416340000000000,1031.20,1031.60,1031.20,1031.60,20914
1788416400000000000,1031.70,1032.00,1031.70,1032.00,19551
1788416460000000000,1031.90,1031.90,1030.70,1031.00,26238
1788416520000000000,1031.00,1031.00,1030.70,1031.00,18457
1788416580000000000,1031.00,1031.00,1030.90,1031.00,7313
1788416640000000000,1031.00,1031.10,1030.90,1031.10,27417
1788416700000000000,1031.20,1031.20,1031.10,1031.10,14773
1788416760000000000,1031.20,1031.40,1030.80,1031.40,12736
1788416820000000000,1031.50,1032.20,1031.00,1032.20,21977
1788416880000000000,1032.20,1032.20,1031.40,1031.50,23116
1788416940000000000,1031.50,1031.70,1030.90,1031.00,29195
1788417000000000000,1031.00,1031.00,1030.80,1030.80,25755
1788417060000000000,1030.90,1031.00,1030.50,1030.60,55535
1788417120000000000,1030.60,1031.00,1030.60,1030.70,12177
1788417180000000000,1030.70,1031.00,1030.30,1030.60,9353
1788417240000000000,1030.40,1030.60,1030.30,1030.40,8713
1788417300000000000,1030.80,1030.80,1030.40,1030.40,9141
1788417360000000000,1030.30,1031.00,1030.30,1030.60,16080
1788417420000000000,1030.10,1030.90,1030.10,1030.90,10338
1788417480000000000,1030.70,1030.90,1030.60,1030.90,9544
1788417540000000000,1031.00,1031.00,1030.60,1030.60,6580
1788417600000000000,1030.60,1030.90,1030.60,1030.60,5140
1788417660000000000,1030.50,1030.50,1030.30,1030.50,8820
1788417720000000000,1030.50,1030.70,1030.40,1030.60,5302
1788417780000000000,1030.70,1031.20,1030.40,1031.20,9045
1788417840000000000,1031.40,1031.40,1030.80,1031.30,14544
1788417900000000000,1031.30,1031.40,1029.90,1031.40,53400
1788417960000000000,1031.30,1031.70,1030.10,1030.40,33111
1788418020000000000,1030.40,1030.40,1030.00,1030.10,38007
1788418080000000000,1030.20,1030.30,1029.60,1029.70,7923
1788418140000000000,1029.70,1030.30,1029.60,1030.10,9784
1788418200000000000,1030.10,1030.70,1030.00,1030.30,6492
1788418260000000000,1030.50,1030.70,1029.50,1029.70,36133
1788418320000000000,1029.80,1029.80,1029.50,1029.60,11921
1788418380000000000,1029.60,1029.80,1029.20,1029.40,26108
1788418440000000000,1029.30,1029.30,1028.50,1028.60,23550
1788418500000000000,1028.70,1029.00,1028.50,1028.90,8548
1788418560000000000,1029.00,1029.00,1028.60,1028.60,11723
1788418620000000000,1028.70,1028.80,1028.50,1028.80,15824
1788418680000000000,1028.80,1029.00,1028.50,1028.90,11166
1788418740000000000,1028.90,1029.00,1028.90,1029.00,4090
1788418800000000000,1029.00,1029.00,1028.80,1028.90,5575
1788418860000000000,1029.00,1029.60,1029.00,1029.50,35273
1788418920000000000,1029.60,1029.60,1028.80,1028.90,22967
1788418980000000000,1029.10,1029.10,1028.90,1028.90,11008
1788419040000000000,1028.90,1029.00,1028.80,1029.00,12100
1788419100000000000,1029.00,1029.00,1028.90,1028.90,7875
1788419160000000000,1029.00,1029.00,1028.80,1028.80,17359
1788419220000000000,1029.00,1029.10,1028.80,1028.90,10527
1788419280000000000,1029.00,1030.00,1028.90,1030.00,30770
1788419340000000000,1029.90,1030.20,1029.70,1029.90,7576
1788419400000000000,1030.00,1030.20,1029.90,1030.10,5001
1788419460000000000,1030.00,1030.10,1029.60,1029.60,5921
1788419520000000000,1029.60,1029.90,1029.00,1029.00,19488
1788419580000000000,1029.50,1029.80,1029.50,1029.50,3921
1788419640000000000,1029.90,1029.90,1029.30,1029.50,7226
1788419700000000000,1029.50,1029.90,1029.40,1029.90,3977
1788419760000000000,1029.90,1030.00,1029.90,1030.00,6464
1788419820000000000,1030.00,1030.00,1029.80,1029.80,8059
1788419880000000000,1029.90,1029.90,1029.80,1029.90,8449
1788419940000000000,1029.90,1030.00,1029.90,1029.90,5120
1788420000000000000,1030.00,1030.00,1029.90,1029.90,6909
1788420060000000000,1029.90,1030.00,1029.90,1029.90,5018
1788420120000000000,1030.00,1030.10,1029.90,1030.00,19372
1788420180000000000,1030.00,1030.20,1030.00,1030.10,4009
1788420240000000000,1030.20,1030.30,1030.10,1030.20,8870
1788420300000000000,1030.30,1030.30,1029.50,1029.60,18967
1788420360000000000,1029.70,1029.70,1028.80,1029.00,24617
1788420420000000000,1029.00,1029.50,1028.90,1029.20,30528
1788420480000000000,1029.20,1029.50,1028.50,1029.00,39251
1788420540000000000,1028.90,1029.00,1028.90,1028.90,5052
1788420600000000000,1029.00,1029.00,1028.40,1028.90,19046
1788420660000000000,1029.00,1029.00,1028.50,1028.50,11667
1788420720000000000,1028.60,1029.00,1028.50,1028.70,8583
1788420780000000000,1028.90,1029.20,1028.70,1029.10,11676
1788420840000000000,1028.90,1029.20,1028.90,1029.00,6729
1788420900000000000,1029.00,1029.00,1028.90,1029.00,12897
1788420960000000000,1029.00,1029.00,1028.60,1028.80,14654
1788421020000000000,1028.90,1029.00,1028.70,1028.70,13245
1788421080000000000,1028.70,1028.90,1028.70,1028.90,10020
1788421140000000000,1028.70,1028.90,1028.60,1028.80,10410
1788421200000000000,1029.00,1029.00,1028.80,1029.00,5250
1788421260000000000,1029.00,1029.00,1028.90,1029.00,4123
1788421320000000000,1028.90,1029.10,1028.90,1029.10,35354
1788421380000000000,1029.10,1029.10,1028.90,1028.90,12948
1788421440000000000,1028.80,1028.90,1028.70,1028.80,8651
1788421500000000000,1028.90,1029.00,1028.60,1028.60,19249
1788421560000000000,1028.60,1028.90,1028.50,1028.90,6714
1788421620000000000,1028.90,1028.90,1028.60,1028.70,5654
1788421680000000000,1028.80,1029.00,1028.40,1028.40,17856
1788421740000000000,1028.30,1028.40,1027.80,1027.80,30185
1788421800000000000,1027.80,1028.00,1027.60,1027.80,11517
1788421860000000000,1027.90,1027.90,1027.50,1027.50,7520
1788421920000000000,1027.70,1027.70,1027.50,1027.60,6765
1788421980000000000,1027.60,1028.00,1027.50,1027.60,16039
1788422040000000000,1027.30,1027.60,1027.10,1027.20,10717
1788422100000000000,1027.30,1027.50,1026.70,1026.80,16594
1788422160000000000,1026.80,1027.10,1026.80,1026.90,18281
1788422220000000000,1027.00,1027.30,1026.90,1027.00,31479
1788422280000000000,1027.00,1027.00,1026.90,1026.90,5892
1788422340000000000,1027.00,1027.00,1026.90,1026.90,16044
1788422400000000000,1026.90,1027.10,1026.90,1027.10,15685
1788422460000000000,1027.10,1027.70,1027.10,1027.70,24164
1788422520000000000,1027.70,1027.70,1027.20,1027.50,10318
1788422580000000000,1027.50,1028.80,1027.40,1028.70,14592
1788422640000000000,1028.70,1028.70,1028.00,1028.20,15333
1788422700000000000,1028.30,1028.70,1028.20,1028.50,8858
1788422760000000000,1028.50,1028.60,1027.60,1027.60,11059
1788422820000000000,1027.70,1028.10,1027.60,1027.60,17363
1788422880000000000,1028.00,1028.20,1027.70,1027.90,13970
1788422940000000000,1028.00,1028.00,1027.60,1027.60,6102
1788423000000000000,1027.60,1028.00,1027.40,1028.00,13707
1788423060000000000,1028.00,1028.10,1027.40,1027.40,16524
1788423120000000000,1027.40,1027.90,1027.40,1027.80,5018
1788423180000000000,1027.90,1028.20,1027.60,1028.00,9831
1788423240000000000,1027.80,1028.30,1027.60,1028.20,9005
1788423300000000000,1028.30,1028.30,1027.80,1027.90,4495
1788423360000000000,1027.80,1028.10,1027.80,1028.00,5762
1788423420000000000,1027.90,1028.20,1027.90,1028.10,17086
1788423480000000000,1028.00,1028.40,1027.60,1028.20,14264
1788423540000000000,1028.30,1028.50,1028.00,1028.30,10218
1788423600000000000,1028.30,1028.80,1028.30,1028.80,14343
1788423660000000000,1028.80,1028.80,1028.50,1028.50,14622
1788423720000000000,1028.60,1028.70,1028.10,1028.30,23455
1788423780000000000,1028.20,1028.20,1027.70,1028.00,17461
1788423840000000000,1028.10,1029.50,1028.10,1029.40,147845
1788423900000000000,1029.30,1029.50,1028.20,1028.60,16840
1788423960000000000,1028.40,1029.00,1028.30,1028.90,10202
1788424020000000000,1029.00,1029.40,1028.90,1029.00,32304
1788424080000000000,1029.00,1029.40,1029.00,1029.10,22376
1788424140000000000,1029.10,1029.30,1028.80,1028.90,17558
1788424200000000000,1028.90,1029.20,1028.80,1028.90,16502
1788424260000000000,1028.80,1028.80,1028.20,1028.30,14725
1788424320000000000,1028.40,1028.50,1027.60,1027.80,44640
1788424380000000000,1027.90,1028.40,1027.60,1028.40,26148
1788424440000000000,1028.30,1028.40,1027.90,1027.90,15057
1788424500000000000,1028.00,1028.20,1027.60,1028.10,10677
1788424560000000000,1028.20,1028.20,1027.90,1028.00,7554
1788424620000000000,1027.90,1028.10,1027.90,1028.00,5920
1788424680000000000,1027.90,1027.90,1027.20,1027.50,33211
1788424740000000000,1027.40,1027.40,1026.20,1026.60,32300
1788424800000000000,1026.80,1026.90,1025.60,1026.10,38922
1788424860000000000,1026.20,1026.20,1025.50,1025.60,17608
1788424920000000000,1025.60,1025.60,1025.00,1025.00,14739
1788424980000000000,1025.10,1025.50,1024.40,1025.00,38937
1788425040000000000,1025.10,1025.30,1025.10,1025.20,18023
1788425100000000000,1025.20,1025.40,1025.10,1025.20,35073
1788425160000000000,1025.30,1025.50,1025.20,1025.40,9160
1788425220000000000,1025.40,1025.40,1025.00,1025.10,13281
1788425280000000000,1025.10,1025.40,1024.90,1024.90,41744
1788425340000000000,1024.80,1025.60,1024.70,1025.20,23383
1788425400000000000,1025.10,1025.90,1025.10,1025.90,18779
1788425460000000000,1025.90,1025.90,1025.00,1025.10,37632
1788425520000000000,1025.00,1025.60,1025.00,1025.10,13964
1788425580000000000,1025.20,1025.50,1024.90,1025.20,16331
1788425640000000000,1025.40,1026.00,1024.90,1025.50,23817
1788425700000000000,1025.40,1025.70,1025.30,1025.30,8048
1788425760000000000,1025.40,1025.40,1025.00,1025.40,12878
1788425820000000000,1025.40,1025.40,1025.20,1025.30,14790
1788425880000000000,1025.30,1025.50,1025.20,1025.50,10033
1788425940000000000,1025.60,1026.00,1025.40,1025.50,19808
1788426000000000000,1025.50,1025.60,1024.70,1024.90,25412
1788426060000000000,1024.90,1025.50,1024.80,1025.30,15001
1788426120000000000,1025.30,1025.60,1024.90,1025.00,13641
1788426180000000000,1025.00,1025.40,1024.90,1025.00,12093
1788426240000000000,1025.00,1025.20,1024.90,1025.20,10234
1788426300000000000,1025.20,1025.40,1024.70,1024.80,13410
1788426360000000000,1024.80,1025.20,1024.80,1025.10,12667
1788426420000000000,1025.10,1025.10,1024.80,1024.90,13951
1788426480000000000,1024.80,1025.00,1024.60,1024.70,15352
1788426540000000000,1024.80,1024.80,1024.50,1024.50,6690
1788426600000000000,1024.90,1024.90,1024.50,1024.80,13176
1788426660000000000,1024.80,1024.90,1024.50,1024.50,15359
1788426720000000000,1024.90,1025.00,1024.50,1025.00,19309
1788426780000000000,1024.90,1025.00,1024.10,1024.50,9388
1788426840000000000,1025.20,1025.20,1024.60,1024.70,18459
1788426900000000000,1025.00,1025.00,1024.60,1024.70,7188
1788426960000000000,1024.90,1025.00,1024.40,1024.40,20037
1788427020000000000,1024.50,1024.50,1024.30,1024.40,14136
1788427080000000000,1024.50,1024.80,1024.30,1024.40,50494
1788427140000000000,1024.70,1024.90,1024.60,1024.60,8852
1788427200000000000,1024.80,1025.00,1024.60,1024.80,10541
1788427260000000000,1024.60,1024.70,1024.30,1024.30,15635
1788427320000000000,1024.50,1024.60,1024.30,1024.30,10180
1788427380000000000,1024.20,1024.30,1023.80,1024.10,17388
1788427440000000000,1024.30,1024.30,1024.00,1024.10,15576
1788427500000000000,1024.00,1024.00,1023.50,1023.70,19722
1788427560000000000,1023.70,1023.70,1022.30,1023.00,32662
1788427620000000000,1023.00,1023.00,1022.30,1022.70,20187
1788427680000000000,1022.60,1022.70,1022.30,1022.50,21689
1788427740000000000,1022.40,1023.00,1022.10,1022.50,35989
1788427800000000000,1022.30,1022.30,1021.60,1021.80,37602
1788427860000000000,1021.70,1022.40,1021.20,1021.80,26610
1788427920000000000,1022.00,1022.10,1021.60,1022.10,12179
1788427980000000000,1022.10,1022.50,1022.00,1022.40,17363
1788428040000000000,1022.30,1022.30,1022.10,1022.30,18970
1788428100000000000,1022.00,1022.10,1021.50,1022.00,48403
1788428160000000000,1021.90,1022.00,1021.70,1021.70,35865
1788428220000000000,1021.70,1022.70,1021.70,1022.70,24349
1788428280000000000,1022.70,1022.80,1022.30,1022.60,23479
1788428340000000000,1022.60,1022.70,1022.50,1022.70,35462
1788428400000000000,1022.50,1022.70,1022.20,1022.60,30711
1788428460000000000,1022.30,1022.90,1022.30,1022.70,35431
1788428520000000000,1022.80,1022.80,1021.10,1022.20,93797
1788428580000000000,1022.30,1023.20,1022.30,1023.20,28044
1788428640000000000,1023.20,1023.50,1022.60,1023.00,21366
1788428700000000000,1023.00,1023.00,1023.00,1023.00,0
1788428760000000000,1023.00,1023.00,1023.00,1023.00,0
1788428820000000000,1023.00,1023.00,1023.00,1023.00,0
1788428880000000000,1023.00,1023.00,1023.00,1023.00,0
1788428940000000000,1023.00,1023.00,1023.00,1023.00,0
1788429000000000000,1023.00,1023.00,1023.00,1023.00,0
1788429060000000000,1023.00,1023.00,1023.00,1023.00,0
1788429120000000000,1023.00,1023.00,1023.00,1023.00,0
1788429180000000000,1023.00,1023.00,1023.00,1023.00,0
1788429240000000000,1023.00,1023.00,1023.00,1023.00,0
1788429300000000000,1023.00,1023.00,1023.00,1023.00,0
1788429360000000000,1023.00,1023.00,1023.00,1023.00,0
1788429420000000000,1023.00,1023.00,1023.00,1023.00,0
1788429480000000000,1023.40,1023.40,1023.40,1023.40,170675
1788429540000000000,1023.40,1023.40,1023.40,1023.40,0
1788493500000000000,1026.00,1026.60,1023.40,1023.50,88641
1788493560000000000,1024.00,1024.20,1023.00,1023.40,47662
1788493620000000000,1023.00,1023.30,1020.50,1020.70,53138
1788493680000000000,1020.70,1022.50,1020.70,1022.50,16650
1788493740000000000,1023.00,1023.00,1021.70,1021.90,21768
1788493800000000000,1022.20,1022.50,1021.50,1021.60,14967
1788493860000000000,1021.90,1022.40,1021.60,1022.40,16866
1788493920000000000,1022.40,1022.50,1021.70,1022.10,17716
1788493980000000000,1022.00,1022.70,1022.00,1022.70,8584
1788494040000000000,1022.50,1023.00,1022.50,1022.80,15309
1788494100000000000,1022.50,1023.20,1022.50,1023.00,20790
1788494160000000000,1022.80,1023.10,1022.50,1022.50,17106
1788494220000000000,1022.60,1022.70,1021.70,1021.70,24187
1788494280000000000,1021.60,1022.30,1021.50,1022.00,18021
1788494340000000000,1021.80,1022.00,1021.50,1022.00,9608
1788494400000000000,1021.80,1022.00,1021.70,1022.00,7335
1788494460000000000,1021.70,1022.10,1021.60,1022.10,13113
1788494520000000000,1022.80,1023.50,1022.80,1023.30,10147
1788494580000000000,1023.60,1023.90,1023.60,1023.90,9760
1788494640000000000,1024.10,1024.40,1024.10,1024.20,11324
1788494700000000000,1024.30,1024.30,1023.80,1023.80,18469
1788494760000000000,1023.80,1024.00,1023.50,1023.50,14631
1788494820000000000,1023.90,1024.00,1023.60,1023.60,6601
1788494880000000000,1023.70,1023.90,1023.50,1023.70,8635
1788494940000000000,1024.00,1024.00,1023.70,1023.90,4005
1788495000000000000,1023.80,1024.90,1023.80,1024.10,15572
1788495060000000000,1024.10,1024.30,1023.80,1023.80,12081
1788495120000000000,1023.80,1024.00,1023.50,1023.90,8780
1788495180000000000,1023.90,1024.00,1023.70,1024.00,5926
1788495240000000000,1023.80,1024.00,1023.80,1023.80,3234
1788495300000000000,1024.10,1024.80,1024.10,1024.80,13385
1788495360000000000,1024.90,1025.00,1024.70,1024.80,13829
1788495420000000000,1024.50,1024.70,1024.30,1024.60,9247
1788495480000000000,1024.40,1024.60,1024.00,1024.10,8914
1788495540000000000,1024.00,1024.40,1024.00,1024.00,3867
1788495600000000000,1024.10,1024.20,1023.90,1023.90,4047
1788495660000000000,1023.90,1024.40,1023.90,1024.10,2754
1788495720000000000,1024.10,1024.60,1024.10,1024.40,3953
1788495780000000000,1024.40,1024.70,1024.40,1024.50,3409
1788495840000000000,1024.70,1024.90,1023.60,1023.60,32730
1788495900000000000,1023.90,1024.50,1023.90,1024.50,5316
1788495960000000000,1024.10,1024.50,1023.90,1024.30,10882
1788496020000000000,1024.00,1024.80,1024.00,1024.50,9715
1788496080000000000,1024.60,1025.30,1024.60,1024.80,4266
1788496140000000000,1024.80,1025.00,1024.60,1024.60,6879
1788496200000000000,1024.80,1025.00,1024.50,1024.60,5553
1788496260000000000,1024.70,1025.40,1024.70,1025.30,4405
1788496320000000000,1025.50,1025.50,1025.30,1025.30,11514
1788496380000000000,1025.80,1025.80,1025.40,1025.70,9573
1788496440000000000,1026.00,1026.00,1025.70,1026.00,4389
1788496500000000000,1026.00,1026.00,1025.70,1025.80,5621
1788496560000000000,1025.80,1026.00,1025.70,1025.70,4970
1788496620000000000,1025.70,1025.80,1025.60,1025.80,4831
1788496680000000000,1025.50,1025.80,1025.50,1025.50,6794
1788496740000000000,1025.60,1025.60,1025.40,1025.50,4510
1788496800000000000,1025.40,1025.50,1025.00,1025.10,6673
1788496860000000000,1025.00,1025.20,1025.00,1025.00,3554
1788496920000000000,1025.00,1025.40,1025.00,1025.40,4993
1788496980000000000,1025.10,1025.10,1024.80,1024.90,9742
1788497040000000000,1024.90,1025.30,1024.90,1025.20,2246
1788497100000000000,1025.20,1025.20,1024.00,1024.30,23044
1788497160000000000,1024.10,1024.50,1024.00,1024.50,3831
1788497220000000000,1024.90,1025.20,1024.60,1024.80,3213
1788497280000000000,1024.80,1025.30,1024.80,1025.30,2058
1788497340000000000,1025.20,1025.40,1025.10,1025.10,1652
1788497400000000000,1024.90,1025.40,1024.90,1025.10,9723
1788497460000000000,1025.50,1025.50,1025.30,1025.40,3791
1788497520000000000,1025.40,1026.90,1025.40,1026.50,37883
1788497580000000000,1026.90,1027.40,1026.60,1027.00,16756
1788497640000000000,1027.00,1027.50,1026.80,1026.90,7366
1788497700000000000,1026.90,1027.30,1026.80,1026.90,5079
1788497760000000000,1026.60,1026.60,1026.20,1026.20,15637
1788497820000000000,1026.40,1026.40,1026.20,1026.30,4340
1788497880000000000,1026.30,1026.60,1026.30,1026.30,5078
1788497940000000000,1026.50,1026.50,1026.30,1026.30,3153
1788498000000000000,1026.50,1027.00,1026.30,1026.50,10970
1788498060000000000,1026.30,1026.50,1026.00,1026.00,8445
1788498120000000000,1026.10,1026.50,1026.10,1026.40,5451
1788498180000000000,1026.50,1026.50,1025.20,1025.20,23792
1788498240000000000,1025.40,1025.80,1025.40,1025.60,3715
1788498300000000000,1025.90,1025.90,1025.60,1025.70,1775
1788498360000000000,1025.70,1026.00,1025.70,1026.00,1327
1788498420000000000,1026.00,1026.50,1025.80,1026.50,4407
1788498480000000000,1026.70,1026.70,1026.10,1026.10,7608
1788498540000000000,1026.40,1026.40,1026.00,1026.00,3646
1788498600000000000,1026.10,1026.10,1025.90,1026.00,6890
1788498660000000000,1026.10,1026.10,1025.60,1025.70,2170
1788498720000000000,1025.70,1026.00,1025.70,1025.90,1818
1788498780000000000,1026.00,1026.00,1025.60,1025.90,11054
1788498840000000000,1025.90,1026.00,1025.50,1026.00,2920
1788498900000000000,1026.00,1026.00,1025.50,1025.50,8238
1788498960000000000,1025.50,1026.00,1025.50,1025.50,6539
1788499020000000000,1025.80,1026.00,1025.80,1026.00,2712
1788499080000000000,1025.90,1026.10,1025.70,1026.10,5436
1788499140000000000,1026.10,1026.20,1025.90,1026.00,1214
1788499200000000000,1026.20,1026.20,1024.90,1025.30,17625
1788499260000000000,1025.30,1025.40,1025.00,1025.10,3065
1788499320000000000,1025.40,1025.40,1025.20,1025.40,1476
1788499380000000000,1025.00,1025.40,1025.00,1025.30,10031
1788499440000000000,1025.10,1025.30,1025.00,1025.00,2556
1788499500000000000,1025.30,1025.80,1025.30,1025.40,3841
1788499560000000000,1025.40,1025.70,1025.20,1025.20,5176
1788499620000000000,1025.20,1025.70,1025.20,1025.70,1956
1788499680000000000,1025.40,1025.70,1025.40,1025.40,1839
1788499740000000000,1025.40,1025.80,1025.40,1025.80,1562
1788499800000000000,1026.00,1026.00,1025.70,1025.80,2568
1788499860000000000,1026.00,1026.10,1025.80,1026.10,3444
1788499920000000000,1025.90,1026.30,1025.90,1026.00,12155
1788499980000000000,1026.20,1026.40,1026.10,1026.10,4131
1788500040000000000,1026.20,1026.50,1026.20,1026.40,3023
1788500100000000000,1026.30,1026.50,1026.00,1026.00,16540
1788500160000000000,1026.40,1026.80,1026.10,1026.70,8656
1788500220000000000,1026.40,1027.00,1026.40,1026.90,10260
1788500280000000000,1026.90,1027.30,1026.90,1027.00,39114
1788500340000000000,1026.70,1026.90,1026.50,1026.50,10600
1788500400000000000,1026.50,1027.10,1026.50,1027.10,7065
1788500460000000000,1027.10,1027.90,1027.10,1027.30,17294
1788500520000000000,1027.60,1027.90,1027.30,1027.30,10425
1788500580000000000,1027.30,1027.60,1026.60,1026.60,10058
1788500640000000000,1026.60,1026.80,1026.60,1026.60,8175
1788500700000000000,1026.70,1027.00,1026.70,1026.70,8996
1788500760000000000,1027.00,1027.10,1026.70,1027.00,6830
1788500820000000000,1026.70,1027.10,1026.70,1026.80,5855
1788500880000000000,1026.90,1027.40,1026.90,1027.10,5844
1788500940000000000,1027.10,1027.50,1027.10,1027.50,6120
1788501000000000000,1027.50,1027.70,1027.30,1027.70,6980
1788501060000000000,1027.50,1028.00,1027.40,1027.40,10704
1788501120000000000,1027.80,1028.50,1027.50,1028.10,18426
1788501180000000000,1028.40,1028.40,1028.00,1028.00,14789
1788501240000000000,1028.00,1028.20,1027.50,1027.90,9987
1788501300000000000,1028.30,1028.40,1028.00,1028.30,10549
1788501360000000000,1029.00,1029.20,1028.40,1028.70,45421
1788501420000000000,1028.60,1029.00,1026.60,1026.70,85679
1788501480000000000,1026.70,1027.10,1025.80,1027.10,80469
1788501540000000000,1027.10,1027.20,1026.60,1026.60,7481
1788501600000000000,1026.60,1027.00,1025.30,1025.40,36092
1788501660000000000,1025.50,1026.00,1025.50,1025.70,8810
1788501720000000000,1025.70,1026.00,1025.70,1026.00,49510
1788501780000000000,1026.10,1026.40,1025.80,1025.90,19211
1788501840000000000,1026.00,1026.00,1025.80,1026.00,6710
1788501900000000000,1026.00,1026.00,1025.80,1026.00,8047
1788501960000000000,1025.70,1026.00,1025.70,1025.90,16889
1788502020000000000,1026.00,1026.40,1025.90,1026.20,6212
1788502080000000000,1026.20,1027.40,1026.20,1027.40,11888
1788502140000000000,1027.30,1027.50,1027.20,1027.20,12360
1788502200000000000,1027.30,1027.30,1026.30,1026.90,14800
1788502260000000000,1026.80,1026.80,1026.10,1026.10,9767
1788502320000000000,1025.80,1025.80,1025.00,1025.10,35731
1788502380000000000,1025.10,1025.20,1025.00,1025.00,12563
1788502440000000000,1025.00,1025.00,1024.30,1024.70,30159
1788502500000000000,1024.70,1024.70,1024.10,1024.50,7704
1788502560000000000,1024.70,1025.00,1024.40,1024.60,9018
1788502620000000000,1025.00,1025.00,1024.40,1024.60,12338
1788502680000000000,1024.40,1024.90,1024.00,1024.00,13323
1788502740000000000,1024.30,1024.50,1024.00,1024.00,11012
1788502800000000000,1024.20,1024.30,1024.20,1024.20,10617
1788502860000000000,1024.20,1024.50,1024.20,1024.50,5954
1788502920000000000,1024.60,1024.60,1024.40,1024.40,4820
1788502980000000000,1024.50,1024.80,1024.30,1024.70,12166
1788503040000000000,1024.70,1024.90,1024.70,1024.70,5709
1788503100000000000,1025.20,1025.20,1024.70,1024.70,6601
1788503160000000000,1025.20,1025.40,1024.80,1025.00,7882
1788503220000000000,1025.40,1025.40,1024.40,1025.00,14148
1788503280000000000,1024.90,1024.90,1024.30,1024.60,8604
1788503340000000000,1024.60,1024.60,1024.10,1024.10,6601
1788503400000000000,1024.20,1024.30,1024.00,1024.00,13258
1788503460000000000,1024.00,1024.30,1024.00,1024.10,8800
1788503520000000000,1024.10,1024.50,1024.10,1024.30,9426
1788503580000000000,1024.40,1024.50,1024.30,1024.40,6834
1788503640000000000,1024.80,1024.80,1024.10,1024.20,14797
1788503700000000000,1024.10,1024.90,1024.10,1024.60,5589
1788503760000000000,1024.60,1024.70,1024.00,1024.00,45155
1788503820000000000,1023.50,1023.90,1023.30,1023.50,29047
1788503880000000000,1023.60,1024.60,1023.60,1024.30,13133
1788503940000000000,1024.60,1024.90,1024.30,1024.40,15485
1788504000000000000,1024.40,1024.40,1023.50,1023.70,79892
1788504060000000000,1023.70,1024.00,1023.50,1023.50,7556
1788504120000000000,1023.50,1024.00,1023.40,1023.60,14023
1788504180000000000,1023.60,1024.00,1023.40,1023.40,10630
1788504240000000000,1023.40,1023.50,1023.30,1023.40,9135
1788504300000000000,1023.50,1024.00,1023.30,1023.30,9314
1788504360000000000,1023.30,1023.40,1023.10,1023.20,14416
1788504420000000000,1023.10,1023.40,1023.10,1023.40,14226
1788504480000000000,1023.40,1023.90,1023.30,1023.40,11393
1788504540000000000,1023.40,1023.90,1023.30,1023.30,7904
1788504600000000000,1023.30,1023.30,1023.00,1023.00,12626
1788504660000000000,1023.00,1023.00,1022.30,1022.50,50670
1788504720000000000,1022.60,1022.90,1022.10,1022.10,11702
1788504780000000000,1022.50,1022.90,1022.10,1022.50,8784
1788504840000000000,1022.50,1023.20,1022.50,1022.70,13037
1788504900000000000,1022.80,1023.00,1022.50,1022.90,8472
1788504960000000000,1023.00,1023.00,1022.50,1022.50,8132
1788505020000000000,1022.50,1023.00,1022.40,1022.40,9578
1788505080000000000,1022.40,1023.00,1022.40,1022.50,11818
1788505140000000000,1022.60,1023.00,1022.50,1022.80,7138
1788505200000000000,1022.80,1023.00,1022.60,1022.60,6581
1788505260000000000,1022.70,1023.20,1022.60,1023.20,6859
1788505320000000000,1022.80,1023.60,1022.70,1023.40,12855
1788505380000000000,1023.60,1023.70,1023.10,1023.50,11281
1788505440000000000,1023.10,1023.10,1022.80,1022.80,10844
1788505500000000000,1023.20,1023.20,1022.80,1022.80,6766
1788505560000000000,1023.30,1023.30,1022.70,1022.70,6124
1788505620000000000,1022.70,1023.00,1022.50,1022.70,6453
1788505680000000000,1022.60,1023.00,1022.60,1022.60,7439
1788505740000000000,1022.60,1023.20,1022.60,1023.00,6997
1788505800000000000,1022.80,1023.20,1022.60,1023.20,15232
1788505860000000000,1022.70,1023.00,1022.50,1022.60,7127
1788505920000000000,1022.60,1023.00,1022.40,1022.50,8775
1788505980000000000,1022.60,1023.00,1022.60,1022.60,6559
1788506040000000000,1022.80,1023.00,1022.50,1022.50,7998
1788506100000000000,1023.00,1023.00,1022.60,1022.60,8812
1788506160000000000,1022.70,1022.70,1022.50,1022.50,5004
1788506220000000000,1022.40,1022.80,1022.40,1022.40,4590
1788506280000000000,1022.50,1022.70,1022.30,1022.50,15695
1788506340000000000,1022.60,1023.00,1022.60,1022.80,5794
1788506400000000000,1022.70,1023.10,1022.60,1022.60,17980
1788506460000000000,1023.00,1023.10,1022.50,1023.10,6307
1788506520000000000,1022.60,1023.20,1022.60,1023.10,6509
1788506580000000000,1023.10,1023.40,1023.10,1023.20,4529
1788506640000000000,1023.20,1023.20,1022.60,1022.70,25897
1788506700000000000,1022.60,1022.60,1022.20,1022.20,12449
1788506760000000000,1022.20,1022.30,1022.00,1022.00,33659
1788506820000000000,1022.00,1022.00,1021.70,1022.00,36873
1788506880000000000,1022.00,1022.50,1022.00,1022.10,9093
1788506940000000000,1022.00,1022.50,1022.00,1022.20,7894
1788507000000000000,1022.20,1022.50,1022.20,1022.50,10332
1788507060000000000,1022.60,1022.90,1022.10,1022.20,55242
1788507120000000000,1022.20,1022.50,1022.00,1022.00,7917
1788507180000000000,1022.10,1022.10,1021.70,1021.90,66626
1788507240000000000,1021.80,1022.20,1021.70,1022.10,7733
1788507300000000000,1021.90,1022.50,1021.90,1022.20,6372
1788507360000000000,1022.00,1022.40,1021.90,1022.00,21080
1788507420000000000,1022.10,1022.70,1022.00,1022.00,13136
1788507480000000000,1022.10,1022.50,1021.90,1022.00,11998
1788507540000000000,1022.00,1022.60,1021.90,1022.40,19216
1788507600000000000,1022.40,1022.70,1021.80,1021.90,58194
1788507660000000000,1022.00,1022.00,1021.70,1022.00,15765
1788507720000000000,1022.00,1022.00,1021.60,1021.80,39501
1788507780000000000,1022.00,1022.00,1021.80,1022.00,23036
1788507840000000000,1021.80,1022.10,1021.70,1021.80,21877
1788507900000000000,1021.80,1022.00,1021.30,1021.30,42932
1788507960000000000,1021.60,1021.80,1021.10,1021.80,23041
1788508020000000000,1021.60,1022.30,1021.50,1022.20,19032
1788508080000000000,1022.50,1022.50,1021.20,1021.30,60786
1788508140000000000,1021.60,1022.10,1021.40,1021.60,14279
1788508200000000000,1021.60,1022.20,1021.60,1021.90,9983
1788508260000000000,1022.10,1022.10,1021.70,1021.70,13576
1788508320000000000,1022.00,1022.10,1021.70,1021.90,12657
1788508380000000000,1022.00,1022.20,1021.60,1022.00,30337
1788508440000000000,1022.10,1022.30,1021.70,1021.80,30649
1788508500000000000,1021.70,1022.10,1021.10,1021.10,81618
1788508560000000000,1021.10,1021.50,1020.90,1021.00,45029
1788508620000000000,1021.50,1021.50,1020.80,1021.00,10512
1788508680000000000,1021.10,1021.40,1020.90,1020.90,7448
1788508740000000000,1020.90,1021.20,1020.70,1021.10,17672
1788508800000000000,1020.90,1021.40,1020.60,1020.90,12472
1788508860000000000,1021.20,1021.40,1020.70,1020.70,10472
1788508920000000000,1020.70,1020.80,1020.40,1020.50,23512
1788508980000000000,1020.30,1021.10,1020.20,1020.60,30179
1788509040000000000,1021.00,1021.10,1020.50,1020.70,6040
1788509100000000000,1020.60,1021.10,1020.60,1020.70,9130
1788509160000000000,1020.60,1021.00,1020.60,1021.00,6642
1788509220000000000,1021.00,1021.00,1020.70,1020.70,16730
1788509280000000000,1020.70,1021.00,1020.70,1020.70,8806
1788509340000000000,1020.80,1021.40,1020.80,1021.10,8179
1788509400000000000,1021.30,1021.40,1020.70,1020.70,38279
1788509460000000000,1021.10,1021.10,1020.50,1020.60,23896
1788509520000000000,1020.80,1021.00,1020.60,1020.80,13217
1788509580000000000,1021.00,1021.20,1020.60,1020.60,20398
1788509640000000000,1020.60,1020.70,1020.40,1020.40,33073
1788509700000000000,1020.40,1020.50,1020.00,1020.10,97582
1788509760000000000,1020.10,1021.10,1020.00,1020.50,23930
1788509820000000000,1020.80,1021.10,1020.30,1020.90,17959
1788509880000000000,1020.90,1021.00,1020.10,1020.50,19721
1788509940000000000,1020.40,1020.80,1020.20,1020.30,23112
1788510000000000000,1020.80,1020.80,1020.10,1020.20,15122
1788510060000000000,1020.50,1020.50,1019.60,1019.60,33342
1788510120000000000,1019.90,1019.90,1019.20,1019.30,22988
1788510180000000000,1019.30,1019.90,1019.10,1019.40,18107
1788510240000000000,1019.40,1019.80,1019.20,1019.70,10673
1788510300000000000,1019.70,1019.90,1019.30,1019.50,15113
1788510360000000000,1019.80,1020.10,1019.60,1019.80,11758
1788510420000000000,1019.70,1019.90,1019.60,1019.60,12494
1788510480000000000,1020.00,1020.00,1019.50,1019.90,14052
1788510540000000000,1019.90,1019.90,1019.50,1019.50,14399
1788510600000000000,1019.50,1020.00,1019.40,1019.80,16764
1788510660000000000,1019.50,1019.90,1019.20,1019.20,12399
1788510720000000000,1019.50,1019.80,1019.10,1019.60,16896
1788510780000000000,1019.20,1019.80,1019.20,1019.60,15761
1788510840000000000,1019.80,1020.00,1019.30,1019.60,11295
1788510900000000000,1019.60,1020.30,1019.60,1019.80,23133
1788510960000000000,1019.80,1020.20,1019.70,1019.80,16414
1788511020000000000,1019.80,1020.30,1019.80,1020.00,15692
1788511080000000000,1020.00,1020.40,1019.50,1019.70,27577
1788511140000000000,1019.70,1020.20,1019.50,1019.50,34616
1788511200000000000,1019.50,1020.20,1019.50,1019.70,21559
1788511260000000000,1020.00,1020.30,1019.70,1020.00,10202
1788511320000000000,1019.80,1020.00,1019.80,1019.90,12285
1788511380000000000,1020.00,1020.50,1019.90,1020.00,15449
1788511440000000000,1020.00,1020.50,1019.90,1020.00,15369
1788511500000000000,1020.00,1020.10,1019.10,1019.10,20628
1788511560000000000,1019.10,1019.50,1018.70,1019.00,32349
1788511620000000000,1019.00,1019.30,1018.70,1018.80,13757
1788511680000000000,1018.80,1019.30,1018.70,1018.70,15687
1788511740000000000,1018.70,1019.10,1018.50,1018.60,18390
1788511800000000000,1018.80,1019.10,1018.50,1018.80,16462
1788511860000000000,1019.30,1019.30,1018.50,1018.80,17513
1788511920000000000,1018.70,1019.30,1018.60,1018.60,17892
1788511980000000000,1018.90,1019.10,1018.60,1018.60,9097
1788512040000000000,1018.80,1019.40,1018.60,1019.40,19765
1788512100000000000,1019.00,1019.80,1019.00,1019.20,20051
1788512160000000000,1019.70,1019.80,1019.10,1019.70,18073
1788512220000000000,1019.70,1020.00,1019.30,1019.30,34894
1788512280000000000,1019.80,1020.00,1019.10,1019.60,36140
1788512340000000000,1020.00,1020.50,1019.60,1020.40,45230
1788512400000000000,1020.40,1020.60,1020.00,1020.20,33216
1788512460000000000,1020.20,1020.70,1019.90,1020.50,42490
1788512520000000000,1020.90,1021.70,1020.40,1021.70,35589
1788512580000000000,1021.80,1021.80,1020.40,1020.80,67804
1788512640000000000,1020.90,1021.10,1020.50,1020.80,29330
1788512700000000000,1020.60,1021.20,1020.20,1021.20,55652
1788512760000000000,1020.80,1021.20,1020.60,1020.70,20395
1788512820000000000,1020.60,1020.60,1020.00,1020.00,19554
1788512880000000000,1020.00,1020.50,1019.80,1020.40,24170
1788512940000000000,1020.40,1020.40,1019.80,1019.90,10542
1788513000000000000,1020.00,1020.10,1019.80,1019.80,14954
1788513060000000000,1019.90,1019.90,1019.30,1019.30,25909
1788513120000000000,1019.30,1019.30,1019.00,1019.20,24259
1788513180000000000,1019.20,1019.40,1019.00,1019.00,12011
1788513240000000000,1019.00,1019.00,1018.50,1018.50,24283
1788513300000000000,1018.50,1018.70,1018.50,1018.60,19499
1788513360000000000,1018.60,1018.60,1018.00,1018.10,43904
1788513420000000000,1018.30,1018.50,1018.10,1018.10,15686
1788513480000000000,1018.30,1018.50,1018.10,1018.30,27071
1788513540000000000,1018.50,1018.50,1018.20,1018.30,20510
1788513600000000000,1018.40,1018.40,1018.20,1018.20,21739
1788513660000000000,1018.30,1018.60,1018.30,1018.50,46593
1788513720000000000,1018.50,1018.50,1018.00,1018.20,21561
1788513780000000000,1018.10,1018.50,1018.00,1018.50,17790
1788513840000000000,1018.60,1018.60,1018.10,1018.30,21284
1788513900000000000,1018.30,1018.60,1018.20,1018.60,18774
1788513960000000000,1018.50,1018.50,1017.50,1017.50,73782
1788514020000000000,1017.60,1017.70,1017.30,1017.50,29738
1788514080000000000,1017.60,1017.70,1017.50,1017.60,33373
1788514140000000000,1017.70,1017.70,1017.50,1017.50,44658
1788514200000000000,1017.70,1017.70,1017.40,1017.50,26319
1788514260000000000,1017.40,1017.50,1016.70,1016.80,72155
1788514320000000000,1016.90,1017.30,1016.80,1017.00,55038
1788514380000000000,1017.20,1017.40,1016.80,1017.00,52380
1788514440000000000,1017.00,1017.10,1016.10,1016.20,75672
1788514500000000000,1016.20,1017.50,1016.20,1017.30,82234
1788514560000000000,1017.30,1017.60,1017.10,1017.60,41377
1788514620000000000,1017.60,1017.60,1017.40,1017.50,31146
1788514680000000000,1017.50,1017.80,1017.50,1017.70,20345
1788514740000000000,1017.70,1017.80,1017.50,1017.70,56542
1788514800000000000,1017.50,1017.70,1017.50,1017.60,66707
1788514860000000000,1017.70,1017.70,1017.70,1017.70,32343
1788514920000000000,1017.60,1018.00,1017.10,1017.90,124620
1788514980000000000,1018.00,1018.10,1017.80,1018.00,37801
1788515040000000000,1018.10,1018.60,1017.90,1018.50,44121
1788515100000000000,1018.50,1018.50,1018.50,1018.50,0
1788515160000000000,1018.50,1018.50,1018.50,1018.50,0
1788515220000000000,1018.50,1018.50,1018.50,1018.50,0
1788515280000000000,1018.50,1018.50,1018.50,1018.50,0
1788515340000000000,1018.50,1018.50,1018.50,1018.50,0
1788515400000000000,1018.50,1018.50,1018.50,1018.50,0
1788515460000000000,1018.50,1018.50,1018.50,1018.50,0
1788515520000000000,1018.50,1018.50,1018.50,1018.50,0
1788515580000000000,1018.50,1018.50,1018.50,1018.50,0
1788515640000000000,1018.50,1018.50,1018.50,1018.50,0
1788515700000000000,1018.50,1018.50,1018.50,1018.50,0
1788515760000000000,1018.50,1018.50,1018.50,1018.50,0
1788515820000000000,1018.50,1018.50,1018.50,1018.50,0
1788515880000000000,1016.10,1016.10,1016.10,1016.10,206241
1788515940000000000,1016.10,1016.10,1016.10,1016.10,0
1788752700000000000,1020.80,1021.70,1014.30,1015.40,158131
1788752760000000000,1015.30,1015.60,1013.00,1015.40,58384
1788752820000000000,1015.40,1015.70,1014.00,1015.00,34647
1788752880000000000,1015.40,1015.70,1014.90,1015.70,24446
1788752940000000000,1015.60,1015.90,1014.10,1014.80,36340
1788753000000000000,1014.70,1015.80,1014.40,1014.80,21784
1788753060000000000,1015.00,1016.00,1014.10,1014.40,32208
1788753120000000000,1014.40,1014.80,1013.30,1014.10,34118
1788753180000000000,1014.10,1014.70,1013.80,1014.40,18357
1788753240000000000,1014.30,1015.70,1014.00,1014.70,29735
1788753300000000000,1014.70,1015.00,1014.00,1014.10,18993
1788753360000000000,1014.10,1015.00,1014.00,1014.10,20474
1788753420000000000,1014.30,1014.50,1013.60,1014.10,11670
1788753480000000000,1014.10,1014.20,1013.50,1013.70,5337
1788753540000000000,1014.00,1014.00,1013.30,1013.60,24031
1788753600000000000,1013.60,1014.50,1013.30,1013.80,10029
1788753660000000000,1014.20,1014.20,1012.10,1012.60,53767
1788753720000000000,1012.70,1013.50,1012.40,1013.50,14804
1788753780000000000,1013.50,1014.10,1013.10,1014.00,9945
1788753840000000000,1014.00,1014.50,1013.40,1014.50,15283
1788753900000000000,1014.50,1014.50,1013.60,1014.50,12388
1788753960000000000,1014.40,1015.60,1014.30,1015.30,10805
1788754020000000000,1015.30,1015.30,1015.00,1015.00,11545
1788754080000000000,1015.10,1015.30,1014.70,1015.00,17641
1788754140000000000,1015.00,1015.20,1014.70,1015.10,19432
1788754200000000000,1015.10,1016.50,1015.00,1016.00,21986
1788754260000000000,1016.10,1016.40,1015.50,1015.70,8772
1788754320000000000,1015.70,1016.10,1015.20,1015.60,11868
1788754380000000000,1015.50,1015.60,1015.00,1015.20,5662
1788754440000000000,1015.10,1016.40,1015.00,1015.90,19654
1788754500000000000,1015.80,1016.80,1015.40,1016.40,13650
1788754560000000000,1016.40,1016.90,1016.20,1016.70,8992
1788754620000000000,1016.70,1016.90,1016.30,1016.70,13794
1788754680000000000,1016.70,1017.40,1016.50,1017.00,25466
1788754740000000000,1017.00,1017.10,1016.40,1017.00,7580
1788754800000000000,1017.00,1017.00,1016.30,1016.90,11642
1788754860000000000,1016.90,1017.00,1016.60,1016.60,7985
1788754920000000000,1016.60,1017.00,1016.50,1016.80,6241
1788754980000000000,1016.80,1016.80,1016.00,1016.10,22526
1788755040000000000,1016.20,1016.30,1015.00,1015.10,19380
1788755100000000000,1015.60,1015.80,1014.80,1015.20,39755
1788755160000000000,1015.20,1016.00,1015.00,1015.80,14115
1788755220000000000,1015.80,1016.10,1014.00,1014.00,25411
1788755280000000000,1014.20,1015.00,1013.30,1013.90,47354
1788755340000000000,1014.00,1014.00,1013.60,1013.90,10411
1788755400000000000,1013.90,1014.20,1012.60,1012.70,34215
1788755460000000000,1012.90,1013.20,1012.50,1012.60,33512
1788755520000000000,1012.70,1013.60,1009.80,1010.00,658683
1788755580000000000,1010.00,1010.10,1009.60,1009.60,171597
1788755640000000000,1009.70,1010.00,1009.10,1009.40,43133
1788755700000000000,1009.40,1009.90,1007.70,1008.30,87106
1788755760000000000,1008.50,1008.60,1007.20,1007.90,158867
1788755820000000000,1008.00,1008.00,1007.70,1008.00,57964
1788755880000000000,1008.00,1009.10,1007.80,1009.00,85698
1788755940000000000,1009.10,1009.80,1008.30,1008.80,27187
1788756000000000000,1008.80,1008.90,1008.50,1008.70,16327
1788756060000000000,1008.90,1009.10,1008.60,1008.70,13601
1788756120000000000,1008.80,1009.20,1008.70,1008.80,18949
1788756180000000000,1008.70,1009.00,1007.50,1007.80,94126
1788756240000000000,1007.90,1008.20,1007.00,1007.00,30203
1788756300000000000,1007.10,1007.40,1006.50,1007.20,30984
1788756360000000000,1007.20,1007.40,1006.70,1007.00,20339
1788756420000000000,1007.00,1007.20,1006.00,1007.00,31759
1788756480000000000,1007.20,1007.60,1006.20,1006.50,23038
1788756540000000000,1006.80,1006.90,1006.20,1006.20,11558
1788756600000000000,1006.30,1007.00,1005.70,1005.70,37435
1788756660000000000,1005.80,1006.00,1005.60,1006.00,34763
1788756720000000000,1006.00,1006.50,1005.90,1006.40,18292
1788756780000000000,1006.40,1006.50,1005.50,1005.80,18001
1788756840000000000,1005.70,1006.20,1005.60,1006.00,9155
1788756900000000000,1006.00,1006.00,1005.50,1005.70,20168
1788756960000000000,1005.70,1006.30,1005.50,1006.00,14755
1788757020000000000,1006.20,1006.40,1005.70,1006.20,12492
1788757080000000000,1006.20,1006.20,1005.00,1005.20,53417
1788757140000000000,1005.50,1005.50,1004.40,1005.10,61301
1788757200000000000,1005.30,1005.50,1004.70,1005.00,25203
1788757260000000000,1005.00,1005.90,1004.80,1005.00,256153
1788757320000000000,1005.00,1005.30,1004.90,1004.90,86450
1788757380000000000,1005.00,1005.50,1004.90,1005.00,221470
1788757440000000000,1005.00,1005.60,1004.90,1005.00,167206
1788757500000000000,1005.00,1005.30,1004.60,1004.70,30428
1788757560000000000,1004.70,1005.20,1004.60,1004.60,22370
1788757620000000000,1004.70,1004.90,1004.60,1004.90,10489
1788757680000000000,1004.90,1005.00,1004.00,1004.00,69387
1788757740000000000,1004.10,1005.00,1004.00,1004.90,17146
1788757800000000000,1004.90,1005.70,1004.60,1005.10,29742
1788757860000000000,1005.10,1005.40,1004.70,1005.00,33544
1788757920000000000,1005.00,1005.30,1004.20,1004.50,18598
1788757980000000000,1004.50,1004.80,1003.50,1003.90,38046
1788758040000000000,1003.90,1004.10,1003.20,1003.50,22423
1788758100000000000,1003.70,1004.00,1003.20,1003.50,28741
1788758160000000000,1003.50,1003.90,1003.30,1003.60,8835
1788758220000000000,1003.60,1003.90,1003.60,1003.80,10627
1788758280000000000,1003.90,1004.00,1003.60,1003.80,11918
1788758340000000000,1003.80,1004.10,1003.70,1003.90,8085
1788758400000000000,1004.00,1004.40,1003.90,1004.10,10177
1788758460000000000,1004.10,1004.10,1003.60,1003.90,16904
1788758520000000000,1003.70,1004.10,1003.70,1003.80,8057
1788758580000000000,1003.90,1004.10,1003.40,1003.70,16869
1788758640000000000,1003.50,1003.70,1003.40,1003.50,10000
1788758700000000000,1003.50,1004.00,1003.30,1003.60,18717
1788758760000000000,1003.70,1004.10,1003.50,1003.80,14519
1788758820000000000,1003.80,1004.10,1003.50,1004.00,21522
1788758880000000000,1004.00,1004.40,1003.80,1004.40,10338
1788758940000000000,1004.40,1004.60,1004.10,1004.50,8107
1788759000000000000,1004.50,1004.60,1004.10,1004.20,6893
1788759060000000000,1004.30,1004.70,1004.10,1004.30,14626
1788759120000000000,1004.60,1004.70,1003.60,1004.20,26839
1788759180000000000,1004.20,1004.40,1003.70,1004.10,9537
1788759240000000000,1004.10,1004.10,1003.50,1003.70,22201
1788759300000000000,1004.10,1004.10,1003.50,1003.80,9824
1788759360000000000,1003.60,1004.00,1003.50,1003.70,7307
1788759420000000000,1003.70,1003.70,1003.50,1003.70,7093
1788759480000000000,1003.70,1004.00,1003.50,1003.60,12302
1788759540000000000,1003.90,1004.10,1003.60,1003.80,5091
1788759600000000000,1003.80,1004.10,1003.60,1004.00,8427
1788759660000000000,1004.00,1004.10,1003.80,1004.10,8900
1788759720000000000,1004.10,1004.10,1003.80,1004.10,7596
1788759780000000000,1004.10,1004.10,1004.00,1004.10,11855
1788759840000000000,1004.10,1004.50,1004.00,1004.50,10439
1788759900000000000,1004.50,1004.50,1004.10,1004.50,9432
1788759960000000000,1004.50,1004.80,1004.30,1004.60,13414
1788760020000000000,1004.60,1004.80,1004.30,1004.70,9097
1788760080000000000,1004.70,1004.80,1004.30,1004.70,8691
1788760140000000000,1004.70,1005.00,1004.50,1004.80,12936
1788760200000000000,1004.70,1005.00,1004.50,1004.70,7500
1788760260000000000,1004.90,1005.00,1004.60,1005.00,14879
1788760320000000000,1005.00,1005.40,1004.90,1005.10,17496
1788760380000000000,1005.30,1005.30,1004.70,1004.80,13131
1788760440000000000,1004.80,1005.00,1004.50,1004.60,11362
1788760500000000000,1004.60,1005.20,1004.40,1005.00,10896
1788760560000000000,1005.00,1005.20,1004.60,1005.00,10429
1788760620000000000,1005.00,1005.20,1004.60,1004.80,7031
1788760680000000000,1004.80,1005.30,1004.60,1004.90,8796
1788760740000000000,1004.90,1005.10,1004.30,1004.60,16922
1788760800000000000,1004.60,1004.80,1004.40,1004.50,4795
1788760860000000000,1004.60,1004.80,1004.30,1004.50,10097
1788760920000000000,1004.50,1004.60,1004.20,1004.20,11805
1788760980000000000,1004.30,1004.60,1004.10,1004.10,10477
1788761040000000000,1004.30,1004.70,1004.20,1004.40,4523
1788761100000000000,1004.40,1004.70,1004.30,1004.60,4088
1788761160000000000,1004.60,1004.70,1004.30,1004.30,5367
1788761220000000000,1004.40,1004.70,1004.30,1004.60,4855
1788761280000000000,1004.60,1004.80,1004.30,1004.70,6027
1788761340000000000,1004.70,1004.80,1004.40,1004.60,6366
1788761400000000000,1004.60,1004.70,1004.00,1004.10,10574
1788761460000000000,1004.10,1004.30,1003.70,1003.80,23945
1788761520000000000,1003.90,1004.30,1003.80,1003.80,14739
1788761580000000000,1003.90,1004.30,1003.80,1004.00,4440
1788761640000000000,1004.00,1004.20,1003.80,1003.90,4720
1788761700000000000,1004.00,1004.00,1003.60,1003.60,12229
1788761760000000000,1003.70,1003.70,1003.20,1003.30,21284
1788761820000000000,1003.30,1003.70,1003.20,1003.50,17713
1788761880000000000,1003.50,1003.80,1003.40,1003.60,7178
1788761940000000000,1003.70,1003.70,1003.10,1003.20,18140
1788762000000000000,1003.20,1003.20,1002.60,1002.70,44243
1788762060000000000,1002.70,1002.90,1002.30,1002.60,21802
1788762120000000000,1002.60,1002.90,1002.50,1002.70,8780
1788762180000000000,1002.70,1003.80,1002.60,1003.60,30635
1788762240000000000,1003.60,1004.30,1003.30,1004.00,12309
1788762300000000000,1004.10,1004.60,1004.00,1004.50,13115
1788762360000000000,1004.50,1004.80,1004.00,1004.20,18924
1788762420000000000,1004.20,1004.80,1004.00,1004.40,9689
1788762480000000000,1004.40,1004.60,1004.00,1004.60,15998
1788762540000000000,1004.40,1004.60,1003.20,1003.20,22593
1788762600000000000,1003.30,1003.40,1002.50,1002.70,29253
1788762660000000000,1003.00,1003.00,1001.70,1001.90,82281
1788762720000000000,1002.00,1002.70,1001.80,1002.30,13193
1788762780000000000,1002.50,1002.70,1002.30,1002.50,16137
1788762840000000000,1002.60,1002.70,1002.50,1002.60,10997
1788762900000000000,1002.60,1002.70,1001.50,1002.00,50511
1788762960000000000,1002.00,1002.00,1001.60,1001.70,13172
1788763020000000000,1001.80,1002.30,1001.70,1001.90,15164
1788763080000000000,1002.00,1002.30,1001.80,1002.00,14796
1788763140000000000,1002.10,1002.90,1002.00,1002.70,23069
1788763200000000000,1002.80,1002.80,1002.00,1002.10,22273
1788763260000000000,1002.20,1002.30,1001.90,1002.20,25407
1788763320000000000,1002.30,1002.80,1002.20,1002.60,22123
1788763380000000000,1002.70,1002.70,1002.20,1002.60,17262
1788763440000000000,1002.60,1002.70,1002.20,1002.60,24903
1788763500000000000,1002.50,1002.80,1002.20,1002.40,25553
1788763560000000000,1002.50,1002.50,1002.20,1002.20,16358
1788763620000000000,1002.30,1002.50,1002.20,1002.30,10061
1788763680000000000,1002.40,1002.40,1001.10,1001.50,70372
1788763740000000000,1001.50,1001.90,1001.30,1001.80,26772
1788763800000000000,1001.80,1002.00,1001.60,1001.70,19199
1788763860000000000,1001.80,1001.80,1001.10,1001.20,12708
1788763920000000000,1001.20,1001.20,1001.00,1001.00,26776
1788763980000000000,1001.10,1001.30,1001.00,1001.20,24342
1788764040000000000,1001.30,1001.40,1001.20,1001.20,9806
1788764100000000000,1001.30,1001.30,1001.00,1001.10,15647
1788764160000000000,1001.10,1001.50,1001.00,1001.30,35627
1788764220000000000,1001.40,1001.70,1001.30,1001.60,11195
1788764280000000000,1001.60,1001.60,1001.20,1001.30,17580
1788764340000000000,1001.40,1001.90,1001.30,1001.40,18882
1788764400000000000,1001.50,1001.50,1001.00,1001.20,25451
1788764460000000000,1001.20,1001.30,1000.60,1001.00,44119
1788764520000000000,1001.20,1001.60,1000.80,1001.40,26449
1788764580000000000,1001.40,1001.80,1001.20,1001.50,17839
1788764640000000000,1001.60,1001.70,1001.20,1001.40,16770
1788764700000000000,1001.50,1001.50,1001.00,1001.30,18844
1788764760000000000,1001.40,1002.00,1001.10,1002.00,15261
1788764820000000000,1002.00,1002.80,1001.70,1002.60,26274
1788764880000000000,1002.70,1003.00,1002.30,1002.40,37067
1788764940000000000,1002.80,1002.90,1002.30,1002.70,22954
1788765000000000000,1002.70,1003.00,1002.40,1002.50,13930
1788765060000000000,1002.50,1003.00,1002.40,1002.80,18785
1788765120000000000,1002.80,1003.10,1002.30,1003.00,31585
1788765180000000000,1003.10,1003.10,1002.60,1002.90,15161
1788765240000000000,1002.90,1003.00,1002.40,1002.60,14911
1788765300000000000,1002.90,1003.00,1002.40,1002.50,9448
1788765360000000000,1002.40,1002.80,1002.00,1002.20,15775
1788765420000000000,1002.20,1002.30,1002.00,1002.00,11515
1788765480000000000,1002.10,1002.50,1002.00,1002.00,9502
1788765540000000000,1002.10,1002.30,1002.00,1002.10,14020
1788765600000000000,1002.00,1002.10,1001.40,1001.40,20587
1788765660000000000,1001.50,1001.80,1001.30,1001.50,14571
1788765720000000000,1001.50,1001.80,1001.00,1001.00,20927
1788765780000000000,1001.10,1001.40,1001.00,1001.00,10962
1788765840000000000,1001.20,1002.70,1001.00,1002.50,125612
1788765900000000000,1002.50,1002.60,1001.60,1001.60,15843
1788765960000000000,1001.70,1002.30,1001.50,1002.10,29806
1788766020000000000,1002.30,1002.60,1002.10,1002.30,18114
1788766080000000000,1002.30,1003.20,1002.30,1003.00,66529
1788766140000000000,1003.00,1003.10,1002.60,1002.80,20586
1788766200000000000,1002.90,1003.30,1002.70,1003.00,10957
1788766260000000000,1003.30,1003.80,1003.00,1003.50,15764
1788766320000000000,1003.50,1004.00,1003.40,1004.00,41669
1788766380000000000,1003.80,1004.00,1003.40,1003.40,53336
1788766440000000000,1003.40,1003.50,1003.30,1003.40,7967
1788766500000000000,1003.40,1003.80,1003.30,1003.60,12106
1788766560000000000,1003.60,1003.60,1003.40,1003.60,8499
1788766620000000000,1003.60,1003.60,1003.40,1003.50,7589
1788766680000000000,1003.50,1003.60,1003.30,1003.40,10913
1788766740000000000,1003.40,1003.40,1003.10,1003.30,14861
1788766800000000000,1003.30,1003.60,1003.00,1003.10,17411
1788766860000000000,1003.40,1003.60,1003.00,1003.20,6884
1788766920000000000,1003.20,1003.30,1003.00,1003.00,9961
1788766980000000000,1003.20,1003.50,1003.00,1003.40,11341
1788767040000000000,1003.40,1003.40,1002.90,1003.10,12358
1788767100000000000,1003.30,1003.30,1003.10,1003.10,10195
1788767160000000000,1003.20,1003.80,1003.10,1003.50,23375
1788767220000000000,1003.50,1003.70,1003.50,1003.60,11027
1788767280000000000,1003.60,1003.90,1003.50,1003.50,12060
1788767340000000000,1003.60,1004.10,1003.50,1003.60,17971
1788767400000000000,1003.70,1004.10,1003.50,1003.80,16989
1788767460000000000,1003.90,1004.00,1003.60,1004.00,10978
1788767520000000000,1004.00,1004.20,1003.60,1003.60,28686
1788767580000000000,1004.00,1004.00,1003.50,1003.70,7246
1788767640000000000,1003.70,1004.00,1003.50,1003.80,15639
1788767700000000000,1004.00,1004.90,1003.80,1004.50,21354
1788767760000000000,1004.70,1005.00,1004.20,1004.90,15023
1788767820000000000,1004.90,1004.90,1004.40,1004.40,13403
1788767880000000000,1004.50,1004.70,1004.30,1004.50,16654
1788767940000000000,1004.50,1004.50,1004.30,1004.40,11757
1788768000000000000,1004.50,1004.60,1004.30,1004.50,7027
1788768060000000000,1004.50,1004.60,1004.30,1004.40,10598
1788768120000000000,1004.40,1004.40,1004.10,1004.20,7083
1788768180000000000,1004.40,1004.40,1003.80,1004.20,20676
1788768240000000000,1004.20,1004.40,1004.20,1004.30,6029
1788768300000000000,1004.30,1004.30,1003.90,1004.00,7241
1788768360000000000,1004.10,1004.40,1003.90,1004.40,13931
1788768420000000000,1004.40,1004.90,1004.30,1004.70,19723
1788768480000000000,1004.80,1004.90,1004.60,1004.90,12314
1788768540000000000,1004.90,1004.90,1004.30,1004.40,15484
1788768600000000000,1004.40,1004.70,1003.90,1004.00,21752
1788768660000000000,1004.30,1004.30,1004.00,1004.10,15126
1788768720000000000,1004.20,1004.30,1004.00,1004.20,9120
1788768780000000000,1004.20,1004.30,1004.00,1004.00,8530
1788768840000000000,1004.20,1004.30,1003.90,1004.30,23023
1788768900000000000,1004.30,1004.90,1004.10,1004.40,15795
1788768960000000000,1004.40,1004.90,1004.30,1004.80,18343
1788769020000000000,1004.80,1005.50,1004.60,1005.30,53649
1788769080000000000,1005.30,1005.40,1005.00,1005.00,19465
1788769140000000000,1005.30,1005.50,1004.80,1005.10,18493
1788769200000000000,1005.10,1005.90,1004.80,1005.70,22731
1788769260000000000,1005.70,1005.80,1005.20,1005.30,15040
1788769320000000000,1005.40,1006.20,1005.30,1005.90,32186
1788769380000000000,1006.20,1006.90,1005.80,1006.60,43769
1788769440000000000,1006.60,1006.70,1006.50,1006.50,20792
1788769500000000000,1006.50,1006.90,1006.10,1006.20,26293
1788769560000000000,1006.30,1006.30,1005.90,1006.10,15784
1788769620000000000,1006.10,1006.50,1005.90,1006.20,33286
1788769680000000000,1006.20,1006.40,1005.90,1006.00,11135
1788769740000000000,1006.20,1006.20,1005.90,1005.90,20441
1788769800000000000,1006.00,1006.80,1005.80,1006.30,36909
1788769860000000000,1006.50,1006.80,1006.30,1006.70,25476
1788769920000000000,1006.70,1006.90,1006.50,1006.70,32094
1788769980000000000,1006.70,1006.80,1006.40,1006.70,16039
1788770040000000000,1006.70,1006.90,1006.40,1006.70,19940
1788770100000000000,1006.90,1006.90,1006.40,1006.60,15439
1788770160000000000,1006.60,1007.00,1006.40,1006.70,29111
1788770220000000000,1006.70,1006.70,1006.40,1006.40,15794
1788770280000000000,1006.40,1006.70,1005.70,1005.80,29268
1788770340000000000,1005.90,1006.40,1005.90,1006.10,11154
1788770400000000000,1006.20,1006.50,1006.10,1006.30,17268
1788770460000000000,1006.30,1006.50,1006.10,1006.20,10635
1788770520000000000,1006.20,1006.30,1005.90,1006.00,11781
1788770580000000000,1006.10,1006.50,1005.50,1005.80,27822
1788770640000000000,1005.80,1005.90,1005.50,1005.60,11107
1788770700000000000,1005.70,1006.00,1005.40,1005.40,17029
1788770760000000000,1005.60,1005.80,1005.40,1005.40,11995
1788770820000000000,1005.40,1005.90,1005.20,1005.60,26949
1788770880000000000,1005.70,1005.80,1005.20,1005.70,19558
1788770940000000000,1005.70,1006.00,1005.50,1005.70,28775
1788771000000000000,1005.90,1006.20,1005.60,1006.10,45810
1788771060000000000,1006.10,1006.10,1005.50,1005.70,20319
1788771120000000000,1005.70,1005.90,1005.30,1005.50,14916
1788771180000000000,1005.50,1005.90,1005.30,1005.80,19348
1788771240000000000,1005.90,1005.90,1005.50,1005.70,13851
1788771300000000000,1005.70,1006.00,1005.40,1005.90,19506
1788771360000000000,1005.90,1006.00,1005.50,1005.60,21601
1788771420000000000,1005.90,1005.90,1005.50,1005.70,15012
1788771480000000000,1005.70,1006.00,1005.50,1005.70,17891
1788771540000000000,1005.90,1006.10,1005.60,1005.90,46987
1788771600000000000,1006.10,1006.20,1005.70,1005.90,40397
1788771660000000000,1006.00,1006.10,1005.70,1005.80,13411
1788771720000000000,1005.80,1006.00,1005.60,1005.70,12877
1788771780000000000,1005.70,1005.80,1005.30,1005.40,19594
1788771840000000000,1005.60,1005.80,1005.30,1005.30,8924
1788771900000000000,1005.50,1005.80,1005.20,1005.50,23689
1788771960000000000,1005.50,1005.50,1005.00,1005.30,19516
1788772020000000000,1005.30,1005.40,1004.00,1004.40,93549
1788772080000000000,1004.40,1004.60,1003.50,1003.80,22719
1788772140000000000,1003.80,1004.30,1003.50,1003.80,25194
1788772200000000000,1004.00,1004.30,1003.50,1004.10,28239
1788772260000000000,1004.20,1004.90,1004.00,1004.60,25009
1788772320000000000,1004.50,1005.00,1004.20,1004.70,17104
1788772380000000000,1004.70,1005.00,1004.50,1004.80,8549
1788772440000000000,1004.80,1005.00,1004.40,1004.70,15408
1788772500000000000,1004.60,1004.90,1004.40,1004.40,12147
1788772560000000000,1004.50,1004.80,1004.40,1004.60,13041
1788772620000000000,1004.60,1004.80,1004.50,1004.50,8287
1788772680000000000,1004.50,1004.90,1004.50,1004.80,12190
1788772740000000000,1004.80,1005.00,1004.70,1004.80,24546
1788772800000000000,1004.80,1005.50,1004.70,1005.20,18274
1788772860000000000,1005.20,1005.20,1005.00,1005.20,12274
1788772920000000000,1005.20,1005.20,1004.10,1004.40,31437
1788772980000000000,1004.40,1004.40,1004.00,1004.10,21812
1788773040000000000,1004.30,1004.50,1004.00,1004.30,24269
1788773100000000000,1004.30,1004.50,1004.10,1004.40,19227
1788773160000000000,1004.40,1004.50,1004.00,1004.10,42616
1788773220000000000,1004.20,1004.40,1004.10,1004.30,20808
1788773280000000000,1004.30,1004.80,1004.20,1004.40,34271
1788773340000000000,1004.50,1004.70,1004.20,1004.70,34560
1788773400000000000,1004.60,1005.00,1004.30,1005.00,42995
1788773460000000000,1005.00,1005.10,1004.30,1004.70,43160
1788773520000000000,1004.80,1004.90,1004.00,1004.50,60359
1788773580000000000,1004.40,1004.80,1004.10,1004.70,58293
1788773640000000000,1004.80,1005.00,1004.20,1004.70,71115
1788773700000000000,1004.60,1004.80,1003.50,1003.60,97254
1788773760000000000,1003.60,1003.80,1003.50,1003.50,72310
1788773820000000000,1003.60,1004.10,1003.20,1004.10,71295
1788773880000000000,1004.10,1004.20,1003.30,1003.30,74806
1788773940000000000,1003.60,1004.50,1003.10,1004.00,166854
1788774000000000000,1004.30,1004.50,1003.50,1004.20,114836
1788774060000000000,1004.20,1004.30,1003.10,1004.00,105260
1788774120000000000,1004.00,1004.90,1003.50,1004.30,138069
1788774180000000000,1004.50,1004.90,1004.10,1004.80,56934
1788774240000000000,1004.70,1005.90,1004.00,1004.80,46232
1788774300000000000,1004.80,1004.80,1004.80,1004.80,0
1788774360000000000,1004.80,1004.80,1004.80,1004.80,0
1788774420000000000,1004.80,1004.80,1004.80,1004.80,0
1788774480000000000,1004.80,1004.80,1004.80,1004.80,0
1788774540000000000,1004.80,1004.80,1004.80,1004.80,0
1788774600000000000,1004.80,1004.80,1004.80,1004.80,0
1788774660000000000,1004.80,1004.80,1004.80,1004.80,0
1788774720000000000,1004.80,1004.80,1004.80,1004.80,0
1788774780000000000,1004.80,1004.80,1004.80,1004.80,0
1788774840000000000,1004.80,1004.80,1004.80,1004.80,0
1788774900000000000,1004.80,1004.80,1004.80,1004.80,0
1788774960000000000,1004.80,1004.80,1004.80,1004.80,0
1788775020000000000,1004.80,1004.80,1004.80,1004.80,0
1788775080000000000,1004.80,1004.80,1004.80,1004.80,0
1788775140000000000,1005.90,1005.90,1005.90,1005.90,165105
1788839100000000000,1004.90,1005.90,1002.60,1002.80,126933
1788839160000000000,1002.70,1003.80,1002.10,1003.80,36512
1788839220000000000,1003.70,1005.50,1003.70,1005.40,43166
1788839280000000000,1005.00,1005.90,1004.90,1005.40,38277
1788839340000000000,1005.30,1006.00,1005.20,1005.80,16829
1788839400000000000,1006.00,1006.30,1004.40,1005.00,31611
1788839460000000000,1004.80,1005.60,1004.40,1005.30,22602
1788839520000000000,1005.50,1006.00,1004.80,1004.80,16524
1788839580000000000,1005.00,1005.50,1004.80,1005.10,17974
1788839640000000000,1005.10,1005.50,1005.00,1005.10,11479
1788839700000000000,1005.10,1005.40,1004.80,1005.30,10694
1788839760000000000,1005.20,1005.40,1004.80,1005.20,19755
1788839820000000000,1005.20,1005.40,1004.80,1005.30,16535
1788839880000000000,1005.20,1005.30,1004.20,1004.70,37160
1788839940000000000,1004.70,1004.70,1002.40,1003.00,37034
1788840000000000000,1002.60,1003.10,1002.10,1002.80,44282
1788840060000000000,1002.90,1003.20,1002.10,1002.60,64208
1788840120000000000,1002.80,1003.40,1002.80,1003.30,13672
1788840180000000000,1003.40,1004.00,1003.10,1003.80,30434
1788840240000000000,1003.80,1004.00,1003.60,1003.70,10888
1788840300000000000,1003.80,1004.40,1003.70,1004.40,23607
1788840360000000000,1004.40,1004.40,1004.00,1004.40,6572
1788840420000000000,1004.40,1004.40,1003.70,1004.00,14485
1788840480000000000,1004.00,1004.20,1003.90,1003.90,7645
1788840540000000000,1004.20,1004.20,1003.80,1004.20,10862
1788840600000000000,1004.20,1004.20,1004.00,1004.10,4825
1788840660000000000,1004.10,1004.30,1003.70,1004.10,10007
1788840720000000000,1004.10,1004.10,1003.50,1003.90,9589
1788840780000000000,1003.80,1004.10,1003.50,1004.10,7763
1788840840000000000,1004.00,1004.30,1003.90,1004.20,7705
1788840900000000000,1004.20,1004.20,1003.20,1003.80,25335
1788840960000000000,1003.80,1004.40,1003.70,1004.00,22234
1788841020000000000,1004.00,1004.30,1003.60,1004.10,38917
1788841080000000000,1003.90,1004.30,1003.60,1004.00,18944
1788841140000000000,1004.10,1004.70,1003.90,1004.60,18889
1788841200000000000,1004.60,1004.90,1004.50,1004.60,6313
1788841260000000000,1004.60,1004.80,1003.20,1004.00,25663
1788841320000000000,1004.00,1004.40,1003.60,1004.00,15134
1788841380000000000,1004.10,1004.30,1003.90,1004.10,8000
1788841440000000000,1004.30,1004.40,1004.00,1004.40,4412
1788841500000000000,1004.40,1004.40,1003.80,1003.90,8353
1788841560000000000,1004.00,1004.40,1003.80,1004.40,28132
1788841620000000000,1004.20,1004.40,1003.80,1003.90,6708
1788841680000000000,1004.20,1004.20,1003.80,1004.10,5843
1788841740000000000,1004.00,1004.30,1003.70,1004.10,10023
1788841800000000000,1004.00,1004.80,1003.90,1004.80,17001
1788841860000000000,1004.80,1005.80,1004.80,1005.40,51599
1788841920000000000,1005.40,1005.40,1004.80,1005.10,8725
1788841980000000000,1005.20,1005.40,1004.80,1004.90,13731
1788842040000000000,1005.00,1005.50,1004.90,1005.00,7683
1788842100000000000,1005.20,1005.20,1004.40,1004.60,19342
1788842160000000000,1004.70,1005.80,1004.50,1005.60,22047
1788842220000000000,1005.80,1006.50,1005.60,1006.00,27642
1788842280000000000,1006.10,1006.40,1005.70,1006.20,21162
1788842340000000000,1006.30,1006.40,1005.90,1006.10,15847
1788842400000000000,1006.30,1006.50,1005.90,1006.10,14386
1788842460000000000,1006.20,1006.80,1005.90,1006.50,34169
1788842520000000000,1006.70,1006.90,1006.30,1006.90,20545
1788842580000000000,1006.80,1007.60,1006.60,1007.60,25005
1788842640000000000,1007.60,1008.80,1007.10,1008.80,39723
1788842700000000000,1008.80,1009.50,1008.50,1008.80,26972
1788842760000000000,1009.00,1009.10,1008.60,1009.10,11583
1788842820000000000,1009.10,1009.40,1008.70,1008.90,20150
1788842880000000000,1008.90,1009.00,1008.10,1008.70,13257
1788842940000000000,1008.70,1009.20,1008.60,1009.20,9438
1788843000000000000,1009.20,1009.20,1008.60,1009.20,26234
1788843060000000000,1009.20,1009.40,1008.60,1009.40,11606
1788843120000000000,1009.30,1009.40,1008.60,1009.00,9760
1788843180000000000,1009.00,1009.00,1008.70,1008.90,6762
1788843240000000000,1008.90,1009.20,1008.50,1009.10,19877
1788843300000000000,1009.10,1009.20,1008.40,1008.70,15806
1788843360000000000,1008.80,1008.80,1008.30,1008.50,12108
1788843420000000000,1008.50,1009.20,1008.20,1008.90,12578
1788843480000000000,1008.90,1008.90,1008.00,1008.10,13052
1788843540000000000,1008.50,1008.50,1007.80,1008.10,19648
1788843600000000000,1008.50,1008.60,1008.30,1008.40,12740
1788843660000000000,1008.40,1008.50,1007.00,1007.10,15086
1788843720000000000,1007.30,1008.00,1007.10,1008.00,10318
1788843780000000000,1008.00,1008.20,1007.60,1008.00,9624
1788843840000000000,1008.00,1008.80,1007.90,1008.70,11545
1788843900000000000,1008.70,1008.80,1008.10,1008.40,9125
1788843960000000000,1008.40,1008.40,1007.50,1007.50,12306
1788844020000000000,1007.70,1007.90,1007.50,1007.80,8870
1788844080000000000,1007.80,1008.20,1007.60,1008.00,12724
1788844140000000000,1008.00,1008.40,1007.60,1008.30,6030
1788844200000000000,1008.20,1008.20,1008.00,1008.20,2854
1788844260000000000,1008.20,1008.20,1007.90,1008.00,3676
1788844320000000000,1008.00,1008.40,1007.90,1008.30,8647
1788844380000000000,1008.20,1008.30,1008.00,1008.20,3528
1788844440000000000,1008.20,1008.30,1007.70,1008.00,10134
1788844500000000000,1007.90,1008.40,1007.80,1008.10,8045
1788844560000000000,1008.10,1009.00,1008.10,1009.00,16733
1788844620000000000,1009.00,1009.70,1008.90,1009.50,19861
1788844680000000000,1009.50,1009.90,1009.10,1009.60,8232
1788844740000000000,1009.70,1009.80,1008.70,1009.20,14788
1788844800000000000,1009.20,1009.20,1008.30,1008.80,14127
1788844860000000000,1008.90,1009.50,1008.50,1009.40,11705
1788844920000000000,1009.50,1009.60,1009.10,1009.30,8919
1788844980000000000,1009.40,1009.70,1009.20,1009.40,11717
1788845040000000000,1009.50,1009.70,1008.90,1009.40,7439
1788845100000000000,1009.30,1009.30,1008.70,1009.30,20818
1788845160000000000,1009.30,1009.60,1008.80,1009.60,17493
1788845220000000000,1009.60,1009.60,1009.20,1009.30,9045
1788845280000000000,1009.40,1009.50,1009.00,1009.40,18105
1788845340000000000,1009.40,1009.40,1009.10,1009.20,6110
1788845400000000000,1009.20,1009.40,1008.80,1009.10,13137
1788845460000000000,1009.20,1009.20,1008.90,1009.10,11175
1788845520000000000,1009.20,1009.40,1009.00,1009.40,8892
1788845580000000000,1009.30,1009.40,1009.00,1009.30,12249
1788845640000000000,1009.30,1009.30,1007.90,1007.90,18455
1788845700000000000,1008.10,1008.10,1007.50,1007.60,15199
1788845760000000000,1007.80,1008.30,1007.10,1008.30,82105
1788845820000000000,1008.20,1008.50,1007.20,1007.40,79243
1788845880000000000,1007.40,1007.80,1007.20,1007.20,26769
1788845940000000000,1007.30,1007.40,1007.00,1007.30,61271
1788846000000000000,1007.20,1007.40,1006.60,1006.70,43742
1788846060000000000,1006.80,1007.50,1006.70,1007.50,37843
1788846120000000000,1007.40,1008.10,1007.10,1007.40,48849
1788846180000000000,1007.50,1008.80,1007.00,1007.50,141384
1788846240000000000,1007.60,1007.80,1007.20,1007.40,20335
1788846300000000000,1007.50,1007.50,1006.70,1006.80,16698
1788846360000000000,1006.90,1008.00,1006.50,1007.80,75026
1788846420000000000,1007.70,1008.00,1006.60,1006.60,77723
1788846480000000000,1006.70,1007.10,1006.50,1006.80,8446
1788846540000000000,1006.90,1007.10,1006.70,1006.80,7243
1788846600000000000,1007.00,1007.10,1006.60,1006.90,5507
1788846660000000000,1006.80,1006.90,1006.60,1006.60,4819
1788846720000000000,1006.70,1006.80,1006.10,1006.80,16637
1788846780000000000,1006.70,1007.50,1006.50,1007.10,18363
1788846840000000000,1007.20,1007.50,1007.00,1007.50,13335
1788846900000000000,1007.50,1009.50,1007.30,1009.40,21837
1788846960000000000,1009.50,1010.50,1009.40,1009.90,46749
1788847020000000000,1010.00,1010.80,1009.70,1010.20,30710
1788847080000000000,1010.40,1010.40,1009.90,1009.90,7200
1788847140000000000,1010.00,1010.20,1009.70,1010.00,9495
1788847200000000000,1010.00,1010.30,1009.30,1009.30,16078
1788847260000000000,1009.40,1009.40,1009.00,1009.10,5170
1788847320000000000,1009.20,1009.50,1008.60,1009.30,16097
1788847380000000000,1009.40,1009.50,1008.30,1009.30,22094
1788847440000000000,1009.20,1009.50,1008.80,1009.20,12465
1788847500000000000,1009.20,1009.40,1009.00,1009.20,5842
1788847560000000000,1009.30,1009.80,1009.20,1009.80,7757
1788847620000000000,1009.70,1009.80,1009.20,1009.50,11040
1788847680000000000,1009.40,1009.60,1009.30,1009.60,11146
1788847740000000000,1009.60,1009.90,1009.40,1009.80,7227
1788847800000000000,1009.90,1010.00,1008.80,1009.00,12107
1788847860000000000,1009.20,1009.50,1009.00,1009.50,9132
1788847920000000000,1009.50,1009.50,1008.60,1008.90,33055
1788847980000000000,1009.00,1009.40,1008.80,1008.90,9709
1788848040000000000,1008.70,1009.40,1008.50,1008.90,14473
1788848100000000000,1008.90,1009.20,1008.80,1009.10,5471
1788848160000000000,1009.20,1009.30,1008.60,1009.00,13729
1788848220000000000,1009.10,1009.30,1009.00,1009.00,10760
1788848280000000000,1009.20,1009.20,1008.20,1008.70,12641
1788848340000000000,1008.70,1008.70,1007.60,1007.70,12083
1788848400000000000,1007.80,1007.80,1007.00,1007.60,16812
1788848460000000000,1007.80,1008.90,1007.70,1008.80,12272
1788848520000000000,1008.80,1009.20,1008.40,1009.10,9642
1788848580000000000,1009.10,1009.40,1008.70,1009.00,7208
1788848640000000000,1009.30,1009.50,1008.90,1009.20,9525
1788848700000000000,1009.20,1009.40,1009.00,1009.00,9067
1788848760000000000,1009.10,1009.10,1008.30,1008.50,9046
1788848820000000000,1008.70,1009.00,1008.40,1008.50,4116
1788848880000000000,1008.80,1008.80,1008.10,1008.30,6663
1788848940000000000,1008.40,1008.60,1008.30,1008.30,6357
1788849000000000000,1008.60,1008.60,1007.80,1008.10,10353
1788849060000000000,1008.20,1008.20,1007.50,1007.60,10379
1788849120000000000,1007.90,1008.20,1007.70,1008.00,5751
1788849180000000000,1008.20,1008.20,1007.70,1007.80,6795
1788849240000000000,1007.90,1007.90,1007.50,1007.70,5874
1788849300000000000,1007.80,1007.80,1006.30,1006.80,39219
1788849360000000000,1006.90,1006.90,1006.50,1006.50,8102
1788849420000000000,1006.90,1007.00,1006.50,1006.70,8467
1788849480000000000,1007.00,1007.00,1006.00,1006.10,25902
1788849540000000000,1006.10,1006.10,1005.50,1005.90,22546
1788849600000000000,1005.90,1006.50,1005.80,1006.50,6473
1788849660000000000,1006.50,1006.80,1006.40,1006.40,8203
1788849720000000000,1006.50,1006.80,1006.40,1006.70,4729
1788849780000000000,1006.80,1007.10,1006.50,1006.80,6094
1788849840000000000,1007.00,1007.00,1006.80,1006.90,4367
1788849900000000000,1007.00,1007.00,1006.90,1006.90,3996
1788849960000000000,1007.00,1007.00,1006.90,1006.90,4157
1788850020000000000,1007.00,1007.30,1006.90,1007.30,9974
1788850080000000000,1007.30,1007.70,1007.20,1007.50,8134
1788850140000000000,1007.60,1007.90,1007.40,1007.90,9942
1788850200000000000,1008.00,1008.20,1007.70,1007.90,17384
1788850260000000000,1008.00,1008.10,1007.70,1007.80,12754
1788850320000000000,1008.10,1008.20,1007.80,1008.00,6170
1788850380000000000,1008.10,1008.10,1007.40,1007.50,13539
1788850440000000000,1007.90,1008.20,1007.50,1007.80,88467
1788850500000000000,1008.00,1009.00,1007.80,1008.60,11179
1788850560000000000,1009.00,1009.00,1008.60,1008.60,8809
1788850620000000000,1008.70,1009.30,1008.70,1008.90,9237
1788850680000000000,1009.10,1009.20,1008.90,1009.00,4122
1788850740000000000,1009.10,1009.30,1009.00,1009.20,10237
1788850800000000000,1009.30,1011.10,1009.20,1010.10,124413
1788850860000000000,1010.20,1011.20,1010.10,1010.30,21517
1788850920000000000,1010.30,1010.40,1009.80,1010.00,17997
1788850980000000000,1010.20,1010.60,1010.00,1010.30,6419
1788851040000000000,1010.50,1010.60,1009.70,1010.30,10814
1788851100000000000,1010.00,1010.70,1010.00,1010.10,20564
1788851160000000000,1010.00,1010.50,1010.00,1010.20,7531
1788851220000000000,1010.20,1010.30,1009.80,1010.10,7430
1788851280000000000,1010.20,1010.20,1009.50,1010.20,11016
1788851340000000000,1010.20,1010.20,1010.00,1010.20,5007
1788851400000000000,1010.20,1010.20,1009.50,1009.70,11244
1788851460000000000,1009.80,1010.20,1009.50,1009.60,16267
1788851520000000000,1009.80,1009.80,1009.10,1009.30,9810
1788851580000000000,1009.40,1009.40,1008.80,1009.30,11772
1788851640000000000,1009.40,1009.70,1009.00,1009.30,11033
1788851700000000000,1009.40,1009.60,1008.80,1008.80,17185
1788851760000000000,1008.90,1009.20,1008.80,1009.00,8726
1788851820000000000,1009.00,1009.20,1008.90,1009.00,10654
1788851880000000000,1009.10,1009.20,1008.10,1008.40,26529
1788851940000000000,1008.50,1008.80,1008.40,1008.60,4714
1788852000000000000,1008.80,1008.80,1008.10,1008.30,8347
1788852060000000000,1008.30,1008.70,1008.20,1008.50,11967
1788852120000000000,1008.60,1008.70,1008.50,1008.60,4555
1788852180000000000,1008.60,1009.00,1008.50,1008.90,19560
1788852240000000000,1009.00,1009.50,1009.00,1009.30,13109
1788852300000000000,1009.40,1009.40,1009.20,1009.20,13032
1788852360000000000,1009.30,1009.30,1009.00,1009.20,5812
1788852420000000000,1009.30,1009.40,1009.20,1009.30,7070
1788852480000000000,1009.40,1010.00,1009.00,1009.00,65282
1788852540000000000,1009.00,1009.30,1007.30,1007.40,21593
1788852600000000000,1007.50,1007.90,1007.40,1007.60,15308
1788852660000000000,1007.80,1008.00,1007.50,1007.70,2580
1788852720000000000,1008.00,1008.20,1007.50,1008.00,13679
1788852780000000000,1008.10,1008.20,1007.00,1007.00,25101
1788852840000000000,1007.10,1007.10,1006.50,1006.60,10806
1788852900000000000,1007.00,1007.00,1006.50,1006.60,12032
1788852960000000000,1006.60,1006.90,1006.50,1006.80,13152
1788853020000000000,1007.00,1007.20,1006.80,1007.10,5369
1788853080000000000,1007.10,1007.50,1007.00,1007.10,5970
1788853140000000000,1007.30,1007.30,1006.80,1006.90,5550
1788853200000000000,1007.00,1007.10,1006.90,1007.10,3476
1788853260000000000,1007.10,1007.50,1007.00,1007.50,3837
1788853320000000000,1007.50,1007.50,1006.80,1006.90,21838
1788853380000000000,1007.20,1007.20,1007.10,1007.10,3706
1788853440000000000,1007.20,1007.80,1007.10,1007.70,27794
1788853500000000000,1007.60,1008.00,1007.60,1007.60,12407
1788853560000000000,1007.80,1007.80,1007.30,1007.60,5606
1788853620000000000,1007.70,1008.00,1007.60,1007.80,5099
1788853680000000000,1008.00,1008.10,1007.60,1007.60,7244
1788853740000000000,1007.70,1008.00,1007.20,1007.40,10553
1788853800000000000,1007.50,1007.90,1007.40,1007.90,28908
1788853860000000000,1007.90,1007.90,1007.80,1007.90,2666
1788853920000000000,1007.90,1008.20,1007.80,1008.00,2910
1788853980000000000,1008.10,1008.40,1008.00,1008.30,7008
1788854040000000000,1008.30,1008.40,1008.20,1008.30,5867
1788854100000000000,1008.30,1008.30,1007.00,1007.70,24572
1788854160000000000,1007.60,1008.00,1007.50,1007.50,7091
1788854220000000000,1007.80,1008.20,1007.50,1008.20,7689
1788854280000000000,1008.20,1008.50,1007.90,1008.00,23529
1788854340000000000,1008.10,1008.30,1007.60,1007.90,6716
1788854400000000000,1007.90,1007.90,1007.50,1007.50,7615
1788854460000000000,1007.80,1007.80,1007.70,1007.70,2709
1788854520000000000,1007.80,1007.80,1007.20,1007.80,4833
1788854580000000000,1007.80,1007.80,1007.10,1007.40,9992
1788854640000000000,1007.60,1007.70,1007.40,1007.40,6898
1788854700000000000,1007.60,1008.00,1007.40,1008.00,7029
1788854760000000000,1008.00,1008.20,1007.60,1007.90,6063
1788854820000000000,1008.00,1008.20,1007.60,1008.20,10693
1788854880000000000,1008.20,1008.20,1007.20,1007.30,21287
1788854940000000000,1007.30,1007.40,1007.00,1007.30,19360
1788855000000000000,1007.30,1007.50,1007.00,1007.20,19545
1788855060000000000,1007.40,1007.40,1006.50,1006.50,26888
1788855120000000000,1006.70,1006.90,1006.10,1006.90,18307
1788855180000000000,1006.60,1006.90,1006.30,1006.90,5306
1788855240000000000,1006.80,1006.90,1006.10,1006.40,33661
1788855300000000000,1006.50,1006.80,1006.30,1006.60,12368
1788855360000000000,1006.70,1006.80,1006.40,1006.80,6978
1788855420000000000,1006.80,1006.90,1006.60,1006.80,6924
1788855480000000000,1006.90,1006.90,1006.80,1006.90,4570
1788855540000000000,1006.90,1007.00,1006.80,1006.80,9197
1788855600000000000,1006.90,1007.00,1006.80,1006.80,10578
1788855660000000000,1006.80,1007.10,1006.20,1006.50,13734
1788855720000000000,1006.60,1006.80,1006.00,1006.00,20784
1788855780000000000,1006.10,1006.50,1006.00,1006.30,10015
1788855840000000000,1006.40,1006.60,1006.30,1006.30,5718
1788855900000000000,1006.40,1006.70,1006.40,1006.60,4227
1788855960000000000,1006.70,1006.70,1006.60,1006.60,9457
1788856020000000000,1006.70,1006.70,1006.10,1006.30,10305
1788856080000000000,1006.50,1006.60,1006.10,1006.40,9583
1788856140000000000,1006.50,1006.60,1006.20,1006.40,8982
1788856200000000000,1006.50,1007.00,1006.40,1006.60,8984
1788856260000000000,1006.80,1007.50,1006.70,1007.30,11471
1788856320000000000,1007.40,1007.60,1007.10,1007.10,5864
1788856380000000000,1007.20,1007.60,1007.10,1007.50,29515
1788856440000000000,1007.60,1007.90,1007.50,1007.80,6877
1788856500000000000,1007.80,1008.70,1007.80,1008.20,42390
1788856560000000000,1008.20,1008.80,1007.70,1008.20,37965
1788856620000000000,1008.30,1008.50,1007.20,1007.60,25167
1788856680000000000,1007.70,1008.10,1007.50,1007.70,25008
1788856740000000000,1007.70,1007.90,1007.60,1007.60,4647
1788856800000000000,1007.70,1009.10,1007.60,1008.60,59549
1788856860000000000,1008.70,1008.90,1008.30,1008.60,5845
1788856920000000000,1008.80,1009.40,1008.60,1009.00,4616
1788856980000000000,1009.10,1009.50,1009.00,1009.20,6230
1788857040000000000,1009.30,1009.30,1008.90,1009.20,8795
1788857100000000000,1009.20,1009.30,1008.90,1009.00,32571
1788857160000000000,1009.00,1009.00,1008.60,1008.60,10897
1788857220000000000,1008.70,1008.90,1008.60,1008.80,5745
1788857280000000000,1008.90,1008.90,1008.20,1008.50,8157
1788857340000000000,1008.60,1008.60,1008.00,1008.30,12136
1788857400000000000,1008.50,1008.70,1008.30,1008.30,10146
1788857460000000000,1008.50,1008.60,1008.30,1008.50,5935
1788857520000000000,1008.60,1008.90,1008.50,1008.50,10889
1788857580000000000,1008.80,1008.80,1007.50,1007.70,14950
1788857640000000000,1007.90,1008.10,1007.50,1008.00,6692
1788857700000000000,1008.10,1008.10,1007.40,1007.80,9403
1788857760000000000,1007.80,1008.40,1007.40,1008.30,21987
1788857820000000000,1008.30,1008.90,1008.20,1008.60,10518
1788857880000000000,1008.60,1009.00,1008.10,1008.60,21926
1788857940000000000,1008.60,1008.80,1008.20,1008.70,7927
1788858000000000000,1008.70,1009.00,1008.20,1008.50,14934
1788858060000000000,1008.60,1009.20,1008.50,1008.90,23819
1788858120000000000,1009.00,1009.30,1008.90,1008.90,29528
1788858180000000000,1009.00,1009.60,1008.50,1008.90,89790
1788858240000000000,1009.00,1009.10,1008.70,1008.90,9634
1788858300000000000,1009.00,1009.00,1008.90,1008.90,4745
1788858360000000000,1009.00,1009.00,1008.90,1008.90,5592
1788858420000000000,1009.00,1009.00,1008.70,1008.90,9799
1788858480000000000,1009.00,1009.00,1008.50,1008.50,7834
1788858540000000000,1008.60,1008.70,1008.20,1008.50,10631
1788858600000000000,1008.50,1008.70,1008.20,1008.40,6647
1788858660000000000,1008.60,1008.90,1008.40,1008.90,17411
1788858720000000000,1008.80,1009.00,1008.50,1008.80,13024
1788858780000000000,1008.80,1008.80,1008.30,1008.80,12743
1788858840000000000,1008.80,1009.40,1008.50,1008.90,114899
1788858900000000000,1009.00,1009.00,1008.30,1008.90,16930
1788858960000000000,1008.80,1009.00,1008.70,1008.80,17418
1788859020000000000,1008.80,1009.00,1008.80,1009.00,16996
1788859080000000000,1008.90,1009.00,1008.90,1008.90,16454
1788859140000000000,1008.90,1009.00,1008.70,1008.80,20644
1788859200000000000,1008.80,1009.00,1008.80,1008.90,18915
1788859260000000000,1008.90,1009.00,1008.90,1008.90,15887
1788859320000000000,1009.00,1009.00,1008.90,1009.00,21031
1788859380000000000,1008.90,1009.00,1008.90,1009.00,36077
1788859440000000000,1008.90,1009.00,1008.90,1009.00,30274
1788859500000000000,1008.90,1009.30,1008.90,1009.20,34038
1788859560000000000,1009.20,1009.50,1008.90,1008.90,34037
1788859620000000000,1008.90,1009.00,1008.40,1008.40,33393
1788859680000000000,1008.40,1009.00,1008.30,1008.90,25251
1788859740000000000,1008.90,1009.30,1008.70,1009.00,27492
1788859800000000000,1009.00,1009.30,1008.60,1009.20,26274
1788859860000000000,1009.20,1009.50,1009.00,1009.40,29092
1788859920000000000,1009.40,1009.60,1009.20,1009.30,34218
1788859980000000000,1009.30,1009.50,1009.10,1009.30,26594
1788860040000000000,1009.30,1009.50,1009.10,1009.10,41277
1788860100000000000,1009.10,1009.20,1008.80,1008.90,48356
1788860160000000000,1008.90,1009.10,1008.70,1008.90,33840
1788860220000000000,1008.90,1009.50,1008.10,1008.30,61428
1788860280000000000,1008.10,1008.30,1008.10,1008.20,33145
1788860340000000000,1008.30,1008.50,1008.20,1008.40,46980
1788860400000000000,1008.30,1009.20,1008.30,1009.00,63085
1788860460000000000,1009.00,1009.40,1008.60,1009.20,46360
1788860520000000000,1009.20,1009.60,1008.10,1008.40,95739
1788860580000000000,1008.90,1009.10,1008.00,1008.10,55236
1788860640000000000,1008.40,1008.80,1007.30,1008.00,17736
1788860700000000000,1008.00,1008.00,1008.00,1008.00,0
1788860760000000000,1008.00,1008.00,1008.00,1008.00,0
1788860820000000000,1008.00,1008.00,1008.00,1008.00,0
1788860880000000000,1008.00,1008.00,1008.00,1008.00,0
1788860940000000000,1008.00,1008.00,1008.00,1008.00,0
1788861000000000000,1008.00,1008.00,1008.00,1008.00,0
1788861060000000000,1008.00,1008.00,1008.00,1008.00,0
1788861120000000000,1008.00,1008.00,1008.00,1008.00,0
1788861180000000000,1008.00,1008.00,1008.00,1008.00,0
1788861240000000000,1008.00,1008.00,1008.00,1008.00,0
1788861300000000000,1008.00,1008.00,1008.00,1008.00,0
1788861360000000000,1008.00,1008.00,1008.00,1008.00,0
1788861420000000000,1008.00,1008.00,1008.00,1008.00,0
1788861480000000000,1008.00,1008.00,1008.00,1008.00,0
1788861540000000000,1008.00,1008.00,1008.00,1008.00,411690
1788925500000000000,999.00,1001.70,997.10,997.70,315918
1788925560000000000,997.70,997.90,993.60,995.20,143572
1788925620000000000,995.20,995.60,993.00,993.50,63298
1788925680000000000,993.50,995.50,992.40,995.50,91157
1788925740000000000,995.50,997.80,995.10,997.30,83801
1788925800000000000,997.30,999.90,996.80,999.70,57500
1788925860000000000,999.70,999.80,998.60,999.80,36747
1788925920000000000,999.50,999.70,998.70,999.00,36138
1788925980000000000,999.00,999.90,999.00,999.40,24365
1788926040000000000,999.50,1001.00,999.40,1000.60,43499
1788926100000000000,1000.60,1001.90,1000.50,1001.80,29251
1788926160000000000,1001.80,1001.90,1000.60,1001.20,20573
1788926220000000000,1001.20,1001.20,999.00,1000.10,71248
1788926280000000000,1000.10,1000.50,999.40,1000.10,12814
1788926340000000000,1000.50,1001.50,999.90,1000.40,111450
1788926400000000000,1001.10,1002.10,1000.60,1001.50,83489
1788926460000000000,1001.60,1002.00,1001.40,1001.50,23110
1788926520000000000,1001.60,1001.70,1000.70,1001.30,18962
1788926580000000000,1001.60,1002.10,1001.10,1001.50,18650
1788926640000000000,1001.70,1002.70,1001.30,1002.60,12245
1788926700000000000,1002.60,1002.70,1002.00,1002.20,13541
1788926760000000000,1002.40,1002.80,1002.00,1002.70,15222
1788926820000000000,1002.80,1004.40,1002.70,1004.40,35702
1788926880000000000,1004.40,1005.00,1004.10,1004.60,23562
1788926940000000000,1004.60,1006.30,1004.40,1005.90,31849
1788927000000000000,1005.90,1007.50,1005.40,1007.30,28868
1788927060000000000,1007.30,1007.30,1005.30,1005.50,20567
1788927120000000000,1005.60,1006.60,1005.30,1006.10,10877
1788927180000000000,1006.30,1006.40,1006.00,1006.20,7632
1788927240000000000,1006.10,1006.50,1005.70,1006.40,14601
1788927300000000000,1006.40,1006.50,1006.00,1006.30,10251
1788927360000000000,1006.30,1006.60,1006.10,1006.20,12066
1788927420000000000,1006.30,1007.40,1006.30,1006.50,25963
1788927480000000000,1006.90,1006.90,1006.20,1006.70,11484
1788927540000000000,1006.70,1006.70,1005.60,1005.80,9209
1788927600000000000,1005.60,1005.90,1005.10,1005.70,13074
1788927660000000000,1005.90,1006.00,1005.10,1005.30,11198
1788927720000000000,1005.60,1006.00,1005.00,1005.40,22119
1788927780000000000,1005.40,1005.40,1005.00,1005.20,4432
1788927840000000000,1005.30,1006.00,1005.20,1005.90,9799
1788927900000000000,1005.90,1006.00,1005.60,1005.60,8772
1788927960000000000,1005.90,1006.30,1005.50,1006.20,15948
1788928020000000000,1006.20,1006.90,1005.70,1006.60,12927
1788928080000000000,1006.60,1006.70,1005.50,1006.20,12771
1788928140000000000,1006.30,1007.30,1006.20,1006.90,14772
1788928200000000000,1006.80,1007.10,1006.30,1006.70,11075
1788928260000000000,1006.70,1006.80,1005.90,1006.60,10722
1788928320000000000,1006.70,1006.80,1006.10,1006.40,8192
1788928380000000000,1006.40,1006.40,1005.40,1005.80,11566
1788928440000000000,1005.80,1006.00,1005.40,1005.50,5941
1788928500000000000,1005.70,1005.80,1005.40,1005.50,11762
1788928560000000000,1005.50,1005.60,1005.00,1005.40,15427
1788928620000000000,1005.30,1005.40,1004.70,1005.40,15596
1788928680000000000,1005.40,1005.40,1005.00,1005.20,5583
1788928740000000000,1005.40,1005.50,1005.00,1005.00,4669
1788928800000000000,1005.10,1005.80,1005.00,1005.80,9626
1788928860000000000,1005.80,1006.70,1005.20,1006.60,12770
1788928920000000000,1006.60,1007.00,1006.20,1006.50,7870
1788928980000000000,1006.50,1006.70,1006.00,1006.30,6999
1788929040000000000,1006.50,1007.00,1005.80,1007.00,19303
1788929100000000000,1007.00,1007.40,1006.70,1006.80,13982
1788929160000000000,1006.80,1007.40,1006.70,1007.30,10778
1788929220000000000,1007.30,1007.50,1006.80,1007.50,8363
1788929280000000000,1007.50,1008.70,1007.40,1007.80,41687
1788929340000000000,1008.00,1008.40,1007.70,1008.20,7612
1788929400000000000,1008.00,1008.40,1007.70,1008.00,10318
1788929460000000000,1008.00,1008.10,1007.10,1007.20,12042
1788929520000000000,1007.40,1007.60,1007.10,1007.50,5512
1788929580000000000,1007.50,1007.90,1007.10,1007.90,4196
1788929640000000000,1007.90,1008.80,1007.90,1008.00,20076
1788929700000000000,1008.20,1008.40,1007.50,1007.80,6135
1788929760000000000,1007.80,1008.40,1007.20,1007.90,8713
1788929820000000000,1007.90,1009.00,1007.70,1009.00,18664
1788929880000000000,1009.00,1009.10,1008.50,1009.00,11496
1788929940000000000,1009.10,1009.50,1009.00,1009.30,15454
1788930000000000000,1009.30,1012.00,1009.10,1011.50,67646
1788930060000000000,1011.40,1011.70,1011.10,1011.10,31612
1788930120000000000,1011.50,1012.20,1011.10,1011.30,26816
1788930180000000000,1011.50,1012.00,1011.00,1011.80,12416
1788930240000000000,1011.80,1011.90,1011.20,1011.50,9281
1788930300000000000,1011.50,1011.80,1010.00,1010.30,8487
1788930360000000000,1010.30,1011.00,1009.40,1010.50,23147
1788930420000000000,1010.90,1011.00,1009.60,1010.00,8789
1788930480000000000,1010.00,1010.00,1009.50,1009.60,6585
1788930540000000000,1009.60,1010.40,1009.50,1010.00,9690
1788930600000000000,1010.20,1010.40,1009.50,1009.80,7099
1788930660000000000,1009.80,1010.00,1009.40,1009.50,8074
1788930720000000000,1009.90,1010.20,1009.50,1009.50,4315
1788930780000000000,1009.60,1009.90,1009.40,1009.50,6636
1788930840000000000,1009.50,1010.10,1009.20,1009.50,17925
1788930900000000000,1009.80,1009.90,1009.10,1009.60,6466
1788930960000000000,1009.60,1010.20,1009.30,1010.00,7664
1788931020000000000,1010.00,1010.70,1009.60,1010.20,7279
1788931080000000000,1010.10,1010.30,1009.80,1010.30,9430
1788931140000000000,1010.30,1010.40,1009.10,1009.50,6453
1788931200000000000,1009.50,1010.30,1009.20,1010.00,16569
1788931260000000000,1010.00,1010.10,1009.70,1009.90,6863
1788931320000000000,1009.90,1010.30,1009.80,1009.90,6852
1788931380000000000,1010.00,1010.30,1009.20,1009.70,7513
1788931440000000000,1009.60,1010.30,1009.40,1010.30,5799
1788931500000000000,1010.30,1010.80,1009.90,1010.60,4233
1788931560000000000,1010.60,1011.20,1010.30,1010.40,9705
1788931620000000000,1010.50,1010.70,1010.10,1010.10,3267
1788931680000000000,1010.50,1010.50,1009.80,1009.90,7777
1788931740000000000,1010.20,1010.40,1009.90,1010.00,5016
1788931800000000000,1009.90,1010.30,1009.30,1009.50,17324
1788931860000000000,1010.00,1010.40,1006.20,1007.10,205304
1788931920000000000,1007.00,1007.60,1006.50,1006.60,16514
1788931980000000000,1006.70,1007.60,1006.70,1007.60,7560
1788932040000000000,1007.60,1007.60,1007.10,1007.40,4674
1788932100000000000,1007.40,1007.50,1007.00,1007.30,6498
1788932160000000000,1007.30,1007.40,1004.90,1005.80,219670
1788932220000000000,1005.90,1006.40,1005.70,1006.40,11427
1788932280000000000,1006.50,1006.70,1006.00,1006.40,6325
1788932340000000000,1006.40,1006.70,1005.50,1005.60,10521
1788932400000000000,1005.80,1006.40,1005.70,1006.00,7994
1788932460000000000,1006.10,1006.90,1006.10,1006.50,7491
1788932520000000000,1006.90,1007.00,1006.40,1006.40,8062
1788932580000000000,1006.60,1007.10,1006.40,1006.60,17052
1788932640000000000,1007.00,1007.40,1006.80,1007.00,12799
1788932700000000000,1007.40,1007.50,1007.00,1007.20,6726
1788932760000000000,1007.40,1007.70,1007.20,1007.40,10323
1788932820000000000,1007.40,1007.50,1006.60,1006.60,7660
1788932880000000000,1006.60,1006.90,1006.10,1006.30,9753
1788932940000000000,1006.40,1007.00,1006.00,1006.50,11258
1788933000000000000,1006.70,1007.50,1006.50,1007.00,6859
1788933060000000000,1007.10,1007.50,1006.90,1007.10,5216
1788933120000000000,1007.20,1007.30,1006.80,1006.90,7222
1788933180000000000,1007.10,1007.10,1006.80,1006.80,4161
1788933240000000000,1007.00,1007.00,1006.00,1006.40,13087
1788933300000000000,1006.60,1007.60,1006.50,1007.40,9341
1788933360000000000,1007.40,1007.40,1006.40,1007.00,14337
1788933420000000000,1007.00,1007.20,1006.60,1006.70,4389
1788933480000000000,1006.70,1007.10,1006.50,1006.90,5289
1788933540000000000,1006.90,1007.00,1005.40,1006.60,21085
1788933600000000000,1006.50,1007.40,1006.50,1007.20,6267
1788933660000000000,1007.20,1007.50,1006.50,1006.90,11372
1788933720000000000,1006.90,1007.00,1006.30,1006.30,15728
1788933780000000000,1006.30,1006.80,1005.90,1006.50,17294
1788933840000000000,1006.50,1006.50,1005.70,1006.10,19568
1788933900000000000,1006.10,1006.40,1005.50,1006.30,11537
1788933960000000000,1006.30,1006.60,1006.20,1006.40,7358
1788934020000000000,1006.30,1006.50,1005.60,1005.80,15442
1788934080000000000,1005.80,1006.00,1005.70,1005.90,4289
1788934140000000000,1005.90,1005.90,1005.50,1005.50,5021
1788934200000000000,1005.90,1005.90,1005.50,1005.70,5279
1788934260000000000,1005.90,1006.60,1005.70,1006.00,29978
1788934320000000000,1006.00,1006.30,1005.60,1005.90,5175
1788934380000000000,1005.90,1006.00,1005.60,1005.60,6510
1788934440000000000,1005.90,1005.90,1005.40,1005.60,11491
1788934500000000000,1005.80,1006.30,1005.50,1006.00,13799
1788934560000000000,1006.00,1006.00,1005.40,1005.40,5318
1788934620000000000,1005.70,1006.20,1005.30,1005.50,166690
1788934680000000000,1005.50,1006.50,1005.40,1006.40,34025
1788934740000000000,1006.40,1006.70,1006.10,1006.50,7761
1788934800000000000,1006.50,1006.80,1006.20,1006.30,7707
1788934860000000000,1006.30,1006.30,1005.60,1005.60,7222
1788934920000000000,1006.00,1006.00,1005.30,1005.50,10112
1788934980000000000,1005.50,1006.00,1005.30,1005.80,7898
1788935040000000000,1005.90,1006.20,1005.30,1005.70,11999
1788935100000000000,1005.70,1006.00,1005.30,1006.00,8241
1788935160000000000,1006.00,1006.70,1005.80,1006.50,8940
1788935220000000000,1006.50,1006.60,1006.40,1006.50,7604
1788935280000000000,1006.50,1006.50,1005.60,1005.80,7268
1788935340000000000,1005.90,1006.00,1005.50,1005.70,5763
1788935400000000000,1005.70,1006.00,1005.60,1005.80,6716
1788935460000000000,1005.80,1005.90,1005.10,1005.40,14226
1788935520000000000,1005.40,1006.00,1005.10,1005.20,26096
1788935580000000000,1005.40,1005.40,1004.50,1005.00,12869
1788935640000000000,1005.00,1005.80,1004.70,1005.40,10508
1788935700000000000,1005.40,1005.60,1005.00,1005.20,7511
1788935760000000000,1005.20,1005.20,1004.30,1004.70,9078
1788935820000000000,1004.70,1005.00,1004.70,1004.90,2939
1788935880000000000,1004.90,1005.00,1004.80,1005.00,1957
1788935940000000000,1005.00,1005.30,1004.80,1005.10,11861
1788936000000000000,1005.00,1005.00,1004.80,1005.00,3550
1788936060000000000,1005.00,1005.00,1004.90,1005.00,4077
1788936120000000000,1005.00,1005.00,1004.90,1005.00,4199
1788936180000000000,1005.00,1005.20,1004.20,1005.20,16360
1788936240000000000,1005.20,1005.40,1004.40,1005.00,14799
1788936300000000000,1005.00,1005.30,1004.90,1005.00,3616
1788936360000000000,1005.00,1005.00,1004.30,1004.40,7503
1788936420000000000,1004.50,1005.00,1004.40,1005.00,2679
1788936480000000000,1005.00,1005.00,1004.60,1004.80,2886
1788936540000000000,1004.80,1005.00,1004.70,1005.00,3392
1788936600000000000,1005.00,1005.00,1004.70,1005.00,6451
1788936660000000000,1005.00,1005.00,1004.90,1005.00,2364
1788936720000000000,1005.00,1005.00,1004.80,1005.00,5725
1788936780000000000,1004.90,1005.10,1004.60,1005.00,12956
1788936840000000000,1005.10,1005.70,1005.00,1005.50,5574
1788936900000000000,1005.50,1005.70,1005.30,1005.40,5393
1788936960000000000,1005.40,1005.70,1005.30,1005.60,5140
1788937020000000000,1005.60,1005.90,1005.40,1005.90,5061
1788937080000000000,1005.80,1006.30,1005.70,1006.30,6979
1788937140000000000,1006.30,1006.40,1005.90,1006.40,9128
1788937200000000000,1006.30,1006.50,1006.20,1006.50,6329
1788937260000000000,1006.50,1007.00,1006.40,1007.00,8169
1788937320000000000,1007.00,1007.40,1006.90,1007.30,7281
1788937380000000000,1007.30,1010.00,1007.30,1009.60,35959
1788937440000000000,1009.60,1010.20,1009.00,1009.40,23477
1788937500000000000,1009.40,1011.50,1009.00,1009.80,35510
1788937560000000000,1010.00,1010.30,1009.20,1009.60,10261
1788937620000000000,1009.70,1010.30,1009.30,1009.50,11582
1788937680000000000,1009.70,1010.50,1009.70,1009.80,7808
1788937740000000000,1010.00,1010.10,1009.50,1009.80,12549
1788937800000000000,1009.80,1010.50,1009.50,1010.10,16944
1788937860000000000,1010.10,1010.10,1009.40,1009.50,11193
1788937920000000000,1009.90,1011.00,1009.70,1010.90,53136
1788937980000000000,1010.90,1011.40,1010.10,1010.40,20278
1788938040000000000,1010.50,1010.70,1010.30,1010.40,14046
1788938100000000000,1010.40,1010.60,1010.10,1010.40,8148
1788938160000000000,1010.40,1010.50,1009.70,1010.40,12265
1788938220000000000,1010.50,1011.00,1010.30,1010.70,11010
1788938280000000000,1010.70,1010.80,1010.10,1010.30,11887
1788938340000000000,1010.60,1010.70,1009.50,1009.60,7291
1788938400000000000,1009.70,1010.00,1009.60,1009.90,7434
1788938460000000000,1009.90,1010.80,1009.80,1010.60,13301
1788938520000000000,1010.60,1010.90,1010.50,1010.50,8413
1788938580000000000,1010.60,1010.90,1010.00,1010.50,13695
1788938640000000000,1010.30,1010.70,1009.80,1010.20,13248
1788938700000000000,1010.10,1010.30,1009.50,1010.10,13694
1788938760000000000,1010.10,1010.20,1009.80,1009.80,7359
1788938820000000000,1010.00,1010.60,1009.80,1010.20,8337
1788938880000000000,1010.30,1010.60,1010.00,1010.40,5703
1788938940000000000,1010.40,1010.50,1010.10,1010.30,10727
1788939000000000000,1010.40,1010.40,1010.00,1010.20,13888
1788939060000000000,1010.20,1010.50,1010.00,1010.50,6928
1788939120000000000,1010.40,1010.50,1009.30,1009.70,13032
1788939180000000000,1009.90,1010.00,1009.40,1010.00,10441
1788939240000000000,1010.00,1010.00,1009.30,1009.80,7697
1788939300000000000,1009.70,1010.10,1009.50,1009.60,7169
1788939360000000000,1010.00,1010.00,1009.50,1009.50,8265
1788939420000000000,1009.90,1010.50,1009.60,1010.40,14591
1788939480000000000,1010.50,1010.50,1009.60,1010.00,7958
1788939540000000000,1010.00,1010.10,1009.50,1009.70,8928
1788939600000000000,1009.90,1010.00,1009.50,1009.80,6607
1788939660000000000,1009.80,1010.00,1009.10,1009.80,9203
1788939720000000000,1009.80,1009.80,1008.80,1009.00,20703
1788939780000000000,1009.40,1009.60,1008.90,1009.00,5533
1788939840000000000,1009.10,1009.20,1008.60,1008.80,8360
1788939900000000000,1008.80,1008.90,1008.50,1008.90,6324
1788939960000000000,1008.90,1009.00,1008.40,1008.60,6329
1788940020000000000,1008.70,1008.90,1008.40,1008.90,5954
1788940080000000000,1008.90,1009.70,1008.80,1009.50,16186
1788940140000000000,1009.60,1009.90,1008.80,1008.90,12285
1788940200000000000,1009.10,1009.10,1008.40,1008.80,7093
1788940260000000000,1008.90,1009.50,1008.70,1009.20,5589
1788940320000000000,1009.40,1009.60,1008.70,1008.80,5711
1788940380000000000,1009.10,1009.30,1008.70,1008.90,6375
1788940440000000000,1009.00,1009.00,1008.50,1008.80,6706
1788940500000000000,1008.80,1009.10,1008.60,1009.00,7524
1788940560000000000,1009.10,1009.30,1008.90,1009.10,6568
1788940620000000000,1009.20,1009.30,1008.70,1009.10,9241
1788940680000000000,1009.20,1009.20,1008.70,1009.00,6934
1788940740000000000,1009.00,1009.00,1008.70,1009.00,7424
1788940800000000000,1009.00,1009.20,1008.70,1009.20,5789
1788940860000000000,1009.10,1009.30,1008.80,1009.10,5466
1788940920000000000,1009.20,1009.30,1008.80,1009.20,7019
1788940980000000000,1009.20,1009.30,1008.70,1008.70,6636
1788941040000000000,1009.00,1009.20,1008.40,1008.70,17355
1788941100000000000,1009.00,1009.10,1008.60,1009.10,9223
1788941160000000000,1009.10,1009.50,1008.70,1008.70,7334
1788941220000000000,1009.00,1009.20,1008.40,1009.00,9622
1788941280000000000,1009.00,1009.50,1008.90,1009.00,6238
1788941340000000000,1009.20,1009.40,1008.90,1009.10,4652
1788941400000000000,1009.20,1009.20,1008.40,1008.80,7772
1788941460000000000,1008.80,1009.00,1008.40,1009.00,5686
1788941520000000000,1009.00,1009.20,1008.60,1008.70,4179
1788941580000000000,1009.10,1009.40,1008.70,1009.20,7163
1788941640000000000,1009.20,1009.40,1008.60,1009.00,6064
1788941700000000000,1008.90,1009.20,1008.40,1008.50,15239
1788941760000000000,1008.50,1008.70,1007.60,1007.80,20500
1788941820000000000,1007.80,1007.80,1007.40,1007.50,12030
1788941880000000000,1007.70,1008.00,1007.60,1007.80,6020
1788941940000000000,1008.00,1008.20,1007.60,1008.00,10049
1788942000000000000,1008.10,1008.10,1007.00,1007.80,22142
1788942060000000000,1007.80,1008.40,1007.60,1008.40,7419
1788942120000000000,1008.40,1008.90,1008.00,1008.70,8734
1788942180000000000,1008.70,1008.90,1008.00,1008.40,13787
1788942240000000000,1008.40,1008.40,1007.50,1007.70,6939
1788942300000000000,1007.90,1008.00,1007.20,1007.90,7609
1788942360000000000,1007.90,1008.00,1004.90,1006.20,336934
1788942420000000000,1006.20,1007.50,1005.90,1007.40,21658
1788942480000000000,1007.40,1007.50,1007.00,1007.30,6588
1788942540000000000,1007.40,1007.70,1007.30,1007.50,5177
1788942600000000000,1007.50,1008.20,1007.40,1007.80,16600
1788942660000000000,1007.80,1008.50,1007.40,1008.50,14330
1788942720000000000,1008.40,1009.10,1008.30,1008.90,6720
1788942780000000000,1008.90,1009.00,1008.30,1008.50,10999
1788942840000000000,1008.50,1008.90,1008.30,1008.80,12277
1788942900000000000,1008.80,1009.00,1008.70,1008.90,8246
1788942960000000000,1009.00,1009.10,1008.80,1009.10,7099
1788943020000000000,1009.00,1009.00,1008.60,1009.00,14637
1788943080000000000,1009.10,1009.10,1008.60,1009.00,30309
1788943140000000000,1009.00,1009.10,1008.70,1008.80,37210
1788943200000000000,1008.90,1009.00,1007.80,1007.80,15826
1788943260000000000,1008.00,1008.10,1007.70,1008.00,8646
1788943320000000000,1008.10,1008.20,1007.90,1008.10,5777
1788943380000000000,1008.10,1008.20,1007.50,1007.80,11003
1788943440000000000,1007.80,1007.80,1007.00,1007.60,14800
1788943500000000000,1007.30,1007.50,1006.60,1006.70,11165
1788943560000000000,1006.80,1007.60,1005.70,1006.00,39295
1788943620000000000,1006.00,1007.40,1005.80,1007.00,68391
1788943680000000000,1007.10,1007.50,1007.00,1007.30,11335
1788943740000000000,1007.40,1007.80,1007.00,1007.40,8968
1788943800000000000,1007.50,1007.50,1006.40,1006.50,26000
1788943860000000000,1006.60,1007.50,1006.50,1007.00,28009
1788943920000000000,1007.30,1007.40,1006.90,1007.30,12640
1788943980000000000,1007.40,1007.70,1006.80,1007.00,18395
1788944040000000000,1007.10,1007.10,1006.40,1006.90,30400
1788944100000000000,1006.90,1007.30,1006.40,1006.60,14932
1788944160000000000,1006.80,1006.90,1006.30,1006.60,14499
1788944220000000000,1006.60,1006.80,1006.20,1006.20,22048
1788944280000000000,1006.30,1007.00,1006.10,1006.50,17819
1788944340000000000,1006.60,1006.80,1006.20,1006.70,14183
1788944400000000000,1006.80,1006.80,1006.10,1006.60,12322
1788944460000000000,1006.60,1007.10,1006.30,1006.70,15218
1788944520000000000,1006.80,1007.20,1006.60,1006.70,12392
1788944580000000000,1006.90,1007.00,1006.30,1006.80,9583
1788944640000000000,1006.90,1007.00,1006.40,1006.50,8713
1788944700000000000,1006.70,1007.00,1006.40,1006.70,11535
1788944760000000000,1006.70,1006.80,1006.00,1006.40,13911
1788944820000000000,1006.10,1006.40,1005.60,1006.00,13697
1788944880000000000,1006.00,1006.40,1005.50,1005.60,14380
1788944940000000000,1005.70,1006.20,1005.60,1005.90,12839
1788945000000000000,1006.00,1006.10,1004.70,1005.00,17725
1788945060000000000,1005.00,1005.50,1004.70,1005.20,11276
1788945120000000000,1005.20,1005.30,1004.80,1005.00,21283
1788945180000000000,1005.10,1005.20,1004.90,1005.10,10251
1788945240000000000,1005.10,1005.70,1004.90,1005.50,13978
1788945300000000000,1005.50,1005.50,1004.90,1005.00,10419
1788945360000000000,1005.00,1005.10,1004.90,1005.00,5343
1788945420000000000,1005.00,1005.20,1004.70,1005.00,13925
1788945480000000000,1005.00,1005.20,1004.80,1005.00,7788
1788945540000000000,1005.00,1005.00,1003.00,1004.40,93517
1788945600000000000,1004.60,1005.80,1004.40,1005.40,25702
1788945660000000000,1005.40,1005.60,1004.30,1004.70,18997
1788945720000000000,1004.70,1004.90,1004.20,1004.50,21510
1788945780000000000,1004.50,1004.50,1004.10,1004.40,8877
1788945840000000000,1004.40,1004.40,1003.60,1004.30,20655
1788945900000000000,1004.30,1004.50,1004.00,1004.10,10010
1788945960000000000,1004.20,1004.40,1003.30,1003.60,55705
1788946020000000000,1003.70,1004.10,1003.70,1004.00,9339
1788946080000000000,1004.00,1004.20,1003.60,1003.80,11381
1788946140000000000,1003.70,1003.90,1003.30,1003.70,10839
1788946200000000000,1003.70,1004.00,1003.30,1003.50,27601
1788946260000000000,1003.70,1004.00,1003.60,1003.80,14621
1788946320000000000,1003.80,1003.80,1003.10,1003.20,33029
1788946380000000000,1003.20,1003.30,1002.20,1003.00,31919
1788946440000000000,1003.00,1003.00,1002.10,1002.20,24773
1788946500000000000,1002.10,1002.20,1001.00,1002.20,63422
1788946560000000000,1002.20,1002.30,1001.50,1002.00,24440
1788946620000000000,1002.00,1003.40,1001.50,1003.30,49593
1788946680000000000,1003.40,1004.20,1003.20,1004.20,26410
1788946740000000000,1004.20,1004.70,1004.00,1004.40,52532
1788946800000000000,1004.30,1004.40,1003.10,1004.10,63089
1788946860000000000,1004.10,1005.00,1003.50,1004.20,140448
1788946920000000000,1004.30,1004.30,1002.90,1003.60,46223
1788946980000000000,1004.00,1004.00,1002.50,1003.00,34464
1788947040000000000,1003.00,1003.00,1002.00,1002.80,18929
1788947100000000000,1002.80,1002.80,1002.80,1002.80,0
1788947160000000000,1002.80,1002.80,1002.80,1002.80,0
1788947220000000000,1002.80,1002.80,1002.80,1002.80,0
1788947280000000000,1002.80,1002.80,1002.80,1002.80,0
1788947340000000000,1002.80,1002.80,1002.80,1002.80,0
1788947400000000000,1002.80,1002.80,1002.80,1002.80,0
1788947460000000000,1002.80,1002.80,1002.80,1002.80,0
1788947520000000000,1002.80,1002.80,1002.80,1002.80,0
1788947580000000000,1002.80,1002.80,1002.80,1002.80,0
1788947640000000000,1002.80,1002.80,1002.80,1002.80,0
1788947700000000000,1002.80,1002.80,1002.80,1002.80,0
1788947760000000000,1002.80,1002.80,1002.80,1002.80,0
1788947820000000000,1002.80,1002.80,1002.80,1002.80,0
1788947880000000000,1000.50,1000.50,1000.50,1000.50,239546
1788947940000000000,1000.50,1000.50,1000.50,1000.50,0
1789011900000000000,1002.00,1007.00,1001.50,1006.50,129443
1789011960000000000,1006.50,1007.00,1004.80,1006.30,70159
1789012020000000000,1005.80,1007.70,1005.70,1007.70,44373
1789012080000000000,1007.70,1010.50,1007.30,1010.20,63184
1789012140000000000,1010.30,1011.00,1009.30,1009.90,32199
1789012200000000000,1009.80,1009.90,1008.90,1009.00,24180
1789012260000000000,1009.10,1011.00,1008.80,1011.00,37369
1789012320000000000,1011.00,1011.00,1008.30,1008.40,46924
1789012380000000000,1008.40,1008.60,1007.50,1008.20,31877
1789012440000000000,1008.40,1009.90,1008.20,1009.80,18611
1789012500000000000,1009.80,1010.00,1009.10,1009.20,21731
1789012560000000000,1009.50,1010.40,1009.20,1010.40,13124
1789012620000000000,1010.40,1011.40,1009.90,1010.10,27057
1789012680000000000,1010.30,1011.00,1009.50,1011.00,30638
1789012740000000000,1011.00,1011.90,1010.60,1011.30,38683
1789012800000000000,1011.40,1011.50,1009.50,1009.50,34464
1789012860000000000,1009.90,1010.30,1009.00,1009.80,15204
1789012920000000000,1010.00,1010.00,1009.10,1009.40,26957
1789012980000000000,1009.40,1009.50,1008.60,1009.00,21386
1789013040000000000,1009.00,1009.10,1008.20,1008.50,8143
1789013100000000000,1008.50,1008.70,1007.70,1008.40,13377
1789013160000000000,1008.40,1008.70,1008.10,1008.50,3883
1789013220000000000,1008.50,1008.60,1008.20,1008.30,5311
1789013280000000000,1008.30,1008.50,1008.00,1008.10,6835
1789013340000000000,1008.50,1008.90,1008.20,1008.70,5875
1789013400000000000,1008.70,1009.00,1008.10,1009.00,11010
1789013460000000000,1009.00,1009.90,1008.80,1009.20,11459
1789013520000000000,1009.20,1009.60,1009.00,1009.20,4922
1789013580000000000,1009.20,1009.50,1008.70,1009.00,6621
1789013640000000000,1009.00,1009.10,1008.40,1008.90,6938
1789013700000000000,1008.90,1009.30,1008.10,1008.70,8915
1789013760000000000,1008.70,1008.70,1007.50,1007.80,9426
1789013820000000000,1007.80,1008.70,1007.50,1008.60,10716
1789013880000000000,1008.60,1008.80,1008.20,1008.70,12208
1789013940000000000,1008.70,1008.70,1007.90,1008.00,3795
1789014000000000000,1008.40,1008.70,1008.10,1008.40,8095
1789014060000000000,1008.70,1009.30,1008.30,1008.90,10125
1789014120000000000,1008.90,1009.30,1007.30,1008.10,28058
1789014180000000000,1008.10,1008.10,1007.30,1007.80,4082
1789014240000000000,1007.80,1007.80,1007.20,1007.60,5770
1789014300000000000,1007.60,1008.50,1007.30,1008.50,8729
1789014360000000000,1008.50,1008.80,1008.00,1008.30,4437
1789014420000000000,1008.30,1008.50,1007.50,1007.90,2327
1789014480000000000,1007.90,1008.10,1007.50,1008.00,7186
1789014540000000000,1008.20,1008.20,1007.30,1007.60,10998
1789014600000000000,1007.80,1007.90,1006.40,1007.00,29028
1789014660000000000,1007.20,1007.30,1006.40,1006.40,7828
1789014720000000000,1006.70,1006.80,1006.20,1006.50,8520
1789014780000000000,1006.60,1006.80,1006.00,1006.30,17887
1789014840000000000,1006.80,1007.40,1006.50,1007.20,10800
1789014900000000000,1007.40,1007.40,1006.50,1006.60,10099
1789014960000000000,1007.00,1007.00,1006.30,1006.40,13958
1789015020000000000,1006.60,1006.80,1006.40,1006.60,10624
1789015080000000000,1006.90,1007.00,1006.20,1006.30,18527
1789015140000000000,1006.40,1007.50,1006.20,1007.00,12168
1789015200000000000,1007.00,1007.00,1006.40,1006.50,6661
1789015260000000000,1006.70,1007.00,1006.10,1006.70,14055
1789015320000000000,1006.70,1007.00,1006.20,1006.90,10287
1789015380000000000,1006.90,1006.90,1006.30,1006.50,9102
1789015440000000000,1006.60,1007.80,1006.50,1007.50,14881
1789015500000000000,1007.50,1008.90,1007.50,1008.70,8282
1789015560000000000,1008.80,1009.00,1008.30,1008.80,18082
1789015620000000000,1008.80,1009.30,1008.10,1008.20,17293
1789015680000000000,1008.30,1008.90,1008.10,1008.60,6461
1789015740000000000,1008.60,1008.90,1008.30,1008.60,3677
1789015800000000000,1008.60,1008.90,1008.40,1008.80,4879
1789015860000000000,1008.80,1009.10,1008.10,1008.10,8943
1789015920000000000,1008.40,1008.40,1008.00,1008.00,4548
1789015980000000000,1008.20,1009.00,1008.10,1009.00,3834
1789016040000000000,1009.00,1009.00,1008.40,1008.90,10181
1789016100000000000,1009.00,1009.40,1008.90,1009.40,4173
1789016160000000000,1009.40,1009.50,1008.90,1009.20,7424
1789016220000000000,1009.20,1009.50,1009.00,1009.50,5076
1789016280000000000,1009.50,1009.60,1009.00,1009.30,3879
1789016340000000000,1009.30,1009.60,1009.00,1009.40,3669
1789016400000000000,1009.40,1009.50,1008.50,1009.00,7419
1789016460000000000,1009.00,1009.10,1007.60,1007.80,4594
1789016520000000000,1007.90,1008.40,1007.60,1008.00,6822
1789016580000000000,1008.20,1008.80,1008.00,1008.30,4831
1789016640000000000,1008.80,1008.80,1008.20,1008.40,4083
1789016700000000000,1008.40,1008.70,1008.10,1008.60,5339
1789016760000000000,1008.60,1008.90,1008.40,1008.90,2532
1789016820000000000,1008.90,1009.00,1008.30,1008.50,4667
1789016880000000000,1008.40,1008.40,1008.20,1008.40,1921
1789016940000000000,1008.40,1008.40,1008.30,1008.30,1428
1789017000000000000,1008.40,1009.00,1008.30,1009.00,4003
1789017060000000000,1009.00,1009.50,1008.80,1009.20,12657
1789017120000000000,1009.20,1009.20,1008.60,1009.10,3466
1789017180000000000,1009.10,1009.40,1008.60,1008.70,8364
1789017240000000000,1008.70,1010.50,1008.60,1009.90,45613
1789017300000000000,1009.90,1010.30,1009.20,1009.50,11314
1789017360000000000,1009.50,1009.80,1009.10,1009.50,11221
1789017420000000000,1009.70,1009.90,1009.10,1009.40,7100
1789017480000000000,1009.40,1009.40,1009.00,1009.10,3008
1789017540000000000,1009.10,1009.30,1009.00,1009.10,3287
1789017600000000000,1009.20,1009.20,1008.50,1008.60,4496
1789017660000000000,1008.60,1008.80,1008.30,1008.70,6830
1789017720000000000,1008.80,1009.00,1008.60,1008.60,3656
1789017780000000000,1008.70,1008.80,1008.30,1008.60,8665
1789017840000000000,1008.60,1008.80,1008.10,1008.20,9911
1789017900000000000,1008.20,1008.40,1007.70,1007.70,7915
1789017960000000000,1007.80,1008.20,1007.60,1007.80,9597
1789018020000000000,1007.80,1008.90,1007.60,1008.90,13498
1789018080000000000,1008.90,1008.90,1008.10,1008.20,3360
1789018140000000000,1008.50,1008.80,1008.10,1008.70,16480
1789018200000000000,1008.80,1009.40,1008.70,1009.10,4694
1789018260000000000,1009.30,1009.30,1008.50,1008.90,5403
1789018320000000000,1008.90,1009.00,1008.60,1008.70,3775
1789018380000000000,1008.70,1009.30,1008.50,1008.50,7879
1789018440000000000,1008.70,1009.30,1008.50,1008.80,9818
1789018500000000000,1008.80,1009.10,1008.30,1008.50,12823
1789018560000000000,1008.60,1009.50,1008.50,1009.30,10296
1789018620000000000,1009.40,1009.50,1009.00,1009.20,4190
1789018680000000000,1009.20,1009.50,1008.90,1009.40,8448
1789018740000000000,1009.30,1009.40,1008.80,1009.00,4543
1789018800000000000,1009.00,1009.10,1008.80,1009.00,1468
1789018860000000000,1009.10,1009.50,1009.00,1009.50,6879
1789018920000000000,1009.50,1009.90,1009.30,1009.70,7862
1789018980000000000,1009.70,1010.40,1009.60,1010.10,30558
1789019040000000000,1010.10,1010.40,1009.70,1010.20,9707
1789019100000000000,1010.40,1011.70,1010.20,1011.30,44401
1789019160000000000,1011.20,1011.30,1010.10,1010.50,10874
1789019220000000000,1010.50,1010.90,1010.40,1010.60,7901
1789019280000000000,1010.60,1010.90,1010.30,1010.40,12612
1789019340000000000,1010.40,1010.60,1009.00,1009.00,12080
1789019400000000000,1009.20,1009.60,1008.40,1009.10,18657
1789019460000000000,1009.20,1009.50,1009.00,1009.20,8877
1789019520000000000,1009.20,1009.60,1009.00,1009.60,5880
1789019580000000000,1009.60,1010.00,1009.30,1009.90,5367
1789019640000000000,1009.90,1009.90,1009.30,1009.60,5916
1789019700000000000,1009.60,1009.60,1009.40,1009.50,2152
1789019760000000000,1009.60,1010.00,1009.50,1009.90,3965
1789019820000000000,1010.00,1010.00,1009.50,1009.70,9016
1789019880000000000,1009.80,1009.90,1009.40,1009.90,5347
1789019940000000000,1009.90,1010.30,1009.60,1009.80,8730
1789020000000000000,1010.00,1010.80,1009.60,1010.80,8669
1789020060000000000,1010.80,1011.30,1010.50,1011.20,19059
1789020120000000000,1011.20,1011.40,1010.30,1010.60,11143
1789020180000000000,1010.70,1010.80,1010.30,1010.40,4408
1789020240000000000,1010.50,1010.50,1010.00,1010.10,3476
1789020300000000000,1010.10,1010.20,1010.00,1010.00,3753
1789020360000000000,1010.20,1010.20,1007.00,1007.00,212101
1789020420000000000,1007.30,1007.40,1006.50,1007.30,26830
1789020480000000000,1007.30,1007.90,1004.80,1006.00,379522
1789020540000000000,1006.40,1006.40,1005.30,1005.40,48447
1789020600000000000,1005.50,1006.10,1005.50,1005.90,15253
1789020660000000000,1005.90,1006.10,1005.50,1005.80,23012
1789020720000000000,1005.80,1005.80,1005.10,1005.30,11569
1789020780000000000,1005.30,1006.00,1005.10,1005.60,12129
1789020840000000000,1005.80,1006.50,1005.50,1006.30,6645
1789020900000000000,1006.30,1006.50,1006.10,1006.30,4605
1789020960000000000,1006.40,1006.50,1006.00,1006.10,6865
1789021020000000000,1006.10,1006.90,1006.00,1006.50,9691
1789021080000000000,1006.50,1006.80,1006.00,1006.50,6083
1789021140000000000,1006.70,1007.50,1006.50,1007.30,21470
1789021200000000000,1007.50,1007.50,1004.90,1005.00,363279
1789021260000000000,1005.00,1005.80,1004.90,1005.00,94556
1789021320000000000,1005.00,1005.00,1004.40,1005.00,35673
1789021380000000000,1005.00,1005.00,1004.90,1005.00,7985
1789021440000000000,1005.00,1005.00,1004.20,1004.30,27356
1789021500000000000,1004.40,1005.00,1004.30,1004.90,11551
1789021560000000000,1004.90,1005.00,1004.80,1004.90,5829
1789021620000000000,1005.00,1006.10,1005.00,1005.70,50511
1789021680000000000,1005.70,1005.80,1005.30,1005.80,3228
1789021740000000000,1005.80,1006.40,1005.40,1006.30,14456
1789021800000000000,1006.30,1006.80,1006.30,1006.70,10124
1789021860000000000,1006.70,1006.90,1006.00,1006.50,15095
1789021920000000000,1006.40,1006.80,1006.40,1006.80,3176
1789021980000000000,1006.80,1006.90,1006.50,1006.60,3654
1789022040000000000,1006.60,1007.20,1006.40,1007.10,7936
1789022100000000000,1007.20,1007.20,1006.70,1007.00,6099
1789022160000000000,1007.00,1007.20,1006.30,1006.70,13186
1789022220000000000,1007.00,1007.00,1006.20,1006.90,9307
1789022280000000000,1007.00,1007.00,1006.30,1006.80,5343
1789022340000000000,1006.80,1007.40,1006.60,1007.30,9572
1789022400000000000,1007.40,1007.40,1006.80,1007.30,11911
1789022460000000000,1007.30,1008.00,1007.10,1007.80,16309
1789022520000000000,1008.00,1008.80,1007.80,1008.70,24063
1789022580000000000,1008.70,1008.80,1008.00,1008.20,9641
1789022640000000000,1008.40,1008.70,1008.20,1008.40,6450
1789022700000000000,1008.50,1008.70,1008.40,1008.60,4475
1789022760000000000,1008.70,1008.70,1008.20,1008.40,6119
1789022820000000000,1008.40,1008.50,1007.60,1008.00,6509
1789022880000000000,1008.00,1008.30,1007.50,1007.90,3798
1789022940000000000,1007.90,1007.90,1007.20,1007.50,3367
1789023000000000000,1007.50,1007.70,1007.30,1007.50,9192
1789023060000000000,1007.50,1009.40,1007.30,1009.10,50583
1789023120000000000,1009.20,1009.60,1008.70,1008.90,11679
1789023180000000000,1009.00,1009.20,1008.20,1008.70,6506
1789023240000000000,1008.70,1009.10,1008.30,1008.40,9163
1789023300000000000,1008.40,1009.00,1008.30,1008.70,8428
1789023360000000000,1008.90,1009.00,1008.50,1008.90,8728
1789023420000000000,1009.00,1009.10,1008.20,1008.30,6913
1789023480000000000,1008.30,1008.50,1008.20,1008.40,1621
1789023540000000000,1008.50,1008.50,1008.20,1008.20,2691
1789023600000000000,1008.30,1008.40,1007.90,1008.20,32228
1789023660000000000,1008.20,1008.20,1007.70,1007.70,41969
1789023720000000000,1007.70,1008.60,1007.70,1008.00,15458
1789023780000000000,1008.10,1008.10,1007.70,1007.80,3461
1789023840000000000,1008.00,1008.20,1007.70,1007.90,7234
1789023900000000000,1007.90,1007.90,1006.80,1007.60,8394
1789023960000000000,1007.60,1008.10,1007.20,1007.20,7888
1789024020000000000,1007.20,1007.60,1007.00,1007.30,3825
1789024080000000000,1007.30,1007.50,1007.00,1007.30,1033
1789024140000000000,1007.30,1007.90,1007.10,1007.90,2562
1789024200000000000,1007.90,1007.90,1007.60,1007.90,1461
1789024260000000000,1007.90,1007.90,1007.00,1007.00,11918
1789024320000000000,1007.10,1008.00,1007.00,1007.80,11318
1789024380000000000,1007.90,1008.00,1007.50,1007.90,16310
1789024440000000000,1007.90,1008.00,1007.60,1007.80,3908
1789024500000000000,1007.80,1008.00,1007.00,1007.40,13543
1789024560000000000,1007.40,1007.70,1007.00,1007.50,8997
1789024620000000000,1007.60,1007.60,1006.60,1007.00,9582
1789024680000000000,1007.10,1007.50,1006.80,1007.20,3045
1789024740000000000,1007.20,1007.90,1007.20,1007.80,6080
1789024800000000000,1007.80,1007.90,1007.40,1007.90,8486
1789024860000000000,1007.90,1007.90,1007.70,1007.90,2295
1789024920000000000,1007.90,1007.90,1007.40,1007.60,5377
1789024980000000000,1007.70,1007.90,1007.30,1007.70,3920
1789025040000000000,1007.40,1007.70,1007.20,1007.20,3144
1789025100000000000,1007.30,1007.40,1006.20,1006.30,10774
1789025160000000000,1006.50,1006.70,1006.00,1006.40,6851
1789025220000000000,1006.40,1006.70,1006.20,1006.30,3790
1789025280000000000,1006.60,1006.60,1006.30,1006.50,1103
1789025340000000000,1006.50,1006.50,1005.60,1005.60,7050
1789025400000000000,1005.80,1006.10,1005.50,1006.00,7347
1789025460000000000,1005.80,1006.00,1005.20,1005.50,15649
1789025520000000000,1005.50,1005.50,1005.30,1005.30,2680
1789025580000000000,1005.50,1005.50,1005.30,1005.30,4168
1789025640000000000,1005.50,1005.90,1005.30,1005.30,4571
1789025700000000000,1005.50,1005.80,1004.50,1004.70,25839
1789025760000000000,1005.00,1005.10,1004.40,1004.50,5710
1789025820000000000,1004.70,1005.30,1004.50,1004.80,12135
1789025880000000000,1005.10,1005.30,1004.80,1005.30,2159
1789025940000000000,1005.30,1005.60,1005.00,1005.30,10998
1789026000000000000,1005.50,1005.60,1004.90,1005.60,8274
1789026060000000000,1005.60,1005.80,1005.10,1005.30,12818
1789026120000000000,1005.50,1006.10,1005.20,1005.30,20783
1789026180000000000,1005.70,1005.70,1005.30,1005.40,1301
1789026240000000000,1005.50,1005.90,1005.40,1005.70,4667
1789026300000000000,1005.80,1006.00,1005.10,1005.50,11804
1789026360000000000,1005.60,1005.60,1005.10,1005.30,3192
1789026420000000000,1005.30,1005.50,1005.20,1005.20,2249
1789026480000000000,1005.30,1005.40,1005.10,1005.30,5551
1789026540000000000,1005.40,1005.50,1005.10,1005.20,5243
1789026600000000000,1005.20,1005.40,1004.70,1005.00,9834
1789026660000000000,1004.70,1005.10,1004.70,1005.10,4889
1789026720000000000,1005.10,1005.10,1004.70,1004.70,2281
1789026780000000000,1005.00,1005.00,1004.70,1005.00,2218
1789026840000000000,1005.00,1005.10,1004.80,1005.10,3571
1789026900000000000,1005.10,1005.40,1004.80,1004.90,3574
1789026960000000000,1004.90,1005.00,1004.70,1004.70,3486
1789027020000000000,1004.90,1005.00,1004.50,1004.50,9939
1789027080000000000,1004.70,1004.70,1004.20,1004.50,5219
1789027140000000000,1004.50,1004.60,1004.10,1004.50,7801
1789027200000000000,1004.60,1004.70,1004.00,1004.40,4840
1789027260000000000,1004.50,1005.00,1004.40,1004.80,3306
1789027320000000000,1004.80,1004.80,1004.40,1004.70,1858
1789027380000000000,1004.70,1004.70,1004.30,1004.70,4030
1789027440000000000,1004.60,1005.40,1004.60,1005.00,14565
1789027500000000000,1005.30,1005.40,1004.60,1005.10,11594
1789027560000000000,1005.10,1005.50,1004.80,1005.00,8177
1789027620000000000,1005.00,1005.00,1004.50,1004.60,3734
1789027680000000000,1004.80,1005.40,1004.60,1005.40,6018
1789027740000000000,1005.40,1005.90,1004.90,1005.70,12038
1789027800000000000,1005.70,1006.00,1005.30,1005.70,14893
1789027860000000000,1005.70,1005.90,1005.10,1005.30,4692
1789027920000000000,1005.30,1005.70,1005.20,1005.30,1678
1789027980000000000,1005.50,1005.70,1005.10,1005.40,5628
1789028040000000000,1005.40,1005.50,1005.00,1005.10,2562
1789028100000000000,1005.10,1005.40,1005.00,1005.20,2858
1789028160000000000,1005.20,1005.60,1005.00,1005.30,4481
1789028220000000000,1005.50,1005.50,1005.00,1005.20,2989
1789028280000000000,1005.20,1005.30,1005.00,1005.10,2400
1789028340000000000,1005.20,1005.60,1005.10,1005.50,4205
1789028400000000000,1005.50,1005.60,1005.00,1005.30,4124
1789028460000000000,1005.30,1005.80,1005.00,1005.60,7123
1789028520000000000,1005.60,1005.70,1005.40,1005.40,2821
1789028580000000000,1005.50,1005.70,1005.10,1005.30,1948
1789028640000000000,1005.40,1005.40,1005.30,1005.30,2371
1789028700000000000,1005.40,1005.40,1004.60,1005.00,7700
1789028760000000000,1005.00,1005.00,1004.30,1004.70,7006
1789028820000000000,1004.70,1004.90,1004.40,1004.80,2658
1789028880000000000,1004.90,1005.00,1004.70,1004.80,3278
1789028940000000000,1004.80,1005.00,1004.40,1004.90,9396
1789029000000000000,1004.90,1005.30,1004.80,1005.20,2345
1789029060000000000,1005.20,1005.20,1004.70,1004.90,4939
1789029120000000000,1004.90,1005.00,1004.70,1004.90,2781
1789029180000000000,1004.90,1004.90,1004.70,1004.90,5960
1789029240000000000,1004.90,1004.90,1004.40,1004.40,11321
1789029300000000000,1004.50,1004.60,1003.60,1004.50,21805
1789029360000000000,1004.50,1004.90,1004.20,1004.70,6052
1789029420000000000,1004.70,1004.80,1004.20,1004.50,3223
1789029480000000000,1004.40,1004.50,1004.10,1004.10,4063
1789029540000000000,1004.20,1004.40,1003.60,1004.20,16176
1789029600000000000,1004.20,1004.40,1003.90,1004.00,2702
1789029660000000000,1004.00,1004.10,1003.60,1004.10,3331
1789029720000000000,1004.00,1004.20,1003.90,1004.20,3142
1789029780000000000,1004.20,1004.50,1003.70,1004.10,5803
1789029840000000000,1004.10,1004.40,1003.90,1004.30,3383
1789029900000000000,1004.30,1004.30,1003.70,1003.80,4897
1789029960000000000,1003.80,1004.00,1003.70,1003.80,4355
1789030020000000000,1004.00,1004.00,1003.70,1003.90,3006
1789030080000000000,1003.90,1004.00,1003.20,1003.50,10008
1789030140000000000,1003.50,1003.50,1002.90,1003.20,14201
1789030200000000000,1003.10,1003.90,1003.10,1003.90,3792
1789030260000000000,1003.90,1004.40,1003.80,1004.20,11839
1789030320000000000,1004.30,1004.70,1003.90,1004.40,8567
1789030380000000000,1004.30,1004.50,1004.00,1004.10,6550
1789030440000000000,1004.20,1004.40,1003.80,1004.20,3007
1789030500000000000,1004.30,1004.70,1004.20,1004.30,5640
1789030560000000000,1004.40,1004.60,1004.00,1004.10,4917
1789030620000000000,1004.20,1004.50,1004.00,1004.30,3064
1789030680000000000,1004.30,1004.40,1003.50,1004.00,8322
1789030740000000000,1004.00,1004.00,1003.60,1004.00,1391
1789030800000000000,1004.00,1004.40,1003.90,1004.20,6990
1789030860000000000,1004.30,1004.30,1003.50,1003.80,4340
1789030920000000000,1003.80,1004.00,1003.50,1003.90,5781
1789030980000000000,1003.90,1003.90,1003.50,1003.70,3177
1789031040000000000,1003.90,1004.00,1003.70,1003.80,3320
1789031100000000000,1003.90,1003.90,1003.10,1003.50,5553
1789031160000000000,1003.50,1003.50,1003.10,1003.50,5028
1789031220000000000,1003.50,1003.50,1002.60,1002.60,21275
1789031280000000000,1002.90,1003.00,1002.60,1003.00,2700
1789031340000000000,1003.00,1003.00,1002.70,1003.00,2758
1789031400000000000,1003.00,1003.00,1002.60,1002.80,5398
1789031460000000000,1002.90,1003.50,1002.60,1003.50,7726
1789031520000000000,1003.50,1004.00,1003.20,1003.50,10431
1789031580000000000,1003.50,1003.60,1003.20,1003.40,4217
1789031640000000000,1003.30,1003.70,1003.10,1003.50,9750
1789031700000000000,1003.70,1003.90,1003.30,1003.80,6208
1789031760000000000,1003.80,1004.00,1003.40,1003.90,5063
1789031820000000000,1003.90,1004.50,1003.80,1004.10,8163
1789031880000000000,1004.20,1004.50,1003.80,1004.30,12398
1789031940000000000,1004.50,1004.80,1004.30,1004.70,5711
1789032000000000000,1004.80,1005.00,1004.70,1004.90,7366
1789032060000000000,1005.00,1005.20,1004.80,1004.90,18976
1789032120000000000,1005.00,1005.00,1004.10,1004.20,12365
1789032180000000000,1004.20,1005.00,1003.90,1004.50,26726
1789032240000000000,1004.50,1004.70,1004.00,1004.00,10525
1789032300000000000,1004.10,1004.40,1003.80,1003.80,8376
1789032360000000000,1003.90,1004.50,1003.80,1004.50,12243
1789032420000000000,1004.50,1004.80,1004.10,1004.20,9312
1789032480000000000,1004.20,1004.50,1003.80,1004.00,12254
1789032540000000000,1004.00,1004.30,1003.60,1003.80,11552
1789032600000000000,1003.70,1003.80,1002.10,1002.30,58049
1789032660000000000,1002.10,1002.40,1001.60,1002.30,31049
1789032720000000000,1002.30,1002.80,1001.70,1002.50,31873
1789032780000000000,1002.50,1003.10,1002.40,1002.90,25902
1789032840000000000,1002.70,1002.90,1002.20,1002.80,47169
1789032900000000000,1002.70,1002.90,1002.30,1002.90,16653
1789032960000000000,1002.80,1002.90,1002.20,1002.90,23798
1789033020000000000,1002.80,1002.90,1002.00,1002.20,28816
1789033080000000000,1002.10,1002.80,1002.00,1002.80,17592
1789033140000000000,1002.70,1002.90,1002.20,1002.80,23470
1789033200000000000,1002.80,1002.80,1002.20,1002.60,41859
1789033260000000000,1002.50,1002.90,1002.00,1002.80,54736
1789033320000000000,1002.70,1002.80,1001.00,1002.30,101879
1789033380000000000,1002.50,1004.30,1002.50,1004.00,33201
1789033440000000000,1004.00,1004.40,1004.00,1004.30,15626
1789033500000000000,1004.30,1004.30,1004.30,1004.30,0
1789033560000000000,1004.30,1004.30,1004.30,1004.30,0
1789033620000000000,1004.30,1004.30,1004.30,1004.30,0
1789033680000000000,1004.30,1004.30,1004.30,1004.30,0
1789033740000000000,1004.30,1004.30,1004.30,1004.30,0
1789033800000000000,1004.30,1004.30,1004.30,1004.30,0
1789033860000000000,1004.30,1004.30,1004.30,1004.30,0
1789033920000000000,1004.30,1004.30,1004.30,1004.30,0
1789033980000000000,1004.30,1004.30,1004.30,1004.30,0
1789034040000000000,1004.30,1004.30,1004.30,1004.30,0
1789034100000000000,1004.30,1004.30,1004.30,1004.30,0
1789034160000000000,1004.30,1004.30,1004.30,1004.30,0
1789034220000000000,1004.30,1004.30,1004.30,1004.30,0
1789034280000000000,1004.30,1004.30,1004.30,1004.30,0
1789034340000000000,1009.70,1009.70,1009.70,1009.70,327095
1789098300000000000,1000.00,1001.00,993.70,997.30,146377
1789098360000000000,997.10,997.10,994.40,996.30,77650
1789098420000000000,996.20,996.50,995.00,996.50,46937
1789098480000000000,996.50,997.70,996.10,997.70,37406
1789098540000000000,997.70,998.00,995.00,995.60,76698
1789098600000000000,995.60,995.60,993.10,995.00,70770
1789098660000000000,995.40,996.80,995.00,996.80,31860
1789098720000000000,996.70,997.10,996.30,996.90,21200
1789098780000000000,996.90,997.60,996.50,997.20,17681
1789098840000000000,997.50,998.00,997.00,998.00,23986
1789098900000000000,998.00,1000.40,997.70,999.70,54830
1789098960000000000,999.60,1001.00,999.20,1000.80,18182
1789099020000000000,1000.80,1000.90,1000.00,1000.40,16827
1789099080000000000,1000.30,1000.30,998.80,998.80,16336
1789099140000000000,999.10,999.40,998.70,999.00,13978
1789099200000000000,999.10,999.60,998.20,998.50,21620
1789099260000000000,998.20,998.60,998.20,998.30,14187
1789099320000000000,998.30,998.40,997.20,997.20,30481
1789099380000000000,997.30,998.00,997.00,997.50,33890
1789099440000000000,997.50,998.10,997.40,998.00,10906
1789099500000000000,998.10,998.10,997.10,997.50,16875
1789099560000000000,997.60,998.40,997.30,998.20,10797
1789099620000000000,998.40,998.80,998.20,998.40,8556
1789099680000000000,998.50,998.70,998.30,998.60,7440
1789099740000000000,998.40,998.60,997.80,998.60,14680
1789099800000000000,998.60,998.80,998.30,998.70,9311
1789099860000000000,998.70,998.70,997.70,997.70,14227
1789099920000000000,998.10,998.30,997.80,998.20,8055
1789099980000000000,998.20,999.00,998.10,999.00,10684
1789100040000000000,999.00,999.60,998.90,999.00,16102
1789100100000000000,999.00,999.10,998.20,999.00,15166
1789100160000000000,999.00,999.20,998.70,999.00,9994
1789100220000000000,999.20,999.20,999.00,999.20,6137
1789100280000000000,999.20,999.20,998.40,998.70,10714
1789100340000000000,998.70,999.10,998.60,999.10,30539
1789100400000000000,999.10,999.40,999.00,999.20,9026
1789100460000000000,999.40,999.50,998.40,998.50,26600
1789100520000000000,998.60,998.60,997.10,997.30,29963
1789100580000000000,997.60,997.60,996.30,996.50,34225
1789100640000000000,996.40,997.40,996.10,997.10,19617
1789100700000000000,997.10,997.60,996.40,997.60,15959
1789100760000000000,997.60,998.40,997.40,997.80,12443
1789100820000000000,997.80,998.00,997.50,997.70,5381
1789100880000000000,997.70,997.70,997.10,997.70,11456
1789100940000000000,997.70,997.70,997.10,997.40,10432
1789101000000000000,997.40,997.50,997.00,997.00,9924
1789101060000000000,997.20,997.20,996.90,996.90,21224
1789101120000000000,997.10,997.80,996.90,997.70,7140
1789101180000000000,997.70,998.70,997.40,998.10,15830
1789101240000000000,998.20,998.50,997.60,998.10,12670
1789101300000000000,998.10,998.30,998.00,998.20,9986
1789101360000000000,998.20,998.30,997.80,998.10,10760
1789101420000000000,998.10,998.30,997.90,998.30,8581
1789101480000000000,998.20,998.30,998.00,998.30,8499
1789101540000000000,998.30,998.70,998.20,998.70,5547
1789101600000000000,998.70,998.70,998.30,998.40,9485
1789101660000000000,998.40,998.50,997.70,998.00,11788
1789101720000000000,998.00,998.00,997.70,997.90,4336
1789101780000000000,997.90,998.60,997.70,998.60,10853
1789101840000000000,998.50,998.70,998.40,998.70,7202
1789101900000000000,998.70,998.70,997.70,998.30,22905
1789101960000000000,998.30,998.30,997.50,997.60,10304
1789102020000000000,997.60,998.00,997.50,997.90,12960
1789102080000000000,997.90,998.00,997.00,997.30,16215
1789102140000000000,997.30,997.50,997.10,997.50,5857
1789102200000000000,997.50,997.50,997.20,997.50,9153
1789102260000000000,997.50,998.60,997.40,998.00,14487
1789102320000000000,998.00,998.20,997.50,998.10,7326
1789102380000000000,998.10,998.20,997.80,998.00,8446
1789102440000000000,998.00,998.10,997.50,997.70,7816
1789102500000000000,997.70,997.70,997.00,997.50,8642
1789102560000000000,997.50,997.60,997.00,997.50,5717
1789102620000000000,997.50,997.50,996.50,996.70,22806
1789102680000000000,996.70,996.70,995.40,995.60,48791
1789102740000000000,995.60,996.40,995.60,995.60,26392
1789102800000000000,995.60,995.90,995.50,995.50,17046
1789102860000000000,995.70,995.90,995.50,995.90,10836
1789102920000000000,995.90,996.00,995.70,995.80,8567
1789102980000000000,996.00,996.00,995.50,995.60,11260
1789103040000000000,995.60,995.60,995.10,995.50,35855
1789103100000000000,995.50,995.60,995.10,995.50,12892
1789103160000000000,995.50,995.70,995.30,995.70,10529
1789103220000000000,995.70,995.90,995.40,995.90,8842
1789103280000000000,995.90,995.90,995.60,995.90,8965
1789103340000000000,995.90,996.20,995.40,995.50,16889
1789103400000000000,995.50,995.70,995.10,995.40,13846
1789103460000000000,995.40,995.40,994.60,994.80,56000
1789103520000000000,994.80,994.90,994.60,994.80,7921
1789103580000000000,994.80,995.00,994.60,994.80,10323
1789103640000000000,994.80,995.20,994.70,995.10,10774
1789103700000000000,995.30,995.90,995.20,995.20,9640
1789103760000000000,995.40,995.40,995.00,995.40,6868
1789103820000000000,995.40,995.40,995.00,995.10,9823
1789103880000000000,995.10,995.10,994.60,994.80,14355
1789103940000000000,994.80,994.80,994.70,994.80,4671
1789104000000000000,994.80,994.80,994.30,994.50,24443
1789104060000000000,994.50,994.80,994.40,994.40,10022
1789104120000000000,994.50,994.60,994.20,994.50,8445
1789104180000000000,994.50,994.50,993.50,993.70,72574
1789104240000000000,993.70,994.10,993.50,993.90,11839
1789104300000000000,993.90,993.90,993.40,993.40,9102
1789104360000000000,993.60,993.70,993.20,993.30,15510
1789104420000000000,993.60,994.10,993.40,994.10,11956
1789104480000000000,994.10,994.20,993.80,994.20,6726
1789104540000000000,994.20,994.50,994.10,994.30,7896
1789104600000000000,994.30,994.70,994.10,994.60,8725
1789104660000000000,994.60,995.00,994.60,994.80,7653
1789104720000000000,994.80,994.80,994.60,994.70,5482
1789104780000000000,994.70,994.90,994.20,994.40,10783
1789104840000000000,994.40,994.40,994.00,994.20,5178
1789104900000000000,994.40,994.60,994.20,994.60,8222
1789104960000000000,994.60,994.60,994.30,994.50,7317
1789105020000000000,994.60,995.00,994.40,995.00,6475
1789105080000000000,995.00,995.00,994.00,994.10,20129
1789105140000000000,994.10,994.60,994.00,994.60,4981
1789105200000000000,994.60,995.20,994.50,995.20,9699
1789105260000000000,995.20,995.50,995.00,995.50,8963
1789105320000000000,995.50,996.10,995.40,996.00,42407
1789105380000000000,996.00,997.40,995.50,997.40,104815
1789105440000000000,997.40,998.20,997.40,997.80,24933
1789105500000000000,997.80,998.00,996.40,996.40,12156
1789105560000000000,996.80,997.50,996.70,997.50,8547
1789105620000000000,997.50,999.20,997.50,998.20,76701
1789105680000000000,998.20,998.30,997.70,997.90,10257
1789105740000000000,997.90,998.10,997.70,998.10,8608
1789105800000000000,998.00,998.30,997.10,997.60,6760
1789105860000000000,997.60,997.90,997.10,997.70,6151
1789105920000000000,997.70,998.00,997.60,997.90,2466
1789105980000000000,997.90,998.40,997.70,998.40,11108
1789106040000000000,998.40,998.80,998.30,998.80,14768
1789106100000000000,998.80,998.80,998.10,998.30,10094
1789106160000000000,998.30,998.40,997.80,998.00,13167
1789106220000000000,998.00,998.00,997.60,997.90,6216
1789106280000000000,997.60,997.90,997.40,997.40,6881
1789106340000000000,997.40,997.70,997.20,997.40,5998
1789106400000000000,997.40,997.40,996.80,996.80,8840
1789106460000000000,997.00,997.00,996.80,997.00,3654
1789106520000000000,997.00,997.00,996.90,997.00,8079
1789106580000000000,997.00,997.40,996.90,997.20,17517
1789106640000000000,997.20,997.40,996.80,997.30,9882
1789106700000000000,997.30,997.30,996.30,996.40,20112
1789106760000000000,996.40,997.00,996.20,997.00,6798
1789106820000000000,997.00,997.20,996.30,997.00,6561
1789106880000000000,997.00,997.30,996.60,996.70,10557
1789106940000000000,996.70,996.70,995.90,995.90,15122
1789107000000000000,995.90,996.30,995.70,996.10,5798
1789107060000000000,996.20,996.80,996.10,996.30,10316
1789107120000000000,996.30,996.50,996.10,996.50,4366
1789107180000000000,996.50,996.90,996.10,996.70,11671
1789107240000000000,996.70,997.00,996.50,996.90,8472
1789107300000000000,996.90,997.30,996.50,996.50,7359
1789107360000000000,996.60,997.20,996.50,996.80,6201
1789107420000000000,996.90,997.00,996.50,996.60,6359
1789107480000000000,996.70,997.00,996.20,996.20,9293
1789107540000000000,996.30,996.50,996.20,996.20,6512
1789107600000000000,996.30,996.30,996.10,996.30,6419
1789107660000000000,996.30,996.40,996.10,996.30,10122
1789107720000000000,996.30,996.50,995.50,995.60,27125
1789107780000000000,995.60,996.10,995.40,995.70,5614
1789107840000000000,995.70,996.00,995.30,995.70,23425
1789107900000000000,995.80,996.20,995.50,995.70,5260
1789107960000000000,995.90,996.50,995.70,996.50,12628
1789108020000000000,996.50,996.50,995.80,995.80,5365
1789108080000000000,995.90,996.50,995.70,996.40,9172
1789108140000000000,996.40,996.80,996.10,996.60,7711
1789108200000000000,996.60,996.90,996.40,996.40,6463
1789108260000000000,996.50,996.60,996.10,996.30,6594
1789108320000000000,996.30,996.30,996.10,996.30,3892
1789108380000000000,996.30,996.30,995.80,995.90,10089
1789108440000000000,995.90,996.50,995.80,996.00,9665
1789108500000000000,996.00,996.40,995.80,996.30,6645
1789108560000000000,996.20,996.70,996.10,996.50,10514
1789108620000000000,996.70,996.80,996.20,996.40,5512
1789108680000000000,996.60,996.90,996.40,996.70,5176
1789108740000000000,996.70,996.70,996.10,996.70,9202
1789108800000000000,996.70,996.80,996.20,996.30,9040
1789108860000000000,996.30,996.40,996.00,996.40,11510
1789108920000000000,996.40,996.70,995.90,996.00,8832
1789108980000000000,996.00,996.10,995.30,995.70,9204
1789109040000000000,995.70,996.40,995.50,996.00,5539
1789109100000000000,996.30,996.70,995.80,995.80,9068
1789109160000000000,996.00,996.50,995.70,996.00,7644
1789109220000000000,996.40,996.80,996.10,996.70,5718
1789109280000000000,996.70,997.30,996.70,997.20,11304
1789109340000000000,997.30,997.50,997.20,997.40,5297
1789109400000000000,997.40,997.50,996.90,997.10,15452
1789109460000000000,997.20,997.40,997.10,997.40,4672
1789109520000000000,997.40,997.50,997.10,997.30,5185
1789109580000000000,997.30,998.00,997.20,997.90,17943
1789109640000000000,997.90,999.40,997.90,999.30,52750
1789109700000000000,999.30,999.50,998.20,998.30,37568
1789109760000000000,998.60,998.80,998.30,998.50,5670
1789109820000000000,998.40,998.90,998.40,998.80,9568
1789109880000000000,998.80,998.80,998.60,998.70,8031
1789109940000000000,998.60,998.80,998.60,998.60,8612
1789110000000000000,998.60,999.20,998.30,998.90,18835
1789110060000000000,998.80,999.20,998.40,999.00,11039
1789110120000000000,999.00,999.20,998.90,999.00,5117
1789110180000000000,998.90,999.00,998.80,998.90,6066
1789110240000000000,998.90,999.00,997.90,997.90,76163
1789110300000000000,997.90,998.20,997.70,998.20,79445
1789110360000000000,998.20,1000.00,998.10,998.60,93215
1789110420000000000,998.70,999.90,998.40,999.90,9910
1789110480000000000,999.90,1000.50,999.00,999.00,19509
1789110540000000000,999.20,999.50,998.80,999.00,7471
1789110600000000000,999.30,999.70,999.00,999.20,12482
1789110660000000000,999.50,999.90,999.20,999.90,8570
1789110720000000000,999.90,1000.50,999.60,1000.50,19025
1789110780000000000,1000.50,1000.70,1000.00,1000.10,21087
1789110840000000000,1000.20,1000.30,999.70,999.70,6136
1789110900000000000,999.80,1000.00,999.50,999.50,7034
1789110960000000000,999.70,999.70,999.10,999.50,14437
1789111020000000000,999.60,999.60,999.10,999.40,5439
1789111080000000000,999.30,999.70,999.10,999.70,6731
1789111140000000000,999.70,1000.20,999.60,1000.10,13557
1789111200000000000,1000.20,1000.50,999.80,1000.00,15702
1789111260000000000,1000.00,1000.10,999.80,1000.00,4678
1789111320000000000,999.90,1001.80,999.90,1001.40,28757
1789111380000000000,1001.50,1001.90,1001.00,1001.70,19970
1789111440000000000,1001.80,1001.80,1001.00,1001.00,15774
1789111500000000000,1001.20,1001.90,1001.00,1001.70,13232
1789111560000000000,1001.70,1001.90,1000.80,1001.10,24653
1789111620000000000,1001.50,1001.50,1000.70,1000.90,12458
1789111680000000000,1001.10,1001.40,1000.90,1001.00,12262
1789111740000000000,1001.10,1001.30,1000.70,1000.90,6911
1789111800000000000,1001.00,1001.10,1000.50,1000.80,8533
1789111860000000000,1000.80,1001.00,1000.50,1000.50,7472
1789111920000000000,1000.90,1001.00,1000.50,1000.50,9763
1789111980000000000,1000.60,1000.60,1000.10,1000.30,7037
1789112040000000000,1000.50,1000.50,999.50,999.50,15111
1789112100000000000,999.60,1000.00,999.20,999.90,13685
1789112160000000000,999.90,1000.00,998.60,998.60,20309
1789112220000000000,998.90,999.70,998.80,999.50,13618
1789112280000000000,999.50,1000.40,999.30,999.70,28978
1789112340000000000,999.70,1000.10,998.50,998.50,64932
1789112400000000000,998.70,998.90,998.20,998.20,13088
1789112460000000000,998.60,998.80,998.00,998.70,21342
1789112520000000000,998.80,999.10,998.70,999.00,6286
1789112580000000000,999.10,999.50,999.00,999.10,5142
1789112640000000000,999.20,999.50,999.20,999.40,7744
1789112700000000000,999.50,999.70,999.30,999.30,7796
1789112760000000000,999.40,999.50,999.20,999.50,6572
1789112820000000000,999.50,999.50,999.20,999.50,5383
1789112880000000000,999.50,999.50,998.80,998.80,13231
1789112940000000000,998.90,998.90,998.30,998.60,10642
1789113000000000000,998.60,998.70,998.20,998.40,8139
1789113060000000000,998.40,999.00,998.30,998.70,12695
1789113120000000000,998.70,998.90,998.50,998.90,3209
1789113180000000000,998.90,999.00,998.70,998.80,7089
1789113240000000000,998.90,999.00,998.10,998.70,23453
1789113300000000000,998.70,998.70,997.40,998.00,114479
1789113360000000000,998.00,998.00,997.40,997.40,16993
1789113420000000000,997.50,998.00,997.40,997.60,7082
1789113480000000000,997.80,998.00,997.60,997.80,4967
1789113540000000000,998.00,998.00,997.90,997.90,10154
1789113600000000000,997.90,998.00,997.80,998.00,6114
1789113660000000000,998.00,998.00,997.80,997.90,7897
1789113720000000000,998.00,998.00,997.90,998.00,12942
1789113780000000000,998.00,998.00,997.50,997.50,18242
1789113840000000000,997.70,997.90,997.50,997.80,4613
1789113900000000000,997.80,997.80,997.00,997.00,18901
1789113960000000000,997.20,997.20,996.70,997.10,24628
1789114020000000000,997.20,997.30,996.80,997.20,9358
1789114080000000000,997.20,997.70,997.10,997.50,20411
1789114140000000000,997.40,997.50,996.60,996.60,14015
1789114200000000000,996.70,997.20,996.60,996.90,6193
1789114260000000000,997.00,997.00,995.20,996.10,34878
1789114320000000000,996.10,996.60,995.80,996.40,9008
1789114380000000000,996.40,997.20,996.10,996.20,46922
1789114440000000000,996.30,996.40,996.10,996.30,9619
1789114500000000000,996.40,996.50,993.70,993.80,359053
1789114560000000000,993.80,994.80,993.00,993.90,287469
1789114620000000000,994.30,995.20,993.20,995.20,39058
1789114680000000000,995.00,995.50,993.80,994.00,62827
1789114740000000000,994.00,994.00,993.80,994.00,17152
1789114800000000000,994.00,994.70,993.90,994.60,9670
1789114860000000000,994.60,994.80,994.20,994.60,24927
1789114920000000000,994.60,994.60,994.20,994.60,10997
1789114980000000000,994.60,994.70,994.00,994.40,41494
1789115040000000000,994.40,996.40,994.00,994.30,44006
1789115100000000000,994.50,995.80,994.10,995.40,26080
1789115160000000000,995.40,995.40,994.90,995.30,15125
1789115220000000000,995.30,995.70,995.00,995.50,27830
1789115280000000000,995.70,995.90,995.00,995.20,22907
1789115340000000000,995.20,995.50,995.00,995.50,13044
1789115400000000000,995.50,995.90,995.10,995.90,20644
1789115460000000000,995.90,996.10,995.10,995.60,47478
1789115520000000000,995.60,997.00,995.50,996.70,30240
1789115580000000000,996.80,997.50,996.50,997.20,40481
1789115640000000000,997.20,997.50,996.50,996.90,29227
1789115700000000000,996.90,997.10,996.60,996.70,19051
1789115760000000000,996.80,996.80,996.00,996.10,21744
1789115820000000000,996.10,996.70,996.00,996.70,12638
1789115880000000000,996.70,997.00,996.50,996.50,20230
1789115940000000000,996.60,996.70,996.40,996.70,8862
1789116000000000000,996.70,996.70,996.10,996.30,15641
1789116060000000000,996.30,996.50,996.10,996.40,8644
1789116120000000000,996.40,996.40,996.00,996.30,9461
1789116180000000000,996.30,996.40,996.00,996.00,14374
1789116240000000000,996.10,996.20,995.60,996.20,12935
1789116300000000000,996.20,996.80,996.10,996.60,14275
1789116360000000000,996.60,997.00,996.00,997.00,41893
1789116420000000000,997.00,997.50,996.40,996.80,27981
1789116480000000000,996.80,997.00,996.10,996.30,33916
1789116540000000000,996.30,996.80,996.20,996.30,12876
1789116600000000000,996.60,996.70,996.00,996.20,17879
1789116660000000000,996.20,996.70,996.10,996.50,13915
1789116720000000000,996.50,996.80,996.20,996.40,18761
1789116780000000000,996.40,996.80,995.70,995.70,39782
1789116840000000000,996.00,996.40,995.70,996.10,23813
1789116900000000000,996.40,996.50,996.00,996.30,21450
1789116960000000000,996.30,996.60,996.10,996.40,18196
1789117020000000000,996.40,996.50,996.00,996.20,15331
1789117080000000000,996.20,996.20,995.80,996.20,15277
1789117140000000000,996.20,996.30,995.00,995.90,149809
1789117200000000000,995.90,996.20,995.00,995.90,97546
1789117260000000000,996.20,996.80,995.80,996.50,17005
1789117320000000000,996.60,996.80,996.10,996.30,26403
1789117380000000000,996.40,996.40,995.80,996.00,28901
1789117440000000000,996.00,996.20,995.70,995.90,14266
1789117500000000000,995.90,996.50,995.70,996.50,14455
1789117560000000000,996.40,996.80,996.00,996.80,21272
1789117620000000000,996.80,996.80,996.10,996.30,12960
1789117680000000000,996.30,996.30,995.70,995.80,19579
1789117740000000000,995.80,996.30,995.60,996.30,18160
1789117800000000000,996.30,996.50,995.80,995.90,14524
1789117860000000000,995.90,996.50,995.60,996.10,44973
1789117920000000000,996.20,996.60,996.10,996.40,17082
1789117980000000000,996.50,996.70,996.30,996.50,16821
1789118040000000000,996.50,996.60,996.30,996.40,7945
1789118100000000000,996.60,996.60,996.10,996.10,13057
1789118160000000000,996.20,996.50,996.10,996.40,9816
1789118220000000000,996.40,996.70,996.30,996.60,17659
1789118280000000000,996.70,996.90,996.50,996.90,13231
1789118340000000000,996.90,996.90,996.50,996.60,14072
1789118400000000000,996.60,996.80,996.50,996.60,14124
1789118460000000000,996.80,996.80,996.00,996.10,21825
1789118520000000000,996.30,996.40,996.00,996.10,13975
1789118580000000000,996.10,996.30,996.00,996.30,12944
1789118640000000000,996.20,996.50,996.20,996.30,14401
1789118700000000000,996.30,996.40,996.20,996.40,14012
1789118760000000000,996.40,996.40,995.80,995.80,27752
1789118820000000000,996.00,996.00,995.60,995.80,22121
1789118880000000000,996.00,996.60,995.80,996.30,22194
1789118940000000000,996.30,996.80,995.80,996.10,35863
1789119000000000000,996.10,996.50,995.80,996.50,23331
1789119060000000000,996.40,996.60,995.80,996.00,40856
1789119120000000000,995.80,996.00,995.50,995.70,22142
1789119180000000000,995.60,995.80,995.50,995.60,21008
1789119240000000000,995.60,995.80,995.00,995.10,46522
1789119300000000000,995.10,995.30,994.60,994.70,54839
1789119360000000000,994.70,995.20,994.30,994.90,47867
1789119420000000000,994.90,995.90,994.80,995.90,33205
1789119480000000000,995.80,996.40,995.80,996.40,27599
1789119540000000000,996.40,996.40,995.80,995.90,45790
1789119600000000000,995.80,996.10,995.60,996.10,59962
1789119660000000000,996.10,996.10,996.00,996.10,36064
1789119720000000000,996.10,996.50,995.80,996.40,64849
1789119780000000000,996.40,996.60,996.00,996.30,36606
1789119840000000000,996.30,997.20,995.00,996.20,56009
1789119900000000000,996.20,996.20,996.20,996.20,0
1789119960000000000,996.20,996.20,996.20,996.20,0
1789120020000000000,996.20,996.20,996.20,996.20,0
1789120080000000000,996.20,996.20,996.20,996.20,0
1789120140000000000,996.20,996.20,996.20,996.20,0
1789120200000000000,996.20,996.20,996.20,996.20,0
1789120260000000000,996.20,996.20,996.20,996.20,0
1789120320000000000,996.20,996.20,996.20,996.20,0
1789120380000000000,996.20,996.20,996.20,996.20,0
1789120440000000000,996.20,996.20,996.20,996.20,0
1789120500000000000,996.20,996.20,996.20,996.20,0
1789120560000000000,996.20,996.20,996.20,996.20,0
1789120620000000000,996.20,996.20,996.20,996.20,0
1789120680000000000,996.20,996.20,996.20,996.20,0
1789120740000000000,995.70,995.70,995.70,995.70,311454
