timestamp_ns,open,high,low,close,volume
1787024700000000000,2300.00,2307.00,2296.70,2303.10,61646
1787024760000000000,2303.10,2303.70,2293.00,2295.10,33495
1787024820000000000,2295.10,2296.30,2293.30,2295.40,14406
1787024880000000000,2295.60,2296.50,2294.00,2294.50,12795
1787024940000000000,2294.90,2296.70,2291.60,2292.30,11677
1787025000000000000,2292.30,2294.60,2290.00,2293.90,11772
1787025060000000000,2293.90,2300.10,2293.50,2298.50,13077
1787025120000000000,2299.30,2300.00,2295.00,2296.50,6742
1787025180000000000,2296.30,2297.90,2292.50,2294.10,13281
1787025240000000000,2294.40,2295.00,2293.50,2294.70,10835
1787025300000000000,2295.00,2298.00,2294.50,2297.00,10175
1787025360000000000,2297.80,2299.80,2297.10,2298.70,11974
1787025420000000000,2298.20,2299.30,2297.20,2297.30,8659
1787025480000000000,2297.50,2297.80,2292.60,2294.50,14600
1787025540000000000,2295.30,2295.90,2294.60,2295.60,5143
1787025600000000000,2295.40,2295.90,2292.10,2293.50,10548
1787025660000000000,2293.50,2294.80,2291.30,2292.30,7759
1787025720000000000,2292.80,2292.90,2291.10,2292.50,9575
1787025780000000000,2292.50,2294.30,2292.40,2293.10,4621
1787025840000000000,2293.10,2293.50,2292.10,2293.00,6281
1787025900000000000,2293.20,2294.00,2292.80,2293.30,2011
1787025960000000000,2293.60,2295.50,2293.00,2295.50,7976
1787026020000000000,2295.50,2297.90,2295.10,2295.90,4279
1787026080000000000,2295.80,2296.10,2293.00,2293.50,2524
1787026140000000000,2293.50,2295.40,2290.50,2291.50,9544
1787026200000000000,2291.60,2293.20,2290.00,2293.00,6470
1787026260000000000,2292.90,2292.90,2291.50,2291.80,2495
1787026320000000000,2291.80,2292.20,2290.50,2290.80,3782
1787026380000000000,2291.50,2294.30,2290.70,2294.00,4125
1787026440000000000,2294.00,2294.90,2293.20,2294.90,3115
1787026500000000000,2294.90,2294.90,2293.20,2294.00,2092
1787026560000000000,2294.30,2294.70,2284.60,2285.00,35423
1787026620000000000,2285.00,2291.40,2284.10,2290.60,11162
1787026680000000000,2290.60,2292.20,2290.30,2292.00,1719
1787026740000000000,2291.80,2293.20,2290.50,2291.50,3079
1787026800000000000,2291.50,2291.50,2288.50,2289.60,5316
1787026860000000000,2289.60,2289.60,2287.10,2287.90,4624
1787026920000000000,2287.90,2290.00,2287.50,2289.80,8864
1787026980000000000,2290.00,2291.00,2288.50,2290.50,4600
1787027040000000000,2290.50,2291.50,2289.00,2289.00,3743
1787027100000000000,2289.70,2289.80,2288.00,2288.00,2216
1787027160000000000,2288.20,2288.90,2288.00,2288.50,1425
1787027220000000000,2288.50,2290.50,2287.90,2290.30,1714
1787027280000000000,2290.30,2291.00,2288.90,2289.60,3722
1787027340000000000,2289.60,2290.70,2288.90,2290.70,2022
1787027400000000000,2290.90,2291.40,2289.20,2290.30,2849
1787027460000000000,2290.30,2290.80,2288.90,2288.90,1603
1787027520000000000,2289.00,2289.70,2288.00,2288.00,2877
1787027580000000000,2288.10,2289.00,2288.00,2288.00,2994
1787027640000000000,2288.40,2291.90,2288.30,2290.90,6710
1787027700000000000,2290.30,2290.30,2288.10,2288.60,3784
1787027760000000000,2288.60,2289.40,2287.10,2287.40,2625
1787027820000000000,2287.40,2289.40,2287.10,2287.90,7320
1787027880000000000,2287.90,2289.00,2287.10,2288.10,2099
1787027940000000000,2288.10,2288.10,2286.60,2287.20,3788
1787028000000000000,2287.20,2289.50,2287.20,2288.00,3972
1787028060000000000,2288.80,2290.00,2287.90,2289.10,4977
1787028120000000000,2289.10,2289.90,2288.20,2288.70,2233
1787028180000000000,2288.60,2289.20,2287.70,2288.00,1829
1787028240000000000,2288.00,2289.80,2287.80,2289.80,1431
1787028300000000000,2289.80,2291.50,2289.30,2290.80,2304
1787028360000000000,2290.80,2291.00,2290.30,2290.50,1004
1787028420000000000,2290.70,2291.00,2290.30,2290.30,722
1787028480000000000,2290.30,2291.40,2290.20,2290.30,1265
1787028540000000000,2290.30,2290.30,2288.50,2289.70,2069
1787028600000000000,2289.70,2291.30,2289.20,2290.70,2825
1787028660000000000,2290.70,2291.90,2290.10,2291.50,3317
1787028720000000000,2291.50,2293.50,2290.80,2292.90,7512
1787028780000000000,2292.90,2293.50,2292.50,2293.50,1932
1787028840000000000,2293.50,2294.00,2291.10,2292.30,7593
1787028900000000000,2292.30,2292.80,2291.00,2291.90,4168
1787028960000000000,2291.90,2292.70,2290.70,2292.70,2503
1787029020000000000,2293.00,2294.80,2292.90,2293.70,2886
1787029080000000000,2293.70,2294.80,2293.10,2293.50,1792
1787029140000000000,2293.50,2297.00,2293.50,2295.20,6217
1787029200000000000,2295.20,2295.20,2293.00,2294.80,3905
1787029260000000000,2294.80,2298.90,2294.30,2297.40,6151
1787029320000000000,2297.70,2298.50,2293.10,2293.10,4206
1787029380000000000,2293.10,2296.40,2293.00,2295.70,1766
1787029440000000000,2295.40,2297.50,2295.40,2296.90,2271
1787029500000000000,2296.90,2298.00,2296.00,2297.00,7474
1787029560000000000,2297.60,2298.00,2296.00,2296.50,4266
1787029620000000000,2296.50,2296.50,2294.40,2294.40,2605
1787029680000000000,2295.40,2295.70,2293.70,2295.10,3788
1787029740000000000,2295.10,2295.90,2294.50,2295.10,2219
1787029800000000000,2295.20,2295.20,2293.30,2293.30,3734
1787029860000000000,2293.30,2297.50,2293.10,2295.80,10487
1787029920000000000,2295.90,2296.50,2295.00,2295.20,3586
1787029980000000000,2295.20,2295.70,2294.00,2295.20,3128
1787030040000000000,2295.20,2295.20,2293.40,2293.40,1109
1787030100000000000,2294.20,2295.00,2293.40,2294.40,2038
1787030160000000000,2294.30,2295.00,2293.60,2293.80,1465
1787030220000000000,2294.50,2294.50,2292.20,2293.60,7771
1787030280000000000,2294.00,2296.60,2293.60,2296.00,4039
1787030340000000000,2296.00,2296.00,2293.80,2294.20,1043
1787030400000000000,2294.20,2295.40,2293.90,2295.00,989
1787030460000000000,2295.00,2295.90,2294.00,2294.00,1209
1787030520000000000,2294.40,2295.10,2294.10,2295.10,927
1787030580000000000,2295.10,2295.70,2293.40,2293.40,4341
1787030640000000000,2293.40,2293.40,2290.60,2291.50,3645
1787030700000000000,2291.50,2292.00,2290.40,2291.70,6940
1787030760000000000,2291.70,2291.80,2290.40,2291.60,1972
1787030820000000000,2291.80,2291.80,2290.10,2291.00,4916
1787030880000000000,2291.00,2292.30,2290.70,2291.80,909
1787030940000000000,2291.80,2293.20,2291.00,2293.00,1503
1787031000000000000,2293.00,2293.50,2292.30,2292.90,1983
1787031060000000000,2292.90,2292.90,2290.50,2291.30,4862
1787031120000000000,2292.00,2292.30,2291.00,2291.40,2092
1787031180000000000,2292.30,2292.30,2290.70,2291.00,1360
1787031240000000000,2291.00,2292.40,2291.00,2291.80,1221
1787031300000000000,2291.80,2293.10,2291.70,2292.40,2321
1787031360000000000,2292.30,2292.30,2290.20,2290.30,1859
1787031420000000000,2290.30,2290.90,2290.10,2290.30,2253
1787031480000000000,2290.30,2290.80,2290.00,2290.20,4560
1787031540000000000,2290.20,2290.20,2288.10,2289.40,4717
1787031600000000000,2289.40,2290.00,2288.20,2288.50,4169
1787031660000000000,2288.50,2289.40,2288.10,2289.00,1500
1787031720000000000,2289.00,2289.70,2288.80,2288.80,1169
1787031780000000000,2289.00,2290.00,2288.80,2289.70,1854
1787031840000000000,2289.70,2290.00,2289.20,2289.20,1115
1787031900000000000,2289.30,2290.60,2289.20,2289.40,6165
1787031960000000000,2289.40,2289.50,2288.00,2288.90,1735
1787032020000000000,2288.70,2289.30,2288.10,2288.90,605
1787032080000000000,2288.90,2289.20,2288.00,2288.00,1675
1787032140000000000,2288.10,2288.90,2287.00,2288.30,2618
1787032200000000000,2288.30,2289.00,2288.00,2288.40,1068
1787032260000000000,2288.40,2289.00,2287.00,2287.00,3080
1787032320000000000,2287.70,2288.20,2286.90,2287.70,1834
1787032380000000000,2288.20,2289.70,2287.20,2288.20,3356
1787032440000000000,2288.20,2288.20,2287.00,2288.20,1696
1787032500000000000,2288.20,2288.30,2282.90,2283.30,22248
1787032560000000000,2283.90,2284.70,2283.30,2283.90,3070
1787032620000000000,2283.90,2284.00,2282.10,2283.30,9199
1787032680000000000,2283.50,2285.80,2283.10,2285.50,17111
1787032740000000000,2285.80,2286.10,2283.30,2284.00,30410
1787032800000000000,2284.20,2284.20,2282.20,2282.80,4308
1787032860000000000,2282.80,2284.50,2282.70,2283.60,6801
1787032920000000000,2283.50,2288.70,2283.40,2287.90,7648
1787032980000000000,2288.00,2289.80,2287.00,2289.10,5205
1787033040000000000,2289.10,2290.00,2289.00,2289.10,2293
1787033100000000000,2289.10,2289.50,2285.60,2286.50,7538
1787033160000000000,2286.50,2286.70,2285.20,2286.00,4357
1787033220000000000,2286.00,2286.90,2285.70,2286.10,1063
1787033280000000000,2286.10,2286.70,2285.80,2286.20,763
1787033340000000000,2286.20,2286.90,2285.00,2285.00,2535
1787033400000000000,2285.30,2286.90,2285.30,2286.00,2046
1787033460000000000,2286.00,2287.50,2285.30,2286.20,2937
1787033520000000000,2286.30,2287.70,2285.30,2286.90,3719
1787033580000000000,2286.90,2287.70,2286.50,2286.60,620
1787033640000000000,2286.60,2287.10,2284.90,2286.00,4601
1787033700000000000,2286.00,2286.50,2285.00,2285.90,1122
1787033760000000000,2286.40,2287.50,2285.50,2285.90,4601
1787033820000000000,2285.90,2287.40,2285.50,2286.80,1531
1787033880000000000,2286.80,2287.30,2285.70,2286.10,1836
1787033940000000000,2287.00,2287.30,2286.00,2286.80,2097
1787034000000000000,2286.90,2287.60,2286.30,2287.40,3646
1787034060000000000,2287.50,2287.90,2286.60,2286.90,3227
1787034120000000000,2286.90,2287.80,2286.60,2287.60,899
1787034180000000000,2287.60,2287.70,2286.80,2287.10,1331
1787034240000000000,2287.40,2287.40,2286.10,2286.20,1628
1787034300000000000,2286.70,2287.50,2286.40,2287.00,1523
1787034360000000000,2287.20,2287.50,2286.10,2286.30,2685
1787034420000000000,2287.00,2290.00,2286.30,2290.00,11139
1787034480000000000,2289.90,2290.00,2289.60,2289.80,1737
1787034540000000000,2290.00,2290.20,2289.70,2289.80,3264
1787034600000000000,2289.80,2289.80,2288.50,2288.80,1055
1787034660000000000,2288.80,2288.80,2286.00,2286.30,2022
1787034720000000000,2286.30,2286.90,2286.00,2286.10,1345
1787034780000000000,2286.60,2286.70,2283.00,2284.00,16059
1787034840000000000,2284.00,2285.50,2284.00,2284.00,2525
1787034900000000000,2284.10,2284.80,2283.70,2283.70,2542
1787034960000000000,2283.70,2284.40,2283.20,2283.30,2549
1787035020000000000,2283.40,2284.70,2283.30,2284.00,1289
1787035080000000000,2284.50,2285.30,2284.00,2284.60,1971
1787035140000000000,2284.70,2285.30,2284.50,2284.90,1451
1787035200000000000,2284.90,2285.40,2284.30,2284.70,2641
1787035260000000000,2284.70,2285.90,2284.30,2285.30,5153
1787035320000000000,2285.60,2285.60,2284.00,2284.00,2394
1787035380000000000,2284.10,2284.60,2283.20,2284.00,7164
1787035440000000000,2284.60,2284.70,2283.40,2283.90,1458
1787035500000000000,2283.70,2284.90,2283.70,2284.00,1222
1787035560000000000,2284.00,2284.60,2283.50,2283.50,1842
1787035620000000000,2283.80,2284.10,2282.20,2282.70,13737
1787035680000000000,2283.00,2283.00,2282.00,2282.10,8123
1787035740000000000,2282.10,2283.00,2282.00,2282.20,3717
1787035800000000000,2282.30,2283.50,2282.10,2282.50,4845
1787035860000000000,2282.80,2282.80,2281.10,2282.00,5369
1787035920000000000,2282.00,2284.90,2281.30,2284.40,3710
1787035980000000000,2284.40,2285.10,2283.90,2283.90,1506
1787036040000000000,2284.40,2285.20,2284.00,2284.40,1128
1787036100000000000,2284.40,2284.70,2283.70,2284.50,833
1787036160000000000,2284.50,2284.70,2282.70,2283.50,2078
1787036220000000000,2283.50,2285.20,2283.00,2284.60,2578
1787036280000000000,2284.70,2285.20,2283.80,2284.10,2745
1787036340000000000,2284.10,2285.00,2283.80,2284.00,2660
1787036400000000000,2284.20,2285.20,2283.90,2285.10,2798
1787036460000000000,2285.10,2286.90,2284.10,2285.60,10118
1787036520000000000,2286.60,2286.60,2285.30,2285.80,1426
1787036580000000000,2285.80,2286.50,2285.70,2286.20,1282
1787036640000000000,2286.20,2287.00,2286.00,2286.50,1686
1787036700000000000,2287.00,2287.90,2286.50,2287.00,1912
1787036760000000000,2287.50,2288.80,2287.10,2288.50,1990
1787036820000000000,2288.50,2288.50,2287.00,2287.10,1425
1787036880000000000,2287.10,2287.60,2286.00,2286.30,3160
1787036940000000000,2286.50,2287.00,2286.10,2287.00,924
1787037000000000000,2287.00,2287.70,2286.60,2287.30,713
1787037060000000000,2287.50,2287.60,2286.40,2286.60,966
1787037120000000000,2286.60,2287.20,2286.00,2286.90,903
1787037180000000000,2287.20,2288.00,2286.90,2287.50,1151
1787037240000000000,2287.50,2288.00,2286.60,2286.70,1459
1787037300000000000,2287.20,2287.60,2286.90,2287.50,1650
1787037360000000000,2287.50,2287.50,2286.10,2287.00,1862
1787037420000000000,2287.00,2287.00,2286.10,2286.30,1016
1787037480000000000,2286.70,2287.60,2286.20,2286.80,738
1787037540000000000,2286.80,2288.80,2285.90,2288.80,4578
1787037600000000000,2288.40,2288.60,2286.00,2286.30,12203
1787037660000000000,2286.50,2287.20,2285.50,2286.90,1020
1787037720000000000,2286.90,2287.30,2286.10,2287.00,873
1787037780000000000,2287.00,2287.00,2286.00,2286.20,1175
1787037840000000000,2286.20,2286.70,2284.00,2284.40,4815
1787037900000000000,2284.40,2285.80,2284.40,2285.10,1958
1787037960000000000,2285.10,2285.10,2283.90,2284.60,2741
1787038020000000000,2284.60,2284.60,2282.40,2282.50,3513
1787038080000000000,2282.50,2284.50,2282.40,2282.90,4175
1787038140000000000,2283.00,2283.00,2282.00,2282.20,3067
1787038200000000000,2282.20,2282.70,2282.00,2282.40,2414
1787038260000000000,2282.40,2282.50,2282.00,2282.00,1944
1787038320000000000,2282.30,2282.70,2281.80,2282.00,2762
1787038380000000000,2282.20,2282.70,2281.80,2282.00,2080
1787038440000000000,2282.00,2282.50,2281.70,2282.10,2351
1787038500000000000,2282.10,2283.30,2281.60,2283.10,3762
1787038560000000000,2282.60,2283.30,2282.20,2282.90,1949
1787038620000000000,2282.90,2283.80,2282.60,2283.10,2136
1787038680000000000,2283.10,2285.10,2283.00,2284.60,4052
1787038740000000000,2285.00,2286.90,2284.70,2286.00,2665
1787038800000000000,2286.80,2287.00,2286.00,2286.40,4729
1787038860000000000,2286.40,2286.50,2285.80,2286.50,1664
1787038920000000000,2286.50,2288.20,2286.10,2287.70,1960
1787038980000000000,2287.70,2287.90,2287.00,2287.20,1032
1787039040000000000,2287.40,2288.00,2286.80,2288.00,1360
1787039100000000000,2288.00,2288.80,2287.80,2287.80,2874
1787039160000000000,2288.30,2288.30,2287.50,2287.70,1127
1787039220000000000,2287.80,2287.80,2287.40,2287.80,861
1787039280000000000,2287.70,2288.00,2287.10,2287.10,2437
1787039340000000000,2287.10,2287.50,2286.50,2286.50,1239
1787039400000000000,2287.00,2287.90,2286.50,2287.30,4621
1787039460000000000,2287.50,2289.00,2287.40,2288.00,6003
1787039520000000000,2288.10,2288.90,2287.40,2287.40,4884
1787039580000000000,2287.90,2288.50,2287.50,2288.50,1400
1787039640000000000,2288.50,2288.50,2288.00,2288.20,1904
1787039700000000000,2288.20,2289.00,2287.90,2288.90,5793
1787039760000000000,2288.90,2289.00,2288.50,2288.50,1020
1787039820000000000,2288.90,2288.90,2286.40,2287.50,8170
1787039880000000000,2287.80,2289.30,2287.50,2288.30,5250
1787039940000000000,2288.40,2291.30,2288.30,2289.70,7454
1787040000000000000,2290.00,2290.90,2288.00,2288.40,9911
1787040060000000000,2288.40,2289.00,2287.90,2288.40,1251
1787040120000000000,2288.50,2288.90,2287.80,2288.50,1054
1787040180000000000,2288.50,2288.50,2287.30,2288.50,1194
1787040240000000000,2288.50,2288.50,2287.40,2287.90,427
1787040300000000000,2287.90,2288.00,2287.00,2287.80,916
1787040360000000000,2287.80,2288.00,2285.90,2285.90,2877
1787040420000000000,2286.00,2286.60,2285.00,2286.20,4620
1787040480000000000,2286.30,2287.00,2285.80,2286.20,1135
1787040540000000000,2286.80,2287.00,2285.30,2285.30,2201
1787040600000000000,2285.50,2286.60,2285.30,2286.40,1045
1787040660000000000,2286.40,2287.40,2285.50,2286.70,1736
1787040720000000000,2286.70,2286.80,2285.90,2286.20,3772
1787040780000000000,2286.20,2286.20,2285.50,2285.70,948
1787040840000000000,2285.70,2286.00,2285.00,2285.40,3126
1787040900000000000,2285.40,2286.50,2285.00,2285.80,2263
1787040960000000000,2285.80,2286.60,2285.50,2286.30,986
1787041020000000000,2286.30,2286.30,2285.20,2286.00,1165
1787041080000000000,2286.00,2286.80,2285.20,2285.20,1683
1787041140000000000,2285.50,2286.00,2285.20,2285.40,2679
1787041200000000000,2285.60,2285.60,2284.40,2284.40,4601
1787041260000000000,2284.60,2285.80,2284.40,2285.80,1252
1787041320000000000,2285.70,2285.70,2284.30,2284.70,1497
1787041380000000000,2284.70,2285.80,2283.40,2285.10,4588
1787041440000000000,2285.30,2285.70,2284.60,2285.30,1248
1787041500000000000,2285.30,2286.00,2284.70,2285.50,1657
1787041560000000000,2285.60,2286.00,2282.80,2284.70,13330
1787041620000000000,2284.70,2285.40,2284.30,2284.70,753
1787041680000000000,2285.00,2285.30,2284.40,2284.40,1135
1787041740000000000,2284.60,2285.00,2284.40,2284.40,989
1787041800000000000,2284.40,2285.00,2284.20,2284.50,1219
1787041860000000000,2284.50,2284.80,2283.60,2284.40,3120
1787041920000000000,2284.40,2284.90,2283.60,2283.90,4019
1787041980000000000,2283.90,2284.60,2283.40,2283.80,2479
1787042040000000000,2283.70,2286.50,2282.70,2285.80,7541
1787042100000000000,2286.00,2287.80,2282.00,2283.10,21928
1787042160000000000,2284.00,2284.60,2283.30,2283.40,760
1787042220000000000,2283.70,2284.50,2283.20,2284.30,2336
1787042280000000000,2284.30,2284.30,2283.20,2284.10,554
1787042340000000000,2284.30,2284.40,2283.60,2284.40,793
1787042400000000000,2284.40,2284.40,2283.20,2283.80,739
1787042460000000000,2283.80,2284.40,2283.30,2283.60,703
1787042520000000000,2283.60,2283.60,2282.30,2282.30,2107
1787042580000000000,2282.30,2283.90,2282.00,2282.00,1378
1787042640000000000,2282.10,2282.90,2281.60,2281.60,5012
1787042700000000000,2282.00,2282.00,2281.20,2281.80,1183
1787042760000000000,2281.80,2283.00,2281.10,2282.60,1897
1787042820000000000,2282.60,2283.40,2282.00,2283.10,1988
1787042880000000000,2283.10,2283.80,2282.30,2283.70,789
1787042940000000000,2283.70,2283.90,2282.10,2282.40,1048
1787043000000000000,2282.20,2283.90,2282.20,2283.60,1492
1787043060000000000,2283.60,2284.00,2282.60,2283.00,1920
1787043120000000000,2283.00,2283.70,2282.80,2283.10,1165
1787043180000000000,2283.10,2283.90,2282.20,2283.20,3022
1787043240000000000,2283.20,2284.40,2282.80,2283.90,2396
1787043300000000000,2283.90,2284.00,2282.40,2283.30,994
1787043360000000000,2283.80,2284.40,2283.00,2283.80,3192
1787043420000000000,2283.50,2284.50,2283.00,2284.00,4240
1787043480000000000,2284.00,2285.70,2284.00,2285.50,3738
1787043540000000000,2285.40,2285.50,2284.50,2284.80,2046
1787043600000000000,2284.90,2286.10,2284.60,2285.50,4425
1787043660000000000,2285.90,2286.50,2285.40,2286.20,11794
1787043720000000000,2286.80,2289.00,2286.60,2288.80,8491
1787043780000000000,2288.30,2289.00,2287.90,2289.00,3278
1787043840000000000,2289.00,2292.50,2288.50,2292.00,25837
1787043900000000000,2292.10,2292.10,2290.70,2291.90,6705
1787043960000000000,2291.90,2292.50,2291.40,2292.50,8740
1787044020000000000,2292.50,2292.90,2290.70,2290.70,3829
1787044080000000000,2291.00,2291.70,2289.60,2291.00,3476
1787044140000000000,2291.00,2291.70,2290.50,2291.00,4114
1787044200000000000,2291.90,2292.60,2290.90,2292.50,4441
1787044260000000000,2292.50,2293.30,2291.60,2292.30,5672
1787044320000000000,2293.00,2293.00,2291.80,2292.10,1632
1787044380000000000,2292.30,2292.40,2291.10,2292.20,1972
1787044440000000000,2292.20,2292.80,2291.70,2292.60,1869
1787044500000000000,2292.40,2292.70,2291.70,2292.70,2722
1787044560000000000,2292.70,2292.80,2291.60,2292.80,4835
1787044620000000000,2292.80,2292.80,2291.10,2291.60,3136
1787044680000000000,2291.70,2292.30,2291.20,2291.90,3014
1787044740000000000,2291.90,2291.90,2291.10,2291.10,3400
1787044800000000000,2291.10,2292.00,2291.00,2291.80,1552
1787044860000000000,2291.90,2292.70,2291.60,2291.70,6189
1787044920000000000,2292.00,2292.80,2291.00,2291.60,5442
1787044980000000000,2292.00,2292.30,2291.10,2291.30,2854
1787045040000000000,2291.60,2292.20,2290.70,2290.90,2755
1787045100000000000,2290.90,2292.10,2290.90,2291.50,6711
1787045160000000000,2291.50,2292.10,2291.30,2291.60,2195
1787045220000000000,2291.60,2292.50,2291.20,2292.00,5563
1787045280000000000,2292.00,2293.40,2291.40,2292.10,7148
1787045340000000000,2292.10,2292.50,2291.30,2292.00,7219
1787045400000000000,2292.00,2294.80,2291.00,2294.40,14833
1787045460000000000,2294.40,2294.80,2291.70,2291.70,8407
1787045520000000000,2292.20,2292.20,2290.10,2291.20,5289
1787045580000000000,2291.00,2291.10,2286.80,2286.90,10848
1787045640000000000,2286.90,2287.80,2286.00,2286.50,8413
1787045700000000000,2287.00,2289.10,2286.20,2287.80,12938
1787045760000000000,2287.90,2288.00,2284.60,2285.60,15837
1787045820000000000,2285.60,2285.70,2284.30,2284.90,11501
1787045880000000000,2285.00,2286.00,2284.00,2285.40,15507
1787045940000000000,2285.40,2285.50,2282.30,2284.00,23826
1787046000000000000,2284.00,2285.00,2283.40,2284.90,9657
1787046060000000000,2284.90,2285.60,2284.00,2284.70,8890
1787046120000000000,2284.70,2286.00,2281.40,2285.10,40949
1787046180000000000,2285.10,2285.50,2283.60,2285.50,9307
1787046240000000000,2285.00,2286.00,2282.20,2284.00,20989
1787046300000000000,2284.00,2284.00,2284.00,2284.00,0
1787046360000000000,2284.00,2284.00,2284.00,2284.00,0
1787046420000000000,2284.00,2284.00,2284.00,2284.00,0
1787046480000000000,2284.00,2284.00,2284.00,2284.00,0
1787046540000000000,2284.00,2284.00,2284.00,2284.00,0
1787046600000000000,2284.00,2284.00,2284.00,2284.00,0
1787046660000000000,2284.00,2284.00,2284.00,2284.00,0
1787046720000000000,2284.00,2284.00,2284.00,2284.00,0
1787046780000000000,2284.00,2284.00,2284.00,2284.00,0
1787046840000000000,2284.00,2284.00,2284.00,2284.00,0
1787046900000000000,2284.00,2284.00,2284.00,2284.00,0
1787046960000000000,2284.00,2284.00,2284.00,2284.00,0
1787047020000000000,2284.00,2284.00,2284.00,2284.00,0
1787047080000000000,2284.00,2284.00,2284.00,2284.00,0
1787047140000000000,2280.00,2280.00,2280.00,2280.00,117532
1787111100000000000,2293.60,2308.20,2292.20,2298.00,138699
1787111160000000000,2297.90,2299.00,2287.10,2288.80,86416
1787111220000000000,2288.50,2288.50,2275.60,2277.60,58847
1787111280000000000,2277.60,2283.00,2276.90,2281.80,38214
1787111340000000000,2281.70,2283.90,2277.50,2279.50,37494
1787111400000000000,2279.20,2280.30,2272.70,2273.20,37946
1787111460000000000,2273.70,2273.70,2269.80,2272.40,33769
1787111520000000000,2272.30,2273.00,2268.30,2272.00,32764
1787111580000000000,2272.50,2275.90,2270.90,2274.80,21926
1787111640000000000,2275.00,2279.40,2274.30,2278.00,21684
1787111700000000000,2278.20,2281.00,2276.30,2279.50,35130
1787111760000000000,2280.00,2280.00,2278.40,2279.00,9674
1787111820000000000,2279.00,2283.70,2278.60,2283.00,21776
1787111880000000000,2283.00,2287.00,2283.00,2285.10,30882
1787111940000000000,2285.20,2289.00,2285.10,2288.30,30908
1787112000000000000,2288.30,2288.90,2282.90,2283.80,20478
1787112060000000000,2283.30,2284.20,2281.00,2282.20,11646
1787112120000000000,2282.20,2283.00,2281.30,2281.30,11378
1787112180000000000,2281.50,2281.60,2279.40,2280.00,10063
1787112240000000000,2280.00,2280.80,2279.40,2280.00,9572
1787112300000000000,2280.00,2280.90,2279.30,2280.30,9351
1787112360000000000,2280.30,2283.70,2279.80,2283.00,22083
1787112420000000000,2283.40,2284.00,2282.00,2283.80,7505
1787112480000000000,2283.80,2284.00,2283.00,2283.30,6006
1787112540000000000,2283.50,2288.00,2283.30,2287.70,17036
1787112600000000000,2287.70,2287.70,2283.40,2284.50,10679
1787112660000000000,2284.50,2285.80,2280.70,2281.50,12639
1787112720000000000,2281.30,2281.60,2279.00,2279.40,10675
1787112780000000000,2279.50,2281.40,2279.00,2280.00,13115
1787112840000000000,2280.00,2281.20,2279.50,2280.50,3779
1787112900000000000,2280.50,2281.50,2278.20,2278.70,9080
1787112960000000000,2278.90,2279.40,2275.70,2278.70,17143
1787113020000000000,2278.70,2280.30,2278.50,2280.30,7280
1787113080000000000,2280.10,2280.10,2277.00,2279.40,16786
1787113140000000000,2279.40,2279.40,2278.00,2279.10,7849
1787113200000000000,2279.10,2281.40,2279.00,2279.90,8367
1787113260000000000,2280.70,2280.70,2278.30,2278.50,8359
1787113320000000000,2278.60,2278.60,2275.00,2275.50,13249
1787113380000000000,2275.60,2280.10,2274.00,2280.00,20063
1787113440000000000,2280.00,2280.00,2279.00,2279.30,1281
1787113500000000000,2279.30,2280.00,2278.10,2278.60,10803
1787113560000000000,2278.60,2279.40,2276.60,2277.50,5295
1787113620000000000,2277.50,2277.50,2275.50,2275.60,5190
1787113680000000000,2275.60,2276.30,2274.20,2276.20,15268
1787113740000000000,2276.20,2277.00,2275.10,2275.70,4316
1787113800000000000,2275.90,2276.10,2275.00,2276.00,5111
1787113860000000000,2276.00,2276.60,2274.20,2274.20,5276
1787113920000000000,2274.50,2274.80,2273.40,2273.40,6910
1787113980000000000,2273.60,2274.60,2268.50,2268.50,29266
1787114040000000000,2268.50,2272.50,2268.50,2271.70,13577
1787114100000000000,2272.50,2273.00,2271.00,2271.00,10008
1787114160000000000,2271.10,2271.20,2270.00,2270.50,5879
1787114220000000000,2270.50,2270.60,2270.10,2270.20,3736
1787114280000000000,2270.40,2270.50,2270.00,2270.10,4103
1787114340000000000,2270.30,2270.30,2267.70,2268.00,20712
1787114400000000000,2268.10,2269.00,2266.20,2267.00,14616
1787114460000000000,2267.60,2269.00,2266.20,2266.90,10219
1787114520000000000,2266.90,2268.20,2266.50,2266.50,4843
1787114580000000000,2266.60,2267.00,2265.70,2265.70,9425
1787114640000000000,2266.00,2267.60,2265.70,2267.40,14996
1787114700000000000,2267.40,2267.60,2265.40,2265.60,9270
1787114760000000000,2265.60,2268.20,2265.50,2267.90,7547
1787114820000000000,2268.00,2268.40,2267.10,2267.10,6087
1787114880000000000,2267.20,2267.80,2266.70,2266.80,9448
1787114940000000000,2267.00,2267.30,2266.50,2266.80,3002
1787115000000000000,2267.00,2267.00,2266.00,2266.00,4828
1787115060000000000,2266.40,2266.40,2264.10,2264.60,14531
1787115120000000000,2264.60,2267.40,2263.80,2266.10,7753
1787115180000000000,2266.70,2266.90,2265.30,2265.40,4217
1787115240000000000,2266.00,2266.00,2265.00,2265.00,4392
1787115300000000000,2265.20,2265.20,2263.60,2264.60,7553
1787115360000000000,2264.60,2264.80,2263.10,2263.30,7517
1787115420000000000,2263.90,2264.00,2263.00,2263.70,10156
1787115480000000000,2263.70,2264.00,2263.00,2263.80,7428
1787115540000000000,2264.00,2264.00,2263.60,2263.90,3815
1787115600000000000,2264.00,2265.00,2263.20,2265.00,9354
1787115660000000000,2265.00,2265.00,2263.20,2263.20,5209
1787115720000000000,2263.40,2263.60,2262.10,2263.40,16957
1787115780000000000,2263.60,2263.70,2262.10,2262.20,12894
1787115840000000000,2262.20,2263.60,2262.10,2263.40,5096
1787115900000000000,2263.40,2266.80,2263.00,2266.30,12756
1787115960000000000,2266.30,2267.00,2265.50,2267.00,7742
1787116020000000000,2267.00,2268.10,2266.40,2267.20,9046
1787116080000000000,2267.30,2267.30,2265.00,2265.40,5960
1787116140000000000,2265.50,2265.70,2264.00,2265.00,11092
1787116200000000000,2265.20,2266.60,2264.80,2266.60,6103
1787116260000000000,2266.60,2267.00,2265.10,2265.40,6927
1787116320000000000,2265.60,2266.80,2265.00,2266.00,5249
1787116380000000000,2266.70,2267.20,2265.50,2266.80,8455
1787116440000000000,2266.80,2267.90,2265.40,2267.50,7813
1787116500000000000,2267.50,2268.00,2266.80,2267.20,5853
1787116560000000000,2267.60,2267.90,2267.00,2267.20,3485
1787116620000000000,2267.70,2267.70,2266.50,2267.40,6603
1787116680000000000,2267.70,2268.80,2266.90,2268.80,20087
1787116740000000000,2268.20,2269.10,2267.80,2268.50,4958
1787116800000000000,2268.90,2269.50,2267.30,2267.90,12562
1787116860000000000,2268.00,2268.80,2267.90,2268.60,2778
1787116920000000000,2268.50,2268.50,2268.00,2268.50,2680
1787116980000000000,2268.50,2268.80,2268.00,2268.50,3074
1787117040000000000,2268.80,2268.80,2267.00,2267.20,4139
1787117100000000000,2267.00,2267.20,2265.40,2265.90,8260
1787117160000000000,2266.00,2266.00,2265.00,2265.30,7232
1787117220000000000,2265.80,2265.90,2263.70,2263.90,16816
1787117280000000000,2263.90,2264.70,2263.60,2264.20,4818
1787117340000000000,2264.50,2264.50,2261.30,2261.30,15116
1787117400000000000,2261.50,2263.50,2261.20,2261.60,12947
1787117460000000000,2261.60,2262.20,2261.10,2261.50,6384
1787117520000000000,2261.30,2262.00,2261.00,2261.20,5269
1787117580000000000,2261.30,2262.20,2258.70,2258.80,26585
1787117640000000000,2259.60,2261.60,2258.30,2259.60,11740
1787117700000000000,2260.00,2261.00,2259.50,2259.50,6316
1787117760000000000,2260.00,2261.90,2259.80,2261.50,6344
1787117820000000000,2261.90,2262.90,2261.20,2262.20,5942
1787117880000000000,2262.70,2263.80,2261.10,2263.00,4661
1787117940000000000,2263.30,2263.60,2262.60,2263.60,3300
1787118000000000000,2262.70,2263.40,2262.50,2262.50,5146
1787118060000000000,2262.60,2262.80,2262.00,2262.10,4089
1787118120000000000,2262.60,2262.70,2261.60,2262.10,2442
1787118180000000000,2262.10,2264.10,2262.00,2263.50,6331
1787118240000000000,2263.70,2266.70,2263.70,2265.10,15672
1787118300000000000,2265.90,2266.90,2264.80,2265.00,10936
1787118360000000000,2265.40,2265.70,2263.50,2263.70,2943
1787118420000000000,2264.60,2264.90,2263.60,2263.80,2968
1787118480000000000,2263.90,2264.20,2263.40,2264.20,2372
1787118540000000000,2264.30,2266.70,2264.00,2266.50,5216
1787118600000000000,2266.50,2266.50,2265.50,2265.50,7225
1787118660000000000,2266.00,2266.20,2265.00,2265.70,3324
1787118720000000000,2265.80,2268.50,2265.80,2268.00,16280
1787118780000000000,2268.00,2268.20,2267.70,2267.90,6657
1787118840000000000,2268.00,2268.00,2267.10,2267.70,4680
1787118900000000000,2267.50,2267.70,2267.10,2267.40,3517
1787118960000000000,2267.40,2267.70,2267.30,2267.70,2803
1787119020000000000,2267.80,2273.40,2267.70,2273.10,27470
1787119080000000000,2273.50,2275.60,2273.00,2274.70,12349
1787119140000000000,2274.90,2277.60,2273.80,2276.90,20328
1787119200000000000,2276.80,2278.20,2276.20,2278.20,16261
1787119260000000000,2278.40,2279.80,2278.30,2279.00,19414
1787119320000000000,2279.40,2279.40,2274.30,2274.70,12215
1787119380000000000,2275.00,2276.10,2273.70,2275.30,12235
1787119440000000000,2275.30,2277.50,2275.00,2277.00,8065
1787119500000000000,2277.00,2278.20,2276.40,2277.90,9368
1787119560000000000,2277.60,2278.40,2276.80,2277.10,6298
1787119620000000000,2277.10,2277.70,2276.30,2276.90,4304
1787119680000000000,2277.00,2277.20,2276.00,2276.30,6100
1787119740000000000,2276.40,2279.50,2276.40,2279.40,13010
1787119800000000000,2279.40,2279.90,2278.00,2278.20,12155
1787119860000000000,2278.50,2279.20,2277.70,2278.60,5659
1787119920000000000,2278.60,2279.10,2276.60,2276.60,3239
1787119980000000000,2277.00,2277.00,2274.80,2276.40,5930
1787120040000000000,2276.40,2278.10,2276.40,2278.00,2612
1787120100000000000,2278.00,2279.00,2277.80,2278.60,4251
1787120160000000000,2279.00,2279.80,2278.70,2278.80,7071
1787120220000000000,2279.00,2279.60,2279.00,2279.00,6342
1787120280000000000,2279.10,2282.00,2278.50,2278.50,31113
1787120340000000000,2278.60,2279.60,2277.70,2277.80,7382
1787120400000000000,2278.10,2280.40,2278.00,2278.50,8319
1787120460000000000,2278.50,2279.50,2278.50,2279.50,3634
1787120520000000000,2279.50,2279.50,2279.00,2279.20,5220
1787120580000000000,2279.50,2279.50,2278.80,2278.90,6917
1787120640000000000,2279.00,2279.40,2278.40,2278.70,5317
1787120700000000000,2278.70,2279.00,2277.50,2277.80,5477
1787120760000000000,2277.80,2278.50,2277.70,2278.20,3305
1787120820000000000,2278.40,2278.80,2278.00,2278.40,6264
1787120880000000000,2278.60,2279.50,2277.70,2278.30,8593
1787120940000000000,2278.50,2278.80,2278.20,2278.80,3181
1787121000000000000,2278.80,2279.00,2276.50,2277.00,5580
1787121060000000000,2277.00,2277.50,2276.80,2277.20,5066
1787121120000000000,2277.10,2278.70,2277.00,2277.60,7226
1787121180000000000,2277.70,2278.60,2276.20,2276.40,8973
1787121240000000000,2276.50,2277.20,2276.20,2276.50,3709
1787121300000000000,2276.50,2277.50,2276.20,2277.10,3215
1787121360000000000,2277.10,2278.80,2276.90,2278.80,4874
1787121420000000000,2278.80,2279.00,2277.80,2278.10,2898
1787121480000000000,2278.40,2278.40,2276.90,2277.30,19468
1787121540000000000,2277.70,2278.40,2277.30,2277.70,2208
1787121600000000000,2278.00,2278.10,2276.80,2277.10,4440
1787121660000000000,2277.10,2277.50,2276.80,2277.10,1952
1787121720000000000,2277.50,2277.50,2276.90,2276.90,3508
1787121780000000000,2277.00,2278.00,2276.90,2277.00,3327
1787121840000000000,2277.10,2277.70,2276.70,2276.70,4151
1787121900000000000,2276.90,2277.10,2276.00,2276.70,5651
1787121960000000000,2276.80,2279.80,2276.80,2279.60,8691
1787122020000000000,2279.60,2280.90,2279.50,2280.00,6105
1787122080000000000,2280.10,2280.40,2278.90,2279.30,7561
1787122140000000000,2279.80,2279.90,2279.20,2279.40,3643
1787122200000000000,2279.60,2280.30,2278.70,2279.30,5648
1787122260000000000,2279.50,2279.80,2278.00,2278.70,4121
1787122320000000000,2278.90,2279.00,2278.20,2278.20,873
1787122380000000000,2278.30,2278.50,2277.10,2277.70,7292
1787122440000000000,2277.90,2279.80,2277.60,2277.60,6261
1787122500000000000,2277.70,2278.90,2276.80,2276.90,3610
1787122560000000000,2277.00,2277.50,2276.20,2276.60,1636
1787122620000000000,2276.60,2277.50,2276.60,2277.50,5675
1787122680000000000,2277.20,2277.50,2276.60,2277.10,1726
1787122740000000000,2277.20,2277.40,2276.80,2276.80,1169
1787122800000000000,2276.90,2277.30,2276.20,2276.70,4918
1787122860000000000,2276.80,2276.80,2275.40,2275.70,5857
1787122920000000000,2276.00,2276.00,2275.10,2275.30,1813
1787122980000000000,2275.40,2276.00,2275.30,2275.30,2540
1787123040000000000,2275.40,2275.40,2275.30,2275.30,1715
1787123100000000000,2275.40,2277.10,2275.30,2277.10,4317
1787123160000000000,2277.10,2277.20,2276.20,2276.20,1713
1787123220000000000,2276.30,2277.80,2276.20,2277.80,2394
1787123280000000000,2277.50,2277.80,2277.10,2277.10,2970
1787123340000000000,2277.50,2277.50,2276.90,2276.90,2367
1787123400000000000,2276.90,2277.20,2276.30,2276.30,2557
1787123460000000000,2276.40,2277.50,2276.00,2277.50,4041
1787123520000000000,2277.50,2277.50,2276.90,2277.00,1951
1787123580000000000,2277.10,2277.70,2276.70,2277.50,4223
1787123640000000000,2277.60,2277.60,2276.80,2277.50,1030
1787123700000000000,2277.50,2277.50,2276.30,2276.70,3359
1787123760000000000,2276.50,2277.10,2275.80,2277.10,2188
1787123820000000000,2277.10,2277.10,2276.30,2276.60,2321
1787123880000000000,2276.50,2277.00,2276.10,2276.70,5292
1787123940000000000,2276.90,2278.10,2276.80,2278.10,3651
1787124000000000000,2277.90,2280.50,2277.90,2279.50,27725
1787124060000000000,2279.50,2279.50,2279.00,2279.10,2521
1787124120000000000,2279.10,2279.10,2279.00,2279.10,21732
1787124180000000000,2279.10,2279.10,2279.00,2279.10,5381
1787124240000000000,2279.10,2279.10,2279.00,2279.00,2067
1787124300000000000,2279.10,2279.10,2277.50,2278.30,5999
1787124360000000000,2278.60,2279.00,2277.70,2277.80,828
1787124420000000000,2277.80,2277.90,2277.50,2277.80,2839
1787124480000000000,2277.90,2278.30,2277.50,2278.30,1859
1787124540000000000,2278.30,2279.00,2277.90,2278.70,1708
1787124600000000000,2278.80,2281.10,2278.80,2280.50,14889
1787124660000000000,2280.50,2280.80,2280.00,2280.20,5122
1787124720000000000,2280.20,2280.20,2280.00,2280.10,1542
1787124780000000000,2280.00,2280.80,2279.60,2279.80,4194
1787124840000000000,2279.80,2280.70,2279.80,2280.00,3133
1787124900000000000,2280.00,2282.90,2280.00,2280.60,19444
1787124960000000000,2280.60,2282.70,2280.10,2281.60,7125
1787125020000000000,2281.60,2282.40,2281.00,2281.10,5572
1787125080000000000,2281.40,2283.00,2281.20,2282.30,8592
1787125140000000000,2282.10,2282.50,2280.80,2281.90,15455
1787125200000000000,2281.70,2282.60,2280.90,2282.00,5598
1787125260000000000,2282.00,2282.40,2281.30,2282.10,3785
1787125320000000000,2282.20,2282.40,2281.30,2281.30,3955
1787125380000000000,2281.40,2282.50,2281.40,2282.50,3740
1787125440000000000,2282.50,2282.50,2281.10,2281.10,2755
1787125500000000000,2281.20,2281.40,2279.70,2280.00,21459
1787125560000000000,2280.70,2283.00,2279.90,2281.90,9386
1787125620000000000,2282.20,2285.00,2282.00,2283.20,15913
1787125680000000000,2283.30,2284.10,2282.70,2283.40,6581
1787125740000000000,2283.80,2284.20,2282.90,2283.00,5557
1787125800000000000,2283.10,2283.70,2281.70,2283.10,6270
1787125860000000000,2283.10,2283.80,2282.80,2283.10,2110
1787125920000000000,2283.70,2283.90,2282.60,2283.20,4672
1787125980000000000,2283.30,2283.80,2282.50,2282.70,6102
1787126040000000000,2282.80,2283.90,2282.80,2283.80,3501
1787126100000000000,2283.60,2283.90,2283.00,2283.50,4061
1787126160000000000,2283.50,2283.50,2281.90,2281.90,1852
1787126220000000000,2282.00,2282.30,2281.30,2282.00,2679
1787126280000000000,2282.00,2282.60,2281.50,2281.90,4387
1787126340000000000,2282.20,2282.30,2281.00,2281.00,2929
1787126400000000000,2281.90,2282.00,2280.80,2281.50,1928
1787126460000000000,2281.50,2281.80,2280.90,2281.10,3150
1787126520000000000,2281.10,2281.70,2280.80,2281.40,3801
1787126580000000000,2281.60,2281.60,2280.90,2280.90,1988
1787126640000000000,2281.00,2282.30,2280.90,2280.90,4747
1787126700000000000,2281.00,2281.00,2280.00,2280.00,3265
1787126760000000000,2280.40,2281.00,2280.00,2280.70,5467
1787126820000000000,2280.80,2281.60,2280.30,2281.20,3728
1787126880000000000,2281.20,2282.00,2281.00,2281.20,5693
1787126940000000000,2281.20,2283.40,2280.90,2282.60,9150
1787127000000000000,2282.70,2283.00,2281.80,2281.80,2596
1787127060000000000,2281.80,2282.70,2281.10,2282.70,5764
1787127120000000000,2283.00,2283.60,2282.20,2282.70,3945
1787127180000000000,2282.80,2283.00,2282.50,2282.80,2453
1787127240000000000,2282.90,2282.90,2280.80,2281.10,3227
1787127300000000000,2281.20,2281.90,2281.10,2281.10,6038
1787127360000000000,2281.20,2281.60,2281.00,2281.00,1753
1787127420000000000,2281.10,2281.50,2280.60,2280.70,2879
1787127480000000000,2281.10,2281.10,2280.10,2280.50,7719
1787127540000000000,2280.50,2281.60,2280.10,2280.10,1969
1787127600000000000,2280.30,2280.40,2280.00,2280.20,4724
1787127660000000000,2280.40,2281.00,2280.00,2280.70,4015
1787127720000000000,2280.80,2281.00,2280.40,2281.00,6267
1787127780000000000,2281.00,2281.90,2280.70,2281.60,5213
1787127840000000000,2281.30,2281.60,2280.30,2280.40,3351
1787127900000000000,2280.60,2281.30,2280.40,2280.80,3763
1787127960000000000,2280.80,2281.10,2280.20,2280.50,2300
1787128020000000000,2280.60,2280.60,2280.10,2280.10,2142
1787128080000000000,2280.10,2280.50,2279.80,2280.40,31371
1787128140000000000,2280.40,2280.40,2278.30,2279.30,10611
1787128200000000000,2279.50,2280.30,2279.30,2280.00,5031
1787128260000000000,2280.00,2280.10,2279.10,2279.20,2081
1787128320000000000,2279.30,2280.40,2279.20,2280.00,2533
1787128380000000000,2280.10,2280.30,2279.40,2279.80,2971
1787128440000000000,2279.80,2282.20,2279.70,2281.90,5178
1787128500000000000,2282.00,2282.50,2281.50,2281.70,3575
1787128560000000000,2282.00,2283.00,2281.60,2283.00,7418
1787128620000000000,2282.90,2283.50,2282.30,2283.00,10598
1787128680000000000,2283.00,2283.40,2282.60,2283.20,4570
1787128740000000000,2283.10,2283.30,2282.30,2282.90,9437
1787128800000000000,2282.90,2284.00,2282.50,2284.00,4621
1787128860000000000,2283.90,2294.30,2283.90,2294.30,73013
1787128920000000000,2294.20,2294.30,2289.30,2290.50,11789
1787128980000000000,2290.00,2292.60,2289.20,2290.00,10443
1787129040000000000,2289.90,2290.00,2287.40,2288.00,11460
1787129100000000000,2288.10,2289.20,2286.10,2286.60,8761
1787129160000000000,2286.60,2288.20,2286.50,2286.50,4114
1787129220000000000,2286.70,2287.70,2286.00,2286.00,3352
1787129280000000000,2286.10,2288.00,2286.00,2287.20,3873
1787129340000000000,2287.30,2288.50,2287.00,2287.00,6357
1787129400000000000,2287.40,2287.50,2286.00,2286.00,3343
1787129460000000000,2286.50,2286.50,2284.70,2284.70,7569
1787129520000000000,2285.20,2285.20,2282.60,2283.40,8270
1787129580000000000,2283.50,2283.70,2281.50,2283.70,13200
1787129640000000000,2283.70,2285.80,2283.00,2283.10,9093
1787129700000000000,2283.70,2284.00,2282.80,2283.00,2701
1787129760000000000,2282.90,2284.10,2282.60,2283.90,6262
1787129820000000000,2284.10,2285.60,2283.90,2285.30,5893
1787129880000000000,2285.00,2285.00,2283.40,2284.10,3341
1787129940000000000,2284.00,2285.80,2283.80,2285.20,6751
1787130000000000000,2285.50,2285.60,2284.90,2285.00,3131
1787130060000000000,2285.40,2286.90,2285.00,2286.00,7891
1787130120000000000,2286.00,2286.30,2285.20,2286.00,5875
1787130180000000000,2285.80,2286.10,2285.50,2285.50,3747
1787130240000000000,2285.50,2286.10,2285.50,2285.70,2592
1787130300000000000,2285.70,2288.70,2285.50,2288.00,11988
1787130360000000000,2287.70,2288.30,2285.30,2285.30,7809
1787130420000000000,2285.40,2286.20,2285.30,2285.30,3512
1787130480000000000,2285.30,2285.80,2284.10,2284.50,4840
1787130540000000000,2284.20,2285.30,2283.80,2285.30,6021
1787130600000000000,2283.80,2284.50,2283.40,2283.90,4187
1787130660000000000,2283.90,2284.90,2283.60,2283.60,3361
1787130720000000000,2283.60,2284.30,2283.60,2284.10,2438
1787130780000000000,2284.10,2284.10,2283.60,2283.70,2394
1787130840000000000,2283.70,2284.20,2282.20,2283.00,11791
1787130900000000000,2283.40,2283.50,2282.60,2282.60,4068
1787130960000000000,2283.00,2284.00,2282.60,2282.70,4675
1787131020000000000,2283.30,2283.40,2282.00,2282.00,2940
1787131080000000000,2282.20,2283.00,2281.90,2283.00,5308
1787131140000000000,2283.00,2283.60,2282.40,2282.90,5254
1787131200000000000,2282.80,2283.30,2282.80,2282.90,3179
1787131260000000000,2283.30,2283.30,2281.60,2281.60,10185
1787131320000000000,2282.30,2282.90,2281.60,2282.20,3909
1787131380000000000,2282.60,2282.90,2282.00,2282.00,5546
1787131440000000000,2282.50,2282.60,2281.70,2281.80,3300
1787131500000000000,2282.00,2283.40,2282.00,2282.60,8852
1787131560000000000,2282.70,2282.70,2282.00,2282.10,7892
1787131620000000000,2282.10,2282.30,2281.80,2281.90,4767
1787131680000000000,2282.30,2282.30,2281.80,2282.30,4847
1787131740000000000,2282.30,2282.30,2281.50,2281.80,7803
1787131800000000000,2281.50,2282.30,2281.30,2282.00,18255
1787131860000000000,2281.90,2283.90,2281.90,2282.70,11389
1787131920000000000,2282.60,2284.30,2282.50,2284.10,14984
1787131980000000000,2284.00,2284.10,2282.90,2283.40,10222
1787132040000000000,2283.20,2283.50,2282.30,2282.60,8492
1787132100000000000,2282.60,2283.10,2282.10,2282.40,16559
1787132160000000000,2282.50,2282.90,2281.60,2281.80,23313
1787132220000000000,2281.80,2282.10,2281.10,2281.50,25312
1787132280000000000,2282.00,2282.80,2281.40,2281.50,15656
1787132340000000000,2281.50,2283.20,2281.20,2282.60,18734
1787132400000000000,2282.60,2283.80,2282.40,2283.20,25485
1787132460000000000,2283.10,2286.20,2282.90,2286.20,15291
1787132520000000000,2286.20,2287.90,2284.70,2286.30,29113
1787132580000000000,2286.30,2287.10,2284.10,2286.30,7320
1787132640000000000,2287.10,2288.00,2285.60,2287.60,5994
1787132700000000000,2287.60,2287.60,2287.60,2287.60,0
1787132760000000000,2287.60,2287.60,2287.60,2287.60,0
1787132820000000000,2287.60,2287.60,2287.60,2287.60,0
1787132880000000000,2287.60,2287.60,2287.60,2287.60,0
1787132940000000000,2287.60,2287.60,2287.60,2287.60,0
1787133000000000000,2287.60,2287.60,2287.60,2287.60,0
1787133060000000000,2287.60,2287.60,2287.60,2287.60,0
1787133120000000000,2287.60,2287.60,2287.60,2287.60,0
1787133180000000000,2287.60,2287.60,2287.60,2287.60,0
1787133240000000000,2287.60,2287.60,2287.60,2287.60,0
1787133300000000000,2287.60,2287.60,2287.60,2287.60,0
1787133360000000000,2287.60,2287.60,2287.60,2287.60,0
1787133420000000000,2287.60,2287.60,2287.60,2287.60,0
1787133480000000000,2287.60,2287.60,2287.60,2287.60,0
1787133540000000000,2289.00,2289.00,2289.00,2289.00,79803
1787197500000000000,2319.40,2329.00,2290.60,2314.80,110431
1787197560000000000,2314.50,2314.50,2308.60,2308.60,23524
1787197620000000000,2309.00,2312.80,2308.00,2308.00,12842
1787197680000000000,2308.69,2308.90,2305.00,2305.80,12984
1787197740000000000,2306.40,2307.19,2303.60,2304.30,14406
1787197800000000000,2304.50,2306.19,2303.00,2304.60,10249
1787197860000000000,2304.19,2305.10,2302.00,2304.80,7459
1787197920000000000,2304.50,2306.90,2303.10,2303.10,8155
1787197980000000000,2303.10,2304.80,2301.00,2303.40,7269
1787198040000000000,2303.40,2304.00,2301.60,2303.90,5786
1787198100000000000,2304.00,2304.50,2303.50,2304.00,6759
1787198160000000000,2304.10,2305.00,2303.60,2304.30,3004
1787198220000000000,2304.50,2308.40,2304.30,2306.00,17538
1787198280000000000,2306.30,2307.10,2303.40,2304.10,5343
1787198340000000000,2304.19,2304.80,2302.50,2302.50,4744
1787198400000000000,2302.90,2304.90,2301.10,2304.90,8647
1787198460000000000,2304.90,2308.80,2304.40,2308.40,6646
1787198520000000000,2308.80,2309.19,2306.19,2306.69,8721
1787198580000000000,2306.40,2308.90,2306.19,2308.10,3770
1787198640000000000,2308.50,2311.90,2308.10,2311.69,7534
1787198700000000000,2311.69,2315.90,2311.50,2315.00,17703
1787198760000000000,2314.80,2316.90,2314.10,2315.00,12796
1787198820000000000,2314.90,2317.00,2312.90,2313.00,10325
1787198880000000000,2313.00,2313.00,2309.10,2312.19,9058
1787198940000000000,2312.40,2312.50,2311.00,2312.00,3871
1787199000000000000,2312.10,2314.69,2311.50,2314.50,4370
1787199060000000000,2314.60,2314.90,2312.00,2313.19,4924
1787199120000000000,2313.50,2313.90,2312.10,2313.30,2853
1787199180000000000,2313.69,2313.80,2312.40,2312.69,1567
1787199240000000000,2312.80,2312.80,2310.69,2312.00,2811
1787199300000000000,2312.10,2312.50,2311.19,2311.90,2769
1787199360000000000,2311.90,2312.00,2308.80,2308.90,5500
1787199420000000000,2308.90,2310.69,2308.19,2310.10,3748
1787199480000000000,2310.60,2311.80,2310.10,2311.00,5269
1787199540000000000,2310.90,2310.90,2309.40,2309.80,2741
1787199600000000000,2309.69,2309.80,2307.30,2308.19,4219
1787199660000000000,2308.10,2309.00,2307.00,2307.50,2225
1787199720000000000,2307.19,2307.69,2306.10,2307.00,2284
1787199780000000000,2306.10,2307.19,2306.00,2306.00,2379
1787199840000000000,2306.10,2308.40,2305.00,2307.60,4299
1787199900000000000,2307.30,2308.19,2306.90,2307.00,3943
1787199960000000000,2307.00,2307.60,2306.00,2307.50,2982
1787200020000000000,2307.10,2308.00,2306.80,2307.50,1424
1787200080000000000,2307.40,2308.90,2306.00,2306.60,2496
1787200140000000000,2306.60,2308.00,2306.00,2306.00,1657
1787200200000000000,2306.50,2307.60,2305.69,2307.00,2555
1787200260000000000,2306.80,2309.69,2306.80,2308.80,3401
1787200320000000000,2308.80,2309.50,2308.10,2309.19,3153
1787200380000000000,2308.30,2311.00,2308.00,2310.50,3823
1787200440000000000,2310.50,2311.10,2310.10,2310.90,1524
1787200500000000000,2310.69,2313.00,2310.30,2312.50,4331
1787200560000000000,2312.60,2314.00,2312.00,2314.00,4402
1787200620000000000,2313.80,2314.00,2312.10,2313.40,6638
1787200680000000000,2313.10,2313.80,2313.10,2313.60,1749
1787200740000000000,2313.50,2313.60,2311.60,2312.30,10466
1787200800000000000,2311.69,2312.30,2310.00,2310.00,2817
1787200860000000000,2310.00,2310.69,2309.00,2309.00,6739
1787200920000000000,2309.00,2309.60,2308.19,2309.50,1507
1787200980000000000,2309.19,2309.80,2307.80,2309.60,1814
1787201040000000000,2309.00,2312.10,2308.40,2310.50,2913
1787201100000000000,2310.30,2311.60,2310.00,2310.50,1677
1787201160000000000,2310.50,2311.10,2308.90,2308.90,3047
1787201220000000000,2309.00,2309.90,2308.10,2308.10,1664
1787201280000000000,2308.00,2309.30,2308.00,2308.40,1770
1787201340000000000,2308.10,2310.60,2308.10,2310.00,1882
1787201400000000000,2310.30,2310.60,2308.69,2309.00,1676
1787201460000000000,2309.00,2309.69,2308.19,2309.00,1747
1787201520000000000,2308.69,2309.50,2308.30,2309.00,1901
1787201580000000000,2308.40,2310.10,2308.19,2309.10,2780
1787201640000000000,2309.10,2310.00,2308.40,2309.80,1981
1787201700000000000,2309.00,2309.80,2308.10,2308.10,2131
1787201760000000000,2308.10,2308.40,2307.40,2307.50,3512
1787201820000000000,2307.50,2309.30,2307.19,2308.50,1437
1787201880000000000,2308.10,2308.69,2307.40,2307.40,3103
1787201940000000000,2307.40,2309.30,2307.40,2308.80,2012
1787202000000000000,2308.19,2308.90,2308.00,2308.60,923
1787202060000000000,2308.50,2309.60,2308.10,2308.30,3873
1787202120000000000,2308.00,2311.50,2308.00,2310.10,4116
1787202180000000000,2310.10,2310.90,2309.10,2310.00,2536
1787202240000000000,2310.30,2310.40,2309.00,2309.19,964
1787202300000000000,2309.00,2309.30,2308.00,2308.69,1001
1787202360000000000,2308.10,2308.50,2307.00,2307.00,3899
1787202420000000000,2307.10,2307.60,2306.60,2307.00,1199
1787202480000000000,2306.90,2307.60,2306.50,2307.50,1166
1787202540000000000,2307.10,2307.50,2306.80,2307.00,1135
1787202600000000000,2306.80,2307.00,2306.10,2306.50,1575
1787202660000000000,2306.50,2308.80,2306.50,2308.60,2463
1787202720000000000,2307.90,2308.80,2307.00,2307.00,1112
1787202780000000000,2307.00,2307.50,2306.69,2307.30,633
1787202840000000000,2306.80,2308.50,2306.69,2308.50,1645
1787202900000000000,2308.10,2309.19,2307.90,2308.00,1673
1787202960000000000,2308.00,2309.50,2307.90,2309.19,1149
1787203020000000000,2309.19,2309.50,2308.80,2309.00,2247
1787203080000000000,2308.19,2309.50,2308.00,2309.50,1874
1787203140000000000,2308.80,2309.60,2308.80,2309.60,1150
1787203200000000000,2309.50,2310.00,2309.40,2309.90,1919
1787203260000000000,2309.60,2309.90,2309.10,2309.10,1186
1787203320000000000,2309.10,2309.80,2309.10,2309.50,1038
1787203380000000000,2309.19,2310.69,2309.10,2310.69,2908
1787203440000000000,2310.10,2310.80,2309.80,2310.00,2096
1787203500000000000,2310.00,2310.50,2309.40,2309.40,957
1787203560000000000,2309.90,2309.90,2309.19,2309.60,908
1787203620000000000,2309.50,2310.69,2309.50,2310.60,2088
1787203680000000000,2310.00,2310.80,2309.69,2310.69,1632
1787203740000000000,2310.00,2311.80,2309.80,2310.40,2527
1787203800000000000,2310.80,2312.00,2310.69,2310.69,1738
1787203860000000000,2310.69,2311.10,2308.00,2308.00,3761
1787203920000000000,2307.80,2307.90,2304.10,2305.40,4528
1787203980000000000,2305.40,2306.00,2302.90,2306.00,5798
1787204040000000000,2305.60,2306.40,2304.10,2305.00,6527
1787204100000000000,2305.00,2305.69,2304.80,2305.00,861
1787204160000000000,2305.00,2305.00,2303.10,2303.10,3901
1787204220000000000,2303.10,2303.90,2302.00,2302.19,9596
1787204280000000000,2302.00,2302.80,2301.00,2301.90,10129
1787204340000000000,2301.90,2302.40,2300.00,2300.69,11687
1787204400000000000,2300.19,2302.40,2300.00,2301.80,4281
1787204460000000000,2301.80,2302.19,2301.60,2301.90,2709
1787204520000000000,2301.60,2301.90,2300.00,2300.00,2418
1787204580000000000,2300.00,2300.40,2299.19,2299.80,13185
1787204640000000000,2299.60,2300.00,2299.50,2300.00,3642
1787204700000000000,2299.90,2301.80,2299.69,2301.60,5111
1787204760000000000,2301.00,2301.90,2299.69,2300.40,2375
1787204820000000000,2299.80,2301.60,2299.69,2301.60,4875
1787204880000000000,2301.30,2301.69,2299.19,2299.50,4699
1787204940000000000,2299.19,2299.50,2298.10,2298.50,5768
1787205000000000000,2298.50,2298.80,2296.10,2297.00,6979
1787205060000000000,2296.19,2296.80,2295.00,2296.00,15754
1787205120000000000,2295.69,2296.00,2295.30,2295.90,3243
1787205180000000000,2295.69,2298.50,2295.69,2296.60,5412
1787205240000000000,2296.00,2296.90,2295.00,2296.00,4960
1787205300000000000,2296.00,2298.30,2295.90,2297.80,4066
1787205360000000000,2297.50,2298.00,2296.00,2297.90,8818
1787205420000000000,2297.50,2299.00,2297.40,2299.00,5701
1787205480000000000,2298.80,2299.00,2298.10,2299.00,3788
1787205540000000000,2298.80,2299.50,2298.80,2299.50,3247
1787205600000000000,2299.19,2299.80,2298.00,2298.69,4933
1787205660000000000,2298.40,2298.80,2296.00,2296.50,10728
1787205720000000000,2296.50,2296.80,2291.69,2292.80,16561
1787205780000000000,2292.00,2294.69,2292.00,2293.69,3695
1787205840000000000,2293.00,2293.50,2291.00,2291.69,8374
1787205900000000000,2291.10,2293.30,2291.10,2292.60,3039
1787205960000000000,2292.60,2293.69,2292.00,2293.69,4410
1787206020000000000,2293.30,2295.40,2293.30,2294.80,4339
1787206080000000000,2294.69,2295.69,2293.69,2294.69,4749
1787206140000000000,2294.40,2295.30,2294.30,2294.40,4929
1787206200000000000,2294.40,2295.40,2294.00,2294.00,3485
1787206260000000000,2294.00,2296.60,2293.90,2295.69,3202
1787206320000000000,2296.00,2299.00,2296.00,2298.10,3657
1787206380000000000,2298.10,2298.30,2297.60,2298.10,3355
1787206440000000000,2297.80,2298.10,2297.40,2297.69,2669
1787206500000000000,2297.69,2298.10,2296.60,2297.60,4055
1787206560000000000,2297.60,2298.50,2297.50,2298.50,2794
1787206620000000000,2298.50,2299.40,2297.69,2297.69,6006
1787206680000000000,2297.50,2297.80,2297.19,2297.60,2420
1787206740000000000,2297.50,2298.00,2293.40,2293.50,6497
1787206800000000000,2293.60,2296.40,2293.50,2295.10,2616
1787206860000000000,2295.10,2295.80,2294.30,2294.90,2265
1787206920000000000,2294.00,2296.00,2293.80,2295.00,2764
1787206980000000000,2295.60,2296.00,2294.10,2294.60,3418
1787207040000000000,2294.60,2294.90,2294.00,2294.90,1242
1787207100000000000,2294.60,2294.90,2293.30,2293.50,5291
1787207160000000000,2293.69,2295.80,2293.19,2294.90,3381
1787207220000000000,2294.80,2294.80,2292.40,2292.50,3186
1787207280000000000,2292.50,2292.90,2291.00,2291.19,5798
1787207340000000000,2291.19,2292.30,2291.19,2291.80,2919
1787207400000000000,2291.80,2292.80,2291.69,2292.00,3616
1787207460000000000,2292.00,2292.19,2291.00,2291.10,4032
1787207520000000000,2291.10,2292.00,2291.00,2291.19,4064
1787207580000000000,2291.10,2291.69,2289.00,2289.19,21120
1787207640000000000,2290.30,2291.69,2289.40,2290.60,1964
1787207700000000000,2290.60,2292.40,2290.19,2290.90,2049
1787207760000000000,2290.90,2291.90,2290.00,2290.00,2820
1787207820000000000,2290.00,2291.40,2290.00,2291.40,4403
1787207880000000000,2291.10,2292.00,2290.00,2290.19,4359
1787207940000000000,2290.00,2290.90,2289.00,2289.30,5405
1787208000000000000,2289.19,2289.80,2289.00,2289.60,2976
1787208060000000000,2289.60,2290.80,2289.50,2290.10,3009
1787208120000000000,2290.10,2290.40,2289.19,2289.30,2159
1787208180000000000,2289.19,2291.50,2289.00,2291.50,4792
1787208240000000000,2290.69,2291.19,2290.40,2291.00,2484
1787208300000000000,2290.50,2291.00,2290.50,2290.60,2117
1787208360000000000,2290.60,2293.30,2290.60,2292.30,3565
1787208420000000000,2292.30,2293.69,2292.30,2292.69,4701
1787208480000000000,2292.30,2293.00,2291.10,2293.00,3981
1787208540000000000,2292.80,2294.50,2292.80,2293.00,4387
1787208600000000000,2293.00,2293.10,2291.50,2291.50,5461
1787208660000000000,2292.00,2292.40,2291.19,2292.00,1788
1787208720000000000,2291.60,2292.00,2290.50,2291.40,5874
1787208780000000000,2291.19,2292.19,2291.00,2291.00,3153
1787208840000000000,2290.80,2291.69,2290.50,2290.69,1539
1787208900000000000,2290.50,2290.69,2290.10,2290.40,2573
1787208960000000000,2290.30,2290.30,2289.19,2290.00,3781
1787209020000000000,2289.80,2291.60,2289.10,2291.30,2248
1787209080000000000,2291.10,2291.19,2290.10,2290.19,2296
1787209140000000000,2290.19,2290.80,2290.00,2290.30,1560
1787209200000000000,2290.00,2290.90,2290.00,2290.19,1321
1787209260000000000,2290.19,2291.50,2290.10,2290.69,3759
1787209320000000000,2290.10,2291.80,2290.10,2290.40,2570
1787209380000000000,2290.19,2291.00,2290.10,2290.10,3007
1787209440000000000,2290.10,2290.60,2290.10,2290.40,2269
1787209500000000000,2290.10,2290.90,2290.10,2290.80,2211
1787209560000000000,2290.80,2291.50,2290.10,2290.30,3695
1787209620000000000,2290.10,2290.90,2290.10,2290.80,1838
1787209680000000000,2290.19,2291.40,2290.19,2291.19,1383
1787209740000000000,2291.19,2291.80,2290.80,2291.40,3859
1787209800000000000,2290.80,2292.50,2290.80,2291.19,3149
1787209860000000000,2291.19,2291.90,2290.80,2290.80,2010
1787209920000000000,2291.00,2291.19,2289.80,2290.30,4919
1787209980000000000,2290.30,2293.19,2290.19,2293.00,11264
1787210040000000000,2293.00,2294.40,2290.69,2292.00,18888
1787210100000000000,2292.00,2293.00,2292.00,2292.50,7061
1787210160000000000,2292.50,2295.50,2292.19,2294.19,17768
1787210220000000000,2294.19,2296.40,2294.19,2295.30,4398
1787210280000000000,2295.40,2297.60,2295.40,2297.10,6529
1787210340000000000,2296.30,2297.30,2294.90,2296.50,19252
1787210400000000000,2296.00,2297.00,2295.19,2296.90,7028
1787210460000000000,2296.40,2297.50,2295.90,2297.40,3171
1787210520000000000,2297.40,2298.80,2297.40,2298.30,8034
1787210580000000000,2298.00,2299.00,2297.00,2298.19,10602
1787210640000000000,2297.40,2298.19,2296.90,2297.69,3480
1787210700000000000,2297.00,2297.69,2295.00,2295.50,12431
1787210760000000000,2295.50,2296.80,2294.40,2295.69,6268
1787210820000000000,2294.80,2300.10,2294.80,2299.30,68039
1787210880000000000,2298.69,2299.30,2296.80,2299.10,10177
1787210940000000000,2298.40,2299.30,2297.90,2298.69,6381
1787211000000000000,2298.60,2299.00,2298.00,2298.30,5485
1787211060000000000,2298.30,2299.19,2298.30,2298.50,2960
1787211120000000000,2298.40,2300.00,2298.00,2299.40,9610
1787211180000000000,2299.30,2300.00,2298.69,2299.30,5104
1787211240000000000,2299.00,2299.30,2297.10,2298.00,2869
1787211300000000000,2297.80,2298.00,2296.80,2297.50,3448
1787211360000000000,2296.90,2297.50,2295.69,2295.90,3044
1787211420000000000,2296.60,2297.50,2295.69,2297.00,4277
1787211480000000000,2296.80,2299.00,2296.10,2297.80,6286
1787211540000000000,2297.40,2299.90,2296.50,2299.50,4615
1787211600000000000,2299.00,2300.69,2298.80,2300.00,7758
1787211660000000000,2299.19,2300.00,2297.10,2298.60,4296
1787211720000000000,2298.10,2298.60,2296.19,2297.10,6929
1787211780000000000,2297.00,2301.30,2296.80,2301.30,5038
1787211840000000000,2301.30,2304.00,2301.19,2303.00,7907
1787211900000000000,2302.40,2303.00,2301.80,2302.90,3577
1787211960000000000,2302.69,2303.00,2302.30,2302.80,1960
1787212020000000000,2302.50,2302.80,2301.00,2301.90,1629
1787212080000000000,2301.40,2302.80,2301.30,2302.50,2433
1787212140000000000,2302.50,2303.00,2301.69,2302.90,4558
1787212200000000000,2302.10,2303.90,2302.10,2303.80,5255
1787212260000000000,2303.60,2303.90,2302.69,2303.90,2267
1787212320000000000,2303.69,2303.90,2303.00,2303.40,3857
1787212380000000000,2303.00,2303.90,2303.00,2303.40,2514
1787212440000000000,2303.30,2303.80,2302.30,2303.50,5588
1787212500000000000,2303.19,2303.90,2302.90,2303.90,2735
1787212560000000000,2303.60,2303.90,2301.80,2302.30,2402
1787212620000000000,2302.30,2303.80,2302.19,2302.90,4005
1787212680000000000,2302.40,2303.69,2301.50,2303.69,4663
1787212740000000000,2303.50,2305.69,2303.40,2305.50,16137
1787212800000000000,2305.30,2305.50,2304.90,2305.19,3046
1787212860000000000,2305.00,2305.19,2304.90,2304.90,1471
1787212920000000000,2304.90,2305.50,2304.50,2305.40,4820
1787212980000000000,2305.40,2305.50,2305.00,2305.30,1928
1787213040000000000,2305.30,2305.40,2304.00,2305.00,3221
1787213100000000000,2305.00,2305.00,2303.90,2304.50,5961
1787213160000000000,2304.50,2305.30,2304.50,2305.19,3588
1787213220000000000,2305.19,2305.30,2304.00,2304.90,3361
1787213280000000000,2304.80,2304.90,2304.10,2304.60,3027
1787213340000000000,2304.10,2304.90,2304.00,2304.80,3561
1787213400000000000,2304.69,2305.50,2304.10,2305.50,4157
1787213460000000000,2305.40,2305.60,2305.30,2305.60,3000
1787213520000000000,2305.40,2305.90,2304.50,2305.00,6257
1787213580000000000,2304.60,2305.69,2304.60,2305.00,2487
1787213640000000000,2304.90,2305.80,2304.90,2305.60,1350
1787213700000000000,2305.40,2305.60,2304.69,2305.30,1735
1787213760000000000,2305.30,2305.69,2304.80,2305.50,1842
1787213820000000000,2305.00,2305.50,2304.60,2305.30,1234
1787213880000000000,2304.69,2306.30,2304.00,2306.19,8443
1787213940000000000,2306.19,2306.80,2306.00,2306.60,2720
1787214000000000000,2306.60,2306.69,2305.00,2305.00,7275
1787214060000000000,2305.00,2305.00,2303.90,2304.40,6116
1787214120000000000,2303.90,2304.80,2302.00,2302.90,9922
1787214180000000000,2302.00,2303.10,2302.00,2302.80,2613
1787214240000000000,2302.19,2302.80,2302.19,2302.50,1553
1787214300000000000,2302.40,2302.69,2301.10,2301.30,2651
1787214360000000000,2301.30,2302.80,2301.30,2301.90,2972
1787214420000000000,2301.80,2302.30,2301.00,2302.00,4506
1787214480000000000,2301.19,2302.19,2299.90,2301.00,10352
1787214540000000000,2300.40,2302.00,2300.30,2301.50,5332
1787214600000000000,2301.50,2302.00,2301.00,2301.30,1992
1787214660000000000,2301.30,2301.90,2300.80,2301.50,909
1787214720000000000,2301.10,2301.50,2300.80,2300.80,1323
1787214780000000000,2300.80,2301.00,2298.19,2299.40,13667
1787214840000000000,2299.40,2300.00,2298.69,2299.80,4155
1787214900000000000,2299.10,2299.80,2296.40,2298.40,12362
1787214960000000000,2298.40,2300.80,2298.30,2299.69,9559
1787215020000000000,2299.00,2299.90,2298.00,2299.69,1840
1787215080000000000,2299.69,2300.90,2299.19,2300.00,2979
1787215140000000000,2299.90,2301.00,2299.19,2299.90,2483
1787215200000000000,2299.90,2300.60,2299.19,2299.80,2886
1787215260000000000,2299.80,2300.50,2298.60,2299.90,2822
1787215320000000000,2299.90,2301.00,2299.10,2300.00,2513
1787215380000000000,2300.00,2300.60,2299.30,2299.69,2625
1787215440000000000,2299.69,2300.10,2299.69,2300.00,870
1787215500000000000,2299.90,2300.00,2299.00,2299.50,1439
1787215560000000000,2299.40,2299.50,2298.60,2298.60,1103
1787215620000000000,2298.60,2300.50,2298.50,2299.10,1813
1787215680000000000,2299.10,2301.00,2299.00,2300.19,4427
1787215740000000000,2299.80,2301.50,2299.69,2301.00,7149
1787215800000000000,2300.60,2301.50,2299.50,2300.00,6956
1787215860000000000,2299.80,2301.00,2298.30,2300.00,8089
1787215920000000000,2299.90,2300.90,2299.60,2300.60,3127
1787215980000000000,2300.00,2300.80,2299.69,2300.19,2383
1787216040000000000,2299.80,2301.40,2298.40,2300.00,12098
1787216100000000000,2299.40,2300.80,2299.30,2300.30,2094
1787216160000000000,2299.80,2300.10,2298.40,2300.00,1908
1787216220000000000,2300.00,2301.10,2299.00,2300.19,6931
1787216280000000000,2299.69,2301.19,2299.40,2299.80,3016
1787216340000000000,2299.80,2301.50,2299.30,2300.60,7005
1787216400000000000,2299.90,2300.60,2299.00,2299.40,877
1787216460000000000,2299.00,2299.80,2299.00,2299.40,1445
1787216520000000000,2299.30,2299.90,2298.19,2298.50,2120
1787216580000000000,2298.40,2299.00,2297.00,2297.50,1050
1787216640000000000,2297.10,2297.60,2295.90,2297.60,6296
1787216700000000000,2297.60,2298.40,2297.10,2297.50,1966
1787216760000000000,2297.10,2298.00,2296.80,2297.69,1628
1787216820000000000,2298.00,2298.80,2296.80,2296.80,3141
1787216880000000000,2296.80,2297.50,2296.19,2296.90,3006
1787216940000000000,2296.80,2296.90,2296.10,2296.19,2652
1787217000000000000,2296.19,2297.40,2296.19,2296.60,3750
1787217060000000000,2296.40,2297.40,2295.19,2296.19,2622
1787217120000000000,2296.19,2297.00,2296.10,2296.30,3999
1787217180000000000,2296.30,2296.90,2296.30,2296.60,1678
1787217240000000000,2296.30,2296.60,2296.00,2296.19,1133
1787217300000000000,2296.19,2296.40,2295.30,2296.00,3707
1787217360000000000,2296.00,2296.40,2295.10,2295.19,8423
1787217420000000000,2295.19,2296.00,2294.10,2294.50,9205
1787217480000000000,2294.50,2295.00,2294.00,2294.69,2565
1787217540000000000,2294.30,2294.90,2294.00,2294.00,3233
1787217600000000000,2294.40,2296.00,2294.00,2295.80,14263
1787217660000000000,2295.30,2296.30,2294.69,2295.50,14820
1787217720000000000,2294.90,2295.19,2294.00,2294.40,4143
1787217780000000000,2294.00,2294.40,2293.00,2293.30,4746
1787217840000000000,2293.10,2295.00,2293.00,2294.30,12032
1787217900000000000,2293.80,2294.80,2293.10,2294.00,2499
1787217960000000000,2293.90,2294.80,2293.19,2294.30,2650
1787218020000000000,2294.30,2295.00,2293.50,2294.19,4713
1787218080000000000,2294.19,2295.00,2293.40,2294.40,3238
1787218140000000000,2294.40,2294.80,2293.60,2293.90,3215
1787218200000000000,2294.50,2294.60,2293.60,2294.00,2747
1787218260000000000,2293.90,2294.00,2293.50,2293.50,4898
1787218320000000000,2293.50,2293.90,2293.30,2293.69,4665
1787218380000000000,2293.69,2294.00,2292.30,2292.80,10711
1787218440000000000,2292.80,2294.00,2292.50,2294.00,9120
1787218500000000000,2293.50,2293.90,2291.10,2291.80,13563
1787218560000000000,2291.69,2292.90,2291.19,2292.00,13143
1787218620000000000,2291.90,2292.00,2290.60,2291.00,16773
1787218680000000000,2291.00,2291.60,2290.60,2291.30,15660
1787218740000000000,2290.80,2293.00,2290.40,2290.60,28758
1787218800000000000,2291.00,2291.90,2290.00,2290.00,26665
1787218860000000000,2290.50,2291.30,2289.80,2290.00,17683
1787218920000000000,2289.90,2291.60,2288.10,2290.80,34172
1787218980000000000,2290.30,2291.50,2289.10,2290.10,20550
1787219040000000000,2291.00,2291.60,2289.00,2290.40,18500
1787219100000000000,2290.40,2290.40,2290.40,2290.40,0
1787219160000000000,2290.40,2290.40,2290.40,2290.40,0
1787219220000000000,2290.40,2290.40,2290.40,2290.40,0
1787219280000000000,2290.40,2290.40,2290.40,2290.40,0
1787219340000000000,2290.40,2290.40,2290.40,2290.40,0
1787219400000000000,2290.40,2290.40,2290.40,2290.40,0
1787219460000000000,2290.40,2290.40,2290.40,2290.40,0
1787219520000000000,2290.40,2290.40,2290.40,2290.40,0
1787219580000000000,2290.40,2290.40,2290.40,2290.40,0
1787219640000000000,2290.40,2290.40,2290.40,2290.40,0
1787219700000000000,2290.40,2290.40,2290.40,2290.40,0
1787219760000000000,2290.40,2290.40,2290.40,2290.40,0
1787219820000000000,2290.40,2290.40,2290.40,2290.40,0
1787219880000000000,2290.40,2290.40,2290.40,2290.40,0
1787219940000000000,2298.00,2298.00,2298.00,2298.00,53401
1787283900000000000,2290.10,2292.00,2281.10,2281.50,32451
1787283960000000000,2282.70,2284.00,2279.00,2280.40,19631
1787284020000000000,2280.50,2280.50,2277.10,2277.90,11156
1787284080000000000,2278.10,2278.80,2275.00,2275.30,13010
1787284140000000000,2276.00,2276.90,2275.10,2275.20,7931
1787284200000000000,2275.70,2276.10,2273.00,2273.80,16850
1787284260000000000,2273.70,2274.40,2271.70,2272.70,12569
1787284320000000000,2272.80,2272.80,2269.00,2269.00,14648
1787284380000000000,2269.60,2270.90,2268.00,2269.90,14956
1787284440000000000,2270.50,2272.40,2269.00,2270.00,9090
1787284500000000000,2270.00,2270.00,2267.00,2268.90,12603
1787284560000000000,2268.90,2269.40,2268.00,2269.00,7473
1787284620000000000,2269.00,2269.00,2266.20,2268.30,15389
1787284680000000000,2267.80,2269.60,2266.30,2267.00,11646
1787284740000000000,2267.00,2268.10,2266.10,2267.00,5628
1787284800000000000,2268.00,2268.10,2266.00,2267.00,11620
1787284860000000000,2267.40,2267.40,2265.50,2266.00,9206
1787284920000000000,2265.50,2266.90,2265.30,2266.00,5719
1787284980000000000,2266.00,2266.10,2263.50,2264.30,17472
1787285040000000000,2264.00,2265.80,2263.30,2265.20,5016
1787285100000000000,2265.80,2268.30,2264.80,2267.20,8768
1787285160000000000,2268.10,2268.10,2266.00,2267.10,5789
1787285220000000000,2266.30,2267.50,2265.10,2265.50,4318
1787285280000000000,2266.00,2266.00,2264.10,2265.90,6511
1787285340000000000,2265.80,2267.60,2265.50,2266.30,5839
1787285400000000000,2266.50,2269.20,2265.80,2268.80,5231
1787285460000000000,2268.80,2271.00,2268.30,2271.00,13221
1787285520000000000,2271.00,2273.00,2269.80,2271.70,9312
1787285580000000000,2272.20,2272.50,2271.60,2272.10,4474
1787285640000000000,2272.10,2272.50,2270.80,2272.50,5983
1787285700000000000,2272.50,2273.00,2271.80,2273.00,10945
1787285760000000000,2272.60,2275.10,2272.30,2272.60,20447
1787285820000000000,2272.70,2275.30,2272.20,2274.30,9116
1787285880000000000,2273.50,2276.80,2273.00,2276.00,18366
1787285940000000000,2275.80,2277.60,2275.40,2276.10,12186
1787286000000000000,2276.10,2277.50,2276.00,2277.40,8054
1787286060000000000,2277.50,2282.00,2277.00,2281.60,19346
1787286120000000000,2281.60,2284.00,2281.40,2282.40,11280
1787286180000000000,2282.50,2288.60,2282.00,2287.30,18228
1787286240000000000,2287.30,2289.90,2286.50,2288.30,20751
1787286300000000000,2288.00,2288.80,2286.00,2286.30,10574
1787286360000000000,2287.00,2287.00,2283.40,2285.30,10086
1787286420000000000,2285.30,2287.00,2285.00,2285.80,4496
1787286480000000000,2285.60,2288.00,2285.60,2288.00,5380
1787286540000000000,2288.00,2288.00,2285.90,2286.20,2791
1787286600000000000,2285.70,2286.40,2284.60,2285.00,5789
1787286660000000000,2285.00,2285.40,2282.60,2285.00,5529
1787286720000000000,2284.60,2285.30,2283.00,2283.50,5729
1787286780000000000,2284.00,2286.00,2283.30,2285.90,5329
1787286840000000000,2285.80,2286.00,2284.60,2285.60,1680
1787286900000000000,2285.30,2285.70,2283.60,2285.00,4303
1787286960000000000,2285.00,2288.40,2284.40,2288.00,10278
1787287020000000000,2288.00,2288.00,2285.50,2285.60,5263
1787287080000000000,2286.60,2287.70,2285.00,2285.20,2861
1787287140000000000,2285.00,2287.00,2284.40,2287.00,2287
1787287200000000000,2286.40,2287.40,2285.40,2286.90,2626
1787287260000000000,2286.90,2289.50,2286.40,2289.50,6267
1787287320000000000,2289.60,2291.30,2288.60,2291.00,12782
1787287380000000000,2290.20,2291.30,2289.00,2289.70,4552
1787287440000000000,2289.70,2289.90,2287.50,2288.00,5535
1787287500000000000,2287.50,2288.20,2285.10,2287.00,5162
1787287560000000000,2286.50,2287.80,2286.00,2287.50,2809
1787287620000000000,2287.50,2288.00,2287.10,2288.00,2942
1787287680000000000,2287.70,2288.10,2287.10,2287.40,1753
1787287740000000000,2287.00,2288.00,2286.40,2286.70,1587
1787287800000000000,2287.60,2288.70,2286.80,2288.20,7171
1787287860000000000,2288.20,2292.00,2288.00,2292.00,12893
1787287920000000000,2292.00,2293.00,2292.00,2292.50,8902
1787287980000000000,2292.40,2296.70,2292.10,2296.00,14015
1787288040000000000,2296.00,2297.00,2295.00,2296.20,6491
1787288100000000000,2296.20,2296.20,2293.30,2294.60,3637
1787288160000000000,2294.60,2297.40,2294.10,2297.10,5928
1787288220000000000,2297.10,2297.60,2294.10,2294.70,7610
1787288280000000000,2294.00,2295.10,2294.00,2294.70,2313
1787288340000000000,2294.70,2297.70,2294.10,2296.00,14631
1787288400000000000,2296.70,2296.90,2295.30,2295.80,2020
1787288460000000000,2295.40,2298.80,2294.80,2297.60,9121
1787288520000000000,2297.60,2298.30,2296.20,2296.80,2910
1787288580000000000,2296.80,2299.90,2296.30,2299.10,8449
1787288640000000000,2299.30,2300.00,2298.60,2300.00,4537
1787288700000000000,2299.90,2300.00,2297.60,2298.30,7732
1787288760000000000,2298.60,2300.00,2298.60,2299.30,4479
1787288820000000000,2298.60,2299.30,2295.80,2297.30,4911
1787288880000000000,2296.80,2298.30,2295.90,2297.10,3830
1787288940000000000,2297.10,2297.70,2293.70,2295.00,3490
1787289000000000000,2294.40,2296.20,2292.90,2294.90,7197
1787289060000000000,2294.90,2295.90,2294.10,2295.30,2561
1787289120000000000,2294.60,2296.00,2294.60,2296.00,1286
1787289180000000000,2295.20,2297.50,2295.20,2297.00,1096
1787289240000000000,2296.80,2296.80,2293.30,2293.40,3779
1787289300000000000,2293.50,2296.70,2293.40,2294.60,1427
1787289360000000000,2295.70,2296.50,2295.00,2295.90,1111
1787289420000000000,2295.70,2295.70,2293.50,2294.20,1404
1787289480000000000,2294.30,2295.10,2292.00,2293.70,10916
1787289540000000000,2293.10,2294.70,2293.10,2294.00,1481
1787289600000000000,2294.10,2294.30,2293.10,2293.30,1481
1787289660000000000,2294.00,2294.00,2291.50,2293.00,2765
1787289720000000000,2293.00,2293.80,2292.50,2292.70,1252
1787289780000000000,2293.20,2294.00,2293.20,2293.90,1881
1787289840000000000,2294.00,2296.80,2294.00,2296.00,3292
1787289900000000000,2296.00,2297.70,2295.80,2297.60,2770
1787289960000000000,2297.10,2298.00,2297.00,2297.10,3732
1787290020000000000,2297.60,2297.60,2295.10,2295.70,1716
1787290080000000000,2295.20,2295.90,2294.40,2295.30,2091
1787290140000000000,2295.30,2298.00,2295.00,2298.00,2193
1787290200000000000,2298.00,2298.00,2295.50,2297.40,1101
1787290260000000000,2297.60,2298.50,2297.00,2298.50,1288
1787290320000000000,2298.70,2298.70,2295.70,2297.00,2021
1787290380000000000,2296.40,2297.60,2296.30,2297.50,1488
1787290440000000000,2297.00,2297.60,2296.50,2297.60,1000
1787290500000000000,2297.60,2297.60,2296.40,2297.50,738
1787290560000000000,2296.80,2297.50,2296.10,2296.50,583
1787290620000000000,2296.50,2297.00,2295.40,2296.40,619
1787290680000000000,2295.50,2297.00,2295.50,2296.00,727
1787290740000000000,2296.70,2297.60,2296.10,2297.60,2693
1787290800000000000,2296.50,2297.60,2296.30,2297.00,617
1787290860000000000,2297.30,2297.60,2296.50,2297.50,898
1787290920000000000,2297.50,2297.90,2297.00,2297.90,958
1787290980000000000,2298.00,2299.20,2297.50,2297.50,3488
1787291040000000000,2298.00,2299.80,2297.90,2299.70,2564
1787291100000000000,2299.80,2300.00,2298.00,2298.80,2652
1787291160000000000,2298.80,2301.90,2298.10,2301.00,8040
1787291220000000000,2301.30,2302.00,2300.10,2301.40,5634
1787291280000000000,2301.50,2301.90,2300.00,2300.60,2986
1787291340000000000,2300.50,2300.80,2298.40,2298.90,3538
1787291400000000000,2298.80,2300.10,2298.80,2300.10,2577
1787291460000000000,2300.50,2300.50,2299.50,2299.60,1932
1787291520000000000,2299.60,2300.00,2297.00,2297.30,2298
1787291580000000000,2297.30,2298.90,2297.10,2298.50,1435
1787291640000000000,2298.10,2299.90,2298.10,2299.90,849
1787291700000000000,2299.90,2299.90,2297.00,2297.90,1547
1787291760000000000,2297.90,2299.50,2297.60,2299.50,1425
1787291820000000000,2299.50,2299.60,2298.20,2299.10,2503
1787291880000000000,2299.30,2299.30,2298.30,2299.00,1107
1787291940000000000,2299.30,2299.30,2298.00,2298.60,1372
1787292000000000000,2298.60,2299.00,2298.10,2298.10,1294
1787292060000000000,2298.10,2298.90,2298.00,2298.00,1057
1787292120000000000,2297.40,2298.70,2296.10,2298.20,4247
1787292180000000000,2298.60,2301.50,2298.20,2300.60,5195
1787292240000000000,2300.40,2301.40,2300.40,2300.50,2138
1787292300000000000,2300.50,2303.80,2300.00,2303.50,11069
1787292360000000000,2303.50,2304.80,2300.70,2300.70,7506
1787292420000000000,2300.70,2302.80,2300.00,2302.20,1736
1787292480000000000,2302.00,2302.60,2300.70,2301.80,1192
1787292540000000000,2301.80,2301.80,2300.00,2300.00,2084
1787292600000000000,2300.50,2300.60,2300.00,2300.30,929
1787292660000000000,2300.30,2300.80,2299.90,2300.70,21523
1787292720000000000,2300.10,2300.50,2299.50,2300.00,24269
1787292780000000000,2300.00,2300.10,2300.00,2300.00,10375
1787292840000000000,2300.00,2300.10,2297.10,2298.00,9736
1787292900000000000,2298.90,2299.70,2297.30,2299.70,2661
1787292960000000000,2299.00,2302.00,2297.90,2302.00,4594
1787293020000000000,2302.00,2302.90,2301.80,2302.50,1682
1787293080000000000,2301.90,2302.50,2301.90,2302.00,491
1787293140000000000,2302.50,2302.90,2301.30,2302.20,3453
1787293200000000000,2302.80,2303.50,2302.10,2302.70,3650
1787293260000000000,2302.60,2302.90,2302.00,2302.40,1059
1787293320000000000,2302.40,2302.90,2301.30,2302.70,6522
1787293380000000000,2302.60,2303.00,2302.00,2302.30,13472
1787293440000000000,2302.40,2304.90,2302.30,2304.00,6117
1787293500000000000,2304.00,2304.80,2303.70,2304.00,2745
1787293560000000000,2304.40,2304.50,2303.40,2303.70,4231
1787293620000000000,2303.70,2306.60,2303.50,2305.90,8988
1787293680000000000,2305.90,2307.20,2305.50,2306.10,8584
1787293740000000000,2306.10,2306.40,2305.00,2305.40,5473
1787293800000000000,2305.40,2306.40,2304.60,2304.60,1655
1787293860000000000,2305.00,2306.20,2304.60,2306.00,1662
1787293920000000000,2306.00,2306.60,2304.50,2305.40,4482
1787293980000000000,2305.40,2305.70,2303.40,2303.70,1547
1787294040000000000,2303.80,2305.20,2303.60,2304.10,2476
1787294100000000000,2304.20,2305.60,2304.20,2305.00,2242
1787294160000000000,2304.50,2305.40,2304.50,2305.40,1496
1787294220000000000,2305.20,2305.40,2304.00,2304.40,2651
1787294280000000000,2304.20,2304.60,2303.60,2304.30,1517
1787294340000000000,2303.80,2304.10,2302.50,2303.90,3471
1787294400000000000,2303.90,2304.00,2302.60,2303.10,2616
1787294460000000000,2303.60,2303.80,2303.00,2303.80,1391
1787294520000000000,2303.80,2304.00,2303.70,2303.80,3385
1787294580000000000,2304.00,2304.50,2303.80,2304.10,682
1787294640000000000,2304.10,2305.00,2303.80,2304.80,1956
1787294700000000000,2304.80,2305.60,2304.20,2304.80,2590
1787294760000000000,2304.80,2305.00,2302.40,2302.40,2051
1787294820000000000,2302.40,2303.40,2302.40,2303.00,1276
1787294880000000000,2302.90,2303.50,2302.20,2303.10,3277
1787294940000000000,2303.10,2303.70,2303.10,2303.60,759
1787295000000000000,2303.70,2305.00,2303.70,2304.90,2189
1787295060000000000,2305.00,2306.00,2304.70,2305.40,2339
1787295120000000000,2305.20,2305.90,2304.70,2304.90,1320
1787295180000000000,2304.90,2305.50,2304.50,2304.50,1033
1787295240000000000,2304.50,2305.40,2304.20,2305.00,882
1787295300000000000,2305.00,2305.40,2304.20,2305.40,1611
1787295360000000000,2305.40,2305.50,2305.20,2305.40,627
1787295420000000000,2305.30,2305.50,2304.70,2305.10,768
1787295480000000000,2304.70,2305.10,2303.20,2303.50,760
1787295540000000000,2303.60,2304.70,2303.40,2303.80,545
1787295600000000000,2304.50,2304.70,2303.90,2304.40,708
1787295660000000000,2304.40,2304.80,2303.80,2304.40,1028
1787295720000000000,2304.70,2304.70,2303.80,2303.90,682
1787295780000000000,2304.10,2304.70,2303.70,2303.70,1006
1787295840000000000,2303.70,2304.50,2303.20,2303.90,1329
1787295900000000000,2304.00,2304.70,2303.60,2304.00,1029
1787295960000000000,2304.50,2304.50,2303.30,2304.30,1490
1787296020000000000,2304.20,2304.30,2303.40,2303.40,791
1787296080000000000,2303.20,2304.50,2302.60,2304.50,2125
1787296140000000000,2304.50,2305.00,2303.50,2304.60,2352
1787296200000000000,2304.00,2305.10,2303.80,2305.10,986
1787296260000000000,2304.90,2305.00,2304.00,2304.00,1006
1787296320000000000,2304.00,2304.30,2303.00,2303.00,1722
1787296380000000000,2303.30,2304.30,2303.00,2303.70,931
1787296440000000000,2303.30,2304.00,2303.20,2303.60,644
1787296500000000000,2303.60,2305.00,2303.30,2304.40,1430
1787296560000000000,2305.00,2305.00,2304.50,2304.60,1085
1787296620000000000,2304.60,2304.90,2303.60,2303.90,1453
1787296680000000000,2303.80,2304.50,2303.70,2304.40,582
1787296740000000000,2304.20,2304.40,2304.00,2304.20,642
1787296800000000000,2303.90,2304.80,2303.40,2304.40,1879
1787296860000000000,2303.80,2304.50,2303.80,2304.50,1158
1787296920000000000,2303.90,2304.50,2303.10,2304.40,2601
1787296980000000000,2304.40,2304.40,2303.70,2304.30,904
1787297040000000000,2304.00,2304.30,2303.60,2303.60,1039
1787297100000000000,2303.60,2304.00,2303.40,2304.00,797
1787297160000000000,2304.00,2304.90,2303.50,2304.90,2436
1787297220000000000,2304.50,2305.00,2304.50,2304.50,1232
1787297280000000000,2304.80,2305.00,2304.30,2304.90,615
1787297340000000000,2304.70,2305.90,2304.70,2305.50,940
1787297400000000000,2305.50,2306.00,2305.50,2305.70,1968
1787297460000000000,2305.70,2306.00,2305.50,2305.60,1644
1787297520000000000,2305.60,2306.00,2305.00,2305.00,1846
1787297580000000000,2305.20,2305.30,2304.00,2304.30,2027
1787297640000000000,2304.20,2305.00,2304.20,2304.80,660
1787297700000000000,2305.30,2305.90,2305.00,2305.30,725
1787297760000000000,2305.30,2306.00,2305.30,2306.00,4153
1787297820000000000,2305.80,2306.00,2304.60,2304.60,1586
1787297880000000000,2304.60,2305.10,2304.60,2304.60,740
1787297940000000000,2304.60,2304.70,2304.00,2304.00,668
1787298000000000000,2304.00,2304.70,2302.80,2303.50,1615
1787298060000000000,2303.50,2304.10,2303.00,2304.00,1096
1787298120000000000,2304.00,2304.50,2303.70,2304.50,2842
1787298180000000000,2304.20,2304.70,2304.00,2304.60,512
1787298240000000000,2304.60,2304.70,2303.60,2303.60,904
1787298300000000000,2303.60,2304.40,2303.60,2303.60,595
1787298360000000000,2303.60,2304.00,2303.60,2303.70,621
1787298420000000000,2303.70,2306.00,2303.70,2305.70,7838
1787298480000000000,2305.70,2306.00,2305.70,2306.00,286
1787298540000000000,2305.80,2306.00,2305.00,2305.70,1230
1787298600000000000,2305.00,2305.20,2304.10,2304.10,1242
1787298660000000000,2304.10,2304.50,2302.60,2302.60,1641
1787298720000000000,2302.60,2303.20,2302.50,2302.50,526
1787298780000000000,2302.50,2302.60,2302.00,2302.00,4741
1787298840000000000,2302.10,2302.50,2302.00,2302.20,5026
1787298900000000000,2302.00,2302.30,2302.00,2302.10,4217
1787298960000000000,2302.00,2302.10,2300.60,2301.50,16390
1787299020000000000,2301.60,2301.60,2300.10,2300.90,2555
1787299080000000000,2300.40,2301.60,2300.40,2301.60,1848
1787299140000000000,2301.60,2302.60,2301.40,2302.30,1036
1787299200000000000,2302.30,2302.80,2302.30,2302.60,668
1787299260000000000,2302.80,2302.90,2302.00,2302.00,799
1787299320000000000,2302.00,2302.50,2302.00,2302.00,3676
1787299380000000000,2302.00,2302.30,2302.00,2302.00,3668
1787299440000000000,2302.00,2302.30,2302.00,2302.00,1033
1787299500000000000,2302.00,2302.10,2299.10,2300.20,24798
1787299560000000000,2300.20,2300.20,2296.20,2296.60,11202
1787299620000000000,2296.50,2296.60,2295.20,2296.10,8750
1787299680000000000,2296.10,2296.60,2295.10,2295.10,5231
1787299740000000000,2295.10,2295.50,2295.00,2295.10,6030
1787299800000000000,2295.10,2298.40,2295.10,2296.00,10308
1787299860000000000,2295.80,2296.00,2295.00,2295.00,3703
1787299920000000000,2295.00,2295.50,2294.90,2295.00,4238
1787299980000000000,2295.00,2295.50,2294.00,2294.60,5043
1787300040000000000,2294.30,2296.10,2293.80,2294.70,8587
1787300100000000000,2294.80,2296.30,2294.50,2294.60,3646
1787300160000000000,2294.60,2295.30,2294.20,2294.50,4112
1787300220000000000,2294.50,2295.00,2294.20,2294.20,3716
1787300280000000000,2294.20,2294.60,2294.00,2294.00,3610
1787300340000000000,2294.00,2294.60,2293.40,2293.80,4170
1787300400000000000,2293.50,2294.10,2293.40,2293.90,4550
1787300460000000000,2294.00,2294.60,2293.50,2294.60,3582
1787300520000000000,2293.90,2294.90,2293.40,2293.40,4119
1787300580000000000,2293.40,2294.70,2293.30,2293.60,4304
1787300640000000000,2293.60,2294.60,2293.40,2294.20,3573
1787300700000000000,2294.60,2296.00,2293.90,2295.60,4397
1787300760000000000,2295.30,2295.50,2294.60,2295.10,3427
1787300820000000000,2295.30,2295.60,2294.50,2295.00,3285
1787300880000000000,2295.00,2295.10,2293.10,2293.50,3514
1787300940000000000,2293.50,2298.30,2293.10,2296.30,39085
1787301000000000000,2295.60,2295.90,2293.50,2294.00,31268
1787301060000000000,2294.00,2294.60,2292.50,2292.90,5945
1787301120000000000,2292.90,2293.40,2289.50,2290.00,42777
1787301180000000000,2289.60,2291.50,2289.60,2290.90,21947
1787301240000000000,2290.90,2291.00,2288.20,2289.30,12992
1787301300000000000,2289.30,2290.90,2289.20,2290.90,3999
1787301360000000000,2290.10,2290.90,2289.90,2290.40,1173
1787301420000000000,2290.50,2290.60,2289.80,2290.00,5794
1787301480000000000,2290.00,2290.00,2289.90,2290.00,2170
1787301540000000000,2290.00,2290.90,2289.00,2290.90,13025
1787301600000000000,2290.90,2291.50,2288.10,2291.20,13236
1787301660000000000,2291.50,2291.60,2290.20,2291.30,2938
1787301720000000000,2291.00,2292.30,2291.00,2292.30,2957
1787301780000000000,2292.20,2293.20,2292.10,2292.60,2721
1787301840000000000,2292.60,2292.60,2289.00,2289.10,18733
1787301900000000000,2289.70,2290.40,2289.10,2290.40,2329
1787301960000000000,2289.70,2290.80,2287.90,2290.00,7628
1787302020000000000,2289.90,2290.40,2289.20,2290.40,5648
1787302080000000000,2289.60,2290.60,2287.20,2287.20,64951
1787302140000000000,2287.90,2290.00,2287.90,2289.50,16180
1787302200000000000,2289.50,2289.50,2287.60,2288.90,2292
1787302260000000000,2288.90,2289.50,2288.00,2289.50,1985
1787302320000000000,2290.00,2292.20,2289.50,2291.50,5861
1787302380000000000,2291.50,2292.30,2291.40,2291.90,1003
1787302440000000000,2291.50,2292.70,2291.50,2292.00,2195
1787302500000000000,2292.00,2292.90,2291.50,2291.70,4000
1787302560000000000,2291.70,2292.40,2291.50,2291.70,1505
1787302620000000000,2291.70,2292.30,2291.70,2291.90,563
1787302680000000000,2291.70,2292.10,2291.60,2291.60,1233
1787302740000000000,2291.60,2292.40,2291.60,2292.00,630
1787302800000000000,2292.00,2293.20,2292.00,2292.40,3312
1787302860000000000,2292.20,2292.90,2292.20,2292.60,734
1787302920000000000,2292.30,2293.20,2292.30,2292.60,1081
1787302980000000000,2292.60,2292.80,2291.60,2292.00,2530
1787303040000000000,2292.00,2292.50,2291.50,2292.50,810
1787303100000000000,2292.50,2292.80,2292.00,2292.40,1397
1787303160000000000,2292.40,2293.80,2292.40,2293.10,1705
1787303220000000000,2293.10,2293.80,2293.00,2293.30,1880
1787303280000000000,2293.30,2294.50,2293.30,2294.10,1807
1787303340000000000,2294.40,2294.60,2289.90,2292.30,25706
1787303400000000000,2292.00,2292.60,2289.60,2289.70,13229
1787303460000000000,2289.70,2291.00,2289.70,2289.80,2930
1787303520000000000,2290.70,2291.90,2289.80,2291.10,10205
1787303580000000000,2290.50,2291.90,2290.30,2291.80,3343
1787303640000000000,2291.30,2292.00,2290.40,2290.70,2523
1787303700000000000,2291.20,2293.90,2291.10,2293.40,3123
1787303760000000000,2293.80,2294.20,2292.80,2293.00,3544
1787303820000000000,2293.00,2293.40,2292.10,2293.00,2847
1787303880000000000,2293.00,2293.80,2292.90,2293.80,2501
1787303940000000000,2293.10,2293.50,2292.00,2292.40,2156
1787304000000000000,2292.40,2293.40,2290.90,2291.70,7276
1787304060000000000,2292.40,2295.40,2291.70,2294.90,9737
1787304120000000000,2294.90,2294.90,2292.30,2292.50,3349
1787304180000000000,2292.40,2292.90,2292.00,2292.50,3514
1787304240000000000,2292.30,2292.80,2291.70,2292.50,1951
1787304300000000000,2292.00,2292.80,2291.60,2292.60,2662
1787304360000000000,2292.50,2292.50,2291.50,2292.00,4108
1787304420000000000,2292.00,2292.40,2291.00,2291.40,7507
1787304480000000000,2291.40,2292.40,2290.60,2292.40,7145
1787304540000000000,2291.90,2292.30,2291.10,2291.40,3367
1787304600000000000,2291.40,2292.40,2290.60,2291.70,7043
1787304660000000000,2291.60,2292.40,2290.60,2292.40,8483
1787304720000000000,2291.60,2293.90,2291.40,2293.20,8851
1787304780000000000,2292.50,2293.30,2291.00,2291.80,7806
1787304840000000000,2291.80,2292.90,2291.50,2292.90,3857
1787304900000000000,2292.80,2295.30,2290.70,2295.00,27677
1787304960000000000,2295.10,2295.20,2293.50,2294.80,5086
1787305020000000000,2294.80,2295.00,2294.00,2294.70,7686
1787305080000000000,2294.60,2294.90,2294.20,2294.90,5707
1787305140000000000,2294.80,2295.00,2293.00,2293.90,8736
1787305200000000000,2293.30,2294.20,2292.20,2294.10,11781
1787305260000000000,2294.10,2294.30,2293.00,2293.60,7486
1787305320000000000,2293.30,2295.00,2292.00,2293.10,24474
1787305380000000000,2294.40,2294.60,2292.20,2293.20,6426
1787305440000000000,2294.00,2295.00,2292.10,2295.00,6940
1787305500000000000,2295.00,2295.00,2295.00,2295.00,0
1787305560000000000,2295.00,2295.00,2295.00,2295.00,0
1787305620000000000,2295.00,2295.00,2295.00,2295.00,0
1787305680000000000,2295.00,2295.00,2295.00,2295.00,0
1787305740000000000,2295.00,2295.00,2295.00,2295.00,0
1787305800000000000,2295.00,2295.00,2295.00,2295.00,0
1787305860000000000,2295.00,2295.00,2295.00,2295.00,0
1787305920000000000,2295.00,2295.00,2295.00,2295.00,0
1787305980000000000,2295.00,2295.00,2295.00,2295.00,0
1787306040000000000,2295.00,2295.00,2295.00,2295.00,0
1787306100000000000,2295.00,2295.00,2295.00,2295.00,0
1787306160000000000,2295.00,2295.00,2295.00,2295.00,0
1787306220000000000,2295.00,2295.00,2295.00,2295.00,0
1787306280000000000,2295.00,2295.00,2295.00,2295.00,0
1787306340000000000,2302.00,2302.00,2302.00,2302.00,95255
1787543100000000000,2302.40,2309.80,2293.30,2305.30,26364
1787543160000000000,2305.70,2306.90,2303.30,2306.30,6591
1787543220000000000,2306.10,2313.40,2305.60,2312.00,13283
1787543280000000000,2311.30,2315.00,2310.00,2313.50,15261
1787543340000000000,2313.00,2315.70,2312.10,2314.50,6986
1787543400000000000,2314.50,2315.80,2312.50,2313.60,5353
1787543460000000000,2313.00,2313.60,2311.00,2313.00,4198
1787543520000000000,2312.90,2314.90,2312.20,2312.60,4709
1787543580000000000,2312.60,2315.20,2312.00,2314.50,4660
1787543640000000000,2314.00,2317.00,2313.40,2314.30,9933
1787543700000000000,2314.10,2314.90,2312.10,2312.90,11292
1787543760000000000,2312.90,2313.50,2310.00,2311.00,4571
1787543820000000000,2310.80,2311.00,2308.60,2310.00,10138
1787543880000000000,2309.50,2309.50,2307.40,2308.20,3950
1787543940000000000,2308.20,2313.60,2307.70,2312.60,12981
1787544000000000000,2312.40,2319.00,2312.40,2319.00,20752
1787544060000000000,2318.50,2321.60,2314.00,2314.80,18874
1787544120000000000,2314.20,2318.00,2313.90,2318.00,8407
1787544180000000000,2317.60,2318.00,2316.00,2316.00,5491
1787544240000000000,2316.00,2316.30,2312.70,2314.80,5748
1787544300000000000,2314.20,2314.80,2313.20,2314.00,7058
1787544360000000000,2313.40,2317.70,2313.40,2317.30,8927
1787544420000000000,2316.40,2318.00,2316.40,2316.40,6184
1787544480000000000,2316.40,2316.70,2315.10,2316.00,4946
1787544540000000000,2315.70,2317.00,2314.70,2316.70,2834
1787544600000000000,2316.10,2318.60,2316.10,2318.10,5137
1787544660000000000,2318.10,2318.90,2316.50,2316.90,5594
1787544720000000000,2316.90,2317.70,2316.10,2317.00,2034
1787544780000000000,2316.40,2317.10,2316.10,2316.20,2623
1787544840000000000,2316.20,2317.00,2316.00,2317.00,2168
1787544900000000000,2317.00,2317.40,2315.20,2315.30,2568
1787544960000000000,2315.00,2315.50,2311.00,2312.00,7512
1787545020000000000,2311.70,2312.50,2311.60,2311.80,3197
1787545080000000000,2311.80,2311.80,2308.00,2308.50,5109
1787545140000000000,2308.20,2308.70,2305.10,2305.50,11399
1787545200000000000,2305.60,2307.90,2304.50,2305.10,8029
1787545260000000000,2305.10,2306.20,2304.60,2305.00,2550
1787545320000000000,2305.00,2305.60,2304.10,2304.70,5344
1787545380000000000,2304.50,2306.30,2304.20,2306.00,4399
1787545440000000000,2305.30,2306.00,2305.00,2305.90,1965
1787545500000000000,2305.30,2306.70,2305.00,2306.10,3316
1787545560000000000,2306.20,2308.10,2304.10,2304.10,6093
1787545620000000000,2305.10,2305.60,2303.80,2304.20,2680
1787545680000000000,2304.00,2304.50,2303.20,2304.50,2512
1787545740000000000,2304.20,2304.50,2304.10,2304.50,636
1787545800000000000,2304.10,2305.60,2304.00,2305.20,1318
1787545860000000000,2305.20,2305.30,2303.50,2304.00,4026
1787545920000000000,2303.80,2306.00,2303.60,2305.90,2327
1787545980000000000,2305.50,2306.20,2304.00,2304.40,2492
1787546040000000000,2304.00,2304.00,2303.10,2303.10,2363
1787546100000000000,2303.10,2303.90,2301.60,2302.70,4612
1787546160000000000,2301.90,2302.40,2300.10,2301.20,3109
1787546220000000000,2301.00,2302.10,2301.00,2301.40,1871
1787546280000000000,2301.30,2302.20,2300.30,2301.70,7006
1787546340000000000,2301.40,2303.40,2300.90,2303.20,2676
1787546400000000000,2303.20,2304.00,2302.50,2303.00,1593
1787546460000000000,2303.30,2304.80,2302.80,2303.70,2127
1787546520000000000,2303.80,2305.50,2303.80,2304.90,2236
1787546580000000000,2304.20,2306.00,2304.00,2305.20,3109
1787546640000000000,2305.20,2307.30,2305.20,2306.00,6573
1787546700000000000,2305.60,2306.70,2304.80,2305.40,3074
1787546760000000000,2305.70,2305.70,2303.50,2303.50,3041
1787546820000000000,2303.20,2303.40,2301.20,2302.00,3563
1787546880000000000,2302.00,2304.70,2301.20,2302.80,3502
1787546940000000000,2302.90,2302.90,2301.10,2301.70,2322
1787547000000000000,2301.00,2301.70,2298.60,2301.00,19591
1787547060000000000,2300.90,2302.30,2300.10,2301.00,3214
1787547120000000000,2300.40,2302.30,2300.20,2302.30,1933
1787547180000000000,2301.60,2302.30,2301.20,2301.80,1505
1787547240000000000,2301.20,2302.80,2301.20,2302.00,4034
1787547300000000000,2301.70,2302.70,2301.40,2301.50,1762
1787547360000000000,2301.50,2302.00,2300.40,2301.00,2418
1787547420000000000,2300.90,2302.10,2300.80,2301.20,1013
1787547480000000000,2301.00,2301.20,2300.00,2300.90,2331
1787547540000000000,2300.10,2302.00,2300.10,2300.80,2445
1787547600000000000,2300.50,2301.20,2300.10,2300.10,1601
1787547660000000000,2300.00,2300.90,2299.10,2299.60,1971
1787547720000000000,2299.60,2300.20,2299.10,2299.60,1519
1787547780000000000,2299.60,2301.00,2299.60,2300.00,1736
1787547840000000000,2300.00,2301.40,2299.70,2300.00,1840
1787547900000000000,2299.80,2301.40,2299.60,2301.40,1343
1787547960000000000,2301.10,2302.70,2300.60,2302.50,1671
1787548020000000000,2301.60,2303.90,2301.50,2303.50,6819
1787548080000000000,2303.50,2304.20,2303.00,2303.80,1552
1787548140000000000,2303.00,2303.60,2301.10,2302.20,2433
1787548200000000000,2301.60,2302.80,2301.30,2302.50,1009
1787548260000000000,2301.50,2302.40,2300.00,2300.70,2490
1787548320000000000,2300.10,2301.40,2299.70,2300.80,1530
1787548380000000000,2300.70,2302.90,2300.40,2302.90,1160
1787548440000000000,2302.50,2305.20,2302.50,2303.80,2683
1787548500000000000,2303.80,2304.80,2302.00,2302.30,2599
1787548560000000000,2302.00,2302.20,2300.40,2301.60,2340
1787548620000000000,2301.60,2302.30,2300.90,2301.10,642
1787548680000000000,2301.10,2301.50,2300.40,2301.00,820
1787548740000000000,2300.60,2302.40,2300.50,2302.20,989
1787548800000000000,2301.40,2302.50,2301.20,2302.40,978
1787548860000000000,2301.50,2302.20,2301.00,2301.40,572
1787548920000000000,2301.20,2301.40,2301.00,2301.40,873
1787548980000000000,2301.20,2302.20,2301.00,2301.90,1837
1787549040000000000,2301.20,2301.70,2300.90,2301.00,1187
1787549100000000000,2301.00,2301.70,2300.50,2301.30,1090
1787549160000000000,2300.50,2302.20,2300.50,2302.20,909
1787549220000000000,2301.40,2302.30,2301.00,2301.70,973
1787549280000000000,2301.60,2302.30,2301.40,2301.80,1537
1787549340000000000,2301.00,2301.80,2298.00,2298.10,14843
1787549400000000000,2298.60,2300.40,2298.00,2300.00,4099
1787549460000000000,2299.30,2300.90,2299.10,2299.90,1194
1787549520000000000,2299.90,2301.40,2299.60,2299.60,2568
1787549580000000000,2299.60,2299.70,2298.00,2298.00,1238
1787549640000000000,2298.50,2298.90,2297.60,2298.40,2671
1787549700000000000,2298.40,2299.30,2298.30,2298.50,783
1787549760000000000,2298.50,2301.00,2298.50,2300.20,1831
1787549820000000000,2300.20,2301.00,2300.10,2300.80,1459
1787549880000000000,2300.30,2301.10,2299.60,2299.60,1964
1787549940000000000,2298.80,2300.10,2298.80,2299.30,1245
1787550000000000000,2299.30,2300.90,2299.10,2300.90,1831
1787550060000000000,2300.50,2300.90,2300.00,2300.50,1374
1787550120000000000,2300.10,2300.50,2298.00,2298.00,2400
1787550180000000000,2298.10,2299.00,2297.60,2298.00,1402
1787550240000000000,2298.10,2298.70,2297.80,2298.70,1456
1787550300000000000,2298.10,2299.40,2298.10,2299.00,1006
1787550360000000000,2299.30,2304.00,2299.00,2301.80,2559
1787550420000000000,2301.20,2301.40,2300.20,2300.30,2365
1787550480000000000,2300.30,2300.90,2298.40,2299.10,1004
1787550540000000000,2299.10,2300.80,2299.10,2299.50,1219
1787550600000000000,2299.60,2300.10,2297.70,2298.20,1588
1787550660000000000,2297.70,2299.30,2297.70,2299.00,899
1787550720000000000,2298.90,2299.00,2297.50,2297.50,2158
1787550780000000000,2297.50,2298.90,2297.00,2298.60,1504
1787550840000000000,2298.60,2298.90,2297.10,2297.30,981
1787550900000000000,2297.40,2297.40,2295.70,2296.80,3126
1787550960000000000,2296.80,2297.90,2296.30,2297.20,1625
1787551020000000000,2297.20,2297.60,2296.90,2297.10,1167
1787551080000000000,2297.10,2297.80,2296.90,2296.90,1415
1787551140000000000,2297.40,2297.50,2295.40,2295.50,2352
1787551200000000000,2295.70,2296.30,2294.00,2294.00,7637
1787551260000000000,2294.00,2295.00,2293.10,2293.30,8130
1787551320000000000,2293.60,2294.90,2293.30,2293.50,7800
1787551380000000000,2293.50,2294.80,2293.40,2293.40,3184
1787551440000000000,2293.40,2296.30,2293.30,2296.20,4336
1787551500000000000,2296.60,2297.00,2295.70,2296.20,1384
1787551560000000000,2296.20,2296.40,2294.20,2295.20,1574
1787551620000000000,2294.50,2294.80,2292.10,2292.80,3937
1787551680000000000,2292.80,2295.40,2292.50,2294.90,1986
1787551740000000000,2294.20,2296.20,2294.10,2295.60,2716
1787551800000000000,2295.00,2295.90,2294.40,2295.00,2865
1787551860000000000,2295.00,2295.80,2294.70,2295.00,663
1787551920000000000,2295.00,2297.00,2295.00,2296.00,1119
1787551980000000000,2295.70,2296.80,2295.70,2296.10,921
1787552040000000000,2296.10,2296.50,2294.80,2295.10,2610
1787552100000000000,2295.00,2296.80,2295.00,2296.80,929
1787552160000000000,2296.80,2297.80,2296.00,2296.80,1208
1787552220000000000,2296.20,2297.20,2296.00,2296.70,949
1787552280000000000,2296.70,2298.00,2296.70,2297.60,1695
1787552340000000000,2297.60,2298.00,2296.80,2297.50,1417
1787552400000000000,2297.50,2298.50,2297.10,2298.00,2345
1787552460000000000,2298.00,2298.80,2298.00,2298.00,3187
1787552520000000000,2298.00,2298.70,2297.40,2297.40,2023
1787552580000000000,2297.10,2297.40,2296.50,2296.80,840
1787552640000000000,2296.50,2297.00,2296.20,2297.00,596
1787552700000000000,2296.70,2297.00,2295.90,2295.90,1992
1787552760000000000,2295.90,2296.20,2294.80,2295.00,1552
1787552820000000000,2295.00,2295.60,2293.50,2293.50,2753
1787552880000000000,2293.10,2293.50,2292.00,2292.00,4551
1787552940000000000,2292.00,2292.90,2292.00,2292.90,2024
1787553000000000000,2292.50,2293.00,2292.50,2292.60,1318
1787553060000000000,2292.50,2294.30,2292.50,2293.30,3599
1787553120000000000,2293.30,2293.90,2292.50,2293.50,973
1787553180000000000,2293.00,2294.30,2292.80,2294.10,817
1787553240000000000,2294.10,2296.50,2294.00,2295.10,2193
1787553300000000000,2295.20,2296.30,2294.50,2294.50,1469
1787553360000000000,2294.70,2296.40,2294.50,2296.40,1913
1787553420000000000,2296.00,2297.00,2295.60,2296.90,987
1787553480000000000,2296.30,2296.90,2294.60,2295.20,1396
1787553540000000000,2295.20,2295.90,2294.70,2295.40,1725
1787553600000000000,2295.40,2296.30,2295.30,2296.00,909
1787553660000000000,2295.60,2296.00,2295.00,2295.70,1548
1787553720000000000,2295.10,2295.90,2295.10,2295.50,795
1787553780000000000,2295.20,2296.30,2295.20,2296.00,873
1787553840000000000,2296.00,2299.20,2296.00,2299.00,9288
1787553900000000000,2298.40,2299.50,2298.20,2299.00,3034
1787553960000000000,2299.00,2299.60,2298.90,2299.20,3308
1787554020000000000,2299.20,2301.30,2299.20,2300.10,7005
1787554080000000000,2300.10,2302.00,2300.10,2301.70,1711
1787554140000000000,2301.70,2302.00,2300.50,2301.00,2213
1787554200000000000,2301.00,2301.20,2300.60,2301.00,2206
1787554260000000000,2301.00,2301.80,2301.00,2301.80,2677
1787554320000000000,2301.10,2302.20,2301.10,2301.90,3159
1787554380000000000,2301.50,2301.90,2300.60,2301.50,11593
1787554440000000000,2301.00,2302.20,2300.60,2301.70,10121
1787554500000000000,2301.70,2302.80,2301.60,2302.80,8831
1787554560000000000,2302.10,2302.80,2301.20,2302.20,1461
1787554620000000000,2301.30,2302.20,2300.40,2300.70,3599
1787554680000000000,2300.70,2301.70,2300.40,2300.50,700
1787554740000000000,2300.50,2301.60,2300.00,2300.80,2051
1787554800000000000,2300.80,2301.60,2300.60,2300.70,973
1787554860000000000,2301.10,2301.40,2300.00,2301.20,1894
1787554920000000000,2300.50,2301.40,2300.40,2300.40,570
1787554980000000000,2300.40,2301.20,2300.40,2300.50,760
1787555040000000000,2300.50,2301.00,2300.40,2301.00,634
1787555100000000000,2300.60,2301.60,2300.60,2301.00,978
1787555160000000000,2301.00,2301.00,2299.60,2300.10,2548
1787555220000000000,2300.00,2300.20,2299.10,2299.90,419
1787555280000000000,2299.40,2300.00,2298.80,2299.60,2129
1787555340000000000,2299.40,2299.40,2298.70,2299.00,523
1787555400000000000,2298.80,2299.40,2296.80,2298.40,3621
1787555460000000000,2298.30,2301.40,2298.00,2300.70,11999
1787555520000000000,2300.70,2302.10,2300.70,2301.40,7187
1787555580000000000,2301.30,2302.20,2301.00,2301.00,4709
1787555640000000000,2301.00,2302.40,2301.00,2302.40,1473
1787555700000000000,2302.10,2303.20,2302.00,2303.20,5914
1787555760000000000,2303.00,2303.20,2302.00,2302.30,15030
1787555820000000000,2302.40,2302.90,2300.70,2301.40,2235
1787555880000000000,2301.40,2301.80,2300.50,2301.30,1330
1787555940000000000,2300.80,2301.40,2300.40,2301.00,703
1787556000000000000,2300.80,2301.40,2300.10,2301.40,1647
1787556060000000000,2301.10,2302.30,2300.90,2302.00,1652
1787556120000000000,2302.00,2303.00,2301.40,2302.20,1510
1787556180000000000,2301.70,2302.30,2300.90,2302.30,1745
1787556240000000000,2301.40,2302.90,2301.10,2302.10,1260
1787556300000000000,2302.10,2303.60,2302.10,2303.60,1698
1787556360000000000,2303.50,2303.60,2302.20,2303.00,1513
1787556420000000000,2302.40,2303.70,2299.60,2300.10,8427
1787556480000000000,2299.70,2300.00,2296.90,2297.90,5165
1787556540000000000,2297.10,2297.90,2294.10,2295.20,8289
1787556600000000000,2295.30,2296.00,2293.00,2294.00,5595
1787556660000000000,2293.60,2295.70,2293.40,2294.60,3499
1787556720000000000,2294.70,2294.70,2292.60,2293.30,4805
1787556780000000000,2293.30,2294.50,2292.90,2293.80,2343
1787556840000000000,2293.00,2295.00,2293.00,2294.50,2847
1787556900000000000,2294.50,2295.30,2293.90,2294.10,2480
1787556960000000000,2293.90,2295.00,2293.50,2294.60,3845
1787557020000000000,2294.10,2294.60,2293.20,2294.00,3309
1787557080000000000,2293.60,2294.00,2292.80,2294.00,4704
1787557140000000000,2293.60,2295.00,2293.10,2293.50,5095
1787557200000000000,2293.60,2294.60,2293.10,2294.00,4503
1787557260000000000,2293.30,2294.30,2293.30,2293.50,2665
1787557320000000000,2293.50,2294.20,2292.90,2293.40,3847
1787557380000000000,2293.40,2295.00,2293.40,2295.00,2533
1787557440000000000,2294.50,2295.70,2294.10,2295.70,2901
1787557500000000000,2295.10,2295.70,2294.00,2294.20,2521
1787557560000000000,2294.20,2296.00,2294.10,2295.10,3050
1787557620000000000,2295.10,2296.00,2294.50,2295.00,2202
1787557680000000000,2294.70,2295.80,2294.70,2295.80,2229
1787557740000000000,2295.10,2296.00,2294.80,2295.10,2556
1787557800000000000,2296.00,2296.00,2295.00,2295.30,2652
1787557860000000000,2295.00,2295.30,2294.20,2295.10,2679
1787557920000000000,2295.10,2296.30,2294.50,2296.20,2446
1787557980000000000,2296.20,2297.40,2295.80,2296.50,2742
1787558040000000000,2296.60,2296.60,2295.10,2295.50,2806
1787558100000000000,2295.50,2296.30,2295.40,2296.10,2751
1787558160000000000,2295.50,2296.40,2295.30,2295.80,2370
1787558220000000000,2295.80,2296.20,2294.90,2295.90,2628
1787558280000000000,2295.00,2296.40,2294.90,2295.60,3077
1787558340000000000,2295.10,2296.00,2293.10,2293.70,4155
1787558400000000000,2293.70,2293.80,2292.00,2292.00,4188
1787558460000000000,2292.50,2295.90,2291.10,2292.00,24879
1787558520000000000,2292.00,2292.70,2291.50,2291.50,9258
1787558580000000000,2291.40,2291.40,2290.10,2290.20,5567
1787558640000000000,2290.20,2292.00,2290.20,2291.40,3223
1787558700000000000,2291.00,2291.40,2290.20,2291.00,2704
1787558760000000000,2290.50,2291.10,2290.10,2290.10,2517
1787558820000000000,2290.10,2291.30,2289.00,2290.00,10061
1787558880000000000,2289.80,2290.00,2289.70,2290.00,1765
1787558940000000000,2289.90,2290.00,2289.90,2290.00,1343
1787559000000000000,2289.80,2290.00,2289.70,2290.00,585
1787559060000000000,2289.90,2290.90,2289.80,2290.80,2861
1787559120000000000,2290.50,2290.80,2289.00,2289.00,2954
1787559180000000000,2289.10,2289.10,2287.60,2288.40,4529
1787559240000000000,2288.40,2289.70,2288.30,2288.60,2091
1787559300000000000,2288.50,2289.00,2287.70,2288.50,2036
1787559360000000000,2288.20,2289.70,2288.00,2289.00,1667
1787559420000000000,2288.80,2289.40,2288.30,2288.40,1489
1787559480000000000,2288.30,2289.00,2288.00,2288.30,1716
1787559540000000000,2288.10,2288.90,2288.00,2288.40,1658
1787559600000000000,2288.00,2288.80,2288.00,2288.40,2140
1787559660000000000,2288.10,2288.70,2287.50,2287.50,1553
1787559720000000000,2287.50,2288.60,2287.50,2288.00,1893
1787559780000000000,2287.50,2288.50,2287.30,2288.50,1977
1787559840000000000,2288.00,2288.50,2287.40,2287.60,1650
1787559900000000000,2287.60,2288.60,2287.30,2287.60,2012
1787559960000000000,2287.60,2288.90,2287.60,2287.80,2438
1787560020000000000,2287.60,2288.00,2287.00,2287.40,4092
1787560080000000000,2287.00,2288.00,2286.20,2286.80,2764
1787560140000000000,2286.80,2287.00,2286.00,2286.00,5438
1787560200000000000,2286.00,2287.50,2285.20,2287.50,7069
1787560260000000000,2287.00,2289.30,2286.90,2289.00,7885
1787560320000000000,2288.40,2288.40,2287.20,2287.30,2571
1787560380000000000,2287.30,2288.00,2286.50,2286.60,2496
1787560440000000000,2287.00,2288.10,2287.00,2288.10,2198
1787560500000000000,2287.30,2288.10,2287.30,2287.80,2348
1787560560000000000,2287.40,2287.40,2287.00,2287.20,2148
1787560620000000000,2287.00,2287.20,2286.50,2287.00,1873
1787560680000000000,2287.00,2287.50,2286.00,2286.40,2887
1787560740000000000,2286.40,2287.10,2286.00,2287.00,2385
1787560800000000000,2286.30,2287.50,2286.20,2286.90,1948
1787560860000000000,2286.70,2287.50,2286.40,2286.90,2739
1787560920000000000,2287.00,2287.70,2286.00,2286.00,2769
1787560980000000000,2286.90,2287.00,2286.00,2286.70,2004
1787561040000000000,2286.00,2286.80,2285.10,2285.10,2609
1787561100000000000,2285.10,2286.00,2285.00,2285.50,2899
1787561160000000000,2285.40,2285.80,2285.00,2285.10,2481
1787561220000000000,2285.20,2286.50,2285.00,2286.50,3560
1787561280000000000,2285.70,2286.80,2285.10,2285.90,3430
1787561340000000000,2285.90,2285.90,2285.10,2285.20,2406
1787561400000000000,2285.20,2286.50,2285.00,2285.00,2605
1787561460000000000,2285.00,2286.00,2284.40,2284.80,3181
1787561520000000000,2284.90,2286.00,2284.80,2285.30,2301
1787561580000000000,2285.30,2286.30,2285.00,2285.70,2813
1787561640000000000,2285.50,2286.10,2283.50,2284.80,6209
1787561700000000000,2284.80,2286.10,2284.30,2285.90,3725
1787561760000000000,2285.50,2286.00,2285.20,2285.80,2199
1787561820000000000,2285.40,2286.40,2285.30,2285.80,3265
1787561880000000000,2286.00,2286.30,2284.20,2284.90,3606
1787561940000000000,2285.30,2286.30,2284.90,2286.30,2945
1787562000000000000,2285.60,2288.10,2285.60,2288.10,4020
1787562060000000000,2287.60,2288.10,2287.20,2287.80,2748
1787562120000000000,2287.50,2288.10,2286.00,2286.00,4731
1787562180000000000,2286.10,2286.90,2285.20,2285.20,2755
1787562240000000000,2285.30,2286.00,2285.10,2286.00,2653
1787562300000000000,2285.90,2286.90,2285.40,2286.20,2795
1787562360000000000,2285.60,2287.70,2285.00,2286.10,6368
1787562420000000000,2286.10,2286.60,2285.30,2285.40,2203
1787562480000000000,2285.90,2286.10,2284.70,2284.70,2641
1787562540000000000,2284.70,2285.20,2283.00,2283.10,4307
1787562600000000000,2283.10,2283.50,2282.00,2282.00,8991
1787562660000000000,2282.10,2282.60,2282.00,2282.10,2757
1787562720000000000,2282.00,2283.90,2282.00,2282.50,5040
1787562780000000000,2282.50,2283.90,2282.40,2283.60,4824
1787562840000000000,2283.60,2283.90,2282.50,2282.50,3936
1787562900000000000,2282.70,2283.30,2282.50,2282.80,3470
1787562960000000000,2282.90,2283.30,2282.10,2282.70,4064
1787563020000000000,2282.10,2282.90,2282.10,2282.30,2897
1787563080000000000,2282.10,2282.80,2282.00,2282.00,4057
1787563140000000000,2282.00,2282.50,2282.00,2282.50,3228
1787563200000000000,2282.50,2282.70,2281.60,2281.60,5953
1787563260000000000,2281.60,2282.80,2281.40,2282.60,4996
1787563320000000000,2282.40,2284.80,2282.10,2283.60,7960
1787563380000000000,2284.20,2285.30,2283.50,2284.70,8497
1787563440000000000,2284.70,2288.10,2283.90,2284.50,16592
1787563500000000000,2284.50,2286.80,2284.50,2286.50,5053
1787563560000000000,2286.50,2286.60,2285.60,2285.80,4367
1787563620000000000,2285.70,2286.30,2285.60,2285.90,3365
1787563680000000000,2285.90,2286.30,2285.00,2285.50,6762
1787563740000000000,2285.50,2286.40,2284.60,2285.10,15660
1787563800000000000,2285.10,2288.10,2285.10,2287.00,14051
1787563860000000000,2287.00,2288.10,2284.80,2287.00,16310
1787563920000000000,2287.00,2287.90,2286.80,2287.50,6775
1787563980000000000,2287.60,2287.70,2285.70,2286.00,6853
1787564040000000000,2285.90,2286.50,2284.00,2284.90,9622
1787564100000000000,2284.20,2284.90,2282.80,2283.50,16446
1787564160000000000,2283.40,2283.50,2281.40,2282.50,28480
1787564220000000000,2282.40,2283.00,2281.30,2282.00,14081
1787564280000000000,2281.90,2282.80,2281.80,2282.00,11767
1787564340000000000,2282.00,2282.00,2280.70,2281.00,21343
1787564400000000000,2280.90,2281.90,2280.00,2281.60,17893
1787564460000000000,2281.60,2282.00,2280.20,2281.00,15839
1787564520000000000,2280.60,2282.30,2279.50,2280.90,28051
1787564580000000000,2280.70,2282.20,2279.90,2280.80,14342
1787564640000000000,2281.00,2282.20,2280.00,2281.00,7964
1787564700000000000,2281.00,2281.00,2281.00,2281.00,0
1787564760000000000,2281.00,2281.00,2281.00,2281.00,0
1787564820000000000,2281.00,2281.00,2281.00,2281.00,0
1787564880000000000,2281.00,2281.00,2281.00,2281.00,0
1787564940000000000,2281.00,2281.00,2281.00,2281.00,0
1787565000000000000,2281.00,2281.00,2281.00,2281.00,0
1787565060000000000,2281.00,2281.00,2281.00,2281.00,0
1787565120000000000,2281.00,2281.00,2281.00,2281.00,0
1787565180000000000,2281.00,2281.00,2281.00,2281.00,0
1787565240000000000,2281.00,2281.00,2281.00,2281.00,0
1787565300000000000,2281.00,2281.00,2281.00,2281.00,0
1787565360000000000,2281.00,2281.00,2281.00,2281.00,0
1787565420000000000,2281.00,2281.00,2281.00,2281.00,0
1787565480000000000,2281.00,2281.00,2281.00,2281.00,0
1787565540000000000,2284.10,2284.10,2284.10,2284.10,46865
1787629500000000000,2305.00,2313.50,2300.00,2302.70,142327
1787629560000000000,2303.90,2306.30,2291.00,2293.20,74525
1787629620000000000,2293.20,2304.80,2291.30,2304.20,31882
1787629680000000000,2304.10,2304.80,2298.00,2299.50,35468
1787629740000000000,2300.00,2300.10,2293.30,2298.40,25968
1787629800000000000,2298.40,2301.80,2295.90,2297.50,16809
1787629860000000000,2298.40,2301.00,2295.30,2297.40,13061
1787629920000000000,2297.30,2297.90,2292.40,2293.90,35728
1787629980000000000,2293.90,2295.50,2290.10,2291.40,27010
1787630040000000000,2291.50,2294.00,2278.10,2279.00,65518
1787630100000000000,2278.90,2279.50,2268.90,2271.00,65855
1787630160000000000,2271.90,2282.10,2271.00,2280.30,28726
1787630220000000000,2280.50,2280.90,2277.30,2279.60,14615
1787630280000000000,2279.60,2279.60,2276.10,2277.40,10409
1787630340000000000,2278.10,2278.20,2275.00,2275.30,11315
1787630400000000000,2276.00,2279.00,2275.30,2278.10,9718
1787630460000000000,2278.50,2281.00,2278.20,2281.00,9374
1787630520000000000,2281.00,2281.00,2276.50,2277.00,11388
1787630580000000000,2277.00,2279.00,2275.30,2276.40,15477
1787630640000000000,2277.40,2279.00,2277.00,2278.00,8049
1787630700000000000,2278.40,2279.00,2276.40,2276.40,4444
1787630760000000000,2277.00,2277.00,2275.20,2275.80,11550
1787630820000000000,2275.20,2275.70,2272.10,2272.40,15417
1787630880000000000,2273.00,2274.30,2272.10,2273.20,10704
1787630940000000000,2273.20,2274.50,2272.80,2273.80,5953
1787631000000000000,2273.80,2274.90,2272.80,2274.90,7801
1787631060000000000,2274.90,2276.80,2274.40,2276.20,9707
1787631120000000000,2276.00,2276.70,2274.00,2274.10,8247
1787631180000000000,2274.00,2275.50,2273.80,2275.20,6380
1787631240000000000,2275.20,2275.30,2270.00,2271.30,20967
1787631300000000000,2271.30,2271.60,2268.10,2269.50,27987
1787631360000000000,2269.50,2269.80,2266.50,2267.00,31253
1787631420000000000,2267.00,2268.00,2266.30,2267.20,13275
1787631480000000000,2267.80,2267.80,2263.50,2264.00,30406
1787631540000000000,2264.00,2267.50,2262.20,2266.90,33245
1787631600000000000,2267.20,2268.00,2265.90,2267.80,13550
1787631660000000000,2267.80,2268.80,2266.30,2266.30,11708
1787631720000000000,2267.00,2267.60,2263.20,2263.20,9724
1787631780000000000,2263.80,2264.00,2263.00,2263.30,11058
1787631840000000000,2263.30,2264.00,2262.50,2263.30,7526
1787631900000000000,2263.30,2263.80,2262.10,2263.10,6430
1787631960000000000,2263.60,2263.80,2262.00,2262.70,12601
1787632020000000000,2262.70,2268.00,2262.30,2267.90,13795
1787632080000000000,2267.90,2268.60,2266.00,2267.10,11945
1787632140000000000,2267.10,2268.30,2266.20,2268.00,5515
1787632200000000000,2268.00,2270.00,2267.00,2268.60,12040
1787632260000000000,2268.70,2269.00,2267.90,2268.10,11181
1787632320000000000,2268.20,2270.70,2267.80,2270.00,10439
1787632380000000000,2270.00,2270.70,2269.50,2270.50,5476
1787632440000000000,2270.70,2272.40,2270.40,2271.00,8795
1787632500000000000,2271.20,2272.30,2270.30,2270.50,4862
1787632560000000000,2271.10,2272.20,2270.50,2271.30,2324
1787632620000000000,2272.00,2273.00,2271.30,2272.50,4533
1787632680000000000,2272.90,2273.00,2272.10,2272.90,3829
1787632740000000000,2272.90,2273.00,2270.50,2270.50,8270
1787632800000000000,2271.20,2273.70,2271.20,2273.00,8662
1787632860000000000,2273.00,2273.80,2272.20,2273.30,3336
1787632920000000000,2273.10,2273.50,2272.10,2273.30,2201
1787632980000000000,2273.20,2273.60,2273.00,2273.60,2119
1787633040000000000,2273.60,2276.70,2273.10,2275.50,9143
1787633100000000000,2276.00,2276.10,2275.00,2275.60,4048
1787633160000000000,2275.60,2278.50,2275.50,2276.40,14039
1787633220000000000,2276.50,2277.00,2275.20,2276.80,5306
1787633280000000000,2276.80,2276.90,2275.10,2276.30,4841
1787633340000000000,2276.30,2276.40,2273.70,2274.00,8051
1787633400000000000,2274.80,2275.30,2271.20,2272.60,10075
1787633460000000000,2273.00,2273.90,2271.60,2272.80,8058
1787633520000000000,2273.60,2273.60,2271.60,2272.50,3162
1787633580000000000,2272.80,2272.80,2271.60,2272.30,1540
1787633640000000000,2272.30,2273.60,2271.60,2273.50,4112
1787633700000000000,2273.50,2273.70,2272.70,2273.50,1080
1787633760000000000,2273.50,2273.70,2272.70,2273.50,1705
1787633820000000000,2273.50,2273.50,2272.10,2272.20,2805
1787633880000000000,2272.20,2273.10,2272.00,2272.00,1471
1787633940000000000,2272.70,2273.30,2272.00,2273.20,3088
1787634000000000000,2272.90,2273.50,2272.10,2272.60,1639
1787634060000000000,2273.00,2273.50,2272.60,2272.70,2082
1787634120000000000,2272.70,2273.40,2272.20,2272.60,1240
1787634180000000000,2273.00,2273.20,2272.20,2272.20,1414
1787634240000000000,2272.10,2273.20,2270.70,2271.20,5194
1787634300000000000,2271.90,2272.80,2270.80,2272.00,2522
1787634360000000000,2272.00,2272.00,2270.60,2270.90,2274
1787634420000000000,2270.90,2271.80,2269.80,2271.00,9188
1787634480000000000,2271.00,2272.00,2270.50,2271.40,2986
1787634540000000000,2271.50,2272.00,2271.30,2272.00,1803
1787634600000000000,2272.00,2272.00,2270.40,2271.00,1527
1787634660000000000,2271.50,2271.60,2270.60,2271.00,1364
1787634720000000000,2271.00,2272.80,2270.60,2272.00,2517
1787634780000000000,2272.00,2272.90,2271.60,2272.90,3614
1787634840000000000,2272.90,2273.60,2272.50,2272.60,2786
1787634900000000000,2273.40,2273.50,2272.60,2273.30,1858
1787634960000000000,2273.30,2273.80,2272.70,2273.30,2679
1787635020000000000,2273.80,2276.00,2273.40,2276.00,4158
1787635080000000000,2275.90,2276.30,2275.00,2275.90,7832
1787635140000000000,2275.90,2277.10,2274.80,2275.70,5838
1787635200000000000,2275.70,2276.00,2275.00,2275.40,3046
1787635260000000000,2275.40,2276.00,2275.10,2275.40,2236
1787635320000000000,2275.40,2275.40,2273.70,2273.80,5810
1787635380000000000,2273.80,2274.10,2273.10,2274.00,2482
1787635440000000000,2274.00,2274.70,2272.70,2272.70,3040
1787635500000000000,2273.00,2273.30,2272.10,2272.30,2239
1787635560000000000,2272.60,2273.30,2272.20,2272.60,2472
1787635620000000000,2273.00,2273.30,2272.60,2272.70,1268
1787635680000000000,2273.30,2274.30,2272.60,2273.00,5000
1787635740000000000,2273.00,2273.00,2271.50,2271.80,4557
1787635800000000000,2271.80,2273.90,2271.70,2273.40,2977
1787635860000000000,2273.90,2275.00,2273.30,2273.40,4762
1787635920000000000,2274.00,2275.00,2273.60,2273.80,2009
1787635980000000000,2274.60,2275.10,2273.60,2275.10,3254
1787636040000000000,2275.40,2276.50,2274.50,2276.30,4521
1787636100000000000,2276.30,2278.00,2276.20,2277.30,7176
1787636160000000000,2277.50,2279.00,2276.20,2276.50,6361
1787636220000000000,2276.80,2277.70,2276.10,2276.50,4859
1787636280000000000,2276.50,2277.00,2276.00,2276.40,2018
1787636340000000000,2276.50,2276.70,2276.00,2276.10,2025
1787636400000000000,2276.70,2276.80,2276.00,2276.00,2723
1787636460000000000,2276.00,2276.60,2275.00,2275.20,2800
1787636520000000000,2275.10,2275.70,2273.20,2273.20,4302
1787636580000000000,2273.40,2273.60,2271.80,2272.50,4941
1787636640000000000,2272.50,2272.90,2271.80,2272.60,2736
1787636700000000000,2272.60,2275.90,2272.10,2273.40,5494
1787636760000000000,2273.40,2275.30,2273.40,2274.30,1706
1787636820000000000,2275.10,2275.70,2274.40,2274.80,2596
1787636880000000000,2274.80,2276.00,2274.70,2275.60,1214
1787636940000000000,2275.60,2276.70,2275.50,2276.30,3237
1787637000000000000,2276.30,2279.70,2276.20,2279.70,9907
1787637060000000000,2279.70,2279.80,2278.90,2279.40,2590
1787637120000000000,2279.80,2279.80,2278.90,2278.90,2150
1787637180000000000,2279.10,2279.50,2277.80,2278.30,4241
1787637240000000000,2278.40,2282.50,2278.00,2281.50,34117
1787637300000000000,2282.40,2283.80,2281.60,2282.70,13020
1787637360000000000,2282.90,2284.00,2282.50,2283.00,19260
1787637420000000000,2283.60,2283.60,2281.70,2283.00,12385
1787637480000000000,2283.00,2283.00,2282.10,2282.50,2465
1787637540000000000,2283.00,2284.80,2282.20,2284.70,12612
1787637600000000000,2284.70,2284.70,2282.80,2283.50,4438
1787637660000000000,2284.00,2284.70,2283.30,2284.00,7659
1787637720000000000,2284.30,2284.50,2283.10,2284.50,6489
1787637780000000000,2284.50,2285.40,2283.50,2285.10,16604
1787637840000000000,2285.30,2286.00,2285.00,2285.10,8110
1787637900000000000,2285.10,2286.30,2285.10,2286.00,3422
1787637960000000000,2286.00,2286.70,2285.00,2286.10,5157
1787638020000000000,2286.10,2286.90,2285.20,2286.60,7698
1787638080000000000,2286.80,2287.70,2285.20,2287.00,20730
1787638140000000000,2287.00,2289.00,2287.00,2288.30,12937
1787638200000000000,2288.30,2288.30,2287.20,2287.70,2796
1787638260000000000,2288.00,2288.00,2286.10,2286.90,4894
1787638320000000000,2287.00,2289.00,2286.10,2288.00,10305
1787638380000000000,2288.00,2288.70,2286.30,2286.30,3051
1787638440000000000,2286.60,2287.90,2285.40,2286.00,7599
1787638500000000000,2286.20,2286.90,2285.40,2286.70,5200
1787638560000000000,2286.90,2287.00,2286.70,2286.90,3086
1787638620000000000,2286.90,2287.70,2286.00,2286.70,3130
1787638680000000000,2286.70,2286.80,2284.90,2284.90,7323
1787638740000000000,2285.10,2286.30,2284.90,2285.20,3580
1787638800000000000,2285.40,2285.70,2285.10,2285.60,1667
1787638860000000000,2285.60,2285.60,2283.60,2283.60,6210
1787638920000000000,2284.70,2286.00,2284.10,2286.00,9096
1787638980000000000,2286.00,2287.00,2285.50,2285.90,9109
1787639040000000000,2286.00,2286.40,2285.40,2285.70,2971
1787639100000000000,2286.00,2288.00,2285.80,2287.10,21868
1787639160000000000,2288.00,2288.00,2287.00,2287.10,4176
1787639220000000000,2287.40,2287.90,2287.00,2287.00,2576
1787639280000000000,2287.60,2288.00,2286.90,2287.30,3689
1787639340000000000,2287.30,2287.80,2286.70,2286.80,2060
1787639400000000000,2286.80,2287.00,2285.80,2285.80,3180
1787639460000000000,2286.30,2286.70,2285.40,2285.60,2063
1787639520000000000,2285.60,2285.80,2285.00,2285.10,1203
1787639580000000000,2285.10,2285.10,2283.20,2283.50,8427
1787639640000000000,2284.30,2284.80,2282.20,2282.60,11828
1787639700000000000,2282.60,2283.20,2281.00,2282.60,12492
1787639760000000000,2283.00,2284.10,2282.20,2282.60,6277
1787639820000000000,2283.00,2284.00,2281.30,2281.50,2474
1787639880000000000,2281.90,2282.30,2280.00,2281.10,13502
1787639940000000000,2281.60,2281.70,2278.90,2279.00,4149
1787640000000000000,2280.00,2280.00,2277.20,2278.10,9610
1787640060000000000,2278.90,2280.40,2278.00,2279.20,8175
1787640120000000000,2279.60,2280.00,2278.60,2279.00,1733
1787640180000000000,2279.70,2280.00,2278.70,2278.70,1662
1787640240000000000,2278.70,2278.80,2278.00,2278.30,4380
1787640300000000000,2278.30,2282.40,2277.60,2281.00,17941
1787640360000000000,2281.30,2282.60,2280.40,2281.00,6755
1787640420000000000,2281.50,2281.70,2280.60,2280.60,1622
1787640480000000000,2281.40,2281.40,2280.60,2280.90,1450
1787640540000000000,2281.00,2281.00,2280.40,2280.40,2544
1787640600000000000,2280.50,2280.50,2278.70,2278.70,1999
1787640660000000000,2278.90,2282.10,2278.70,2280.80,33059
1787640720000000000,2280.80,2281.80,2280.00,2280.60,1254
1787640780000000000,2281.20,2281.90,2280.40,2281.00,1019
1787640840000000000,2281.00,2281.00,2279.70,2280.50,4059
1787640900000000000,2280.50,2280.50,2280.20,2280.50,2514
1787640960000000000,2280.50,2281.00,2280.20,2280.20,1808
1787641020000000000,2280.50,2280.60,2278.40,2279.50,4394
1787641080000000000,2279.50,2281.10,2279.20,2279.70,3967
1787641140000000000,2280.20,2280.90,2279.60,2279.60,1488
1787641200000000000,2280.10,2280.10,2278.10,2278.10,3194
1787641260000000000,2278.50,2279.40,2277.00,2278.00,5663
1787641320000000000,2278.40,2279.30,2277.60,2277.60,1901
1787641380000000000,2277.70,2279.30,2276.50,2278.10,3223
1787641440000000000,2278.30,2279.50,2277.10,2277.30,2018
1787641500000000000,2277.30,2277.80,2276.20,2277.50,3604
1787641560000000000,2277.50,2279.90,2276.80,2277.20,2652
1787641620000000000,2277.90,2278.00,2275.80,2276.10,2072
1787641680000000000,2276.10,2277.00,2273.10,2274.40,9404
1787641740000000000,2274.60,2275.60,2273.30,2274.00,3358
1787641800000000000,2273.40,2277.90,2273.40,2275.30,12207
1787641860000000000,2275.30,2278.90,2274.60,2276.10,11866
1787641920000000000,2276.10,2276.60,2275.00,2276.20,1750
1787641980000000000,2276.20,2276.40,2275.00,2275.80,1508
1787642040000000000,2276.40,2277.20,2275.50,2276.70,1239
1787642100000000000,2276.80,2276.90,2275.50,2276.20,1286
1787642160000000000,2276.20,2276.40,2275.20,2276.10,2515
1787642220000000000,2276.10,2276.60,2275.50,2275.60,1959
1787642280000000000,2276.40,2277.20,2275.60,2275.90,1160
1787642340000000000,2276.80,2277.40,2275.70,2276.20,1118
1787642400000000000,2276.20,2276.80,2275.90,2276.10,1328
1787642460000000000,2276.40,2276.80,2275.60,2275.60,1670
1787642520000000000,2275.80,2276.50,2275.10,2276.10,2051
1787642580000000000,2276.10,2276.50,2276.00,2276.50,838
1787642640000000000,2276.50,2277.00,2274.60,2277.00,5575
1787642700000000000,2276.00,2276.60,2274.60,2275.90,5990
1787642760000000000,2276.60,2276.90,2275.50,2276.40,733
1787642820000000000,2276.40,2278.30,2276.00,2276.70,6023
1787642880000000000,2276.70,2278.20,2275.90,2276.80,4131
1787642940000000000,2276.80,2278.30,2275.90,2278.10,1680
1787643000000000000,2278.30,2279.90,2278.10,2279.20,3012
1787643060000000000,2279.40,2279.60,2278.00,2278.10,2088
1787643120000000000,2278.30,2278.30,2275.40,2276.80,3471
1787643180000000000,2276.80,2277.50,2275.50,2277.10,2430
1787643240000000000,2277.80,2278.20,2276.60,2277.00,1020
1787643300000000000,2277.00,2277.00,2275.20,2275.50,2480
1787643360000000000,2275.60,2278.50,2275.10,2277.00,6798
1787643420000000000,2277.00,2280.00,2275.50,2277.00,10914
1787643480000000000,2277.10,2279.90,2275.20,2275.60,12185
1787643540000000000,2276.40,2279.50,2276.00,2276.60,3351
1787643600000000000,2277.40,2277.40,2275.90,2275.90,1246
1787643660000000000,2276.00,2277.60,2275.60,2277.00,1683
1787643720000000000,2277.10,2277.10,2275.10,2275.20,2822
1787643780000000000,2275.90,2276.00,2272.80,2273.10,8110
1787643840000000000,2273.80,2275.40,2271.60,2272.00,9330
1787643900000000000,2272.00,2273.90,2271.50,2272.00,4590
1787643960000000000,2272.80,2273.20,2272.00,2272.10,2074
1787644020000000000,2272.40,2273.40,2272.10,2273.10,2675
1787644080000000000,2273.10,2273.10,2271.80,2272.50,2403
1787644140000000000,2272.70,2273.30,2272.50,2273.10,1849
1787644200000000000,2273.10,2273.10,2271.10,2272.60,3911
1787644260000000000,2272.60,2273.00,2271.80,2272.10,2176
1787644320000000000,2272.40,2272.40,2271.10,2271.70,3112
1787644380000000000,2271.90,2273.00,2270.80,2271.40,5184
1787644440000000000,2271.80,2272.10,2271.00,2271.30,2916
1787644500000000000,2271.60,2272.00,2271.00,2271.70,1985
1787644560000000000,2271.70,2272.50,2271.30,2272.00,3147
1787644620000000000,2272.30,2272.60,2271.60,2272.00,2319
1787644680000000000,2272.60,2273.60,2272.00,2273.10,1371
1787644740000000000,2273.60,2273.60,2272.20,2272.60,2892
1787644800000000000,2272.60,2276.00,2272.30,2274.90,5104
1787644860000000000,2275.90,2276.00,2274.10,2274.50,4334
1787644920000000000,2275.00,2275.80,2274.70,2275.80,1932
1787644980000000000,2275.80,2276.50,2275.60,2275.90,2286
1787645040000000000,2276.00,2276.50,2275.80,2275.90,2355
1787645100000000000,2276.10,2276.10,2275.60,2275.60,1231
1787645160000000000,2275.70,2276.30,2275.40,2276.10,1739
1787645220000000000,2276.20,2276.50,2275.50,2276.30,1663
1787645280000000000,2276.40,2276.40,2275.60,2276.00,1119
1787645340000000000,2276.30,2276.90,2275.30,2276.00,1681
1787645400000000000,2276.00,2276.50,2275.90,2276.10,1244
1787645460000000000,2276.30,2276.60,2275.60,2275.90,1572
1787645520000000000,2276.80,2277.40,2274.60,2275.80,4351
1787645580000000000,2276.50,2277.00,2276.20,2276.80,1616
1787645640000000000,2276.90,2276.90,2275.60,2275.90,1897
1787645700000000000,2275.90,2276.50,2275.40,2275.70,1368
1787645760000000000,2276.30,2276.60,2275.40,2275.40,1572
1787645820000000000,2275.90,2276.40,2275.40,2275.90,2698
1787645880000000000,2276.30,2276.30,2275.80,2276.00,1335
1787645940000000000,2276.30,2277.00,2276.00,2277.00,1719
1787646000000000000,2276.80,2277.00,2275.50,2275.80,2587
1787646060000000000,2276.00,2278.00,2275.90,2277.90,2902
1787646120000000000,2278.00,2278.90,2277.90,2278.80,3657
1787646180000000000,2278.80,2279.30,2277.80,2278.50,5207
1787646240000000000,2279.20,2280.90,2278.30,2280.90,7812
1787646300000000000,2280.90,2281.60,2279.40,2281.20,9276
1787646360000000000,2281.20,2281.20,2279.20,2279.20,5313
1787646420000000000,2279.90,2280.00,2279.20,2279.20,1279
1787646480000000000,2279.50,2279.90,2276.60,2278.00,9105
1787646540000000000,2278.70,2279.80,2278.30,2278.70,3691
1787646600000000000,2278.90,2279.50,2278.10,2278.20,3068
1787646660000000000,2278.40,2278.70,2278.00,2278.30,1521
1787646720000000000,2278.50,2278.50,2276.30,2278.10,9211
1787646780000000000,2278.10,2278.50,2277.00,2277.90,2486
1787646840000000000,2278.00,2279.50,2277.90,2278.70,4797
1787646900000000000,2279.00,2279.40,2278.80,2279.20,1611
1787646960000000000,2279.30,2279.30,2278.10,2278.30,2261
1787647020000000000,2278.90,2279.10,2278.40,2278.70,1385
1787647080000000000,2278.80,2279.10,2277.10,2278.30,4981
1787647140000000000,2278.40,2278.80,2278.30,2278.70,1605
1787647200000000000,2278.80,2279.50,2278.60,2279.20,2841
1787647260000000000,2279.50,2279.50,2278.50,2279.40,1911
1787647320000000000,2279.40,2279.50,2278.30,2278.70,1291
1787647380000000000,2278.80,2279.40,2278.10,2278.30,2771
1787647440000000000,2278.70,2278.70,2277.10,2277.40,2484
1787647500000000000,2277.90,2278.30,2277.00,2278.30,2746
1787647560000000000,2278.40,2278.40,2276.60,2277.60,4664
1787647620000000000,2277.90,2278.00,2276.30,2278.00,2513
1787647680000000000,2278.00,2278.00,2276.70,2277.10,2023
1787647740000000000,2278.00,2278.00,2277.00,2277.90,1748
1787647800000000000,2277.90,2281.50,2276.20,2281.50,12937
1787647860000000000,2281.50,2282.00,2279.50,2280.40,6976
1787647920000000000,2280.80,2283.40,2280.00,2282.10,10986
1787647980000000000,2282.60,2283.90,2281.60,2283.00,12591
1787648040000000000,2282.80,2282.80,2281.40,2282.10,5416
1787648100000000000,2282.40,2284.10,2281.90,2282.20,9928
1787648160000000000,2282.50,2283.50,2281.90,2283.50,6925
1787648220000000000,2283.90,2283.90,2281.10,2282.50,5512
1787648280000000000,2283.00,2284.00,2282.80,2283.60,5542
1787648340000000000,2284.00,2284.50,2283.10,2284.40,7762
1787648400000000000,2284.40,2285.00,2283.30,2284.70,6886
1787648460000000000,2284.80,2289.00,2284.40,2288.90,22293
1787648520000000000,2288.90,2289.00,2283.90,2287.40,43981
1787648580000000000,2287.70,2288.40,2287.10,2287.40,6119
1787648640000000000,2287.70,2287.70,2284.60,2285.80,7559
1787648700000000000,2286.00,2287.30,2284.20,2285.60,6910
1787648760000000000,2285.60,2285.80,2282.80,2283.00,5647
1787648820000000000,2283.00,2284.20,2282.80,2283.60,2443
1787648880000000000,2283.90,2284.00,2282.50,2284.00,4003
1787648940000000000,2284.20,2287.00,2284.00,2285.70,7079
1787649000000000000,2285.70,2286.50,2285.60,2286.50,3467
1787649060000000000,2286.50,2286.60,2285.30,2285.40,9060
1787649120000000000,2285.90,2286.90,2285.20,2286.00,5272
1787649180000000000,2286.30,2286.30,2285.10,2285.80,3634
1787649240000000000,2286.00,2286.30,2284.60,2285.50,4770
1787649300000000000,2285.80,2286.50,2285.50,2286.40,3584
1787649360000000000,2286.50,2287.00,2286.00,2286.40,4161
1787649420000000000,2286.50,2287.30,2285.20,2287.10,7618
1787649480000000000,2287.10,2287.80,2286.70,2287.60,5920
1787649540000000000,2287.60,2289.20,2287.10,2289.00,17171
1787649600000000000,2289.00,2290.80,2288.00,2288.70,41469
1787649660000000000,2289.00,2289.00,2288.60,2289.00,17233
1787649720000000000,2288.60,2289.80,2288.60,2289.00,14889
1787649780000000000,2289.00,2289.90,2288.90,2289.70,7823
1787649840000000000,2289.90,2290.10,2288.40,2289.00,27277
1787649900000000000,2289.00,2289.00,2288.40,2288.40,9314
1787649960000000000,2289.00,2289.80,2288.40,2289.30,27280
1787650020000000000,2289.80,2289.80,2288.90,2288.90,14853
1787650080000000000,2289.00,2289.00,2288.70,2289.00,12620
1787650140000000000,2289.00,2289.00,2288.90,2289.00,9294
1787650200000000000,2289.00,2290.70,2288.30,2289.40,29179
1787650260000000000,2289.00,2289.00,2287.20,2287.80,24241
1787650320000000000,2288.00,2289.00,2287.40,2288.70,10846
1787650380000000000,2289.00,2289.00,2288.70,2289.00,10573
1787650440000000000,2288.90,2289.00,2287.20,2288.90,15647
1787650500000000000,2288.90,2289.00,2285.80,2286.90,16571
1787650560000000000,2286.80,2288.00,2286.80,2287.80,11413
1787650620000000000,2287.80,2287.90,2285.10,2285.10,16273
1787650680000000000,2286.10,2287.00,2285.60,2287.00,11545
1787650740000000000,2286.60,2287.90,2286.60,2286.80,14557
1787650800000000000,2286.80,2288.20,2286.80,2288.00,14487
1787650860000000000,2287.90,2288.40,2287.00,2287.50,12322
1787650920000000000,2287.40,2289.00,2286.20,2287.50,40578
1787650980000000000,2287.30,2288.50,2287.30,2288.00,13114
1787651040000000000,2287.90,2288.50,2287.00,2288.00,8991
1787651100000000000,2288.00,2288.00,2288.00,2288.00,0
1787651160000000000,2288.00,2288.00,2288.00,2288.00,0
1787651220000000000,2288.00,2288.00,2288.00,2288.00,0
1787651280000000000,2288.00,2288.00,2288.00,2288.00,0
1787651340000000000,2288.00,2288.00,2288.00,2288.00,0
1787651400000000000,2288.00,2288.00,2288.00,2288.00,0
1787651460000000000,2288.00,2288.00,2288.00,2288.00,0
1787651520000000000,2288.00,2288.00,2288.00,2288.00,0
1787651580000000000,2288.00,2288.00,2288.00,2288.00,0
1787651640000000000,2288.00,2288.00,2288.00,2288.00,0
1787651700000000000,2288.00,2288.00,2288.00,2288.00,0
1787651760000000000,2288.00,2288.00,2288.00,2288.00,0
1787651820000000000,2288.00,2288.00,2288.00,2288.00,0
1787651880000000000,2296.20,2296.20,2296.20,2296.20,143746
1787651940000000000,2296.20,2296.20,2296.20,2296.20,0
1787715900000000000,2305.10,2305.10,2295.10,2297.20,30779
1787715960000000000,2297.20,2298.90,2292.10,2297.60,16244
1787716020000000000,2297.20,2301.00,2296.70,2301.00,8704
1787716080000000000,2301.00,2304.40,2300.30,2301.60,9032
1787716140000000000,2302.50,2302.50,2296.50,2297.30,9695
1787716200000000000,2298.00,2303.50,2298.00,2302.80,6132
1787716260000000000,2303.00,2303.00,2301.30,2301.90,3290
1787716320000000000,2301.70,2302.90,2300.40,2302.30,1173
1787716380000000000,2302.90,2303.90,2302.00,2302.70,2946
1787716440000000000,2302.70,2306.30,2302.70,2305.00,9226
1787716500000000000,2305.00,2305.40,2300.10,2300.10,4690
1787716560000000000,2300.70,2301.00,2297.20,2297.80,3729
1787716620000000000,2298.10,2299.00,2297.20,2297.70,2496
1787716680000000000,2297.90,2298.20,2295.20,2296.40,3632
1787716740000000000,2297.00,2297.30,2295.60,2297.20,7316
1787716800000000000,2297.20,2297.20,2293.00,2293.50,5249
1787716860000000000,2293.00,2293.60,2291.90,2293.00,6730
1787716920000000000,2292.70,2295.00,2292.70,2293.70,6071
1787716980000000000,2293.00,2293.70,2292.00,2292.40,5064
1787717040000000000,2292.10,2292.80,2291.10,2292.80,9282
1787717100000000000,2292.80,2294.60,2292.10,2294.00,6837
1787717160000000000,2293.40,2294.70,2293.10,2293.10,1965
1787717220000000000,2293.10,2294.00,2292.70,2292.70,2806
1787717280000000000,2292.80,2293.80,2292.00,2293.00,2723
1787717340000000000,2293.50,2293.60,2292.50,2293.30,2049
1787717400000000000,2293.30,2294.40,2293.00,2293.70,4363
1787717460000000000,2294.00,2295.00,2294.00,2294.10,3818
1787717520000000000,2294.60,2297.00,2294.60,2296.00,4005
1787717580000000000,2296.40,2297.60,2294.70,2294.70,10079
1787717640000000000,2294.90,2296.00,2294.90,2295.50,2296
1787717700000000000,2295.70,2297.70,2295.00,2297.40,2080
1787717760000000000,2297.50,2298.20,2297.00,2297.00,1727
1787717820000000000,2297.30,2297.90,2297.00,2297.80,1811
1787717880000000000,2297.80,2298.90,2297.50,2298.60,3030
1787717940000000000,2298.60,2298.70,2298.10,2298.20,1357
1787718000000000000,2298.50,2298.50,2296.00,2296.70,11139
1787718060000000000,2296.70,2297.00,2296.00,2296.00,1307
1787718120000000000,2296.10,2296.20,2295.10,2295.30,2275
1787718180000000000,2296.00,2296.20,2295.00,2295.60,2101
1787718240000000000,2295.80,2296.70,2295.10,2296.40,2949
1787718300000000000,2296.40,2296.90,2295.70,2296.70,1103
1787718360000000000,2296.10,2296.70,2296.10,2296.20,1394
1787718420000000000,2296.50,2297.30,2296.30,2296.60,2504
1787718480000000000,2296.60,2296.90,2296.00,2296.00,1769
1787718540000000000,2296.50,2296.50,2296.00,2296.10,813
1787718600000000000,2296.50,2296.60,2295.00,2296.00,2668
1787718660000000000,2296.00,2296.00,2295.20,2295.20,1278
1787718720000000000,2295.10,2295.10,2293.30,2293.60,3688
1787718780000000000,2294.00,2294.00,2293.40,2294.00,1271
1787718840000000000,2294.00,2294.00,2293.10,2293.80,2215
1787718900000000000,2293.80,2294.00,2293.00,2293.00,1942
1787718960000000000,2293.40,2293.80,2292.60,2293.00,1072
1787719020000000000,2293.00,2293.00,2291.20,2292.00,10230
1787719080000000000,2291.40,2292.40,2290.00,2290.00,8309
1787719140000000000,2290.00,2291.00,2289.50,2291.00,7453
1787719200000000000,2291.00,2292.30,2290.80,2291.60,3104
1787719260000000000,2291.60,2291.80,2290.40,2291.50,2448
1787719320000000000,2291.50,2292.00,2291.00,2291.50,1172
1787719380000000000,2291.80,2292.00,2291.50,2292.00,1190
1787719440000000000,2292.00,2293.00,2291.50,2291.80,3530
1787719500000000000,2291.80,2291.80,2290.80,2290.80,1856
1787719560000000000,2291.50,2291.60,2289.00,2289.90,4896
1787719620000000000,2289.00,2290.30,2288.00,2288.50,4522
1787719680000000000,2288.60,2289.60,2288.00,2289.30,7598
1787719740000000000,2289.30,2290.60,2289.00,2290.60,6690
1787719800000000000,2290.20,2291.30,2289.50,2289.50,2588
1787719860000000000,2290.00,2290.10,2289.00,2289.60,2508
1787719920000000000,2289.90,2290.90,2289.80,2290.10,1026
1787719980000000000,2290.10,2290.80,2289.60,2289.60,1576
1787720040000000000,2289.60,2291.60,2289.40,2290.70,1653
1787720100000000000,2291.50,2291.50,2290.00,2290.00,1183
1787720160000000000,2290.00,2290.40,2288.60,2289.00,2048
1787720220000000000,2289.00,2289.00,2287.50,2288.80,3812
1787720280000000000,2288.80,2289.10,2288.00,2288.90,1255
1787720340000000000,2288.90,2288.90,2288.20,2288.20,1541
1787720400000000000,2288.20,2289.50,2288.20,2288.70,2127
1787720460000000000,2288.90,2288.90,2288.00,2288.50,2847
1787720520000000000,2288.10,2288.50,2287.60,2287.60,4597
1787720580000000000,2287.90,2288.50,2287.60,2288.00,2520
1787720640000000000,2288.30,2288.40,2287.60,2288.10,1757
1787720700000000000,2288.10,2288.10,2287.60,2288.00,1209
1787720760000000000,2287.60,2288.50,2287.60,2288.50,2193
1787720820000000000,2288.40,2288.50,2283.50,2283.90,24028
1787720880000000000,2284.20,2286.10,2284.20,2285.50,1466
1787720940000000000,2285.50,2286.10,2284.70,2284.70,1578
1787721000000000000,2285.50,2286.50,2283.30,2285.10,5062
1787721060000000000,2285.10,2286.10,2285.00,2285.80,1797
1787721120000000000,2285.80,2285.80,2285.10,2285.40,1247
1787721180000000000,2285.40,2286.50,2285.40,2286.50,1046
1787721240000000000,2286.30,2286.90,2285.10,2285.10,1540
1787721300000000000,2285.10,2285.50,2282.50,2283.40,6351
1787721360000000000,2283.40,2284.50,2282.80,2283.90,1534
1787721420000000000,2284.00,2284.90,2283.00,2283.60,2742
1787721480000000000,2284.20,2284.20,2283.20,2284.20,1293
1787721540000000000,2284.20,2284.60,2283.40,2284.00,1933
1787721600000000000,2284.00,2284.50,2284.00,2284.50,811
1787721660000000000,2284.50,2285.30,2284.20,2284.60,917
1787721720000000000,2285.20,2285.30,2283.70,2283.70,9130
1787721780000000000,2283.80,2284.20,2283.10,2283.70,2137
1787721840000000000,2283.80,2284.10,2283.30,2284.00,812
1787721900000000000,2284.00,2284.10,2283.40,2283.40,495
1787721960000000000,2284.00,2284.50,2283.00,2283.00,2028
1787722020000000000,2283.40,2284.50,2282.70,2284.00,2867
1787722080000000000,2283.70,2285.20,2283.60,2284.50,1403
1787722140000000000,2284.00,2284.50,2283.50,2283.60,1992
1787722200000000000,2283.60,2283.60,2283.10,2283.60,851
1787722260000000000,2283.60,2284.50,2282.50,2284.50,1731
1787722320000000000,2284.00,2285.00,2283.50,2284.30,1585
1787722380000000000,2284.30,2284.50,2283.90,2284.10,2224
1787722440000000000,2284.00,2284.10,2282.10,2283.00,2811
1787722500000000000,2283.00,2283.40,2283.00,2283.40,1226
1787722560000000000,2283.30,2283.80,2283.20,2283.30,2552
1787722620000000000,2283.80,2284.50,2283.30,2283.90,1554
1787722680000000000,2283.90,2285.00,2283.90,2285.00,2821
1787722740000000000,2285.00,2285.60,2284.70,2285.00,2590
1787722800000000000,2285.70,2286.90,2284.70,2284.70,4484
1787722860000000000,2284.70,2285.40,2284.30,2284.50,1450
1787722920000000000,2284.70,2285.90,2284.50,2285.70,794
1787722980000000000,2285.70,2285.70,2285.10,2285.70,659
1787723040000000000,2285.70,2285.70,2284.50,2285.10,1783
1787723100000000000,2285.10,2286.20,2283.30,2284.00,2136
1787723160000000000,2284.10,2284.50,2283.00,2283.10,2426
1787723220000000000,2283.20,2283.60,2282.30,2282.80,2901
1787723280000000000,2282.60,2284.10,2282.50,2284.10,2003
1787723340000000000,2282.70,2283.50,2282.50,2283.00,2216
1787723400000000000,2282.70,2283.00,2282.20,2282.50,1023
1787723460000000000,2282.70,2283.70,2282.20,2283.50,2613
1787723520000000000,2283.00,2283.50,2281.00,2281.00,3606
1787723580000000000,2281.10,2281.90,2281.00,2281.90,770
1787723640000000000,2281.80,2282.40,2281.50,2282.00,1751
1787723700000000000,2282.00,2282.10,2281.10,2281.10,2918
1787723760000000000,2281.50,2281.50,2280.60,2281.10,3395
1787723820000000000,2281.00,2281.10,2278.00,2278.00,14991
1787723880000000000,2278.40,2280.00,2278.00,2280.00,3643
1787723940000000000,2280.00,2280.50,2275.00,2275.30,42351
1787724000000000000,2275.30,2276.50,2274.00,2275.20,6225
1787724060000000000,2275.70,2275.90,2272.40,2274.70,15378
1787724120000000000,2274.80,2276.60,2274.00,2276.00,4250
1787724180000000000,2276.00,2276.00,2275.00,2275.30,4080
1787724240000000000,2275.00,2276.60,2274.70,2275.50,4267
1787724300000000000,2275.30,2277.00,2274.90,2276.50,2250
1787724360000000000,2276.90,2277.00,2275.00,2276.20,5292
1787724420000000000,2276.50,2277.00,2275.50,2276.70,4314
1787724480000000000,2276.60,2276.80,2275.70,2276.40,1489
1787724540000000000,2276.40,2277.00,2276.00,2276.00,4844
1787724600000000000,2276.30,2276.70,2275.80,2276.70,2343
1787724660000000000,2276.70,2277.00,2276.10,2276.80,2168
1787724720000000000,2276.50,2276.80,2276.20,2276.80,1301
1787724780000000000,2276.80,2277.00,2276.40,2276.90,1811
1787724840000000000,2277.00,2277.20,2276.70,2276.90,4117
1787724900000000000,2277.00,2277.00,2276.60,2276.90,1467
1787724960000000000,2276.80,2277.10,2276.80,2277.00,2660
1787725020000000000,2276.90,2278.00,2276.20,2276.70,49098
1787725080000000000,2276.50,2276.70,2276.10,2276.30,3133
1787725140000000000,2276.30,2276.60,2276.00,2276.00,2020
1787725200000000000,2276.40,2277.00,2276.10,2276.90,615
1787725260000000000,2276.80,2276.90,2274.00,2275.80,13325
1787725320000000000,2275.70,2275.70,2274.70,2275.30,1307
1787725380000000000,2275.30,2275.30,2275.00,2275.30,1122
1787725440000000000,2275.30,2275.50,2274.30,2274.50,2601
1787725500000000000,2275.00,2276.20,2274.50,2276.00,3026
1787725560000000000,2276.10,2276.60,2275.70,2276.40,4240
1787725620000000000,2276.30,2276.30,2275.20,2275.20,4124
1787725680000000000,2275.40,2275.70,2274.90,2275.00,2377
1787725740000000000,2275.00,2275.50,2274.50,2275.40,1332
1787725800000000000,2275.40,2275.40,2274.50,2274.60,964
1787725860000000000,2274.50,2276.00,2274.50,2274.80,2877
1787725920000000000,2274.80,2275.80,2274.60,2274.60,1813
1787725980000000000,2275.00,2275.50,2274.50,2275.20,1629
1787726040000000000,2275.20,2275.30,2274.10,2274.10,1982
1787726100000000000,2274.80,2274.80,2273.10,2274.00,3992
1787726160000000000,2274.00,2274.00,2273.30,2274.00,1284
1787726220000000000,2273.60,2274.00,2273.60,2274.00,1408
1787726280000000000,2273.70,2274.00,2273.50,2274.00,2791
1787726340000000000,2274.40,2274.80,2273.50,2274.00,1457
1787726400000000000,2274.10,2274.10,2272.70,2272.70,6631
1787726460000000000,2272.70,2273.40,2272.20,2273.40,2697
1787726520000000000,2273.40,2273.80,2272.60,2273.30,2321
1787726580000000000,2273.70,2273.80,2273.30,2273.80,1555
1787726640000000000,2273.80,2274.40,2270.30,2271.80,18063
1787726700000000000,2271.80,2272.00,2271.00,2272.00,2915
1787726760000000000,2272.00,2272.00,2271.50,2272.00,1778
1787726820000000000,2272.00,2273.30,2271.80,2272.70,7972
1787726880000000000,2272.80,2273.60,2272.00,2272.80,3913
1787726940000000000,2272.80,2272.90,2272.10,2272.70,4027
1787727000000000000,2272.70,2273.20,2272.00,2272.00,2565
1787727060000000000,2272.40,2273.00,2272.00,2272.20,2983
1787727120000000000,2272.10,2273.00,2272.10,2272.90,1738
1787727180000000000,2272.90,2273.00,2272.40,2272.60,3009
1787727240000000000,2272.60,2273.50,2272.50,2272.80,2310
1787727300000000000,2272.80,2272.80,2271.40,2271.70,10994
1787727360000000000,2271.70,2272.60,2270.00,2270.00,28956
1787727420000000000,2270.10,2270.30,2268.30,2269.30,20277
1787727480000000000,2269.30,2270.20,2269.00,2270.20,2963
1787727540000000000,2270.20,2270.30,2269.40,2269.60,3057
1787727600000000000,2269.60,2270.00,2269.00,2269.00,2556
1787727660000000000,2269.30,2269.60,2269.00,2269.40,3080
1787727720000000000,2269.40,2269.40,2269.10,2269.20,1417
1787727780000000000,2269.20,2269.20,2269.00,2269.10,2113
1787727840000000000,2269.10,2269.10,2268.40,2268.60,5400
1787727900000000000,2268.90,2270.20,2268.80,2270.00,5573
1787727960000000000,2270.00,2271.00,2269.40,2270.00,2251
1787728020000000000,2270.60,2271.00,2270.20,2270.60,2046
1787728080000000000,2270.60,2270.60,2270.00,2270.20,1963
1787728140000000000,2270.00,2270.20,2268.70,2268.70,3474
1787728200000000000,2268.70,2269.40,2268.70,2269.40,2143
1787728260000000000,2269.30,2269.30,2268.00,2268.10,7533
1787728320000000000,2268.10,2268.90,2268.00,2268.90,5638
1787728380000000000,2268.70,2269.30,2268.50,2269.30,1022
1787728440000000000,2269.30,2269.70,2268.90,2269.00,2482
1787728500000000000,2269.50,2270.30,2268.90,2269.10,3093
1787728560000000000,2269.10,2269.20,2268.00,2268.10,6575
1787728620000000000,2268.00,2268.50,2267.10,2268.30,8144
1787728680000000000,2268.50,2270.10,2268.00,2269.00,2711
1787728740000000000,2269.00,2269.40,2268.20,2268.90,5317
1787728800000000000,2269.00,2269.80,2268.10,2268.10,3104
1787728860000000000,2268.60,2269.20,2268.50,2268.60,1949
1787728920000000000,2268.60,2269.20,2267.50,2268.10,8444
1787728980000000000,2267.50,2268.10,2267.50,2267.70,1846
1787729040000000000,2267.70,2267.80,2267.50,2267.70,1711
1787729100000000000,2267.70,2268.00,2267.50,2268.00,3122
1787729160000000000,2267.90,2268.90,2267.90,2268.50,4845
1787729220000000000,2268.60,2268.90,2268.50,2268.70,3488
1787729280000000000,2268.70,2268.80,2268.00,2268.00,4181
1787729340000000000,2268.40,2268.70,2267.90,2268.30,8031
1787729400000000000,2268.70,2269.70,2268.20,2269.40,2945
1787729460000000000,2269.40,2269.40,2268.10,2268.40,3868
1787729520000000000,2269.10,2269.80,2268.40,2269.30,1783
1787729580000000000,2269.30,2269.50,2269.20,2269.40,3459
1787729640000000000,2269.40,2270.40,2269.40,2270.30,4217
1787729700000000000,2270.00,2272.80,2270.00,2271.70,5257
1787729760000000000,2271.70,2272.90,2271.20,2272.00,10149
1787729820000000000,2271.90,2272.00,2270.90,2271.10,6042
1787729880000000000,2271.10,2271.10,2271.00,2271.00,2162
1787729940000000000,2271.00,2271.10,2270.00,2271.00,6005
1787730000000000000,2271.00,2272.50,2270.90,2272.00,9581
1787730060000000000,2272.00,2272.20,2272.00,2272.00,2544
1787730120000000000,2272.00,2272.00,2271.00,2271.60,7811
1787730180000000000,2271.40,2271.90,2271.00,2271.20,4272
1787730240000000000,2271.50,2272.90,2271.10,2271.20,5583
1787730300000000000,2272.00,2272.00,2271.00,2271.30,4059
1787730360000000000,2271.30,2272.70,2271.00,2271.90,6572
1787730420000000000,2271.90,2271.90,2271.00,2271.00,1369
1787730480000000000,2271.10,2271.30,2271.00,2271.10,2392
1787730540000000000,2271.20,2271.90,2271.10,2271.60,1144
1787730600000000000,2271.60,2272.50,2271.00,2271.10,8681
1787730660000000000,2271.10,2271.10,2271.00,2271.10,5018
1787730720000000000,2271.10,2271.10,2271.00,2271.00,1347
1787730780000000000,2271.00,2271.10,2268.80,2268.80,8973
1787730840000000000,2269.00,2270.00,2268.40,2269.30,5816
1787730900000000000,2269.40,2270.00,2268.90,2270.00,879
1787730960000000000,2269.70,2270.50,2269.60,2270.20,2619
1787731020000000000,2270.50,2271.00,2270.00,2270.00,1230
1787731080000000000,2270.00,2270.40,2269.50,2270.20,4539
1787731140000000000,2270.20,2270.70,2268.20,2268.20,5245
1787731200000000000,2268.40,2268.60,2267.60,2267.90,4483
1787731260000000000,2268.00,2268.10,2267.90,2268.00,1520
1787731320000000000,2268.00,2268.00,2267.70,2267.90,2227
1787731380000000000,2267.90,2268.00,2267.40,2267.60,2973
1787731440000000000,2267.90,2269.10,2266.40,2269.00,10057
1787731500000000000,2269.00,2269.80,2268.40,2269.20,1233
1787731560000000000,2269.20,2269.40,2268.00,2268.00,3157
1787731620000000000,2268.50,2268.60,2267.90,2268.20,1539
1787731680000000000,2268.20,2269.40,2268.00,2269.40,3431
1787731740000000000,2269.40,2269.40,2268.50,2268.60,2680
1787731800000000000,2268.50,2268.90,2268.00,2268.00,2857
1787731860000000000,2268.00,2268.10,2267.40,2267.60,1054
1787731920000000000,2267.60,2267.70,2267.00,2267.70,2238
1787731980000000000,2267.70,2267.90,2267.40,2267.70,1397
1787732040000000000,2267.70,2268.70,2267.30,2268.40,4900
1787732100000000000,2267.70,2268.20,2267.00,2267.10,2305
1787732160000000000,2267.00,2268.80,2267.00,2268.80,1138
1787732220000000000,2268.20,2269.30,2267.50,2267.50,2298
1787732280000000000,2268.00,2268.00,2267.40,2267.50,580
1787732340000000000,2267.50,2268.50,2267.10,2268.50,2861
1787732400000000000,2268.50,2269.50,2268.10,2269.00,1488
1787732460000000000,2268.50,2269.00,2268.10,2268.40,2110
1787732520000000000,2268.80,2269.70,2268.50,2269.70,3322
1787732580000000000,2269.30,2270.50,2269.30,2269.50,1869
1787732640000000000,2269.60,2269.60,2268.80,2268.80,1548
1787732700000000000,2269.00,2270.40,2268.90,2269.50,2442
1787732760000000000,2269.10,2269.50,2269.00,2269.20,1537
1787732820000000000,2269.10,2269.50,2269.10,2269.50,757
1787732880000000000,2269.50,2269.90,2269.00,2269.60,2743
1787732940000000000,2269.90,2270.50,2268.50,2269.10,6876
1787733000000000000,2269.80,2269.80,2268.50,2269.50,1138
1787733060000000000,2269.30,2269.80,2268.80,2269.20,2523
1787733120000000000,2269.20,2269.50,2268.10,2269.00,9320
1787733180000000000,2268.90,2269.90,2268.30,2269.10,4233
1787733240000000000,2269.10,2269.10,2268.20,2268.20,1667
1787733300000000000,2268.20,2269.80,2268.20,2269.00,2645
1787733360000000000,2269.50,2269.90,2268.50,2268.50,939
1787733420000000000,2268.50,2269.00,2268.20,2268.60,6242
1787733480000000000,2268.90,2270.60,2268.60,2268.90,2846
1787733540000000000,2269.60,2269.70,2269.00,2269.70,1402
1787733600000000000,2269.70,2270.60,2269.60,2270.00,2028
1787733660000000000,2270.00,2270.50,2269.60,2270.00,1722
1787733720000000000,2270.50,2271.60,2270.00,2271.10,3097
1787733780000000000,2271.00,2272.00,2270.80,2271.60,3277
1787733840000000000,2271.20,2271.50,2270.50,2270.80,3346
1787733900000000000,2270.80,2271.00,2269.30,2270.40,3609
1787733960000000000,2270.20,2272.00,2270.20,2270.70,3256
1787734020000000000,2270.70,2271.50,2270.70,2270.80,3265
1787734080000000000,2271.30,2272.00,2270.80,2271.20,2308
1787734140000000000,2271.20,2271.30,2270.70,2271.30,1568
1787734200000000000,2271.00,2272.90,2271.00,2272.60,6569
1787734260000000000,2272.50,2272.80,2271.10,2271.90,4781
1787734320000000000,2271.70,2272.60,2271.30,2271.70,6526
1787734380000000000,2271.90,2272.60,2271.60,2271.80,2894
1787734440000000000,2271.90,2272.10,2270.40,2271.10,1953
1787734500000000000,2271.10,2271.50,2270.00,2271.00,4059
1787734560000000000,2271.00,2271.00,2270.30,2270.80,2151
1787734620000000000,2270.40,2270.80,2270.20,2270.70,1516
1787734680000000000,2270.60,2271.50,2270.40,2271.30,3563
1787734740000000000,2271.30,2271.80,2270.70,2270.90,2519
1787734800000000000,2271.20,2272.50,2270.90,2271.60,6990
1787734860000000000,2271.60,2272.50,2270.90,2271.20,4977
1787734920000000000,2271.20,2271.70,2270.00,2270.30,6411
1787734980000000000,2270.40,2272.50,2270.10,2272.50,7779
1787735040000000000,2271.10,2272.10,2270.10,2271.50,5214
1787735100000000000,2271.40,2272.20,2271.00,2271.40,2132
1787735160000000000,2271.40,2272.20,2271.00,2271.50,644
1787735220000000000,2271.50,2272.40,2271.00,2271.80,2279
1787735280000000000,2271.20,2271.80,2271.20,2271.70,694
1787735340000000000,2271.70,2272.00,2271.20,2271.70,2264
1787735400000000000,2271.30,2272.00,2271.30,2271.50,1685
1787735460000000000,2271.50,2271.80,2270.50,2270.50,2321
1787735520000000000,2271.00,2271.00,2270.10,2270.10,2059
1787735580000000000,2270.40,2271.00,2270.00,2270.30,1285
1787735640000000000,2270.30,2270.40,2270.00,2270.00,3794
1787735700000000000,2270.40,2270.90,2270.00,2270.90,3060
1787735760000000000,2270.80,2271.90,2270.80,2271.40,2274
1787735820000000000,2271.40,2271.90,2271.00,2271.50,2027
1787735880000000000,2271.60,2271.90,2271.30,2271.80,2169
1787735940000000000,2271.80,2271.90,2270.80,2271.50,4078
1787736000000000000,2271.50,2271.80,2270.50,2271.00,4427
1787736060000000000,2270.70,2271.00,2270.50,2270.50,2542
1787736120000000000,2271.00,2272.40,2270.10,2271.50,9684
1787736180000000000,2271.50,2271.90,2270.90,2271.60,3535
1787736240000000000,2271.50,2271.90,2271.50,2271.50,1972
1787736300000000000,2271.60,2272.40,2271.40,2272.40,7031
1787736360000000000,2272.00,2272.30,2271.00,2271.20,3682
1787736420000000000,2271.50,2271.70,2271.00,2271.20,4019
1787736480000000000,2271.30,2271.90,2270.90,2271.30,3664
1787736540000000000,2271.00,2272.00,2270.50,2271.70,11009
1787736600000000000,2271.70,2272.00,2270.00,2270.50,17666
1787736660000000000,2270.50,2270.60,2270.10,2270.40,5736
1787736720000000000,2270.30,2270.90,2270.00,2270.20,9921
1787736780000000000,2270.10,2270.90,2269.80,2270.90,13087
1787736840000000000,2270.60,2271.40,2270.00,2270.70,9176
1787736900000000000,2270.70,2270.70,2269.30,2269.80,9872
1787736960000000000,2269.30,2270.70,2268.50,2269.60,25552
1787737020000000000,2268.90,2270.10,2268.80,2270.10,28772
1787737080000000000,2270.00,2270.30,2270.00,2270.20,3951
1787737140000000000,2270.10,2270.20,2268.10,2270.00,20052
1787737200000000000,2270.00,2270.50,2269.10,2270.30,13003
1787737260000000000,2270.00,2272.10,2270.00,2272.10,13200
1787737320000000000,2271.00,2272.20,2270.00,2271.40,24366
1787737380000000000,2271.30,2272.50,2271.00,2272.10,10722
1787737440000000000,2272.20,2272.50,2271.40,2272.00,6335
1787737500000000000,2272.00,2272.00,2272.00,2272.00,0
1787737560000000000,2272.00,2272.00,2272.00,2272.00,0
1787737620000000000,2272.00,2272.00,2272.00,2272.00,0
1787737680000000000,2272.00,2272.00,2272.00,2272.00,0
1787737740000000000,2272.00,2272.00,2272.00,2272.00,0
1787737800000000000,2272.00,2272.00,2272.00,2272.00,0
1787737860000000000,2272.00,2272.00,2272.00,2272.00,0
1787737920000000000,2272.00,2272.00,2272.00,2272.00,0
1787737980000000000,2272.00,2272.00,2272.00,2272.00,0
1787738040000000000,2272.00,2272.00,2272.00,2272.00,0
1787738100000000000,2272.00,2272.00,2272.00,2272.00,0
1787738160000000000,2272.00,2272.00,2272.00,2272.00,0
1787738220000000000,2272.00,2272.00,2272.00,2272.00,0
1787738280000000000,2270.00,2270.00,2270.00,2270.00,62501
1787738340000000000,2270.00,2270.00,2270.00,2270.00,0
1787802300000000000,2270.00,2283.60,2263.50,2283.00,72526
1787802360000000000,2283.00,2283.10,2270.50,2271.50,19636
1787802420000000000,2272.30,2273.70,2270.10,2270.30,13342
1787802480000000000,2270.10,2274.90,2270.10,2273.40,7754
1787802540000000000,2273.70,2274.10,2271.10,2271.20,5807
1787802600000000000,2271.50,2274.20,2271.20,2273.10,8586
1787802660000000000,2273.30,2274.20,2270.40,2270.40,4380
1787802720000000000,2270.60,2271.70,2266.10,2266.10,6113
1787802780000000000,2266.30,2268.10,2261.20,2262.40,17651
1787802840000000000,2261.90,2265.10,2261.20,2264.70,9161
1787802900000000000,2264.70,2266.30,2262.40,2264.10,5453
1787802960000000000,2263.20,2264.10,2261.10,2261.80,5431
1787803020000000000,2261.80,2263.00,2260.00,2260.00,10241
1787803080000000000,2260.10,2261.80,2258.40,2261.60,19477
1787803140000000000,2261.40,2261.60,2260.00,2261.00,2348
1787803200000000000,2260.90,2262.20,2260.10,2261.00,3999
1787803260000000000,2261.00,2262.10,2258.10,2258.30,7616
1787803320000000000,2258.30,2262.20,2256.20,2261.60,11827
1787803380000000000,2261.60,2264.50,2261.60,2263.30,8151
1787803440000000000,2263.30,2263.50,2258.00,2260.80,7548
1787803500000000000,2260.80,2263.90,2260.70,2263.00,3798
1787803560000000000,2263.00,2263.00,2260.60,2261.00,4334
1787803620000000000,2261.00,2261.00,2259.00,2259.40,2619
1787803680000000000,2259.40,2259.90,2258.10,2259.80,4174
1787803740000000000,2259.60,2259.90,2258.60,2259.20,1989
1787803800000000000,2259.20,2259.90,2258.40,2258.40,3626
1787803860000000000,2259.00,2259.00,2258.40,2258.40,1003
1787803920000000000,2259.00,2259.00,2258.30,2258.80,2524
1787803980000000000,2258.50,2258.80,2258.30,2258.30,3534
1787804040000000000,2258.80,2259.80,2258.30,2258.90,8578
1787804100000000000,2258.80,2260.60,2258.80,2259.80,5949
1787804160000000000,2259.90,2260.80,2259.90,2259.90,3015
1787804220000000000,2260.30,2260.70,2259.50,2260.30,1926
1787804280000000000,2260.30,2260.40,2259.20,2259.60,1751
1787804340000000000,2259.20,2259.20,2258.00,2258.70,4061
1787804400000000000,2258.70,2258.70,2255.80,2255.80,9998
1787804460000000000,2256.00,2256.20,2254.00,2254.00,11037
1787804520000000000,2254.30,2255.00,2254.00,2255.00,2916
1787804580000000000,2255.00,2256.60,2254.20,2254.80,10441
1787804640000000000,2254.30,2255.10,2253.30,2253.80,6668
1787804700000000000,2253.80,2254.60,2253.30,2253.30,3495
1787804760000000000,2253.30,2254.50,2253.30,2254.00,2063
1787804820000000000,2253.80,2254.50,2253.30,2253.30,2390
1787804880000000000,2253.30,2253.60,2252.10,2252.80,9727
1787804940000000000,2252.80,2253.40,2252.20,2252.30,2029
1787805000000000000,2252.30,2253.30,2252.00,2252.70,4834
1787805060000000000,2252.00,2253.00,2251.10,2252.20,5966
1787805120000000000,2252.00,2253.00,2251.70,2252.80,2422
1787805180000000000,2252.60,2253.20,2252.00,2253.10,4038
1787805240000000000,2253.10,2253.30,2252.10,2252.50,2138
1787805300000000000,2252.50,2253.00,2252.00,2252.10,1503
1787805360000000000,2252.20,2252.50,2251.10,2252.40,3720
1787805420000000000,2252.40,2254.40,2252.10,2254.30,5514
1787805480000000000,2253.90,2257.30,2252.60,2253.60,10600
1787805540000000000,2253.70,2256.50,2253.70,2255.50,3171
1787805600000000000,2255.40,2255.50,2253.10,2255.50,2207
1787805660000000000,2255.40,2255.50,2254.00,2254.00,2038
1787805720000000000,2254.70,2254.70,2253.60,2254.50,1516
1787805780000000000,2254.50,2254.50,2251.90,2253.40,6839
1787805840000000000,2253.40,2253.90,2252.00,2252.70,3107
1787805900000000000,2252.80,2253.00,2251.70,2251.90,6591
1787805960000000000,2252.70,2253.00,2252.00,2252.80,1229
1787806020000000000,2252.80,2253.40,2252.20,2252.40,1573
1787806080000000000,2252.70,2254.00,2252.30,2253.20,3226
1787806140000000000,2253.20,2253.70,2252.00,2252.70,2334
1787806200000000000,2252.00,2252.80,2252.00,2252.10,1135
1787806260000000000,2252.30,2253.00,2252.00,2253.00,2155
1787806320000000000,2252.20,2254.00,2252.00,2253.30,3635
1787806380000000000,2253.30,2253.90,2252.80,2253.30,1740
1787806440000000000,2253.30,2253.40,2252.10,2253.10,4230
1787806500000000000,2252.30,2253.40,2252.00,2252.80,2068
1787806560000000000,2252.80,2253.20,2252.00,2253.20,2172
1787806620000000000,2253.00,2253.30,2252.10,2252.10,2413
1787806680000000000,2252.10,2252.50,2250.10,2251.10,12804
1787806740000000000,2251.60,2251.90,2250.80,2251.10,2193
1787806800000000000,2251.30,2251.40,2247.70,2248.10,25252
1787806860000000000,2248.20,2249.60,2247.90,2248.50,4031
1787806920000000000,2248.50,2249.50,2248.00,2248.90,2697
1787806980000000000,2248.10,2251.10,2248.10,2248.30,11280
1787807040000000000,2248.40,2250.40,2248.40,2248.60,2679
1787807100000000000,2248.50,2249.90,2248.50,2249.80,2723
1787807160000000000,2249.80,2249.80,2249.00,2249.30,1945
1787807220000000000,2249.40,2250.10,2249.00,2249.30,2952
1787807280000000000,2249.10,2250.30,2249.10,2249.50,2001
1787807340000000000,2249.60,2249.70,2248.00,2248.00,5250
1787807400000000000,2248.00,2248.80,2247.90,2248.00,3039
1787807460000000000,2247.90,2248.60,2247.20,2247.60,3813
1787807520000000000,2247.60,2248.30,2247.20,2248.00,2070
1787807580000000000,2247.50,2248.40,2247.40,2247.40,2100
1787807640000000000,2248.00,2248.00,2245.10,2246.00,10875
1787807700000000000,2246.00,2246.60,2244.00,2244.00,10145
1787807760000000000,2244.00,2248.00,2243.90,2247.50,14664
1787807820000000000,2247.50,2248.50,2246.70,2246.70,2845
1787807880000000000,2247.00,2247.20,2245.70,2246.50,3265
1787807940000000000,2246.80,2248.10,2246.20,2247.90,2461
1787808000000000000,2248.00,2248.20,2247.10,2247.20,4474
1787808060000000000,2247.20,2248.30,2244.20,2244.40,8628
1787808120000000000,2244.20,2246.90,2244.20,2246.80,4204
1787808180000000000,2246.20,2250.80,2246.20,2250.10,18482
1787808240000000000,2250.40,2251.40,2248.30,2248.40,4249
1787808300000000000,2248.40,2249.50,2248.30,2248.50,2522
1787808360000000000,2249.20,2250.40,2248.50,2249.70,2898
1787808420000000000,2249.70,2251.00,2249.60,2250.10,3448
1787808480000000000,2250.00,2250.20,2248.90,2249.70,1287
1787808540000000000,2249.70,2250.70,2249.20,2249.40,2709
1787808600000000000,2249.40,2250.30,2249.20,2249.50,2270
1787808660000000000,2249.50,2249.90,2248.50,2249.00,2006
1787808720000000000,2249.00,2251.00,2248.30,2250.10,3432
1787808780000000000,2250.10,2251.70,2250.00,2250.20,3841
1787808840000000000,2250.70,2251.50,2250.50,2251.50,2306
1787808900000000000,2251.40,2252.90,2251.40,2252.30,12337
1787808960000000000,2252.40,2252.40,2251.30,2251.60,2201
1787809020000000000,2251.60,2252.40,2251.60,2252.00,2092
1787809080000000000,2252.00,2252.90,2251.60,2252.40,5077
1787809140000000000,2252.40,2253.30,2251.60,2252.40,2920
1787809200000000000,2252.40,2253.00,2251.70,2252.60,1512
1787809260000000000,2252.50,2252.70,2251.00,2251.10,2476
1787809320000000000,2251.10,2251.20,2250.00,2250.20,2076
1787809380000000000,2250.20,2251.10,2248.80,2250.00,4356
1787809440000000000,2249.40,2250.80,2249.20,2250.40,1367
1787809500000000000,2250.70,2250.70,2249.90,2250.60,1394
1787809560000000000,2250.70,2251.00,2249.40,2250.30,2748
1787809620000000000,2250.00,2251.20,2249.60,2250.40,2516
1787809680000000000,2250.10,2251.20,2250.10,2250.60,3145
1787809740000000000,2250.70,2252.00,2250.40,2250.70,3868
1787809800000000000,2250.70,2251.40,2250.10,2250.50,959
1787809860000000000,2250.50,2250.90,2249.60,2250.30,1476
1787809920000000000,2250.30,2250.60,2248.80,2249.20,2370
1787809980000000000,2248.80,2249.60,2248.60,2249.40,1417
1787810040000000000,2249.20,2250.00,2248.50,2249.10,2916
1787810100000000000,2248.50,2251.00,2248.30,2250.80,3430
1787810160000000000,2251.20,2251.50,2248.00,2248.10,4171
1787810220000000000,2248.40,2248.40,2247.30,2247.70,1157
1787810280000000000,2247.90,2248.90,2247.60,2248.60,1157
1787810340000000000,2247.80,2248.70,2247.80,2248.00,636
1787810400000000000,2248.20,2249.10,2248.10,2249.00,2551
1787810460000000000,2248.50,2249.10,2248.40,2248.70,727
1787810520000000000,2248.80,2250.00,2248.80,2249.80,884
1787810580000000000,2249.50,2250.90,2249.50,2250.10,2002
1787810640000000000,2250.80,2250.90,2250.00,2250.90,553
1787810700000000000,2250.80,2251.20,2250.50,2250.50,2079
1787810760000000000,2250.80,2251.20,2250.50,2250.50,1805
1787810820000000000,2250.50,2251.20,2250.50,2250.50,625
1787810880000000000,2250.50,2251.00,2250.50,2250.70,559
1787810940000000000,2250.50,2250.90,2250.00,2250.00,2831
1787811000000000000,2250.10,2251.00,2250.00,2250.10,939
1787811060000000000,2250.10,2250.80,2250.00,2250.70,691
1787811120000000000,2250.70,2250.70,2249.50,2249.80,6100
1787811180000000000,2250.00,2250.90,2249.50,2250.60,5126
1787811240000000000,2250.70,2250.70,2250.00,2250.40,2148
1787811300000000000,2250.40,2250.50,2250.00,2250.20,2420
1787811360000000000,2250.30,2250.60,2249.20,2249.90,2254
1787811420000000000,2249.90,2250.90,2249.80,2249.80,1937
1787811480000000000,2250.00,2250.60,2249.80,2250.00,906
1787811540000000000,2250.00,2250.90,2250.00,2250.30,1981
1787811600000000000,2250.00,2250.50,2249.80,2250.00,3384
1787811660000000000,2250.00,2250.60,2249.80,2250.30,1240
1787811720000000000,2250.60,2251.00,2249.80,2250.20,2625
1787811780000000000,2250.20,2251.00,2250.10,2251.00,1786
1787811840000000000,2251.00,2251.60,2250.50,2250.50,711
1787811900000000000,2250.50,2251.10,2250.50,2250.50,1826
1787811960000000000,2250.80,2251.10,2250.50,2250.90,1481
1787812020000000000,2250.70,2251.10,2250.70,2250.90,1545
1787812080000000000,2250.90,2251.70,2250.70,2250.90,1556
1787812140000000000,2250.80,2251.70,2249.00,2249.00,19842
1787812200000000000,2249.40,2249.50,2248.10,2249.30,2703
1787812260000000000,2249.30,2249.50,2248.70,2248.70,2354
1787812320000000000,2248.70,2249.40,2247.30,2248.20,9613
1787812380000000000,2248.60,2249.20,2248.00,2249.00,2593
1787812440000000000,2248.60,2249.20,2247.40,2248.00,3411
1787812500000000000,2248.10,2249.00,2247.70,2248.00,2850
1787812560000000000,2248.50,2248.80,2247.90,2248.20,2159
1787812620000000000,2248.20,2248.80,2246.90,2247.30,3854
1787812680000000000,2247.30,2247.80,2246.20,2247.70,2873
1787812740000000000,2247.20,2248.80,2246.90,2247.90,5138
1787812800000000000,2248.40,2248.80,2246.80,2247.90,4323
1787812860000000000,2247.70,2248.10,2247.00,2247.00,1727
1787812920000000000,2247.00,2248.30,2246.20,2247.40,3141
1787812980000000000,2247.40,2248.00,2246.80,2247.60,2035
1787813040000000000,2247.60,2248.90,2247.60,2247.80,4093
1787813100000000000,2247.80,2249.50,2247.80,2249.20,2891
1787813160000000000,2248.60,2250.00,2248.00,2249.00,4823
1787813220000000000,2249.00,2250.60,2248.40,2248.80,5235
1787813280000000000,2248.70,2249.50,2247.00,2247.60,4319
1787813340000000000,2247.30,2248.80,2247.10,2248.70,3318
1787813400000000000,2248.80,2250.10,2248.60,2249.00,20646
1787813460000000000,2249.00,2250.30,2248.30,2250.00,18008
1787813520000000000,2250.00,2251.30,2250.00,2250.00,6542
1787813580000000000,2250.00,2251.00,2248.50,2248.50,6509
1787813640000000000,2249.00,2249.70,2248.30,2249.10,2262
1787813700000000000,2248.50,2250.60,2248.50,2249.80,1827
1787813760000000000,2250.20,2251.30,2249.60,2250.00,3166
1787813820000000000,2250.00,2251.00,2250.00,2250.40,2536
1787813880000000000,2250.40,2250.50,2248.80,2249.00,1558
1787813940000000000,2249.10,2251.00,2248.80,2250.00,2162
1787814000000000000,2250.00,2251.40,2249.60,2250.30,2848
1787814060000000000,2250.30,2251.40,2249.10,2249.40,6289
1787814120000000000,2249.40,2250.00,2249.00,2249.50,4079
1787814180000000000,2249.10,2255.50,2249.10,2255.00,15750
1787814240000000000,2255.00,2256.80,2255.00,2255.60,9033
1787814300000000000,2255.60,2256.50,2255.00,2255.90,4316
1787814360000000000,2255.90,2257.70,2255.50,2257.40,16325
1787814420000000000,2257.70,2258.90,2256.70,2258.00,6941
1787814480000000000,2258.30,2259.20,2257.30,2258.90,9328
1787814540000000000,2258.60,2260.00,2258.60,2259.20,9693
1787814600000000000,2259.30,2260.00,2258.90,2258.90,4770
1787814660000000000,2258.90,2259.00,2256.40,2256.70,3546
1787814720000000000,2256.70,2258.20,2255.70,2256.50,6228
1787814780000000000,2256.50,2257.00,2255.60,2256.00,2645
1787814840000000000,2256.10,2257.10,2255.70,2256.50,1598
1787814900000000000,2257.00,2257.30,2256.10,2256.50,981
1787814960000000000,2256.70,2257.80,2256.10,2257.10,3419
1787815020000000000,2256.60,2257.20,2255.20,2256.30,2837
1787815080000000000,2256.10,2257.20,2256.10,2257.00,902
1787815140000000000,2256.40,2257.90,2256.00,2257.50,2819
1787815200000000000,2257.00,2258.20,2255.70,2256.80,5992
1787815260000000000,2256.50,2257.30,2255.90,2256.80,4089
1787815320000000000,2256.20,2258.90,2256.00,2257.00,5920
1787815380000000000,2257.20,2260.10,2256.90,2259.10,31851
1787815440000000000,2259.10,2259.60,2256.60,2257.30,2445
1787815500000000000,2257.30,2257.30,2255.10,2255.50,4735
1787815560000000000,2256.00,2256.90,2254.80,2255.50,3287
1787815620000000000,2255.50,2256.00,2254.30,2255.20,1487
1787815680000000000,2255.20,2256.20,2254.70,2255.30,1258
1787815740000000000,2255.50,2255.50,2253.90,2254.60,2521
1787815800000000000,2254.60,2255.60,2254.50,2254.70,1408
1787815860000000000,2254.70,2255.70,2254.50,2254.90,878
1787815920000000000,2254.90,2256.30,2254.70,2255.60,1582
1787815980000000000,2255.80,2256.30,2255.40,2255.40,933
1787816040000000000,2255.50,2256.00,2255.00,2255.10,1141
1787816100000000000,2255.10,2256.60,2255.00,2256.10,2269
1787816160000000000,2255.90,2256.10,2255.10,2255.10,1042
1787816220000000000,2255.10,2261.00,2255.00,2257.30,40642
1787816280000000000,2257.30,2258.20,2256.90,2257.50,1509
1787816340000000000,2257.80,2258.20,2256.80,2256.90,973
1787816400000000000,2257.00,2258.00,2256.50,2257.50,2677
1787816460000000000,2257.50,2258.00,2256.60,2257.00,1006
1787816520000000000,2257.00,2257.70,2256.60,2257.00,676
1787816580000000000,2257.50,2257.50,2255.60,2256.50,1268
1787816640000000000,2256.50,2257.30,2255.70,2256.20,3019
1787816700000000000,2256.30,2257.40,2256.00,2256.00,3003
1787816760000000000,2256.00,2256.70,2255.10,2255.30,3884
1787816820000000000,2255.30,2256.70,2255.20,2256.30,891
1787816880000000000,2256.30,2257.80,2256.10,2256.50,4438
1787816940000000000,2257.40,2257.90,2256.20,2257.60,3416
1787817000000000000,2256.90,2257.70,2256.40,2257.00,1507
1787817060000000000,2257.00,2257.00,2255.50,2256.10,1079
1787817120000000000,2256.00,2256.60,2255.20,2255.80,1359
1787817180000000000,2255.80,2257.20,2255.00,2257.20,2674
1787817240000000000,2257.20,2258.20,2255.80,2257.50,6208
1787817300000000000,2257.90,2258.00,2256.20,2257.40,2011
1787817360000000000,2257.40,2257.60,2256.20,2257.00,3016
1787817420000000000,2257.00,2257.60,2256.00,2257.10,3041
1787817480000000000,2257.10,2257.20,2256.00,2257.00,4068
1787817540000000000,2257.00,2257.70,2256.20,2257.00,2162
1787817600000000000,2257.00,2257.40,2256.10,2256.70,1424
1787817660000000000,2257.30,2257.40,2256.40,2256.80,1290
1787817720000000000,2256.40,2257.00,2256.40,2256.80,637
1787817780000000000,2256.80,2257.70,2256.50,2257.70,2301
1787817840000000000,2257.70,2258.00,2257.20,2257.50,1778
1787817900000000000,2257.60,2258.00,2257.60,2257.80,683
1787817960000000000,2257.80,2257.80,2256.80,2257.10,1657
1787818020000000000,2257.10,2257.70,2256.90,2257.40,1536
1787818080000000000,2257.40,2258.00,2257.10,2257.50,1871
1787818140000000000,2258.00,2258.40,2257.30,2258.00,1971
1787818200000000000,2258.00,2258.00,2257.20,2257.20,466
1787818260000000000,2257.50,2257.60,2256.60,2256.90,1234
1787818320000000000,2257.40,2257.40,2256.10,2256.80,1425
1787818380000000000,2256.80,2257.20,2256.20,2256.80,1783
1787818440000000000,2256.80,2257.90,2256.80,2257.30,1638
1787818500000000000,2257.40,2257.70,2256.40,2256.70,2305
1787818560000000000,2256.70,2257.40,2256.00,2256.60,2398
1787818620000000000,2256.40,2256.80,2256.00,2256.20,806
1787818680000000000,2256.10,2256.20,2254.50,2254.50,1996
1787818740000000000,2254.70,2255.00,2254.30,2254.60,1073
1787818800000000000,2254.80,2254.90,2253.80,2254.00,3246
1787818860000000000,2254.30,2254.70,2252.80,2253.20,9290
1787818920000000000,2253.40,2254.40,2253.10,2253.30,2800
1787818980000000000,2253.30,2254.10,2252.70,2254.10,3628
1787819040000000000,2254.10,2254.10,2252.90,2253.90,2523
1787819100000000000,2253.90,2254.10,2253.10,2253.60,1502
1787819160000000000,2253.60,2254.10,2252.80,2253.10,1469
1787819220000000000,2253.00,2253.90,2252.20,2253.20,2881
1787819280000000000,2253.90,2254.80,2252.50,2252.60,2489
1787819340000000000,2253.20,2253.20,2252.10,2252.50,1058
1787819400000000000,2252.50,2253.60,2252.00,2252.80,2158
1787819460000000000,2253.50,2253.60,2252.20,2252.90,1981
1787819520000000000,2253.40,2253.50,2252.90,2253.00,671
1787819580000000000,2253.10,2253.80,2252.40,2253.40,1909
1787819640000000000,2253.40,2253.90,2252.80,2253.90,967
1787819700000000000,2253.60,2253.90,2253.20,2253.60,585
1787819760000000000,2253.70,2254.40,2253.20,2253.80,2376
1787819820000000000,2253.80,2254.20,2253.50,2253.80,541
1787819880000000000,2253.90,2254.20,2253.00,2253.60,1176
1787819940000000000,2253.60,2254.00,2253.40,2253.90,1184
1787820000000000000,2253.50,2254.50,2252.90,2254.20,3330
1787820060000000000,2254.20,2255.60,2253.60,2255.00,4196
1787820120000000000,2255.70,2256.00,2254.80,2255.40,1125
1787820180000000000,2255.50,2256.00,2254.90,2255.20,1971
1787820240000000000,2255.20,2255.60,2254.60,2254.70,901
1787820300000000000,2254.60,2255.00,2253.10,2254.00,7524
1787820360000000000,2254.00,2254.80,2253.10,2254.60,1452
1787820420000000000,2254.60,2255.40,2254.00,2254.20,1435
1787820480000000000,2254.20,2255.40,2254.20,2255.30,1119
1787820540000000000,2255.30,2255.80,2253.90,2255.80,1887
1787820600000000000,2255.80,2256.00,2254.70,2255.00,2770
1787820660000000000,2255.00,2255.50,2254.30,2254.70,1096
1787820720000000000,2255.00,2255.80,2254.40,2255.40,2858
1787820780000000000,2255.30,2255.90,2254.30,2255.40,2524
1787820840000000000,2255.70,2255.80,2254.90,2255.50,1596
1787820900000000000,2255.50,2256.00,2254.40,2254.60,2592
1787820960000000000,2255.00,2255.50,2254.60,2255.00,1621
1787821020000000000,2255.00,2255.30,2254.60,2255.20,1017
1787821080000000000,2255.20,2255.30,2254.00,2255.20,2939
1787821140000000000,2255.20,2255.30,2254.80,2255.20,2151
1787821200000000000,2255.00,2256.30,2254.90,2255.70,5421
1787821260000000000,2255.80,2256.30,2254.10,2254.20,7038
1787821320000000000,2254.20,2254.60,2253.30,2253.50,7957
1787821380000000000,2253.50,2254.70,2253.10,2253.50,9098
1787821440000000000,2253.50,2253.90,2252.40,2253.40,3549
1787821500000000000,2253.40,2254.80,2253.20,2254.50,2799
1787821560000000000,2254.30,2254.80,2253.40,2254.80,1632
1787821620000000000,2254.80,2254.90,2254.00,2254.30,1743
1787821680000000000,2254.20,2254.50,2253.40,2254.40,1493
1787821740000000000,2254.50,2255.00,2254.30,2254.30,1657
1787821800000000000,2255.00,2255.30,2254.10,2254.40,3331
1787821860000000000,2254.70,2255.00,2254.10,2254.20,1359
1787821920000000000,2254.20,2254.40,2253.60,2253.70,1288
1787821980000000000,2253.60,2253.70,2252.20,2252.40,2366
1787822040000000000,2252.40,2253.30,2252.10,2253.10,4282
1787822100000000000,2253.10,2254.00,2253.00,2253.50,2355
1787822160000000000,2253.50,2254.50,2253.50,2253.60,2350
1787822220000000000,2253.70,2253.90,2253.00,2253.80,4600
1787822280000000000,2253.20,2254.00,2252.90,2253.90,2253
1787822340000000000,2253.90,2254.70,2253.60,2253.80,7149
1787822400000000000,2253.80,2255.30,2253.80,2255.10,11181
1787822460000000000,2255.20,2256.70,2254.30,2255.80,10960
1787822520000000000,2255.80,2256.90,2255.30,2256.90,6143
1787822580000000000,2256.70,2257.60,2256.10,2256.70,3812
1787822640000000000,2256.80,2258.60,2254.80,2254.80,11478
1787822700000000000,2255.00,2257.20,2254.60,2256.80,5647
1787822760000000000,2256.80,2257.90,2256.80,2257.00,2923
1787822820000000000,2257.00,2257.90,2255.50,2256.10,3299
1787822880000000000,2256.10,2257.30,2256.00,2256.40,4027
1787822940000000000,2256.40,2257.40,2255.90,2257.00,5544
1787823000000000000,2256.60,2257.60,2256.20,2257.20,7149
1787823060000000000,2257.20,2259.30,2257.20,2259.10,18401
1787823120000000000,2259.10,2259.30,2258.50,2259.00,5747
1787823180000000000,2259.10,2259.10,2255.00,2256.50,15785
1787823240000000000,2255.60,2257.10,2255.40,2256.30,9007
1787823300000000000,2256.50,2258.40,2256.30,2256.50,12477
1787823360000000000,2256.60,2257.20,2256.30,2256.50,8253
1787823420000000000,2256.50,2258.40,2256.30,2257.90,13089
1787823480000000000,2258.20,2258.40,2256.40,2256.50,10115
1787823540000000000,2256.80,2257.60,2256.30,2256.30,13564
1787823600000000000,2256.50,2256.80,2256.30,2256.50,9090
1787823660000000000,2256.50,2256.60,2256.30,2256.50,14393
1787823720000000000,2256.50,2258.00,2255.70,2255.80,20581
1787823780000000000,2255.80,2257.00,2252.00,2255.30,11202
1787823840000000000,2255.50,2258.00,2251.00,2254.30,12383
1787823900000000000,2254.30,2254.30,2254.30,2254.30,0
1787823960000000000,2254.30,2254.30,2254.30,2254.30,0
1787824020000000000,2254.30,2254.30,2254.30,2254.30,0
1787824080000000000,2254.30,2254.30,2254.30,2254.30,0
1787824140000000000,2254.30,2254.30,2254.30,2254.30,0
1787824200000000000,2254.30,2254.30,2254.30,2254.30,0
1787824260000000000,2254.30,2254.30,2254.30,2254.30,0
1787824320000000000,2254.30,2254.30,2254.30,2254.30,0
1787824380000000000,2254.30,2254.30,2254.30,2254.30,0
1787824440000000000,2254.30,2254.30,2254.30,2254.30,0
1787824500000000000,2254.30,2254.30,2254.30,2254.30,0
1787824560000000000,2254.30,2254.30,2254.30,2254.30,0
1787824620000000000,2254.30,2254.30,2254.30,2254.30,0
1787824680000000000,2248.40,2248.40,2248.40,2248.40,49811
1787824740000000000,2248.40,2248.40,2248.40,2248.40,0
1787888700000000000,2272.00,2292.50,2263.30,2282.00,99057
1787888760000000000,2282.80,2290.00,2281.70,2289.10,45985
1787888820000000000,2289.80,2299.50,2289.20,2297.10,74308
1787888880000000000,2297.90,2299.00,2290.20,2292.40,26364
1787888940000000000,2292.40,2294.00,2288.30,2293.40,22218
1787889000000000000,2294.00,2302.90,2293.40,2301.30,56594
1787889060000000000,2301.20,2308.80,2300.10,2308.80,52006
1787889120000000000,2309.00,2312.50,2306.30,2310.60,47987
1787889180000000000,2311.30,2316.00,2310.20,2312.80,54501
1787889240000000000,2313.70,2314.40,2309.00,2310.30,23056
1787889300000000000,2310.30,2315.20,2307.20,2312.20,30989
1787889360000000000,2312.00,2312.00,2307.00,2308.50,14618
1787889420000000000,2308.70,2314.70,2308.00,2311.60,30862
1787889480000000000,2312.60,2318.80,2312.00,2317.60,49162
1787889540000000000,2317.60,2320.50,2316.00,2320.00,45260
1787889600000000000,2319.10,2322.80,2318.40,2320.30,48014
1787889660000000000,2320.80,2323.50,2317.60,2320.50,45021
1787889720000000000,2320.80,2325.00,2319.50,2323.60,37297
1787889780000000000,2324.00,2326.50,2322.00,2325.00,41628
1787889840000000000,2324.50,2329.00,2323.60,2328.70,52500
1787889900000000000,2328.70,2328.70,2325.20,2327.00,34653
1787889960000000000,2327.00,2330.00,2326.00,2328.40,48962
1787890020000000000,2328.40,2328.60,2324.30,2327.50,34281
1787890080000000000,2327.50,2334.90,2327.10,2333.40,56192
1787890140000000000,2334.00,2335.00,2331.40,2332.20,29694
1787890200000000000,2332.40,2332.70,2328.70,2329.60,23284
1787890260000000000,2329.70,2330.00,2323.60,2326.80,24100
1787890320000000000,2326.80,2327.90,2324.60,2327.00,14239
1787890380000000000,2327.00,2332.50,2326.10,2331.80,20661
1787890440000000000,2331.70,2332.30,2329.80,2330.50,15525
1787890500000000000,2330.90,2333.50,2328.80,2329.50,29239
1787890560000000000,2329.50,2329.80,2324.00,2327.30,21903
1787890620000000000,2327.20,2329.00,2325.50,2327.40,11025
1787890680000000000,2327.30,2331.00,2326.00,2330.20,15446
1787890740000000000,2331.00,2331.00,2327.30,2328.10,11574
1787890800000000000,2328.50,2330.00,2326.60,2326.60,6992
1787890860000000000,2326.80,2327.10,2325.00,2325.00,7971
1787890920000000000,2325.10,2327.50,2325.00,2326.20,7842
1787890980000000000,2327.00,2327.90,2325.30,2326.60,5610
1787891040000000000,2327.00,2327.60,2325.50,2326.70,6087
1787891100000000000,2326.70,2327.00,2325.10,2325.20,5496
1787891160000000000,2325.60,2328.00,2324.30,2327.80,15759
1787891220000000000,2328.00,2330.00,2327.90,2329.80,10415
1787891280000000000,2329.80,2330.00,2327.60,2328.90,8439
1787891340000000000,2328.90,2329.20,2327.00,2328.70,7305
1787891400000000000,2329.20,2332.10,2328.70,2331.20,16231
1787891460000000000,2332.00,2332.00,2327.20,2327.50,11416
1787891520000000000,2327.60,2328.00,2325.50,2326.10,7737
1787891580000000000,2326.60,2328.00,2325.20,2326.30,12133
1787891640000000000,2326.30,2326.30,2324.50,2325.40,12183
1787891700000000000,2325.40,2328.90,2325.30,2327.90,11298
1787891760000000000,2328.70,2328.90,2327.00,2327.00,5797
1787891820000000000,2327.50,2328.00,2326.80,2327.90,4776
1787891880000000000,2327.80,2328.50,2326.90,2327.80,3956
1787891940000000000,2327.90,2329.00,2327.00,2327.90,4906
1787892000000000000,2328.60,2328.80,2327.80,2328.50,2818
1787892060000000000,2328.50,2328.50,2325.00,2325.00,8777
1787892120000000000,2325.40,2328.50,2325.40,2328.40,9613
1787892180000000000,2328.40,2330.00,2326.80,2327.50,9280
1787892240000000000,2327.70,2328.00,2325.50,2326.40,3842
1787892300000000000,2326.60,2328.80,2326.10,2327.10,6493
1787892360000000000,2327.20,2329.00,2326.90,2329.00,3333
1787892420000000000,2329.00,2329.50,2327.90,2328.90,9646
1787892480000000000,2328.90,2329.30,2326.00,2326.00,5129
1787892540000000000,2326.30,2326.90,2323.10,2325.80,11138
1787892600000000000,2325.00,2328.00,2325.00,2327.30,3585
1787892660000000000,2327.90,2328.20,2327.00,2328.20,7356
1787892720000000000,2328.20,2329.00,2327.60,2328.70,2521
1787892780000000000,2328.70,2334.30,2328.30,2333.20,32152
1787892840000000000,2334.00,2334.00,2331.10,2333.60,15176
1787892900000000000,2333.60,2333.90,2331.10,2332.70,10809
1787892960000000000,2333.00,2333.90,2330.40,2332.00,9460
1787893020000000000,2332.00,2332.40,2330.00,2330.20,6964
1787893080000000000,2330.50,2331.00,2330.00,2330.70,2451
1787893140000000000,2330.70,2331.00,2330.40,2330.50,1807
1787893200000000000,2330.50,2331.60,2330.30,2330.50,7533
1787893260000000000,2331.00,2333.00,2330.80,2332.80,8356
1787893320000000000,2333.00,2333.50,2332.80,2333.10,4699
1787893380000000000,2333.40,2333.90,2332.80,2333.60,5523
1787893440000000000,2333.60,2334.00,2332.90,2333.00,4640
1787893500000000000,2333.70,2333.80,2332.80,2332.80,2615
1787893560000000000,2333.00,2333.50,2332.00,2332.40,4476
1787893620000000000,2332.90,2333.00,2330.60,2331.50,3421
1787893680000000000,2331.50,2331.70,2330.00,2330.90,15933
1787893740000000000,2331.20,2332.00,2327.50,2328.20,12566
1787893800000000000,2328.50,2329.30,2327.10,2327.10,5012
1787893860000000000,2327.60,2330.00,2327.00,2329.80,6398
1787893920000000000,2330.00,2330.30,2328.40,2329.80,4756
1787893980000000000,2329.60,2330.50,2329.20,2330.00,2890
1787894040000000000,2330.30,2330.50,2329.80,2330.00,1623
1787894100000000000,2330.50,2330.50,2328.10,2329.00,3568
1787894160000000000,2329.20,2330.00,2327.00,2327.00,7088
1787894220000000000,2327.40,2328.90,2327.00,2328.10,6815
1787894280000000000,2327.40,2328.50,2326.30,2327.00,5999
1787894340000000000,2326.80,2327.70,2325.10,2326.30,9581
1787894400000000000,2326.40,2327.00,2325.10,2325.90,8978
1787894460000000000,2325.30,2327.00,2325.10,2325.10,8287
1787894520000000000,2325.20,2328.90,2325.00,2326.20,34513
1787894580000000000,2326.40,2326.70,2324.20,2325.80,10144
1787894640000000000,2325.90,2327.20,2325.80,2326.10,1855
1787894700000000000,2326.50,2327.00,2325.60,2326.20,3043
1787894760000000000,2326.50,2326.70,2325.40,2326.10,4232
1787894820000000000,2326.30,2326.70,2326.30,2326.30,1646
1787894880000000000,2326.40,2326.50,2325.00,2326.00,3089
1787894940000000000,2326.20,2326.60,2325.50,2326.50,3890
1787895000000000000,2326.30,2328.40,2325.60,2326.10,10539
1787895060000000000,2326.30,2331.00,2326.30,2330.40,19456
1787895120000000000,2330.20,2331.00,2330.00,2330.10,3650
1787895180000000000,2330.30,2331.70,2330.10,2331.00,5326
1787895240000000000,2330.90,2334.70,2330.40,2333.90,21929
1787895300000000000,2333.90,2334.20,2331.30,2332.50,6757
1787895360000000000,2332.00,2332.70,2330.40,2332.00,3922
1787895420000000000,2332.00,2333.00,2331.10,2331.10,10540
1787895480000000000,2331.20,2331.70,2329.70,2330.30,5984
1787895540000000000,2330.40,2330.80,2328.10,2328.10,4956
1787895600000000000,2329.00,2329.90,2328.50,2329.50,3737
1787895660000000000,2329.70,2329.90,2328.00,2328.40,5881
1787895720000000000,2328.70,2335.00,2328.70,2333.00,57683
1787895780000000000,2333.50,2334.10,2332.70,2333.00,2812
1787895840000000000,2333.20,2333.20,2330.10,2330.80,6473
1787895900000000000,2330.80,2332.00,2330.50,2331.30,3474
1787895960000000000,2331.80,2331.80,2330.10,2331.10,1367
1787896020000000000,2331.10,2331.10,2330.00,2330.30,1936
1787896080000000000,2330.50,2331.50,2330.30,2330.70,2226
1787896140000000000,2331.00,2332.00,2330.90,2331.80,5821
1787896200000000000,2332.00,2333.00,2331.00,2333.00,2591
1787896260000000000,2332.50,2333.00,2330.60,2331.00,2369
1787896320000000000,2331.20,2331.50,2330.20,2330.70,6096
1787896380000000000,2330.90,2331.40,2330.50,2331.10,1325
1787896440000000000,2331.40,2331.40,2330.30,2330.30,1573
1787896500000000000,2330.40,2331.00,2328.70,2329.20,2827
1787896560000000000,2329.50,2329.90,2329.00,2329.00,3244
1787896620000000000,2329.20,2329.50,2328.90,2329.00,2511
1787896680000000000,2329.30,2329.50,2328.00,2328.00,4725
1787896740000000000,2328.20,2328.30,2327.00,2327.00,5659
1787896800000000000,2327.10,2328.00,2326.50,2327.00,4045
1787896860000000000,2327.20,2328.00,2326.30,2326.70,3856
1787896920000000000,2326.50,2328.30,2326.40,2326.60,4474
1787896980000000000,2326.80,2328.00,2325.10,2325.10,9560
1787897040000000000,2325.10,2326.10,2322.10,2325.40,16854
1787897100000000000,2325.30,2325.60,2322.10,2322.70,11521
1787897160000000000,2322.60,2323.70,2322.00,2323.10,10061
1787897220000000000,2323.30,2324.80,2323.20,2324.50,3495
1787897280000000000,2324.30,2324.60,2322.60,2323.30,3345
1787897340000000000,2323.20,2323.60,2320.90,2322.50,11188
1787897400000000000,2322.20,2323.00,2320.50,2322.70,7719
1787897460000000000,2322.90,2323.70,2322.00,2322.70,3605
1787897520000000000,2322.70,2323.60,2322.60,2323.20,2700
1787897580000000000,2322.90,2325.00,2322.80,2325.00,4850
1787897640000000000,2324.70,2327.80,2324.30,2327.00,7884
1787897700000000000,2327.30,2329.00,2327.20,2328.30,8161
1787897760000000000,2328.50,2329.00,2327.10,2328.50,5122
1787897820000000000,2328.20,2328.80,2327.60,2327.60,3890
1787897880000000000,2327.80,2328.40,2326.70,2327.90,3829
1787897940000000000,2327.50,2333.00,2327.20,2332.20,37283
1787898000000000000,2332.50,2333.90,2332.00,2332.00,10568
1787898060000000000,2332.30,2332.60,2330.60,2331.00,3027
1787898120000000000,2331.40,2332.00,2330.50,2331.70,1778
1787898180000000000,2331.50,2331.80,2330.20,2330.20,2995
1787898240000000000,2330.70,2331.00,2328.90,2329.60,5904
1787898300000000000,2329.30,2330.80,2328.60,2330.30,5901
1787898360000000000,2330.60,2330.90,2330.00,2330.20,1557
1787898420000000000,2330.10,2330.40,2328.10,2328.40,7226
1787898480000000000,2329.10,2331.70,2328.90,2330.90,10307
1787898540000000000,2331.20,2331.70,2329.90,2331.00,5512
1787898600000000000,2330.70,2331.60,2330.20,2331.00,4445
1787898660000000000,2331.00,2331.00,2330.00,2330.90,2542
1787898720000000000,2330.50,2331.00,2330.00,2330.00,2490
1787898780000000000,2330.10,2331.60,2329.20,2331.60,5235
1787898840000000000,2331.60,2332.50,2330.70,2331.20,8796
1787898900000000000,2331.50,2331.90,2330.00,2330.90,6355
1787898960000000000,2330.50,2331.50,2330.10,2331.50,2912
1787899020000000000,2331.30,2331.50,2330.00,2330.00,4379
1787899080000000000,2330.90,2335.00,2330.90,2334.40,29295
1787899140000000000,2334.70,2340.00,2334.40,2339.00,47021
1787899200000000000,2339.30,2340.40,2336.40,2336.40,23988
1787899260000000000,2336.70,2337.50,2336.00,2336.00,9158
1787899320000000000,2336.20,2337.00,2336.00,2336.70,8853
1787899380000000000,2336.30,2337.30,2336.00,2337.30,9412
1787899440000000000,2337.40,2338.70,2334.20,2334.20,11355
1787899500000000000,2334.70,2335.30,2332.30,2334.90,6940
1787899560000000000,2334.40,2334.90,2334.00,2334.50,3249
1787899620000000000,2334.40,2337.00,2334.40,2336.20,5957
1787899680000000000,2336.00,2336.40,2335.00,2335.50,4870
1787899740000000000,2335.20,2335.70,2334.00,2335.00,3641
1787899800000000000,2335.00,2336.90,2334.90,2336.60,3663
1787899860000000000,2336.30,2336.60,2334.50,2334.70,2306
1787899920000000000,2334.70,2335.60,2334.30,2334.40,2760
1787899980000000000,2334.40,2335.00,2333.50,2333.50,6199
1787900040000000000,2333.80,2334.60,2332.30,2333.60,5714
1787900100000000000,2333.80,2334.90,2333.40,2334.00,3045
1787900160000000000,2334.10,2335.00,2333.90,2334.60,3605
1787900220000000000,2334.30,2334.90,2334.00,2334.40,2097
1787900280000000000,2334.80,2335.50,2334.00,2334.60,7257
1787900340000000000,2334.80,2335.60,2333.20,2335.40,5396
1787900400000000000,2335.20,2335.40,2334.20,2335.00,2198
1787900460000000000,2334.80,2335.70,2334.10,2334.10,7773
1787900520000000000,2334.50,2334.90,2333.20,2333.60,2848
1787900580000000000,2333.80,2334.00,2333.10,2333.50,3549
1787900640000000000,2333.30,2333.90,2333.00,2333.30,2730
1787900700000000000,2333.20,2334.00,2333.00,2333.60,2952
1787900760000000000,2333.60,2334.00,2333.00,2333.10,1419
1787900820000000000,2333.20,2334.00,2333.20,2334.00,2787
1787900880000000000,2334.00,2334.00,2330.20,2332.60,9112
1787900940000000000,2332.70,2334.00,2332.70,2333.00,2378
1787901000000000000,2333.30,2333.60,2332.10,2333.00,1882
1787901060000000000,2332.80,2333.90,2332.50,2333.40,2491
1787901120000000000,2333.40,2334.00,2333.00,2334.00,1943
1787901180000000000,2334.00,2334.10,2333.50,2334.00,2966
1787901240000000000,2334.10,2334.60,2333.40,2334.30,5277
1787901300000000000,2333.80,2334.90,2333.60,2334.00,2555
1787901360000000000,2334.30,2335.00,2333.90,2334.90,1536
1787901420000000000,2334.90,2336.00,2334.40,2335.90,10061
1787901480000000000,2335.70,2336.90,2335.20,2336.70,4266
1787901540000000000,2336.70,2338.00,2336.30,2337.90,6393
1787901600000000000,2337.80,2338.00,2336.40,2337.00,6610
1787901660000000000,2337.50,2338.30,2336.60,2337.60,4054
1787901720000000000,2337.70,2339.50,2337.60,2339.00,11466
1787901780000000000,2339.20,2339.80,2338.20,2339.50,5609
1787901840000000000,2339.30,2339.80,2338.20,2338.20,5847
1787901900000000000,2338.50,2338.80,2336.60,2337.40,4161
1787901960000000000,2337.00,2338.00,2336.50,2337.50,3168
1787902020000000000,2337.40,2338.10,2336.50,2336.80,6377
1787902080000000000,2336.70,2338.00,2336.00,2337.80,3542
1787902140000000000,2337.70,2339.80,2337.30,2338.90,8125
1787902200000000000,2339.20,2340.00,2337.30,2338.90,16233
1787902260000000000,2339.40,2340.00,2337.60,2339.80,7277
1787902320000000000,2339.60,2340.00,2337.80,2338.30,12087
1787902380000000000,2339.10,2339.30,2338.00,2338.10,1762
1787902440000000000,2338.50,2338.70,2337.50,2338.00,3098
1787902500000000000,2338.00,2338.50,2337.30,2338.40,4073
1787902560000000000,2338.40,2338.40,2337.60,2338.40,4251
1787902620000000000,2338.20,2338.40,2337.40,2337.40,4162
1787902680000000000,2338.20,2338.40,2337.50,2338.30,1580
1787902740000000000,2338.00,2343.20,2337.90,2342.90,34460
1787902800000000000,2343.10,2346.90,2342.90,2346.00,38622
1787902860000000000,2346.20,2348.00,2346.00,2347.50,17855
1787902920000000000,2347.60,2348.50,2344.60,2345.50,19226
1787902980000000000,2345.70,2348.00,2344.50,2345.50,10712
1787903040000000000,2345.50,2345.50,2342.40,2343.00,6669
1787903100000000000,2343.40,2344.00,2342.60,2343.00,8026
1787903160000000000,2342.80,2343.40,2342.00,2342.00,42577
1787903220000000000,2342.10,2342.10,2341.10,2341.20,5219
1787903280000000000,2341.90,2343.30,2341.50,2342.70,5256
1787903340000000000,2342.90,2343.00,2341.00,2341.90,4814
1787903400000000000,2342.40,2342.60,2341.10,2342.00,6587
1787903460000000000,2342.00,2342.30,2341.20,2341.70,2368
1787903520000000000,2342.00,2342.00,2338.10,2340.60,9367
1787903580000000000,2340.60,2340.90,2339.40,2339.70,3205
1787903640000000000,2339.80,2340.20,2338.90,2339.50,5542
1787903700000000000,2339.90,2340.00,2339.30,2340.00,2401
1787903760000000000,2339.90,2340.00,2339.00,2339.00,2531
1787903820000000000,2339.40,2340.00,2338.80,2339.80,2261
1787903880000000000,2339.80,2340.00,2339.50,2339.50,2862
1787903940000000000,2339.70,2339.70,2339.50,2339.60,3758
1787904000000000000,2339.60,2340.00,2339.50,2339.70,1137
1787904060000000000,2339.90,2340.00,2339.10,2339.10,2378
1787904120000000000,2339.40,2339.90,2339.10,2339.50,3120
1787904180000000000,2339.70,2341.00,2339.10,2340.00,7672
1787904240000000000,2340.50,2340.90,2339.20,2339.70,2208
1787904300000000000,2339.70,2340.20,2339.10,2339.20,4148
1787904360000000000,2339.40,2342.00,2339.10,2342.00,6104
1787904420000000000,2341.40,2344.40,2341.10,2342.70,11313
1787904480000000000,2342.60,2342.90,2340.70,2341.00,4832
1787904540000000000,2340.90,2341.60,2340.00,2340.00,3985
1787904600000000000,2340.20,2341.00,2340.00,2340.40,2017
1787904660000000000,2340.40,2340.70,2339.10,2339.20,5665
1787904720000000000,2339.50,2339.70,2336.00,2337.00,15406
1787904780000000000,2337.30,2337.70,2336.00,2336.90,5788
1787904840000000000,2336.70,2337.00,2335.90,2336.20,12069
1787904900000000000,2335.90,2336.50,2335.00,2335.90,7130
1787904960000000000,2336.00,2337.00,2335.50,2335.90,5259
1787905020000000000,2335.70,2336.60,2335.50,2335.80,4977
1787905080000000000,2335.90,2336.10,2334.10,2335.10,8361
1787905140000000000,2334.70,2335.90,2334.40,2335.50,4297
1787905200000000000,2335.70,2335.80,2334.60,2334.70,5281
1787905260000000000,2334.90,2336.60,2334.70,2335.70,10546
1787905320000000000,2336.10,2336.70,2335.30,2335.60,3001
1787905380000000000,2335.80,2336.10,2335.70,2335.80,3470
1787905440000000000,2335.90,2336.70,2335.50,2336.70,8311
1787905500000000000,2336.50,2337.70,2335.10,2335.10,7439
1787905560000000000,2335.50,2336.00,2335.10,2335.10,2714
1787905620000000000,2335.20,2336.10,2335.00,2335.90,2945
1787905680000000000,2336.10,2338.30,2336.00,2337.10,8329
1787905740000000000,2337.10,2337.10,2334.50,2334.90,30227
1787905800000000000,2335.20,2335.60,2333.20,2334.00,10406
1787905860000000000,2334.00,2334.80,2333.50,2334.00,4623
1787905920000000000,2333.80,2334.90,2333.50,2334.00,2911
1787905980000000000,2334.40,2334.70,2333.60,2334.00,4140
1787906040000000000,2334.10,2335.10,2334.00,2334.90,37732
1787906100000000000,2335.00,2336.50,2334.90,2335.70,6935
1787906160000000000,2336.00,2336.40,2335.30,2335.80,15079
1787906220000000000,2335.70,2335.80,2334.30,2335.00,3365
1787906280000000000,2335.00,2335.00,2333.00,2334.90,5517
1787906340000000000,2334.80,2334.90,2333.00,2333.10,2722
1787906400000000000,2333.50,2333.90,2333.00,2333.80,2546
1787906460000000000,2333.50,2333.60,2332.00,2332.20,9940
1787906520000000000,2332.50,2333.00,2332.10,2332.70,3098
1787906580000000000,2332.40,2333.00,2332.00,2332.80,3621
1787906640000000000,2332.90,2333.00,2332.20,2332.70,3374
1787906700000000000,2332.70,2333.00,2332.00,2332.10,4710
1787906760000000000,2332.10,2333.80,2332.00,2332.90,12584
1787906820000000000,2333.30,2333.70,2332.90,2333.50,2435
1787906880000000000,2333.20,2334.00,2333.00,2333.70,3090
1787906940000000000,2333.70,2334.50,2332.50,2332.50,6190
1787907000000000000,2332.60,2333.10,2330.90,2331.20,8932
1787907060000000000,2331.50,2332.10,2330.40,2330.40,5450
1787907120000000000,2331.20,2331.80,2330.90,2331.20,4025
1787907180000000000,2331.50,2333.00,2331.20,2332.30,6328
1787907240000000000,2332.60,2335.50,2332.30,2334.40,15271
1787907300000000000,2334.50,2335.60,2333.70,2333.70,4400
1787907360000000000,2334.70,2335.00,2333.70,2334.50,2350
1787907420000000000,2334.50,2334.60,2333.20,2333.60,2145
1787907480000000000,2333.50,2334.50,2333.10,2333.30,5325
1787907540000000000,2333.30,2335.00,2333.10,2334.30,8386
1787907600000000000,2333.80,2334.20,2332.50,2333.00,10755
1787907660000000000,2333.10,2333.90,2332.80,2332.80,5065
1787907720000000000,2333.30,2333.60,2332.30,2333.40,2496
1787907780000000000,2333.10,2333.60,2332.40,2332.70,2281
1787907840000000000,2333.50,2333.70,2332.50,2333.30,2581
1787907900000000000,2332.90,2333.80,2332.30,2332.40,4983
1787907960000000000,2332.40,2333.80,2332.40,2333.40,3962
1787908020000000000,2333.10,2333.80,2332.60,2332.80,2762
1787908080000000000,2333.30,2333.80,2332.80,2333.10,3039
1787908140000000000,2333.20,2334.00,2333.00,2333.10,2838
1787908200000000000,2333.20,2333.80,2332.80,2333.10,2541
1787908260000000000,2333.30,2333.80,2332.00,2332.00,11776
1787908320000000000,2332.10,2333.20,2332.00,2332.50,6507
1787908380000000000,2332.50,2333.10,2332.00,2332.50,16661
1787908440000000000,2332.80,2333.20,2332.40,2333.10,2516
1787908500000000000,2333.10,2333.90,2332.20,2333.20,10984
1787908560000000000,2333.50,2334.90,2333.10,2333.80,6643
1787908620000000000,2334.00,2336.30,2333.80,2335.80,16635
1787908680000000000,2335.70,2335.90,2334.20,2335.20,7390
1787908740000000000,2335.50,2335.80,2334.70,2335.00,8442
1787908800000000000,2334.80,2335.00,2332.90,2334.90,29582
1787908860000000000,2334.90,2335.00,2334.20,2335.00,16096
1787908920000000000,2335.00,2336.00,2334.50,2335.80,71687
1787908980000000000,2335.80,2336.00,2335.00,2336.00,7271
1787909040000000000,2335.90,2336.00,2335.10,2335.90,5038
1787909100000000000,2335.90,2336.00,2335.20,2335.40,4125
1787909160000000000,2335.50,2335.80,2334.80,2335.40,6854
1787909220000000000,2335.50,2336.90,2335.40,2336.90,20064
1787909280000000000,2336.40,2336.90,2335.40,2336.50,11435
1787909340000000000,2336.50,2339.00,2336.20,2337.60,25662
1787909400000000000,2337.60,2338.20,2337.00,2337.30,12300
1787909460000000000,2337.30,2338.20,2336.20,2337.50,11790
1787909520000000000,2337.10,2337.90,2336.20,2336.60,10724
1787909580000000000,2336.90,2338.60,2335.60,2337.10,32929
1787909640000000000,2337.20,2340.40,2337.10,2339.60,24196
1787909700000000000,2339.60,2341.50,2338.00,2339.20,51474
1787909760000000000,2339.60,2341.50,2338.50,2340.90,27185
1787909820000000000,2340.90,2341.80,2338.40,2338.40,18266
1787909880000000000,2339.00,2339.60,2338.10,2339.20,10800
1787909940000000000,2339.30,2340.00,2338.00,2339.40,17566
1787910000000000000,2339.80,2341.80,2339.40,2340.90,18929
1787910060000000000,2341.30,2343.90,2340.10,2342.70,29991
1787910120000000000,2343.90,2348.00,2342.30,2346.50,61709
1787910180000000000,2346.20,2346.40,2340.00,2341.20,6614
1787910240000000000,2342.30,2345.00,2340.00,2342.00,15247
1787910300000000000,2342.00,2342.00,2342.00,2342.00,0
1787910360000000000,2342.00,2342.00,2342.00,2342.00,0
1787910420000000000,2342.00,2342.00,2342.00,2342.00,0
1787910480000000000,2342.00,2342.00,2342.00,2342.00,0
1787910540000000000,2342.00,2342.00,2342.00,2342.00,0
1787910600000000000,2342.00,2342.00,2342.00,2342.00,0
1787910660000000000,2342.00,2342.00,2342.00,2342.00,0
1787910720000000000,2342.00,2342.00,2342.00,2342.00,0
1787910780000000000,2342.00,2342.00,2342.00,2342.00,0
1787910840000000000,2342.00,2342.00,2342.00,2342.00,0
1787910900000000000,2342.00,2342.00,2342.00,2342.00,0
1787910960000000000,2342.00,2342.00,2342.00,2342.00,0
1787911020000000000,2342.00,2342.00,2342.00,2342.00,0
1787911080000000000,2342.00,2342.00,2342.00,2342.00,0
1787911140000000000,2342.00,2342.00,2342.00,2342.00,37081
1788147900000000000,2342.00,2344.60,2323.20,2325.10,50290
1788147960000000000,2326.20,2332.50,2324.20,2325.10,16945
1788148020000000000,2326.00,2326.20,2319.10,2322.60,18983
1788148080000000000,2322.30,2322.80,2317.40,2319.80,12998
1788148140000000000,2319.80,2321.80,2317.80,2319.90,12704
1788148200000000000,2319.80,2326.80,2316.60,2326.30,14289
1788148260000000000,2327.00,2329.10,2323.00,2323.00,10658
1788148320000000000,2324.00,2326.60,2322.00,2325.50,7537
1788148380000000000,2326.10,2326.50,2322.30,2322.80,6336
1788148440000000000,2322.80,2325.00,2322.40,2324.00,3950
1788148500000000000,2324.00,2326.00,2322.70,2324.00,6341
1788148560000000000,2323.60,2323.60,2321.20,2323.60,7886
1788148620000000000,2323.60,2324.00,2321.30,2321.30,5727
1788148680000000000,2322.00,2322.00,2319.20,2320.00,6724
1788148740000000000,2320.00,2320.00,2316.10,2317.00,7709
1788148800000000000,2317.60,2318.60,2315.00,2315.10,9459
1788148860000000000,2315.60,2316.00,2314.00,2314.30,5490
1788148920000000000,2315.00,2315.30,2312.30,2315.30,12174
1788148980000000000,2315.30,2317.20,2314.50,2316.10,4577
1788149040000000000,2316.10,2316.10,2312.90,2313.60,5560
1788149100000000000,2313.60,2313.60,2310.00,2311.00,6216
1788149160000000000,2311.00,2311.60,2308.60,2311.00,13458
1788149220000000000,2311.00,2312.90,2310.20,2312.80,5219
1788149280000000000,2312.80,2313.50,2310.80,2311.10,6063
1788149340000000000,2311.00,2311.60,2309.90,2310.80,4691
1788149400000000000,2310.80,2311.00,2309.70,2310.40,7445
1788149460000000000,2310.80,2311.90,2309.40,2310.50,4312
1788149520000000000,2310.50,2310.60,2308.10,2309.30,4302
1788149580000000000,2309.40,2310.50,2308.00,2309.80,7095
1788149640000000000,2310.00,2310.80,2308.60,2309.90,3607
1788149700000000000,2309.70,2310.10,2308.50,2309.00,4823
1788149760000000000,2309.00,2311.00,2308.80,2310.40,6603
1788149820000000000,2310.40,2311.80,2308.50,2308.50,7064
1788149880000000000,2309.00,2309.00,2306.20,2307.30,11093
1788149940000000000,2307.30,2309.00,2306.20,2308.50,6467
1788150000000000000,2308.50,2310.00,2307.50,2308.30,3679
1788150060000000000,2309.40,2311.00,2308.70,2310.50,3329
1788150120000000000,2310.40,2311.00,2309.00,2309.50,3252
1788150180000000000,2310.20,2312.20,2309.50,2310.40,7194
1788150240000000000,2310.90,2311.00,2308.20,2310.30,12975
1788150300000000000,2310.60,2311.00,2309.60,2311.00,2982
1788150360000000000,2310.30,2311.10,2309.10,2309.70,2802
1788150420000000000,2309.90,2311.40,2309.40,2311.40,2573
1788150480000000000,2311.40,2313.20,2309.20,2312.00,5454
1788150540000000000,2312.00,2314.00,2311.70,2313.80,8745
1788150600000000000,2313.80,2313.80,2312.00,2313.10,2797
1788150660000000000,2313.50,2313.50,2311.60,2312.00,2363
1788150720000000000,2311.60,2312.10,2310.80,2311.10,1126
1788150780000000000,2311.10,2311.50,2310.20,2311.50,4069
1788150840000000000,2311.50,2312.00,2311.40,2312.00,918
1788150900000000000,2312.00,2312.20,2311.20,2311.30,1349
1788150960000000000,2311.90,2313.00,2310.90,2311.80,4119
1788151020000000000,2311.80,2311.80,2310.00,2310.50,3352
1788151080000000000,2310.50,2311.00,2310.10,2310.20,1716
1788151140000000000,2311.00,2311.10,2310.10,2311.00,2258
1788151200000000000,2311.00,2311.60,2310.60,2310.60,2014
1788151260000000000,2311.00,2311.10,2310.00,2310.40,2020
1788151320000000000,2310.40,2311.20,2310.00,2311.00,5099
1788151380000000000,2311.20,2316.20,2311.00,2314.40,32660
1788151440000000000,2314.00,2314.80,2313.50,2313.50,2207
1788151500000000000,2313.80,2314.50,2313.00,2314.00,3743
1788151560000000000,2314.40,2314.40,2314.00,2314.10,640
1788151620000000000,2314.20,2314.20,2312.90,2313.80,2436
1788151680000000000,2313.80,2314.00,2313.00,2313.80,1428
1788151740000000000,2313.80,2313.80,2312.80,2313.00,1690
1788151800000000000,2313.30,2313.40,2312.60,2313.40,1334
1788151860000000000,2313.40,2317.40,2313.10,2314.20,11374
1788151920000000000,2314.80,2315.80,2314.20,2315.60,1026
1788151980000000000,2315.60,2315.80,2314.20,2314.60,2854
1788152040000000000,2314.60,2315.50,2314.20,2315.50,8068
1788152100000000000,2315.80,2328.80,2315.30,2327.70,29868
1788152160000000000,2327.70,2328.10,2323.50,2324.00,7761
1788152220000000000,2324.00,2324.30,2322.10,2323.80,4404
1788152280000000000,2323.80,2328.30,2323.80,2325.80,25459
1788152340000000000,2326.00,2327.00,2322.70,2324.00,11645
1788152400000000000,2324.40,2326.00,2324.30,2324.70,4547
1788152460000000000,2324.70,2324.70,2323.10,2323.10,1834
1788152520000000000,2323.60,2323.70,2321.00,2321.00,2703
1788152580000000000,2321.50,2321.50,2320.30,2321.40,3487
1788152640000000000,2321.80,2323.00,2321.70,2322.40,1522
1788152700000000000,2322.40,2322.40,2320.90,2321.40,2591
1788152760000000000,2321.40,2322.00,2321.00,2321.60,3645
1788152820000000000,2321.60,2321.60,2319.70,2320.00,2196
1788152880000000000,2320.00,2320.60,2318.80,2319.50,3285
1788152940000000000,2319.90,2320.40,2319.10,2320.10,4283
1788153000000000000,2320.40,2320.40,2320.00,2320.20,657
1788153060000000000,2320.10,2320.90,2319.80,2320.60,3790
1788153120000000000,2320.90,2320.90,2319.40,2320.30,1391
1788153180000000000,2320.30,2320.90,2319.30,2320.90,2396
1788153240000000000,2320.90,2320.90,2319.20,2320.00,1270
1788153300000000000,2320.00,2320.70,2319.20,2320.70,1456
1788153360000000000,2320.70,2321.60,2320.10,2320.90,6041
1788153420000000000,2321.00,2321.50,2320.00,2320.00,1413
1788153480000000000,2320.30,2321.00,2320.00,2321.00,1110
1788153540000000000,2321.00,2322.40,2320.60,2321.40,2462
1788153600000000000,2321.40,2321.60,2320.10,2320.10,2448
1788153660000000000,2320.70,2320.70,2319.60,2320.20,734
1788153720000000000,2320.20,2321.00,2320.00,2321.00,964
1788153780000000000,2321.00,2321.30,2320.20,2321.30,2250
1788153840000000000,2321.30,2322.40,2320.20,2320.20,1854
1788153900000000000,2321.10,2322.00,2320.70,2321.00,1931
1788153960000000000,2321.10,2321.10,2319.20,2319.60,1234
1788154020000000000,2319.60,2320.90,2319.20,2320.00,1339
1788154080000000000,2320.00,2320.10,2319.10,2319.70,1946
1788154140000000000,2319.90,2319.90,2319.00,2319.10,1675
1788154200000000000,2319.10,2319.10,2316.10,2317.20,5067
1788154260000000000,2317.90,2318.30,2316.60,2316.90,2536
1788154320000000000,2316.90,2317.00,2315.40,2315.40,2223
1788154380000000000,2315.50,2317.00,2314.20,2317.00,8106
1788154440000000000,2317.30,2319.30,2317.30,2318.60,2347
1788154500000000000,2318.90,2319.00,2318.60,2318.80,890
1788154560000000000,2318.80,2318.90,2317.70,2318.90,1522
1788154620000000000,2318.90,2319.00,2318.50,2318.70,422
1788154680000000000,2318.80,2319.00,2317.60,2318.50,1974
1788154740000000000,2318.50,2318.50,2317.50,2317.90,616
1788154800000000000,2318.50,2318.70,2317.30,2318.10,3091
1788154860000000000,2318.00,2318.70,2317.40,2318.40,1628
1788154920000000000,2318.60,2318.60,2318.00,2318.40,685
1788154980000000000,2318.40,2318.40,2318.00,2318.40,1129
1788155040000000000,2318.50,2319.00,2318.50,2319.00,1054
1788155100000000000,2319.00,2320.00,2318.00,2319.00,2568
1788155160000000000,2319.00,2319.90,2318.90,2319.60,1193
1788155220000000000,2319.60,2320.00,2318.90,2320.00,1164
1788155280000000000,2320.00,2321.00,2319.90,2320.60,1149
1788155340000000000,2320.60,2320.90,2319.70,2319.70,1380
1788155400000000000,2320.00,2320.60,2319.70,2319.80,1051
1788155460000000000,2320.40,2320.40,2319.50,2320.00,957
1788155520000000000,2320.00,2321.20,2319.80,2320.10,4108
1788155580000000000,2320.80,2320.80,2319.40,2319.40,610
1788155640000000000,2319.70,2320.60,2319.00,2319.00,2436
1788155700000000000,2319.00,2319.50,2318.40,2319.50,1790
1788155760000000000,2319.50,2319.90,2319.10,2319.30,291
1788155820000000000,2319.30,2319.30,2318.40,2319.10,1716
1788155880000000000,2319.10,2319.10,2318.60,2318.60,446
1788155940000000000,2318.70,2319.00,2318.10,2318.50,772
1788156000000000000,2318.50,2319.30,2318.30,2319.30,855
1788156060000000000,2319.30,2319.90,2318.90,2319.10,548
1788156120000000000,2319.00,2319.10,2318.40,2318.80,582
1788156180000000000,2318.80,2319.00,2318.40,2318.80,592
1788156240000000000,2318.80,2319.30,2318.40,2318.60,854
1788156300000000000,2318.80,2319.30,2318.40,2319.20,2383
1788156360000000000,2319.20,2320.90,2319.00,2320.90,2204
1788156420000000000,2320.80,2321.60,2320.00,2320.10,1051
1788156480000000000,2320.20,2321.00,2319.40,2319.40,1367
1788156540000000000,2319.80,2321.00,2319.40,2320.50,2433
1788156600000000000,2320.70,2321.00,2319.80,2320.10,619
1788156660000000000,2320.50,2321.00,2319.60,2319.80,1410
1788156720000000000,2320.00,2320.90,2319.60,2320.40,601
1788156780000000000,2321.00,2321.00,2320.00,2320.30,465
1788156840000000000,2320.30,2320.70,2319.70,2320.20,2361
1788156900000000000,2320.20,2320.40,2319.40,2319.80,706
1788156960000000000,2319.80,2321.00,2319.10,2319.20,2600
1788157020000000000,2319.40,2320.90,2318.00,2318.30,2208
1788157080000000000,2318.40,2318.40,2318.00,2318.10,768
1788157140000000000,2318.20,2319.20,2318.10,2318.60,1134
1788157200000000000,2318.90,2318.90,2318.20,2318.30,960
1788157260000000000,2318.60,2319.60,2318.40,2319.00,1075
1788157320000000000,2319.00,2319.00,2318.40,2318.40,1346
1788157380000000000,2318.50,2322.90,2318.40,2322.90,23493
1788157440000000000,2322.90,2325.70,2322.00,2325.00,8667
1788157500000000000,2325.40,2327.00,2323.40,2326.60,7822
1788157560000000000,2326.60,2326.60,2324.70,2325.10,3978
1788157620000000000,2325.60,2325.70,2324.80,2325.00,1217
1788157680000000000,2325.10,2326.00,2323.40,2323.40,4185
1788157740000000000,2323.90,2324.30,2323.00,2323.90,3038
1788157800000000000,2323.90,2323.90,2323.20,2323.20,739
1788157860000000000,2323.50,2323.50,2319.00,2319.00,23509
1788157920000000000,2319.40,2323.00,2318.60,2322.40,21102
1788157980000000000,2322.70,2322.70,2320.70,2320.90,26239
1788158040000000000,2320.90,2323.90,2320.70,2323.40,3355
1788158100000000000,2323.40,2323.70,2322.50,2323.70,3170
1788158160000000000,2323.70,2323.70,2323.10,2323.10,2610
1788158220000000000,2323.20,2323.90,2323.10,2323.90,1289
1788158280000000000,2323.90,2324.00,2322.00,2322.00,4351
1788158340000000000,2322.60,2322.90,2321.40,2322.50,3062
1788158400000000000,2322.90,2322.90,2320.70,2320.80,1011
1788158460000000000,2321.40,2321.90,2318.60,2320.10,3407
1788158520000000000,2320.10,2320.10,2319.30,2320.00,767
1788158580000000000,2320.00,2323.60,2319.50,2323.60,3872
1788158640000000000,2323.60,2323.60,2323.10,2323.30,1389
1788158700000000000,2323.30,2323.30,2319.60,2320.00,1734
1788158760000000000,2320.10,2321.20,2319.80,2320.50,899
1788158820000000000,2321.20,2321.60,2320.00,2320.60,1798
1788158880000000000,2320.90,2320.90,2319.50,2320.20,1093
1788158940000000000,2320.70,2322.20,2320.20,2321.10,3821
1788159000000000000,2321.70,2321.70,2320.70,2321.30,1001
1788159060000000000,2321.30,2321.60,2320.80,2321.60,1216
1788159120000000000,2321.60,2323.00,2321.50,2321.80,857
1788159180000000000,2321.80,2321.80,2321.00,2321.00,860
1788159240000000000,2321.10,2322.70,2321.10,2322.40,1062
1788159300000000000,2322.40,2322.40,2321.80,2321.90,783
1788159360000000000,2322.10,2322.30,2321.00,2322.30,1625
1788159420000000000,2322.30,2323.00,2322.00,2322.00,1418
1788159480000000000,2322.50,2322.50,2321.30,2321.90,1262
1788159540000000000,2321.90,2322.20,2321.50,2321.50,956
1788159600000000000,2321.50,2322.20,2320.10,2321.20,3203
1788159660000000000,2322.00,2322.20,2320.00,2320.00,1134
1788159720000000000,2320.90,2321.40,2320.10,2320.50,1016
1788159780000000000,2320.50,2321.00,2320.10,2320.10,706
1788159840000000000,2320.50,2320.90,2319.30,2319.30,1419
1788159900000000000,2319.90,2320.60,2319.40,2320.50,604
1788159960000000000,2320.60,2320.60,2319.90,2320.60,631
1788160020000000000,2320.60,2321.40,2320.00,2321.40,1290
1788160080000000000,2321.50,2326.30,2321.40,2325.10,7714
1788160140000000000,2326.00,2326.00,2324.20,2324.80,2358
1788160200000000000,2324.80,2325.40,2324.50,2325.00,5483
1788160260000000000,2325.00,2325.00,2324.50,2324.80,1545
1788160320000000000,2325.00,2325.00,2324.50,2324.80,927
1788160380000000000,2324.80,2324.80,2323.10,2323.80,1495
1788160440000000000,2324.40,2324.40,2323.50,2324.00,890
1788160500000000000,2324.30,2324.30,2323.30,2323.40,1596
1788160560000000000,2323.90,2324.30,2322.20,2322.90,2645
1788160620000000000,2322.70,2322.70,2322.00,2322.00,1038
1788160680000000000,2322.10,2322.60,2322.00,2322.50,3971
1788160740000000000,2322.60,2323.20,2322.50,2322.70,1171
1788160800000000000,2322.70,2322.90,2322.00,2322.30,1019
1788160860000000000,2322.70,2322.70,2322.00,2322.30,654
1788160920000000000,2322.60,2322.60,2322.00,2322.00,1122
1788160980000000000,2322.40,2322.40,2322.00,2322.10,540
1788161040000000000,2322.20,2322.30,2322.00,2322.10,56876
1788161100000000000,2322.10,2322.10,2320.10,2322.00,10614
1788161160000000000,2322.00,2324.00,2321.40,2324.00,2378
1788161220000000000,2324.00,2324.00,2323.80,2323.90,1377
1788161280000000000,2324.00,2324.90,2323.90,2324.40,1872
1788161340000000000,2324.70,2324.90,2323.80,2323.80,1736
1788161400000000000,2324.00,2324.50,2323.80,2324.00,947
1788161460000000000,2324.50,2325.20,2323.90,2325.20,3682
1788161520000000000,2325.20,2325.30,2323.60,2324.60,3755
1788161580000000000,2324.70,2325.40,2324.60,2325.00,918
1788161640000000000,2325.20,2325.90,2325.00,2325.80,1040
1788161700000000000,2325.80,2325.90,2323.10,2323.80,1747
1788161760000000000,2323.80,2324.50,2323.50,2323.60,768
1788161820000000000,2324.50,2324.70,2323.60,2323.60,809
1788161880000000000,2324.10,2324.30,2323.60,2324.20,709
1788161940000000000,2324.20,2324.20,2323.60,2323.60,553
1788162000000000000,2324.10,2324.20,2323.50,2323.60,1044
1788162060000000000,2323.60,2323.70,2323.00,2323.00,1200
1788162120000000000,2323.40,2323.40,2322.30,2322.40,1017
1788162180000000000,2322.70,2324.30,2322.40,2324.20,4001
1788162240000000000,2324.30,2324.60,2323.10,2323.40,2890
1788162300000000000,2324.20,2324.20,2323.00,2323.70,805
1788162360000000000,2323.70,2323.70,2322.90,2323.40,734
1788162420000000000,2323.40,2324.90,2323.20,2324.00,1575
1788162480000000000,2324.80,2324.80,2323.70,2324.20,482
1788162540000000000,2324.20,2324.20,2323.70,2323.70,370
1788162600000000000,2323.80,2325.00,2323.70,2324.30,4970
1788162660000000000,2325.00,2325.00,2324.30,2324.30,433
1788162720000000000,2324.50,2324.50,2323.60,2324.00,1627
1788162780000000000,2324.40,2324.80,2324.00,2324.30,974
1788162840000000000,2324.80,2324.90,2323.80,2323.90,1203
1788162900000000000,2324.00,2324.50,2323.90,2324.00,1597
1788162960000000000,2324.10,2324.10,2324.00,2324.00,644
1788163020000000000,2324.10,2324.10,2323.60,2323.90,935
1788163080000000000,2324.00,2324.00,2323.60,2323.80,413
1788163140000000000,2323.80,2324.00,2323.60,2323.80,903
1788163200000000000,2323.80,2324.70,2323.60,2323.60,2185
1788163260000000000,2324.00,2324.00,2323.60,2323.70,579
1788163320000000000,2323.90,2325.30,2323.70,2325.30,3006
1788163380000000000,2325.40,2325.80,2325.00,2325.20,897
1788163440000000000,2325.30,2325.40,2325.20,2325.20,1009
1788163500000000000,2325.30,2325.30,2325.20,2325.20,632
1788163560000000000,2325.30,2325.30,2324.50,2324.60,1871
1788163620000000000,2324.60,2324.80,2324.00,2324.70,2070
1788163680000000000,2324.70,2325.00,2324.20,2325.00,747
1788163740000000000,2325.00,2325.00,2324.00,2324.20,827
1788163800000000000,2324.40,2325.10,2324.20,2325.00,2031
1788163860000000000,2325.10,2325.20,2325.00,2325.00,488
1788163920000000000,2325.10,2325.10,2324.10,2324.70,648
1788163980000000000,2324.80,2324.80,2323.90,2324.00,912
1788164040000000000,2324.00,2324.00,2323.50,2323.80,2027
1788164100000000000,2323.90,2324.60,2323.70,2324.00,2559
1788164160000000000,2324.00,2324.10,2323.40,2323.50,659
1788164220000000000,2324.00,2324.20,2323.50,2323.90,728
1788164280000000000,2324.00,2325.40,2323.90,2324.20,4021
1788164340000000000,2324.30,2325.10,2323.90,2324.80,1063
1788164400000000000,2325.00,2325.00,2324.00,2324.60,3324
1788164460000000000,2324.70,2324.80,2323.90,2324.30,3395
1788164520000000000,2324.80,2324.80,2324.00,2324.70,984
1788164580000000000,2324.70,2324.70,2323.80,2323.80,763
1788164640000000000,2324.00,2324.40,2323.80,2324.30,2502
1788164700000000000,2324.30,2324.30,2323.10,2323.90,1043
1788164760000000000,2323.90,2323.90,2323.40,2323.80,1693
1788164820000000000,2323.80,2323.80,2323.20,2323.60,1194
1788164880000000000,2323.50,2323.50,2322.60,2323.30,3144
1788164940000000000,2323.60,2323.70,2322.90,2323.70,792
1788165000000000000,2323.80,2324.00,2323.10,2323.50,1307
1788165060000000000,2323.70,2324.20,2323.10,2324.00,2470
1788165120000000000,2324.30,2325.00,2323.50,2323.50,2709
1788165180000000000,2324.20,2325.00,2323.50,2323.90,4207
1788165240000000000,2324.60,2325.30,2323.60,2325.10,2475
1788165300000000000,2325.20,2325.40,2324.00,2324.30,3448
1788165360000000000,2324.70,2325.50,2324.30,2325.10,2493
1788165420000000000,2325.30,2326.50,2325.10,2325.50,3832
1788165480000000000,2325.70,2326.00,2324.00,2324.00,1209
1788165540000000000,2324.50,2324.50,2321.60,2321.60,3512
1788165600000000000,2321.80,2321.90,2321.00,2321.10,2298
1788165660000000000,2321.60,2321.60,2321.00,2321.00,1083
1788165720000000000,2321.10,2321.80,2320.70,2321.60,2680
1788165780000000000,2321.80,2322.50,2321.60,2322.10,557
1788165840000000000,2322.20,2323.20,2321.10,2322.00,3385
1788165900000000000,2322.40,2323.20,2322.00,2323.10,4479
1788165960000000000,2323.20,2323.20,2322.10,2322.20,1160
1788166020000000000,2322.50,2322.80,2322.20,2322.30,1077
1788166080000000000,2322.40,2322.80,2322.20,2322.50,1262
1788166140000000000,2322.50,2324.70,2322.30,2322.80,1636
1788166200000000000,2323.60,2324.80,2322.60,2324.00,2687
1788166260000000000,2324.10,2324.60,2323.80,2324.00,1465
1788166320000000000,2324.40,2324.80,2322.60,2323.60,2183
1788166380000000000,2324.00,2324.30,2323.30,2323.50,3039
1788166440000000000,2324.00,2324.00,2322.30,2323.00,5677
1788166500000000000,2323.00,2323.00,2322.00,2322.30,1943
1788166560000000000,2322.30,2323.00,2322.20,2323.00,2436
1788166620000000000,2323.00,2323.40,2322.60,2322.60,1059
1788166680000000000,2323.10,2324.30,2322.60,2323.40,1355
1788166740000000000,2324.00,2326.20,2323.40,2324.00,7439
1788166800000000000,2325.10,2325.20,2323.40,2324.00,2146
1788166860000000000,2324.40,2324.80,2324.00,2324.60,976
1788166920000000000,2325.00,2325.50,2324.60,2324.70,703
1788166980000000000,2324.90,2326.20,2324.70,2326.10,3821
1788167040000000000,2326.10,2326.10,2324.00,2325.00,1445
1788167100000000000,2325.00,2325.50,2323.90,2324.30,1814
1788167160000000000,2325.00,2325.50,2324.40,2325.00,1064
1788167220000000000,2325.00,2325.30,2324.20,2325.30,1287
1788167280000000000,2325.30,2325.30,2323.40,2323.90,1864
1788167340000000000,2323.90,2324.20,2323.20,2323.30,1343
1788167400000000000,2323.90,2324.90,2323.30,2324.70,4040
1788167460000000000,2324.70,2325.00,2323.50,2323.70,2237
1788167520000000000,2324.30,2325.80,2323.70,2325.10,1732
1788167580000000000,2325.10,2325.80,2324.70,2325.00,1082
1788167640000000000,2325.20,2325.90,2325.00,2325.40,2016
1788167700000000000,2325.50,2327.30,2325.40,2327.00,2862
1788167760000000000,2327.30,2331.60,2327.00,2331.10,11726
1788167820000000000,2331.00,2331.00,2328.40,2328.50,3882
1788167880000000000,2328.70,2330.00,2328.10,2329.10,3796
1788167940000000000,2329.40,2329.60,2328.70,2329.10,2664
1788168000000000000,2329.20,2332.40,2328.70,2330.00,11797
1788168060000000000,2330.00,2331.90,2330.00,2331.20,4335
1788168120000000000,2331.20,2332.70,2331.10,2331.90,5401
1788168180000000000,2332.00,2333.00,2331.60,2332.80,4483
1788168240000000000,2332.90,2340.00,2332.40,2333.40,46801
1788168300000000000,2333.60,2334.00,2330.90,2331.40,6646
1788168360000000000,2331.70,2332.40,2331.10,2331.90,4272
1788168420000000000,2331.70,2334.00,2331.50,2332.80,12718
1788168480000000000,2332.90,2333.40,2330.00,2330.30,3541
1788168540000000000,2330.20,2332.70,2330.10,2331.50,3871
1788168600000000000,2331.70,2333.00,2330.20,2332.10,11960
1788168660000000000,2332.40,2335.60,2332.10,2333.80,14367
1788168720000000000,2333.80,2334.90,2332.30,2332.50,21477
1788168780000000000,2333.40,2333.40,2331.20,2332.50,12000
1788168840000000000,2332.00,2332.50,2328.90,2330.40,17648
1788168900000000000,2329.80,2333.00,2327.50,2329.00,42763
1788168960000000000,2328.40,2330.00,2327.60,2329.60,27112
1788169020000000000,2328.40,2329.80,2327.40,2328.30,18482
1788169080000000000,2327.60,2329.20,2327.50,2328.90,20850
1788169140000000000,2328.90,2329.70,2327.70,2329.00,22109
1788169200000000000,2329.00,2329.60,2327.30,2327.30,30091
1788169260000000000,2327.30,2331.10,2327.00,2328.20,44279
1788169320000000000,2327.30,2330.40,2324.60,2325.30,29680
1788169380000000000,2325.30,2328.40,2324.60,2324.70,23898
1788169440000000000,2324.70,2325.60,2323.00,2323.00,14140
1788169500000000000,2323.00,2323.00,2323.00,2323.00,0
1788169560000000000,2323.00,2323.00,2323.00,2323.00,0
1788169620000000000,2323.00,2323.00,2323.00,2323.00,0
1788169680000000000,2323.00,2323.00,2323.00,2323.00,0
1788169740000000000,2323.00,2323.00,2323.00,2323.00,0
1788169800000000000,2323.00,2323.00,2323.00,2323.00,0
1788169860000000000,2323.00,2323.00,2323.00,2323.00,0
1788169920000000000,2323.00,2323.00,2323.00,2323.00,0
1788169980000000000,2323.00,2323.00,2323.00,2323.00,0
1788170040000000000,2323.00,2323.00,2323.00,2323.00,0
1788170100000000000,2323.00,2323.00,2323.00,2323.00,0
1788170160000000000,2323.00,2323.00,2323.00,2323.00,0
1788170220000000000,2323.00,2323.00,2323.00,2323.00,0
1788170280000000000,2323.00,2323.00,2323.00,2323.00,0
1788170340000000000,2399.30,2399.30,2399.30,2399.30,1213118
1788234300000000000,2355.00,2355.00,2326.00,2328.00,138542
1788234360000000000,2327.90,2334.90,2325.00,2329.70,48358
1788234420000000000,2329.50,2336.80,2328.80,2336.80,38250
1788234480000000000,2336.80,2336.80,2330.10,2332.70,42726
1788234540000000000,2333.40,2333.40,2326.90,2330.70,17700
1788234600000000000,2330.70,2334.80,2330.00,2333.40,10292
1788234660000000000,2333.70,2342.90,2333.00,2341.30,36024
1788234720000000000,2341.30,2344.30,2337.60,2343.90,20006
1788234780000000000,2343.90,2345.10,2341.00,2341.50,21975
1788234840000000000,2341.40,2349.40,2341.00,2347.60,42410
1788234900000000000,2348.30,2356.60,2347.60,2354.70,39630
1788234960000000000,2354.40,2360.00,2353.40,2360.00,42518
1788235020000000000,2360.00,2360.30,2355.00,2355.40,28982
1788235080000000000,2355.30,2357.80,2352.00,2353.30,18573
1788235140000000000,2354.30,2355.50,2352.10,2354.30,5815
1788235200000000000,2354.30,2358.70,2353.60,2358.70,9261
1788235260000000000,2358.70,2360.90,2357.00,2358.90,15166
1788235320000000000,2359.90,2362.00,2358.40,2359.20,19669
1788235380000000000,2359.20,2363.00,2357.30,2359.70,16327
1788235440000000000,2359.00,2359.80,2352.10,2352.10,12258
1788235500000000000,2353.70,2354.00,2350.10,2350.90,10402
1788235560000000000,2351.40,2351.90,2348.60,2349.20,7908
1788235620000000000,2349.20,2349.50,2346.50,2348.10,4154
1788235680000000000,2348.00,2349.20,2345.00,2346.30,13531
1788235740000000000,2346.30,2346.70,2342.80,2346.00,18816
1788235800000000000,2346.10,2346.10,2343.00,2343.30,11390
1788235860000000000,2343.50,2347.10,2342.00,2347.10,10318
1788235920000000000,2347.10,2348.00,2345.20,2346.70,4285
1788235980000000000,2346.70,2347.90,2344.00,2345.00,3105
1788236040000000000,2345.50,2345.90,2344.00,2344.30,2903
1788236100000000000,2344.90,2346.00,2344.00,2345.40,2527
1788236160000000000,2345.30,2345.30,2343.40,2344.10,1820
1788236220000000000,2344.10,2345.60,2343.20,2345.50,6157
1788236280000000000,2345.50,2345.60,2343.90,2345.00,1942
1788236340000000000,2345.00,2346.00,2344.50,2344.80,2148
1788236400000000000,2345.60,2345.90,2344.50,2345.00,3506
1788236460000000000,2345.00,2345.20,2344.40,2345.00,1977
1788236520000000000,2345.00,2346.00,2344.80,2346.00,1834
1788236580000000000,2345.90,2346.00,2344.00,2345.30,2924
1788236640000000000,2345.30,2345.70,2344.10,2345.20,2484
1788236700000000000,2345.20,2345.50,2344.00,2344.00,2918
1788236760000000000,2344.00,2345.00,2342.40,2342.40,2878
1788236820000000000,2342.90,2344.60,2341.50,2344.30,4539
1788236880000000000,2344.30,2344.80,2341.50,2342.10,1671
1788236940000000000,2342.10,2342.10,2339.00,2340.10,10521
1788237000000000000,2340.10,2340.50,2339.00,2339.80,4025
1788237060000000000,2339.80,2339.80,2337.60,2338.70,3585
1788237120000000000,2338.70,2338.70,2336.80,2337.20,3395
1788237180000000000,2337.20,2340.50,2337.20,2339.90,5882
1788237240000000000,2340.70,2342.90,2338.70,2341.30,6360
1788237300000000000,2341.80,2342.50,2340.00,2341.30,4583
1788237360000000000,2341.30,2341.30,2340.00,2340.10,2087
1788237420000000000,2340.80,2345.10,2340.10,2343.00,14076
1788237480000000000,2343.00,2345.00,2341.90,2344.00,6561
1788237540000000000,2344.20,2349.30,2344.20,2349.30,8408
1788237600000000000,2349.30,2353.50,2347.50,2352.00,13095
1788237660000000000,2352.30,2353.40,2348.00,2348.80,11819
1788237720000000000,2349.80,2349.80,2348.10,2348.80,2547
1788237780000000000,2348.70,2350.00,2347.20,2349.00,5284
1788237840000000000,2348.20,2348.60,2346.10,2347.40,3345
1788237900000000000,2347.40,2349.70,2347.40,2349.70,778
1788237960000000000,2349.10,2350.00,2348.60,2350.00,1707
1788238020000000000,2350.00,2353.00,2349.30,2352.90,4214
1788238080000000000,2352.90,2353.00,2351.20,2352.00,2340
1788238140000000000,2352.50,2352.50,2346.20,2346.70,4553
1788238200000000000,2346.90,2347.70,2344.40,2346.10,6139
1788238260000000000,2346.10,2346.30,2344.50,2344.90,979
1788238320000000000,2344.80,2345.90,2344.70,2344.70,1655
1788238380000000000,2345.00,2345.70,2344.00,2344.00,2345
1788238440000000000,2344.30,2345.10,2342.60,2344.70,3845
1788238500000000000,2344.80,2345.70,2343.40,2344.00,3505
1788238560000000000,2344.00,2345.00,2342.60,2343.50,2932
1788238620000000000,2343.50,2346.70,2343.00,2346.30,2690
1788238680000000000,2346.70,2348.00,2346.30,2346.60,1396
1788238740000000000,2346.60,2346.80,2345.70,2345.90,1620
1788238800000000000,2345.70,2346.70,2344.80,2346.20,2679
1788238860000000000,2346.00,2347.40,2345.80,2347.30,2750
1788238920000000000,2347.10,2348.00,2346.80,2347.30,2452
1788238980000000000,2347.30,2348.50,2346.70,2348.00,1622
1788239040000000000,2348.00,2348.90,2347.10,2348.10,2492
1788239100000000000,2348.00,2348.70,2346.30,2348.10,5250
1788239160000000000,2347.40,2348.70,2347.30,2348.20,1568
1788239220000000000,2348.50,2348.70,2348.00,2348.30,1883
1788239280000000000,2348.20,2348.50,2347.00,2347.10,3694
1788239340000000000,2347.20,2347.70,2346.50,2346.80,1430
1788239400000000000,2346.80,2347.00,2346.40,2346.40,1588
1788239460000000000,2346.40,2348.80,2346.30,2347.80,2720
1788239520000000000,2347.80,2348.50,2347.50,2348.30,989
1788239580000000000,2348.30,2348.80,2347.50,2348.70,636
1788239640000000000,2348.70,2349.50,2348.00,2349.30,3525
1788239700000000000,2349.30,2351.40,2348.40,2348.80,4319
1788239760000000000,2348.80,2350.50,2348.40,2349.90,3527
1788239820000000000,2350.10,2350.10,2348.00,2349.40,2098
1788239880000000000,2348.90,2350.40,2348.70,2350.10,747
1788239940000000000,2350.40,2351.10,2349.60,2350.90,2008
1788240000000000000,2350.90,2351.10,2350.00,2350.90,921
1788240060000000000,2351.10,2354.90,2351.00,2354.00,11646
1788240120000000000,2354.60,2355.80,2349.80,2349.90,8869
1788240180000000000,2350.20,2351.00,2349.00,2349.60,2669
1788240240000000000,2349.60,2353.20,2349.00,2352.30,8037
1788240300000000000,2352.30,2354.00,2348.00,2350.10,14205
1788240360000000000,2350.50,2350.60,2346.10,2346.10,2442
1788240420000000000,2346.80,2347.50,2346.00,2346.80,1349
1788240480000000000,2346.80,2347.70,2346.00,2346.00,1883
1788240540000000000,2346.70,2347.30,2345.30,2345.30,3413
1788240600000000000,2346.40,2348.00,2346.00,2346.80,1628
1788240660000000000,2347.10,2351.50,2346.40,2348.60,31560
1788240720000000000,2348.60,2350.30,2348.20,2350.00,4951
1788240780000000000,2350.10,2350.30,2348.50,2350.00,18141
1788240840000000000,2350.10,2351.90,2350.00,2350.70,2439
1788240900000000000,2350.90,2352.20,2350.40,2351.70,4606
1788240960000000000,2352.20,2352.60,2350.70,2351.70,2724
1788241020000000000,2352.00,2352.00,2350.60,2350.70,1094
1788241080000000000,2350.70,2351.70,2350.50,2351.40,1815
1788241140000000000,2351.20,2351.40,2350.00,2350.60,3636
1788241200000000000,2350.60,2350.80,2350.10,2350.10,1233
1788241260000000000,2350.80,2351.00,2349.00,2349.10,13658
1788241320000000000,2349.10,2350.50,2348.50,2350.50,4527
1788241380000000000,2350.60,2350.70,2349.60,2350.00,1226
1788241440000000000,2350.10,2351.00,2349.00,2349.40,5796
1788241500000000000,2349.40,2349.60,2348.50,2348.60,815
1788241560000000000,2348.60,2349.00,2347.00,2347.80,2000
1788241620000000000,2347.80,2347.80,2346.70,2347.00,2874
1788241680000000000,2346.90,2347.70,2346.50,2347.20,2889
1788241740000000000,2347.30,2348.30,2346.90,2347.10,2036
1788241800000000000,2347.10,2348.80,2347.00,2348.10,1113
1788241860000000000,2348.10,2348.10,2347.40,2347.80,449
1788241920000000000,2347.70,2348.20,2347.40,2348.10,1084
1788241980000000000,2348.10,2349.50,2347.90,2349.30,963
1788242040000000000,2349.20,2349.80,2347.40,2347.40,1970
1788242100000000000,2347.70,2348.20,2347.60,2348.20,481
1788242160000000000,2348.10,2348.70,2347.70,2347.80,2600
1788242220000000000,2347.80,2348.00,2347.70,2347.70,1032
1788242280000000000,2347.70,2348.20,2347.50,2347.90,2151
1788242340000000000,2347.60,2347.90,2347.40,2347.60,662
1788242400000000000,2347.60,2349.90,2347.50,2349.70,2274
1788242460000000000,2349.70,2349.70,2347.50,2348.10,3239
1788242520000000000,2348.30,2348.70,2347.50,2347.90,1084
1788242580000000000,2348.00,2349.40,2347.50,2348.80,4922
1788242640000000000,2348.80,2349.60,2348.40,2349.10,1237
1788242700000000000,2348.80,2349.10,2347.50,2347.80,1146
1788242760000000000,2348.00,2348.30,2347.50,2347.90,792
1788242820000000000,2347.60,2347.60,2347.00,2347.10,1417
1788242880000000000,2347.10,2347.40,2346.70,2347.40,875
1788242940000000000,2347.30,2348.00,2347.00,2347.00,932
1788243000000000000,2347.10,2347.60,2346.50,2347.00,1819
1788243060000000000,2347.00,2349.40,2346.80,2348.90,5783
1788243120000000000,2348.90,2349.30,2348.40,2348.50,594
1788243180000000000,2348.60,2348.60,2347.30,2347.40,936
1788243240000000000,2347.80,2348.70,2347.10,2347.60,1304
1788243300000000000,2347.60,2349.80,2346.70,2349.50,3042
1788243360000000000,2349.60,2350.90,2348.90,2350.90,3307
1788243420000000000,2350.90,2350.90,2349.30,2350.40,1316
1788243480000000000,2350.40,2350.50,2350.00,2350.30,767
1788243540000000000,2350.40,2351.90,2350.30,2351.30,2442
1788243600000000000,2351.30,2352.20,2350.70,2352.20,2839
1788243660000000000,2352.40,2354.50,2352.10,2354.00,4356
1788243720000000000,2354.10,2354.50,2352.10,2352.80,3035
1788243780000000000,2352.80,2354.00,2352.70,2353.20,2186
1788243840000000000,2353.40,2357.20,2352.90,2357.20,7838
1788243900000000000,2357.00,2367.00,2356.40,2365.00,41752
1788243960000000000,2363.50,2366.00,2361.50,2366.00,12957
1788244020000000000,2365.40,2367.90,2363.00,2365.60,16290
1788244080000000000,2365.60,2366.00,2361.10,2361.10,5443
1788244140000000000,2361.40,2361.80,2360.00,2360.90,2966
1788244200000000000,2361.30,2361.80,2360.00,2361.00,2626
1788244260000000000,2361.40,2364.00,2359.50,2364.00,21857
1788244320000000000,2363.50,2364.90,2362.50,2364.00,8702
1788244380000000000,2363.80,2364.20,2362.90,2364.00,1949
1788244440000000000,2364.00,2364.00,2361.00,2361.80,1499
1788244500000000000,2361.80,2362.90,2361.50,2362.40,3731
1788244560000000000,2362.80,2364.90,2362.40,2364.20,5593
1788244620000000000,2364.10,2364.10,2361.60,2362.40,2649
1788244680000000000,2362.30,2363.00,2361.50,2361.50,1263
1788244740000000000,2361.80,2362.10,2361.50,2361.90,1640
1788244800000000000,2361.90,2362.00,2361.00,2361.50,2099
1788244860000000000,2361.60,2362.50,2361.60,2362.40,2442
1788244920000000000,2362.50,2363.00,2362.10,2362.50,1877
1788244980000000000,2362.80,2364.90,2361.00,2361.40,11243
1788245040000000000,2362.00,2362.40,2361.10,2362.00,2961
1788245100000000000,2362.00,2363.20,2362.00,2362.40,1359
1788245160000000000,2362.20,2363.00,2361.80,2362.70,742
1788245220000000000,2362.70,2362.70,2361.70,2362.60,1060
1788245280000000000,2362.70,2362.80,2361.10,2361.90,2236
1788245340000000000,2362.00,2362.00,2359.80,2360.20,2109
1788245400000000000,2360.50,2362.10,2360.00,2362.10,3936
1788245460000000000,2362.30,2363.00,2362.00,2362.80,1769
1788245520000000000,2363.00,2367.70,2362.90,2366.00,9644
1788245580000000000,2366.00,2366.70,2365.00,2365.90,1687
1788245640000000000,2365.90,2366.00,2363.90,2363.90,2277
1788245700000000000,2364.00,2364.80,2363.10,2363.90,2393
1788245760000000000,2364.00,2365.30,2363.50,2364.60,6757
1788245820000000000,2364.60,2365.40,2364.60,2365.30,1721
1788245880000000000,2365.00,2368.00,2364.60,2366.60,7287
1788245940000000000,2366.60,2367.70,2364.50,2366.60,5820
1788246000000000000,2366.60,2368.00,2365.00,2367.00,8310
1788246060000000000,2367.60,2367.60,2364.30,2364.30,2419
1788246120000000000,2364.80,2364.80,2360.10,2360.20,4278
1788246180000000000,2360.80,2362.40,2358.50,2361.20,4425
1788246240000000000,2361.90,2364.20,2361.80,2363.50,1275
1788246300000000000,2364.20,2365.00,2363.50,2364.40,1826
1788246360000000000,2364.70,2365.20,2363.20,2363.90,2394
1788246420000000000,2364.10,2364.90,2363.00,2363.00,2623
1788246480000000000,2363.10,2363.80,2361.80,2363.00,1604
1788246540000000000,2363.10,2363.10,2361.80,2362.20,2047
1788246600000000000,2362.20,2363.00,2361.60,2361.70,1473
1788246660000000000,2361.70,2362.80,2361.50,2361.70,2287
1788246720000000000,2361.80,2362.80,2361.70,2362.20,759
1788246780000000000,2362.20,2365.00,2362.00,2363.00,5859
1788246840000000000,2363.90,2365.90,2363.10,2365.40,1146
1788246900000000000,2365.40,2366.20,2365.00,2365.90,1683
1788246960000000000,2365.90,2366.50,2365.40,2366.20,1095
1788247020000000000,2366.30,2366.30,2364.00,2364.50,2851
1788247080000000000,2364.80,2364.80,2363.90,2364.30,442
1788247140000000000,2364.20,2364.50,2363.30,2363.30,1005
1788247200000000000,2363.50,2363.50,2362.40,2363.20,2071
1788247260000000000,2363.50,2363.50,2362.80,2362.90,623
1788247320000000000,2362.90,2363.80,2361.90,2363.40,2679
1788247380000000000,2363.70,2363.80,2362.30,2363.30,417
1788247440000000000,2363.30,2363.40,2361.60,2362.40,919
1788247500000000000,2362.50,2363.10,2361.10,2362.70,3472
1788247560000000000,2362.30,2364.70,2362.30,2364.00,2392
1788247620000000000,2364.00,2365.90,2363.00,2365.00,1763
1788247680000000000,2365.00,2365.50,2364.20,2364.60,656
1788247740000000000,2364.80,2365.80,2364.50,2364.80,739
1788247800000000000,2364.70,2365.00,2364.00,2364.00,735
1788247860000000000,2364.20,2364.70,2363.80,2364.00,1585
1788247920000000000,2363.90,2365.00,2363.70,2364.30,1792
1788247980000000000,2364.60,2365.00,2364.20,2364.50,685
1788248040000000000,2364.70,2364.80,2364.10,2364.50,878
1788248100000000000,2364.40,2364.50,2363.10,2364.40,1368
1788248160000000000,2364.50,2365.50,2363.10,2363.80,47065
1788248220000000000,2363.50,2364.80,2362.40,2363.50,7392
1788248280000000000,2363.80,2364.50,2363.50,2363.60,564
1788248340000000000,2363.60,2364.30,2362.80,2363.20,1761
1788248400000000000,2363.40,2364.50,2363.10,2363.60,806
1788248460000000000,2363.70,2364.10,2361.50,2361.80,7119
1788248520000000000,2362.60,2362.60,2360.20,2360.80,1562
1788248580000000000,2360.80,2362.20,2360.50,2362.00,1588
1788248640000000000,2362.20,2362.40,2359.30,2359.30,4580
1788248700000000000,2359.60,2360.10,2358.30,2358.30,6636
1788248760000000000,2358.40,2358.50,2356.60,2356.70,1970
1788248820000000000,2356.80,2358.00,2356.60,2357.80,4003
1788248880000000000,2357.80,2361.30,2357.70,2360.60,2711
1788248940000000000,2361.20,2363.00,2360.60,2360.70,6480
1788249000000000000,2360.70,2362.00,2360.60,2361.40,2678
1788249060000000000,2361.80,2364.60,2361.30,2364.00,6839
1788249120000000000,2364.40,2364.50,2363.20,2363.20,2055
1788249180000000000,2363.60,2363.70,2362.20,2362.90,1907
1788249240000000000,2362.90,2364.30,2362.80,2364.10,2062
1788249300000000000,2364.10,2364.70,2363.20,2364.10,1774
1788249360000000000,2364.30,2365.00,2363.20,2364.00,1745
1788249420000000000,2364.00,2365.50,2363.20,2365.20,4563
1788249480000000000,2365.20,2365.80,2363.90,2364.20,1962
1788249540000000000,2364.20,2365.00,2364.10,2364.40,939
1788249600000000000,2364.40,2365.00,2363.20,2363.90,1638
1788249660000000000,2364.40,2369.30,2364.30,2368.00,31204
1788249720000000000,2368.10,2368.30,2366.00,2367.30,30330
1788249780000000000,2367.80,2368.00,2366.60,2367.90,2006
1788249840000000000,2367.90,2368.00,2366.40,2366.60,1929
1788249900000000000,2366.80,2372.00,2366.60,2370.10,40140
1788249960000000000,2370.00,2370.00,2367.50,2368.00,9553
1788250020000000000,2368.10,2368.10,2365.00,2366.30,5948
1788250080000000000,2366.30,2366.70,2364.00,2365.10,6049
1788250140000000000,2365.80,2365.80,2364.70,2365.30,634
1788250200000000000,2365.00,2365.30,2363.00,2364.10,3626
1788250260000000000,2364.10,2364.80,2362.90,2363.10,3287
1788250320000000000,2363.20,2367.80,2363.10,2367.00,14545
1788250380000000000,2366.90,2367.10,2365.90,2366.10,1668
1788250440000000000,2366.50,2367.00,2365.60,2366.20,2570
1788250500000000000,2366.20,2366.20,2364.40,2364.90,1743
1788250560000000000,2365.10,2366.40,2364.40,2365.40,4231
1788250620000000000,2365.20,2366.30,2363.10,2364.20,23766
1788250680000000000,2363.90,2366.00,2363.40,2364.80,4883
1788250740000000000,2364.90,2365.50,2364.40,2364.70,1825
1788250800000000000,2364.60,2365.90,2363.10,2363.50,7326
1788250860000000000,2363.90,2363.90,2360.80,2361.30,5860
1788250920000000000,2361.30,2362.00,2360.00,2360.20,7816
1788250980000000000,2360.20,2365.00,2360.00,2360.70,29361
1788251040000000000,2361.10,2362.90,2360.40,2361.00,3108
1788251100000000000,2361.40,2362.00,2360.00,2360.00,2813
1788251160000000000,2360.10,2361.10,2359.70,2360.50,3605
1788251220000000000,2360.50,2361.50,2359.90,2361.50,2996
1788251280000000000,2361.90,2363.00,2360.80,2360.80,2972
1788251340000000000,2361.20,2362.60,2360.80,2361.60,2487
1788251400000000000,2361.50,2361.50,2359.90,2360.60,3390
1788251460000000000,2360.50,2360.60,2359.00,2359.30,3046
1788251520000000000,2359.40,2360.60,2358.60,2358.60,1784
1788251580000000000,2358.70,2360.40,2357.10,2359.20,17742
1788251640000000000,2359.30,2360.00,2358.00,2358.10,3051
1788251700000000000,2358.90,2360.60,2357.70,2359.50,17157
1788251760000000000,2360.20,2360.40,2359.20,2359.90,949
1788251820000000000,2359.90,2359.90,2358.70,2359.30,1460
1788251880000000000,2359.30,2359.30,2357.30,2357.70,4910
1788251940000000000,2358.00,2361.10,2357.10,2357.50,27906
1788252000000000000,2357.50,2359.00,2357.00,2358.10,5171
1788252060000000000,2359.00,2361.10,2358.10,2360.30,5513
1788252120000000000,2360.40,2360.40,2358.00,2358.30,9022
1788252180000000000,2358.30,2358.40,2357.00,2357.00,2089
1788252240000000000,2357.40,2360.40,2356.50,2360.40,21477
1788252300000000000,2360.40,2362.00,2360.10,2361.80,7445
1788252360000000000,2362.00,2363.20,2361.10,2363.20,11020
1788252420000000000,2362.80,2363.20,2361.10,2361.60,8072
1788252480000000000,2361.80,2364.20,2361.50,2363.20,10416
1788252540000000000,2364.10,2364.20,2362.50,2363.00,5123
1788252600000000000,2363.90,2363.90,2361.50,2361.90,3487
1788252660000000000,2362.60,2362.70,2361.10,2361.60,2799
1788252720000000000,2361.60,2361.90,2360.00,2360.00,3064
1788252780000000000,2360.40,2361.90,2360.00,2361.40,3168
1788252840000000000,2361.40,2361.40,2360.00,2361.10,3442
1788252900000000000,2361.00,2361.40,2360.00,2360.20,2675
1788252960000000000,2360.60,2360.90,2360.00,2360.40,1292
1788253020000000000,2360.40,2360.40,2360.00,2360.00,9414
1788253080000000000,2360.10,2360.40,2360.00,2360.10,3258
1788253140000000000,2360.30,2363.40,2360.20,2363.10,6519
1788253200000000000,2363.20,2363.40,2361.20,2361.40,2410
1788253260000000000,2362.00,2363.50,2361.40,2363.00,2800
1788253320000000000,2363.60,2363.60,2360.30,2361.30,3596
1788253380000000000,2361.30,2361.30,2360.00,2360.00,6673
1788253440000000000,2360.10,2361.30,2359.60,2359.60,10166
1788253500000000000,2360.20,2361.40,2359.80,2360.40,8097
1788253560000000000,2360.40,2360.40,2359.30,2359.60,1884
1788253620000000000,2359.60,2359.60,2357.30,2357.30,2583
1788253680000000000,2358.10,2358.50,2357.10,2357.20,3615
1788253740000000000,2357.20,2357.80,2355.00,2355.50,5901
1788253800000000000,2355.40,2355.50,2352.50,2352.90,9043
1788253860000000000,2352.90,2353.10,2351.90,2352.70,4448
1788253920000000000,2352.70,2354.70,2352.10,2353.10,5483
1788253980000000000,2353.10,2353.10,2351.80,2352.20,2293
1788254040000000000,2352.20,2352.50,2350.10,2350.10,12306
1788254100000000000,2350.90,2353.70,2350.10,2352.60,14868
1788254160000000000,2352.60,2353.40,2352.40,2352.70,4853
1788254220000000000,2352.70,2353.00,2352.60,2352.60,4981
1788254280000000000,2352.70,2355.00,2352.30,2352.70,23686
1788254340000000000,2352.70,2353.40,2352.40,2353.00,9775
1788254400000000000,2353.10,2353.70,2352.00,2353.00,10561
1788254460000000000,2353.10,2356.30,2352.90,2353.70,23711
1788254520000000000,2353.70,2353.70,2352.20,2353.30,7867
1788254580000000000,2353.40,2356.00,2353.40,2354.40,15191
1788254640000000000,2354.40,2354.80,2354.00,2354.60,6601
1788254700000000000,2354.60,2356.00,2354.50,2355.90,6865
1788254760000000000,2355.90,2356.00,2355.10,2355.80,9044
1788254820000000000,2355.80,2356.20,2355.60,2355.70,7560
1788254880000000000,2355.80,2357.40,2355.00,2355.70,14332
1788254940000000000,2355.70,2356.10,2354.70,2355.10,7592
1788255000000000000,2355.10,2355.30,2354.00,2354.50,11523
1788255060000000000,2354.50,2355.70,2354.10,2354.60,14482
1788255120000000000,2354.70,2354.70,2352.90,2353.00,9376
1788255180000000000,2353.00,2353.90,2352.80,2353.30,15493
1788255240000000000,2353.30,2355.40,2353.00,2355.30,11152
1788255300000000000,2355.30,2356.40,2353.60,2355.00,22990
1788255360000000000,2355.40,2360.80,2355.00,2357.80,58916
1788255420000000000,2357.90,2359.60,2357.80,2358.90,27787
1788255480000000000,2359.10,2359.10,2355.80,2356.60,18027
1788255540000000000,2356.70,2357.00,2356.10,2356.40,17610
1788255600000000000,2356.70,2357.10,2356.10,2356.50,20384
1788255660000000000,2356.50,2356.50,2355.40,2355.90,17847
1788255720000000000,2355.90,2358.00,2352.00,2352.50,36490
1788255780000000000,2352.60,2353.20,2351.20,2352.70,12184
1788255840000000000,2352.80,2356.00,2351.20,2356.00,7210
1788255900000000000,2356.00,2356.00,2356.00,2356.00,0
1788255960000000000,2356.00,2356.00,2356.00,2356.00,0
1788256020000000000,2356.00,2356.00,2356.00,2356.00,0
1788256080000000000,2356.00,2356.00,2356.00,2356.00,0
1788256140000000000,2356.00,2356.00,2356.00,2356.00,0
1788256200000000000,2356.00,2356.00,2356.00,2356.00,0
1788256260000000000,2356.00,2356.00,2356.00,2356.00,0
1788256320000000000,2356.00,2356.00,2356.00,2356.00,0
1788256380000000000,2356.00,2356.00,2356.00,2356.00,0
1788256440000000000,2356.00,2356.00,2356.00,2356.00,0
1788256500000000000,2356.00,2356.00,2356.00,2356.00,0
1788256560000000000,2356.00,2356.00,2356.00,2356.00,0
1788256620000000000,2356.00,2356.00,2356.00,2356.00,0
1788256680000000000,2356.00,2356.00,2356.00,2356.00,0
1788256740000000000,2369.00,2369.00,2369.00,2369.00,83544
1788320700000000000,2347.90,2349.90,2328.70,2332.50,57931
1788320760000000000,2333.00,2333.10,2319.10,2322.00,33636
1788320820000000000,2322.70,2335.70,2319.00,2327.80,60588
1788320880000000000,2327.80,2329.00,2320.00,2323.10,21885
1788320940000000000,2322.30,2322.90,2312.30,2312.30,31028
1788321000000000000,2313.20,2318.80,2311.60,2318.80,16604
1788321060000000000,2318.20,2318.20,2308.30,2312.20,22845
1788321120000000000,2311.30,2312.00,2308.60,2311.00,10923
1788321180000000000,2311.80,2311.80,2304.70,2306.00,20381
1788321240000000000,2306.10,2307.00,2303.50,2306.40,18557
1788321300000000000,2306.60,2310.00,2305.20,2309.70,14468
1788321360000000000,2309.90,2312.00,2308.00,2311.70,11099
1788321420000000000,2311.70,2315.00,2310.40,2314.30,13653
1788321480000000000,2314.00,2315.20,2312.10,2315.20,8301
1788321540000000000,2315.20,2320.80,2315.10,2319.90,12838
1788321600000000000,2320.20,2325.00,2319.40,2324.30,17513
1788321660000000000,2324.90,2329.00,2323.00,2327.00,26309
1788321720000000000,2327.20,2334.80,2325.30,2330.60,29332
1788321780000000000,2330.40,2334.40,2330.00,2333.10,14844
1788321840000000000,2333.10,2345.50,2332.20,2344.20,61320
1788321900000000000,2344.50,2346.00,2338.40,2342.50,13704
1788321960000000000,2342.90,2347.30,2340.80,2346.20,16872
1788322020000000000,2346.70,2348.00,2344.90,2346.00,11225
1788322080000000000,2345.90,2347.00,2340.00,2342.80,14632
1788322140000000000,2343.00,2344.00,2339.10,2339.30,8954
1788322200000000000,2339.60,2344.50,2338.40,2342.10,9866
1788322260000000000,2342.50,2346.00,2342.30,2345.00,8735
1788322320000000000,2344.80,2345.00,2343.00,2344.60,5572
1788322380000000000,2344.60,2346.00,2344.10,2345.90,7440
1788322440000000000,2345.90,2346.00,2343.10,2343.80,4203
1788322500000000000,2343.80,2348.00,2343.20,2348.00,10199
1788322560000000000,2347.70,2348.00,2345.00,2345.80,6520
1788322620000000000,2345.40,2345.90,2342.80,2344.50,4483
1788322680000000000,2344.40,2346.00,2342.70,2345.50,9100
1788322740000000000,2345.40,2345.50,2343.40,2345.30,5325
1788322800000000000,2345.20,2345.50,2343.50,2343.50,2038
1788322860000000000,2343.70,2344.10,2341.40,2344.10,5681
1788322920000000000,2343.60,2345.60,2342.70,2344.90,7350
1788322980000000000,2345.50,2346.30,2344.70,2345.70,7154
1788323040000000000,2345.70,2345.90,2343.60,2345.20,2663
1788323100000000000,2345.20,2346.40,2343.70,2346.30,4951
1788323160000000000,2346.40,2347.00,2344.60,2345.50,6856
1788323220000000000,2345.60,2346.50,2344.00,2345.00,4643
1788323280000000000,2345.30,2354.60,2345.00,2354.10,18410
1788323340000000000,2353.60,2358.60,2351.70,2356.20,23124
1788323400000000000,2356.70,2363.00,2356.00,2361.50,23147
1788323460000000000,2361.70,2362.90,2357.70,2358.90,10887
1788323520000000000,2358.50,2360.50,2351.10,2353.50,9850
1788323580000000000,2353.40,2363.00,2352.80,2357.70,26689
1788323640000000000,2357.70,2360.30,2355.50,2356.00,4830
1788323700000000000,2355.80,2358.50,2355.00,2355.00,21632
1788323760000000000,2354.60,2354.90,2352.30,2353.20,9277
1788323820000000000,2353.20,2354.80,2352.10,2352.90,6159
1788323880000000000,2352.90,2353.90,2347.20,2349.30,15304
1788323940000000000,2349.10,2350.60,2347.20,2349.70,10925
1788324000000000000,2349.10,2351.30,2348.20,2350.00,3775
1788324060000000000,2350.20,2352.50,2350.00,2350.00,7641
1788324120000000000,2350.50,2353.60,2350.00,2353.60,5478
1788324180000000000,2353.00,2353.60,2350.90,2352.20,2121
1788324240000000000,2352.20,2352.20,2351.50,2351.50,1095
1788324300000000000,2351.60,2351.60,2349.00,2349.70,5433
1788324360000000000,2349.40,2350.40,2349.00,2349.20,5472
1788324420000000000,2349.50,2349.70,2345.50,2346.00,7186
1788324480000000000,2346.00,2346.30,2345.30,2345.60,5305
1788324540000000000,2345.80,2346.30,2345.00,2345.20,7211
1788324600000000000,2345.80,2347.00,2345.00,2346.60,4531
1788324660000000000,2346.60,2347.60,2345.90,2347.50,5794
1788324720000000000,2347.20,2347.30,2345.00,2345.40,6894
1788324780000000000,2345.00,2348.70,2344.50,2348.10,6825
1788324840000000000,2348.30,2349.00,2347.00,2347.00,6339
1788324900000000000,2347.40,2349.30,2346.70,2348.10,7417
1788324960000000000,2348.10,2348.60,2347.20,2347.60,3420
1788325020000000000,2348.40,2348.50,2346.30,2346.50,3845
1788325080000000000,2346.80,2347.80,2346.50,2346.60,4083
1788325140000000000,2346.90,2348.20,2346.00,2348.20,5899
1788325200000000000,2347.90,2348.40,2346.60,2348.20,4051
1788325260000000000,2348.20,2348.80,2347.00,2347.50,4919
1788325320000000000,2347.40,2355.00,2346.00,2351.00,23489
1788325380000000000,2351.90,2353.70,2350.00,2352.70,2849
1788325440000000000,2352.50,2352.60,2350.60,2350.70,3687
1788325500000000000,2350.40,2350.70,2344.40,2346.70,5407
1788325560000000000,2346.50,2346.90,2344.50,2344.80,3750
1788325620000000000,2344.70,2344.80,2341.40,2342.50,7426
1788325680000000000,2342.30,2342.50,2340.50,2341.90,3375
1788325740000000000,2341.90,2341.90,2341.00,2341.30,1878
1788325800000000000,2341.20,2341.30,2339.10,2339.60,5271
1788325860000000000,2339.60,2340.50,2338.20,2339.70,11321
1788325920000000000,2339.70,2341.00,2339.60,2340.40,3677
1788325980000000000,2340.50,2340.60,2339.60,2340.40,1305
1788326040000000000,2340.20,2341.30,2340.00,2340.70,5793
1788326100000000000,2340.70,2342.90,2340.50,2342.20,5094
1788326160000000000,2342.00,2342.90,2341.80,2342.50,1886
1788326220000000000,2342.40,2342.50,2341.10,2341.50,2147
1788326280000000000,2341.50,2342.50,2341.40,2342.30,4191
1788326340000000000,2342.30,2344.20,2342.20,2343.00,4202
1788326400000000000,2342.90,2344.30,2342.90,2344.20,3197
1788326460000000000,2344.20,2346.90,2343.80,2346.00,8234
1788326520000000000,2346.90,2347.20,2344.00,2344.20,3422
1788326580000000000,2344.10,2345.40,2343.80,2344.10,1239
1788326640000000000,2344.40,2346.00,2343.80,2346.00,2894
1788326700000000000,2346.00,2348.50,2345.60,2347.90,5639
1788326760000000000,2347.90,2348.70,2347.40,2348.00,2020
1788326820000000000,2348.00,2349.30,2347.90,2349.30,3526
1788326880000000000,2349.00,2349.10,2345.10,2346.50,3186
1788326940000000000,2346.60,2347.30,2345.00,2345.00,26096
1788327000000000000,2345.00,2346.00,2344.90,2345.00,7247
1788327060000000000,2345.00,2345.00,2342.60,2343.70,2950
1788327120000000000,2343.60,2345.50,2343.60,2344.30,2212
1788327180000000000,2344.20,2344.30,2342.80,2343.20,1363
1788327240000000000,2343.00,2343.50,2343.00,2343.00,2260
1788327300000000000,2343.10,2343.40,2342.00,2342.30,1692
1788327360000000000,2342.40,2342.40,2341.90,2341.90,2211
1788327420000000000,2342.00,2342.20,2341.10,2342.20,3417
1788327480000000000,2342.10,2343.00,2341.50,2341.80,2205
1788327540000000000,2342.30,2342.30,2338.20,2338.20,5035
1788327600000000000,2338.60,2340.50,2338.20,2338.60,2572
1788327660000000000,2338.80,2338.80,2337.00,2337.20,4602
1788327720000000000,2338.00,2339.00,2337.30,2338.40,3243
1788327780000000000,2338.90,2338.90,2337.50,2337.50,2397
1788327840000000000,2338.20,2338.30,2337.10,2337.40,3048
1788327900000000000,2337.30,2338.00,2336.20,2336.70,3546
1788327960000000000,2336.70,2336.70,2335.60,2335.60,2861
1788328020000000000,2335.80,2336.80,2335.10,2336.10,5644
1788328080000000000,2336.10,2337.50,2335.60,2336.30,3117
1788328140000000000,2336.60,2336.90,2336.00,2336.00,2116
1788328200000000000,2336.30,2336.90,2335.90,2336.30,3534
1788328260000000000,2336.10,2336.30,2335.90,2335.90,1247
1788328320000000000,2336.00,2336.00,2335.50,2335.60,1544
1788328380000000000,2335.60,2336.90,2335.50,2336.20,3638
1788328440000000000,2336.30,2336.40,2336.00,2336.20,1006
1788328500000000000,2336.20,2336.20,2335.60,2336.00,1522
1788328560000000000,2336.10,2336.60,2336.00,2336.10,5504
1788328620000000000,2336.20,2337.00,2336.20,2336.70,2122
1788328680000000000,2336.80,2339.90,2336.70,2339.00,13378
1788328740000000000,2339.30,2339.40,2337.10,2339.00,4206
1788328800000000000,2338.80,2342.00,2338.20,2341.20,5266
1788328860000000000,2341.20,2342.60,2340.30,2341.90,3471
1788328920000000000,2341.90,2342.50,2340.00,2340.40,2624
1788328980000000000,2340.50,2340.90,2339.70,2340.30,2363
1788329040000000000,2340.50,2340.80,2339.30,2340.60,3758
1788329100000000000,2340.80,2342.00,2340.00,2340.10,2546
1788329160000000000,2340.40,2341.00,2339.00,2339.80,2696
1788329220000000000,2339.80,2339.80,2338.20,2338.90,4122
1788329280000000000,2339.00,2339.80,2338.90,2339.20,9317
1788329340000000000,2339.20,2341.30,2339.20,2341.00,4544
1788329400000000000,2341.20,2342.00,2339.70,2340.00,5046
1788329460000000000,2340.00,2341.80,2339.60,2341.10,5651
1788329520000000000,2341.20,2341.20,2341.00,2341.10,1172
1788329580000000000,2341.10,2341.10,2340.60,2341.00,924
1788329640000000000,2341.00,2341.00,2339.00,2339.00,1119
1788329700000000000,2339.40,2339.40,2338.90,2339.30,3523
1788329760000000000,2339.30,2339.30,2338.80,2339.20,2531
1788329820000000000,2339.30,2339.30,2338.10,2338.10,1928
1788329880000000000,2338.40,2339.00,2337.00,2338.90,5773
1788329940000000000,2339.00,2339.00,2337.80,2338.80,4682
1788330000000000000,2339.00,2340.70,2339.00,2340.40,4062
1788330060000000000,2340.50,2343.60,2340.50,2342.30,7079
1788330120000000000,2341.90,2342.60,2341.80,2342.10,1317
1788330180000000000,2342.20,2342.20,2341.60,2341.80,1148
1788330240000000000,2341.90,2341.90,2341.60,2341.80,2504
1788330300000000000,2341.90,2341.90,2341.80,2341.80,1636
1788330360000000000,2341.90,2341.90,2340.50,2341.60,4361
1788330420000000000,2341.70,2341.70,2340.60,2341.00,1838
1788330480000000000,2341.10,2341.10,2340.60,2340.60,776
1788330540000000000,2340.70,2340.70,2340.40,2340.40,974
1788330600000000000,2340.50,2340.90,2340.00,2340.20,4812
1788330660000000000,2340.60,2340.60,2338.80,2340.00,2743
1788330720000000000,2340.20,2340.40,2339.20,2339.20,1082
1788330780000000000,2340.00,2340.00,2338.80,2338.80,935
1788330840000000000,2338.90,2339.80,2338.60,2339.50,4475
1788330900000000000,2339.60,2339.80,2338.80,2339.10,972
1788330960000000000,2339.10,2340.30,2338.90,2338.90,4849
1788331020000000000,2339.70,2339.80,2339.00,2339.50,961
1788331080000000000,2339.60,2339.60,2339.00,2339.10,850
1788331140000000000,2339.20,2339.20,2339.10,2339.10,735
1788331200000000000,2339.20,2339.20,2339.10,2339.10,1629
1788331260000000000,2339.20,2339.40,2337.20,2338.40,9384
1788331320000000000,2338.50,2338.60,2338.40,2338.50,1331
1788331380000000000,2338.60,2338.60,2337.30,2337.90,1649
1788331440000000000,2338.00,2338.10,2337.20,2337.50,4709
1788331500000000000,2337.80,2339.10,2337.80,2338.30,1835
1788331560000000000,2338.30,2338.30,2338.00,2338.10,599
1788331620000000000,2338.30,2339.50,2338.10,2339.40,3137
1788331680000000000,2339.50,2339.50,2338.50,2338.70,1625
1788331740000000000,2338.70,2338.70,2338.10,2338.20,1632
1788331800000000000,2338.30,2338.30,2337.20,2337.40,2952
1788331860000000000,2337.60,2337.60,2336.60,2337.00,1969
1788331920000000000,2337.40,2341.40,2337.20,2340.70,6242
1788331980000000000,2340.70,2341.00,2339.60,2339.60,1657
1788332040000000000,2340.00,2340.80,2339.90,2340.00,1132
1788332100000000000,2340.20,2342.40,2340.10,2340.30,5483
1788332160000000000,2341.10,2342.00,2340.30,2341.90,2048
1788332220000000000,2341.90,2344.50,2341.90,2342.70,6768
1788332280000000000,2342.80,2343.80,2342.40,2342.40,1818
1788332340000000000,2342.80,2343.60,2342.60,2343.00,2068
1788332400000000000,2343.30,2344.80,2343.00,2344.50,3409
1788332460000000000,2344.10,2345.00,2343.80,2344.40,3335
1788332520000000000,2344.40,2345.30,2343.70,2343.70,3301
1788332580000000000,2344.30,2344.30,2343.40,2344.10,1713
1788332640000000000,2344.20,2344.40,2343.40,2343.40,2158
1788332700000000000,2343.70,2344.10,2342.10,2342.90,1690
1788332760000000000,2343.00,2343.70,2342.90,2343.30,1892
1788332820000000000,2343.50,2343.70,2341.40,2341.40,1854
1788332880000000000,2341.80,2341.80,2340.00,2340.30,2090
1788332940000000000,2340.40,2340.40,2340.00,2340.30,1376
1788333000000000000,2340.40,2340.40,2339.40,2339.70,1294
1788333060000000000,2339.70,2339.70,2339.20,2339.40,2438
1788333120000000000,2339.40,2339.40,2338.30,2338.60,2012
1788333180000000000,2338.80,2338.80,2337.60,2338.30,1558
1788333240000000000,2338.30,2338.40,2337.60,2337.90,1126
1788333300000000000,2337.90,2337.90,2336.70,2337.20,3265
1788333360000000000,2337.30,2337.30,2337.00,2337.00,1012
1788333420000000000,2337.10,2337.10,2335.80,2336.00,4439
1788333480000000000,2336.40,2336.70,2335.70,2336.60,3294
1788333540000000000,2336.70,2337.60,2336.60,2337.50,1345
1788333600000000000,2337.60,2338.20,2337.30,2338.10,2652
1788333660000000000,2338.20,2338.30,2338.00,2338.20,968
1788333720000000000,2338.30,2338.30,2338.00,2338.20,1505
1788333780000000000,2338.10,2338.20,2337.90,2338.10,1053
1788333840000000000,2338.10,2338.10,2336.90,2337.80,2049
1788333900000000000,2337.90,2337.90,2337.00,2337.40,1898
1788333960000000000,2337.50,2338.10,2337.30,2337.70,3962
1788334020000000000,2337.80,2338.80,2337.40,2338.50,4564
1788334080000000000,2338.40,2339.30,2338.10,2338.70,2383
1788334140000000000,2338.80,2341.00,2338.50,2340.00,4154
1788334200000000000,2340.10,2341.00,2339.30,2340.90,2794
1788334260000000000,2341.00,2341.20,2340.50,2340.50,1448
1788334320000000000,2340.60,2341.30,2340.50,2340.80,999
1788334380000000000,2340.90,2341.10,2340.80,2341.00,1622
1788334440000000000,2341.00,2341.20,2340.80,2341.10,1503
1788334500000000000,2341.20,2341.70,2341.10,2341.60,2401
1788334560000000000,2341.70,2342.70,2340.40,2340.40,3671
1788334620000000000,2340.60,2344.80,2340.20,2342.30,35188
1788334680000000000,2342.70,2343.50,2340.70,2340.70,3493
1788334740000000000,2340.90,2340.90,2339.80,2340.50,1095
1788334800000000000,2340.20,2340.50,2339.30,2340.20,2834
1788334860000000000,2340.20,2341.70,2340.20,2340.80,1514
1788334920000000000,2340.90,2341.50,2340.60,2341.30,1659
1788334980000000000,2341.40,2341.40,2340.80,2341.40,1672
1788335040000000000,2341.40,2341.40,2340.20,2340.70,1087
1788335100000000000,2340.80,2340.80,2340.40,2340.40,1308
1788335160000000000,2340.60,2340.60,2339.10,2340.50,4334
1788335220000000000,2340.60,2341.50,2340.00,2340.00,3196
1788335280000000000,2340.30,2340.30,2339.30,2340.00,681
1788335340000000000,2340.00,2341.80,2339.00,2341.30,13927
1788335400000000000,2341.40,2343.40,2341.30,2343.30,11822
1788335460000000000,2343.40,2344.40,2343.30,2344.30,4173
1788335520000000000,2344.40,2344.60,2344.00,2344.40,1204
1788335580000000000,2344.50,2344.50,2344.00,2344.40,911
1788335640000000000,2344.40,2344.40,2343.50,2344.10,7079
1788335700000000000,2344.00,2344.30,2343.00,2343.40,4356
1788335760000000000,2343.80,2346.00,2343.60,2346.00,12527
1788335820000000000,2345.70,2346.50,2345.00,2346.30,5495
1788335880000000000,2346.40,2348.50,2345.90,2345.90,21785
1788335940000000000,2346.00,2347.30,2345.60,2346.60,11394
1788336000000000000,2346.70,2348.00,2346.00,2346.40,3232
1788336060000000000,2346.50,2346.60,2345.00,2345.00,1604
1788336120000000000,2345.30,2347.60,2345.30,2347.00,6614
1788336180000000000,2347.40,2347.50,2346.10,2347.00,5228
1788336240000000000,2347.30,2347.30,2347.00,2347.00,2331
1788336300000000000,2347.10,2347.50,2347.00,2347.20,2201
1788336360000000000,2347.50,2347.50,2347.00,2347.20,2341
1788336420000000000,2347.10,2347.20,2347.00,2347.00,1362
1788336480000000000,2347.20,2347.20,2347.00,2347.00,3315
1788336540000000000,2347.20,2347.20,2346.40,2347.20,19582
1788336600000000000,2347.20,2347.20,2335.20,2339.70,42372
1788336660000000000,2339.20,2340.70,2337.70,2339.90,3852
1788336720000000000,2339.80,2340.60,2339.00,2340.00,2566
1788336780000000000,2340.30,2341.30,2339.60,2340.50,2707
1788336840000000000,2340.30,2341.20,2339.10,2340.70,3476
1788336900000000000,2340.30,2340.30,2338.00,2338.60,5815
1788336960000000000,2338.60,2339.40,2337.60,2339.10,3403
1788337020000000000,2338.60,2340.40,2338.10,2340.40,3289
1788337080000000000,2340.40,2340.40,2338.50,2339.20,2772
1788337140000000000,2339.20,2339.40,2338.10,2338.50,1660
1788337200000000000,2338.90,2339.30,2338.00,2338.00,2972
1788337260000000000,2338.50,2338.50,2336.20,2337.10,4783
1788337320000000000,2337.10,2338.50,2337.10,2338.40,3022
1788337380000000000,2338.40,2338.50,2337.80,2337.80,3247
1788337440000000000,2337.90,2340.70,2337.60,2340.30,14073
1788337500000000000,2340.30,2340.30,2338.30,2339.40,25068
1788337560000000000,2339.40,2340.30,2339.00,2340.10,4743
1788337620000000000,2340.00,2340.10,2339.00,2339.70,1133
1788337680000000000,2339.80,2340.60,2339.70,2340.60,4179
1788337740000000000,2340.60,2342.00,2340.50,2342.00,3047
1788337800000000000,2341.90,2343.40,2341.70,2342.40,4310
1788337860000000000,2342.40,2343.60,2342.30,2343.50,4609
1788337920000000000,2342.90,2343.60,2342.40,2342.40,1590
1788337980000000000,2342.70,2342.70,2339.40,2340.40,3114
1788338040000000000,2340.50,2341.50,2339.90,2340.50,4835
1788338100000000000,2341.10,2341.30,2339.30,2339.70,2130
1788338160000000000,2339.70,2341.80,2339.50,2341.30,17517
1788338220000000000,2341.40,2342.60,2341.30,2342.60,5336
1788338280000000000,2342.60,2344.10,2342.00,2342.10,7840
1788338340000000000,2342.40,2342.40,2342.00,2342.40,1114
1788338400000000000,2342.20,2342.40,2340.40,2340.60,3842
1788338460000000000,2340.90,2340.90,2339.40,2339.90,2635
1788338520000000000,2339.90,2339.90,2338.60,2339.90,8199
1788338580000000000,2339.80,2339.90,2338.00,2338.00,3477
1788338640000000000,2338.00,2338.50,2337.00,2338.00,3044
1788338700000000000,2338.20,2338.90,2336.90,2338.60,7976
1788338760000000000,2337.70,2338.60,2337.40,2338.30,2188
1788338820000000000,2338.20,2338.30,2335.80,2337.00,4240
1788338880000000000,2336.60,2337.10,2335.80,2337.10,5599
1788338940000000000,2337.00,2337.00,2335.40,2336.30,4018
1788339000000000000,2336.50,2336.80,2335.70,2336.70,3192
1788339060000000000,2336.70,2338.20,2336.50,2336.80,6962
1788339120000000000,2336.70,2336.80,2336.00,2336.40,1745
1788339180000000000,2336.40,2336.80,2335.40,2336.80,3953
1788339240000000000,2336.80,2336.80,2335.00,2335.50,10392
1788339300000000000,2335.50,2335.90,2335.30,2335.90,3862
1788339360000000000,2335.90,2335.90,2335.00,2335.40,1851
1788339420000000000,2335.40,2335.90,2335.10,2335.80,4875
1788339480000000000,2335.80,2336.70,2335.10,2336.40,7315
1788339540000000000,2336.40,2336.60,2336.00,2336.00,2349
1788339600000000000,2336.40,2336.40,2335.40,2335.90,6660
1788339660000000000,2335.70,2336.30,2335.40,2336.30,3995
1788339720000000000,2336.00,2336.70,2335.30,2336.70,5139
1788339780000000000,2336.70,2336.80,2336.40,2336.40,4638
1788339840000000000,2336.80,2336.80,2333.50,2336.00,6624
1788339900000000000,2336.00,2337.40,2335.90,2337.00,6541
1788339960000000000,2337.10,2338.00,2336.60,2336.70,5640
1788340020000000000,2336.70,2336.70,2335.00,2335.30,5458
1788340080000000000,2336.30,2336.60,2335.00,2335.80,3673
1788340140000000000,2335.80,2336.60,2335.20,2336.50,7285
1788340200000000000,2336.60,2336.70,2336.30,2336.40,3945
1788340260000000000,2336.40,2336.40,2336.10,2336.30,2823
1788340320000000000,2336.30,2336.30,2335.00,2335.80,4002
1788340380000000000,2335.80,2335.80,2335.00,2335.80,3871
1788340440000000000,2335.60,2335.70,2334.10,2335.30,9684
1788340500000000000,2335.30,2335.30,2332.20,2333.80,4985
1788340560000000000,2333.90,2333.90,2332.60,2333.80,6538
1788340620000000000,2333.90,2335.00,2333.50,2334.00,10439
1788340680000000000,2334.00,2334.00,2333.00,2333.80,3851
1788340740000000000,2333.90,2333.90,2332.80,2332.90,5626
1788340800000000000,2333.30,2333.30,2330.20,2331.00,8488
1788340860000000000,2331.40,2331.60,2328.00,2329.40,12732
1788340920000000000,2329.70,2330.50,2328.80,2330.50,14196
1788340980000000000,2330.60,2331.90,2329.30,2331.80,9472
1788341040000000000,2331.80,2332.90,2331.30,2332.90,8173
1788341100000000000,2332.90,2333.90,2332.50,2333.30,8794
1788341160000000000,2333.50,2333.50,2331.90,2332.10,5235
1788341220000000000,2333.00,2333.10,2330.90,2332.20,3888
1788341280000000000,2332.20,2333.90,2332.10,2333.50,10546
1788341340000000000,2333.50,2334.90,2332.80,2334.50,7292
1788341400000000000,2334.50,2334.50,2331.00,2333.30,11975
1788341460000000000,2333.30,2333.90,2333.10,2333.80,6778
1788341520000000000,2333.80,2333.80,2331.30,2333.00,10940
1788341580000000000,2333.00,2333.10,2331.70,2332.50,9898
1788341640000000000,2332.70,2332.70,2331.30,2332.00,8761
1788341700000000000,2332.00,2332.00,2328.40,2329.90,20107
1788341760000000000,2329.90,2330.00,2328.00,2329.50,20972
1788341820000000000,2329.80,2331.00,2328.60,2331.00,18463
1788341880000000000,2330.90,2330.90,2330.30,2330.50,7859
1788341940000000000,2330.50,2331.70,2329.10,2331.60,16854
1788342000000000000,2331.50,2334.40,2331.50,2334.10,13236
1788342060000000000,2334.20,2335.00,2333.20,2334.10,10571
1788342120000000000,2334.10,2337.50,2330.70,2335.50,26952
1788342180000000000,2335.50,2337.50,2331.90,2335.00,47264
1788342240000000000,2334.20,2340.00,2329.00,2340.00,21380
1788342300000000000,2340.00,2340.00,2340.00,2340.00,0
1788342360000000000,2340.00,2340.00,2340.00,2340.00,0
1788342420000000000,2340.00,2340.00,2340.00,2340.00,0
1788342480000000000,2340.00,2340.00,2340.00,2340.00,0
1788342540000000000,2340.00,2340.00,2340.00,2340.00,0
1788342600000000000,2340.00,2340.00,2340.00,2340.00,0
1788342660000000000,2340.00,2340.00,2340.00,2340.00,0
1788342720000000000,2340.00,2340.00,2340.00,2340.00,0
1788342780000000000,2340.00,2340.00,2340.00,2340.00,0
1788342840000000000,2340.00,2340.00,2340.00,2340.00,0
1788342900000000000,2340.00,2340.00,2340.00,2340.00,0
1788342960000000000,2340.00,2340.00,2340.00,2340.00,0
1788343020000000000,2340.00,2340.00,2340.00,2340.00,0
1788343080000000000,2340.00,2340.00,2340.00,2340.00,0
1788343140000000000,2348.00,2348.00,2348.00,2348.00,97985
1788407100000000000,2353.60,2353.60,2334.00,2338.90,57693
1788407160000000000,2338.60,2339.70,2332.80,2334.00,16491
1788407220000000000,2334.10,2335.70,2328.10,2333.00,20442
1788407280000000000,2332.00,2336.40,2332.00,2333.50,8986
1788407340000000000,2334.00,2334.70,2330.00,2330.00,11123
1788407400000000000,2330.30,2334.90,2330.30,2333.90,13663
1788407460000000000,2334.90,2335.90,2333.50,2335.60,4824
1788407520000000000,2335.40,2336.00,2332.80,2332.90,5717
1788407580000000000,2332.30,2332.30,2325.30,2326.00,12576
1788407640000000000,2327.50,2327.80,2320.00,2321.70,14931
1788407700000000000,2321.70,2322.10,2318.00,2320.00,19409
1788407760000000000,2320.00,2320.90,2316.10,2318.90,13791
1788407820000000000,2320.10,2323.10,2318.90,2323.10,10984
1788407880000000000,2323.20,2325.10,2323.20,2323.90,7655
1788407940000000000,2324.00,2328.00,2324.00,2328.00,6337
1788408000000000000,2327.60,2328.70,2326.00,2328.30,11076
1788408060000000000,2328.10,2330.30,2326.80,2327.60,17845
1788408120000000000,2327.20,2329.80,2326.80,2328.70,6899
1788408180000000000,2328.70,2330.00,2328.30,2328.30,3707
1788408240000000000,2328.00,2328.00,2326.40,2326.40,3752
1788408300000000000,2326.70,2330.00,2326.70,2330.00,5375
1788408360000000000,2329.90,2330.00,2328.70,2328.90,3800
1788408420000000000,2329.10,2329.80,2328.00,2329.30,4093
1788408480000000000,2329.30,2329.30,2327.00,2327.00,4712
1788408540000000000,2327.60,2329.30,2327.60,2329.30,7067
1788408600000000000,2329.70,2330.70,2329.00,2330.00,4492
1788408660000000000,2330.50,2330.80,2329.50,2329.50,2625
1788408720000000000,2329.70,2331.00,2327.10,2327.40,13342
1788408780000000000,2327.60,2330.00,2327.60,2330.00,3919
1788408840000000000,2330.40,2330.80,2328.90,2329.60,4019
1788408900000000000,2329.10,2329.40,2328.40,2328.40,1273
1788408960000000000,2328.60,2329.80,2328.20,2329.30,2107
1788409020000000000,2328.10,2328.40,2327.50,2328.00,2560
1788409080000000000,2327.40,2329.00,2327.40,2327.90,3900
1788409140000000000,2327.80,2328.50,2327.10,2328.50,1634
1788409200000000000,2328.50,2328.90,2327.90,2328.90,2082
1788409260000000000,2329.00,2329.40,2328.70,2329.00,2870
1788409320000000000,2328.70,2330.00,2328.10,2329.00,2437
1788409380000000000,2328.90,2330.00,2328.90,2329.90,3331
1788409440000000000,2329.90,2329.90,2327.80,2327.90,2531
1788409500000000000,2328.00,2329.40,2328.00,2329.20,2999
1788409560000000000,2329.30,2329.90,2328.00,2328.20,3599
1788409620000000000,2328.70,2329.00,2328.70,2329.00,1771
1788409680000000000,2329.40,2329.40,2329.00,2329.40,1772
1788409740000000000,2329.40,2330.90,2329.40,2330.90,5470
1788409800000000000,2330.70,2330.80,2326.30,2328.60,6364
1788409860000000000,2328.50,2328.60,2326.70,2327.10,3593
1788409920000000000,2327.10,2327.30,2326.10,2327.00,3908
1788409980000000000,2327.00,2327.30,2325.60,2326.40,5142
1788410040000000000,2326.40,2326.40,2323.70,2325.60,8110
1788410100000000000,2325.40,2328.00,2325.00,2326.00,5233
1788410160000000000,2326.50,2327.50,2323.80,2324.10,6401
1788410220000000000,2324.70,2327.30,2324.00,2326.00,3863
1788410280000000000,2326.20,2326.80,2325.10,2326.40,2766
1788410340000000000,2326.50,2327.00,2326.00,2326.10,448
1788410400000000000,2326.60,2327.50,2325.60,2327.50,6369
1788410460000000000,2326.70,2327.50,2326.70,2327.10,2011
1788410520000000000,2327.10,2328.50,2326.90,2326.90,3936
1788410580000000000,2326.60,2326.60,2324.00,2324.80,4609
1788410640000000000,2325.00,2326.80,2325.00,2326.80,7472
1788410700000000000,2326.80,2328.00,2325.80,2326.70,4512
1788410760000000000,2326.50,2327.60,2326.00,2326.70,1016
1788410820000000000,2327.10,2327.60,2326.00,2326.00,2030
1788410880000000000,2326.00,2326.80,2326.00,2326.80,1244
1788410940000000000,2326.90,2328.30,2326.50,2326.50,3397
1788411000000000000,2326.50,2327.00,2326.50,2326.90,1274
1788411060000000000,2326.90,2327.60,2326.90,2327.00,1624
1788411120000000000,2326.60,2327.30,2326.30,2326.80,1459
1788411180000000000,2326.70,2326.70,2326.40,2326.50,2888
1788411240000000000,2326.80,2326.80,2326.70,2326.70,1628
1788411300000000000,2326.50,2326.50,2325.70,2326.50,1934
1788411360000000000,2326.60,2327.20,2325.90,2325.90,1706
1788411420000000000,2326.90,2327.90,2326.90,2327.20,1799
1788411480000000000,2327.50,2329.40,2327.20,2328.30,7175
1788411540000000000,2328.30,2328.30,2326.40,2327.10,2599
1788411600000000000,2327.10,2327.80,2327.00,2327.80,2519
1788411660000000000,2327.90,2327.90,2326.60,2326.70,4493
1788411720000000000,2326.80,2327.00,2326.30,2326.30,1264
1788411780000000000,2326.30,2334.20,2326.30,2334.10,9024
1788411840000000000,2334.10,2334.90,2333.60,2333.60,5587
1788411900000000000,2334.00,2334.30,2333.50,2334.00,2665
1788411960000000000,2334.00,2334.90,2333.20,2334.20,3693
1788412020000000000,2333.40,2333.40,2330.60,2332.00,4514
1788412080000000000,2332.10,2334.40,2332.10,2333.00,5958
1788412140000000000,2333.00,2333.60,2332.60,2333.30,3810
1788412200000000000,2333.20,2333.30,2332.00,2332.40,3669
1788412260000000000,2333.00,2333.90,2332.40,2333.00,4007
1788412320000000000,2333.90,2334.40,2332.70,2332.70,7100
1788412380000000000,2332.70,2333.60,2331.40,2333.30,6788
1788412440000000000,2333.40,2336.80,2332.00,2336.80,20357
1788412500000000000,2336.80,2336.80,2333.70,2335.00,26568
1788412560000000000,2335.00,2336.00,2335.00,2335.00,5999
1788412620000000000,2335.30,2337.00,2335.30,2336.10,7318
1788412680000000000,2336.50,2337.90,2335.90,2335.90,4112
1788412740000000000,2335.90,2338.80,2335.80,2338.00,22049
1788412800000000000,2337.80,2338.80,2337.20,2338.20,8755
1788412860000000000,2337.00,2337.00,2335.00,2336.80,5806
1788412920000000000,2336.60,2336.60,2334.50,2335.60,4818
1788412980000000000,2335.70,2335.80,2333.40,2334.60,6581
1788413040000000000,2334.50,2335.50,2333.60,2334.70,3859
1788413100000000000,2334.90,2335.20,2333.00,2335.10,11105
1788413160000000000,2335.50,2338.30,2335.20,2338.20,8112
1788413220000000000,2338.20,2338.20,2337.00,2337.00,2615
1788413280000000000,2337.90,2338.20,2336.50,2336.60,5570
1788413340000000000,2337.00,2337.70,2335.40,2337.20,4496
1788413400000000000,2337.20,2337.50,2336.00,2336.80,4026
1788413460000000000,2337.20,2340.00,2336.40,2339.60,25932
1788413520000000000,2339.70,2341.50,2339.00,2341.50,10934
1788413580000000000,2341.50,2342.40,2340.90,2342.00,8135
1788413640000000000,2342.20,2342.40,2340.20,2340.30,5687
1788413700000000000,2340.70,2340.80,2338.50,2339.20,4115
1788413760000000000,2339.30,2340.80,2338.90,2339.80,6821
1788413820000000000,2340.80,2340.80,2339.30,2339.40,3083
1788413880000000000,2340.20,2340.40,2339.20,2339.70,5404
1788413940000000000,2339.70,2341.40,2339.20,2340.30,7192
1788414000000000000,2340.30,2340.60,2339.10,2339.10,4636
1788414060000000000,2339.20,2340.50,2339.20,2339.20,4170
1788414120000000000,2339.40,2340.60,2339.20,2339.50,2811
1788414180000000000,2339.20,2340.40,2339.10,2339.70,8213
1788414240000000000,2338.90,2339.70,2335.60,2336.90,4379
1788414300000000000,2337.50,2338.20,2333.00,2334.80,12527
1788414360000000000,2334.80,2336.20,2334.00,2334.50,3453
1788414420000000000,2334.40,2336.50,2334.40,2336.00,2806
1788414480000000000,2336.30,2336.50,2335.30,2335.60,2536
1788414540000000000,2335.70,2336.90,2335.00,2336.10,3367
1788414600000000000,2336.10,2336.10,2334.10,2334.10,2003
1788414660000000000,2334.50,2335.30,2334.00,2334.30,3204
1788414720000000000,2334.40,2336.90,2334.30,2334.70,15821
1788414780000000000,2333.70,2336.30,2333.40,2336.00,8734
1788414840000000000,2335.80,2335.80,2335.00,2335.00,1171
1788414900000000000,2335.30,2336.50,2335.30,2336.30,17252
1788414960000000000,2335.90,2338.20,2335.90,2337.90,28580
1788415020000000000,2337.90,2338.40,2337.80,2337.80,2915
1788415080000000000,2337.80,2338.90,2337.40,2338.70,4067
1788415140000000000,2339.00,2339.00,2337.20,2337.90,1383
1788415200000000000,2337.90,2338.30,2336.80,2337.90,4142
1788415260000000000,2338.10,2338.30,2337.00,2337.10,1266
1788415320000000000,2337.10,2337.30,2336.10,2336.20,3466
1788415380000000000,2336.40,2337.60,2336.40,2337.40,3961
1788415440000000000,2337.50,2337.60,2336.70,2337.60,2410
1788415500000000000,2337.60,2337.60,2336.30,2337.00,1616
1788415560000000000,2337.00,2337.10,2336.10,2336.80,2865
1788415620000000000,2336.50,2337.00,2336.10,2336.30,1602
1788415680000000000,2336.30,2336.30,2334.60,2334.90,3500
1788415740000000000,2335.00,2335.20,2334.70,2334.90,2125
1788415800000000000,2334.90,2336.50,2333.30,2336.00,7610
1788415860000000000,2336.10,2336.60,2336.00,2336.40,3111
1788415920000000000,2336.20,2338.30,2336.00,2337.80,3601
1788415980000000000,2337.80,2341.00,2336.20,2341.00,9569
1788416040000000000,2340.10,2343.50,2340.10,2343.40,10988
1788416100000000000,2343.60,2344.90,2343.60,2344.10,6305
1788416160000000000,2344.10,2344.10,2342.00,2342.20,5126
1788416220000000000,2342.10,2343.70,2341.00,2341.60,3704
1788416280000000000,2341.60,2341.70,2340.70,2341.50,1373
1788416340000000000,2341.80,2341.80,2340.50,2340.50,2812
1788416400000000000,2341.50,2342.10,2340.70,2340.90,5427
1788416460000000000,2341.10,2342.00,2340.90,2341.60,3482
1788416520000000000,2341.50,2341.60,2340.20,2341.10,3191
1788416580000000000,2341.20,2341.40,2340.50,2340.80,1564
1788416640000000000,2340.50,2340.50,2340.00,2340.50,4299
1788416700000000000,2340.50,2342.00,2340.00,2341.80,10866
1788416760000000000,2341.80,2342.50,2341.00,2342.00,4538
1788416820000000000,2342.00,2342.00,2340.40,2341.90,4398
1788416880000000000,2341.70,2342.90,2341.20,2341.80,14916
1788416940000000000,2341.80,2341.90,2341.40,2341.40,1184
1788417000000000000,2341.30,2341.90,2340.00,2340.10,11021
1788417060000000000,2340.60,2341.80,2339.90,2340.70,18254
1788417120000000000,2340.80,2341.70,2336.40,2336.90,4104
1788417180000000000,2336.80,2337.60,2336.00,2336.00,5397
1788417240000000000,2336.30,2336.40,2335.70,2336.10,5500
1788417300000000000,2336.30,2338.50,2336.00,2336.00,4499
1788417360000000000,2336.10,2336.90,2336.00,2336.00,5697
1788417420000000000,2336.00,2336.40,2335.20,2336.20,8833
1788417480000000000,2337.00,2338.20,2336.10,2338.10,3399
1788417540000000000,2338.40,2338.40,2336.10,2336.60,2291
1788417600000000000,2336.60,2336.60,2336.00,2336.00,2867
1788417660000000000,2336.10,2336.10,2333.00,2333.80,9372
1788417720000000000,2333.80,2334.30,2332.70,2332.70,2288
1788417780000000000,2332.90,2333.00,2330.60,2332.30,5223
1788417840000000000,2332.40,2333.00,2331.60,2332.50,2696
1788417900000000000,2333.00,2333.00,2331.00,2331.90,6883
1788417960000000000,2332.20,2332.20,2331.00,2331.00,2524
1788418020000000000,2331.50,2331.50,2329.70,2329.70,3641
1788418080000000000,2330.00,2330.00,2328.00,2328.60,3747
1788418140000000000,2328.50,2329.30,2327.80,2328.30,4047
1788418200000000000,2328.80,2329.30,2327.90,2328.90,4502
1788418260000000000,2329.10,2329.40,2328.00,2328.80,1454
1788418320000000000,2328.80,2328.90,2327.60,2328.70,3757
1788418380000000000,2328.80,2328.80,2327.00,2327.20,3586
1788418440000000000,2327.20,2328.20,2326.50,2328.20,2162
1788418500000000000,2328.20,2328.30,2327.10,2328.30,3667
1788418560000000000,2328.40,2328.90,2327.50,2328.60,2554
1788418620000000000,2328.70,2329.20,2327.20,2329.10,3780
1788418680000000000,2328.90,2330.20,2328.30,2328.30,5423
1788418740000000000,2328.80,2328.80,2328.00,2328.10,740
1788418800000000000,2328.10,2328.30,2328.00,2328.20,1165
1788418860000000000,2328.20,2329.80,2328.20,2329.00,2531
1788418920000000000,2329.20,2330.90,2329.20,2329.70,3572
1788418980000000000,2329.80,2329.80,2328.60,2328.60,1030
1788419040000000000,2328.90,2329.00,2328.70,2329.00,3863
1788419100000000000,2329.60,2329.60,2328.00,2328.40,1670
1788419160000000000,2328.90,2329.10,2328.00,2328.70,2868
1788419220000000000,2328.70,2329.00,2328.00,2329.00,2002
1788419280000000000,2329.00,2330.60,2328.10,2330.60,2434
1788419340000000000,2330.80,2330.80,2330.00,2330.30,2094
1788419400000000000,2329.50,2330.80,2329.50,2330.40,1829
1788419460000000000,2330.80,2330.80,2330.20,2330.20,1065
1788419520000000000,2330.00,2330.00,2328.80,2328.80,4573
1788419580000000000,2330.00,2331.50,2330.00,2331.00,2066
1788419640000000000,2331.00,2332.00,2330.40,2332.00,1111
1788419700000000000,2331.60,2333.00,2331.60,2331.80,1760
1788419760000000000,2332.70,2332.80,2332.00,2332.00,1738
1788419820000000000,2332.30,2332.30,2331.70,2331.80,1129
1788419880000000000,2331.60,2332.00,2331.00,2331.90,2470
1788419940000000000,2331.50,2332.00,2331.20,2331.20,1713
1788420000000000000,2331.70,2331.70,2331.10,2331.70,824
1788420060000000000,2331.70,2332.00,2331.10,2332.00,2413
1788420120000000000,2332.00,2332.60,2331.30,2332.60,1601
1788420180000000000,2332.80,2332.80,2331.40,2331.50,956
1788420240000000000,2331.90,2332.10,2330.50,2330.50,3161
1788420300000000000,2331.10,2331.10,2328.90,2328.90,2484
1788420360000000000,2329.90,2329.90,2327.20,2328.20,5586
1788420420000000000,2328.30,2330.40,2328.30,2329.00,2869
1788420480000000000,2329.20,2330.30,2328.20,2329.60,3428
1788420540000000000,2329.50,2330.80,2329.40,2329.50,2274
1788420600000000000,2329.70,2330.00,2328.60,2329.50,1827
1788420660000000000,2329.50,2329.50,2327.80,2328.10,3629
1788420720000000000,2328.20,2328.60,2327.40,2327.40,2031
1788420780000000000,2328.80,2329.00,2328.30,2328.70,3038
1788420840000000000,2328.30,2328.70,2327.30,2328.00,2704
1788420900000000000,2328.00,2328.70,2327.90,2328.10,2881
1788420960000000000,2328.20,2328.50,2327.50,2327.70,1774
1788421020000000000,2328.90,2329.00,2327.50,2328.00,3056
1788421080000000000,2328.20,2329.40,2327.70,2328.80,4593
1788421140000000000,2328.70,2329.20,2328.20,2328.70,3140
1788421200000000000,2328.90,2329.80,2328.70,2329.00,1359
1788421260000000000,2329.70,2330.00,2329.20,2330.00,2030
1788421320000000000,2330.00,2331.40,2329.80,2331.30,3594
1788421380000000000,2331.30,2331.30,2329.00,2329.00,4483
1788421440000000000,2329.00,2329.00,2328.40,2328.90,2074
1788421500000000000,2328.80,2329.50,2328.50,2328.80,2118
1788421560000000000,2329.00,2329.20,2328.20,2328.40,1660
1788421620000000000,2328.10,2329.30,2328.00,2328.90,2904
1788421680000000000,2329.20,2330.30,2329.20,2329.20,974
1788421740000000000,2329.20,2329.20,2328.00,2328.10,690
1788421800000000000,2328.60,2328.60,2328.00,2328.00,733
1788421860000000000,2327.50,2328.00,2327.00,2327.40,791
1788421920000000000,2327.40,2327.40,2327.00,2327.00,661
1788421980000000000,2327.00,2327.40,2326.40,2326.40,3585
1788422040000000000,2326.30,2326.70,2326.00,2326.00,5314
1788422100000000000,2325.90,2326.50,2325.50,2325.80,4319
1788422160000000000,2325.50,2325.70,2325.50,2325.50,3307
1788422220000000000,2325.50,2325.70,2325.50,2325.70,1950
1788422280000000000,2325.90,2326.70,2325.70,2325.70,1498
1788422340000000000,2325.90,2325.90,2325.10,2325.10,1477
1788422400000000000,2325.30,2327.00,2325.30,2326.70,3052
1788422460000000000,2326.50,2326.50,2325.60,2325.90,1807
1788422520000000000,2325.90,2325.90,2325.00,2325.10,2805
1788422580000000000,2325.10,2326.80,2325.00,2326.80,3110
1788422640000000000,2326.70,2326.70,2325.70,2326.40,3036
1788422700000000000,2326.00,2326.70,2326.00,2326.70,1342
1788422760000000000,2327.00,2327.40,2326.00,2326.00,2290
1788422820000000000,2325.90,2326.60,2325.40,2325.40,5127
1788422880000000000,2326.30,2326.90,2325.00,2326.60,4097
1788422940000000000,2326.60,2326.80,2325.10,2325.60,1330
1788423000000000000,2325.60,2326.90,2325.10,2326.90,5185
1788423060000000000,2326.90,2327.40,2326.60,2326.60,6502
1788423120000000000,2326.50,2327.00,2326.00,2326.60,5257
1788423180000000000,2326.80,2327.20,2326.40,2326.90,1608
1788423240000000000,2326.50,2326.80,2325.80,2326.60,2847
1788423300000000000,2326.00,2326.10,2325.50,2326.00,1451
1788423360000000000,2326.10,2326.10,2325.50,2325.90,3927
1788423420000000000,2326.30,2326.60,2325.90,2326.40,3323
1788423480000000000,2326.80,2327.80,2326.10,2327.70,3195
1788423540000000000,2327.30,2328.50,2327.30,2328.40,1302
1788423600000000000,2328.40,2329.30,2328.10,2328.50,8156
1788423660000000000,2328.70,2328.80,2328.00,2328.80,1886
1788423720000000000,2328.70,2330.00,2328.10,2328.40,10684
1788423780000000000,2328.30,2328.30,2327.70,2327.80,2771
1788423840000000000,2327.70,2328.50,2327.60,2327.60,1506
1788423900000000000,2328.00,2328.10,2327.20,2328.10,2779
1788423960000000000,2328.30,2329.50,2328.20,2329.40,1633
1788424020000000000,2329.40,2330.00,2328.50,2328.50,4137
1788424080000000000,2328.20,2328.70,2327.60,2327.60,3412
1788424140000000000,2328.30,2329.10,2327.80,2329.10,4339
1788424200000000000,2329.10,2329.40,2328.10,2328.90,3717
1788424260000000000,2328.90,2328.90,2327.40,2327.90,1909
1788424320000000000,2328.70,2329.50,2327.30,2329.50,8817
1788424380000000000,2329.90,2331.00,2329.20,2330.30,5599
1788424440000000000,2330.30,2330.80,2329.30,2329.40,8395
1788424500000000000,2329.90,2330.60,2328.50,2329.10,3675
1788424560000000000,2329.70,2329.70,2329.40,2329.50,2263
1788424620000000000,2329.50,2329.70,2328.00,2328.10,1024
1788424680000000000,2328.20,2328.50,2327.40,2328.40,8545
1788424740000000000,2328.40,2330.80,2328.40,2330.00,7788
1788424800000000000,2330.10,2330.20,2329.40,2330.00,1804
1788424860000000000,2330.50,2331.00,2329.50,2329.50,893
1788424920000000000,2329.70,2332.00,2329.70,2332.00,2346
1788424980000000000,2332.30,2332.50,2331.10,2331.20,1392
1788425040000000000,2332.10,2332.60,2332.10,2332.30,6854
1788425100000000000,2332.10,2332.30,2330.40,2331.90,7163
1788425160000000000,2332.30,2332.30,2331.30,2332.00,914
1788425220000000000,2332.00,2332.00,2331.10,2332.00,1807
1788425280000000000,2331.90,2332.20,2330.80,2331.00,3253
1788425340000000000,2331.40,2332.70,2331.40,2331.50,4289
1788425400000000000,2332.50,2332.50,2331.80,2331.90,3894
1788425460000000000,2332.00,2332.70,2332.00,2332.30,8508
1788425520000000000,2332.20,2332.50,2331.00,2331.30,13753
1788425580000000000,2331.40,2331.90,2330.50,2330.70,4123
1788425640000000000,2330.90,2332.80,2330.30,2332.80,8013
1788425700000000000,2333.10,2333.30,2332.00,2332.00,3919
1788425760000000000,2332.60,2332.80,2331.40,2332.80,4425
1788425820000000000,2333.30,2333.30,2332.40,2332.70,4391
1788425880000000000,2332.70,2333.40,2332.70,2333.00,6842
1788425940000000000,2333.20,2333.60,2332.00,2332.00,1980
1788426000000000000,2331.70,2332.60,2331.40,2331.40,3800
1788426060000000000,2332.00,2332.30,2331.00,2331.60,6244
1788426120000000000,2332.00,2333.40,2331.90,2333.00,4919
1788426180000000000,2333.30,2333.80,2332.00,2333.30,3230
1788426240000000000,2333.30,2334.80,2333.00,2334.80,5906
1788426300000000000,2334.80,2334.80,2333.00,2333.90,7544
1788426360000000000,2333.90,2334.90,2333.30,2334.70,1695
1788426420000000000,2334.70,2335.40,2334.70,2335.00,5603
1788426480000000000,2335.10,2335.10,2334.30,2334.40,5534
1788426540000000000,2334.30,2335.40,2334.10,2334.40,2677
1788426600000000000,2334.40,2334.40,2334.00,2334.40,3579
1788426660000000000,2334.40,2334.40,2333.20,2333.30,4231
1788426720000000000,2333.90,2333.90,2333.00,2333.60,5559
1788426780000000000,2333.50,2333.90,2332.80,2333.00,2136
1788426840000000000,2333.50,2334.20,2333.00,2334.00,2550
1788426900000000000,2334.00,2334.10,2333.00,2333.50,1194
1788426960000000000,2333.00,2333.30,2333.00,2333.00,704
1788427020000000000,2333.00,2333.10,2332.50,2332.90,4411
1788427080000000000,2333.10,2334.10,2332.60,2333.00,4964
1788427140000000000,2332.20,2333.50,2332.20,2332.70,2266
1788427200000000000,2332.90,2333.80,2332.70,2333.40,1563
1788427260000000000,2333.10,2333.40,2332.70,2333.10,3784
1788427320000000000,2332.70,2333.10,2332.30,2333.00,3118
1788427380000000000,2333.10,2334.20,2332.80,2334.00,9607
1788427440000000000,2333.20,2334.00,2333.00,2333.00,2944
1788427500000000000,2332.80,2333.10,2332.60,2333.10,2932
1788427560000000000,2333.10,2333.10,2332.20,2332.20,1996
1788427620000000000,2332.20,2333.10,2332.00,2333.10,7530
1788427680000000000,2333.20,2333.50,2332.90,2333.40,6621
1788427740000000000,2333.40,2333.50,2333.00,2333.00,2660
1788427800000000000,2333.00,2333.60,2333.00,2333.60,7263
1788427860000000000,2333.20,2334.90,2333.10,2334.00,5727
1788427920000000000,2334.00,2334.00,2333.30,2333.60,6913
1788427980000000000,2334.00,2334.00,2333.10,2333.10,10257
1788428040000000000,2333.20,2333.20,2332.20,2332.20,5621
1788428100000000000,2334.00,2334.70,2333.40,2334.50,18060
1788428160000000000,2334.70,2334.70,2333.50,2333.50,5885
1788428220000000000,2333.50,2333.50,2333.00,2333.40,4807
1788428280000000000,2333.60,2333.80,2330.80,2330.80,8291
1788428340000000000,2331.30,2332.70,2331.30,2332.20,8367
1788428400000000000,2332.10,2333.00,2331.70,2332.90,9774
1788428460000000000,2332.90,2334.10,2332.80,2334.10,8611
1788428520000000000,2334.00,2334.40,2331.90,2332.20,18045
1788428580000000000,2331.10,2334.00,2331.10,2334.00,5787
1788428640000000000,2333.90,2335.50,2333.70,2333.90,11401
1788428700000000000,2333.90,2333.90,2333.90,2333.90,0
1788428760000000000,2333.90,2333.90,2333.90,2333.90,0
1788428820000000000,2333.90,2333.90,2333.90,2333.90,0
1788428880000000000,2333.90,2333.90,2333.90,2333.90,0
1788428940000000000,2333.90,2333.90,2333.90,2333.90,0
1788429000000000000,2333.90,2333.90,2333.90,2333.90,0
1788429060000000000,2333.90,2333.90,2333.90,2333.90,0
1788429120000000000,2333.90,2333.90,2333.90,2333.90,0
1788429180000000000,2333.90,2333.90,2333.90,2333.90,0
1788429240000000000,2333.90,2333.90,2333.90,2333.90,0
1788429300000000000,2333.90,2333.90,2333.90,2333.90,0
1788429360000000000,2333.90,2333.90,2333.90,2333.90,0
1788429420000000000,2333.90,2333.90,2333.90,2333.90,0
1788429480000000000,2320.10,2320.10,2320.10,2320.10,71032
1788429540000000000,2320.10,2320.10,2320.10,2320.10,0
1788493500000000000,2330.00,2351.00,2330.00,2346.00,54908
1788493560000000000,2345.10,2358.90,2345.10,2358.20,43435
1788493620000000000,2358.30,2363.90,2358.30,2358.80,41551
1788493680000000000,2357.50,2358.80,2351.50,2353.10,25686
1788493740000000000,2354.00,2354.00,2347.90,2349.20,17911
1788493800000000000,2349.10,2350.70,2348.10,2349.40,19068
1788493860000000000,2349.60,2349.80,2341.70,2342.80,20302
1788493920000000000,2340.00,2340.00,2336.00,2337.30,28203
1788493980000000000,2337.30,2338.90,2337.00,2338.90,16711
1788494040000000000,2338.50,2338.60,2336.20,2336.30,16191
1788494100000000000,2336.70,2337.00,2335.00,2335.00,9862
1788494160000000000,2335.50,2335.60,2335.10,2335.60,9776
1788494220000000000,2338.30,2341.20,2337.50,2340.70,15750
1788494280000000000,2340.40,2342.80,2340.00,2342.80,14395
1788494340000000000,2342.20,2344.60,2340.00,2340.50,18280
1788494400000000000,2340.60,2340.60,2335.90,2336.50,11213
1788494460000000000,2335.70,2336.50,2333.00,2333.90,13877
1788494520000000000,2334.80,2337.00,2334.10,2336.10,9750
1788494580000000000,2336.40,2336.60,2334.90,2335.70,5415
1788494640000000000,2335.10,2335.20,2333.40,2333.40,6457
1788494700000000000,2332.70,2332.70,2328.80,2329.40,17330
1788494760000000000,2328.90,2329.50,2327.40,2327.80,19842
1788494820000000000,2328.00,2329.30,2326.10,2329.00,11937
1788494880000000000,2329.10,2329.60,2327.60,2328.70,14385
1788494940000000000,2328.00,2328.40,2327.90,2328.30,6794
1788495000000000000,2328.40,2331.00,2328.20,2330.40,12713
1788495060000000000,2330.80,2331.70,2328.60,2329.30,8005
1788495120000000000,2329.60,2331.20,2329.20,2330.50,12133
1788495180000000000,2330.70,2331.70,2330.50,2331.70,8161
1788495240000000000,2332.30,2334.80,2332.30,2333.00,16158
1788495300000000000,2333.10,2333.10,2332.00,2332.20,3842
1788495360000000000,2332.20,2333.20,2332.00,2332.50,4743
1788495420000000000,2332.20,2332.50,2331.10,2331.30,8547
1788495480000000000,2330.50,2330.70,2328.30,2328.30,6238
1788495540000000000,2328.30,2328.50,2324.00,2325.10,17988
1788495600000000000,2325.00,2327.00,2325.00,2327.00,13503
1788495660000000000,2326.50,2327.00,2326.30,2326.80,1987
1788495720000000000,2326.80,2327.00,2325.20,2325.60,6964
1788495780000000000,2325.50,2325.50,2323.40,2325.00,10601
1788495840000000000,2326.50,2327.40,2325.50,2327.40,12130
1788495900000000000,2327.20,2327.80,2326.20,2327.70,9077
1788495960000000000,2327.80,2329.90,2327.80,2329.30,11492
1788496020000000000,2329.20,2329.20,2326.70,2327.30,10060
1788496080000000000,2327.30,2327.30,2326.20,2326.20,3202
1788496140000000000,2326.50,2326.50,2323.20,2324.00,7853
1788496200000000000,2324.10,2324.10,2323.10,2323.60,5931
1788496260000000000,2323.90,2325.10,2323.10,2323.10,10418
1788496320000000000,2323.50,2323.50,2322.50,2323.30,3344
1788496380000000000,2323.40,2324.60,2323.30,2324.00,7925
1788496440000000000,2324.00,2324.80,2323.10,2324.30,4968
1788496500000000000,2324.30,2324.30,2322.60,2322.60,6264
1788496560000000000,2321.90,2322.50,2321.30,2321.80,5592
1788496620000000000,2322.10,2323.30,2321.20,2323.30,11149
1788496680000000000,2323.20,2325.10,2323.20,2324.60,5394
1788496740000000000,2324.50,2324.50,2322.30,2323.30,4130
1788496800000000000,2323.00,2323.40,2322.40,2322.80,3286
1788496860000000000,2322.70,2323.00,2322.30,2322.30,5366
1788496920000000000,2322.20,2323.00,2322.20,2322.40,7203
1788496980000000000,2322.10,2322.30,2322.10,2322.20,2349
1788497040000000000,2322.10,2322.10,2320.10,2321.00,12670
1788497100000000000,2321.00,2322.40,2320.40,2322.30,8443
1788497160000000000,2322.30,2322.40,2321.20,2322.00,4975
1788497220000000000,2322.00,2322.40,2321.80,2322.40,5488
1788497280000000000,2322.60,2322.90,2322.60,2322.90,3602
1788497340000000000,2322.80,2323.00,2321.80,2321.80,7716
1788497400000000000,2321.00,2323.00,2321.00,2323.00,4105
1788497460000000000,2323.20,2323.40,2323.00,2323.40,3576
1788497520000000000,2323.40,2323.80,2323.30,2323.30,2663
1788497580000000000,2323.10,2323.10,2321.80,2321.80,7065
1788497640000000000,2321.80,2321.80,2321.70,2321.80,4551
1788497700000000000,2321.70,2322.00,2321.40,2322.00,3342
1788497760000000000,2321.80,2321.80,2320.70,2320.70,7050
1788497820000000000,2320.70,2324.40,2320.70,2324.40,11192
1788497880000000000,2324.10,2324.50,2323.40,2323.50,6494
1788497940000000000,2323.50,2325.00,2323.50,2324.80,5863
1788498000000000000,2324.60,2324.60,2323.30,2323.50,4405
1788498060000000000,2323.50,2323.70,2322.80,2323.00,5934
1788498120000000000,2323.00,2323.00,2322.00,2322.40,3161
1788498180000000000,2322.40,2322.40,2321.10,2321.80,5032
1788498240000000000,2321.40,2322.50,2321.40,2322.50,5693
1788498300000000000,2322.50,2322.50,2321.20,2321.20,6670
1788498360000000000,2320.80,2320.80,2318.30,2319.40,16963
1788498420000000000,2318.90,2319.40,2318.40,2318.60,6365
1788498480000000000,2319.00,2319.50,2318.60,2319.00,8935
1788498540000000000,2319.40,2319.50,2319.00,2319.00,3868
1788498600000000000,2319.50,2319.50,2317.80,2317.90,14601
1788498660000000000,2317.60,2317.60,2316.90,2317.00,6789
1788498720000000000,2317.10,2319.40,2316.60,2317.00,9260
1788498780000000000,2316.70,2319.10,2316.60,2318.90,6117
1788498840000000000,2319.00,2320.90,2318.80,2320.60,7305
1788498900000000000,2320.60,2320.70,2320.20,2320.20,3515
1788498960000000000,2320.10,2320.10,2319.50,2319.80,2552
1788499020000000000,2320.50,2320.90,2320.50,2320.90,2832
1788499080000000000,2320.90,2320.90,2319.60,2319.60,3178
1788499140000000000,2319.20,2319.70,2318.80,2319.50,5171
1788499200000000000,2319.50,2319.60,2319.20,2319.20,1954
1788499260000000000,2319.90,2321.00,2319.90,2320.90,4656
1788499320000000000,2320.90,2320.90,2319.80,2319.80,4950
1788499380000000000,2319.80,2321.40,2319.70,2321.00,3810
1788499440000000000,2321.40,2321.80,2321.00,2321.00,1805
1788499500000000000,2321.60,2321.60,2320.60,2320.60,1515
1788499560000000000,2320.40,2320.60,2320.20,2320.60,1897
1788499620000000000,2320.50,2320.90,2320.50,2320.90,1391
1788499680000000000,2320.90,2321.70,2320.90,2321.50,3636
1788499740000000000,2321.70,2322.00,2321.70,2321.90,2312
1788499800000000000,2322.00,2322.10,2321.00,2321.00,3401
1788499860000000000,2321.00,2321.00,2320.20,2320.40,2561
1788499920000000000,2320.40,2320.40,2318.90,2319.60,6226
1788499980000000000,2319.60,2320.00,2319.40,2319.60,2132
1788500040000000000,2319.40,2319.60,2319.00,2319.00,2697
1788500100000000000,2319.50,2321.40,2319.50,2321.40,2923
1788500160000000000,2321.20,2321.40,2320.30,2320.40,3741
1788500220000000000,2320.50,2320.50,2320.00,2320.00,2508
1788500280000000000,2320.30,2320.30,2319.80,2320.00,3492
1788500340000000000,2319.90,2319.90,2319.20,2319.20,4773
1788500400000000000,2319.40,2319.40,2319.00,2319.00,1796
1788500460000000000,2318.90,2319.30,2318.50,2318.50,3830
1788500520000000000,2318.60,2318.80,2318.00,2318.50,4668
1788500580000000000,2318.70,2319.70,2318.50,2318.50,10836
1788500640000000000,2319.00,2320.00,2318.50,2319.60,2309
1788500700000000000,2319.60,2319.70,2319.00,2319.00,1532
1788500760000000000,2319.50,2320.60,2319.00,2320.60,4615
1788500820000000000,2320.40,2320.60,2320.00,2320.40,4601
1788500880000000000,2320.40,2320.60,2320.00,2320.40,1319
1788500940000000000,2320.30,2320.50,2320.10,2320.10,2830
1788501000000000000,2320.30,2320.40,2319.10,2320.40,9224
1788501060000000000,2320.20,2320.30,2319.30,2319.30,2019
1788501120000000000,2319.50,2319.50,2319.00,2319.30,2221
1788501180000000000,2319.20,2319.20,2318.30,2318.60,1720
1788501240000000000,2318.50,2318.60,2318.00,2318.40,2778
1788501300000000000,2318.30,2321.20,2317.40,2321.20,16469
1788501360000000000,2321.20,2321.70,2321.10,2321.60,3643
1788501420000000000,2321.60,2321.60,2321.00,2321.30,1894
1788501480000000000,2321.20,2321.60,2321.00,2321.10,3892
1788501540000000000,2321.00,2321.20,2321.00,2321.10,13711
1788501600000000000,2321.20,2321.30,2321.10,2321.20,20847
1788501660000000000,2321.60,2323.00,2321.60,2322.40,13259
1788501720000000000,2322.40,2322.40,2321.60,2321.60,1995
1788501780000000000,2322.00,2322.00,2321.30,2321.30,3811
1788501840000000000,2321.40,2321.60,2321.10,2321.50,6626
1788501900000000000,2321.70,2322.30,2321.50,2322.20,6757
1788501960000000000,2322.30,2322.30,2321.70,2321.70,2163
1788502020000000000,2321.70,2321.80,2321.50,2321.70,2329
1788502080000000000,2321.80,2321.80,2321.20,2321.40,5238
1788502140000000000,2321.10,2321.10,2318.00,2318.50,11709
1788502200000000000,2318.30,2318.30,2317.50,2317.90,2254
1788502260000000000,2317.90,2318.20,2317.40,2318.20,4584
1788502320000000000,2318.40,2318.80,2318.30,2318.80,2979
1788502380000000000,2318.80,2318.80,2318.20,2318.40,2597
1788502440000000000,2318.60,2318.60,2318.20,2318.60,2503
1788502500000000000,2319.40,2321.00,2319.30,2321.00,6448
1788502560000000000,2321.00,2321.10,2319.70,2320.40,5780
1788502620000000000,2320.40,2320.40,2319.70,2319.80,2946
1788502680000000000,2319.80,2320.20,2319.00,2319.00,1847
1788502740000000000,2318.30,2319.20,2318.20,2319.20,3956
1788502800000000000,2319.00,2321.40,2319.00,2321.10,7846
1788502860000000000,2321.30,2321.60,2321.00,2321.00,3420
1788502920000000000,2321.30,2321.30,2321.00,2321.00,3412
1788502980000000000,2321.10,2321.10,2321.00,2321.10,5480
1788503040000000000,2321.00,2321.10,2321.00,2321.00,8266
1788503100000000000,2321.10,2321.10,2321.00,2321.00,6281
1788503160000000000,2321.00,2321.10,2321.00,2321.10,10777
1788503220000000000,2321.10,2321.10,2321.00,2321.00,4115
1788503280000000000,2321.10,2321.10,2321.00,2321.10,5450
1788503340000000000,2321.10,2321.10,2321.00,2321.00,2526
1788503400000000000,2320.50,2320.50,2319.50,2319.70,4804
1788503460000000000,2320.10,2320.10,2319.00,2319.80,4174
1788503520000000000,2319.70,2321.00,2319.70,2319.90,7962
1788503580000000000,2320.00,2320.00,2318.40,2318.40,2784
1788503640000000000,2318.30,2318.40,2318.20,2318.40,2235
1788503700000000000,2318.00,2318.30,2318.00,2318.30,2431
1788503760000000000,2318.30,2318.30,2318.00,2318.30,3566
1788503820000000000,2318.30,2318.30,2317.80,2317.80,4352
1788503880000000000,2317.80,2318.10,2317.80,2318.00,1830
1788503940000000000,2317.60,2318.50,2317.60,2318.10,2680
1788504000000000000,2318.10,2318.10,2317.50,2318.00,4705
1788504060000000000,2317.80,2318.40,2317.80,2318.40,3506
1788504120000000000,2318.60,2318.90,2318.50,2318.90,1976
1788504180000000000,2319.00,2319.00,2318.40,2318.50,2673
1788504240000000000,2318.50,2318.50,2317.50,2317.90,1888
1788504300000000000,2317.60,2317.60,2317.30,2317.30,2576
1788504360000000000,2317.10,2318.30,2317.10,2318.30,6812
1788504420000000000,2319.10,2320.40,2319.10,2320.30,4407
1788504480000000000,2320.30,2320.70,2319.00,2319.00,2947
1788504540000000000,2319.00,2319.40,2319.00,2319.00,2282
1788504600000000000,2319.10,2319.10,2319.00,2319.00,2788
1788504660000000000,2319.00,2319.10,2319.00,2319.10,2376
1788504720000000000,2319.00,2319.10,2318.00,2318.00,5557
1788504780000000000,2318.10,2318.70,2318.10,2318.70,2808
1788504840000000000,2318.70,2319.10,2318.60,2318.60,9551
1788504900000000000,2318.50,2318.60,2318.50,2318.50,3653
1788504960000000000,2318.60,2318.60,2318.50,2318.50,2875
1788505020000000000,2318.50,2320.30,2318.50,2320.10,6569
1788505080000000000,2320.00,2320.00,2318.80,2318.80,12682
1788505140000000000,2319.20,2319.20,2316.30,2316.30,6094
1788505200000000000,2316.50,2316.50,2315.00,2316.30,9078
1788505260000000000,2316.40,2317.00,2316.20,2317.00,5515
1788505320000000000,2317.10,2319.50,2317.00,2318.00,11095
1788505380000000000,2317.70,2317.80,2317.10,2317.40,1482
1788505440000000000,2317.40,2317.40,2317.10,2317.30,2144
1788505500000000000,2317.50,2318.40,2317.50,2318.40,4186
1788505560000000000,2318.30,2319.80,2318.30,2319.80,10362
1788505620000000000,2319.80,2320.20,2319.80,2320.20,1903
1788505680000000000,2320.20,2320.50,2320.00,2320.40,4795
1788505740000000000,2320.50,2320.50,2319.80,2319.80,4089
1788505800000000000,2319.80,2324.30,2319.80,2324.00,16290
1788505860000000000,2324.00,2324.00,2323.80,2323.90,3425
1788505920000000000,2324.00,2324.00,2322.40,2323.00,1674
1788505980000000000,2322.40,2322.40,2322.00,2322.20,1121
1788506040000000000,2322.10,2322.10,2321.20,2321.20,2010
1788506100000000000,2321.00,2322.80,2320.30,2322.70,8818
1788506160000000000,2322.60,2322.60,2322.50,2322.50,1829
1788506220000000000,2322.40,2322.50,2322.20,2322.20,2191
1788506280000000000,2322.20,2322.20,2322.00,2322.00,3869
1788506340000000000,2322.00,2322.10,2320.70,2320.70,2920
1788506400000000000,2320.70,2322.10,2320.50,2322.00,5490
1788506460000000000,2322.00,2322.10,2321.50,2321.50,1886
1788506520000000000,2322.00,2322.00,2320.20,2320.60,2750
1788506580000000000,2321.20,2321.30,2320.00,2320.70,1393
1788506640000000000,2320.70,2320.80,2320.10,2320.70,2062
1788506700000000000,2320.70,2320.70,2319.80,2320.20,5838
1788506760000000000,2320.10,2320.90,2320.10,2320.50,2783
1788506820000000000,2320.40,2320.50,2320.20,2320.30,1730
1788506880000000000,2320.30,2320.30,2319.80,2319.90,3395
1788506940000000000,2320.00,2320.10,2319.80,2320.10,1776
1788507000000000000,2320.10,2320.10,2319.30,2319.80,3074
1788507060000000000,2320.10,2320.20,2319.90,2320.20,2915
1788507120000000000,2320.10,2320.10,2319.90,2320.10,3600
1788507180000000000,2320.10,2320.10,2320.00,2320.00,2128
1788507240000000000,2320.00,2320.10,2319.90,2320.00,3583
1788507300000000000,2320.10,2320.10,2320.00,2320.00,1453
1788507360000000000,2320.00,2320.10,2320.00,2320.00,1990
1788507420000000000,2320.00,2320.10,2319.90,2320.00,4690
1788507480000000000,2320.10,2320.10,2319.90,2319.90,4609
1788507540000000000,2320.00,2320.10,2320.00,2320.00,3334
1788507600000000000,2320.00,2320.40,2320.00,2320.30,3071
1788507660000000000,2320.30,2320.30,2319.80,2320.00,4325
1788507720000000000,2320.10,2320.10,2319.90,2320.00,1920
1788507780000000000,2320.00,2320.10,2319.80,2320.10,4321
1788507840000000000,2319.70,2320.10,2319.70,2320.10,3632
1788507900000000000,2320.10,2320.10,2319.90,2319.90,925
1788507960000000000,2320.00,2320.00,2318.20,2318.20,3912
1788508020000000000,2318.90,2318.90,2317.70,2318.10,3979
1788508080000000000,2318.10,2318.40,2316.70,2317.60,4365
1788508140000000000,2316.90,2317.50,2316.70,2317.50,4647
1788508200000000000,2317.50,2317.50,2316.50,2317.00,3482
1788508260000000000,2316.60,2317.10,2316.10,2316.40,4306
1788508320000000000,2316.00,2316.20,2316.00,2316.10,5504
1788508380000000000,2315.60,2316.10,2313.40,2314.20,12683
1788508440000000000,2313.50,2315.60,2313.00,2315.10,12853
1788508500000000000,2315.30,2315.30,2313.30,2313.30,3487
1788508560000000000,2313.80,2314.70,2312.90,2314.60,4732
1788508620000000000,2314.60,2314.60,2313.40,2314.20,2145
1788508680000000000,2313.80,2314.00,2313.60,2313.80,2316
1788508740000000000,2313.90,2313.90,2312.90,2312.90,4423
1788508800000000000,2312.90,2313.60,2312.80,2313.30,3792
1788508860000000000,2313.00,2313.30,2312.50,2312.60,5062
1788508920000000000,2312.30,2312.30,2310.80,2311.50,5844
1788508980000000000,2311.80,2311.80,2311.10,2311.70,3227
1788509040000000000,2311.70,2311.70,2311.20,2311.70,3744
1788509100000000000,2311.50,2311.70,2311.30,2311.50,4009
1788509160000000000,2311.50,2311.90,2311.50,2311.90,4603
1788509220000000000,2311.80,2311.90,2311.80,2311.90,3663
1788509280000000000,2311.80,2311.90,2311.80,2311.80,3817
1788509340000000000,2311.80,2311.80,2311.50,2311.50,4303
1788509400000000000,2311.30,2311.90,2311.20,2311.80,3864
1788509460000000000,2311.80,2312.50,2311.80,2312.50,8269
1788509520000000000,2312.80,2313.00,2312.00,2312.40,4591
1788509580000000000,2312.30,2312.70,2312.10,2312.60,1948
1788509640000000000,2312.50,2313.00,2312.40,2313.00,2038
1788509700000000000,2313.00,2313.10,2312.90,2312.90,2916
1788509760000000000,2313.00,2313.10,2312.40,2312.40,5649
1788509820000000000,2313.10,2313.30,2312.40,2313.20,4553
1788509880000000000,2313.10,2313.50,2312.80,2313.20,2358
1788509940000000000,2313.20,2313.20,2312.00,2312.50,3849
1788510000000000000,2312.50,2312.50,2311.70,2312.00,2885
1788510060000000000,2312.10,2312.10,2311.60,2311.80,2403
1788510120000000000,2311.70,2311.90,2311.10,2311.60,2559
1788510180000000000,2311.80,2311.80,2311.20,2311.30,2721
1788510240000000000,2311.10,2311.30,2311.00,2311.30,7168
1788510300000000000,2311.30,2311.30,2310.60,2311.00,2605
1788510360000000000,2311.00,2311.10,2310.40,2311.00,3306
1788510420000000000,2311.00,2311.00,2310.00,2310.20,4385
1788510480000000000,2310.90,2310.90,2310.20,2310.40,2654
1788510540000000000,2310.30,2313.40,2310.10,2313.40,23290
1788510600000000000,2313.60,2313.90,2313.50,2313.50,7501
1788510660000000000,2313.80,2314.00,2313.50,2314.00,5428
1788510720000000000,2313.90,2314.00,2313.10,2313.50,1894
1788510780000000000,2313.50,2313.60,2313.00,2313.10,1688
1788510840000000000,2313.70,2313.70,2313.00,2313.60,3285
1788510900000000000,2313.00,2313.60,2311.60,2311.60,15627
1788510960000000000,2312.50,2312.50,2311.60,2312.20,6824
1788511020000000000,2312.40,2312.40,2312.00,2312.20,2347
1788511080000000000,2312.00,2312.00,2310.00,2311.10,6046
1788511140000000000,2311.10,2311.80,2310.80,2310.80,2768
1788511200000000000,2311.00,2311.30,2310.50,2310.50,2445
1788511260000000000,2310.80,2311.40,2310.10,2311.40,3539
1788511320000000000,2311.30,2311.40,2310.80,2310.80,2335
1788511380000000000,2310.80,2310.80,2310.00,2310.00,2612
1788511440000000000,2310.00,2310.30,2309.00,2310.00,15833
1788511500000000000,2310.00,2310.00,2308.50,2309.10,6352
1788511560000000000,2309.10,2309.80,2309.10,2309.20,3395
1788511620000000000,2309.70,2309.80,2309.10,2309.70,3454
1788511680000000000,2309.70,2310.00,2309.10,2309.60,6362
1788511740000000000,2308.90,2309.80,2308.80,2309.50,2378
1788511800000000000,2309.50,2309.50,2308.50,2309.10,6183
1788511860000000000,2309.60,2309.60,2308.90,2309.20,2435
1788511920000000000,2309.40,2309.50,2308.80,2308.80,3178
1788511980000000000,2309.30,2309.30,2308.00,2308.70,4144
1788512040000000000,2308.70,2309.00,2308.50,2308.60,7087
1788512100000000000,2308.60,2309.50,2308.50,2309.40,5635
1788512160000000000,2309.40,2310.30,2309.30,2309.90,25298
1788512220000000000,2310.00,2310.10,2309.80,2309.90,1871
1788512280000000000,2309.80,2310.70,2309.80,2310.70,4228
1788512340000000000,2310.90,2311.30,2310.80,2310.80,4489
1788512400000000000,2310.70,2311.20,2310.70,2311.00,3478
1788512460000000000,2311.00,2311.10,2310.90,2311.10,2597
1788512520000000000,2311.10,2311.20,2310.90,2311.20,3505
1788512580000000000,2311.10,2311.30,2311.00,2311.30,3051
1788512640000000000,2311.20,2311.20,2310.00,2310.00,5740
1788512700000000000,2310.10,2311.00,2310.10,2310.30,2572
1788512760000000000,2310.50,2310.80,2310.00,2310.80,3298
1788512820000000000,2310.30,2310.30,2309.40,2309.90,4627
1788512880000000000,2309.90,2310.10,2309.30,2309.60,2211
1788512940000000000,2309.00,2309.70,2309.00,2309.30,4341
1788513000000000000,2309.40,2309.50,2309.40,2309.50,3270
1788513060000000000,2309.60,2310.00,2309.50,2309.50,6129
1788513120000000000,2308.90,2309.00,2308.10,2308.40,2481
1788513180000000000,2308.40,2308.50,2308.00,2308.40,4286
1788513240000000000,2308.40,2308.50,2307.60,2307.60,5079
1788513300000000000,2307.80,2308.50,2306.70,2308.40,6577
1788513360000000000,2308.00,2308.00,2306.00,2307.70,9668
1788513420000000000,2307.50,2307.70,2307.10,2307.70,6871
1788513480000000000,2307.00,2307.90,2306.80,2307.90,6719
1788513540000000000,2307.80,2307.80,2307.10,2307.40,5516
1788513600000000000,2307.70,2307.90,2307.10,2307.50,8135
1788513660000000000,2307.50,2307.60,2307.30,2307.60,3315
1788513720000000000,2307.60,2307.70,2306.70,2306.70,3169
1788513780000000000,2306.60,2307.10,2306.60,2307.10,5364
1788513840000000000,2307.10,2309.90,2307.10,2309.50,47565
1788513900000000000,2309.50,2309.50,2308.40,2308.90,1903
1788513960000000000,2309.60,2311.00,2309.10,2309.10,9249
1788514020000000000,2309.80,2309.80,2309.40,2309.40,2232
1788514080000000000,2309.50,2309.50,2309.20,2309.30,3686
1788514140000000000,2309.10,2309.20,2309.00,2309.00,8755
1788514200000000000,2308.50,2308.50,2307.70,2307.80,16802
1788514260000000000,2307.60,2307.60,2305.70,2305.80,14336
1788514320000000000,2305.70,2305.80,2305.00,2305.50,7803
1788514380000000000,2305.50,2305.50,2305.00,2305.20,12908
1788514440000000000,2305.10,2305.10,2303.80,2304.50,11521
1788514500000000000,2304.00,2304.50,2302.40,2303.20,27319
1788514560000000000,2303.20,2303.70,2302.60,2303.30,23473
1788514620000000000,2303.60,2303.80,2303.00,2303.80,24609
1788514680000000000,2305.40,2305.40,2304.00,2304.40,26782
1788514740000000000,2304.50,2306.70,2304.50,2306.60,23069
1788514800000000000,2306.30,2308.50,2306.10,2307.90,31477
1788514860000000000,2307.90,2307.90,2305.70,2307.30,24977
1788514920000000000,2307.40,2309.00,2306.00,2308.30,57238
1788514980000000000,2308.40,2310.00,2307.50,2309.90,27574
1788515040000000000,2310.00,2310.00,2308.70,2309.00,7729
1788515100000000000,2309.00,2309.00,2309.00,2309.00,0
1788515160000000000,2309.00,2309.00,2309.00,2309.00,0
1788515220000000000,2309.00,2309.00,2309.00,2309.00,0
1788515280000000000,2309.00,2309.00,2309.00,2309.00,0
1788515340000000000,2309.00,2309.00,2309.00,2309.00,0
1788515400000000000,2309.00,2309.00,2309.00,2309.00,0
1788515460000000000,2309.00,2309.00,2309.00,2309.00,0
1788515520000000000,2309.00,2309.00,2309.00,2309.00,0
1788515580000000000,2309.00,2309.00,2309.00,2309.00,0
1788515640000000000,2309.00,2309.00,2309.00,2309.00,0
1788515700000000000,2309.00,2309.00,2309.00,2309.00,0
1788515760000000000,2309.00,2309.00,2309.00,2309.00,0
1788515820000000000,2309.00,2309.00,2309.00,2309.00,0
1788515880000000000,2304.00,2304.00,2304.00,2304.00,70989
1788515940000000000,2304.00,2304.00,2304.00,2304.00,0
1788752700000000000,2290.10,2294.90,2272.20,2275.70,103539
1788752760000000000,2276.40,2285.80,2272.90,2283.50,26919
1788752820000000000,2284.10,2287.00,2281.20,2285.00,24618
1788752880000000000,2284.90,2290.00,2283.90,2289.90,14841
1788752940000000000,2289.90,2296.90,2288.60,2295.90,24555
1788753000000000000,2296.40,2298.00,2292.20,2297.30,17317
1788753060000000000,2298.00,2299.90,2295.60,2298.00,16369
1788753120000000000,2298.90,2299.90,2297.00,2298.40,9113
1788753180000000000,2299.00,2299.00,2293.00,2293.20,8278
1788753240000000000,2293.20,2293.20,2284.20,2285.80,21353
1788753300000000000,2285.80,2285.80,2280.20,2282.90,20504
1788753360000000000,2282.90,2284.60,2281.80,2284.30,7258
1788753420000000000,2284.10,2285.00,2282.60,2283.00,9542
1788753480000000000,2283.00,2283.30,2280.10,2281.40,27761
1788753540000000000,2282.30,2284.00,2281.60,2284.00,1921
1788753600000000000,2284.00,2284.00,2281.70,2282.00,4236
1788753660000000000,2282.50,2283.20,2278.20,2279.30,22337
1788753720000000000,2279.30,2280.70,2278.00,2280.40,19524
1788753780000000000,2280.30,2281.00,2278.50,2279.30,9800
1788753840000000000,2279.90,2282.90,2278.20,2282.60,5206
1788753900000000000,2282.80,2284.80,2281.20,2283.60,6954
1788753960000000000,2284.00,2285.80,2283.60,2284.90,9563
1788754020000000000,2284.70,2284.70,2280.20,2280.70,5018
1788754080000000000,2280.70,2282.30,2280.50,2281.40,3439
1788754140000000000,2281.40,2282.00,2280.80,2281.40,4340
1788754200000000000,2281.80,2283.30,2281.40,2283.30,4552
1788754260000000000,2283.30,2283.70,2280.90,2281.80,17061
1788754320000000000,2282.60,2282.60,2280.90,2281.40,2491
1788754380000000000,2281.30,2283.10,2280.50,2282.20,6324
1788754440000000000,2282.90,2282.90,2281.00,2281.00,2720
1788754500000000000,2281.50,2282.60,2281.00,2281.00,4097
1788754560000000000,2281.40,2281.40,2279.80,2281.20,7821
1788754620000000000,2281.30,2282.80,2281.10,2282.40,5004
1788754680000000000,2282.80,2282.90,2280.30,2280.90,3273
1788754740000000000,2280.90,2281.40,2280.40,2281.30,1377
1788754800000000000,2281.30,2282.50,2281.10,2282.50,3256
1788754860000000000,2282.50,2283.10,2282.00,2282.80,7014
1788754920000000000,2282.90,2283.10,2282.80,2283.10,3054
1788754980000000000,2283.10,2283.10,2281.50,2282.00,8041
1788755040000000000,2282.00,2282.60,2281.20,2282.60,4266
1788755100000000000,2282.60,2287.70,2281.80,2285.90,27052
1788755160000000000,2286.00,2286.00,2283.50,2285.90,3209
1788755220000000000,2285.80,2288.20,2285.50,2286.90,5876
1788755280000000000,2286.90,2286.90,2285.70,2285.80,2395
1788755340000000000,2285.80,2286.90,2285.50,2286.90,3200
1788755400000000000,2286.90,2286.90,2285.00,2285.40,4320
1788755460000000000,2285.80,2286.00,2281.00,2281.40,13718
1788755520000000000,2281.60,2286.00,2281.60,2284.10,7008
1788755580000000000,2284.10,2284.60,2283.30,2284.30,1674
1788755640000000000,2284.30,2284.40,2284.10,2284.30,930
1788755700000000000,2284.30,2284.30,2282.00,2282.90,3222
1788755760000000000,2282.90,2283.20,2282.90,2283.20,2330
1788755820000000000,2283.20,2285.00,2282.30,2284.60,3998
1788755880000000000,2285.00,2285.20,2283.20,2284.90,3016
1788755940000000000,2284.90,2285.20,2284.30,2284.40,662
1788756000000000000,2285.00,2285.30,2284.40,2284.90,1243
1788756060000000000,2285.00,2285.90,2284.90,2285.80,1790
1788756120000000000,2285.80,2285.80,2284.40,2284.60,2768
1788756180000000000,2284.80,2284.80,2284.30,2284.70,924
1788756240000000000,2284.80,2284.80,2282.00,2283.00,2902
1788756300000000000,2283.40,2283.40,2282.00,2282.30,2680
1788756360000000000,2282.30,2284.20,2281.60,2282.50,12216
1788756420000000000,2282.50,2282.50,2280.00,2280.00,3916
1788756480000000000,2280.60,2280.80,2278.40,2279.50,6993
1788756540000000000,2279.50,2280.00,2278.20,2279.10,3989
1788756600000000000,2279.70,2280.00,2279.00,2279.50,1817
1788756660000000000,2279.60,2281.00,2279.20,2281.00,2334
1788756720000000000,2281.00,2282.00,2280.50,2282.00,1642
1788756780000000000,2282.00,2282.00,2281.30,2281.50,1677
1788756840000000000,2281.50,2281.50,2280.50,2280.50,1884
1788756900000000000,2280.50,2280.70,2280.00,2280.70,1540
1788756960000000000,2280.70,2280.70,2280.60,2280.70,1321
1788757020000000000,2280.70,2280.70,2280.60,2280.60,1642
1788757080000000000,2280.70,2280.70,2279.00,2279.80,8641
1788757140000000000,2279.80,2279.80,2279.00,2279.00,1129
1788757200000000000,2279.20,2279.20,2277.30,2278.00,5241
1788757260000000000,2278.30,2279.20,2277.60,2278.70,4289
1788757320000000000,2279.00,2279.60,2278.00,2279.60,2399
1788757380000000000,2279.60,2279.60,2279.20,2279.40,580
1788757440000000000,2279.50,2279.60,2278.10,2278.60,3167
1788757500000000000,2278.60,2279.80,2278.10,2279.40,2161
1788757560000000000,2279.40,2279.40,2278.60,2278.90,4305
1788757620000000000,2278.90,2280.00,2278.50,2280.00,2758
1788757680000000000,2280.00,2280.10,2278.60,2278.80,1607
1788757740000000000,2278.80,2279.80,2278.80,2279.80,676
1788757800000000000,2279.80,2279.80,2278.80,2279.20,3295
1788757860000000000,2279.20,2279.20,2278.80,2279.00,1317
1788757920000000000,2279.00,2281.00,2279.00,2281.00,3348
1788757980000000000,2280.90,2281.00,2280.30,2280.60,1781
1788758040000000000,2280.80,2280.80,2278.80,2278.90,5327
1788758100000000000,2278.90,2279.50,2278.80,2279.50,2069
1788758160000000000,2279.50,2280.60,2279.30,2280.30,1592
1788758220000000000,2280.30,2281.00,2280.00,2281.00,2303
1788758280000000000,2281.00,2281.00,2280.30,2280.60,1615
1788758340000000000,2280.60,2280.60,2279.30,2279.80,1822
1788758400000000000,2279.80,2281.50,2279.50,2281.50,4712
1788758460000000000,2281.50,2281.90,2281.10,2281.90,1803
1788758520000000000,2281.90,2282.60,2280.30,2281.00,4724
1788758580000000000,2281.00,2281.10,2279.00,2279.30,1620
1788758640000000000,2279.30,2279.30,2278.10,2278.50,3652
1788758700000000000,2278.50,2278.80,2278.10,2278.80,1284
1788758760000000000,2278.80,2278.80,2278.50,2278.70,1442
1788758820000000000,2278.70,2278.70,2278.50,2278.50,1542
1788758880000000000,2278.60,2280.70,2278.60,2280.50,2479
1788758940000000000,2280.50,2281.60,2280.40,2280.80,3999
1788759000000000000,2281.00,2281.00,2278.30,2279.00,4031
1788759060000000000,2279.10,2279.20,2278.00,2278.70,2569
1788759120000000000,2278.70,2278.70,2276.00,2277.00,7847
1788759180000000000,2277.20,2277.70,2276.10,2276.90,2160
1788759240000000000,2276.90,2277.50,2276.00,2276.60,3378
1788759300000000000,2276.60,2276.70,2276.00,2276.30,2222
1788759360000000000,2276.30,2276.60,2274.00,2274.00,15159
1788759420000000000,2274.20,2274.80,2274.00,2274.10,2558
1788759480000000000,2274.50,2275.00,2274.00,2274.20,2127
1788759540000000000,2274.50,2274.50,2273.40,2274.10,2957
1788759600000000000,2274.10,2274.90,2274.00,2274.50,1666
1788759660000000000,2274.70,2275.00,2273.70,2275.00,2102
1788759720000000000,2275.00,2275.40,2274.40,2274.80,5046
1788759780000000000,2274.80,2274.80,2274.20,2274.50,1605
1788759840000000000,2274.50,2274.90,2274.20,2274.70,2706
1788759900000000000,2274.90,2275.90,2274.70,2274.70,4872
1788759960000000000,2274.80,2274.80,2273.70,2274.00,2406
1788760020000000000,2274.00,2275.00,2273.50,2274.90,1538
1788760080000000000,2274.60,2275.10,2274.10,2274.50,1415
1788760140000000000,2274.50,2275.70,2274.40,2275.30,2829
1788760200000000000,2275.30,2275.30,2274.80,2275.10,1478
1788760260000000000,2275.20,2277.30,2275.00,2277.10,3497
1788760320000000000,2277.00,2277.40,2274.90,2275.70,5219
1788760380000000000,2275.70,2275.90,2274.00,2274.50,1852
1788760440000000000,2274.50,2274.80,2274.00,2274.10,1709
1788760500000000000,2274.10,2274.10,2271.10,2272.20,14007
1788760560000000000,2272.50,2273.90,2272.20,2273.10,3300
1788760620000000000,2273.10,2273.60,2272.60,2273.30,1626
1788760680000000000,2273.50,2273.50,2272.50,2273.00,5030
1788760740000000000,2273.00,2273.00,2271.60,2271.60,2583
1788760800000000000,2272.00,2272.00,2271.10,2272.00,2868
1788760860000000000,2272.00,2272.00,2271.70,2272.00,733
1788760920000000000,2272.00,2272.90,2271.90,2272.50,5169
1788760980000000000,2272.80,2273.10,2272.10,2272.60,3671
1788761040000000000,2272.60,2273.10,2272.20,2272.30,774
1788761100000000000,2272.50,2273.00,2272.50,2272.80,2020
1788761160000000000,2272.80,2273.40,2272.80,2273.40,1312
1788761220000000000,2273.40,2273.50,2273.40,2273.50,506
1788761280000000000,2273.50,2274.90,2273.40,2274.90,2104
1788761340000000000,2274.90,2275.00,2273.80,2274.70,8261
1788761400000000000,2274.40,2274.70,2273.50,2274.30,959
1788761460000000000,2274.20,2274.30,2273.50,2274.30,1645
1788761520000000000,2274.30,2275.00,2273.80,2274.90,1989
1788761580000000000,2274.90,2276.30,2274.60,2275.50,5674
1788761640000000000,2275.50,2277.20,2275.00,2276.00,3207
1788761700000000000,2276.20,2276.30,2274.60,2275.60,682
1788761760000000000,2275.80,2275.80,2275.00,2275.50,379
1788761820000000000,2275.50,2275.50,2274.00,2274.30,3066
1788761880000000000,2274.30,2275.30,2273.50,2275.30,5148
1788761940000000000,2275.30,2275.50,2274.60,2274.90,1707
1788762000000000000,2274.80,2274.80,2274.00,2274.80,736
1788762060000000000,2274.80,2275.50,2274.50,2274.80,2029
1788762120000000000,2274.80,2274.80,2273.50,2274.70,2957
1788762180000000000,2274.70,2274.70,2273.00,2273.10,2019
1788762240000000000,2273.10,2273.10,2271.50,2271.80,4617
1788762300000000000,2271.80,2273.10,2265.60,2265.60,52678
1788762360000000000,2265.80,2267.00,2264.00,2264.70,91754
1788762420000000000,2264.10,2266.20,2263.90,2265.00,85703
1788762480000000000,2265.00,2265.10,2264.30,2265.00,13876
1788762540000000000,2265.00,2265.00,2264.80,2265.00,3402
1788762600000000000,2265.00,2265.00,2263.50,2264.50,6480
1788762660000000000,2264.90,2265.00,2264.40,2264.80,2307
1788762720000000000,2264.80,2265.00,2264.80,2265.00,622
1788762780000000000,2265.00,2265.00,2264.90,2265.00,1035
1788762840000000000,2265.00,2265.00,2264.00,2264.40,7968
1788762900000000000,2264.40,2267.00,2264.00,2267.00,11719
1788762960000000000,2267.00,2269.80,2266.80,2269.00,13297
1788763020000000000,2268.90,2269.50,2268.50,2269.00,1396
1788763080000000000,2269.00,2269.40,2268.50,2268.60,1261
1788763140000000000,2268.60,2269.30,2268.50,2269.00,917
1788763200000000000,2269.20,2269.90,2268.80,2269.80,998
1788763260000000000,2269.80,2270.90,2268.70,2269.30,6595
1788763320000000000,2269.30,2270.00,2268.40,2269.20,978
1788763380000000000,2269.30,2270.80,2269.30,2270.50,1473
1788763440000000000,2270.50,2274.80,2270.40,2273.30,23516
1788763500000000000,2273.00,2276.80,2272.40,2274.30,22685
1788763560000000000,2274.30,2274.90,2271.70,2272.70,2851
1788763620000000000,2272.90,2273.60,2272.60,2272.60,1968
1788763680000000000,2272.60,2273.00,2272.20,2273.00,1254
1788763740000000000,2273.00,2275.80,2272.10,2275.80,12232
1788763800000000000,2275.80,2280.00,2275.00,2275.90,30360
1788763860000000000,2275.90,2276.50,2274.50,2275.60,1493
1788763920000000000,2275.80,2276.30,2273.80,2275.10,2443
1788763980000000000,2274.70,2274.90,2273.10,2274.80,4698
1788764040000000000,2274.80,2275.00,2274.60,2275.00,1002
1788764100000000000,2275.00,2275.80,2275.00,2275.30,2032
1788764160000000000,2275.40,2275.40,2275.00,2275.20,1464
1788764220000000000,2275.30,2275.30,2274.60,2274.80,1714
1788764280000000000,2274.80,2274.80,2274.60,2274.80,972
1788764340000000000,2274.80,2274.80,2274.70,2274.80,2022
1788764400000000000,2274.80,2277.00,2274.70,2277.00,7310
1788764460000000000,2276.90,2277.00,2274.40,2275.40,5874
1788764520000000000,2275.40,2276.10,2274.90,2275.10,735
1788764580000000000,2275.90,2277.70,2275.50,2277.70,2034
1788764640000000000,2277.70,2278.00,2276.30,2276.90,2260
1788764700000000000,2276.90,2277.80,2276.50,2277.70,4229
1788764760000000000,2277.70,2278.00,2277.00,2277.80,5617
1788764820000000000,2277.80,2278.40,2277.00,2278.00,2711
1788764880000000000,2277.70,2277.90,2275.10,2277.80,3178
1788764940000000000,2277.80,2278.20,2275.50,2276.80,4102
1788765000000000000,2276.80,2279.50,2276.80,2278.30,6650
1788765060000000000,2278.10,2279.30,2277.00,2278.50,2867
1788765120000000000,2278.50,2278.50,2275.40,2276.80,6864
1788765180000000000,2276.80,2276.80,2275.90,2276.80,1140
1788765240000000000,2276.80,2276.80,2276.40,2276.80,987
1788765300000000000,2276.80,2276.80,2276.70,2276.80,491
1788765360000000000,2276.80,2276.80,2276.70,2276.80,1207
1788765420000000000,2276.80,2276.80,2275.10,2276.30,10307
1788765480000000000,2276.30,2277.00,2276.00,2277.00,2638
1788765540000000000,2277.00,2277.40,2276.00,2276.70,816
1788765600000000000,2276.70,2276.70,2275.50,2275.60,675
1788765660000000000,2275.90,2275.90,2274.00,2274.80,3582
1788765720000000000,2274.80,2274.80,2273.50,2274.10,1599
1788765780000000000,2274.10,2274.10,2271.60,2272.00,14884
1788765840000000000,2272.00,2272.00,2271.70,2272.00,1994
1788765900000000000,2272.00,2272.00,2271.00,2271.50,2937
1788765960000000000,2271.50,2271.60,2271.00,2271.50,3018
1788766020000000000,2271.40,2271.50,2270.60,2271.50,3218
1788766080000000000,2271.50,2271.50,2271.10,2271.50,717
1788766140000000000,2271.50,2271.50,2271.40,2271.40,548
1788766200000000000,2271.50,2271.60,2271.40,2271.50,9881
1788766260000000000,2271.50,2271.50,2271.40,2271.50,978
1788766320000000000,2271.50,2271.50,2270.00,2270.10,7125
1788766380000000000,2270.40,2270.40,2269.60,2269.60,2059
1788766440000000000,2269.60,2269.70,2269.20,2269.70,3887
1788766500000000000,2269.70,2269.70,2269.30,2269.50,793
1788766560000000000,2269.50,2269.60,2269.40,2269.50,2981
1788766620000000000,2269.60,2269.60,2268.10,2268.30,6606
1788766680000000000,2269.00,2271.20,2268.60,2270.50,6621
1788766740000000000,2270.50,2270.50,2269.00,2269.80,1640
1788766800000000000,2269.70,2269.70,2269.00,2269.20,668
1788766860000000000,2269.20,2269.20,2268.00,2268.80,2474
1788766920000000000,2268.80,2268.80,2268.50,2268.80,470
1788766980000000000,2268.70,2269.20,2268.60,2269.00,4191
1788767040000000000,2269.20,2269.20,2269.10,2269.20,276
1788767100000000000,2269.20,2269.20,2269.10,2269.20,1160
1788767160000000000,2269.20,2269.90,2269.20,2269.70,3557
1788767220000000000,2269.70,2269.90,2268.20,2268.50,5903
1788767280000000000,2268.50,2268.50,2268.00,2268.30,2116
1788767340000000000,2268.50,2268.80,2268.30,2268.80,1264
1788767400000000000,2268.80,2269.70,2268.80,2269.50,1019
1788767460000000000,2269.50,2269.70,2269.20,2269.30,4681
1788767520000000000,2269.30,2269.50,2269.20,2269.30,1844
1788767580000000000,2269.30,2269.30,2269.20,2269.30,529
1788767640000000000,2269.30,2269.30,2265.80,2265.80,8475
1788767700000000000,2265.80,2266.00,2265.30,2265.90,6861
1788767760000000000,2265.90,2265.90,2264.60,2265.80,7337
1788767820000000000,2265.80,2265.80,2265.00,2265.50,2412
1788767880000000000,2265.10,2265.60,2264.80,2265.00,2679
1788767940000000000,2265.00,2265.00,2262.50,2262.80,5544
1788768000000000000,2263.70,2263.70,2260.70,2262.00,12531
1788768060000000000,2262.60,2262.70,2261.00,2262.70,5445
1788768120000000000,2262.70,2263.10,2261.40,2261.40,3256
1788768180000000000,2261.90,2262.80,2260.30,2260.80,5117
1788768240000000000,2261.30,2261.50,2260.10,2261.00,2145
1788768300000000000,2261.00,2262.00,2260.80,2261.50,2211
1788768360000000000,2261.60,2262.30,2261.50,2262.20,1887
1788768420000000000,2262.20,2263.90,2261.90,2261.90,8163
1788768480000000000,2262.30,2262.30,2261.00,2261.90,2219
1788768540000000000,2262.00,2262.00,2261.50,2261.60,1183
1788768600000000000,2261.70,2262.70,2261.50,2261.80,1998
1788768660000000000,2261.90,2262.50,2261.60,2262.50,3403
1788768720000000000,2262.50,2263.40,2262.20,2262.90,1720
1788768780000000000,2263.10,2263.10,2262.10,2262.80,2352
1788768840000000000,2262.80,2263.20,2262.50,2262.90,3458
1788768900000000000,2263.00,2263.90,2262.70,2263.00,2674
1788768960000000000,2263.70,2264.50,2263.00,2263.60,2085
1788769020000000000,2263.60,2264.80,2263.50,2263.80,3511
1788769080000000000,2263.80,2264.60,2263.00,2263.50,2837
1788769140000000000,2263.80,2263.90,2262.50,2262.80,2943
1788769200000000000,2262.80,2262.80,2262.00,2262.50,2703
1788769260000000000,2262.50,2263.00,2262.00,2263.00,2287
1788769320000000000,2263.00,2263.80,2262.90,2263.30,1440
1788769380000000000,2263.60,2265.00,2263.30,2265.00,4705
1788769440000000000,2265.00,2265.20,2264.90,2264.90,3588
1788769500000000000,2265.00,2265.00,2264.90,2264.90,1524
1788769560000000000,2265.00,2265.10,2264.90,2265.00,2977
1788769620000000000,2265.00,2265.00,2263.60,2264.60,7007
1788769680000000000,2264.60,2265.00,2264.00,2264.80,1048
1788769740000000000,2264.80,2264.80,2264.00,2264.40,1081
1788769800000000000,2264.40,2264.80,2264.00,2264.40,1556
1788769860000000000,2264.70,2264.80,2264.50,2264.70,1772
1788769920000000000,2264.70,2265.00,2264.60,2264.90,1759
1788769980000000000,2265.00,2265.10,2264.90,2265.00,3428
1788770040000000000,2265.00,2265.10,2264.90,2265.00,2886
1788770100000000000,2265.00,2265.10,2264.90,2265.00,3293
1788770160000000000,2265.00,2265.00,2264.80,2264.90,4534
1788770220000000000,2264.90,2264.90,2264.00,2264.10,2646
1788770280000000000,2264.10,2265.00,2263.70,2264.40,4231
1788770340000000000,2264.80,2264.90,2263.80,2264.80,1237
1788770400000000000,2264.90,2265.00,2264.80,2265.00,1612
1788770460000000000,2264.90,2265.00,2264.90,2265.00,575
1788770520000000000,2265.00,2265.00,2264.90,2265.00,1078
1788770580000000000,2265.00,2265.00,2264.90,2265.00,955
1788770640000000000,2265.00,2265.00,2264.90,2265.00,3501
1788770700000000000,2265.00,2265.00,2264.90,2264.90,2023
1788770760000000000,2265.00,2265.00,2264.80,2264.80,4635
1788770820000000000,2264.90,2264.90,2263.10,2263.80,3277
1788770880000000000,2263.80,2263.80,2263.00,2263.80,2940
1788770940000000000,2263.80,2264.90,2263.60,2264.30,6714
1788771000000000000,2264.90,2265.00,2264.60,2265.00,1220
1788771060000000000,2265.00,2265.00,2264.90,2265.00,3057
1788771120000000000,2265.00,2265.00,2264.90,2264.90,1007
1788771180000000000,2265.00,2265.90,2264.90,2265.00,5715
1788771240000000000,2265.00,2265.80,2264.90,2265.00,9185
1788771300000000000,2265.00,2265.30,2264.90,2265.00,5866
1788771360000000000,2265.00,2265.90,2264.90,2265.00,8259
1788771420000000000,2265.00,2265.50,2264.80,2264.90,12710
1788771480000000000,2264.90,2265.00,2264.80,2265.00,3746
1788771540000000000,2265.00,2265.20,2264.80,2265.00,4472
1788771600000000000,2265.00,2265.00,2264.90,2265.00,911
1788771660000000000,2265.00,2265.00,2264.90,2265.00,1352
1788771720000000000,2265.00,2265.20,2264.90,2264.90,3395
1788771780000000000,2265.00,2265.30,2264.90,2264.90,6498
1788771840000000000,2265.00,2265.00,2263.10,2264.40,10852
1788771900000000000,2264.40,2265.00,2264.20,2265.00,1415
1788771960000000000,2265.00,2265.00,2264.80,2264.90,850
1788772020000000000,2264.90,2265.00,2264.80,2265.00,2361
1788772080000000000,2265.00,2265.70,2264.80,2265.00,5637
1788772140000000000,2265.00,2265.00,2264.80,2265.00,1893
1788772200000000000,2265.00,2265.00,2264.00,2264.80,2436
1788772260000000000,2264.90,2264.90,2264.00,2264.30,2324
1788772320000000000,2264.30,2264.30,2264.10,2264.20,1297
1788772380000000000,2264.20,2264.20,2263.10,2264.00,3587
1788772440000000000,2263.90,2263.90,2263.00,2263.50,3188
1788772500000000000,2263.50,2263.60,2263.40,2263.50,2042
1788772560000000000,2263.50,2264.40,2263.10,2264.30,8788
1788772620000000000,2264.20,2264.90,2264.00,2264.20,3472
1788772680000000000,2264.20,2265.50,2263.90,2265.00,24071
1788772740000000000,2265.00,2265.00,2264.30,2264.70,7481
1788772800000000000,2264.80,2265.00,2264.40,2265.00,5950
1788772860000000000,2265.00,2265.30,2264.90,2264.90,6173
1788772920000000000,2265.00,2265.00,2264.50,2264.90,3955
1788772980000000000,2264.90,2265.00,2264.80,2264.90,2773
1788773040000000000,2265.00,2268.10,2264.90,2264.90,31360
1788773100000000000,2265.00,2265.00,2264.90,2265.00,5715
1788773160000000000,2265.00,2265.30,2264.90,2265.00,24522
1788773220000000000,2265.00,2265.40,2264.90,2265.00,8713
1788773280000000000,2265.00,2265.00,2264.90,2265.00,3023
1788773340000000000,2265.00,2265.70,2264.60,2265.00,11779
1788773400000000000,2265.00,2265.00,2264.60,2264.80,2857
1788773460000000000,2264.80,2265.30,2264.50,2265.00,7127
1788773520000000000,2265.00,2265.00,2264.70,2265.00,4345
1788773580000000000,2265.00,2265.00,2263.80,2263.90,6560
1788773640000000000,2263.90,2263.90,2262.50,2263.00,7071
1788773700000000000,2263.00,2263.00,2261.00,2261.70,13738
1788773760000000000,2261.70,2263.40,2261.60,2263.40,15815
1788773820000000000,2263.20,2263.80,2262.50,2263.20,4750
1788773880000000000,2263.20,2263.50,2263.10,2263.50,5019
1788773940000000000,2263.50,2263.50,2261.80,2262.70,11046
1788774000000000000,2262.80,2262.80,2262.60,2262.70,7996
1788774060000000000,2262.80,2271.00,2262.70,2271.00,71326
1788774120000000000,2270.90,2272.60,2268.90,2270.90,33398
1788774180000000000,2271.60,2272.70,2270.00,2271.30,11114
1788774240000000000,2271.30,2274.40,2270.00,2274.10,21243
1788774300000000000,2274.10,2274.10,2274.10,2274.10,0
1788774360000000000,2274.10,2274.10,2274.10,2274.10,0
1788774420000000000,2274.10,2274.10,2274.10,2274.10,0
1788774480000000000,2274.10,2274.10,2274.10,2274.10,0
1788774540000000000,2274.10,2274.10,2274.10,2274.10,0
1788774600000000000,2274.10,2274.10,2274.10,2274.10,0
1788774660000000000,2274.10,2274.10,2274.10,2274.10,0
1788774720000000000,2274.10,2274.10,2274.10,2274.10,0
1788774780000000000,2274.10,2274.10,2274.10,2274.10,0
1788774840000000000,2274.10,2274.10,2274.10,2274.10,0
1788774900000000000,2274.10,2274.10,2274.10,2274.10,0
1788774960000000000,2274.10,2274.10,2274.10,2274.10,0
1788775020000000000,2274.10,2274.10,2274.10,2274.10,0
1788775080000000000,2274.10,2274.10,2274.10,2274.10,0
1788775140000000000,2270.00,2270.00,2270.00,2270.00,132757
1788839100000000000,2270.00,2272.00,2260.20,2262.90,39729
1788839160000000000,2262.40,2263.10,2244.00,2246.80,46476
1788839220000000000,2247.50,2249.90,2244.00,2245.00,16986
1788839280000000000,2245.10,2250.80,2244.40,2247.50,8532
1788839340000000000,2247.50,2250.60,2247.10,2249.10,14806
1788839400000000000,2249.00,2252.90,2248.20,2250.90,8992
1788839460000000000,2251.10,2252.90,2250.60,2251.50,8448
1788839520000000000,2251.70,2258.00,2251.00,2257.60,8305
1788839580000000000,2257.50,2257.60,2252.50,2252.80,8081
1788839640000000000,2252.70,2254.00,2251.20,2252.00,8462
1788839700000000000,2251.70,2257.00,2251.10,2256.10,13333
1788839760000000000,2256.60,2258.30,2255.90,2257.00,10861
1788839820000000000,2256.90,2258.00,2253.00,2253.30,6788
1788839880000000000,2253.80,2253.80,2251.10,2252.20,5746
1788839940000000000,2252.50,2253.90,2251.10,2251.90,4702
1788840000000000000,2251.90,2253.00,2251.00,2251.70,6806
1788840060000000000,2251.70,2253.40,2251.00,2252.40,5924
1788840120000000000,2253.30,2253.90,2251.30,2252.90,7106
1788840180000000000,2252.90,2253.20,2252.10,2252.90,3512
1788840240000000000,2252.90,2254.80,2252.00,2254.80,5286
1788840300000000000,2254.80,2257.00,2254.20,2257.00,7498
1788840360000000000,2257.00,2262.40,2256.40,2257.40,18837
1788840420000000000,2257.60,2264.00,2257.20,2263.50,6233
1788840480000000000,2263.80,2263.90,2262.00,2262.90,7430
1788840540000000000,2263.00,2263.30,2261.60,2263.20,4926
1788840600000000000,2263.10,2264.60,2260.50,2263.80,7907
1788840660000000000,2264.10,2266.40,2264.10,2265.40,8821
1788840720000000000,2265.90,2265.90,2261.60,2262.80,3705
1788840780000000000,2262.50,2262.70,2260.00,2260.30,3665
1788840840000000000,2260.50,2262.00,2258.90,2262.00,7629
1788840900000000000,2262.00,2262.00,2260.00,2260.90,3386
1788840960000000000,2261.30,2262.90,2261.10,2262.20,5400
1788841020000000000,2262.70,2265.70,2262.20,2264.00,7920
1788841080000000000,2264.30,2266.00,2264.00,2265.60,4043
1788841140000000000,2265.50,2268.50,2265.20,2266.60,6196
1788841200000000000,2266.60,2267.10,2266.10,2266.30,3600
1788841260000000000,2266.30,2266.30,2265.00,2265.80,7151
1788841320000000000,2265.90,2266.10,2264.00,2264.60,3073
1788841380000000000,2264.40,2265.00,2262.60,2264.10,7503
1788841440000000000,2264.90,2266.00,2262.70,2262.80,4740
1788841500000000000,2262.70,2262.80,2258.70,2259.30,7950
1788841560000000000,2259.60,2260.00,2258.10,2259.70,5509
1788841620000000000,2259.60,2261.50,2258.20,2260.50,9153
1788841680000000000,2260.40,2260.60,2254.00,2257.20,9720
1788841740000000000,2256.40,2260.60,2256.10,2259.20,22519
1788841800000000000,2259.20,2260.30,2257.80,2259.30,3302
1788841860000000000,2259.00,2259.70,2258.50,2259.70,2202
1788841920000000000,2259.50,2259.70,2258.90,2258.90,1944
1788841980000000000,2258.60,2260.00,2258.00,2259.70,5679
1788842040000000000,2259.50,2261.00,2259.40,2260.00,6267
1788842100000000000,2260.20,2261.90,2259.60,2261.90,4309
1788842160000000000,2261.90,2263.80,2261.40,2263.00,4019
1788842220000000000,2263.40,2269.00,2263.00,2269.00,11446
1788842280000000000,2268.30,2271.00,2267.00,2270.70,6123
1788842340000000000,2270.80,2270.90,2269.20,2269.90,4074
1788842400000000000,2269.90,2271.00,2268.50,2269.10,5736
1788842460000000000,2269.00,2269.00,2266.90,2267.50,4624
1788842520000000000,2267.50,2268.00,2266.60,2267.30,2067
1788842580000000000,2267.30,2269.40,2267.30,2267.30,4742
1788842640000000000,2268.30,2268.60,2266.50,2267.70,3167
1788842700000000000,2267.70,2269.50,2267.40,2269.50,5147
1788842760000000000,2269.50,2273.90,2269.50,2271.10,21861
1788842820000000000,2271.80,2272.60,2271.00,2271.50,9162
1788842880000000000,2271.80,2272.20,2267.90,2270.00,7359
1788842940000000000,2270.00,2270.80,2269.20,2270.60,2398
1788843000000000000,2270.80,2270.80,2270.40,2270.40,1905
1788843060000000000,2270.50,2270.70,2269.80,2270.60,3857
1788843120000000000,2270.60,2270.60,2269.50,2269.50,2363
1788843180000000000,2269.40,2269.40,2267.70,2267.80,1414
1788843240000000000,2268.20,2269.30,2267.70,2269.10,6891
1788843300000000000,2269.00,2269.00,2265.70,2266.70,4222
1788843360000000000,2266.70,2267.70,2266.00,2267.20,3404
1788843420000000000,2267.20,2267.90,2266.80,2267.00,2593
1788843480000000000,2267.60,2267.60,2266.20,2266.20,2237
1788843540000000000,2267.00,2267.00,2266.20,2266.20,1597
1788843600000000000,2266.60,2266.60,2264.20,2264.90,4807
1788843660000000000,2264.90,2265.20,2263.50,2264.10,3193
1788843720000000000,2264.10,2264.10,2261.50,2261.50,3580
1788843780000000000,2262.50,2263.20,2261.10,2262.50,4851
1788843840000000000,2262.50,2263.50,2261.00,2262.40,6074
1788843900000000000,2262.50,2262.80,2261.50,2261.90,2916
1788843960000000000,2261.90,2262.00,2261.00,2261.00,6579
1788844020000000000,2261.00,2261.00,2259.70,2259.90,3908
1788844080000000000,2259.90,2260.20,2258.80,2259.20,3214
1788844140000000000,2259.20,2259.20,2258.20,2259.20,2819
1788844200000000000,2259.20,2259.20,2258.20,2258.50,1683
1788844260000000000,2258.50,2260.10,2258.00,2260.10,7391
1788844320000000000,2260.20,2260.60,2258.90,2259.80,5592
1788844380000000000,2259.80,2260.20,2258.00,2258.30,3399
1788844440000000000,2258.30,2259.00,2257.00,2258.40,10111
1788844500000000000,2259.30,2259.70,2258.30,2259.40,1942
1788844560000000000,2259.50,2261.00,2259.40,2260.40,4368
1788844620000000000,2260.30,2260.30,2259.40,2259.60,1101
1788844680000000000,2259.80,2261.00,2259.40,2260.70,4507
1788844740000000000,2260.70,2261.50,2260.60,2261.20,1441
1788844800000000000,2261.50,2261.50,2261.40,2261.50,2103
1788844860000000000,2261.50,2261.80,2260.80,2261.20,2889
1788844920000000000,2261.30,2261.40,2259.60,2260.10,3401
1788844980000000000,2259.90,2260.10,2259.60,2259.60,714
1788845040000000000,2259.90,2261.60,2259.50,2260.50,3386
1788845100000000000,2260.50,2261.90,2260.00,2261.10,3854
1788845160000000000,2261.10,2261.10,2260.10,2260.50,1589
1788845220000000000,2260.60,2260.60,2259.50,2259.60,2686
1788845280000000000,2259.60,2259.60,2257.70,2258.30,4053
1788845340000000000,2258.40,2259.20,2257.60,2258.80,2936
1788845400000000000,2258.80,2258.80,2257.10,2257.70,2671
1788845460000000000,2257.70,2258.20,2257.10,2258.00,3795
1788845520000000000,2258.10,2258.20,2258.00,2258.20,4707
1788845580000000000,2258.20,2259.90,2257.70,2259.90,4423
1788845640000000000,2259.90,2259.90,2258.90,2258.90,2075
1788845700000000000,2258.90,2259.60,2258.60,2259.40,1144
1788845760000000000,2259.30,2260.40,2259.00,2259.80,4530
1788845820000000000,2259.80,2260.70,2259.60,2260.30,1512
1788845880000000000,2260.30,2263.00,2260.20,2262.00,3775
1788845940000000000,2262.30,2262.50,2261.50,2261.80,1454
1788846000000000000,2261.80,2261.80,2261.10,2261.50,1433
1788846060000000000,2261.30,2261.40,2258.60,2259.40,3737
1788846120000000000,2259.40,2259.40,2257.30,2257.50,1311
1788846180000000000,2258.30,2258.30,2257.20,2257.80,1129
1788846240000000000,2257.80,2259.70,2257.70,2259.60,5039
1788846300000000000,2259.50,2259.60,2257.60,2257.60,2883
1788846360000000000,2258.00,2258.10,2257.40,2257.40,855
1788846420000000000,2257.80,2258.00,2257.20,2257.60,918
1788846480000000000,2257.60,2257.60,2257.20,2257.50,978
1788846540000000000,2257.40,2259.40,2257.20,2258.00,2392
1788846600000000000,2258.20,2258.20,2257.00,2257.20,6325
1788846660000000000,2257.20,2257.60,2256.00,2256.90,3771
1788846720000000000,2257.20,2257.40,2256.10,2256.20,2593
1788846780000000000,2256.90,2259.70,2256.60,2259.70,7626
1788846840000000000,2260.00,2260.50,2258.10,2259.30,6567
1788846900000000000,2259.30,2260.50,2259.00,2260.50,9878
1788846960000000000,2260.50,2261.60,2258.50,2258.50,10206
1788847020000000000,2259.20,2259.50,2258.40,2259.20,2808
1788847080000000000,2259.40,2261.90,2259.40,2261.30,4853
1788847140000000000,2261.60,2262.00,2260.10,2260.60,2966
1788847200000000000,2260.60,2261.20,2260.00,2261.10,6441
1788847260000000000,2261.10,2261.10,2260.50,2260.60,680
1788847320000000000,2260.90,2260.90,2260.50,2260.90,1570
1788847380000000000,2260.90,2260.90,2257.10,2260.40,19800
1788847440000000000,2260.60,2262.30,2260.40,2262.30,3828
1788847500000000000,2262.50,2264.40,2262.50,2263.00,4539
1788847560000000000,2263.00,2263.20,2262.70,2263.20,1631
1788847620000000000,2263.20,2266.30,2263.20,2266.00,3386
1788847680000000000,2266.10,2267.20,2266.00,2266.50,2467
1788847740000000000,2266.50,2268.00,2265.10,2268.00,14593
1788847800000000000,2267.90,2270.30,2267.40,2268.60,32915
1788847860000000000,2269.30,2271.20,2268.90,2270.70,7502
1788847920000000000,2270.80,2273.50,2270.40,2272.40,4570
1788847980000000000,2272.40,2272.80,2270.10,2270.20,2646
1788848040000000000,2270.20,2271.00,2270.10,2270.90,4367
1788848100000000000,2271.00,2272.00,2270.50,2272.00,4291
1788848160000000000,2272.00,2272.30,2271.50,2272.30,5042
1788848220000000000,2272.00,2272.20,2270.30,2270.70,3835
1788848280000000000,2271.10,2271.10,2270.00,2270.30,2143
1788848340000000000,2270.60,2270.60,2270.00,2270.30,2202
1788848400000000000,2270.30,2270.30,2269.20,2270.00,18842
1788848460000000000,2270.00,2271.00,2269.20,2270.90,7125
1788848520000000000,2270.90,2271.10,2270.00,2271.10,5029
1788848580000000000,2271.00,2271.10,2270.50,2270.50,2420
1788848640000000000,2270.80,2270.80,2269.80,2270.20,4003
1788848700000000000,2270.20,2270.20,2269.60,2270.10,22359
1788848760000000000,2270.10,2270.10,2269.30,2270.00,25189
1788848820000000000,2270.10,2271.00,2269.80,2270.30,5128
1788848880000000000,2270.50,2272.50,2270.30,2272.00,7795
1788848940000000000,2272.40,2272.40,2271.10,2271.10,2547
1788849000000000000,2271.30,2271.50,2269.10,2270.00,4251
1788849060000000000,2270.10,2270.10,2269.50,2270.00,3827
1788849120000000000,2270.10,2270.10,2270.00,2270.00,2292
1788849180000000000,2270.10,2270.10,2269.60,2269.60,2678
1788849240000000000,2270.10,2270.10,2269.50,2270.00,10594
1788849300000000000,2270.00,2270.10,2265.30,2266.80,6650
1788849360000000000,2267.00,2267.00,2266.00,2266.70,1331
1788849420000000000,2266.70,2266.80,2265.60,2265.60,2290
1788849480000000000,2265.90,2266.80,2264.90,2266.80,6149
1788849540000000000,2266.80,2267.50,2266.60,2267.00,2066
1788849600000000000,2267.00,2267.20,2266.60,2266.60,1137
1788849660000000000,2266.80,2266.90,2266.20,2266.20,1302
1788849720000000000,2266.30,2269.10,2265.10,2268.10,10889
1788849780000000000,2268.40,2268.40,2266.00,2266.10,1562
1788849840000000000,2266.30,2266.30,2265.10,2265.10,1051
1788849900000000000,2265.30,2265.50,2264.30,2264.90,633
1788849960000000000,2265.00,2267.00,2264.30,2267.00,3971
1788850020000000000,2267.50,2268.70,2267.10,2268.70,3714
1788850080000000000,2269.00,2269.00,2268.50,2269.00,1569
1788850140000000000,2269.00,2269.00,2268.50,2268.80,1255
1788850200000000000,2268.80,2268.80,2268.50,2268.70,2044
1788850260000000000,2268.80,2268.80,2268.50,2268.70,945
1788850320000000000,2268.70,2270.00,2268.40,2269.70,2897
1788850380000000000,2269.50,2271.50,2268.80,2271.20,3149
1788850440000000000,2271.50,2272.00,2271.10,2271.70,1970
1788850500000000000,2271.70,2272.00,2271.60,2271.90,1985
1788850560000000000,2272.00,2272.00,2270.20,2270.70,1402
1788850620000000000,2270.70,2270.70,2269.80,2269.80,1004
1788850680000000000,2270.30,2271.00,2269.00,2270.30,2081
1788850740000000000,2270.70,2270.90,2269.80,2270.90,1979
1788850800000000000,2270.90,2271.20,2270.90,2271.00,3095
1788850860000000000,2271.10,2271.10,2269.20,2270.10,1732
1788850920000000000,2270.00,2271.80,2269.20,2271.60,3927
1788850980000000000,2271.60,2271.70,2270.10,2270.80,1362
1788851040000000000,2270.80,2270.80,2270.00,2270.60,610
1788851100000000000,2270.60,2271.00,2270.40,2270.80,3083
1788851160000000000,2270.80,2271.60,2270.70,2270.70,1229
1788851220000000000,2270.90,2272.40,2270.70,2271.70,3298
1788851280000000000,2271.70,2271.70,2271.00,2271.30,955
1788851340000000000,2271.30,2271.30,2270.00,2270.80,1851
1788851400000000000,2270.40,2271.00,2269.90,2270.00,2931
1788851460000000000,2270.20,2270.20,2269.60,2269.90,8993
1788851520000000000,2270.00,2270.10,2269.10,2269.60,9091
1788851580000000000,2269.30,2270.10,2268.50,2270.00,23577
1788851640000000000,2269.50,2269.90,2268.80,2268.80,897
1788851700000000000,2269.00,2269.00,2268.00,2268.70,3374
1788851760000000000,2269.00,2269.00,2268.20,2268.80,1277
1788851820000000000,2268.70,2269.10,2268.30,2268.40,1068
1788851880000000000,2268.80,2268.80,2268.20,2268.30,281
1788851940000000000,2268.20,2271.10,2267.50,2270.10,7600
1788852000000000000,2270.30,2270.50,2269.90,2269.90,963
1788852060000000000,2269.90,2269.90,2268.20,2268.60,1305
1788852120000000000,2268.60,2268.60,2267.50,2267.50,867
1788852180000000000,2267.60,2269.20,2267.50,2268.70,7260
1788852240000000000,2268.70,2269.00,2267.60,2268.30,2343
1788852300000000000,2268.10,2268.40,2268.00,2268.40,1684
1788852360000000000,2268.40,2270.00,2267.90,2268.00,5785
1788852420000000000,2268.00,2269.40,2267.90,2268.40,1449
1788852480000000000,2268.50,2268.70,2268.00,2268.10,1769
1788852540000000000,2268.10,2268.10,2267.40,2267.90,1832
1788852600000000000,2267.80,2269.00,2267.80,2268.90,2333
1788852660000000000,2268.90,2268.90,2268.10,2268.10,973
1788852720000000000,2268.50,2269.30,2267.90,2268.70,1310
1788852780000000000,2268.60,2269.00,2268.00,2268.00,852
1788852840000000000,2268.60,2268.60,2266.80,2268.10,1497
1788852900000000000,2268.10,2268.40,2267.80,2268.30,4003
1788852960000000000,2268.50,2268.50,2267.20,2268.00,1446
1788853020000000000,2268.20,2268.70,2267.00,2268.70,4435
1788853080000000000,2268.70,2268.70,2268.30,2268.30,615
1788853140000000000,2268.60,2270.00,2268.60,2270.00,4642
1788853200000000000,2270.00,2271.90,2269.70,2271.00,4128
1788853260000000000,2271.00,2271.00,2270.20,2270.70,1161
1788853320000000000,2270.80,2270.80,2269.70,2270.40,561
1788853380000000000,2270.50,2271.00,2270.30,2270.90,2190
1788853440000000000,2270.90,2272.00,2270.50,2272.00,2273
1788853500000000000,2272.00,2272.00,2271.40,2271.40,1704
1788853560000000000,2271.30,2271.40,2270.40,2270.60,1106
1788853620000000000,2270.60,2271.50,2270.60,2270.80,2712
1788853680000000000,2270.90,2272.40,2270.50,2272.30,3427
1788853740000000000,2272.20,2274.50,2272.00,2274.50,5316
1788853800000000000,2274.50,2274.50,2272.00,2273.20,6645
1788853860000000000,2273.20,2273.20,2272.20,2272.50,571
1788853920000000000,2272.40,2272.50,2271.70,2272.20,845
1788853980000000000,2272.20,2272.20,2271.60,2272.20,2236
1788854040000000000,2272.00,2273.00,2271.60,2273.00,1124
1788854100000000000,2273.00,2273.00,2272.00,2272.00,1621
1788854160000000000,2272.20,2272.30,2271.00,2271.00,1173
1788854220000000000,2271.30,2271.40,2270.20,2271.20,1148
1788854280000000000,2271.20,2272.00,2270.30,2270.30,4149
1788854340000000000,2271.30,2271.30,2270.50,2271.20,1038
1788854400000000000,2271.00,2271.30,2270.90,2270.90,771
1788854460000000000,2271.30,2272.80,2270.80,2271.30,3796
1788854520000000000,2271.30,2271.60,2270.80,2270.80,717
1788854580000000000,2271.00,2272.00,2270.60,2271.10,5044
1788854640000000000,2271.50,2271.50,2270.80,2270.80,1148
1788854700000000000,2271.20,2271.70,2270.80,2271.70,4454
1788854760000000000,2271.70,2271.70,2271.30,2271.60,741
1788854820000000000,2271.60,2271.60,2271.00,2271.40,1838
1788854880000000000,2271.30,2271.30,2269.60,2269.70,6023
1788854940000000000,2270.40,2270.40,2268.10,2269.40,5626
1788855000000000000,2269.40,2271.50,2269.20,2269.70,4665
1788855060000000000,2270.00,2270.40,2267.70,2267.90,9852
1788855120000000000,2269.00,2270.40,2268.60,2270.40,2732
1788855180000000000,2270.40,2271.50,2270.10,2270.30,980
1788855240000000000,2270.80,2270.80,2270.00,2270.80,1041
1788855300000000000,2270.80,2270.80,2270.00,2270.30,1200
1788855360000000000,2270.20,2271.50,2270.20,2271.30,3660
1788855420000000000,2271.50,2271.50,2271.20,2271.30,841
1788855480000000000,2271.30,2272.00,2270.50,2270.70,4175
1788855540000000000,2270.80,2271.10,2270.10,2270.10,1405
1788855600000000000,2270.70,2270.70,2268.60,2268.70,1775
1788855660000000000,2269.30,2269.30,2267.50,2267.80,1187
1788855720000000000,2267.90,2269.20,2267.80,2268.50,4815
1788855780000000000,2268.60,2268.60,2268.20,2268.60,875
1788855840000000000,2268.60,2268.90,2268.30,2268.80,3758
1788855900000000000,2268.70,2268.90,2268.60,2268.70,471
1788855960000000000,2268.70,2268.70,2268.30,2268.30,912
1788856020000000000,2268.60,2270.30,2268.20,2270.00,4610
1788856080000000000,2269.90,2269.90,2269.00,2269.50,1493
1788856140000000000,2269.50,2270.40,2269.30,2270.00,2234
1788856200000000000,2270.00,2270.00,2269.50,2269.60,2542
1788856260000000000,2269.80,2269.80,2269.50,2269.50,998
1788856320000000000,2269.60,2269.60,2267.00,2267.00,2868
1788856380000000000,2267.30,2269.00,2267.00,2268.60,202236
1788856440000000000,2268.80,2269.70,2268.50,2269.00,9049
1788856500000000000,2269.00,2270.40,2268.90,2270.40,5985
1788856560000000000,2269.70,2270.60,2269.20,2270.00,4047
1788856620000000000,2270.00,2270.00,2268.70,2268.80,8469
1788856680000000000,2268.80,2268.80,2267.20,2268.00,1768
1788856740000000000,2268.00,2268.00,2267.50,2268.00,1684
1788856800000000000,2268.00,2268.00,2267.20,2267.40,1710
1788856860000000000,2267.40,2268.20,2267.20,2268.20,5646
1788856920000000000,2268.50,2268.60,2268.20,2268.50,1201
1788856980000000000,2268.50,2268.50,2268.20,2268.50,1245
1788857040000000000,2268.40,2268.50,2268.00,2268.20,939
1788857100000000000,2268.20,2268.30,2267.20,2268.00,3910
1788857160000000000,2268.00,2269.00,2268.00,2268.50,2773
1788857220000000000,2268.70,2268.90,2268.00,2268.30,686
1788857280000000000,2268.10,2268.30,2267.00,2267.00,2849
1788857340000000000,2267.60,2267.60,2267.00,2267.00,1588
1788857400000000000,2267.20,2267.50,2266.40,2267.30,4292
1788857460000000000,2267.40,2267.40,2266.60,2266.60,1652
1788857520000000000,2267.00,2267.20,2266.60,2267.00,2303
1788857580000000000,2267.10,2268.20,2266.90,2266.90,3892
1788857640000000000,2267.00,2267.10,2266.00,2266.50,1604
1788857700000000000,2266.90,2266.90,2265.60,2265.90,3626
1788857760000000000,2265.90,2265.90,2265.00,2265.50,1866
1788857820000000000,2265.50,2265.70,2265.00,2265.00,3126
1788857880000000000,2265.00,2266.20,2265.00,2265.60,2455
1788857940000000000,2265.60,2266.60,2265.60,2266.30,4809
1788858000000000000,2266.30,2266.60,2266.00,2266.00,1028
1788858060000000000,2266.10,2266.10,2265.80,2266.00,733
1788858120000000000,2266.00,2266.00,2265.10,2265.40,2879
1788858180000000000,2265.70,2265.80,2265.00,2265.00,3132
1788858240000000000,2265.30,2265.90,2264.70,2265.50,3584
1788858300000000000,2265.60,2265.70,2264.30,2264.30,1663
1788858360000000000,2264.80,2264.80,2263.20,2264.00,3189
1788858420000000000,2264.40,2264.90,2263.60,2264.30,1829
1788858480000000000,2264.60,2265.80,2263.60,2263.60,10465
1788858540000000000,2263.30,2263.80,2263.20,2263.70,2115
1788858600000000000,2263.70,2263.70,2263.40,2263.70,1343
1788858660000000000,2263.70,2263.70,2263.50,2263.70,4165
1788858720000000000,2263.70,2264.10,2263.60,2264.00,2210
1788858780000000000,2264.10,2264.10,2263.90,2263.90,1416
1788858840000000000,2264.00,2264.40,2263.90,2264.10,2559
1788858900000000000,2264.20,2264.20,2263.50,2263.50,1223
1788858960000000000,2263.50,2263.50,2262.20,2262.50,5064
1788859020000000000,2263.00,2263.70,2262.60,2263.30,2384
1788859080000000000,2263.40,2263.60,2262.90,2263.40,2106
1788859140000000000,2263.50,2264.40,2262.10,2263.30,4876
1788859200000000000,2263.90,2264.40,2263.20,2263.80,2647
1788859260000000000,2263.90,2264.00,2263.10,2263.90,3159
1788859320000000000,2263.70,2263.90,2263.10,2263.80,1394
1788859380000000000,2263.90,2264.20,2263.30,2264.00,6592
1788859440000000000,2264.10,2265.30,2263.60,2264.10,7248
1788859500000000000,2264.20,2264.20,2263.60,2263.90,3535
1788859560000000000,2263.90,2263.90,2263.50,2263.60,2348
1788859620000000000,2263.60,2263.60,2263.10,2263.20,5165
1788859680000000000,2263.20,2263.20,2262.20,2262.20,6538
1788859740000000000,2262.30,2262.40,2262.10,2262.40,3574
1788859800000000000,2262.40,2262.50,2261.40,2262.30,9174
1788859860000000000,2262.30,2263.40,2261.40,2263.00,7840
1788859920000000000,2263.20,2263.20,2261.60,2262.10,5912
1788859980000000000,2262.10,2262.10,2260.50,2260.60,7366
1788860040000000000,2261.20,2262.50,2260.70,2261.20,12644
1788860100000000000,2261.00,2265.60,2260.60,2261.20,22506
1788860160000000000,2261.20,2261.90,2260.70,2261.50,14915
1788860220000000000,2261.50,2261.50,2260.70,2260.80,10047
1788860280000000000,2260.80,2260.90,2260.50,2260.60,9682
1788860340000000000,2260.80,2262.00,2260.00,2261.50,18037
1788860400000000000,2261.50,2265.80,2261.20,2261.70,23473
1788860460000000000,2261.70,2263.10,2260.70,2261.20,10404
1788860520000000000,2261.20,2267.30,2261.10,2262.90,25342
1788860580000000000,2263.80,2263.80,2260.00,2261.50,14162
1788860640000000000,2261.50,2263.00,2260.00,2262.00,12917
1788860700000000000,2262.00,2262.00,2262.00,2262.00,0
1788860760000000000,2262.00,2262.00,2262.00,2262.00,0
1788860820000000000,2262.00,2262.00,2262.00,2262.00,0
1788860880000000000,2262.00,2262.00,2262.00,2262.00,0
1788860940000000000,2262.00,2262.00,2262.00,2262.00,0
1788861000000000000,2262.00,2262.00,2262.00,2262.00,0
1788861060000000000,2262.00,2262.00,2262.00,2262.00,0
1788861120000000000,2262.00,2262.00,2262.00,2262.00,0
1788861180000000000,2262.00,2262.00,2262.00,2262.00,0
1788861240000000000,2262.00,2262.00,2262.00,2262.00,0
1788861300000000000,2262.00,2262.00,2262.00,2262.00,0
1788861360000000000,2262.00,2262.00,2262.00,2262.00,0
1788861420000000000,2262.00,2262.00,2262.00,2262.00,0
1788861480000000000,2262.00,2262.00,2262.00,2262.00,0
1788861540000000000,2255.50,2255.50,2255.50,2255.50,184192
1788925500000000000,2237.00,2237.00,2206.60,2207.50,95707
1788925560000000000,2207.10,2213.00,2197.40,2207.90,62867
1788925620000000000,2208.00,2217.10,2207.00,2215.50,22356
1788925680000000000,2215.80,2222.00,2215.10,2217.60,19165
1788925740000000000,2217.60,2217.60,2207.10,2209.40,23396
1788925800000000000,2208.80,2210.00,2203.30,2205.90,17810
1788925860000000000,2206.30,2211.70,2205.30,2209.60,14224
1788925920000000000,2209.60,2213.10,2207.50,2209.70,15774
1788925980000000000,2210.40,2210.90,2206.80,2209.60,9788
1788926040000000000,2210.00,2210.00,2205.40,2207.90,16069
1788926100000000000,2207.90,2207.90,2201.50,2202.20,21179
1788926160000000000,2202.20,2205.00,2201.30,2201.40,19153
1788926220000000000,2201.70,2202.60,2199.40,2200.00,40219
1788926280000000000,2200.10,2201.70,2196.00,2197.70,24519
1788926340000000000,2197.40,2197.80,2193.20,2196.10,31766
1788926400000000000,2196.10,2200.10,2195.30,2197.80,17777
1788926460000000000,2198.10,2203.00,2197.50,2198.50,10181
1788926520000000000,2198.50,2201.10,2197.10,2198.90,20119
1788926580000000000,2199.20,2199.50,2196.00,2197.60,9107
1788926640000000000,2197.80,2201.00,2197.10,2199.40,5741
1788926700000000000,2199.60,2200.30,2198.00,2200.00,6543
1788926760000000000,2200.00,2202.80,2199.00,2202.10,7566
1788926820000000000,2202.10,2209.00,2202.00,2207.20,14155
1788926880000000000,2207.10,2209.00,2204.50,2208.00,10549
1788926940000000000,2208.50,2208.50,2205.80,2206.60,5173
1788927000000000000,2206.60,2207.40,2204.80,2206.50,7947
1788927060000000000,2206.50,2207.00,2204.30,2205.70,4813
1788927120000000000,2205.80,2207.00,2204.90,2207.00,5187
1788927180000000000,2207.00,2211.00,2206.30,2209.70,13991
1788927240000000000,2209.60,2210.00,2207.40,2208.20,5559
1788927300000000000,2208.80,2208.80,2202.40,2203.10,12918
1788927360000000000,2203.90,2204.40,2198.00,2198.60,20504
1788927420000000000,2199.00,2199.50,2193.80,2195.20,33113
1788927480000000000,2195.50,2199.20,2193.70,2199.20,9904
1788927540000000000,2198.60,2200.00,2197.00,2197.60,7566
1788927600000000000,2198.20,2202.50,2197.80,2200.50,18176
1788927660000000000,2200.50,2200.90,2199.20,2200.00,7891
1788927720000000000,2200.10,2203.80,2200.00,2203.60,13470
1788927780000000000,2203.60,2205.70,2202.40,2204.70,11896
1788927840000000000,2204.70,2204.80,2202.80,2203.00,5215
1788927900000000000,2203.00,2203.00,2201.00,2201.30,6100
1788927960000000000,2202.20,2202.30,2200.30,2201.40,4112
1788928020000000000,2201.40,2204.00,2201.40,2203.30,9386
1788928080000000000,2203.70,2205.50,2203.30,2205.40,6738
1788928140000000000,2205.10,2205.10,2202.70,2202.90,5140
1788928200000000000,2203.40,2203.40,2202.00,2202.10,5523
1788928260000000000,2202.10,2204.00,2202.10,2203.00,6476
1788928320000000000,2203.00,2203.90,2202.40,2203.80,6066
1788928380000000000,2203.70,2203.90,2201.10,2202.30,5292
1788928440000000000,2203.00,2204.20,2202.30,2203.40,6006
1788928500000000000,2203.40,2204.00,2202.60,2203.90,3610
1788928560000000000,2204.00,2204.40,2203.10,2203.50,3062
1788928620000000000,2203.50,2203.90,2202.00,2203.10,5702
1788928680000000000,2203.50,2203.70,2202.20,2203.30,2338
1788928740000000000,2203.30,2205.80,2202.80,2205.00,8477
1788928800000000000,2204.90,2205.50,2203.90,2205.00,4790
1788928860000000000,2204.60,2205.60,2204.60,2205.40,7603
1788928920000000000,2205.30,2205.50,2204.00,2204.70,7057
1788928980000000000,2204.70,2207.40,2204.00,2207.00,8084
1788929040000000000,2207.00,2207.40,2204.60,2205.80,4535
1788929100000000000,2205.80,2206.80,2205.10,2205.70,2875
1788929160000000000,2205.70,2206.80,2204.70,2206.30,3176
1788929220000000000,2206.30,2207.60,2206.00,2207.60,4025
1788929280000000000,2207.60,2209.00,2205.80,2206.80,5573
1788929340000000000,2206.80,2207.50,2206.00,2206.10,3568
1788929400000000000,2206.70,2208.60,2206.20,2207.40,5468
1788929460000000000,2207.40,2208.10,2207.00,2207.10,2521
1788929520000000000,2207.70,2207.70,2205.10,2205.90,6214
1788929580000000000,2205.90,2207.90,2205.00,2207.90,5150
1788929640000000000,2207.90,2210.00,2207.00,2208.80,8507
1788929700000000000,2208.80,2209.20,2207.30,2208.40,3564
1788929760000000000,2209.10,2211.80,2208.90,2210.90,9801
1788929820000000000,2210.90,2211.00,2208.90,2210.00,8192
1788929880000000000,2210.00,2210.30,2207.00,2207.30,7521
1788929940000000000,2207.60,2208.80,2207.10,2207.10,4154
1788930000000000000,2207.60,2208.00,2205.60,2206.20,4194
1788930060000000000,2206.10,2206.10,2205.00,2206.00,4034
1788930120000000000,2206.00,2206.80,2204.50,2206.30,5156
1788930180000000000,2206.30,2206.70,2205.30,2206.40,2573
1788930240000000000,2206.40,2206.40,2205.00,2205.40,3569
1788930300000000000,2205.40,2205.70,2204.40,2205.30,3973
1788930360000000000,2205.50,2205.60,2204.40,2205.10,3009
1788930420000000000,2205.10,2205.10,2204.00,2204.50,2740
1788930480000000000,2204.50,2205.50,2203.00,2204.00,6376
1788930540000000000,2204.10,2204.20,2202.50,2203.20,4023
1788930600000000000,2203.20,2203.30,2200.20,2200.60,10261
1788930660000000000,2200.80,2204.80,2194.00,2197.40,71594
1788930720000000000,2197.50,2201.10,2195.00,2197.80,47093
1788930780000000000,2197.80,2201.80,2196.70,2200.30,9305
1788930840000000000,2200.30,2202.30,2199.60,2201.70,5200
1788930900000000000,2201.70,2201.90,2199.10,2200.10,7535
1788930960000000000,2200.50,2201.70,2200.10,2201.00,4500
1788931020000000000,2200.50,2202.20,2200.00,2200.80,7423
1788931080000000000,2200.80,2201.80,2199.70,2201.50,5519
1788931140000000000,2201.80,2202.00,2200.60,2202.00,4511
1788931200000000000,2202.00,2202.10,2198.20,2199.00,4220
1788931260000000000,2199.00,2200.00,2198.00,2199.00,3017
1788931320000000000,2199.80,2200.70,2198.60,2200.20,3918
1788931380000000000,2200.60,2201.00,2199.00,2200.30,4619
1788931440000000000,2200.30,2201.30,2198.60,2199.40,3676
1788931500000000000,2199.40,2200.20,2198.70,2200.20,3014
1788931560000000000,2200.20,2200.20,2199.40,2199.90,1559
1788931620000000000,2199.90,2200.00,2199.50,2199.50,1811
1788931680000000000,2199.80,2200.70,2199.50,2200.30,4158
1788931740000000000,2200.30,2201.00,2199.70,2200.50,2434
1788931800000000000,2200.50,2200.70,2199.70,2200.10,2949
1788931860000000000,2200.30,2201.50,2200.00,2200.60,4218
1788931920000000000,2200.60,2201.50,2200.10,2201.40,1406
1788931980000000000,2201.40,2201.40,2200.60,2200.80,3153
1788932040000000000,2200.80,2201.20,2199.70,2200.50,3439
1788932100000000000,2200.50,2201.30,2199.50,2200.20,4120
1788932160000000000,2200.20,2200.90,2199.10,2200.00,1794
1788932220000000000,2200.00,2201.40,2199.50,2201.20,3997
1788932280000000000,2201.30,2201.30,2199.50,2199.70,3635
1788932340000000000,2199.70,2201.10,2199.60,2200.00,2903
1788932400000000000,2200.40,2200.40,2198.40,2198.50,10336
1788932460000000000,2198.60,2199.30,2198.00,2198.60,4446
1788932520000000000,2198.90,2200.60,2198.30,2200.00,2868
1788932580000000000,2200.00,2200.70,2198.30,2198.30,4208
1788932640000000000,2198.60,2200.00,2198.00,2198.80,31049
1788932700000000000,2198.40,2199.90,2198.00,2199.90,7817
1788932760000000000,2199.90,2200.00,2198.80,2199.00,3428
1788932820000000000,2199.40,2199.40,2197.70,2198.90,3206
1788932880000000000,2198.80,2199.00,2197.90,2198.20,2932
1788932940000000000,2198.20,2198.90,2197.00,2198.20,4559
1788933000000000000,2198.90,2199.90,2197.20,2197.60,4812
1788933060000000000,2197.40,2198.20,2196.20,2197.20,5487
1788933120000000000,2197.30,2197.50,2196.10,2196.60,3860
1788933180000000000,2196.60,2196.70,2196.00,2196.40,6283
1788933240000000000,2196.40,2196.70,2195.60,2196.40,4230
1788933300000000000,2196.50,2196.60,2195.60,2196.60,3538
1788933360000000000,2196.60,2196.60,2195.60,2196.00,3964
1788933420000000000,2196.00,2196.20,2195.60,2196.10,4869
1788933480000000000,2196.10,2196.50,2195.90,2196.30,2613
1788933540000000000,2196.40,2196.70,2196.00,2196.60,2092
1788933600000000000,2196.60,2196.90,2195.00,2196.00,6271
1788933660000000000,2196.00,2196.60,2195.60,2196.00,2431
1788933720000000000,2196.00,2196.00,2194.00,2195.30,9121
1788933780000000000,2195.30,2195.50,2193.50,2193.80,5543
1788933840000000000,2193.80,2195.20,2193.80,2194.20,3672
1788933900000000000,2194.20,2195.10,2194.10,2195.10,5502
1788933960000000000,2195.30,2196.40,2194.20,2195.20,5998
1788934020000000000,2195.20,2195.90,2194.80,2195.20,4132
1788934080000000000,2195.20,2195.70,2195.00,2195.30,3275
1788934140000000000,2195.30,2196.90,2194.50,2196.90,10958
1788934200000000000,2197.00,2198.30,2196.30,2198.10,11256
1788934260000000000,2198.30,2200.30,2198.00,2200.00,16257
1788934320000000000,2200.30,2200.50,2199.60,2200.30,29541
1788934380000000000,2200.30,2203.60,2200.00,2201.90,8030
1788934440000000000,2202.80,2203.30,2202.70,2202.80,2380
1788934500000000000,2203.00,2203.00,2201.90,2202.50,1879
1788934560000000000,2202.50,2206.80,2202.50,2206.80,9597
1788934620000000000,2206.90,2210.00,2206.70,2208.00,12821
1788934680000000000,2208.00,2208.00,2205.50,2205.60,6807
1788934740000000000,2206.00,2206.30,2205.00,2205.10,3698
1788934800000000000,2205.10,2205.60,2204.10,2204.10,1982
1788934860000000000,2204.30,2204.30,2203.70,2203.70,2031
1788934920000000000,2203.90,2204.00,2203.20,2203.70,2260
1788934980000000000,2203.70,2203.90,2203.20,2203.90,1951
1788935040000000000,2203.90,2203.90,2203.00,2203.80,1845
1788935100000000000,2203.80,2203.80,2202.40,2202.40,2018
1788935160000000000,2202.50,2203.00,2201.50,2202.20,4183
1788935220000000000,2202.50,2203.00,2201.90,2202.30,3620
1788935280000000000,2202.90,2202.90,2201.60,2202.00,1723
1788935340000000000,2202.00,2202.00,2201.00,2201.10,2875
1788935400000000000,2201.10,2201.40,2200.00,2200.00,37136
1788935460000000000,2200.10,2200.70,2200.00,2200.50,4062
1788935520000000000,2200.50,2202.00,2200.50,2201.10,2504
1788935580000000000,2201.30,2202.50,2200.60,2201.20,3132
1788935640000000000,2201.20,2201.30,2200.40,2201.00,856
1788935700000000000,2200.90,2201.00,2200.20,2200.70,1016
1788935760000000000,2200.70,2201.20,2200.40,2201.20,1723
1788935820000000000,2201.20,2202.00,2200.80,2201.00,9507
1788935880000000000,2201.50,2201.90,2201.00,2201.80,1222
1788935940000000000,2201.80,2202.00,2200.30,2200.30,5547
1788936000000000000,2201.00,2201.10,2200.10,2201.10,1544
1788936060000000000,2201.10,2201.50,2200.60,2201.30,774
1788936120000000000,2201.30,2201.50,2200.70,2201.50,1966
1788936180000000000,2201.90,2202.60,2201.10,2202.60,2687
1788936240000000000,2202.60,2202.60,2200.70,2201.50,2339
1788936300000000000,2201.50,2201.50,2200.10,2201.20,2294
1788936360000000000,2201.20,2201.80,2200.00,2200.10,4042
1788936420000000000,2200.50,2201.30,2200.00,2200.00,2234
1788936480000000000,2200.10,2201.00,2200.00,2201.00,3743
1788936540000000000,2200.90,2200.90,2200.00,2200.50,1897
1788936600000000000,2200.50,2200.50,2199.60,2200.40,5090
1788936660000000000,2200.40,2200.50,2199.30,2199.60,6096
1788936720000000000,2199.90,2200.10,2198.10,2199.80,10633
1788936780000000000,2199.90,2200.50,2198.90,2200.40,9274
1788936840000000000,2200.40,2200.90,2200.00,2200.90,3439
1788936900000000000,2200.90,2201.60,2200.50,2201.00,7633
1788936960000000000,2201.60,2203.00,2201.50,2202.90,2983
1788937020000000000,2202.90,2202.90,2201.00,2202.30,4126
1788937080000000000,2202.30,2202.50,2202.00,2202.50,2445
1788937140000000000,2202.50,2203.00,2202.00,2202.20,5237
1788937200000000000,2202.60,2202.80,2202.00,2202.40,3319
1788937260000000000,2202.40,2204.90,2202.00,2204.40,7028
1788937320000000000,2204.40,2205.50,2204.10,2205.00,3869
1788937380000000000,2205.00,2207.00,2204.90,2206.60,8380
1788937440000000000,2207.00,2207.20,2204.60,2205.00,5354
1788937500000000000,2205.70,2206.80,2205.00,2206.50,4627
1788937560000000000,2206.50,2206.90,2205.40,2206.90,5311
1788937620000000000,2206.90,2207.50,2205.30,2205.70,5361
1788937680000000000,2206.20,2207.40,2205.20,2206.30,8291
1788937740000000000,2206.80,2207.80,2206.00,2207.10,3449
1788937800000000000,2207.40,2208.00,2207.00,2207.00,3929
1788937860000000000,2207.40,2208.30,2206.00,2207.10,20868
1788937920000000000,2207.40,2207.80,2206.30,2207.20,4489
1788937980000000000,2207.70,2208.90,2207.10,2208.30,5321
1788938040000000000,2209.00,2210.50,2208.90,2210.00,11402
1788938100000000000,2210.40,2210.50,2207.50,2208.70,5088
1788938160000000000,2208.70,2209.50,2208.60,2209.10,4473
1788938220000000000,2209.50,2210.00,2208.00,2209.60,6378
1788938280000000000,2209.60,2211.00,2209.20,2210.80,5806
1788938340000000000,2211.00,2211.00,2209.70,2210.10,4117
1788938400000000000,2210.10,2210.70,2210.00,2210.70,3330
1788938460000000000,2210.70,2211.40,2210.00,2211.00,4405
1788938520000000000,2211.00,2211.90,2210.80,2211.10,3567
1788938580000000000,2211.40,2211.50,2210.00,2210.20,3040
1788938640000000000,2210.20,2211.00,2209.60,2210.00,8720
1788938700000000000,2210.30,2210.50,2210.00,2210.20,3075
1788938760000000000,2210.50,2210.50,2209.50,2210.40,3091
1788938820000000000,2210.40,2211.50,2210.10,2211.20,7913
1788938880000000000,2211.40,2212.00,2210.50,2211.50,6967
1788938940000000000,2211.70,2212.30,2211.50,2211.50,2532
1788939000000000000,2211.90,2212.00,2211.50,2211.80,4307
1788939060000000000,2211.80,2211.80,2210.00,2210.00,2295
1788939120000000000,2210.70,2210.80,2209.50,2210.20,8711
1788939180000000000,2210.20,2211.00,2210.10,2210.30,1856
1788939240000000000,2210.60,2211.00,2210.20,2210.50,1737
1788939300000000000,2210.50,2211.50,2210.00,2210.70,3001
1788939360000000000,2211.40,2212.60,2211.00,2212.60,6573
1788939420000000000,2212.60,2214.90,2212.30,2214.50,7492
1788939480000000000,2214.90,2214.90,2212.10,2214.10,8673
1788939540000000000,2214.10,2214.10,2211.60,2213.30,6375
1788939600000000000,2213.30,2213.40,2211.30,2211.90,2875
1788939660000000000,2212.00,2213.00,2211.30,2211.40,4233
1788939720000000000,2211.80,2212.30,2211.10,2212.00,3248
1788939780000000000,2211.90,2211.90,2210.40,2211.00,2979
1788939840000000000,2211.30,2211.40,2210.30,2211.00,2876
1788939900000000000,2211.30,2211.40,2210.30,2210.30,2456
1788939960000000000,2210.40,2212.60,2210.30,2212.00,8877
1788940020000000000,2212.00,2213.40,2211.00,2213.30,12365
1788940080000000000,2213.40,2213.50,2212.00,2213.10,16811
1788940140000000000,2213.10,2213.10,2211.20,2211.40,3291
1788940200000000000,2211.40,2212.30,2210.50,2211.10,4633
1788940260000000000,2211.10,2213.00,2211.00,2212.00,3714
1788940320000000000,2212.00,2212.60,2210.50,2210.50,3181
1788940380000000000,2210.50,2212.40,2210.00,2212.10,7571
1788940440000000000,2212.10,2213.10,2212.00,2212.60,14247
1788940500000000000,2212.60,2213.30,2212.50,2213.20,5211
1788940560000000000,2213.20,2213.20,2213.00,2213.20,5757
1788940620000000000,2213.20,2213.30,2213.00,2213.20,3187
1788940680000000000,2213.20,2213.70,2212.80,2213.70,9832
1788940740000000000,2213.80,2216.00,2213.40,2215.60,11860
1788940800000000000,2215.60,2215.60,2214.50,2215.40,14254
1788940860000000000,2215.50,2216.00,2215.00,2215.80,4908
1788940920000000000,2215.80,2215.80,2213.30,2214.30,14752
1788940980000000000,2214.30,2214.90,2212.10,2213.00,3801
1788941040000000000,2213.50,2215.40,2213.00,2215.20,9985
1788941100000000000,2215.20,2215.40,2215.00,2215.10,5748
1788941160000000000,2215.40,2215.40,2213.10,2213.70,36198
1788941220000000000,2213.80,2214.60,2213.00,2213.90,2929
1788941280000000000,2213.90,2214.70,2213.00,2213.00,3166
1788941340000000000,2213.20,2214.30,2212.40,2213.40,4104
1788941400000000000,2213.50,2214.20,2213.00,2213.20,3072
1788941460000000000,2213.20,2213.40,2211.60,2212.60,2945
1788941520000000000,2213.00,2213.10,2211.10,2212.20,18129
1788941580000000000,2212.20,2212.70,2210.90,2212.00,5378
1788941640000000000,2211.90,2212.00,2210.70,2211.90,3730
1788941700000000000,2211.90,2212.50,2211.00,2211.10,4105
1788941760000000000,2212.00,2212.00,2211.00,2211.90,4106
1788941820000000000,2211.90,2212.50,2211.10,2212.50,5419
1788941880000000000,2212.50,2212.50,2211.40,2211.90,3602
1788941940000000000,2211.90,2212.50,2211.10,2212.00,2380
1788942000000000000,2212.00,2212.50,2211.20,2211.60,2811
1788942060000000000,2211.60,2211.80,2210.50,2211.20,3131
1788942120000000000,2211.10,2211.50,2210.60,2211.20,3103
1788942180000000000,2211.20,2211.70,2210.60,2211.50,3916
1788942240000000000,2211.50,2211.70,2210.10,2210.60,4513
1788942300000000000,2210.60,2211.20,2210.00,2211.20,5090
1788942360000000000,2211.20,2211.60,2211.00,2211.10,3641
1788942420000000000,2211.50,2211.70,2211.00,2211.60,3069
1788942480000000000,2211.50,2211.90,2211.00,2211.90,4929
1788942540000000000,2211.90,2213.40,2211.00,2213.40,6665
1788942600000000000,2213.40,2213.50,2212.00,2212.30,4989
1788942660000000000,2212.30,2213.00,2212.00,2212.90,5678
1788942720000000000,2212.90,2213.10,2212.00,2213.10,1621
1788942780000000000,2213.10,2213.50,2212.30,2213.10,4564
1788942840000000000,2213.20,2213.20,2212.00,2213.00,2656
1788942900000000000,2213.00,2213.40,2212.80,2213.40,3129
1788942960000000000,2213.40,2213.70,2212.90,2213.50,2854
1788943020000000000,2213.40,2213.70,2212.00,2212.70,8860
1788943080000000000,2212.80,2213.70,2212.00,2213.30,5370
1788943140000000000,2213.60,2213.70,2212.10,2212.90,8198
1788943200000000000,2212.90,2213.00,2211.50,2212.90,10366
1788943260000000000,2213.40,2213.70,2212.20,2213.20,3481
1788943320000000000,2213.20,2213.90,2213.00,2213.90,3021
1788943380000000000,2213.90,2214.00,2212.70,2213.20,2884
1788943440000000000,2213.20,2213.80,2212.10,2213.00,3161
1788943500000000000,2213.00,2213.50,2212.00,2213.00,2657
1788943560000000000,2213.00,2214.00,2212.20,2213.00,4146
1788943620000000000,2213.00,2213.90,2212.50,2213.00,3434
1788943680000000000,2213.00,2213.80,2212.00,2213.60,3109
1788943740000000000,2213.60,2213.80,2212.00,2213.20,3266
1788943800000000000,2213.10,2214.60,2213.00,2214.30,6350
1788943860000000000,2214.30,2216.70,2213.40,2215.90,23261
1788943920000000000,2216.20,2218.00,2215.40,2216.00,15188
1788943980000000000,2216.00,2216.80,2215.20,2215.90,3173
1788944040000000000,2216.00,2216.70,2214.40,2214.90,16032
1788944100000000000,2215.20,2216.60,2214.30,2216.60,11970
1788944160000000000,2216.60,2216.60,2215.10,2216.20,2862
1788944220000000000,2216.20,2216.50,2215.30,2216.00,7016
1788944280000000000,2216.00,2216.40,2215.00,2215.70,3239
1788944340000000000,2215.80,2215.80,2214.50,2214.90,12718
1788944400000000000,2215.00,2215.00,2212.80,2214.00,7654
1788944460000000000,2214.00,2215.00,2212.80,2214.60,18781
1788944520000000000,2214.70,2215.40,2214.40,2215.20,5843
1788944580000000000,2215.10,2215.60,2214.50,2215.50,7930
1788944640000000000,2215.50,2215.60,2214.10,2215.00,8468
1788944700000000000,2215.00,2215.00,2214.80,2214.80,4722
1788944760000000000,2215.00,2215.20,2214.00,2214.40,7270
1788944820000000000,2214.40,2214.60,2212.60,2213.00,3784
1788944880000000000,2213.20,2214.00,2212.30,2213.00,3567
1788944940000000000,2213.50,2213.50,2212.50,2213.00,2389
1788945000000000000,2213.20,2213.30,2212.30,2213.10,5221
1788945060000000000,2213.20,2213.90,2212.90,2213.10,3506
1788945120000000000,2213.60,2214.00,2212.00,2212.50,7368
1788945180000000000,2213.20,2213.30,2212.20,2213.10,7758
1788945240000000000,2213.10,2213.20,2212.60,2213.20,2955
1788945300000000000,2213.20,2213.40,2212.00,2213.00,10763
1788945360000000000,2213.10,2213.30,2212.40,2213.10,2872
1788945420000000000,2213.10,2213.10,2212.00,2213.10,10508
1788945480000000000,2213.10,2213.20,2212.00,2212.50,10380
1788945540000000000,2213.10,2213.20,2212.30,2213.10,4063
1788945600000000000,2213.10,2213.90,2212.00,2213.80,11048
1788945660000000000,2213.80,2213.90,2212.80,2213.60,4420
1788945720000000000,2213.60,2214.50,2213.00,2214.00,6565
1788945780000000000,2214.00,2215.40,2213.70,2214.10,14023
1788945840000000000,2214.80,2215.40,2213.00,2213.50,9391
1788945900000000000,2214.00,2215.20,2213.00,2213.60,24901
1788945960000000000,2213.60,2214.50,2213.10,2213.50,6702
1788946020000000000,2213.70,2214.80,2213.50,2214.20,4741
1788946080000000000,2214.40,2215.10,2214.00,2214.60,5501
1788946140000000000,2214.60,2214.90,2213.80,2214.50,3715
1788946200000000000,2214.50,2214.80,2213.50,2214.20,8118
1788946260000000000,2214.20,2214.70,2213.20,2213.80,11037
1788946320000000000,2213.80,2213.90,2213.00,2213.60,11902
1788946380000000000,2213.60,2213.80,2212.00,2213.60,38518
1788946440000000000,2213.60,2213.70,2210.10,2210.70,17910
1788946500000000000,2210.70,2211.60,2208.20,2210.40,23148
1788946560000000000,2210.40,2210.90,2209.00,2210.60,12773
1788946620000000000,2210.60,2211.30,2210.20,2211.10,12739
1788946680000000000,2211.20,2212.60,2209.40,2210.50,35649
1788946740000000000,2210.70,2211.50,2208.90,2210.00,69051
1788946800000000000,2210.00,2211.00,2209.10,2210.00,45490
1788946860000000000,2210.40,2210.40,2208.50,2210.10,149510
1788946920000000000,2210.00,2211.00,2208.50,2210.10,81577
1788946980000000000,2210.10,2211.00,2209.40,2210.10,72081
1788947040000000000,2210.10,2212.00,2210.00,2211.00,23250
1788947100000000000,2211.00,2211.00,2211.00,2211.00,0
1788947160000000000,2211.00,2211.00,2211.00,2211.00,0
1788947220000000000,2211.00,2211.00,2211.00,2211.00,0
1788947280000000000,2211.00,2211.00,2211.00,2211.00,0
1788947340000000000,2211.00,2211.00,2211.00,2211.00,0
1788947400000000000,2211.00,2211.00,2211.00,2211.00,0
1788947460000000000,2211.00,2211.00,2211.00,2211.00,0
1788947520000000000,2211.00,2211.00,2211.00,2211.00,0
1788947580000000000,2211.00,2211.00,2211.00,2211.00,0
1788947640000000000,2211.00,2211.00,2211.00,2211.00,0
1788947700000000000,2211.00,2211.00,2211.00,2211.00,0
1788947760000000000,2211.00,2211.00,2211.00,2211.00,0
1788947820000000000,2211.00,2211.00,2211.00,2211.00,0
1788947880000000000,2208.00,2208.00,2208.00,2208.00,153772
1788947940000000000,2208.00,2208.00,2208.00,2208.00,0
1789011900000000000,2199.00,2206.60,2192.40,2204.70,62898
1789011960000000000,2204.70,2204.70,2200.20,2202.40,34599
1789012020000000000,2202.00,2214.10,2202.00,2213.30,30031
1789012080000000000,2213.30,2217.20,2210.00,2216.60,15845
1789012140000000000,2216.60,2220.90,2216.00,2218.00,18468
1789012200000000000,2218.50,2219.40,2208.80,2212.00,26025
1789012260000000000,2212.00,2217.40,2211.50,2213.30,26264
1789012320000000000,2213.90,2214.00,2208.20,2211.60,40349
1789012380000000000,2211.60,2214.80,2206.60,2213.60,18930
1789012440000000000,2214.70,2215.10,2212.40,2215.00,23279
1789012500000000000,2215.00,2215.00,2209.10,2210.80,9435
1789012560000000000,2211.20,2213.20,2210.50,2213.20,5073
1789012620000000000,2213.20,2213.40,2208.50,2210.40,26097
1789012680000000000,2210.20,2214.00,2209.80,2213.80,12010
1789012740000000000,2213.80,2213.90,2210.90,2212.10,12836
1789012800000000000,2212.10,2213.20,2210.70,2211.00,26017
1789012860000000000,2211.10,2211.20,2205.00,2206.90,12624
1789012920000000000,2206.80,2212.10,2205.80,2212.10,10211
1789012980000000000,2212.50,2220.40,2211.30,2220.40,26580
1789013040000000000,2220.40,2224.70,2219.90,2224.00,16481
1789013100000000000,2223.90,2227.90,2223.30,2226.00,18287
1789013160000000000,2226.40,2227.80,2225.10,2227.60,12199
1789013220000000000,2227.30,2229.40,2225.40,2229.00,17327
1789013280000000000,2229.50,2231.20,2224.00,2226.90,33969
1789013340000000000,2226.10,2226.80,2222.80,2224.00,14524
1789013400000000000,2224.00,2229.20,2223.40,2228.40,13005
1789013460000000000,2229.00,2232.00,2228.80,2230.50,12624
1789013520000000000,2230.70,2232.00,2226.80,2228.00,12724
1789013580000000000,2228.00,2228.70,2226.20,2226.30,18871
1789013640000000000,2227.00,2229.50,2225.60,2228.30,5766
1789013700000000000,2228.30,2229.90,2227.50,2228.50,7900
1789013760000000000,2228.50,2228.70,2226.70,2227.20,4561
1789013820000000000,2227.20,2228.00,2225.30,2227.90,5335
1789013880000000000,2227.90,2228.60,2223.00,2223.90,9278
1789013940000000000,2223.90,2224.90,2223.00,2224.00,6129
1789014000000000000,2224.00,2226.60,2224.00,2225.60,3493
1789014060000000000,2226.40,2226.50,2224.80,2225.80,3249
1789014120000000000,2226.20,2226.20,2224.00,2224.40,4090
1789014180000000000,2224.40,2225.30,2223.40,2223.90,4526
1789014240000000000,2223.80,2223.80,2223.00,2223.10,3217
1789014300000000000,2223.40,2223.70,2221.10,2221.20,6318
1789014360000000000,2222.00,2222.00,2220.50,2222.00,6065
1789014420000000000,2222.00,2222.00,2216.90,2217.90,20421
1789014480000000000,2217.90,2217.90,2215.60,2216.00,5366
1789014540000000000,2216.00,2216.70,2215.50,2215.60,7823
1789014600000000000,2216.00,2216.00,2213.60,2213.60,9163
1789014660000000000,2214.60,2214.70,2212.50,2212.70,3551
1789014720000000000,2213.00,2213.90,2211.60,2212.10,18527
1789014780000000000,2212.10,2214.00,2211.20,2213.00,10074
1789014840000000000,2213.00,2214.60,2212.20,2214.20,6694
1789014900000000000,2214.60,2214.60,2213.10,2213.10,4402
1789014960000000000,2213.70,2214.00,2212.10,2212.50,4024
1789015020000000000,2212.40,2214.00,2212.10,2213.10,3554
1789015080000000000,2213.10,2213.40,2212.10,2212.10,5501
1789015140000000000,2212.10,2214.50,2211.10,2213.30,3759
1789015200000000000,2213.50,2213.50,2211.10,2211.40,2242
1789015260000000000,2211.50,2211.60,2208.80,2210.50,9966
1789015320000000000,2210.50,2211.00,2208.10,2210.00,6031
1789015380000000000,2210.00,2211.30,2209.50,2210.00,3735
1789015440000000000,2210.70,2210.70,2207.70,2209.20,7465
1789015500000000000,2209.20,2209.90,2207.70,2209.30,2456
1789015560000000000,2209.70,2210.00,2209.00,2209.80,4180
1789015620000000000,2209.80,2211.40,2209.20,2209.20,5419
1789015680000000000,2209.20,2210.10,2208.60,2209.80,3275
1789015740000000000,2209.80,2210.00,2209.00,2209.20,3143
1789015800000000000,2209.20,2209.20,2207.10,2207.10,5049
1789015860000000000,2207.10,2208.40,2206.30,2208.00,2936
1789015920000000000,2208.20,2208.30,2207.20,2208.10,2724
1789015980000000000,2208.20,2208.90,2208.20,2208.60,1669
1789016040000000000,2208.80,2208.80,2205.50,2206.40,3691
1789016100000000000,2206.40,2207.60,2205.30,2207.60,3057
1789016160000000000,2207.60,2208.90,2207.60,2208.50,3017
1789016220000000000,2208.80,2208.80,2206.10,2206.30,6686
1789016280000000000,2206.30,2206.30,2205.00,2205.70,4183
1789016340000000000,2205.70,2206.70,2205.00,2205.00,8780
1789016400000000000,2205.10,2208.50,2204.00,2207.60,8817
1789016460000000000,2208.50,2209.90,2208.10,2209.10,4013
1789016520000000000,2209.10,2209.40,2208.50,2208.90,2319
1789016580000000000,2208.90,2209.20,2208.10,2209.00,2403
1789016640000000000,2209.00,2209.70,2207.50,2209.10,2611
1789016700000000000,2209.40,2209.50,2208.00,2208.30,2952
1789016760000000000,2208.30,2208.30,2206.90,2207.60,1978
1789016820000000000,2207.60,2209.60,2207.20,2209.30,2961
1789016880000000000,2209.30,2211.40,2209.10,2210.30,4868
1789016940000000000,2210.40,2210.40,2208.10,2208.80,5241
1789017000000000000,2208.80,2209.50,2208.00,2208.40,4253
1789017060000000000,2208.70,2209.30,2206.50,2208.50,6987
1789017120000000000,2208.50,2208.80,2206.80,2207.80,3306
1789017180000000000,2207.80,2208.00,2206.50,2206.50,5013
1789017240000000000,2206.50,2209.00,2206.00,2208.90,4866
1789017300000000000,2208.90,2208.90,2206.80,2208.70,3452
1789017360000000000,2208.70,2209.50,2208.10,2209.20,7404
1789017420000000000,2209.50,2210.50,2207.50,2208.80,3274
1789017480000000000,2209.10,2210.90,2208.60,2209.20,5443
1789017540000000000,2209.20,2209.30,2207.30,2207.60,1966
1789017600000000000,2207.60,2208.00,2207.00,2208.00,1902
1789017660000000000,2208.00,2208.00,2206.00,2206.30,4184
1789017720000000000,2207.00,2208.00,2206.40,2207.00,2860
1789017780000000000,2207.00,2207.30,2206.00,2206.90,4274
1789017840000000000,2206.90,2208.00,2206.50,2207.10,5814
1789017900000000000,2207.70,2207.90,2206.30,2206.30,3032
1789017960000000000,2206.70,2207.00,2205.30,2205.30,7746
1789018020000000000,2205.50,2207.30,2205.00,2206.90,7145
1789018080000000000,2207.00,2207.40,2206.90,2206.90,2374
1789018140000000000,2207.00,2208.10,2206.90,2208.10,3691
1789018200000000000,2208.20,2209.00,2206.50,2206.50,2731
1789018260000000000,2207.60,2209.90,2207.00,2209.10,4522
1789018320000000000,2209.10,2209.50,2207.00,2207.00,5254
1789018380000000000,2207.30,2208.90,2206.90,2208.40,2343
1789018440000000000,2208.40,2210.20,2203.40,2204.20,19220
1789018500000000000,2205.20,2206.20,2202.00,2202.00,12331
1789018560000000000,2202.80,2204.00,2196.10,2197.40,21811
1789018620000000000,2197.80,2200.10,2197.00,2197.90,16306
1789018680000000000,2197.90,2198.90,2197.40,2198.40,5588
1789018740000000000,2198.70,2201.00,2198.40,2200.50,8836
1789018800000000000,2200.50,2200.50,2199.80,2199.90,4481
1789018860000000000,2199.90,2202.00,2199.80,2200.50,5760
1789018920000000000,2200.30,2201.00,2200.00,2200.60,3565
1789018980000000000,2201.00,2202.00,2200.40,2200.80,5138
1789019040000000000,2200.80,2201.50,2200.00,2201.50,5166
1789019100000000000,2201.50,2202.00,2201.00,2201.50,2331
1789019160000000000,2201.50,2201.90,2200.40,2201.00,2977
1789019220000000000,2201.00,2201.60,2200.40,2201.60,2876
1789019280000000000,2201.60,2202.00,2201.00,2201.90,5988
1789019340000000000,2201.90,2203.30,2201.90,2203.20,5766
1789019400000000000,2203.20,2203.20,2201.60,2202.00,3255
1789019460000000000,2202.20,2202.20,2200.60,2201.00,3612
1789019520000000000,2201.00,2202.50,2200.80,2202.50,2526
1789019580000000000,2202.50,2204.60,2202.40,2204.00,6918
1789019640000000000,2204.60,2204.60,2203.40,2203.60,3891
1789019700000000000,2203.60,2204.20,2203.00,2203.50,1591
1789019760000000000,2203.50,2204.00,2202.60,2204.00,1775
1789019820000000000,2204.10,2204.20,2202.70,2202.90,3004
1789019880000000000,2202.90,2204.00,2201.80,2204.00,5211
1789019940000000000,2203.90,2204.00,2203.10,2203.70,4928
1789020000000000000,2203.50,2205.00,2203.30,2204.80,4776
1789020060000000000,2205.00,2206.00,2204.90,2205.90,3696
1789020120000000000,2206.00,2206.00,2202.40,2203.40,3157
1789020180000000000,2203.40,2203.40,2201.10,2201.70,1838
1789020240000000000,2201.80,2203.10,2201.80,2202.50,10185
1789020300000000000,2202.50,2203.80,2201.00,2203.80,9485
1789020360000000000,2203.60,2204.00,2202.00,2203.10,8089
1789020420000000000,2203.10,2203.20,2201.10,2202.50,1630
1789020480000000000,2202.50,2202.50,2201.40,2201.70,2548
1789020540000000000,2201.70,2201.70,2198.10,2198.90,11777
1789020600000000000,2199.00,2200.30,2198.10,2199.60,3125
1789020660000000000,2199.60,2200.70,2199.60,2200.00,2256
1789020720000000000,2200.00,2200.90,2199.00,2199.20,3141
1789020780000000000,2199.20,2200.00,2198.80,2200.00,2392
1789020840000000000,2200.00,2202.00,2199.70,2201.50,12112
1789020900000000000,2201.80,2202.40,2201.30,2201.70,4503
1789020960000000000,2201.70,2201.70,2201.20,2201.20,1264
1789021020000000000,2201.40,2202.90,2201.20,2202.00,15600
1789021080000000000,2202.90,2203.40,2202.30,2202.80,858
1789021140000000000,2202.80,2203.20,2202.60,2203.00,984
1789021200000000000,2203.20,2203.90,2202.10,2203.30,3417
1789021260000000000,2203.30,2203.50,2202.80,2203.00,1776
1789021320000000000,2203.00,2204.80,2203.00,2204.50,1331
1789021380000000000,2204.50,2204.50,2203.70,2204.30,1920
1789021440000000000,2204.20,2205.00,2204.00,2204.90,2157
1789021500000000000,2204.80,2204.90,2203.70,2203.90,1998
1789021560000000000,2203.90,2203.90,2203.00,2203.20,2423
1789021620000000000,2203.20,2203.70,2200.50,2201.20,3569
1789021680000000000,2201.20,2202.20,2201.20,2201.30,3615
1789021740000000000,2201.40,2202.40,2201.20,2201.60,2207
1789021800000000000,2201.60,2201.70,2201.40,2201.70,938
1789021860000000000,2201.70,2201.80,2201.50,2201.80,805
1789021920000000000,2201.80,2201.90,2200.90,2201.50,3417
1789021980000000000,2201.40,2201.50,2201.00,2201.00,1899
1789022040000000000,2201.30,2201.30,2200.00,2200.30,5325
1789022100000000000,2200.30,2200.60,2197.70,2198.20,5773
1789022160000000000,2198.30,2198.70,2197.50,2197.60,4015
1789022220000000000,2197.90,2200.10,2197.60,2199.00,5411
1789022280000000000,2199.00,2199.70,2197.30,2197.80,12618
1789022340000000000,2197.80,2197.80,2197.10,2197.40,3815
1789022400000000000,2197.60,2197.80,2197.40,2197.80,2313
1789022460000000000,2197.80,2199.00,2197.70,2198.50,24392
1789022520000000000,2198.50,2198.50,2197.40,2197.80,5772
1789022580000000000,2197.90,2198.00,2196.50,2198.00,4705
1789022640000000000,2198.00,2200.00,2196.40,2200.00,12216
1789022700000000000,2200.00,2200.20,2193.00,2194.80,22835
1789022760000000000,2194.80,2196.20,2194.70,2196.00,9128
1789022820000000000,2196.00,2198.10,2195.90,2197.40,2357
1789022880000000000,2197.80,2197.80,2195.60,2196.60,3852
1789022940000000000,2196.70,2196.90,2195.90,2196.70,1604
1789023000000000000,2196.70,2198.30,2196.70,2198.10,3225
1789023060000000000,2198.10,2198.20,2197.10,2197.80,1814
1789023120000000000,2197.80,2198.40,2197.40,2197.60,4555
1789023180000000000,2197.60,2198.10,2196.00,2196.20,6270
1789023240000000000,2196.60,2197.50,2191.00,2191.00,30946
1789023300000000000,2191.30,2192.40,2191.00,2192.00,3781
1789023360000000000,2192.00,2193.40,2191.50,2193.10,2970
1789023420000000000,2193.10,2193.40,2192.50,2192.90,3251
1789023480000000000,2192.90,2193.40,2191.40,2192.00,4720
1789023540000000000,2192.20,2193.60,2192.00,2193.30,1490
1789023600000000000,2193.20,2193.30,2192.50,2193.00,3813
1789023660000000000,2193.00,2193.00,2191.70,2192.20,3885
1789023720000000000,2192.40,2194.70,2192.40,2193.40,6309
1789023780000000000,2193.40,2195.60,2193.40,2193.60,6117
1789023840000000000,2193.90,2193.90,2191.60,2192.50,7757
1789023900000000000,2192.80,2193.30,2191.70,2192.50,2670
1789023960000000000,2192.50,2192.50,2190.60,2191.00,4296
1789024020000000000,2191.40,2192.20,2191.00,2191.60,4563
1789024080000000000,2191.60,2192.50,2191.00,2191.10,4661
1789024140000000000,2191.10,2192.00,2191.00,2191.30,1334
1789024200000000000,2191.30,2193.50,2191.20,2193.00,5797
1789024260000000000,2193.50,2194.40,2193.00,2194.00,6794
1789024320000000000,2194.10,2194.50,2194.00,2194.30,3512
1789024380000000000,2194.30,2195.50,2194.30,2194.50,3479
1789024440000000000,2195.00,2195.50,2194.10,2194.50,2399
1789024500000000000,2194.50,2195.40,2194.20,2195.10,3808
1789024560000000000,2195.10,2195.20,2194.50,2195.00,2880
1789024620000000000,2194.90,2195.00,2194.10,2194.80,1686
1789024680000000000,2194.70,2194.80,2194.20,2194.50,948
1789024740000000000,2194.50,2194.80,2194.20,2194.80,2022
1789024800000000000,2194.80,2194.80,2194.00,2194.50,2696
1789024860000000000,2194.50,2195.50,2194.00,2195.10,4264
1789024920000000000,2195.50,2195.70,2194.00,2194.80,8204
1789024980000000000,2194.80,2195.20,2194.00,2194.00,7799
1789025040000000000,2194.50,2195.40,2194.00,2195.00,7585
1789025100000000000,2195.00,2195.00,2194.00,2194.20,6035
1789025160000000000,2194.20,2194.50,2194.00,2194.50,6833
1789025220000000000,2194.30,2195.50,2193.70,2195.30,2889
1789025280000000000,2195.40,2195.50,2193.60,2193.70,1086
1789025340000000000,2194.40,2197.80,2193.80,2197.00,14195
1789025400000000000,2197.00,2197.40,2195.90,2195.90,1317
1789025460000000000,2195.90,2196.00,2193.90,2194.90,2528
1789025520000000000,2194.90,2195.10,2194.60,2194.90,1085
1789025580000000000,2195.10,2196.00,2194.90,2195.50,1550
1789025640000000000,2195.50,2195.80,2193.80,2194.70,1730
1789025700000000000,2194.70,2194.90,2193.70,2194.30,1066
1789025760000000000,2194.40,2194.40,2191.00,2192.20,4763
1789025820000000000,2193.00,2193.10,2192.30,2193.10,2852
1789025880000000000,2193.10,2193.50,2192.30,2193.30,797
1789025940000000000,2193.30,2194.30,2193.10,2194.10,2636
1789026000000000000,2194.20,2194.90,2193.00,2194.40,4123
1789026060000000000,2194.40,2195.00,2193.10,2194.70,4903
1789026120000000000,2194.70,2195.00,2193.60,2194.80,2638
1789026180000000000,2194.80,2194.80,2193.60,2194.20,1284
1789026240000000000,2194.20,2194.50,2194.00,2194.50,1086
1789026300000000000,2194.50,2196.50,2194.50,2196.50,6611
1789026360000000000,2196.10,2198.40,2195.60,2198.00,16539
1789026420000000000,2197.90,2198.30,2197.10,2198.10,2363
1789026480000000000,2198.20,2198.20,2198.00,2198.10,1358
1789026540000000000,2198.20,2198.20,2198.00,2198.00,3484
1789026600000000000,2198.10,2198.10,2197.80,2197.80,6737
1789026660000000000,2197.90,2199.70,2197.80,2199.10,6823
1789026720000000000,2199.60,2199.60,2198.00,2198.30,1954
1789026780000000000,2198.30,2198.90,2198.00,2198.10,1235
1789026840000000000,2198.70,2198.80,2198.10,2198.70,790
1789026900000000000,2198.70,2198.70,2198.00,2198.00,1409
1789026960000000000,2198.50,2198.50,2198.00,2198.00,1353
1789027020000000000,2198.10,2198.10,2196.00,2196.80,15132
1789027080000000000,2196.80,2196.80,2196.10,2196.80,1743
1789027140000000000,2196.80,2198.70,2196.50,2197.50,22980
1789027200000000000,2197.70,2198.30,2196.00,2196.70,22975
1789027260000000000,2197.10,2198.90,2197.00,2198.50,2132
1789027320000000000,2198.50,2198.90,2197.90,2198.50,2885
1789027380000000000,2198.40,2198.70,2197.10,2198.00,2591
1789027440000000000,2198.00,2199.70,2197.30,2199.00,2964
1789027500000000000,2199.00,2200.00,2198.40,2199.70,3405
1789027560000000000,2199.90,2199.90,2198.40,2199.40,2375
1789027620000000000,2199.30,2199.70,2199.00,2199.20,1799
1789027680000000000,2199.70,2200.60,2199.20,2200.00,39548
1789027740000000000,2200.00,2200.90,2199.10,2200.80,14855
1789027800000000000,2200.80,2203.00,2200.00,2202.80,5968
1789027860000000000,2203.00,2203.00,2201.10,2201.60,1934
1789027920000000000,2201.60,2202.80,2201.00,2202.00,3824
1789027980000000000,2202.00,2202.00,2199.00,2199.80,8598
1789028040000000000,2199.90,2200.00,2198.40,2199.00,1309
1789028100000000000,2199.00,2199.30,2197.60,2198.60,2154
1789028160000000000,2198.60,2198.60,2197.60,2198.00,1654
1789028220000000000,2198.00,2199.40,2197.50,2198.40,3002
1789028280000000000,2198.40,2198.40,2197.20,2197.90,1587
1789028340000000000,2197.90,2198.10,2197.90,2198.10,844
1789028400000000000,2198.10,2198.10,2198.00,2198.10,916
1789028460000000000,2198.10,2199.80,2198.00,2199.80,2105
1789028520000000000,2199.60,2199.80,2199.10,2199.10,2006
1789028580000000000,2199.70,2199.80,2199.10,2199.10,2073
1789028640000000000,2199.20,2199.30,2198.10,2198.50,863
1789028700000000000,2198.60,2198.60,2197.70,2198.00,2043
1789028760000000000,2198.00,2198.00,2197.10,2198.00,2848
1789028820000000000,2198.00,2198.50,2197.70,2198.50,1053
1789028880000000000,2198.50,2198.60,2198.40,2198.40,687
1789028940000000000,2198.50,2198.50,2196.90,2198.10,4634
1789029000000000000,2198.40,2198.60,2198.40,2198.60,1917
1789029060000000000,2198.60,2199.20,2198.50,2198.80,2954
1789029120000000000,2198.80,2199.00,2197.70,2198.50,805
1789029180000000000,2198.50,2198.50,2197.70,2198.00,2178
1789029240000000000,2198.00,2198.00,2197.10,2197.40,2778
1789029300000000000,2197.50,2198.50,2196.40,2198.10,1702
1789029360000000000,2198.50,2198.50,2198.10,2198.20,917
1789029420000000000,2198.20,2198.20,2198.10,2198.20,968
1789029480000000000,2198.20,2198.20,2198.10,2198.20,791
1789029540000000000,2198.20,2199.40,2198.10,2198.80,1967
1789029600000000000,2198.80,2198.90,2198.60,2198.90,778
1789029660000000000,2198.90,2198.90,2197.50,2198.00,2701
1789029720000000000,2198.20,2198.20,2198.00,2198.00,1542
1789029780000000000,2198.10,2198.10,2197.20,2197.70,4433
1789029840000000000,2197.80,2197.80,2197.70,2197.80,761
1789029900000000000,2197.80,2197.90,2197.70,2197.80,2119
1789029960000000000,2198.00,2198.40,2197.80,2198.40,1123
1789030020000000000,2198.40,2199.00,2197.60,2198.90,3808
1789030080000000000,2198.90,2199.00,2198.20,2198.90,1094
1789030140000000000,2199.00,2199.00,2198.40,2198.50,646
1789030200000000000,2198.90,2199.60,2198.50,2199.00,2075
1789030260000000000,2199.70,2200.00,2199.20,2199.50,3208
1789030320000000000,2199.50,2199.50,2197.60,2198.80,1243
1789030380000000000,2198.80,2198.90,2198.20,2198.70,2064
1789030440000000000,2198.80,2200.00,2198.70,2199.80,3241
1789030500000000000,2199.90,2200.30,2199.80,2200.00,10852
1789030560000000000,2200.00,2200.10,2199.20,2199.90,11285
1789030620000000000,2199.90,2199.90,2199.80,2199.80,908
1789030680000000000,2199.90,2199.90,2198.70,2199.50,3364
1789030740000000000,2199.50,2202.50,2199.10,2202.00,8766
1789030800000000000,2202.00,2202.40,2201.20,2202.30,4884
1789030860000000000,2202.40,2202.60,2200.60,2201.50,3949
1789030920000000000,2202.20,2203.00,2201.50,2202.90,5569
1789030980000000000,2202.90,2204.50,2202.40,2204.50,7245
1789031040000000000,2204.50,2205.70,2204.00,2205.00,6268
1789031100000000000,2205.20,2205.50,2201.70,2202.90,14886
1789031160000000000,2203.00,2203.00,2202.00,2202.30,1516
1789031220000000000,2202.30,2202.70,2202.00,2202.70,3429
1789031280000000000,2202.70,2203.00,2202.50,2202.80,7575
1789031340000000000,2202.80,2202.90,2201.00,2201.80,1308
1789031400000000000,2201.80,2201.80,2199.90,2200.40,2599
1789031460000000000,2200.40,2202.60,2200.00,2201.70,5140
1789031520000000000,2202.40,2203.00,2201.80,2202.00,3743
1789031580000000000,2202.70,2203.00,2202.10,2202.90,1386
1789031640000000000,2202.90,2202.90,2202.10,2202.80,1206
1789031700000000000,2202.90,2203.40,2201.10,2202.10,9314
1789031760000000000,2202.10,2202.10,2199.90,2200.00,21182
1789031820000000000,2200.00,2200.70,2199.80,2199.80,6774
1789031880000000000,2199.80,2199.90,2198.70,2199.40,3490
1789031940000000000,2199.30,2200.00,2199.10,2199.60,3423
1789032000000000000,2199.60,2202.60,2199.60,2200.00,25869
1789032060000000000,2200.00,2202.20,2199.90,2202.10,16499
1789032120000000000,2202.10,2202.20,2202.00,2202.10,4388
1789032180000000000,2202.10,2207.00,2201.60,2203.10,36701
1789032240000000000,2203.30,2203.50,2202.10,2202.60,5421
1789032300000000000,2202.60,2205.00,2202.60,2204.40,6923
1789032360000000000,2204.40,2204.90,2203.80,2204.80,5869
1789032420000000000,2204.80,2205.00,2203.50,2203.60,3970
1789032480000000000,2204.00,2204.10,2203.10,2204.10,5800
1789032540000000000,2203.90,2204.60,2203.10,2203.10,1476
1789032600000000000,2203.20,2203.20,2199.10,2199.20,15415
1789032660000000000,2199.20,2200.00,2197.80,2200.00,9810
1789032720000000000,2200.00,2200.40,2196.10,2196.80,15115
1789032780000000000,2197.40,2198.30,2196.20,2197.80,7397
1789032840000000000,2197.80,2199.00,2197.30,2197.90,5671
1789032900000000000,2197.90,2199.00,2197.50,2197.80,14719
1789032960000000000,2197.80,2198.50,2197.00,2198.50,7176
1789033020000000000,2198.40,2199.00,2197.20,2197.70,7751
1789033080000000000,2197.70,2197.90,2197.20,2197.70,7781
1789033140000000000,2197.90,2198.40,2196.80,2197.40,9704
1789033200000000000,2197.40,2197.50,2196.90,2197.20,12558
1789033260000000000,2197.10,2197.20,2196.10,2197.00,7567
1789033320000000000,2197.10,2197.60,2191.10,2194.60,28761
1789033380000000000,2194.20,2199.00,2192.70,2194.80,15453
1789033440000000000,2194.50,2200.00,2194.20,2199.40,8276
1789033500000000000,2199.40,2199.40,2199.40,2199.40,0
1789033560000000000,2199.40,2199.40,2199.40,2199.40,0
1789033620000000000,2199.40,2199.40,2199.40,2199.40,0
1789033680000000000,2199.40,2199.40,2199.40,2199.40,0
1789033740000000000,2199.40,2199.40,2199.40,2199.40,0
1789033800000000000,2199.40,2199.40,2199.40,2199.40,0
1789033860000000000,2199.40,2199.40,2199.40,2199.40,0
1789033920000000000,2199.40,2199.40,2199.40,2199.40,0
1789033980000000000,2199.40,2199.40,2199.40,2199.40,0
1789034040000000000,2199.40,2199.40,2199.40,2199.40,0
1789034100000000000,2199.40,2199.40,2199.40,2199.40,0
1789034160000000000,2199.40,2199.40,2199.40,2199.40,0
1789034220000000000,2199.40,2199.40,2199.40,2199.40,0
1789034280000000000,2199.40,2199.40,2199.40,2199.40,0
1789034340000000000,2204.10,2204.10,2204.10,2204.10,94626
1789098300000000000,2185.50,2222.00,2185.50,2222.00,65786
1789098360000000000,2222.00,2230.00,2217.10,2223.10,76457
1789098420000000000,2223.10,2226.30,2212.00,2217.40,52806
1789098480000000000,2218.70,2223.80,2217.50,2218.30,39044
1789098540000000000,2219.70,2224.00,2216.60,2223.10,17228
1789098600000000000,2223.10,2230.00,2220.30,2227.20,37004
1789098660000000000,2227.00,2232.60,2226.10,2228.80,40529
1789098720000000000,2228.40,2230.00,2222.00,2223.00,14832
1789098780000000000,2223.00,2223.10,2214.30,2215.70,26705
1789098840000000000,2215.60,2221.00,2213.30,2218.70,16593
1789098900000000000,2218.50,2220.40,2208.80,2208.80,38556
1789098960000000000,2210.00,2210.60,2205.00,2206.20,19518
1789099020000000000,2206.20,2209.00,2204.00,2208.30,12896
1789099080000000000,2208.60,2210.70,2208.30,2210.70,7989
1789099140000000000,2210.90,2213.00,2209.40,2212.40,8859
1789099200000000000,2212.60,2215.00,2209.10,2214.00,19994
1789099260000000000,2215.00,2216.40,2211.00,2211.00,21139
1789099320000000000,2212.00,2212.00,2208.40,2209.40,9442
1789099380000000000,2209.00,2213.80,2208.30,2213.00,5013
1789099440000000000,2213.50,2214.00,2211.00,2212.80,6443
1789099500000000000,2212.80,2215.70,2211.80,2214.40,7581
1789099560000000000,2214.60,2215.10,2213.60,2215.00,5229
1789099620000000000,2215.00,2215.90,2212.50,2213.70,17015
1789099680000000000,2214.00,2215.00,2212.60,2214.90,6229
1789099740000000000,2215.00,2215.30,2213.40,2214.40,5153
1789099800000000000,2214.50,2215.90,2213.60,2214.70,16163
1789099860000000000,2214.60,2215.20,2214.00,2215.00,4476
1789099920000000000,2215.00,2219.90,2214.50,2217.50,15108
1789099980000000000,2217.90,2218.60,2215.00,2217.00,8861
1789100040000000000,2217.00,2217.40,2215.20,2216.60,3162
1789100100000000000,2216.80,2219.60,2213.20,2215.70,31600
1789100160000000000,2216.40,2216.80,2213.70,2214.40,11073
1789100220000000000,2214.90,2214.90,2210.00,2211.20,8041
1789100280000000000,2211.20,2212.50,2210.00,2212.40,5559
1789100340000000000,2212.50,2214.10,2212.00,2212.70,3718
1789100400000000000,2213.60,2213.60,2211.80,2212.00,2458
1789100460000000000,2212.10,2212.20,2211.00,2211.30,1371
1789100520000000000,2212.00,2212.00,2210.00,2210.50,3351
1789100580000000000,2211.10,2211.90,2209.00,2209.00,3774
1789100640000000000,2209.50,2210.80,2209.00,2210.40,2555
1789100700000000000,2210.60,2210.80,2210.00,2210.60,1965
1789100760000000000,2210.60,2210.90,2208.70,2209.60,4246
1789100820000000000,2209.60,2209.60,2205.60,2208.40,12170
1789100880000000000,2208.50,2212.00,2207.90,2212.00,5307
1789100940000000000,2212.00,2212.00,2210.50,2210.60,2433
1789101000000000000,2210.60,2210.90,2209.10,2210.50,1523
1789101060000000000,2210.50,2212.80,2208.40,2210.60,6309
1789101120000000000,2211.40,2211.40,2209.70,2210.80,2641
1789101180000000000,2211.00,2211.50,2210.00,2210.80,3732
1789101240000000000,2210.80,2210.80,2207.80,2209.30,2692
1789101300000000000,2209.40,2209.70,2207.70,2209.50,4013
1789101360000000000,2209.40,2209.90,2208.00,2208.00,1793
1789101420000000000,2208.80,2209.40,2207.70,2207.80,2638
1789101480000000000,2208.40,2208.40,2207.00,2208.00,10983
1789101540000000000,2208.00,2209.00,2207.60,2208.40,2408
1789101600000000000,2208.40,2210.00,2207.60,2209.90,4348
1789101660000000000,2209.90,2211.00,2207.60,2211.00,5158
1789101720000000000,2210.90,2212.70,2209.90,2211.30,12433
1789101780000000000,2211.30,2211.80,2210.40,2211.80,2430
1789101840000000000,2211.80,2213.00,2211.80,2212.30,2641
1789101900000000000,2212.30,2212.30,2210.00,2210.40,4024
1789101960000000000,2210.40,2210.60,2209.00,2209.40,1532
1789102020000000000,2209.40,2209.90,2208.00,2209.60,2645
1789102080000000000,2209.90,2210.00,2209.00,2209.90,2232
1789102140000000000,2209.90,2210.90,2209.00,2210.40,2664
1789102200000000000,2210.70,2212.10,2210.70,2212.10,1010
1789102260000000000,2211.80,2212.10,2210.60,2211.00,9432
1789102320000000000,2211.30,2211.30,2210.60,2211.30,1508
1789102380000000000,2211.30,2211.80,2208.60,2209.80,3143
1789102440000000000,2209.90,2210.30,2207.50,2210.00,2514
1789102500000000000,2210.30,2211.10,2210.10,2211.10,891
1789102560000000000,2211.10,2212.00,2211.00,2211.80,1948
1789102620000000000,2212.00,2212.00,2209.60,2210.40,11353
1789102680000000000,2210.10,2210.30,2202.50,2202.60,13774
1789102740000000000,2203.00,2203.70,2202.00,2203.30,6226
1789102800000000000,2203.60,2206.00,2203.10,2205.60,3735
1789102860000000000,2206.00,2206.80,2204.70,2205.50,2726
1789102920000000000,2205.50,2205.50,2204.00,2204.40,5498
1789102980000000000,2204.40,2204.40,2203.00,2203.40,2714
1789103040000000000,2204.20,2204.20,2203.40,2204.00,2705
1789103100000000000,2204.00,2204.00,2203.10,2204.00,2280
1789103160000000000,2204.00,2204.00,2202.00,2202.10,6184
1789103220000000000,2202.50,2203.50,2202.00,2202.20,14328
1789103280000000000,2202.70,2203.00,2202.00,2202.50,1616
1789103340000000000,2202.40,2202.40,2200.20,2201.10,9195
1789103400000000000,2201.50,2201.50,2200.70,2201.40,2292
1789103460000000000,2201.40,2201.50,2200.10,2200.80,2789
1789103520000000000,2200.90,2203.90,2200.00,2203.40,12984
1789103580000000000,2203.60,2207.00,2203.20,2207.00,7161
1789103640000000000,2207.00,2210.00,2205.80,2210.00,6384
1789103700000000000,2210.00,2211.80,2206.90,2208.10,6321
1789103760000000000,2208.10,2209.00,2206.90,2208.10,3924
1789103820000000000,2208.30,2208.60,2206.80,2207.10,2935
1789103880000000000,2207.50,2207.50,2204.20,2205.30,4551
1789103940000000000,2205.30,2205.40,2204.00,2205.00,5841
1789104000000000000,2205.30,2205.30,2204.40,2204.70,2657
1789104060000000000,2204.70,2205.10,2204.00,2204.00,2263
1789104120000000000,2204.80,2205.50,2203.80,2205.50,1844
1789104180000000000,2205.50,2206.60,2205.00,2206.60,4601
1789104240000000000,2206.60,2208.10,2205.50,2207.60,4334
1789104300000000000,2207.10,2207.40,2206.60,2206.60,2057
1789104360000000000,2207.20,2208.30,2206.20,2207.80,2271
1789104420000000000,2208.00,2208.00,2206.40,2207.00,4031
1789104480000000000,2207.40,2208.00,2206.70,2208.00,2124
1789104540000000000,2208.00,2209.70,2207.10,2207.80,4776
1789104600000000000,2207.90,2208.10,2206.50,2208.10,5690
1789104660000000000,2208.10,2209.00,2208.10,2209.00,8761
1789104720000000000,2209.00,2209.00,2207.90,2207.90,2279
1789104780000000000,2208.50,2209.00,2207.60,2207.90,2801
1789104840000000000,2208.30,2209.70,2207.30,2209.70,5666
1789104900000000000,2209.70,2210.70,2208.80,2210.10,5606
1789104960000000000,2210.60,2210.70,2207.80,2208.80,3300
1789105020000000000,2208.80,2208.80,2206.80,2208.00,2655
1789105080000000000,2208.00,2208.30,2206.80,2206.90,1263
1789105140000000000,2207.10,2207.10,2205.80,2206.60,2248
1789105200000000000,2206.60,2207.10,2205.10,2207.00,2638
1789105260000000000,2207.10,2207.90,2206.20,2207.90,1515
1789105320000000000,2207.90,2208.30,2207.10,2208.30,2816
1789105380000000000,2208.30,2208.50,2206.40,2207.50,3076
1789105440000000000,2207.90,2208.80,2207.50,2208.60,1680
1789105500000000000,2208.80,2210.00,2208.30,2208.90,4730
1789105560000000000,2208.90,2209.10,2207.20,2208.70,2815
1789105620000000000,2208.60,2210.00,2208.10,2210.00,6395
1789105680000000000,2210.00,2210.00,2208.10,2208.60,2065
1789105740000000000,2209.10,2211.00,2208.00,2211.00,5575
1789105800000000000,2211.00,2211.40,2208.40,2208.90,6793
1789105860000000000,2209.70,2209.80,2208.00,2208.00,2289
1789105920000000000,2208.30,2209.70,2207.80,2209.70,1812
1789105980000000000,2209.70,2210.10,2208.70,2209.70,3322
1789106040000000000,2209.70,2210.90,2209.70,2210.70,2601
1789106100000000000,2210.60,2210.60,2209.80,2210.10,1914
1789106160000000000,2210.10,2210.60,2209.10,2210.50,2368
1789106220000000000,2210.50,2215.40,2209.90,2213.00,41042
1789106280000000000,2213.40,2213.50,2210.10,2210.70,9841
1789106340000000000,2210.70,2211.20,2209.60,2211.20,2778
1789106400000000000,2211.20,2211.50,2210.30,2211.20,2309
1789106460000000000,2211.20,2211.50,2210.00,2210.80,2493
1789106520000000000,2210.80,2217.80,2210.50,2217.80,32552
1789106580000000000,2217.80,2218.80,2215.60,2216.80,6733
1789106640000000000,2216.70,2217.00,2215.00,2216.00,5067
1789106700000000000,2216.00,2217.00,2212.40,2213.00,6296
1789106760000000000,2213.40,2214.30,2213.00,2214.30,2007
1789106820000000000,2214.40,2214.90,2213.00,2214.30,3779
1789106880000000000,2214.40,2214.80,2213.40,2214.50,2019
1789106940000000000,2214.50,2216.00,2213.30,2215.50,3136
1789107000000000000,2215.50,2221.00,2215.00,2220.50,11770
1789107060000000000,2220.50,2220.50,2217.10,2218.70,3966
1789107120000000000,2218.70,2219.20,2217.20,2217.60,2594
1789107180000000000,2217.80,2217.80,2215.00,2215.80,2513
1789107240000000000,2216.10,2217.10,2215.20,2215.90,1916
1789107300000000000,2215.90,2216.60,2213.30,2214.20,2587
1789107360000000000,2214.20,2214.90,2213.50,2214.00,2737
1789107420000000000,2214.50,2214.90,2213.60,2214.80,1874
1789107480000000000,2214.90,2214.90,2213.40,2214.00,2069
1789107540000000000,2214.50,2214.90,2213.40,2214.00,5098
1789107600000000000,2214.00,2214.80,2212.80,2214.80,4104
1789107660000000000,2214.80,2215.20,2214.10,2214.20,2226
1789107720000000000,2214.40,2214.40,2213.00,2213.30,2728
1789107780000000000,2213.80,2213.80,2212.90,2213.00,2096
1789107840000000000,2213.30,2214.10,2213.00,2214.00,2303
1789107900000000000,2214.10,2215.00,2213.10,2215.00,2653
1789107960000000000,2215.40,2216.40,2214.10,2215.00,13565
1789108020000000000,2215.00,2217.00,2215.00,2215.00,10079
1789108080000000000,2215.10,2217.70,2215.00,2216.60,40228
1789108140000000000,2216.60,2217.80,2216.30,2217.30,3068
1789108200000000000,2217.90,2218.00,2215.20,2215.30,3535
1789108260000000000,2215.70,2215.80,2210.90,2211.50,12151
1789108320000000000,2211.90,2212.00,2210.00,2210.40,3586
1789108380000000000,2210.40,2210.40,2208.00,2209.50,4419
1789108440000000000,2209.50,2211.00,2209.50,2210.90,4178
1789108500000000000,2210.90,2211.80,2210.40,2210.70,2977
1789108560000000000,2211.30,2211.50,2209.00,2209.30,2989
1789108620000000000,2209.50,2210.30,2208.50,2210.00,1887
1789108680000000000,2210.20,2210.20,2208.00,2208.00,3470
1789108740000000000,2209.00,2210.20,2209.00,2209.70,1554
1789108800000000000,2209.90,2210.10,2208.80,2209.90,2078
1789108860000000000,2210.00,2212.00,2209.70,2210.00,3507
1789108920000000000,2210.60,2210.70,2208.60,2209.40,3751
1789108980000000000,2209.50,2210.20,2208.50,2208.50,3110
1789109040000000000,2209.20,2210.10,2208.50,2209.70,2615
1789109100000000000,2210.00,2211.40,2209.60,2209.80,2350
1789109160000000000,2210.00,2210.60,2209.40,2210.40,1965
1789109220000000000,2210.40,2210.50,2208.40,2209.70,6628
1789109280000000000,2209.90,2210.60,2209.00,2210.40,2865
1789109340000000000,2210.40,2211.00,2209.60,2210.10,2963
1789109400000000000,2210.50,2210.70,2209.00,2210.00,2099
1789109460000000000,2210.10,2210.20,2208.90,2209.30,2118
1789109520000000000,2209.90,2210.80,2209.10,2210.80,1433
1789109580000000000,2210.80,2211.80,2210.10,2211.40,3276
1789109640000000000,2211.40,2211.40,2210.00,2211.10,2746
1789109700000000000,2211.10,2211.10,2209.30,2210.90,1387
1789109760000000000,2211.00,2212.00,2210.40,2211.70,2404
1789109820000000000,2212.00,2212.20,2210.40,2210.90,2382
1789109880000000000,2211.50,2211.60,2210.30,2210.90,1199
1789109940000000000,2210.90,2211.00,2209.50,2210.30,2313
1789110000000000000,2210.70,2210.90,2209.90,2210.30,2430
1789110060000000000,2210.80,2211.80,2210.50,2211.20,2840
1789110120000000000,2211.80,2211.80,2210.70,2211.20,2331
1789110180000000000,2211.70,2211.80,2209.60,2210.60,2947
1789110240000000000,2210.90,2211.30,2209.90,2210.70,2635
1789110300000000000,2211.10,2211.80,2210.40,2211.50,1923
1789110360000000000,2211.60,2211.60,2209.50,2210.30,2985
1789110420000000000,2210.50,2211.80,2210.20,2211.80,3654
1789110480000000000,2211.80,2212.10,2210.00,2210.90,4935
1789110540000000000,2211.50,2211.60,2210.10,2211.20,2197
1789110600000000000,2211.20,2211.20,2210.10,2211.20,1296
1789110660000000000,2211.20,2211.80,2210.80,2211.80,1499
1789110720000000000,2211.80,2211.80,2210.00,2210.70,2702
1789110780000000000,2211.10,2211.40,2210.00,2210.00,1677
1789110840000000000,2210.40,2215.00,2208.60,2213.60,51071
1789110900000000000,2213.60,2213.70,2210.60,2210.80,3370
1789110960000000000,2211.70,2212.20,2210.00,2212.00,3040
1789111020000000000,2211.90,2212.20,2211.40,2212.10,2364
1789111080000000000,2212.20,2212.30,2209.30,2209.90,4962
1789111140000000000,2210.60,2211.00,2209.80,2211.00,1254
1789111200000000000,2211.00,2211.00,2210.30,2210.30,1571
1789111260000000000,2211.00,2211.00,2209.60,2210.50,1852
1789111320000000000,2210.50,2212.00,2210.50,2211.60,1823
1789111380000000000,2211.70,2212.50,2210.70,2212.50,2380
1789111440000000000,2212.50,2213.10,2211.50,2213.10,3891
1789111500000000000,2213.20,2214.60,2213.20,2213.80,4386
1789111560000000000,2214.50,2215.00,2213.50,2214.40,5790
1789111620000000000,2214.30,2214.50,2212.50,2212.50,5751
1789111680000000000,2213.00,2213.60,2211.80,2212.60,3781
1789111740000000000,2213.00,2213.90,2212.00,2213.30,1881
1789111800000000000,2213.90,2213.90,2212.30,2213.50,2372
1789111860000000000,2213.60,2213.70,2210.90,2211.70,3019
1789111920000000000,2212.40,2212.40,2211.30,2212.00,1353
1789111980000000000,2212.10,2212.30,2210.80,2211.50,1401
1789112040000000000,2211.50,2211.50,2210.10,2210.60,2314
1789112100000000000,2211.00,2211.20,2209.90,2210.50,1561
1789112160000000000,2210.50,2210.80,2210.10,2210.80,1192
1789112220000000000,2210.80,2211.00,2209.50,2209.70,3002
1789112280000000000,2210.50,2210.70,2209.40,2209.40,1944
1789112340000000000,2210.10,2210.10,2208.20,2209.00,3330
1789112400000000000,2209.00,2209.60,2207.80,2208.90,6033
1789112460000000000,2208.90,2211.50,2207.70,2211.50,6481
1789112520000000000,2211.50,2212.20,2211.50,2212.10,2754
1789112580000000000,2212.20,2213.00,2212.00,2212.00,3435
1789112640000000000,2212.20,2212.30,2210.10,2210.70,29008
1789112700000000000,2211.00,2211.40,2210.70,2211.00,1894
1789112760000000000,2211.20,2211.20,2210.70,2211.00,3100
1789112820000000000,2211.00,2211.20,2210.70,2211.00,1664
1789112880000000000,2211.10,2211.20,2209.00,2209.00,6867
1789112940000000000,2209.80,2210.30,2209.00,2209.00,4173
1789113000000000000,2209.80,2210.20,2209.10,2209.40,2464
1789113060000000000,2209.80,2209.90,2208.10,2209.50,4305
1789113120000000000,2209.70,2209.80,2208.10,2208.60,2370
1789113180000000000,2209.30,2209.80,2208.50,2209.20,1883
1789113240000000000,2209.80,2209.80,2208.70,2209.00,1223
1789113300000000000,2209.10,2209.20,2207.30,2208.00,3234
1789113360000000000,2208.00,2208.60,2207.60,2207.70,2196
1789113420000000000,2208.40,2208.40,2207.10,2207.50,2257
1789113480000000000,2208.00,2208.10,2205.80,2206.30,6222
1789113540000000000,2206.90,2207.20,2205.60,2206.50,1959
1789113600000000000,2206.50,2208.00,2206.10,2207.60,2802
1789113660000000000,2207.60,2208.00,2205.90,2206.80,5339
1789113720000000000,2207.40,2208.00,2206.00,2207.80,4680
1789113780000000000,2207.80,2208.00,2206.20,2206.50,1932
1789113840000000000,2206.70,2207.40,2206.00,2206.60,2955
1789113900000000000,2206.40,2207.00,2205.70,2207.00,2263
1789113960000000000,2207.00,2207.00,2206.00,2207.00,1227
1789114020000000000,2207.00,2207.20,2206.20,2207.20,1497
1789114080000000000,2207.20,2207.20,2206.00,2206.20,2663
1789114140000000000,2206.20,2210.00,2206.00,2209.50,25597
1789114200000000000,2210.00,2210.30,2209.30,2210.30,6562
1789114260000000000,2210.30,2210.80,2207.40,2207.60,20941
1789114320000000000,2208.70,2209.50,2208.00,2209.40,1979
1789114380000000000,2209.20,2209.60,2208.30,2209.40,1543
1789114440000000000,2209.40,2209.40,2207.50,2208.00,2597
1789114500000000000,2208.20,2208.80,2207.40,2207.80,1387
1789114560000000000,2208.20,2208.50,2207.40,2208.10,1476
1789114620000000000,2208.10,2208.50,2207.40,2208.40,2975
1789114680000000000,2208.50,2209.00,2207.50,2208.50,2162
1789114740000000000,2208.50,2209.00,2207.80,2208.80,2081
1789114800000000000,2208.80,2209.10,2206.00,2206.00,3519
1789114860000000000,2206.70,2208.30,2205.20,2207.00,9027
1789114920000000000,2207.40,2207.40,2204.40,2205.60,8025
1789114980000000000,2205.60,2206.00,2204.40,2205.90,5286
1789115040000000000,2206.00,2208.70,2204.70,2206.50,10304
1789115100000000000,2206.50,2209.50,2205.50,2208.30,10102
1789115160000000000,2208.20,2209.50,2207.40,2209.50,10682
1789115220000000000,2209.90,2209.90,2207.40,2208.00,4514
1789115280000000000,2208.50,2209.00,2207.30,2207.90,4872
1789115340000000000,2208.20,2208.60,2206.50,2207.00,4851
1789115400000000000,2207.30,2210.20,2207.30,2209.90,6572
1789115460000000000,2210.00,2210.10,2208.50,2208.80,6004
1789115520000000000,2209.60,2211.80,2209.00,2210.90,7910
1789115580000000000,2210.90,2213.50,2210.10,2212.20,10087
1789115640000000000,2212.70,2213.40,2211.50,2211.80,5593
1789115700000000000,2211.80,2212.40,2210.70,2211.40,4243
1789115760000000000,2211.40,2211.70,2210.00,2211.30,5462
1789115820000000000,2211.70,2211.70,2210.20,2211.10,5404
1789115880000000000,2211.50,2214.00,2210.80,2212.60,18118
1789115940000000000,2212.60,2213.80,2209.10,2210.40,8457
1789116000000000000,2210.70,2210.90,2209.60,2210.20,6110
1789116060000000000,2210.80,2211.10,2210.00,2210.60,4821
1789116120000000000,2211.00,2211.30,2209.10,2211.00,6725
1789116180000000000,2211.20,2211.30,2210.20,2210.80,5016
1789116240000000000,2210.70,2211.20,2209.70,2211.20,5288
1789116300000000000,2211.20,2211.20,2209.70,2210.00,6058
1789116360000000000,2210.70,2211.40,2209.30,2211.00,5091
1789116420000000000,2211.00,2215.10,2210.40,2212.00,24803
1789116480000000000,2212.30,2212.90,2211.00,2211.90,5301
1789116540000000000,2211.90,2211.90,2210.70,2210.80,3041
1789116600000000000,2210.80,2211.60,2209.90,2210.40,5461
1789116660000000000,2210.50,2211.50,2210.00,2210.40,7360
1789116720000000000,2210.40,2211.30,2209.50,2210.30,5452
1789116780000000000,2210.50,2211.40,2209.70,2210.10,6252
1789116840000000000,2211.00,2211.20,2209.20,2210.00,6900
1789116900000000000,2210.40,2210.60,2209.10,2209.10,6078
1789116960000000000,2209.20,2209.70,2208.20,2209.00,6007
1789117020000000000,2209.30,2209.80,2208.20,2209.00,7350
1789117080000000000,2209.00,2210.10,2208.40,2210.10,6310
1789117140000000000,2210.20,2210.70,2210.00,2210.70,10901
1789117200000000000,2210.80,2212.40,2210.20,2212.00,6897
1789117260000000000,2211.90,2212.10,2210.30,2211.10,6105
1789117320000000000,2211.40,2212.20,2210.70,2211.40,6174
1789117380000000000,2211.40,2213.00,2210.00,2210.20,11939
1789117440000000000,2210.60,2211.00,2209.30,2210.60,6466
1789117500000000000,2210.60,2210.80,2209.10,2210.40,6600
1789117560000000000,2210.40,2210.60,2209.10,2210.30,6074
1789117620000000000,2210.30,2210.80,2209.50,2210.20,5462
1789117680000000000,2210.80,2210.90,2209.50,2209.90,6903
1789117740000000000,2210.00,2211.00,2209.60,2210.50,5434
1789117800000000000,2211.00,2211.10,2209.80,2210.10,6468
1789117860000000000,2210.60,2211.00,2209.80,2210.90,5740
1789117920000000000,2210.90,2211.90,2210.00,2211.30,6429
1789117980000000000,2211.30,2211.80,2210.10,2211.00,6425
1789118040000000000,2211.00,2211.10,2210.20,2210.40,5050
1789118100000000000,2210.60,2210.90,2209.10,2209.50,7575
1789118160000000000,2209.50,2209.60,2207.30,2208.60,6914
1789118220000000000,2208.90,2209.70,2207.80,2208.00,7513
1789118280000000000,2208.70,2209.40,2207.70,2208.20,6917
1789118340000000000,2208.30,2209.00,2207.40,2208.70,7832
1789118400000000000,2209.00,2209.80,2207.70,2208.70,10449
1789118460000000000,2209.00,2209.30,2207.70,2209.10,7486
1789118520000000000,2209.10,2209.40,2208.00,2208.70,7570
1789118580000000000,2209.30,2212.00,2208.80,2210.30,17447
1789118640000000000,2210.30,2210.90,2209.30,2209.40,5745
1789118700000000000,2209.40,2210.40,2206.60,2208.70,17766
1789118760000000000,2208.70,2208.70,2206.50,2207.90,7595
1789118820000000000,2207.90,2208.80,2207.10,2208.40,7969
1789118880000000000,2208.10,2208.90,2206.50,2206.90,7463
1789118940000000000,2207.20,2208.00,2206.10,2206.60,11215
1789119000000000000,2207.00,2207.00,2203.60,2204.30,18386
1789119060000000000,2204.30,2205.20,2202.80,2203.60,14168
1789119120000000000,2203.80,2205.90,2203.40,2205.40,9299
1789119180000000000,2205.40,2205.40,2203.50,2204.30,10725
1789119240000000000,2204.20,2204.30,2202.70,2203.80,8417
1789119300000000000,2203.80,2204.60,2202.90,2203.50,18146
1789119360000000000,2204.20,2204.20,2202.30,2203.00,13571
1789119420000000000,2203.40,2204.20,2202.80,2203.90,12294
1789119480000000000,2203.90,2204.70,2202.90,2203.80,15404
1789119540000000000,2203.90,2204.40,2202.70,2203.10,20719
1789119600000000000,2203.40,2204.30,2202.70,2204.00,21197
1789119660000000000,2204.50,2204.80,2203.30,2203.70,10281
1789119720000000000,2204.80,2209.70,2203.00,2206.80,31741
1789119780000000000,2206.80,2208.90,2203.30,2207.80,18949
1789119840000000000,2208.20,2209.10,2205.70,2207.90,9248
1789119900000000000,2207.90,2207.90,2207.90,2207.90,0
1789119960000000000,2207.90,2207.90,2207.90,2207.90,0
1789120020000000000,2207.90,2207.90,2207.90,2207.90,0
1789120080000000000,2207.90,2207.90,2207.90,2207.90,0
1789120140000000000,2207.90,2207.90,2207.90,2207.90,0
1789120200000000000,2207.90,2207.90,2207.90,2207.90,0
1789120260000000000,2207.90,2207.90,2207.90,2207.90,0
1789120320000000000,2207.90,2207.90,2207.90,2207.90,0
1789120380000000000,2207.90,2207.90,2207.90,2207.90,0
1789120440000000000,2207.90,2207.90,2207.90,2207.90,0
1789120500000000000,2207.90,2207.90,2207.90,2207.90,0
1789120560000000000,2207.90,2207.90,2207.90,2207.90,0
1789120620000000000,2207.90,2207.90,2207.90,2207.90,0
1789120680000000000,2207.90,2207.90,2207.90,2207.90,0
1789120740000000000,2200.80,2200.80,2200.80,2200.80,108685
